Date,Close,Open,High,Low,Volume,pct_change,epoch_signal,weight
2023-10-27,2.014695882797241,1.881350040435791,2.185184955596924,1.8610520362854004,13815.0,0.451543491653473,1.0,0.47104945717732205
2023-10-28,1.942628026008606,2.0147149562835693,2.0715389251708984,1.8231730461120603,12586.0,0.7441503041751447,1.0,0.47104945717732205
2023-10-29,2.036318063735962,1.9426740407943728,2.051258087158203,1.793807029724121,17315.0,0.8503214827934819,1.0,0.47104945717732205
2023-10-30,1.9922380447387693,2.036423921585083,2.19525408744812,1.989583969116211,10820.0,1.1034052667113952,1.0,0.47104945717732205
2023-10-31,1.9634699821472168,1.992108941078186,2.145549058914185,1.9045170545578003,9394.0,1.2866988257820384,1.0,0.47104945717732205
2023-11-01,2.0908188819885254,1.9634770154953003,2.1600658893585205,1.9610990285873413,8165.0,1.3250223623321724,1.0,0.47104945717732205
2023-11-02,2.021451950073242,2.090873956680298,2.323076009750366,1.997967004776001,15580.0,1.60436532966893,1.0,0.47104945717732205
2023-11-03,2.367125988006592,2.0211520195007324,2.5008199214935303,2.0188989639282227,18641.0,1.4058978543642608,1.0,0.47104945717732205
2023-11-04,2.3651340007781982,2.3676440715789795,2.435931921005249,2.204050064086914,18640.0,1.600784220916637,1.0,0.47104945717732205
2023-11-05,2.359700918197632,2.365220069885254,2.8581600189208984,2.276089906692505,30172.0,1.837960423590721,1.0,0.47104945717732205
2023-11-06,2.430387020111084,2.3592538833618164,2.5928280353546143,2.272188901901245,22802.0,2.073492988176518,1.0,0.47104945717732205
2023-11-07,3.1335790157318115,2.4303410053253174,3.320219039916992,2.42802095413208,78902.0,1.636386471765847,1.0,0.47104945717732205
2023-11-08,4.331797122955322,3.133526086807251,4.380402088165283,3.0678510665893555,93930.0,1.1547603413869862,1.0,0.47104945717732205
2023-11-09,5.356517791748047,4.328807830810547,5.946413993835449,3.820051908493042,368297.0,0.9106026927987305,1.0,0.47104945717732205
2023-11-10,6.550694942474365,5.353600025177002,7.334375858306885,5.062948226928711,304754.0,0.6741672854926551,1.0,0.47104945717732205
2023-11-11,8.436059951782227,6.550099849700928,9.70998477935791,5.379134178161621,1127392.0,0.3770769707183109,1.0,0.47104945717732205
2023-11-12,7.350827217102051,8.437217712402344,8.765331268310547,6.250659942626953,506400.0,0.6881744135011594,1.0,0.47104945717732205
2023-11-13,7.909211158752441,7.352324962615967,8.188438415527344,6.610973834991455,249820.0,0.646387067299897,1.0,0.47104945717732205
2023-11-14,6.154797077178955,7.905178070068359,8.203639030456543,6.154797077178955,267191.0,1.247502438081204,1.0,0.47104945717732205
2023-11-15,7.289525032043457,6.156342029571533,7.289525032043457,5.475451946258545,217488.0,0.9864716417968469,1.0,0.47104945717732205
2023-11-16,7.669034004211426,7.287049770355225,8.025431632995605,6.21314001083374,273429.0,0.9679493979094864,1.0,0.47104945717732205
2023-11-17,8.393621444702148,7.75209903717041,10.252100944519045,6.961339950561523,1098268.0,0.858638195926112,1.0,0.47104945717732205
2023-11-18,8.751091957092285,8.40121841430664,9.288299560546877,7.900675773620605,273842.0,0.8497222273900163,1.0,0.47104945717732205
2023-11-19,9.997185707092283,8.750399589538574,10.26210594177246,8.299976348876953,510784.0,0.6591130569787438,1.0,0.47104945717732205
2023-11-20,13.252942085266112,9.995152473449709,15.242572784423828,9.828335762023926,1384861.0,0.25723805331658045,1.0,0.47104945717732205
2023-11-21,14.215249061584473,13.141969680786133,17.31431770324707,12.06065845489502,1515089.0,0.17631611051303114,0.0,0.05790108564535584
2023-11-22,19.349027633666992,14.242526054382324,20.12136459350586,13.736748695373535,1331822.0,-0.15764574160871234,0.0,0.05790108564535584
2023-11-23,17.95921516418457,19.348234176635746,21.934005737304688,17.92675018310547,1193653.0,-0.11133904441207772,0.0,0.05790108564535584
2023-11-24,16.809640884399414,17.96156120300293,19.380489349365234,15.836042404174805,576839.0,-0.06224024139020044,0.0,0.05790108564535584
2023-11-25,17.5380859375,16.79931640625,17.918163299560547,15.20279026031494,808254.0,-0.11003770819371307,0.0,0.05790108564535584
2023-11-26,18.44407081604004,17.53885269165039,20.269672393798828,16.662450790405273,1132557.0,-0.16647315590839926,0.0,0.05790108564535584
2023-11-27,16.47923469543457,18.44710350036621,20.62004470825196,16.041269302368164,908059.0,-0.07573015980491096,0.0,0.05790108564535584
2023-11-28,17.512975692749023,16.62421226501465,19.57986259460449,16.222871780395508,882143.0,-0.1399326910730231,0.0,0.05790108564535584
2023-11-29,16.354711532592773,17.506315231323242,18.64127922058105,16.342626571655273,422982.0,-0.08269441816660285,0.0,0.05790108564535584
2023-11-30,16.234739303588867,16.35622787475586,18.48275184631348,14.624916076660156,778706.0,-0.07902668204475286,0.0,0.05790108564535584
2023-12-01,15.51170539855957,16.23381233215332,16.599689483642578,14.163942337036133,759334.0,-0.04229550036592577,0.0,0.05790108564535584
2023-12-02,16.960466384887695,15.511207580566406,17.58289909362793,15.511207580566406,462600.0,-0.13818977767323776,0.0,0.05790108564535584
2023-12-03,15.588394165039062,16.961681365966797,17.060283660888672,14.489404678344728,525589.0,-0.07307329815092752,0.0,0.05790108564535584
2023-12-04,14.31192684173584,15.600584983825684,16.7382869720459,13.24927806854248,506661.0,0.0027875535193950174,0.0,0.05790108564535584
2023-12-05,15.048576354980469,14.313648223876951,16.207704544067383,14.279644012451172,381447.0,-0.05783465193958855,0.0,0.05790108564535584
2023-12-06,13.428558349609377,15.044608116149902,15.130638122558594,12.169702529907228,532004.0,0.04945558434076598,0.0,0.05790108564535584
2023-12-07,13.21205997467041,13.427072525024414,13.84049129486084,10.979585647583008,553116.0,0.06162821610081071,0.0,0.05790108564535584
2023-12-08,14.062161445617676,13.212414741516112,14.1041898727417,10.655688285827637,624848.0,-0.008766332081000647,0.0,0.05790108564535584
2023-12-09,15.365711212158203,14.06186866760254,19.095569610595703,13.320204734802246,1210705.0,-0.10545425212040076,0.0,0.05790108564535584
2023-12-10,15.15957260131836,15.366005897521973,15.968942642211914,14.42778491973877,384912.0,-0.10999154969687362,0.0,0.05790108564535584
2023-12-11,14.486075401306152,15.160258293151855,15.288633346557615,12.67090129852295,662597.0,-0.08288371077125813,0.0,0.05790108564535584
2023-12-12,15.1480712890625,14.48477840423584,16.253894805908203,14.474419593811035,576659.0,-0.13992489323963248,0.0,0.05790108564535584
2023-12-13,15.5137357711792,15.146562576293944,15.832011222839355,12.763670921325684,626818.0,-0.17175882404170315,-1.0,0.47104945717732205
2023-12-14,15.52764892578125,15.51300811767578,16.12650489807129,15.372193336486816,375916.0,-0.18221272429787153,-1.0,0.47104945717732205
2023-12-15,14.16586208343506,15.53048038482666,15.540326118469238,14.16586208343506,193328.0,-0.10977279388873115,0.0,0.05790108564535584
2023-12-16,13.61549186706543,14.164430618286133,14.3707857131958,13.482197761535645,293503.0,-0.07998305271742787,0.0,0.05790108564535584
2023-12-17,13.244730949401855,13.622323036193848,14.11691188812256,12.785985946655272,407667.0,-0.06045670689934303,0.0,0.05790108564535584
2023-12-18,12.947253227233888,13.245516777038574,13.258318901062012,12.434821128845217,262314.0,-0.04051467647855866,0.0,0.05790108564535584
2023-12-19,12.61852741241455,12.944883346557615,13.557095527648926,12.43103313446045,284994.0,-0.012958150308039604,0.0,0.05790108564535584
2023-12-20,12.230555534362791,12.617948532104492,13.09874153137207,11.796055793762209,235865.0,0.017777253564779414,0.0,0.05790108564535584
2023-12-21,12.28274154663086,12.240208625793455,13.355573654174805,12.163620948791504,183103.0,0.009212327701995053,0.0,0.05790108564535584
2023-12-22,12.838452339172363,12.284687995910645,13.760245323181152,12.268588066101074,199441.0,-0.041995061880157045,0.0,0.05790108564535584
2023-12-23,12.655923843383787,12.837414741516112,12.844396591186523,12.351906776428224,108238.0,-0.03678642223641878,0.0,0.05790108564535584
2023-12-24,11.614997863769531,12.654562950134276,12.665719032287598,11.255672454833984,202997.0,0.04343894353158502,0.0,0.05790108564535584
2023-12-25,11.591827392578123,11.61097240447998,11.899690628051758,11.376585006713867,228746.0,0.040796052540029104,0.0,0.05790108564535584
2023-12-26,11.550957679748535,11.592665672302246,11.719873428344728,10.933076858520508,235566.0,0.037510886879082515,0.0,0.05790108564535584
2023-12-27,13.002635955810549,11.551612854003906,13.182665824890137,11.517888069152832,237305.0,-0.0884898300880125,0.0,0.05790108564535584
2023-12-28,13.416434288024902,12.998161315917969,14.42730712890625,12.833422660827637,305696.0,-0.1330966917502419,0.0,0.05790108564535584
2023-12-29,12.941171646118164,13.417805671691896,13.768689155578612,12.707695960998535,142747.0,-0.11786640554624792,0.0,0.05790108564535584
2023-12-30,12.434556007385254,12.940373420715332,13.22819709777832,12.422417640686035,109208.0,-0.09572601365931267,0.0,0.05790108564535584
2023-12-31,12.08993911743164,12.434266090393066,12.619333267211914,12.012463569641112,172962.0,-0.08516144368740604,0.0,0.05790108564535584
2024-01-01,12.64907169342041,12.088445663452148,12.649587631225586,11.88270378112793,108746.0,-0.1430105443622451,0.0,0.05790108564535584
2024-01-02,13.070940017700195,12.738409042358398,13.278340339660645,12.653985977172852,236834.0,-0.18826915275262904,-1.0,0.47104945717732205
2024-01-03,12.132087707519531,13.07256031036377,13.662960052490234,11.960827827453612,241565.0,-0.14020130081655788,0.0,0.05790108564535584
2024-01-04,11.553523063659668,12.122709274291992,12.122709274291992,11.037790298461914,230927.0,-0.11366167436855505,0.0,0.05790108564535584
2024-01-05,11.486144065856934,11.553523063659668,11.553523063659668,10.835976600646973,211547.0,-0.12743290384209033,0.0,0.05790108564535584
2024-01-06,11.13072109222412,11.486144065856934,11.505391120910645,10.972846031188965,164622.0,-0.11290247305108227,0.0,0.05790108564535584
2024-01-07,10.623565673828123,11.13072109222412,11.310707092285156,10.589357376098633,161443.0,-0.07630243140466282,0.0,0.05790108564535584
2024-01-08,10.82444667816162,10.636238098144531,11.050941467285156,10.136245727539062,159353.0,-0.107903195629903,0.0,0.05790108564535584
2024-01-09,10.42418384552002,10.82444667816162,10.908708572387695,10.177563667297363,174491.0,-0.0842371294825696,0.0,0.05790108564535584
2024-01-10,11.151703834533691,10.42418384552002,11.232706069946287,10.411316871643066,158994.0,-0.159694882085162,0.0,0.05790108564535584
2024-01-11,10.318463325500488,11.151703834533691,11.37028980255127,10.285456657409668,241663.0,-0.107269725675211,0.0,0.05790108564535584
2024-01-12,9.932445526123049,10.318463325500488,10.852919578552246,9.758044242858888,100486.0,-0.08425326552002292,0.0,0.05790108564535584
2024-01-13,10.032201766967772,9.932445526123049,10.214364051818848,9.79975414276123,141102.0,-0.10373816815917904,0.0,0.05790108564535584
2024-01-14,9.51529598236084,10.032201766967772,10.103649139404297,9.49498462677002,186131.0,-0.062284378481624506,0.0,0.05790108564535584
2024-01-15,9.565972328186035,9.51529598236084,9.725616455078123,9.325387001037598,152754.0,-0.07262796683017651,0.0,0.05790108564535584
2024-01-16,9.850438117980955,9.565972328186035,10.14327335357666,9.324252128601074,177872.0,-0.10861204844959012,0.0,0.05790108564535584
2024-01-17,9.627039909362791,9.850438117980955,9.954279899597168,9.187724113464355,161300.0,-0.09801049296375684,0.0,0.05790108564535584
2024-01-18,8.882001876831055,9.627039909362791,9.638361930847168,8.55698013305664,120144.0,-0.027702166902081358,0.0,0.05790108564535584
2024-01-19,8.435559272766113,8.882001876831055,8.899691581726074,6.901495933532715,405104.0,0.01988358660809924,0.0,0.05790108564535584
2024-01-20,9.053174018859863,8.435559272766113,9.446826934814451,8.428278923034668,156246.0,-0.057021798769061285,0.0,0.05790108564535584
2024-01-21,9.76853847503662,9.053174018859863,10.011052131652832,9.025225639343262,101882.0,-0.13907573054551164,0.0,0.05790108564535584
2024-01-22,8.633341789245605,9.76853847503662,9.7695894241333,8.633341789245605,50246.0,-0.03362924824210194,0.0,0.05790108564535584
2024-01-23,8.878951072692871,8.633341789245605,8.878951072692871,7.907765865325928,127676.0,-0.06697059164483526,0.0,0.05790108564535584
2024-01-24,8.698249816894531,8.878951072692871,8.976547241210938,8.629538536071777,62448.0,-0.0540010912605306,0.0,0.05790108564535584
2024-01-25,8.089254379272461,8.698249816894531,8.714215278625488,7.9106669425964355,182441.0,0.016211393556245672,0.0,0.05790108564535584
2024-01-26,8.30844497680664,8.089254379272461,8.494396209716797,7.829661846160889,109273.0,-0.002606193316923855,0.0,0.05790108564535584
2024-01-27,8.574451446533203,8.30844497680664,8.677873611450195,8.30844497680664,43822.0,-0.02363406590375467,0.0,0.05790108564535584
2024-01-28,8.551566123962402,8.574451446533203,8.851613998413086,8.444524765014648,61224.0,0.002215906926579993,0.0,0.05790108564535584
2024-01-29,8.846001625061035,8.551566123962402,8.983833312988281,8.164800643920898,120754.0,-0.014701859011563758,0.0,0.05790108564535584
2024-01-30,8.581291198730469,8.846001625061035,8.95398235321045,8.581291198730469,95884.0,0.03039610092579175,0.0,0.05790108564535584
2024-01-31,8.268019676208496,8.581291198730469,8.593974113464355,8.167054176330566,121328.0,0.09905028016546856,0.0,0.05790108564535584
2024-02-01,8.216472625732422,8.268019676208496,8.470881462097168,8.126008987426758,57617.0,0.14346299183149122,0.0,0.05790108564535584
2024-02-02,7.978281021118164,8.231049537658691,8.261595726013184,7.9203667640686035,63571.0,0.22244351677481114,0.0,0.05790108564535584
2024-02-03,8.12437629699707,7.978281021118164,8.167242050170898,7.967001914978027,45041.0,0.24257695572911064,1.0,0.47104945717732205
2024-02-04,7.990903854370117,8.12437629699707,8.182015419006348,7.838121891021728,43705.0,0.3063813977650776,1.0,0.47104945717732205
2024-02-05,7.69586181640625,7.990903854370117,8.117260932922363,7.634440898895264,47145.0,0.4135643709502812,1.0,0.47104945717732205
2024-02-06,8.057339668273926,7.69586181640625,8.291951179504395,7.69586181640625,66782.0,0.3966858826220284,1.0,0.47104945717732205
2024-02-07,7.91722297668457,8.057339668273926,8.280359268188477,7.774512767791748,85536.0,0.4599917238357832,1.0,0.47104945717732205
2024-02-08,7.975261211395264,7.91722297668457,8.120292663574219,7.729209899902344,88924.0,0.48790301829956945,1.0,0.47104945717732205
2024-02-09,9.238032341003418,7.975261211395264,9.663810729980469,7.950553894042969,189375.0,0.30384960780048764,1.0,0.47104945717732205
2024-02-10,9.764601707458496,9.222500801086426,10.09368896484375,9.164976119995115,162436.0,0.24533834732598722,1.0,0.47104945717732205
2024-02-11,11.333552360534668,9.764601707458496,11.74257469177246,9.764601707458496,223795.0,0.07229236728569073,0.0,0.05790108564535584
2024-02-12,10.882068634033203,11.323759078979492,11.323759078979492,9.929192543029783,121079.0,0.12019078198597276,0.0,0.05790108564535584
2024-02-13,10.347811698913574,10.882068634033203,11.581594467163086,9.918155670166016,178189.0,0.18600512112256817,0.0,0.05790108564535584
2024-02-14,11.69578456878662,10.347811698913574,11.711183547973633,10.242100715637209,185142.0,0.056778739091709544,0.0,0.05790108564535584
2024-02-15,12.53215503692627,11.69578456878662,12.88213062286377,11.203134536743164,224836.0,-0.016898679358308293,0.0,0.05790108564535584
2024-02-16,12.986998558044434,12.53215503692627,14.861788749694824,12.452696800231934,498645.0,-0.057653599420970265,0.0,0.05790108564535584
2024-02-17,12.914684295654297,12.986998558044434,13.607970237731934,12.313666343688965,220273.0,-0.055284339349214985,0.0,0.05790108564535584
2024-02-18,12.806979179382324,12.914684295654297,13.300114631652832,12.717409133911133,146712.0,-0.05388588847897447,0.0,0.05790108564535584
2024-02-19,13.84785270690918,12.806979179382324,14.15546417236328,12.577261924743652,252396.0,-0.1390689142882486,0.0,0.05790108564535584
2024-02-20,13.307010650634766,13.84785270690918,13.865873336791992,13.300409317016602,120266.0,-0.11864375640063622,0.0,0.05790108564535584
2024-02-21,12.194327354431152,13.307010650634766,13.307010650634766,11.632139205932615,154772.0,-0.05427131291423338,0.0,0.05790108564535584
2024-02-22,12.2779541015625,12.242539405822754,12.664978981018066,11.93838882446289,115987.0,-0.06984447702597903,0.0,0.05790108564535584
2024-02-23,11.738286972045898,12.2779541015625,12.336977005004885,11.617670059204102,105935.0,-0.037955770630812846,0.0,0.05790108564535584
2024-02-24,11.377795219421388,11.738286972045898,12.06828498840332,11.264028549194336,107891.0,-0.01915006291027795,0.0,0.05790108564535584
2024-02-25,11.230634689331056,11.377795219421388,11.662789344787598,10.739707946777344,234882.0,-0.017463542427762695,0.0,0.05790108564535584
2024-02-26,11.401626586914062,11.230634689331056,11.514636993408203,10.660921096801758,221378.0,-0.03128109156089479,0.0,0.05790108564535584
2024-02-27,11.503717422485352,11.401626586914062,12.443887710571287,11.401626586914062,181443.0,-0.049436137815955884,0.0,0.05790108564535584
2024-02-28,12.917967796325684,11.503717422485352,14.06686782836914,11.503717422485352,323278.0,-0.16863271125825005,0.0,0.05790108564535584
2024-02-29,11.979458808898926,12.917967796325684,13.823012351989746,11.893338203430176,315477.0,-0.11734673772183522,0.0,0.05790108564535584
2024-03-01,11.837223052978516,11.979458808898926,12.25617504119873,10.939345359802246,354947.0,-0.12701660583648408,0.0,0.05790108564535584
2024-03-02,12.389028549194336,11.837223052978516,12.492167472839355,11.82343578338623,206020.0,-0.18952093115822963,-1.0,0.47104945717732205
2024-03-03,11.633208274841309,12.373764991760254,12.881893157958984,10.343809127807615,373004.0,-0.1525856447877568,0.0,0.05790108564535584
2024-03-04,11.120416641235352,11.65951156616211,12.749938011169434,11.11757469177246,331487.0,-0.13384070075088256,0.0,0.05790108564535584
2024-03-05,10.593391418457031,11.120416641235352,11.439542770385742,9.315287590026855,275593.0,-0.11077571004577504,0.0,0.05790108564535584
2024-03-06,9.45464324951172,10.593391418457031,11.119549751281738,9.423462867736816,249667.0,-0.008626816538214328,0.0,0.05790108564535584
2024-03-07,10.708296775817873,9.45464324951172,10.708296775817873,9.336943626403809,306938.0,-0.13777402125295343,0.0,0.05790108564535584
2024-03-08,9.951108932495115,10.708296775817873,10.882366180419922,9.951108932495115,205853.0,-0.08568754884383588,0.0,0.05790108564535584
2024-03-09,9.518013954162598,9.951108932495115,10.132417678833008,9.21245288848877,308362.0,-0.055428992713074894,0.0,0.05790108564535584
2024-03-10,9.475010871887209,9.518013954162598,9.816118240356444,8.611412048339844,332183.0,-0.061319886902767615,0.0,0.05790108564535584
2024-03-11,11.54811191558838,9.475010871887209,11.9284029006958,9.192911148071287,487869.0,-0.24582238576691337,-1.0,0.47104945717732205
2024-03-12,9.964372634887695,11.54811191558838,11.97527027130127,9.582504272460938,288214.0,-0.13633393070880256,0.0,0.05790108564535584
2024-03-13,10.181777000427246,9.964372634887695,10.331153869628906,9.197884559631348,228371.0,-0.16921384801188857,0.0,0.05790108564535584
2024-03-14,9.65731430053711,10.181777000427246,10.181777000427246,8.633628845214844,187458.0,-0.13328796689217556,0.0,0.05790108564535584
2024-03-15,8.477093696594238,9.65731430053711,9.713038444519045,8.477093696594238,131030.0,-0.016308785205857348,0.0,0.05790108564535584
2024-03-16,8.291916847229004,8.477093696594238,9.284433364868164,7.784386157989502,213910.0,0.0015915474664506507,0.0,0.05790108564535584
2024-03-17,9.072599411010742,8.291916847229004,9.10434913635254,8.179397583007812,226625.0,-0.0973551003804144,0.0,0.05790108564535584
2024-03-18,7.955080986022949,9.02773380279541,9.02773380279541,7.370972156524658,198385.0,0.022084280283098563,0.0,0.05790108564535584
2024-03-19,7.623272895812988,7.955080986022949,7.955080986022949,6.953464984893799,138242.0,0.060834919561440264,0.0,0.05790108564535584
2024-03-20,8.79914665222168,7.623272895812988,8.931880950927734,7.58493185043335,110311.0,-0.09441928282372201,0.0,0.05790108564535584
2024-03-21,8.746783256530762,8.79914665222168,9.441123962402344,8.645941734313965,196896.0,-0.10067304480822763,0.0,0.05790108564535584
2024-03-22,8.067424774169922,8.746783256530762,8.793821334838867,7.79003381729126,95530.0,-0.036040409992333704,0.0,0.05790108564535584
2024-03-23,8.006255149841309,8.067424774169922,8.166007995605469,7.82656192779541,101282.0,-0.04010926762981604,0.0,0.05790108564535584
2024-03-24,8.124910354614258,8.006255149841309,8.30510139465332,7.9566121101379395,66339.0,-0.06269029890151269,0.0,0.05790108564535584
2024-03-25,8.962636947631836,8.124910354614258,8.980156898498535,8.077622413635254,71592.0,-0.16026084606214794,0.0,0.05790108564535584
2024-03-26,8.516255378723145,8.962636947631836,8.962636947631836,8.396842002868652,130741.0,-0.13086022308865997,0.0,0.05790108564535584
2024-03-27,8.12362003326416,8.516255378723145,8.798530578613281,8.045981407165527,128463.0,-0.10093214167773996,0.0,0.05790108564535584
2024-03-28,8.41455078125,8.12362003326416,8.594086647033691,8.032791137695312,65692.0,-0.14891599789595958,0.0,0.05790108564535584
2024-03-29,8.039342880249023,8.41455078125,8.509511947631836,7.961109161376953,68952.0,-0.1300969102459803,0.0,0.05790108564535584
2024-03-30,7.819714069366455,8.039342880249023,8.09000301361084,7.806296825408935,91473.0,-0.1297871281543585,0.0,0.05790108564535584
2024-03-31,7.451704025268555,7.819714069366455,8.094039916992188,7.348334789276123,111409.0,-0.10104096121113329,0.0,0.05790108564535584
2024-04-01,7.135067939758301,7.451704025268555,7.451704025268555,6.441372871398926,145631.0,-0.07633818116821155,0.0,0.05790108564535584
2024-04-02,7.011065006256104,7.135067939758301,7.445850849151611,6.545421123504639,226628.0,-0.07396017560060006,0.0,0.05790108564535584
2024-04-03,7.137394905090332,7.011065006256104,7.192609786987305,6.759391784667969,98800.0,-0.10947702908567682,0.0,0.05790108564535584
2024-04-04,7.317109107971191,7.137394905090332,7.616777896881103,7.0537519454956055,56577.0,-0.15298728406657394,0.0,0.05790108564535584
2024-04-05,6.813774108886719,7.317109107971191,7.320714950561523,6.754471778869629,72936.0,-0.1043489464406682,0.0,0.05790108564535584
2024-04-06,6.724676132202148,6.813774108886719,6.87436580657959,6.567782878875732,74552.0,-0.1021955612532729,0.0,0.05790108564535584
2024-04-07,7.150890827178955,6.724676132202148,7.150890827178955,6.690690994262695,70145.0,-0.16638403890963738,0.0,0.05790108564535584
2024-04-08,7.712715148925781,7.150890827178955,7.8657379150390625,7.114193916320801,104327.0,-0.24488680106697616,-1.0,0.47104945717732205
2024-04-09,6.773803234100342,7.712715148925781,7.713775157928467,6.750370025634766,57311.0,-0.15460548945837768,0.0,0.05790108564535584
2024-04-10,6.749791145324707,6.773803234100342,7.057129859924316,6.448635101318359,70455.0,-0.16835056449073438,0.0,0.05790108564535584
2024-04-11,6.423805236816406,6.749791145324707,6.749791145324707,6.317955017089844,37269.0,-0.14009828988336517,0.0,0.05790108564535584
2024-04-12,5.6867780685424805,6.423805236816406,6.477395057678223,5.67520809173584,68498.0,-0.0342452551539509,0.0,0.05790108564535584
2024-04-13,5.178846836090088,5.6867780685424805,5.866145133972168,4.963247776031494,47411.0,0.06647621992233345,0.0,0.05790108564535584
2024-04-14,5.967155933380127,5.178846836090088,6.081132888793945,5.0505452156066895,90977.0,-0.08123750238746259,0.0,0.05790108564535584
2024-04-15,5.61765193939209,5.967155933380127,6.489517211914063,5.583549976348877,68059.0,-0.02784991394790844,0.0,0.05790108564535584
2024-04-16,5.640963077545166,5.61765193939209,5.856679916381836,5.312530040740967,51295.0,-0.04184975361400602,0.0,0.05790108564535584
2024-04-17,5.226236820220947,5.640963077545166,5.659337043762207,5.202084064483643,24971.0,0.028171637071026163,0.0,0.05790108564535584
2024-04-18,5.100493907928467,5.226236820220947,5.361973762512207,4.838919162750244,74209.0,0.047136064140113405,0.0,0.05790108564535584
2024-04-19,5.48488712310791,5.100493907928467,5.634745121002197,4.671379089355469,89358.0,-0.029534742664213267,0.0,0.05790108564535584
2024-04-20,5.810197830200195,5.48488712310791,5.831210136413574,5.405777931213379,28039.0,-0.09544330487852404,0.0,0.05790108564535584
2024-04-21,6.082027912139893,5.818160057067871,6.234195232391357,5.79963493347168,56882.0,-0.14817576127581028,0.0,0.05790108564535584
2024-04-22,5.792983055114746,6.082027912139893,6.086274147033691,5.76993989944458,31353.0,-0.1180670471858153,0.0,0.05790108564535584
2024-04-23,5.409686088562012,5.792983055114746,5.799527168273926,5.339744091033936,39973.0,-0.06632376303693914,0.0,0.05790108564535584
2024-04-24,5.166726112365723,5.409686088562012,5.4505720138549805,4.924210071563721,59335.0,-0.031649062788447466,0.0,0.05790108564535584
2024-04-25,5.169140815734863,5.166726112365723,5.277732849121094,5.009700775146484,35639.0,-0.04132014891599759,0.0,0.05790108564535584
2024-04-26,5.2414631843566895,5.169140815734863,5.358235836029053,4.93233585357666,54784.0,-0.06645623501405516,0.0,0.05790108564535584
2024-04-27,5.6140241622924805,5.2414631843566895,5.6140241622924805,5.158384799957275,40457.0,-0.14199744912996462,0.0,0.05790108564535584
2024-04-28,5.3971052169799805,5.6140241622924805,5.64287805557251,5.3971052169799805,52821.0,-0.1195579065213426,0.0,0.05790108564535584
2024-04-29,5.320876121520996,5.3971052169799805,5.4094557762146,5.16404914855957,50188.0,-0.11788170476088568,0.0,0.05790108564535584
2024-04-30,4.852613925933838,5.320876121520996,5.320876121520996,4.741724967956543,39890.0,-0.041716302259609685,0.0,0.05790108564535584
2024-05-01,4.786333084106445,4.852613925933838,4.8751139640808105,4.538550853729248,49734.0,-0.025301828785616036,0.0,0.05790108564535584
2024-05-02,4.644690990447998,4.786333084106445,4.786333084106445,4.577953815460205,19187.0,0.0070032408164682,0.0,0.05790108564535584
2024-05-03,5.2326250076293945,4.644690990447998,5.254057884216309,4.627453804016113,34567.0,-0.11060106929260285,0.0,0.05790108564535584
2024-05-04,4.868851184844971,5.2326250076293945,5.236892223358154,4.859928131103516,30813.0,-0.040781819982573735,0.0,0.05790108564535584
2024-05-05,5.03434419631958,4.868851184844971,5.089660167694092,4.831404209136963,15085.0,-0.07759637624206753,0.0,0.05790108564535584
2024-05-06,4.787837028503418,5.03434419631958,5.122074127197266,4.751494884490967,18812.0,-0.017781064139967804,0.0,0.05790108564535584
2024-05-07,4.595903873443604,4.787837028503418,4.9434099197387695,4.595903873443604,49889.0,0.039060149006872866,0.0,0.05790108564535584
2024-05-08,4.499048233032227,4.595903873443604,4.6743268966674805,4.423244953155518,40938.0,0.07912939459030537,0.0,0.05790108564535584
2024-05-09,4.501999855041504,4.499048233032227,4.7100138664245605,4.33442497253418,60439.0,0.09606378433317678,0.0,0.05790108564535584
2024-05-10,4.367640972137451,4.501999855041504,4.501999855041504,4.313247203826904,11580.0,0.15016318775623078,0.0,0.05790108564535584
2024-05-11,4.545989036560059,4.367640972137451,4.619132995605469,4.367640972137451,39562.0,0.12182003527063068,0.0,0.05790108564535584
2024-05-12,4.486987113952637,4.545989036560059,4.602618217468262,4.486987113952637,9504.0,0.15451138830196018,0.0,0.05790108564535584
2024-05-13,4.506125926971436,4.486987113952637,4.596089839935303,4.403675079345703,11634.0,0.16716818177633472,0.0,0.05790108564535584
2024-05-14,4.244154930114746,4.506125926971436,4.521355152130127,4.2215189933776855,18519.0,0.26226497150300576,1.0,0.47104945717732205
2024-05-15,4.997023105621338,4.244154930114746,5.006330966949463,4.202960968017578,64302.0,0.08090616880802534,0.0,0.05790108564535584
2024-05-16,4.812533855438232,4.997023105621338,5.0885009765625,4.812533855438232,53480.0,0.13423740314788873,0.0,0.05790108564535584
2024-05-17,4.906035900115967,4.812533855438232,5.016266822814941,4.809840202331543,15867.0,0.12292696173657654,0.0,0.05790108564535584
2024-05-18,5.098443984985352,4.906035900115967,5.111187934875488,4.890198230743408,22013.0,0.08777122077265216,0.0,0.05790108564535584
2024-05-19,4.662038803100586,5.098443984985352,5.359134197235107,4.662038803100586,13983.0,0.2041798285037011,0.0,0.05790108564535584
2024-05-20,5.613933086395264,4.662038803100586,5.613933086395264,4.522406101226807,0.0,0.0,0.0,0.05790108564535584
2024-05-21,5.613933086395264,5.613933086395264,5.613933086395264,5.613933086395264,0.0,0.0,0.0,0.05790108564535584
2024-05-22,5.613933086395264,5.613933086395264,5.613933086395264,5.613933086395264,0.0,-0.017808650750379518,0.0,0.05790108564535584
2024-05-23,5.613933086395264,5.613933086395264,5.613933086395264,5.613933086395264,0.0,-0.040021114656362586,0.0,0.05790108564535584
2024-05-24,5.613933086395264,5.613933086395264,5.613933086395264,5.613933086395264,0.0,-0.06538848525128295,0.0,0.05790108564535584
2024-05-25,5.613933086395264,5.613933086395264,5.613933086395264,5.613933086395264,0.0,-0.09422495486355734,0.0,0.05790108564535584
2024-05-26,5.613933086395264,5.613933086395264,5.613933086395264,5.613933086395264,0.0,-0.1278781129366196,0.0,0.05790108564535584
2024-05-27,5.613933086395264,5.613933086395264,5.613933086395264,5.613933086395264,0.0,-0.15825852172142427,0.0,0.05790108564535584
2024-05-28,5.613933086395264,5.613933086395264,5.613933086395264,5.613933086395264,0.0,-0.18570173549414237,-1.0,0.47104945717732205
2024-05-31,5.613933086395264,5.613933086395264,5.613933086395264,5.613933086395264,0.0,-0.21437861540045122,-1.0,0.47104945717732205
2024-06-01,5.613933086395264,5.613933086395264,5.613933086395264,5.613933086395264,0.0,-0.24448811695091852,-1.0,0.47104945717732205
2024-06-04,5.613933086395264,5.613933086395264,5.613933086395264,5.613933086395264,0.0,-0.274099623023809,-1.0,0.47104945717732205
2024-06-05,5.613933086395264,5.613933086395264,5.613933086395264,5.613933086395264,0.0,-0.30535442468428214,-1.0,0.47104945717732205
2024-07-01,5.613933086395264,5.613933086395264,5.613933086395264,5.613933086395264,0.0,-0.3368906173750936,-1.0,0.47104945717732205
2024-07-10,5.613933086395264,5.613933086395264,5.613933086395264,5.613933086395264,15660.0,-0.37321448911084876,-1.0,0.47104945717732205
2024-07-11,5.613933086395264,5.613933086395264,5.613933086395264,5.613933086395264,0.0,-0.412148207215674,-1.0,0.47104945717732205
2024-07-21,4.214261054992676,4.340946197509766,4.340946197509766,4.214261054992676,27363.0,-0.24531116409045392,-1.0,0.47104945717732205
2024-07-22,3.868143081665039,4.214261054992676,4.214261054992676,3.868143081665039,21835.0,-0.20354740004453317,-1.0,0.47104945717732205
2024-07-23,3.620182991027832,3.868143081665039,3.928946018218994,3.620182991027832,23713.0,-0.1695019559684406,0.0,0.05790108564535584
2024-07-24,3.34752893447876,3.620182991027832,3.623516082763672,3.34752893447876,14516.0,-0.12437493054557747,0.0,0.05790108564535584
2024-07-25,2.968961000442505,3.34752893447876,3.34752893447876,2.9334709644317627,23466.0,-0.012552456246667763,0.0,0.05790108564535584
2024-07-26,3.2261829376220703,2.968961000442505,3.2284789085388184,2.9252169132232666,29493.0,-0.09793813301072461,0.0,0.05790108564535584
2024-07-27,3.4570319652557373,3.2261829376220703,3.612377882003784,3.2261829376220703,31664.0,-0.16957574742607312,0.0,0.05790108564535584
2024-07-28,3.360071897506714,3.4570319652557373,3.4851291179656982,3.359062910079956,11498.0,-0.15765988798965852,0.0,0.05790108564535584
2024-07-29,3.247474908828736,3.360071897506714,3.8477630615234375,3.247474908828736,58222.0,-0.13431719238880852,0.0,0.05790108564535584
2024-07-30,3.286614894866944,3.247474908828736,3.357140064239502,3.2257080078125,13679.0,-0.1530100118519599,0.0,0.05790108564535584
2024-07-31,3.1574599742889404,3.286614894866944,3.3172380924224854,3.1214799880981445,22486.0,-0.13128185366260833,0.0,0.05790108564535584
2024-08-01,3.1353440284729004,3.1574599742889404,3.1752779483795166,3.0338830947875977,25820.0,-0.1423272968324649,0.0,0.05790108564535584
2024-08-02,2.7590560913085938,3.1353440284729004,3.1353440284729004,2.756793975830078,21842.0,-0.03150027701569656,0.0,0.05790108564535584
2024-08-03,2.5539350509643555,2.7590560913085938,2.899998903274536,2.4861741065979004,42032.0,0.047760471386775784,0.0,0.05790108564535584
2024-08-04,2.538393020629883,2.5539350509643555,2.673866033554077,2.411220073699951,30016.0,0.0564741272032257,0.0,0.05790108564535584
2024-08-05,2.4728589057922363,2.538393020629883,2.538393020629883,1.84865403175354,83336.0,0.08707472787727154,0.0,0.05790108564535584
2024-08-06,2.580854892730713,2.4728589057922363,2.6898128986358643,2.466794967651367,20420.0,0.04147417268377388,0.0,0.05790108564535584
2024-08-07,2.2922840118408203,2.580854892730713,2.6727681159973145,2.278693914413452,20479.0,0.18116390937341423,0.0,0.05790108564535584
2024-08-08,2.976142883300781,2.2922840118408203,2.986052989959717,2.275420904159546,28938.0,-0.09660363564468609,0.0,0.05790108564535584
2024-08-09,2.9255099296569824,2.976142883300781,2.98875093460083,2.899127960205078,17900.0,-0.08011625836534529,0.0,0.05790108564535584
2024-08-10,2.9052441120147705,2.9255099296569824,2.963749885559082,2.8977859020233154,6200.0,-0.07180378389314236,0.0,0.05790108564535584
2024-08-11,2.793354034423828,2.9052441120147705,2.985795021057129,2.793354034423828,11473.0,-0.0336737857130176,0.0,0.05790108564535584
2024-08-12,2.980912923812866,2.793354034423828,2.980912923812866,2.7308061122894287,14687.0,-0.10047951904927767,0.0,0.05790108564535584
2024-08-13,2.9008688926696777,2.980912923812866,3.0051040649414062,2.85564398765564,10248.0,-0.08580614212897462,0.0,0.05790108564535584
2024-08-14,2.586440086364746,2.9008688926696777,2.91805100440979,2.583233118057251,15780.0,0.024342751183027637,0.0,0.05790108564535584
2024-08-15,2.381531000137329,2.586440086364746,2.586440086364746,2.381531000137329,16932.0,0.11228398536055616,0.0,0.05790108564535584
2024-08-16,2.521701097488404,2.381531000137329,2.5567989349365234,2.3783669471740723,13429.0,0.04576459240562582,0.0,0.05790108564535584
2024-08-17,2.606674909591675,2.521701097488404,2.610160112380981,2.5060620307922363,7020.0,0.0034315899184487026,0.0,0.05790108564535584
2024-08-18,2.6200740337371826,2.606674909591675,2.6554970741271973,2.594517946243286,3857.0,-0.009912349329143024,0.0,0.05790108564535584
2024-08-19,2.5629611015319824,2.6200740337371826,2.6200740337371826,2.5472779273986816,3988.0,0.007831752574185002,0.0,0.05790108564535584
2024-08-20,2.576812982559204,2.5084009170532227,2.6586170196533203,2.5084009170532227,20141.0,-0.005687387756926089,0.0,0.05790108564535584
2024-08-21,2.5676560401916504,2.5809099674224854,2.644529104232788,2.5507490634918213,14824.0,-0.01473688797402088,0.0,0.05790108564535584
2024-08-22,2.711172103881836,2.5676560401916504,2.7198948860168457,2.5676560401916504,16105.0,-0.08303774631170012,0.0,0.05790108564535584
2024-08-23,2.9604029655456543,2.711172103881836,2.975055932998657,2.711172103881836,12784.0,-0.18415605213707065,-1.0,0.47104945717732205
2024-08-24,2.9823501110076904,2.9604029655456543,3.124315023422241,2.946445941925049,31753.0,-0.2109547242775965,-1.0,0.47104945717732205
2024-08-25,2.830518960952759,2.9823501110076904,3.009172916412353,2.830518960952759,26535.0,-0.18612176895714022,-1.0,0.47104945717732205
2024-08-26,2.7303268909454346,2.830518960952759,2.888159990310669,2.7303268909454346,16766.0,-0.15590031801180665,0.0,0.05790108564535584
2024-08-27,2.488769054412842,2.7303268909454346,2.7303268909454346,2.434191942214966,45734.0,-0.07007890713550945,0.0,0.05790108564535584
2024-08-28,2.5506649017333984,2.488769054412842,2.5577070713043213,2.458056926727295,8344.0,-0.08883660604054211,0.0,0.05790108564535584
2024-08-29,2.3750579357147217,2.5506649017333984,2.584528923034668,2.2962329387664795,49359.0,-0.002528275932980836,0.0,0.05790108564535584
2024-08-30,2.3560380935668945,2.3750579357147217,2.413508892059326,2.287170886993408,11554.0,0.03227999403818628,0.0,0.05790108564535584
2024-08-31,2.3058741092681885,2.3560380935668945,2.3560380935668945,2.279092073440552,10738.0,0.08102784711763723,0.0,0.05790108564535584
2024-09-01,2.318835973739624,2.3058741092681885,2.318835973739624,2.2308781147003174,7569.0,0.08891514825336602,0.0,0.05790108564535584
2024-09-02,2.407989978790283,2.318835973739624,2.416213035583496,2.244821071624756,12214.0,0.059678964001898004,0.0,0.05790108564535584
2024-09-03,2.2845499515533447,2.407989978790283,2.407989978790283,2.273614883422852,6694.0,0.13440134763820488,0.0,0.05790108564535584
2024-09-04,2.1148838996887207,2.2845499515533447,2.2845499515533447,2.111614942550659,16115.0,0.2525771274506403,1.0,0.47104945717732205
2024-09-05,2.098331928253174,2.1148838996887207,2.2337310314178467,2.059437990188598,22018.0,0.30449032950546406,1.0,0.47104945717732205
2024-09-06,1.968984007835388,2.098331928253174,2.102457046508789,1.9429810047149656,7261.0,0.43663881389296416,1.0,0.47104945717732205
2024-09-07,2.1141040325164795,1.968984007835388,2.198817014694214,1.968984007835388,15210.0,0.39588021594524225,1.0,0.47104945717732205
2024-09-08,2.137357950210572,2.1141040325164795,2.170224905014038,2.107990026473999,10272.0,0.43973711546981137,1.0,0.47104945717732205
2024-09-09,2.743911027908325,2.137357950210572,2.9573490619659424,2.1179020404815674,76755.0,0.17326326237970088,0.0,0.05790108564535584
2024-09-10,2.6244399547576904,2.743911027908325,2.743911027908325,2.4013350009918213,54509.0,0.30934514236678484,1.0,0.47104945717732205
2024-09-11,2.6866559982299805,2.6244399547576904,2.7323310375213623,2.4175291061401367,39016.0,0.3422173743585302,1.0,0.47104945717732205
2024-09-12,3.004786968231201,2.6866559982299805,3.045007944107056,2.685631036758423,29767.0,0.24595767126916485,1.0,0.47104945717732205
2024-09-13,3.238568067550659,3.004786968231201,3.238568067550659,2.9825639724731445,19509.0,0.20486932224153284,0.0,0.05790108564535584
2024-09-14,3.1545979976654053,3.238568067550659,3.26830792427063,3.142339944839477,17825.0,0.28170605961919365,1.0,0.47104945717732205
2024-09-15,2.771056890487671,3.1545979976654053,3.1545979976654053,2.771056890487671,32878.0,0.5129618589113859,1.0,0.47104945717732205
2024-09-16,2.781519889831543,2.771056890487671,2.7888989448547363,2.6422600746154785,34727.0,0.5549913562326841,1.0,0.47104945717732205
2024-09-17,2.8431529998779297,2.781519889831543,2.9083809852600098,2.629000902175904,51159.0,0.559810792495642,1.0,0.47104945717732205
2024-09-18,2.9193050861358643,2.8431529998779297,2.9649770259857178,2.826256036758423,12223.0,0.5541675483584282,1.0,0.47104945717732205
2024-09-19,3.333111047744751,2.9193050861358643,3.333111047744751,2.9193050861358643,19800.0,0.37818856087355396,1.0,0.47104945717732205
2024-09-20,3.24949598312378,3.333111047744751,3.434993028640747,3.219857931137085,12799.0,0.4443768814536684,1.0,0.47104945717732205
2024-09-21,3.8265440464019775,3.24949598312378,4.438223838806152,3.199389934539795,105474.0,0.24600703210777836,1.0,0.47104945717732205
2024-09-22,3.904124021530152,3.8265440464019775,3.947873115539551,3.767352104187012,36475.0,0.23513117896431845,1.0,0.47104945717732205
2024-09-23,4.7332611083984375,3.904124021530152,4.784060955047607,3.894598960876465,66176.0,0.01818332315937282,0.0,0.05790108564535584
2024-09-24,5.661987781524658,4.7332611083984375,5.91143798828125,4.642014026641846,164940.0,-0.16370071886538937,0.0,0.05790108564535584
2024-09-25,5.063557147979736,5.661987781524658,5.661987781524658,5.063557147979736,57108.0,-0.0797269672103944,0.0,0.05790108564535584
2024-09-26,4.933441162109375,5.063557147979736,5.088787078857422,4.784131050109863,56650.0,-0.07211558854484704,0.0,0.05790108564535584
2024-09-27,5.453563213348389,4.933441162109375,5.852810859680176,4.885409832000732,99793.0,-0.17529969931921294,-1.0,0.47104945717732205
2024-09-28,5.131622791290283,5.453563213348389,5.884561061859131,5.091915130615234,165472.0,-0.12160623632671089,0.0,0.05790108564535584
2024-09-29,4.860361099243164,5.131622791290283,5.16038179397583,4.860361099243164,79609.0,-0.07268134625487514,0.0,0.05790108564535584
2024-09-30,4.639823913574219,4.860361099243164,4.956798076629639,4.497021198272705,76871.0,-0.013630624102519655,0.0,0.05790108564535584
2024-10-01,4.376731872558594,4.639823913574219,5.01839017868042,4.376731872558594,49004.0,0.05567440163768478,0.0,0.05790108564535584
2024-10-02,4.351624011993408,4.376731872558594,4.668398857116699,4.318155765533447,35578.0,0.07270241771410244,0.0,0.05790108564535584
2024-10-03,4.125039100646973,4.351624011993408,4.443304061889648,4.028304100036621,31464.0,0.15393586824774852,0.0,0.05790108564535584
2024-10-04,4.647274971008301,4.125039100646973,4.964652061462402,4.122445106506348,74353.0,0.038949313255282766,0.0,0.05790108564535584
2024-10-05,4.868198871612549,4.647274971008301,4.868198871612549,4.647274971008301,18239.0,-0.0020765552640099444,0.0,0.05790108564535584
2024-10-06,4.662987232208252,4.868198871612549,4.868513107299805,4.458573818206787,41484.0,0.05254322782957888,0.0,0.05790108564535584
2024-10-07,4.694372177124023,4.662987232208252,4.970583915710449,4.594787120819092,49700.0,0.050394004476672576,0.0,0.05790108564535584
2024-10-08,4.483030796051025,4.694372177124023,4.805210113525391,4.470361232757568,36233.0,0.10422355448152663,0.0,0.05790108564535584
2024-10-09,4.009900093078613,4.483030796051025,4.486011981964111,4.009900093078613,38821.0,0.24463118436424405,1.0,0.47104945717732205
2024-10-10,3.7827539443969727,3.918109893798828,4.0367608070373535,3.7634449005126953,41614.0,0.33633753140359074,1.0,0.47104945717732205
2024-10-11,4.332052230834961,3.7827539443969727,4.332052230834961,3.7827539443969727,58565.0,0.16524348435762137,0.0,0.05790108564535584
2024-10-12,5.272046089172363,4.332052230834961,5.301187038421631,4.324580192565918,94497.0,-0.05826264975100002,0.0,0.05790108564535584
2024-10-13,4.85361385345459,5.272046089172363,5.272046089172363,4.818954944610596,29872.0,0.012582117377629907,0.0,0.05790108564535584
2024-10-14,5.612497806549072,4.85361385345459,6.084674835205078,4.805254936218262,138278.0,-0.14452909267323322,0.0,0.05790108564535584
2024-10-15,4.990262031555176,5.612497806549072,5.843503952026367,4.829833030700684,113094.0,-0.0468361229367706,0.0,0.05790108564535584
2024-10-16,5.017937183380127,5.009337902069092,5.281582832336426,4.97598123550415,66583.0,-0.06260063394370186,0.0,0.05790108564535584
2024-10-17,5.413500785827637,5.017937183380127,5.478116035461426,4.996348857879639,79313.0,-0.14934705739628945,0.0,0.05790108564535584
2024-10-18,5.602810859680176,5.413500785827637,5.981074810028076,5.413500785827637,68718.0,-0.20346684693578285,-1.0,0.47104945717732205
2024-10-19,5.285491943359375,5.602810859680176,5.690390110015869,5.267641067504883,30816.0,-0.17740227133536518,-1.0,0.47104945717732205
2024-10-20,5.361669063568115,5.285491943359375,5.361928939819336,5.105531215667725,30710.0,-0.21095550615175562,-1.0,0.47104945717732205
2024-10-21,5.015598773956299,5.351820945739746,5.499730110168457,5.015598773956299,40617.0,-0.17870171296319745,-1.0,0.47104945717732205
2024-10-22,4.753620147705078,5.015598773956299,5.015598773956299,4.591403007507324,41623.0,-0.1517792800951882,0.0,0.05790108564535584
2024-10-23,4.577999114990234,4.753620147705078,4.888840198516846,4.522829055786133,24192.0,-0.12340954555383417,0.0,0.05790108564535584
2024-10-24,4.681405067443848,4.584883213043213,4.701420783996582,4.543996810913086,32371.0,-0.16006536848929578,0.0,0.05790108564535584
2024-10-25,4.232086181640625,4.674478054046631,4.826336860656738,4.213099002838135,58676.0,-0.0678865212482449,0.0,0.05790108564535584
2024-10-26,4.109865188598633,4.232086181640625,4.300724983215332,4.043487071990967,40275.0,-0.03927617059986526,0.0,0.05790108564535584
2024-10-27,4.150812149047852,4.109865188598633,4.291326999664307,4.097799777984619,38667.0,0.0022712537007960054,0.0,0.05790108564535584
2024-10-28,4.02554178237915,4.150812149047852,4.150812149047852,3.8572208881378174,39066.0,0.08286627490000839,0.0,0.05790108564535584
2024-10-29,4.363186836242676,4.02554178237915,4.475411891937256,4.02554178237915,67596.0,0.01874731604211601,0.0,0.05790108564535584
2024-10-30,4.279767990112305,4.363186836242676,4.582424163818359,4.279767990112305,33891.0,0.08149940564023887,0.0,0.05790108564535584
2024-10-31,4.030290126800537,4.279767990112305,4.441248893737793,4.00116491317749,24993.0,0.1684127013987022,0.0,0.05790108564535584
2024-11-01,3.6122100353240967,4.030290126800537,4.036809921264648,3.6038761138916016,32972.0,0.3354683287811491,1.0,0.47104945717732205
2024-11-02,3.675618886947632,3.6122100353240967,3.8130440711975098,3.6122100353240967,23650.0,0.328207528253219,1.0,0.47104945717732205
2024-11-03,3.720334053039551,3.675618886947632,3.720334053039551,3.640503883361816,11616.0,0.3281623302367701,1.0,0.47104945717732205
2024-11-04,3.4574999809265137,3.720334053039551,3.7726149559021,3.3945460319519043,23605.0,0.4659423207604034,1.0,0.47104945717732205
2024-11-05,3.533050060272217,3.4574999809265137,3.533050060272217,3.104701042175293,55822.0,0.45875844091131196,1.0,0.47104945717732205
2024-11-06,4.310756206512451,3.533050060272217,4.366469860076904,3.533050060272217,61891.0,0.19979259721105988,0.0,0.05790108564535584
2024-11-07,3.5480198860168457,4.329936027526856,4.4387311935424805,3.150000095367432,186362.0,0.4963324005596297,1.0,0.47104945717732205
2024-11-08,4.410030841827393,3.637737035751343,4.410030841827393,3.623270034790039,71021.0,0.2178836548640641,0.0,0.05790108564535584
2024-11-09,4.161117076873779,4.019827842712402,4.3497490882873535,3.742465019226074,68183.0,0.32500516284847797,1.0,0.47104945717732205
2024-11-10,7.115931987762451,4.161117076873779,7.212391853332519,4.161117076873779,280136.0,-0.235885637902204,-1.0,0.47104945717732205
2024-11-11,6.8099141120910645,7.115931987762451,7.153724193572998,5.841969013214111,163313.0,-0.20977238415834357,-1.0,0.47104945717732205
2024-11-12,5.565247058868408,6.8099141120910645,7.550865173339844,5.564667224884033,181941.0,-0.031031908016852714,0.0,0.05790108564535584
2024-11-13,6.849911212921143,5.565247058868408,6.849911212921143,5.312298774719238,100449.0,-0.21962147688475814,-1.0,0.47104945717732205
2024-11-14,5.156949043273926,6.849911212921143,6.850159168243408,5.156949043273926,142779.0,0.046613878501182905,0.0,0.05790108564535584
2024-11-15,5.221508979797363,5.156949043273926,5.543403148651123,5.1252851486206055,48537.0,0.04196596815382168,0.0,0.05790108564535584
2024-11-16,4.487514972686768,5.295287132263184,5.295287132263184,4.332825183868408,131642.0,0.23217968903778521,1.0,0.47104945717732205
2024-11-17,4.549454212188721,4.487514972686768,4.919565200805664,4.153144836425781,46280.0,0.27372751969008485,1.0,0.47104945717732205
2024-11-18,5.239531993865967,4.549454212188721,5.521974086761475,4.549454212188721,101774.0,0.14505835633929265,0.0,0.05790108564535584
2024-11-19,4.728244781494141,5.239531993865967,5.285714149475098,4.611125946044922,51633.0,0.318666211330157,1.0,0.47104945717732205
2024-11-20,4.5648112297058105,4.728244781494141,5.477622032165527,4.394187927246094,99329.0,0.4579579966316638,1.0,0.47104945717732205
2024-11-21,5.466072082519531,4.5648112297058105,5.868552207946777,4.5648112297058105,167417.0,0.30451049077763087,1.0,0.47104945717732205
2024-11-22,5.276453971862793,5.466072082519531,5.482468128204346,5.152094841003418,86170.0,0.4494054972430334,1.0,0.47104945717732205
2024-11-23,6.157476902008057,5.276453971862793,6.355466842651367,5.270345211029053,296908.0,0.3444196567722055,1.0,0.47104945717732205
2024-11-24,6.050311088562012,6.157476902008057,6.319427013397217,5.936323165893555,131749.0,0.45507697602473457,1.0,0.47104945717732205
2024-11-25,6.025863170623779,6.050311088562012,6.430438995361328,5.930884838104248,131808.0,0.5359395540520621,1.0,0.47104945717732205
2024-11-26,5.721551895141602,6.025863170623779,6.067409992218018,5.657007217407227,69904.0,0.7024528891470487,1.0,0.47104945717732205
2024-11-27,6.191586017608643,5.721551895141602,6.220620155334473,5.687971115112305,87775.0,0.6423691673359803,1.0,0.47104945717732205
2024-11-28,5.882300853729248,6.191586017608643,6.191586017608643,5.820710182189941,85906.0,0.8067268318054245,1.0,0.47104945717732205
2024-11-29,5.827712059020996,5.882300853729248,5.882300853729248,5.747748851776123,51491.0,0.9035945860528456,1.0,0.47104945717732205
2024-11-30,5.730576992034912,5.827712059020996,5.915112018585205,5.671004772186279,159445.0,1.0088200048696445,1.0,0.47104945717732205
2024-12-01,8.264217376708984,5.730576992034912,8.70791244506836,5.644248008728027,1526826.0,0.41165099616515893,1.0,0.47104945717732205
2024-12-02,8.106800079345703,8.423102378845215,8.649937629699707,6.969320774078369,373986.0,0.4499625589278008,1.0,0.47104945717732205
2024-12-03,8.02393913269043,8.106800079345703,8.526554107666016,7.2863969802856445,314688.0,0.4786587520334583,1.0,0.47104945717732205
2024-12-04,10.449380874633787,8.02393913269043,11.290573120117188,7.442593097686768,685240.0,0.12729226888716255,0.0,0.05790108564535584
2024-12-05,12.1195068359375,10.329456329345703,12.286625862121582,10.123132705688477,661191.0,-0.04761507756147289,0.0,0.05790108564535584
2024-12-06,12.516876220703123,11.721427917480469,13.455453872680664,10.136320114135742,476089.0,-0.10272421532765982,0.0,0.05790108564535584
2024-12-07,14.984639167785645,12.516876220703123,15.413670539855955,11.757573127746582,544752.0,-0.2838117553311469,-1.0,0.47104945717732205
2024-12-08,13.40640640258789,12.954299926757812,14.327486991882324,11.368041038513184,666699.0,-0.23226086113320493,-1.0,0.47104945717732205
2024-12-09,12.349568367004396,13.47605037689209,14.164586067199709,11.633304595947266,320725.0,-0.19657557837459702,-1.0,0.47104945717732205
2024-12-10,12.515905380249023,12.365032196044922,13.24274444580078,11.070037841796877,266876.0,-0.23661266509792303,-1.0,0.47104945717732205
2024-12-11,12.186349868774414,12.515905380249023,13.545226097106934,11.327300071716309,320121.0,-0.23780206002584872,-1.0,0.47104945717732205
2024-12-12,12.306072235107422,12.186349868774414,13.805046081542969,11.689663887023926,250272.0,-0.2754825984187844,-1.0,0.47104945717732205
2024-12-13,12.350176811218262,12.306072235107422,12.577597618103027,11.66978931427002,130477.0,-0.31379359118633543,-1.0,0.47104945717732205
2024-12-14,11.583929061889648,12.317489624023438,12.322359085083008,10.961991310119627,149744.0,-0.2988042862211871,-1.0,0.47104945717732205
2024-12-15,10.427119255065918,11.583929061889648,11.583929061889648,9.955280303955078,296882.0,-0.24796351724298418,-1.0,0.47104945717732205
2024-12-16,9.34392261505127,10.427119255065918,11.28007984161377,9.289875030517578,293559.0,-0.177565292960203,-1.0,0.47104945717732205
2024-12-17,9.565496444702148,9.34392261505127,9.590316772460938,7.977108955383301,326842.0,-0.2212908438201679,-1.0,0.47104945717732205
2024-12-18,9.257119178771973,9.565496444702148,9.997570991516112,8.438838005065918,293338.0,-0.2209628754684624,-1.0,0.47104945717732205
2024-12-19,8.800517082214355,9.257119178771973,10.033247947692873,7.837098121643066,388984.0,-0.20328947762570784,-1.0,0.47104945717732205
2024-12-20,8.158037185668945,8.800517082214355,9.262059211730955,6.761083126068115,200685.0,-0.14921502336980733,0.0,0.05790108564535584
2024-12-21,7.994894027709961,8.174150466918945,9.150396347045898,6.958587169647217,147933.0,-0.14744852399455252,0.0,0.05790108564535584
2024-12-22,7.257613182067871,7.994894027709961,8.394396781921387,7.105783939361572,120953.0,-0.06950879269220449,0.0,0.05790108564535584
2024-12-23,7.1600751876831055,7.257613182067871,7.714003086090088,6.479833126068115,168978.0,-0.06499554725156402,0.0,0.05790108564535584
2024-12-24,7.371448993682861,7.1600751876831055,7.754051208496094,6.784747123718262,97431.0,-0.10634893240475898,0.0,0.05790108564535584
2024-12-25,8.461329460144043,7.371448993682861,8.962516784667969,7.202035903930664,147199.0,-0.2455214982655016,-1.0,0.47104945717732205
2024-12-26,7.09181022644043,8.461329460144043,8.480995178222656,6.826704978942871,97121.0,-0.11728551848947036,0.0,0.05790108564535584
2024-12-27,6.173474788665772,7.09181022644043,7.839930057525635,5.778709888458252,186664.0,0.011709660933846202,0.0,0.05790108564535584
2024-12-28,6.653562068939209,6.173474788665772,6.68521785736084,5.76242208480835,93527.0,-0.07564289641095145,0.0,0.05790108564535584
2024-12-29,6.49273681640625,6.653562068939209,7.097804069519043,6.457581043243408,70306.0,-0.0684422512536276,0.0,0.05790108564535584
2024-12-30,7.148612976074219,6.49273681640625,7.570247173309326,6.48698091506958,163425.0,-0.1685683217152438,0.0,0.05790108564535584
2024-12-31,6.261124134063721,7.148612976074219,7.148612976074219,6.261124134063721,70810.0,-0.054563159097180534,0.0,0.05790108564535584
2025-01-01,5.937716960906982,6.261124134063721,6.399521827697754,4.7750020027160645,151579.0,0.007502225780181758,0.0,0.05790108564535584
2025-01-02,5.998067855834961,5.937716960906982,6.56894588470459,5.267378807067871,132582.0,0.0014236357098905614,0.0,0.05790108564535584
2025-01-03,7.167829990386963,5.998067855834961,7.376742839813232,5.652608871459961,185237.0,-0.15885927403983283,0.0,0.05790108564535584
2025-01-04,6.249419212341309,7.167829990386963,7.195249080657959,6.195481777191162,75595.0,-0.03296009083049689,0.0,0.05790108564535584
2025-01-05,6.376824855804443,6.249419212341309,6.376824855804443,5.542396068572998,117113.0,-0.06101566551204859,0.0,0.05790108564535584
2025-01-06,6.341872215270996,6.376824855804443,7.541842937469482,6.1557230949401855,126365.0,-0.0662661042121894,0.0,0.05790108564535584
2025-01-07,5.870664119720459,6.341872215270996,6.619897842407227,5.7612738609313965,51661.0,0.007683589531307267,0.0,0.05790108564535584
2025-01-08,5.61076021194458,5.870664119720459,6.018606185913086,5.324458122253418,46106.0,0.057576070626635646,0.0,0.05790108564535584
2025-01-09,5.357944011688232,5.61076021194458,5.710909843444824,5.211472034454346,44058.0,0.1087277126740931,0.0,0.05790108564535584
2025-01-10,5.973561763763428,5.357944011688232,6.025755882263184,5.161269187927246,88496.0,-0.016321290534744855,0.0,0.05790108564535584
2025-01-11,5.31660795211792,5.973561763763428,5.973561763763428,5.147394180297852,36415.0,0.1158202606865288,0.0,0.05790108564535584
2025-01-12,5.066023826599121,5.31660795211792,5.34584903717041,4.828351974487305,51989.0,0.17542038103388383,0.0,0.05790108564535584
2025-01-13,5.681748867034912,5.066023826599121,5.681748867034912,4.5654377937316895,75091.0,0.043995860994254066,0.0,0.05790108564535584
2025-01-14,5.923922061920166,5.681748867034912,6.667063236236572,5.28218412399292,178305.0,-0.012104214230892465,0.0,0.05790108564535584
2025-01-15,6.816435813903809,5.923922061920166,6.899309158325195,5.909733772277832,61891.0,-0.1610199073780656,0.0,0.05790108564535584
2025-01-16,6.338881969451904,6.816435813903809,6.858877182006836,5.862922191619873,95124.0,-0.11333964994301825,0.0,0.05790108564535584
2025-01-17,7.483485221862793,6.338881969451904,8.49731159210205,6.338881969451904,229854.0,-0.2723969538798079,-1.0,0.47104945717732205
2025-01-18,6.449396133422852,7.483485221862793,7.484904766082764,6.150914192199707,88945.0,-0.1782831025577469,-1.0,0.47104945717732205
2025-01-19,5.597036838531494,6.449396133422852,6.519707202911377,5.597036838531494,110581.0,-0.08210738242732214,0.0,0.05790108564535584
2025-01-20,5.416225910186768,5.597036838531494,5.9802961349487305,5.263518810272217,92208.0,-0.06689287104981788,0.0,0.05790108564535584
2025-01-21,5.78877592086792,5.416225910186768,6.163411140441895,5.252212047576904,93966.0,-0.14983647369678751,0.0,0.05790108564535584
2025-01-22,5.863234043121338,5.78877592086792,5.937912940979004,5.498597145080566,51877.0,-0.1865164638649273,-1.0,0.47104945717732205
2025-01-23,5.4516777992248535,5.863234043121338,5.92887020111084,5.288061141967773,87648.0,-0.15507862586561635,0.0,0.05790108564535584
2025-01-24,5.071465015411377,5.4516777992248535,5.670990943908691,5.069305896759033,58553.0,-0.12156433740910658,0.0,0.05790108564535584
2025-01-25,6.104994773864746,5.071465015411377,7.02186918258667,4.940427780151367,227092.0,-0.30551474947243257,-1.0,0.47104945717732205
2025-01-26,5.378626823425293,6.104994773864746,6.111126899719238,5.336871147155762,53842.0,-0.2397089880763569,-1.0,0.47104945717732205
2025-01-27,5.359953880310059,5.378626823425293,5.430019855499268,4.765791893005371,92369.0,-0.268762620184777,-1.0,0.47104945717732205
2025-01-28,4.810856819152832,5.359953880310059,5.4804229736328125,4.810856819152832,23876.0,-0.21281741440116847,-1.0,0.47104945717732205
2025-01-29,4.949344158172607,4.810856819152832,5.02333402633667,4.810856819152832,20747.0,-0.2613196081643632,-1.0,0.47104945717732205
2025-01-30,4.9610209465026855,4.949344158172607,5.163053035736084,4.755262851715088,43896.0,-0.2905691147668884,-1.0,0.47104945717732205
2025-01-31,5.027483940124512,4.9610209465026855,5.232697010040283,4.84605884552002,43431.0,-0.3284081151338225,-1.0,0.47104945717732205
2025-02-01,4.413392066955566,5.027483940124512,5.052993774414063,4.413392066955566,44593.0,-0.2577541433886229,-1.0,0.47104945717732205
2025-02-02,3.327651023864746,4.413392066955566,4.451470851898193,2.9573910236358643,154439.0,-0.023906625222901108,0.0,0.05790108564535584
2025-02-03,4.246388912200928,3.327651023864746,4.246388912200928,2.5426690578460693,164256.0,-0.25379302035743917,-1.0,0.47104945717732205
2025-02-04,3.933595895767212,4.246388912200928,4.2645649909973145,3.110837936401367,92613.0,-0.21179399370577132,-1.0,0.47104945717732205
2025-02-05,3.738569021224976,3.933595895767212,4.099638938903809,3.644892930984497,65799.0,-0.18357525424916257,-1.0,0.47104945717732205
2025-02-06,3.16400408744812,3.738569021224976,3.96626091003418,2.779531955718994,97722.0,-0.038390428003748055,0.0,0.05790108564535584
2025-02-07,2.953497886657715,3.16400408744812,3.4716989994049072,2.9099819660186768,67553.0,0.036604205939922155,0.0,0.05790108564535584
2025-02-08,3.0932180881500244,2.953497886657715,3.0995640754699707,2.7819020748138428,42211.0,0.00538496644454632,0.0,0.05790108564535584
2025-02-09,3.2715260982513428,3.0932180881500244,3.58965802192688,3.0932180881500244,61890.0,-0.04552663298193667,0.0,0.05790108564535584
2025-02-10,2.981031894683838,3.2715260982513428,3.338229894638061,2.185009956359864,114855.0,0.03947612205264517,0.0,0.05790108564535584
2025-02-11,2.95759391784668,2.981031894683838,3.502485990524292,2.140507936477661,113040.0,0.04659789074807046,0.0,0.05790108564535584
2025-02-12,3.114794969558716,2.95759391784668,3.148519992828369,2.7974228858947754,35248.0,-0.012096250158787578,0.0,0.05790108564535584
2025-02-13,3.0502729415893555,3.114794969558716,3.1457889080047607,2.8699951171875,33330.0,-0.0006416570723406749,0.0,0.05790108564535584
2025-02-14,3.0243070125579834,3.0502729415893555,3.2231099605560303,2.974477052688598,26527.0,0.0015048757607507013,0.0,0.05790108564535584
2025-02-15,3.005055904388428,3.0243070125579834,3.1633529663085938,2.8819289207458496,24458.0,0.005278427936919271,0.0,0.05790108564535584
2025-02-16,2.939517021179199,3.005055904388428,3.1881558895111084,2.809468984603882,44218.0,0.0405140127183957,0.0,0.05790108564535584
2025-02-17,3.134605884552002,2.939517021179199,3.1422181129455566,2.728785991668701,25378.0,-0.03497523644654387,0.0,0.05790108564535584
2025-02-18,2.978780031204224,3.134605884552002,3.230632066726685,2.811822891235352,32037.0,0.011179041609109399,0.0,0.05790108564535584
2025-02-19,3.063437938690185,2.978780031204224,3.079845905303955,2.7060739994049072,37563.0,-0.02005566196253542,0.0,0.05790108564535584
2025-02-20,3.027873039245605,3.063437938690185,3.091028928756714,2.948982954025269,16501.0,-0.016091926612233003,0.0,0.05790108564535584
2025-02-21,3.2205018997192383,3.027873039245605,3.996601104736328,3.0164899826049805,124202.0,-0.0855653724141802,0.0,0.05790108564535584
2025-02-22,3.768950939178467,3.2205018997192383,3.921165943145752,3.2205018997192383,38916.0,-0.23680649161974396,-1.0,0.47104945717732205
2025-02-23,3.449460029602051,3.768950939178467,3.768950939178467,3.430912971496582,14938.0,-0.18394044337275656,-1.0,0.47104945717732205
2025-02-24,2.6468091011047363,3.449460029602051,3.5558130741119385,2.6468091011047363,56646.0,0.05765945554904227,0.0,0.05790108564535584
2025-02-25,2.911395072937012,2.6468091011047363,2.985909938812256,2.6458189487457275,36701.0,-0.046801239865748565,0.0,0.05790108564535584
2025-02-26,2.858680009841919,2.911395072937012,3.005218982696533,2.4966928958892822,47812.0,-0.03853368683075473,0.0,0.05790108564535584
2025-02-27,2.647046089172364,2.858680009841919,2.874526023864746,2.538880109786988,40661.0,0.03093273118067465,0.0,0.05790108564535584
2025-02-28,2.7519021034240723,2.647046089172364,2.852899074554444,2.423269033432007,21263.0,-0.0192684437948429,0.0,0.05790108564535584
2025-03-01,2.8938910961151123,2.7519021034240723,2.896167993545532,2.6988511085510254,12539.0,-0.08031732426145807,0.0,0.05790108564535584
2025-03-02,3.4671878814697266,2.8938910961151123,3.49755597114563,2.780606985092163,43441.0,-0.25323598181794604,-1.0,0.47104945717732205
2025-03-03,2.6636970043182373,3.4671878814697266,3.4871280193328857,2.568787097930908,54491.0,-0.03361436714615161,0.0,0.05790108564535584
2025-03-04,2.7982869148254395,2.6636970043182373,2.8067870140075684,2.431251049041748,35036.0,-0.08843970784023604,0.0,0.05790108564535584
2025-03-05,2.922300100326538,2.7982869148254395,2.923409938812256,2.6966969966888428,15543.0,-0.1327601028006061,0.0,0.05790108564535584
2025-03-06,2.707973957061768,2.922300100326538,3.0035080909729004,2.633734941482544,18134.0,-0.06756886000033573,0.0,0.05790108564535584
2025-03-07,2.741558074951172,2.707973957061768,3.0579700469970703,2.566293954849243,37550.0,-0.07917129318489513,0.0,0.05790108564535584
2025-03-08,2.8099570274353027,2.741558074951172,2.8351800441741943,2.688513994216919,0.0,-0.10953792778819883,0.0,0.05790108564535584
2025-03-09,2.588823080062866,2.8099570274353027,2.820398092269897,2.5211050510406494,21051.0,-0.03276941505911924,0.0,0.05790108564535584
2025-03-10,2.429219007492065,2.588823080062866,2.704092025756836,2.108484983444214,0.0,0.037230100969570946,0.0,0.05790108564535584
2025-03-11,2.5714120864868164,2.429219007492065,2.589011907577514,2.224147081375122,27890.0,-0.023715826914843252,0.0,0.05790108564535584
2025-03-12,2.486088991165161,2.5714120864868164,2.5714120864868164,2.404906988143921,0.0,0.017425278103837625,0.0,0.05790108564535584
2025-03-13,2.3726730346679688,2.486088991165161,2.514241933822632,2.319493055343628,0.0,0.06902216566212067,0.0,0.05790108564535584
2025-03-14,2.3312129974365234,2.3726730346679688,2.5699050426483154,2.2932450771331787,19479.0,0.08611950913023052,0.0,0.05790108564535584
2025-03-15,2.3700709342956543,2.3312129974365234,2.4510281085968018,2.3203470706939697,9934.0,0.06315103101955628,0.0,0.05790108564535584
2025-03-16,2.455122947692871,2.3700709342956543,2.4605441093444824,2.29325008392334,10209.0,0.019102031993130566,0.0,0.05790108564535584
2025-03-17,2.453520059585572,2.455122947692871,2.6768898963928223,2.421006917953491,16535.0,0.011580479241233248,0.0,0.05790108564535584
2025-03-18,2.4713690280914307,2.453520059585572,2.503110885620117,2.288037061691284,0.0,-0.006035766873437535,0.0,0.05790108564535584
2025-03-19,2.6916921138763428,2.4713690280914307,2.7692670822143555,2.19379997253418,34985.0,-0.10512879384854247,0.0,0.05790108564535584
2025-03-20,2.577270030975342,2.6916921138763428,2.7956409454345703,2.5352048873901367,0.0,-0.07954629042300534,0.0,0.05790108564535584
2025-03-21,2.7346439361572266,2.577270030975342,2.7346439361572266,2.333920955657959,0.0,-0.1479091860285186,0.0,0.05790108564535584
2025-03-22,2.497123956680298,2.7346439361572266,2.750818014144897,2.4916670322418213,12192.0,-0.07886214526596617,0.0,0.05790108564535584
2025-03-23,2.61442494392395,2.497123956680298,2.649761915206909,2.497123956680298,17067.0,-0.14143390207987766,0.0,0.05790108564535584
2025-03-24,2.64860200881958,2.61442494392395,2.805356979370117,2.5429909229278564,0.0,-0.17146472408949137,0.0,0.05790108564535584
2025-03-25,2.442189931869507,2.64860200881958,2.686523914337158,2.394416093826294,23398.0,-0.11946219718617389,0.0,0.05790108564535584
2025-03-26,2.7518210411071777,2.442189931869507,2.7518210411071777,2.2857260704040527,49402.0,-0.23226790074458423,-1.0,0.47104945717732205
2025-03-27,2.471096992492676,2.7518210411071777,2.7518210411071777,2.4370899200439453,49299.0,-0.16170389348707967,0.0,0.05790108564535584
2025-03-28,2.268714904785156,2.471096992492676,2.501930952072144,2.089668035507202,45114.0,-0.09433181038334307,0.0,0.05790108564535584
2025-03-29,2.198815107345581,2.268714904785156,2.3474340438842773,2.1591949462890625,12388.0,-0.06584408799765507,0.0,0.05790108564535584
2025-03-30,2.207006931304932,2.198815107345581,2.4792580604553223,2.1440820693969727,30697.0,-0.0783036942525672,0.0,0.05790108564535584
2025-03-31,2.172291040420532,2.207006931304932,2.207006931304932,2.0221519470214844,19688.0,-0.07094365280921246,0.0,0.05790108564535584
2025-04-01,2.114640951156616,2.172291040420532,2.373975992202759,2.077380895614624,0.0,-0.051979996208170745,0.0,0.05790108564535584
2025-04-02,2.023406982421875,2.114640951156616,2.250844955444336,1.9736210107803345,23470.0,-0.010540986011729711,0.0,0.05790108564535584
2025-04-03,2.0668299198150635,2.023406982421875,2.161823034286499,1.9283510446548464,28114.0,-0.03528111639503462,0.0,0.05790108564535584
2025-04-04,2.1453449726104736,2.0668299198150635,2.1916449069976807,2.035804033279419,0.0,-0.0781796895811387,0.0,0.05790108564535584
2025-04-05,2.077549934387207,2.1453449726104736,2.148775100708008,1.927731990814209,16961.0,-0.04968362692855788,0.0,0.05790108564535584
2025-04-06,1.8368819952011108,2.077549934387207,2.077549934387207,1.7494430541992188,39368.0,0.0766697179987488,0.0,0.05790108564535584
2025-04-07,1.9458520412445068,1.8368819952011108,2.013799905776977,1.6882909536361694,44349.0,0.016348934845883043,0.0,0.05790108564535584
2025-04-08,1.825914978981018,1.9458520412445068,1.981943964958191,1.825258016586304,0.0,0.1049855763753531,0.0,0.05790108564535584
2025-04-09,2.222912073135376,1.825914978981018,2.2829630374908447,1.717290997505188,22325.0,-0.09257808279824417,0.0,0.05790108564535584
2025-04-10,1.894991993904113,2.222912073135376,2.222912073135376,1.8327150344848635,0.0,0.08109578019349775,0.0,0.05790108564535584
2025-04-11,2.0334019660949707,1.894991993904113,2.0740349292755127,1.894991993904113,8943.0,0.03857622129312469,0.0,0.05790108564535584
2025-04-12,2.1894800662994385,2.0334019660949707,2.2352728843688965,2.0123109817504883,13193.0,-0.005567334124983844,0.0,0.05790108564535584
2025-04-13,1.9291629791259768,2.1894800662994385,2.2752480506896973,1.8007090091705322,44824.0,0.16186547227219425,0.0,0.05790108564535584
2025-04-14,1.9481600522994995,1.9291629791259768,2.113600969314575,1.9291629791259768,11638.0,0.18926430562443033,0.0,0.05790108564535584
2025-04-15,1.926216959953308,1.9481600522994995,2.039536952972412,1.9220550060272217,12921.0,0.23188793364512575,1.0,0.47104945717732205
2025-04-16,1.9863959550857544,1.926216959953308,1.9863959550857544,1.7028000354766846,30164.0,0.21966011823269455,0.0,0.05790108564535584
2025-04-17,1.9524719715118408,1.9863959550857544,2.015000104904175,1.949694037437439,0.0,0.27591954180690337,1.0,0.47104945717732205
2025-04-18,1.917322993278504,1.9524719715118408,1.9524719715118408,1.878651976585388,0.0,0.33110928380183097,1.0,0.47104945717732205
2025-04-19,2.031450033187866,1.917322993278504,2.032787084579468,1.917322993278504,0.0,0.2821413771022298,1.0,0.47104945717732205
2025-04-20,1.8842790126800537,2.031450033187866,2.031450033187866,1.8398970365524288,10434.0,0.41116434757228737,1.0,0.47104945717732205
2025-04-21,1.9451440572738647,1.8842790126800537,2.075087070465088,1.855515956878662,25328.0,0.39556655882767755,1.0,0.47104945717732205
2025-04-22,2.385145902633667,1.9451440572738647,2.385145902633667,1.922685980796814,25866.0,0.14084928713492792,0.0,0.05790108564535584
2025-04-23,2.2160439491271973,2.385145902633667,2.54554295539856,2.1570160388946533,23503.0,0.23261670697662065,1.0,0.47104945717732205
2025-04-24,2.3366739749908447,2.2160439491271973,2.3366739749908447,2.0892128944396973,11591.0,0.18814733120144939,0.0,0.05790108564535584
2025-04-25,2.917853116989136,2.3366739749908447,3.1564290523529053,2.242264986038208,100813.0,-0.042191870642456886,0.0,0.05790108564535584
2025-04-26,3.105746030807495,2.917853116989136,3.105746030807495,2.7383129596710205,18068.0,-0.09407540163825667,0.0,0.05790108564535584
2025-04-27,2.8270859718322754,3.105746030807495,3.1772139072418213,2.787745952606201,30538.0,0.011735291355896,0.0,0.05790108564535584
2025-04-28,3.004451036453247,2.8270859718322754,3.081820011138916,2.728015899658203,14364.0,-0.03756615368908304,0.0,0.05790108564535584
2025-04-29,2.710304021835327,3.004451036453247,3.061454057693481,2.710304021835327,0.0,0.10300395955391596,0.0,0.05790108564535584
2025-04-30,2.6842188835144043,2.710304021835327,2.8099820613861084,2.6477251052856445,9797.0,0.13798254159010498,0.0,0.05790108564535584
2025-05-01,2.911041021347046,2.6842188835144043,3.1251790523529053,2.6842188835144043,0.0,0.0570112426283838,0.0,0.05790108564535584
2025-05-02,2.770893096923828,2.911041021347046,2.979819059371948,2.768800973892212,7540.0,0.12209062060008127,0.0,0.05790108564535584
2025-05-03,2.765605926513672,2.770893096923828,2.8577020168304443,2.743550062179565,0.0,0.13047123726750567,0.0,0.05790108564535584
2025-05-04,2.6461760997772217,2.765605926513672,2.807317018508911,2.621151924133301,0.0,0.18832600532237076,0.0,0.05790108564535584
2025-05-05,2.722852945327759,2.6461760997772217,2.745388984680176,2.603017091751098,7873.0,0.15962991575367694,0.0,0.05790108564535584
2025-05-06,2.476341962814331,2.722852945327759,2.722852945327759,2.437618970870972,10616.0,0.28262248620696495,1.0,0.47104945717732205
2025-05-07,2.362215042114258,2.476341962814331,2.583314895629883,2.293879985809326,16288.0,0.36254119677941893,1.0,0.47104945717732205
2025-05-08,2.963596105575561,2.362215042114258,3.051829099655152,2.3443939685821533,44972.0,0.09078325810061048,0.0,0.05790108564535584
2025-05-09,3.175879955291748,2.963596105575561,5.9895100593566895,2.9185290336608887,37057.0,0.011223368623662586,0.0,0.05790108564535584
2025-05-10,3.369342088699341,3.175879955291748,3.3853189945220947,2.589387893676758,95701.0,-0.05586936336127273,0.0,0.05790108564535584
2025-05-11,3.4807589054107666,3.369342088699341,3.4807589054107666,3.10467791557312,33494.0,-0.09956954867506089,0.0,0.05790108564535584
2025-05-12,3.4429690837860107,3.4807589054107666,3.545454978942871,3.209069967269897,38064.0,-0.0958129835430348,0.0,0.05790108564535584
2025-05-13,4.080773830413818,3.4429690837860107,4.17628288269043,3.292855024337769,47859.0,-0.24706732316606375,-1.0,0.47104945717732205
2025-05-14,3.5958731174468994,4.080773830413818,4.080773830413818,3.3921000957489014,52449.0,-0.15629810932567129,0.0,0.05790108564535584
2025-05-15,3.2247650623321533,3.5958731174468994,3.680783033370972,3.166778087615967,28843.0,-0.06112836551813768,0.0,0.05790108564535584
2025-05-16,3.221554040908813,3.2247650623321533,3.539509057998657,3.195280075073242,23901.0,-0.06617833888435792,0.0,0.05790108564535584
2025-05-17,3.007033109664917,3.221554040908813,3.221554040908813,2.9747259616851807,0.0,-0.0015455524607581356,0.0,0.05790108564535584
2025-05-18,2.899322986602783,3.007033109664917,3.198164939880371,2.7662599086761475,40122.0,0.03664119871302849,0.0,0.05790108564535584
2025-05-19,2.9045989513397217,2.899322986602783,2.9951300621032715,2.598373889923096,48837.0,0.045235034905324226,0.0,0.05790108564535584
2025-05-20,2.738284111022949,2.9045989513397217,3.008223056793213,2.673305988311768,40070.0,0.12293988216284188,0.0,0.05790108564535584
2025-05-21,2.9558629989624023,2.738284111022949,3.043632984161377,2.738284111022949,30490.0,0.04589133734409491,0.0,0.05790108564535584
2025-05-22,3.1599559783935547,2.9558629989624023,3.587385892868042,2.939516067504883,0.0,-0.026688426940588254,0.0,0.05790108564535584
2025-05-23,2.880242109298706,3.1599559783935547,3.302462100982666,2.723227977752685,27234.0,0.07427085316415585,0.0,0.05790108564535584
2025-05-24,2.9433929920196533,2.880242109298706,3.005108118057251,2.798238039016724,23330.0,0.056217168809950736,0.0,0.05790108564535584
2025-05-25,2.8239099979400635,2.9433929920196533,2.996774911880493,2.5586180686950684,45870.0,0.10822954583998368,0.0,0.05790108564535584
2025-05-26,3.1476619243621826,2.8239099979400635,3.19597601890564,2.803360939025879,40084.0,-0.004401722316682384,0.0,0.05790108564535584
2025-05-27,3.513214111328125,3.1476619243621826,3.513214111328125,3.1456449031829834,32741.0,-0.11163742931350493,0.0,0.05790108564535584
2025-05-28,3.0540308952331543,3.513214111328125,3.513214111328125,2.9469120502471924,46852.0,0.02263632585809027,0.0,0.05790108564535584
2025-05-29,3.137902021408081,3.0540308952331543,3.553041934967041,3.0540308952331543,0.0,-0.011139111642176822,0.0,0.05790108564535584
2025-05-30,2.951585054397583,3.137902021408081,3.2274539470672607,2.8876640796661377,36055.0,0.049329581382365616,0.0,0.05790108564535584
2025-05-31,2.923434019088745,2.951585054397583,3.1389288902282715,2.8713181018829346,32317.0,0.056132831755822954,0.0,0.05790108564535584
2025-06-01,2.943732023239136,2.923434019088745,3.0282020568847656,2.864504098892212,14846.0,0.046324620871792774,0.0,0.05790108564535584
2025-06-02,3.330631971359253,2.943732023239136,3.330631971359253,2.8467979431152344,29483.0,-0.0889942527686562,0.0,0.05790108564535584
2025-06-03,3.28344202041626,3.330631971359253,3.6048619747161865,3.1926889419555664,60344.0,-0.09102719543619095,0.0,0.05790108564535584
2025-06-04,3.188025951385498,3.28344202041626,3.8121418952941895,3.188023090362549,55961.0,-0.07817626121985,0.0,0.05790108564535584
2025-06-05,2.937499046325684,3.188025951385498,3.2668728828430176,2.674633026123047,58283.0,-0.0035647835753415125,0.0,0.05790108564535584
2025-06-06,3.139780044555664,2.937499046325684,3.354624032974243,2.870184898376465,43630.0,-0.08269711720246116,0.0,0.05790108564535584
2025-06-07,3.149221897125244,3.139780044555664,3.2445640563964844,3.139770984649658,0.0,-0.10387963611861263,0.0,0.05790108564535584
2025-06-08,3.11340594291687,3.149221897125244,3.301745891571045,3.052809000015259,0.0,-0.11380820305682758,0.0,0.05790108564535584
2025-06-09,3.207390069961548,3.11340594291687,3.296612024307251,2.5994560718536377,84092.0,-0.1545871655546474,0.0,0.05790108564535584
2025-06-10,3.3340299129486084,3.207390069961548,3.334280014038086,2.965784072875977,27044.0,-0.20567105856010587,-1.0,0.47104945717732205
2025-06-11,3.084201097488404,3.3340299129486084,3.3340299129486084,3.084201097488404,16955.0,-0.15905730705132434,0.0,0.05790108564535584
2025-06-12,2.854901075363159,3.084201097488404,3.150477886199951,2.8499929904937744,12470.0,-0.10404500530009088,0.0,0.05790108564535584
2025-06-13,2.8709020614624023,2.854901075363159,2.9814860820770264,2.6314709186553955,52549.0,-0.12114230277138753,0.0,0.05790108564535584
2025-06-14,2.7883219718933105,2.8709020614624023,2.908355951309204,2.673825979232788,16796.0,-0.10521551877353938,0.0,0.05790108564535584
2025-06-15,2.839637041091919,2.7883219718933105,2.861716985702514,2.7449710369110107,7559.0,-0.13137409373617007,0.0,0.05790108564535584
2025-06-16,2.688390016555786,2.839637041091919,2.933440923690796,2.6871840953826904,20336.0,-0.08683771587950183,0.0,0.05790108564535584
2025-06-17,2.5881268978118896,2.688390016555786,2.9393310546875,2.5704989433288574,45553.0,-0.05887949393729149,0.0,0.05790108564535584
2025-06-18,2.5473649501800537,2.5881268978118896,2.746284008026123,2.44336199760437,40603.0,-0.04082025366674987,0.0,0.05790108564535584
2025-06-19,2.772711992263794,2.5473649501800537,2.8918490409851074,2.4945309162139893,44090.0,-0.12171156919710975,0.0,0.05790108564535584
2025-06-20,2.4832050800323486,2.772711992263794,2.7852489948272705,2.476533889770508,8554.0,-0.020041040106055848,0.0,0.05790108564535584
2025-06-21,2.3365581035614014,2.4832050800323486,2.6446499824523926,2.1966030597686768,48078.0,0.04192892896372972,0.0,0.05790108564535584
2025-06-22,2.231307029724121,2.3365581035614014,2.451920986175537,2.0495359897613525,39685.0,0.09667835215395905,0.0,0.05790108564535584
2025-06-23,2.542304992675781,2.231307029724121,2.542304992675781,2.159745931625366,25321.0,-0.0466276874805738,0.0,0.05790108564535584
2025-06-24,2.448498010635376,2.542304992675781,2.634242057800293,2.2845470905303955,35308.0,-0.010532943403866615,0.0,0.05790108564535584
2025-06-25,2.318680047988892,2.448498010635376,2.5495290756225586,2.318666934967041,13395.0,0.06043801919254553,0.0,0.05790108564535584
2025-06-26,2.354072093963623,2.318680047988892,2.506577968597412,2.261352062225342,0.0,0.06780652278092249,0.0,0.05790108564535584
2025-06-27,2.384423017501831,2.354072093963623,2.4318149089813232,2.314884901046753,11613.0,0.06885191352031908,0.0,0.05790108564535584
2025-06-28,2.39398193359375,2.384423017501831,2.3939828872680664,2.275892972946167,0.0,0.07826889448064367,0.0,0.05790108564535584
2025-06-29,2.442528009414673,2.39398193359375,2.4623711109161377,2.148277997970581,28238.0,0.06064175172861081,0.0,0.05790108564535584
2025-06-30,2.5253469944000244,2.439078092575073,2.5830979347229004,2.434232950210572,11399.0,0.025013159773890785,0.0,0.05790108564535584
2025-07-01,2.3193678855896,2.5253469944000244,2.532274007797241,2.319365978240967,15518.0,0.11805068239632137,0.0,0.05790108564535584
2025-07-02,2.654346942901612,2.3193678855896,3.035720109939575,2.1583049297332764,85466.0,-0.023522202686379366,0.0,0.05790108564535584
2025-07-03,2.658751964569092,2.654346942901612,2.769292116165161,2.590411901473999,13603.0,-0.0315621641341398,0.0,0.05790108564535584
2025-07-04,2.457979917526245,2.658751964569092,2.7014920711517334,2.37268590927124,14669.0,0.04372891727413256,0.0,0.05790108564535584
2025-07-05,2.3517959117889404,2.457979917526245,2.462812900543213,2.2945210933685303,7016.0,0.09025502009593796,0.0,0.05790108564535584
2025-07-06,2.406287908554077,2.3517959117889404,2.406287908554077,2.2321009635925293,12737.0,0.06445261209297169,0.0,0.05790108564535584
2025-07-07,2.216624021530152,2.406287908554077,2.4554660320281982,2.216576099395752,13616.0,0.16897188576001354,0.0,0.05790108564535584
2025-07-08,2.4337270259857178,2.216624021530152,2.443099975585937,2.1406710147857666,26770.0,0.05868658836876938,0.0,0.05790108564535584
2025-07-09,2.8241970539093018,2.4337270259857178,3.1065831184387207,2.2332570552825928,52793.0,-0.09962486547228433,0.0,0.05790108564535584
2025-07-10,3.1223509311676025,2.8241970539093018,3.1223509311676025,2.718050956726074,27868.0,-0.2033344622417971,-1.0,0.47104945717732205
2025-07-11,2.873044967651367,3.1223509311676025,3.2167580127716064,2.873044013977051,26406.0,-0.15190031606238202,0.0,0.05790108564535584
2025-07-12,2.852638006210327,2.873044967651367,3.020270109176636,2.8526370525360107,14236.0,-0.1625912524082335,0.0,0.05790108564535584
2025-07-13,2.572601079940796,2.852638006210327,2.9092020988464355,2.500727891921997,41236.0,-0.07988732230570081,0.0,0.05790108564535584
2025-07-14,2.495481014251709,2.572601079940796,2.587593078613281,2.2411720752716064,63590.0,-0.061794045453243844,0.0,0.05790108564535584
2025-07-15,2.384565114974976,2.495481014251709,2.495481014251709,2.3063759803771973,0.0,-0.026783067385407717,0.0,0.05790108564535584
2025-07-16,2.636707067489624,2.384565114974976,2.779123067855835,2.293747901916504,38159.0,-0.1272525027334506,0.0,0.05790108564535584
2025-07-17,2.419703960418701,2.636707067489624,2.7278668880462646,2.3629260063171387,48842.0,-0.054043281334926765,0.0,0.05790108564535584
2025-07-18,2.326781988143921,2.419703960418701,2.966886043548584,2.140305995941162,65376.0,-0.022285003808189367,0.0,0.05790108564535584
2025-07-19,2.332092046737671,2.326781988143921,2.488971948623657,2.228494882583618,34866.0,-0.03220734219329219,0.0,0.05790108564535584
2025-07-20,2.368798017501831,2.332092046737671,2.5763189792633057,2.174561023712158,29896.0,-0.052048202877621,0.0,0.05790108564535584
2025-07-21,2.633708000183105,2.368798017501831,2.785968065261841,2.288809061050415,49372.0,-0.15758285530957977,0.0,0.05790108564535584
2025-07-22,2.22908902168274,2.633708000183105,2.646043062210083,2.115056037902832,70450.0,-0.009314806745722224,0.0,0.05790108564535584
2025-07-23,2.352154016494751,2.22908902168274,2.46258807182312,2.1923749446868896,22791.0,-0.06695159422065677,0.0,0.05790108564535584
2025-07-24,2.3472070693969727,2.352154016494751,2.4600090980529785,2.185023069381714,0.0,-0.05538802541707597,0.0,0.05790108564535584
2025-07-25,2.161273002624512,2.3472070693969727,2.4220409393310547,2.1004910469055176,49488.0,0.04541283674990349,0.0,0.05790108564535584
2025-07-26,2.1833748817443848,2.161273002624512,2.318618059158325,2.1016249656677246,48485.0,0.051224837711795555,0.0,0.05790108564535584
2025-07-27,2.2682249546051025,2.1833748817443848,2.3185009956359863,2.1579840183258057,15228.0,0.02288228724592367,0.0,0.05790108564535584
2025-07-28,2.134172916412353,2.2682249546051025,2.381612062454224,2.099984884262085,39757.0,0.09951406480636117,0.0,0.05790108564535584
2025-07-29,2.096501111984253,2.134172916412353,2.2612829208374023,2.054927110671997,9275.0,0.130733266831879,0.0,0.05790108564535584
2025-07-30,2.363431930541992,2.096501111984253,2.363431930541992,2.0381550788879395,39835.0,0.009452863860763836,0.0,0.05790108564535584
2025-07-31,2.248284101486206,2.363431930541992,2.482419013977051,2.246777057647705,27277.0,0.07702058792415555,0.0,0.05790108564535584
2025-08-01,2.130703926086426,2.248284101486206,2.332663059234619,2.049711942672729,50611.0,0.15500058026392907,0.0,0.05790108564535584
2025-08-02,2.080818891525269,2.130703926086426,2.156680107116699,1.9723960161209104,0.0,0.20156646472190493,0.0,0.05790108564535584
2025-08-03,2.2081449031829834,2.080818891525269,2.284337043762207,1.9498159885406487,48120.0,0.1470067282348619,0.0,0.05790108564535584
2025-08-04,2.258150100708008,2.2081449031829834,2.298551082611084,2.135056972503662,12851.0,0.13637475600145627,0.0,0.05790108564535584
2025-08-05,2.084115028381348,2.258150100708008,2.316092014312744,1.886976957321167,45807.0,0.24793765747292465,1.0,0.47104945717732205
2025-08-06,2.161026954650879,2.084115028381348,2.2803869247436523,2.059190034866333,0.0,0.2187739467647443,0.0,0.05790108564535584
2025-08-07,2.6625759601593018,2.161026954650879,2.8008968830108643,2.1610050201416016,79317.0,-0.021320856635805924,0.0,0.05790108564535584
2025-08-08,2.752389907836914,2.6625759601593018,2.801865100860596,2.522223949432373,43041.0,-0.06764253589755385,0.0,0.05790108564535584
2025-08-09,2.684509992599488,2.752389907836914,2.836587905883789,2.317671060562134,72335.0,-0.05386713521201907,0.0,0.05790108564535584
2025-08-10,2.61695408821106,2.684509992599488,2.762440919876098,2.614857912063598,24708.0,-0.04044144093455799,0.0,0.05790108564535584
2025-08-11,2.5041370391845703,2.61695408821106,2.7653069496154785,2.316396951675415,62216.0,-0.007087069595590832,0.0,0.05790108564535584
2025-08-12,2.432926893234253,2.5041370391845703,2.7311511039733887,2.1849660873413086,89297.0,0.014860387384784917,0.0,0.05790108564535584
2025-08-13,2.5760860443115234,2.432926893234253,2.5760860443115234,2.254693984985352,82726.0,-0.054505080081744976,0.0,0.05790108564535584
2025-08-14,2.747735977172852,2.5760860443115234,2.853806972503662,2.52571702003479,132508.0,-0.13112208065361436,0.0,0.05790108564535584
2025-08-15,2.6839280128479004,2.747735977172852,2.7573330402374268,2.5637900829315186,34934.0,-0.12772169379192785,0.0,0.05790108564535584
2025-08-16,2.630709886550904,2.6839280128479004,2.7820560932159424,2.630709886550904,14251.0,-0.12458945229522413,0.0,0.05790108564535584
2025-08-17,2.6633529663085938,2.630709886550904,2.849644899368286,2.615748882293701,32904.0,-0.1547834615984289,0.0,0.05790108564535584
2025-08-18,2.72501802444458,2.6633529663085938,2.725022077560425,2.558480978012085,0.0,-0.19453230945969424,-1.0,0.47104945717732205
2025-08-19,2.5704870223999023,2.72501802444458,2.7875730991363525,2.5219171047210693,54012.0,-0.1647036614420269,0.0,0.05790108564535584
2025-08-20,2.6224350929260254,2.5704870223999023,2.90848708152771,2.535583972930908,50022.0,-0.19526676591982634,-1.0,0.47104945717732205
2025-08-21,2.270634889602661,2.6224350929260254,2.638047933578491,2.125016927719116,46495.0,-0.07863203430839569,0.0,0.05790108564535584
2025-08-22,2.1980419158935547,2.270634889602661,2.4236040115356445,2.1872498989105225,64975.0,-0.053713305529829565,0.0,0.05790108564535584
2025-08-23,2.3161959648132324,2.1980419158935547,2.377017974853516,2.140836000442505,0.0,-0.1111840277772672,0.0,0.05790108564535584
2025-08-24,2.21399998664856,2.3161959648132324,2.52496600151062,2.2096190452575684,37266.0,-0.0731874199723607,0.0,0.05790108564535584
2025-08-25,2.1579079627990723,2.21399998664856,2.321381092071533,2.1172471046447754,14856.0,-0.05429352154083626,0.0,0.05790108564535584
2025-08-26,2.1906020641326904,2.1579079627990723,2.2444839477539062,2.13542103767395,10401.0,-0.07222751282383737,0.0,0.05790108564535584
2025-08-27,2.1084179878234863,2.1906020641326904,2.235238075256348,2.0775909423828125,11125.0,-0.03782596218994166,0.0,0.05790108564535584
2025-08-28,2.072527885437012,2.1084179878234863,2.1886448860168457,1.9450299739837649,56062.0,-0.020693731129318858,0.0,0.05790108564535584
2025-08-29,2.035518884658813,2.072527885437012,2.0778589248657227,1.935917973518372,0.0,0.0038644250268499475,0.0,0.05790108564535584
2025-08-30,2.0961759090423584,2.035518884658813,2.0961759090423584,1.9575330018997192,10531.0,-0.019420083776494672,0.0,0.05790108564535584
2025-08-31,1.9375760555267327,2.0961759090423584,2.1504759788513184,1.9194200038909912,24491.0,0.0657200834749568,0.0,0.05790108564535584
2025-09-01,1.9382740259170528,1.9375760555267327,2.0595149993896484,1.864137053489685,30473.0,0.07136926515227279,0.0,0.05790108564535584
2025-09-02,1.9013489484786987,1.9382740259170528,1.9742100238800049,1.8181190490722656,24193.0,0.10190857765745046,0.0,0.05790108564535584
2025-09-03,2.1078269481658936,1.9013489484786987,2.1078269481658936,1.8534120321273804,29420.0,-0.0010217808469948114,0.0,0.05790108564535584
2025-09-04,2.0148489475250244,2.1078269481658936,2.13008189201355,1.9520139694213867,35801.0,0.0502558285372614,0.0,0.05790108564535584
2025-09-05,2.028467893600464,2.0148489475250244,2.1142570972442627,1.93641996383667,36531.0,0.04303950376046426,0.0,0.05790108564535584
2025-09-06,2.017914056777954,2.028467893600464,2.0317890644073486,1.961892008781433,0.0,0.04799550486052147,0.0,0.05790108564535584
2025-09-07,2.120074987411499,2.017914056777954,2.120074987411499,1.9009549617767327,24195.0,-0.008180632893149076,0.0,0.05790108564535584
2025-09-08,2.0008909702301025,2.120074987411499,2.123686075210572,1.982105016708374,19303.0,0.045913384672068916,0.0,0.05790108564535584
2025-09-09,2.0734610557556152,2.0008909702301025,2.08040189743042,1.941019058227539,0.0,0.001642292907534553,0.0,0.05790108564535584
2025-09-10,2.0564041137695312,2.0734610557556152,2.0734610557556152,1.9242039918899536,0.0,0.006374870213948907,0.0,0.05790108564535584
2025-09-11,2.0861709117889404,2.0564041137695312,2.110229969024658,2.018819093704224,15861.0,-0.01667613329546683,0.0,0.05790108564535584
2025-09-12,2.227955102920532,2.0861709117889404,2.227955102920532,2.0861709117889404,30257.0,-0.09021102089924028,0.0,0.05790108564535584
2025-09-13,2.2653379440307617,2.227955102920532,2.2653379440307617,2.1530001163482666,23815.0,-0.11641054738753567,0.0,0.05790108564535584
2025-09-14,2.0698161125183105,2.2653379440307617,2.273765087127685,2.023332118988037,43407.0,-0.033808993230318364,0.0,0.05790108564535584
2025-09-15,2.101983070373535,2.0698161125183105,2.1470489501953125,1.962460994720459,29990.0,-0.050227777132152325,0.0,0.05790108564535584
2025-09-16,2.160425901412964,2.101983070373535,2.171535015106201,2.01904296875,27432.0,-0.0844953658720732,0.0,0.05790108564535584
2025-09-17,2.255673885345459,2.160425901412964,2.3428800106048584,2.095613956451416,36059.0,-0.13152655748178596,0.0,0.05790108564535584
2025-09-18,2.1609199047088623,2.255673885345459,2.255673885345459,2.124129056930542,0.0,-0.09605610050361033,0.0,0.05790108564535584
2025-09-19,2.0237820148468018,2.1609199047088623,2.2435030937194824,2.0237820148468018,33167.0,-0.036063352088379075,0.0,0.05790108564535584
2025-09-20,2.003812074661255,2.0237820148468018,2.062730073928833,1.9789680242538448,0.0,-0.023218743096358876,0.0,0.05790108564535584
2025-09-21,1.9516069889068604,2.003812074661255,2.0362980365753174,1.928797006607056,10787.0,0.0069725081563200885,0.0,0.05790108564535584
2025-09-22,1.8612719774246216,1.9516069889068604,1.9516069889068604,1.8535089492797847,10069.0,0.06630567703457214,0.0,0.05790108564535584
2025-09-23,1.8509680032730105,1.8612719774246216,1.9321810007095337,1.836351990699768,36397.0,0.07657746761951703,0.0,0.05790108564535584
2025-09-24,1.9534640312194824,1.8509680032730105,1.975186944007873,1.817602038383484,38502.0,0.019739759354690713,0.0,0.05790108564535584
2025-09-25,1.832326054573059,1.9534640312194824,1.9534640312194824,1.7578680515289309,0.0,0.08580129747151473,0.0,0.05790108564535584
2025-09-26,1.8861780166625977,1.832326054573059,1.89854097366333,1.8126879930496216,18483.0,0.04321569492727385,0.0,0.05790108564535584
2025-09-27,1.910573959350586,1.8861780166625977,1.960541009902954,1.8850630521774288,0.0,0.017020267834235176,0.0,0.05790108564535584
2025-09-28,2.0447421073913574,1.910573959350586,2.053102970123291,1.910573959350586,31901.0,-0.06529965824303571,0.0,0.05790108564535584
2025-09-29,2.053926944732666,2.0447421073913574,2.1440908908843994,2.0364019870758057,31522.0,-0.08288127460074578,0.0,0.05790108564535584
2025-09-30,1.901072978973389,2.053926944732666,2.073399066925049,1.901072978973389,34791.0,-0.018161608912295197,0.0,0.05790108564535584
2025-10-01,1.9912550449371336,1.901072978973389,2.0287981033325195,1.899392008781433,10848.0,-0.10002559417282939,0.0,0.05790108564535584
2025-10-02,2.0819249153137207,1.9912550449371336,2.1022820472717285,1.9898020029067995,26902.0,-0.15986917515157564,0.0,0.05790108564535584
2025-10-03,1.988044023513794,2.0819249153137207,2.084449052810669,1.9603309631347656,0.0,-0.1416664576524201,0.0,0.05790108564535584
2025-10-04,2.0946500301361084,1.988044023513794,2.1223859786987305,1.9742799997329712,26000.0,-0.21016021096406906,-1.0,0.47104945717732205
2025-10-05,2.0626060962677,2.0946500301361084,2.121565103530884,2.016784906387329,21167.0,-0.2229161611971153,-1.0,0.47104945717732205
2025-10-06,2.1338560581207275,2.0626060962677,2.223874092102051,2.056756019592285,30190.0,-0.27551004076006863,-1.0,0.47104945717732205
2025-10-07,1.96332597732544,2.1338560581207275,2.135284900665283,1.9473429918289185,34804.0,-0.23677156403509297,-1.0,0.47104945717732205
2025-10-08,1.9438669681549072,1.96332597732544,1.9688739776611328,1.8848190307617188,0.0,-0.2527376975399732,-1.0,0.47104945717732205
2025-10-09,1.79756498336792,1.9438669681549072,1.9666110277175903,1.7870210409164429,35348.0,-0.21008204173209796,-1.0,0.47104945717732205
2025-10-10,1.5802570581436155,1.79756498336792,1.828233003616333,1.5035710334777832,93898.0,-0.11883029415797386,0.0,0.05790108564535584
2025-10-11,1.5662009716033936,1.5802570581436155,1.6686209440231323,1.5374809503555298,37643.0,-0.12751471924030044,0.0,0.05790108564535584
2025-10-12,1.598544001579285,1.5662009716033936,1.6218830347061155,1.4058419466018677,33639.0,-0.16546735429554402,0.0,0.05790108564535584
2025-10-13,1.668558955192566,1.598544001579285,1.685644030570984,1.5929540395736694,17933.0,-0.22021736231165448,-1.0,0.47104945717732205
2025-10-14,1.6609950065612793,1.668558955192566,1.676846981048584,1.5114469528198242,47385.0,-0.237548484605151,-1.0,0.47104945717732205
2025-10-15,0.9487050175666808,1.6609950065612793,1.6609950065612793,0.8691480159759521,25170.0,0.3541215111746161,1.0,0.47104945717732205
2025-10-16,1.4800750017166138,0.9487050175666808,1.597277045249939,0.9487050175666808,17677.0,-0.15017027942449637,0.0,0.05790108564535584
2025-10-17,1.390462040901184,1.4800750017166138,1.4802839756011963,0.5575460195541382,14565.0,-0.11106629218075328,0.0,0.05790108564535584
2025-10-18,1.3671129941940308,1.390462040901184,1.4625710248947144,1.2615419626235962,16397.0,-0.11220311863047083,0.0,0.05790108564535584
2025-10-19,1.3399250507354736,1.3671129941940308,1.3932290077209473,1.3013299703598022,7814.0,-0.11302181161433378,0.0,0.05790108564535584
2025-10-20,1.3378080129623413,1.3399250507354736,1.3668650388717651,1.3217899799346924,4981.0,-0.13655445692420662,0.0,0.05790108564535584
2025-10-21,1.298450946807861,1.33782696723938,1.354375958442688,1.298450946807861,3096.0,-0.13239716044666927,0.0,0.05790108564535584
2025-10-22,1.3014390468597412,1.298450946807861,1.332764983177185,1.2578049898147583,14274.0,-0.1562607881248718,0.0,0.05790108564535584
2025-10-23,1.3404699563980105,1.3014390468597412,1.3789010047912598,1.2995959520339966,5149.0,-0.20948554782218937,-1.0,0.47104945717732205
2025-10-24,1.1958980560302734,1.3404699563980105,1.3504480123519895,1.1883430480957031,0.0,-0.13817001844398394,0.0,0.05790108564535584
2025-10-25,1.2023780345916748,1.1958980560302734,1.2253910303115845,1.195505976676941,0.0,-0.16761137543218899,0.0,0.05790108564535584
2025-10-26,1.1442420482635498,1.2023780345916748,1.2099859714508057,1.096668004989624,10762.0,-0.14304781430430927,0.0,0.05790108564535584
2025-10-27,1.2076250314712524,1.1442420482635498,1.270027995109558,1.1440999507904053,14098.0,-0.20655366814873255,-1.0,0.47104945717732205
2025-10-28,1.1754029989242554,1.2076250314712524,1.2623449563980105,1.1635379791259766,24708.0,-0.20376742801883482,-1.0,0.47104945717732205
2025-10-29,1.2039769887924194,1.1727449893951416,1.226307034492493,1.117082953453064,0.0,-0.2443601916703618,-1.0,0.47104945717732205
2025-10-30,1.104172945022583,1.2039769887924194,1.20626699924469,1.092479944229126,7600.0,-0.19687877126564673,-1.0,0.47104945717732205
2025-10-31,1.0854979753494265,1.104172945022583,1.1249979734420776,1.0673140287399292,0.0,-0.2037240354944852,-1.0,0.47104945717732205
2025-11-01,1.054774045944214,1.0854979753494265,1.1016030311584473,1.0492630004882812,6774.0,-0.19990208293958409,-1.0,0.47104945717732205
2025-11-02,0.9866440296173096,1.054774045944214,1.0601969957351685,0.9575150012969972,15523.0,-0.16544389333814782,0.0,0.05790108564535584
2025-11-03,0.8707690238952637,0.9866440296173096,0.9931399822235109,0.8609700202941895,45692.0,-0.06859365154117456,0.0,0.05790108564535584
2025-11-04,0.8982660174369812,0.8752539753913879,0.9079139828681946,0.8207209706306458,21807.0,-0.11428368665958796,0.0,0.05790108564535584
2025-11-05,0.902935028076172,0.8982660174369812,0.9656170010566713,0.8439630270004272,0.0,-0.13501345685116672,0.0,0.05790108564535584
2025-11-06,0.8026700019836426,0.902935028076172,0.904317021369934,0.7786650061607361,5839.0,-0.0398431773517096,0.0,0.05790108564535584
2025-11-07,0.7898970246315002,0.8026700019836426,0.8488180041313171,0.51528400182724,17772.0,-0.04132674878814053,0.0,0.05790108564535584
2025-11-08,0.7849680185317993,0.7898970246315002,0.8094499707221985,0.7811390161514282,2647.0,-0.05061791436510505,0.0,0.05790108564535584
2025-11-09,0.8602510094642639,0.7849680185317993,0.8662580251693726,0.7011290192604065,0.0,-0.15348760281758228,0.0,0.05790108564535584
2025-11-10,0.8943740129470825,0.8602510094642639,0.9090420007705688,0.8348429799079895,0.0,-0.20426139323126793,-1.0,0.47104945717732205
2025-11-11,0.8633220195770264,0.8943740129470825,0.9135940074920654,0.8632050156593323,0.0,-0.1918195251594404,-1.0,0.47104945717732205
2025-11-12,0.8382800221443176,0.8633220195770264,0.9090099930763244,0.8345019817352295,7194.0,-0.17029344973721416,0.0,0.05790108564535584
2025-11-13,0.78233802318573,0.8382800221443176,0.8786759972572327,0.7821469902992249,0.0,-0.09980462934299808,0.0,0.05790108564535584
2025-11-14,0.77149498462677,0.78233802318573,0.8549789786338806,0.7263259887695312,4159.0,-0.07827185934126248,0.0,0.05790108564535584
2025-11-15,0.7687060236930847,0.77149498462677,0.7991560101509094,0.7250840067863464,12769.0,-0.06826224695044643,0.0,0.05790108564535584
2025-11-16,0.6994659900665283,0.7687060236930847,0.8013290166854858,0.6994659900665283,6489.0,0.03408815566653781,0.0,0.05790108564535584
2025-11-17,0.6975889801979065,0.6994659900665283,0.7760499715805054,0.6960390210151672,12016.0,0.03715350392706362,0.0,0.05790108564535584
2025-11-18,0.6822329759597778,0.6975889801979065,0.7450760006904602,0.6676509976387024,16992.0,0.0708476370785026,0.0,0.05790108564535584
2025-11-19,0.6987839937210083,0.6822329759597778,0.7184569835662842,0.6635969877243042,1614.0,0.05257235222331414,0.0,0.05790108564535584
2025-11-20,0.6579440236091614,0.6987839937210083,0.7218459844589233,0.6230350136756897,0.0,0.12819486108082562,0.0,0.05790108564535584
2025-11-21,0.6017940044403076,0.6579440236091614,0.657958984375,0.593949019908905,19506.0,0.24656157037490312,1.0,0.47104945717732205
2025-11-22,0.616707980632782,0.6017940044403076,0.6311460137367249,0.5998150110244751,12785.0,0.22719368287583022,1.0,0.47104945717732205
2025-11-23,0.6219509840011597,0.616707980632782,0.6434820294380188,0.6131730079650879,3988.0,0.2252979789421031,1.0,0.47104945717732205
2025-11-24,0.6630210280418396,0.6219509840011597,0.6765050292015076,0.6218060255050659,0.0,0.1536048640984639,0.0,0.05790108564535584
2025-11-25,0.6677709817886353,0.6630210280418396,0.6709290146827698,0.6485559940338135,1912.0,0.15253360841461455,0.0,0.05790108564535584
2025-11-26,0.8075699806213379,0.6677709817886353,0.8177800178527832,0.6499170064926147,16807.0,-0.05222676308809847,0.0,0.05790108564535584
2025-11-27,0.904567003250122,0.8075699806213379,0.9887539744377136,0.8075640201568604,20132.0,-0.16870313571290943,0.0,0.05790108564535584
2025-11-28,0.8674169778823853,0.904567003250122,0.9332500100135804,0.8674169778823853,5798.0,-0.14766334202723327,0.0,0.05790108564535584
2025-11-29,0.8404390215873718,0.8674169778823853,0.878383994102478,0.8402810096740723,1157.0,-0.1318080907491773,0.0,0.05790108564535584
2025-11-30,0.7985450029373169,0.8404390215873718,0.8571159839630127,0.7674490213394165,13479.0,-0.09650033555646467,0.0,0.05790108564535584
2025-12-01,0.7003520131111145,0.7985450029373169,0.7985979914665222,0.6718350052833557,19335.0,0.023305301092955984,0.0,0.05790108564535584
2025-12-02,0.7810829877853394,0.7003520131111145,0.7876179814338684,0.7002120018005371,6262.0,-0.09414591738045282,0.0,0.05790108564535584
2025-12-03,0.768127977848053,0.7810829877853394,0.8102489709854126,0.7581850290298462,3605.0,-0.09350578021613573,0.0,0.05790108564535584
2025-12-04,0.7527009844779968,0.768127977848053,0.7815669775009155,0.7527009844779968,0.0,-0.09444812459760639,0.0,0.05790108564535584
2025-12-05,0.7121729850769043,0.7527009844779968,0.7747030258178711,0.711696982383728,8605.0,-0.0514905731799293,0.0,0.05790108564535584
2025-12-06,0.7097640037536621,0.7121729850769043,0.7314170002937317,0.7087870240211487,1113.0,-0.06122246489498752,0.0,0.05790108564535584
2025-12-07,0.6955230236053467,0.7097640037536621,0.729727029800415,0.6765270233154297,7636.0,-0.05529285436380682,0.0,0.05790108564535584
2025-12-08,0.7020670175552368,0.6955230236053467,0.7296389937400818,0.6955069899559021,0.0,-0.07861869294421868,0.0,0.05790108564535584
2025-12-09,0.734470009803772,0.7020670175552368,0.7565900087356567,0.6862130165100098,10014.0,-0.13859606855986123,0.0,0.05790108564535584
2025-12-10,0.7482759952545166,0.734470009803772,0.7571930289268494,0.7082359790802002,3209.0,-0.17714948998107785,-1.0,0.47104945717732205
2025-12-11,0.7165539860725403,0.7455739974975586,0.7481930255889893,0.7044609785079956,3853.0,-0.16263282869651347,0.0,0.05790108564535584
2025-12-12,0.6905630230903625,0.7165539860725403,0.738241970539093,0.6905630230903625,4099.0,-0.1491468688530806,0.0,0.05790108564535584
2025-12-13,0.7050740122795105,0.6905630230903625,0.7061929702758789,0.6863420009613037,0.0,-0.18551823962472075,-1.0,0.47104945717732205
2025-12-14,0.6840639710426331,0.7050740122795105,0.7050840258598328,0.6839759945869446,264.0,-0.1812386519193073,-1.0,0.47104945717732205
2025-12-15,0.6329950094223022,0.6840639710426331,0.7020750045776367,0.6290000081062317,0.0,-0.13349599548061133,0.0,0.05790108564535584
2025-12-16,0.6533089876174927,0.6329950094223022,0.6719880104064941,0.620514988899231,865.0,-0.18449866016190666,-1.0,0.47104945717732205
2025-12-17,0.6107169985771179,0.6533089876174927,0.6533089876174927,0.6107169985771179,5865.0,-0.14750390729367574,0.0,0.05790108564535584
2025-12-18,0.5469880104064941,0.6107169985771179,0.6390349864959717,0.4973750114440918,13578.0,-0.060626580592912496,0.0,0.05790108564535584
2025-12-19,0.626675009727478,0.5469880104064941,0.6300529837608337,0.5448449850082397,11977.0,-0.19559217223346256,-1.0,0.47104945717732205
2025-12-20,0.5810719728469849,0.626675009727478,0.626675009727478,0.5673519968986511,1057.0,-0.14300498202044246,0.0,0.05790108564535584
2025-12-21,0.5660939812660217,0.5810719728469849,0.581188976764679,0.5306910276412964,0.0,-0.12646331846157044,0.0,0.05790108564535584
2025-12-22,0.559349000453949,0.5660939812660217,0.5665199756622314,0.5236200094223022,4681.0,-0.12271830045114925,0.0,0.05790108564535584
2025-12-23,0.5357249975204468,0.559349000453949,0.5594329833984375,0.5290020108222961,1250.0,-0.08883262075683418,0.0,0.05790108564535584
2025-12-24,0.5108910202980042,0.5357249975204468,0.5409510135650635,0.5081679821014404,2780.0,-0.04168520090975059,0.0,0.05790108564535584
2025-12-25,0.4967469871044159,0.5108910202980042,0.5147619843482971,0.4965310096740722,1814.0,-0.012919604738372146,0.0,0.05790108564535584
2025-12-26,0.5162479877471924,0.4967469871044159,0.5195080041885376,0.4967469871044159,1571.0,-0.05281194574268034,0.0,0.05790108564535584
2025-12-27,0.518904983997345,0.5162479877471924,0.5215460062026978,0.5097699761390686,473.0,-0.06654366875790436,0.0,0.05790108564535584
2025-12-28,0.4854770004749298,0.518904983997345,0.5264800190925598,0.4817030131816864,4486.0,-0.005042171823592646,0.0,0.05790108564535584
2025-12-29,0.4707010090351105,0.4854770004749298,0.5046589970588684,0.4622200131416321,0.0,0.022814732820522914,0.0,0.05790108564535584
2025-12-30,0.4332520067691803,0.4707010090351105,0.4708069860935211,0.3947069942951202,15896.0,0.1161395767161191,0.0,0.05790108564535584
2025-12-31,0.4407500028610229,0.4332520067691803,0.4523819983005523,0.4292309880256653,18207.0,0.10185089107808368,0.0,0.05790108564535584
2026-01-01,0.4516780078411102,0.4407500028610229,0.4607340097427368,0.4376510083675384,0.0,0.07721806682709384,0.0,0.05790108564535584
2026-01-02,0.490543007850647,0.4516780078411102,0.490543007850647,0.4510749876499176,3802.0,-0.012895354529491627,0.0,0.05790108564535584
2026-01-03,0.4953010082244873,0.490543007850647,0.5025100111961365,0.4709289968013763,12533.0,-0.01914004723251477,0.0,0.05790108564535584
2026-01-04,0.5174869894981384,0.4953010082244873,0.5174869894981384,0.4936890006065368,4489.0,-0.06588860204992153,0.0,0.05790108564535584
2026-01-05,0.5061879754066467,0.5174869894981384,0.5174869894981384,0.4938479959964752,144.0,-0.04950316647735232,0.0,0.05790108564535584
2026-01-06,0.4997240006923675,0.5061879754066467,0.5131030082702637,0.4963229894638061,2818.0,-0.047182480766778834,0.0,0.05790108564535584
2026-01-07,0.5313209891319275,0.4997240006923675,0.5452889800071716,0.4958429932594299,1887.0,-0.11702676737553556,0.0,0.05790108564535584
2026-01-08,0.5070340037345886,0.5313209891319275,0.5313339829444885,0.5007749795913696,2254.0,-0.08649773614103161,0.0,0.05790108564535584
2026-01-09,0.4974139928817749,0.5070340037345886,0.5100669860839844,0.4776270091533661,0.0,-0.08160146694034712,0.0,0.05790108564535584
2026-01-10,0.4543820023536682,0.4974139928817749,0.5049319863319397,0.3801409900188446,24147.0,-0.0005055670278511583,0.0,0.05790108564535584
2026-01-11,0.46663299202919,0.4543820023536682,0.4763909876346588,0.4542349874973297,191.0,-0.036573090201215235,0.0,0.05790108564535584
2026-01-12,0.4484519958496094,0.46663299202919,0.4848000109195709,0.4397720098495483,9936.0,-0.008186414640733632,0.0,0.05790108564535584
2026-01-13,0.4630689918994903,0.4484519958496094,0.473004013299942,0.4413830041885376,2335.0,-0.05445361620377381,0.0,0.05790108564535584
2026-01-14,0.469745010137558,0.4630689918994903,0.4844340085983276,0.4554300010204315,8785.0,-0.08497424583417208,0.0,0.05790108564535584
2026-01-15,0.4644869863986969,0.469745010137558,0.47638800740242,0.4644869863986969,0.0,-0.0894590416670322,0.0,0.05790108564535584
2026-01-16,0.4578050076961517,0.4644869863986969,0.4720889925956726,0.4562399983406067,0.0,-0.09039159587049558,0.0,0.05790108564535584
2026-01-17,0.5177519917488098,0.4578050076961517,0.5177519917488098,0.4542180001735687,11047.0,-0.22389069222019836,-1.0,0.47104945717732205
2026-01-18,0.4834609925746918,0.5177519917488098,0.5407570004463196,0.4834609925746918,10391.0,-0.19305678345149982,-1.0,0.47104945717732205
2026-01-19,0.4745419919490814,0.4834609925746918,0.4840120077133178,0.4673939943313598,0.0,-0.2012170159136241,-1.0,0.47104945717732205
2026-01-20,0.4299440085887909,0.4745419919490814,0.4782899916172027,0.4299440085887909,7245.0,-0.13855029498288618,0.0,0.05790108564535584
2026-01-21,0.4332709908485412,0.4299440085887909,0.4432210028171539,0.4226090013980865,3868.0,-0.1693764953624418,0.0,0.05790108564535584
2026-01-22,0.4235169887542724,0.4332709908485412,0.4392180144786834,0.4234980046749115,0.0,-0.18197817136063144,-1.0,0.47104945717732205
2026-01-23,0.4084799885749817,0.4235169887542724,0.429390013217926,0.4081520140171051,87.0,-0.17403000752583297,-1.0,0.47104945717732205
2026-01-24,0.4169740080833435,0.4084799885749817,0.4213219881057739,0.4000180065631866,1473.0,-0.21345491893640808,-1.0,0.47104945717732205
2026-01-25,0.4024359881877899,0.4169740080833435,0.4169740080833435,0.3917180001735687,330.0,-0.20482935353416082,-1.0,0.47104945717732205
2026-01-26,0.3814480006694793,0.4024359881877899,0.4050399959087372,0.3802759945392608,660.0,-0.17795891879869002,-1.0,0.47104945717732205
2026-01-27,0.3660829961299896,0.3811619877815246,0.3911930024623871,0.3660829961299896,2656.0,-0.16025483419389844,0.0,0.05790108564535584
2026-01-28,0.3574030101299286,0.3694609999656677,0.3725709915161133,0.3513500094413757,283.0,-0.15682420440899844,0.0,0.05790108564535584
2026-01-29,0.3679659962654114,0.3574030101299286,0.3737899959087372,0.3494560122489929,7150.0,-0.19962092825457617,-1.0,0.47104945717732205
2026-01-30,0.3666490018367767,0.3678460121154785,0.3801699876785278,0.3573650121688843,684.0,-0.21375992373705963,-1.0,0.47104945717732205
2026-01-31,0.3134759962558746,0.3666490018367767,0.3687160015106201,0.3111509978771209,10362.0,-0.08711421389259086,0.0,0.05790108564535584
2026-02-01,0.3195689916610718,0.3134759962558746,0.3263829946517944,0.3061070144176483,6003.0,-0.1146159697008923,0.0,0.05790108564535584
2026-02-02,0.3195689916610718,0.3134759962558746,0.3263829946517944,0.3061070144176483,6003.0,-0.12355792030267998,0.0,0.05790108564535584
2026-02-03,0.3084110021591186,0.3174540102481842,0.3174830079078674,0.2965689897537231,2609.0,-0.10044297829709621,0.0,0.05790108564535584
2026-02-04,0.2864100039005279,0.3084110021591186,0.3165830075740814,0.2856189906597137,3813.0,-0.037282491189721094,0.0,0.05790108564535584
2026-02-05,0.2353720068931579,0.2864100039005279,0.286417007446289,0.2350929975509643,3408.0,0.18404022992518446,0.0,0.05790108564535584
2026-02-06,0.2817249894142151,0.2353720068931579,0.2835209965705871,0.225722000002861,0.0,-0.011298225073155825,0.0,0.05790108564535584
2026-02-07,0.2850469946861267,0.2817249894142151,0.288563996553421,0.2784680128097534,0.0,-0.02406293869963521,0.0,0.05790108564535584
2026-02-08,0.2909460067749023,0.2850469946861267,0.2910960018634796,0.2807750105857849,12.0,-0.043568501343680004,0.0,0.05790108564535584
2026-02-09,0.2912969887256622,0.2909460067749023,0.2949950098991394,0.2816149890422821,0.0,-0.0438489342355141,0.0,0.05790108564535584
2026-02-10,0.2799899876117706,0.2912969887256622,0.2912969887256622,0.2796370089054107,0.0,0.00039240113961474296,0.0,0.05790108564535584
2026-02-11,0.2725229859352112,0.2799899876117706,0.287348985671997,0.271030992269516,3026.0,0.04718846967523024,0.0,0.05790108564535584
2026-02-12,0.2721880078315735,0.2725229859352112,0.2852770090103149,0.2664220035076141,0.0,0.0702129947917309,0.0,0.05790108564535584
2026-02-13,0.2793149948120117,0.2721880078315735,0.27988201379776,0.2613550126552582,0.0,0.06140125554768079,0.0,0.05790108564535584
2026-02-14,0.2839869856834411,0.2793149948120117,0.2913979887962341,0.2792789936065674,0.0,0.05753539030553196,0.0,0.05790108564535584
2026-02-15,0.274397999048233,0.2839869856834411,0.2868900001049042,0.2724739909172058,1871.0,0.11495295572599071,0.0,0.05790108564535584
2026-02-16,0.2795630097389221,0.274397999048233,0.2796550095081329,0.2712010145187378,2117.0,0.11661743322974635,0.0,0.05790108564535584
2026-02-17,0.2713049948215484,0.2795630097389221,0.2828809916973114,0.2701109945774078,3578.0,0.17377888012903073,0.0,0.05790108564535584
2026-02-18,0.262591004371643,0.2713049948215484,0.2713249921798706,0.2544620037078857,1264.0,0.23932708908271547,1.0,0.47104945717732205
2026-02-19,0.2767840027809143,0.262591004371643,0.2922289967536926,0.252703994512558,0.0,0.19429952265228914,0.0,0.05790108564535584
2026-02-20,0.2796539962291717,0.2767840027809143,0.2863140106201172,0.2767669856548309,560.0,0.1878191090725664,0.0,0.05790108564535584
2026-02-21,0.2800900042057037,0.2796539962291717,0.2817550003528595,0.2753030061721802,462.0,0.19110718613642622,0.0,0.05790108564535584
2026-02-22,0.2920939922332763,0.2800900042057037,0.3003340065479278,0.2798629999160766,0.0,0.14305648014084107,0.0,0.05790108564535584
2026-02-23,0.294853001832962,0.2920939922332763,0.3024570047855377,0.2752589881420135,851.0,0.13617899693706095,0.0,0.05790108564535584
2026-02-24,0.3020530045032501,0.294853001832962,0.3061879873275757,0.2924300134181976,0.0,0.12290675600306754,0.0,0.05790108564535584
2026-02-25,0.3464860022068023,0.3020530045032501,0.3508250117301941,0.3020530045032501,2067.0,-0.01221364607814154,0.0,0.05790108564535584
2026-02-26,0.3550150096416473,0.3464860022068023,0.3981510102748871,0.3440380096435547,0.0,-0.025952246178025655,0.0,0.05790108564535584
2026-02-27,0.3516409993171692,0.3550150096416473,0.3594489991664886,0.3387590050697326,0.0,-0.005008348205515466,0.0,0.05790108564535584
2026-02-28,0.3380410075187683,0.3516409993171692,0.3522489964962005,0.3267939984798431,0.0,0.0484759283751928,0.0,0.05790108564535584
2026-03-01,0.3530020117759704,0.3380410075187683,0.3655450046062469,0.3380410075187683,119.0,0.014216802687582575,0.0,0.05790108564535584
2026-03-02,0.3666999936103821,0.3530020117759704,0.3711349964141845,0.3473609983921051,356.0,-0.013243190275449512,0.0,0.05790108564535584
2026-03-03,0.3593249917030334,0.3666999936103821,0.3743979930877685,0.3549650013446808,0.0,0.018582489415526354,0.0,0.05790108564535584
2026-03-04,0.360368013381958,0.3593249917030334,0.3758819997310638,0.345550000667572,4656.0,0.02237689348024949,0.0,0.05790108564535584
2026-03-05,0.3485600054264068,0.360368013381958,0.3757129907608032,0.333963006734848,6459.0,0.06944611460313907,0.0,0.05790108564535584
2026-03-06,0.3022690117359161,0.3485600054264068,0.3485719859600067,0.2698740065097809,3691.0,0.28004000999756984,1.0,0.47104945717732205
2026-03-07,0.3002339899539947,0.3022690117359161,0.3045740127563476,0.2953839898109436,329.0,0.32502819406787103,1.0,0.47104945717732205
2026-03-08,0.295771986246109,0.3002339899539947,0.3016990125179291,0.2929340004920959,0.0,0.38973753839125364,1.0,0.47104945717732205
2026-03-09,0.3106150031089782,0.295771986246109,0.3106150031089782,0.2951239943504333,869.0,0.36450038015246417,1.0,0.47104945717732205
2026-03-10,0.3604550063610077,0.3106150031089782,0.3719959855079651,0.2962560057640075,19401.0,0.20103400214501924,0.0,0.05790108564535584
2026-03-11,0.3895609974861145,0.3604550063610077,0.3984349966049194,0.3604460060596466,4719.0,0.12713140124742064,0.0,0.05790108564535584
2026-03-12,0.404679000377655,0.3895609974861145,0.4295499920845032,0.3820559978485107,0.0,0.09510484104508585,0.0,0.05790108564535584
2026-03-13,0.4087370038032532,0.404679000377655,0.4350210130214691,0.404679000377655,0.0,0.09181104469551997,0.0,0.05790108564535584
2026-03-14,0.4017130136489868,0.4087370038032532,0.4108020067214966,0.3937279880046844,2204.0,0.11905547238717058,0.0,0.05790108564535584
2026-03-15,0.4032999873161316,0.4017499983310699,0.4081310033798218,0.3940120041370392,1344.0,0.11848663631138881,0.0,0.05790108564535584
2026-03-16,0.4202240109443664,0.4032999873161316,0.4213320016860962,0.4032999873161316,1083.0,0.07141971148372266,0.0,0.05790108564535584
2026-03-17,0.4175429940223694,0.4202240109443664,0.4248200058937073,0.4124050140380859,49.0,0.07986399834751537,0.0,0.05790108564535584
2026-03-18,0.3943850100040436,0.4175429940223694,0.4175440073013305,0.3602820038795471,0.0,0.1493279568078759,0.0,0.05790108564535584
2026-03-19,0.4092389941215515,0.3943850100040436,0.4187609851360321,0.3674489855766296,13110.0,0.10633973590817061,0.0,0.05790108564535584
2026-03-20,0.5003730058670044,0.4092389941215515,0.7989060282707214,0.4092389941215515,39687.0,-0.1097347133695421,0.0,0.05790108564535584
2026-03-21,0.4528630077838897,0.5003730058670044,0.5049819946289062,0.4517379999160766,5329.0,-0.02590709126923873,0.0,0.05790108564535584
2026-03-22,0.4809490144252777,0.4528630077838897,0.4937129914760589,0.4438030123710632,0.0,-0.09639367214839376,0.0,0.05790108564535584
2026-03-23,0.4896590113639831,0.4809490144252777,0.5101780295372009,0.4716939926147461,3113.0,-0.12715906681073316,0.0,0.05790108564535584
2026-03-24,0.4876370131969452,0.4896590113639831,0.4940829873085022,0.4762200117111206,3301.0,-0.13534763155918586,0.0,0.05790108564535584
2026-03-25,0.4759089946746826,0.4876370131969452,0.4986270070075989,0.4750840067863464,0.0,-0.12743582168405085,0.0,0.05790108564535584
2026-03-26,0.4617919921875,0.4759089946746826,0.4830340147018432,0.4420599937438965,3427.0,-0.11611782091405157,0.0,0.05790108564535584
2026-03-27,0.4521040022373199,0.4617919921875,0.474575012922287,0.4389820098876953,4193.0,-0.10330367500995911,0.0,0.05790108564535584
2026-03-28,0.4475710093975067,0.4521040022373199,0.4591990113258362,0.4451279938220978,2076.0,-0.09893133699250645,0.0,0.05790108564535584
2026-03-29,0.4249509871006012,0.4475710093975067,0.4475710093975067,0.4249399900436401,0.0,-0.056102244395748256,0.0,0.05790108564535584
2026-03-30,0.4083330035209656,0.4249509871006012,0.4353229999542236,0.3866330087184906,15346.0,-0.018499624970052586,0.0,0.05790108564535584
2026-03-31,0.426690012216568,0.4083330035209656,0.426690012216568,0.3942889869213104,8980.0,-0.06450973383555351,0.0,0.05790108564535584
2026-04-01,0.4278180003166199,0.426690012216568,0.4421379864215851,0.4093930125236511,0.0,-0.06719380138572087,0.0,0.05790108564535584
2026-04-02,0.4019539952278137,0.4278180003166199,0.4279319941997528,0.4018509984016418,0.0,-0.00504890481088902,0.0,0.05790108564535584
2026-04-03,0.3982760012149811,0.4019539952278137,0.4133850038051605,0.3901050090789795,0.0,0.010724784394234022,0.0,0.05790108564535584
2026-04-04,0.3921859860420227,0.3982760012149811,0.3985539972782135,0.3833400011062622,0.0,0.031373813267959065,0.0,0.05790108564535584
2026-04-05,0.3893600106239319,0.3921859860420227,0.3934679925441742,0.3841440081596374,536.0,0.04280060907166161,0.0,0.05790108564535584
2026-04-06,0.3889409899711609,0.3893600106239319,0.4083049893379211,0.3889409899711609,823.0,0.048315837785003105,0.0,0.05790108564535584
2026-04-07,0.4070259928703308,0.3889409899711609,0.4117499887943268,0.3758350014686584,3533.0,0.0021887147475631663,0.0,0.05790108564535584
2026-04-08,0.3866539895534515,0.4070259928703308,0.4168199896812439,0.3866119980812073,481.0,0.06277357763523708,0.0,0.05790108564535584
2026-04-09,0.3625119924545288,0.3866539895534515,0.3955970108509063,0.3304280042648315,16085.0,0.1390837005680093,0.0,0.05790108564535584
2026-04-10,0.4133279919624328,0.3625119924545288,0.414353996515274,0.3620310127735138,0.0,-0.0028964987058173663,0.0,0.05790108564535584
2026-04-11,0.4180620014667511,0.4133279919624328,0.4210970103740692,0.4081969857215881,0.0,-0.017691664442092747,0.0,0.05790108564535584
2026-04-12,0.3944039940834045,0.4180620014667511,0.4180890023708343,0.3943989872932434,1113.0,0.04158265957644567,0.0,0.05790108564535584
2026-04-13,0.4036949872970581,0.3944039940834045,0.4052940011024475,0.3889549970626831,142.0,0.006009531166598739,0.0,0.05790108564535584
2026-04-14,0.4040850102901459,0.4036949872970581,0.4252530038356781,0.3991940021514892,3388.0,-0.0009328124193825417,0.0,0.05790108564535584
2026-04-15,0.4265150129795074,0.4040850102901459,0.4298309981822967,0.3975139856338501,2189.0,-0.06291390692118522,0.0,0.05790108564535584
2026-04-16,0.4138999879360199,0.4265150129795074,0.4265150129795074,0.4099520146846771,0.0,-0.04411086373732454,0.0,0.05790108564535584
2026-04-17,0.4349960088729858,0.4138999879360199,0.4443849921226501,0.4129520058631897,0.0,-0.10244085902414961,0.0,0.05790108564535584
2026-04-18,0.419387012720108,0.4349960088729858,0.4361760020256042,0.419387012720108,190.0,-0.0786728472142284,0.0,0.05790108564535584
2026-04-19,0.410843014717102,0.419387012720108,0.4243749976158142,0.4094380140304565,0.0,-0.06643852114547479,0.0,0.05790108564535584
2026-04-20,0.4128549993038177,0.410843014717102,0.4219889938831329,0.4077430069446563,227.0,-0.07771926592477052,0.0,0.05790108564535584
2026-04-21,0.4095999896526336,0.4128549993038177,0.4177320003509521,0.4046280086040497,1612.0,-0.07790141939904424,0.0,0.05790108564535584
2026-04-22,0.4287770092487335,0.4095999896526336,0.4359799921512604,0.4095999896526336,1477.0,-0.1287615943838357,0.0,0.05790108564535584
2026-04-23,0.3905940055847168,0.4287770092487335,0.4287779927253723,0.3738859891891479,0.0,-0.04783558701731534,0.0,0.05790108564535584
2026-04-24,0.4021179974079132,0.3905940055847168,0.4021179974079132,0.3844929933547973,0.0,-0.08135813862858303,0.0,0.05790108564535584
2026-04-25,0.3975520133972168,0.4021179974079132,0.4032129943370819,0.3908829987049103,909.0,-0.07524446701378272,0.0,0.05790108564535584
2026-04-26,0.3963440060615539,0.3975520133972168,0.3986740112304687,0.3895319998264313,1894.0,-0.07898552325020185,0.0,0.05790108564535584
2026-04-27,0.338128000497818,0.3963440060615539,0.3975360095500946,0.326200008392334,11854.0,0.0821449161368988,0.0,0.05790108564535584
2026-04-28,0.3703039884567261,0.3394390046596527,0.3771679997444153,0.3394390046596527,7130.0,-0.018762935834581385,0.0,0.05790108564535584
2026-04-29,0.3701399862766266,0.3703039884567261,0.3768599927425384,0.3625249862670898,1327.0,-0.026561919796992104,0.0,0.05790108564535584
2026-04-30,0.357356995344162,0.3701399862766266,0.3705309927463531,0.357356995344162,1212.0,-0.0008190906309907106,0.0,0.05790108564535584
2026-05-01,0.3620859980583191,0.357356995344162,0.3706969916820526,0.3571709990501404,785.0,-0.02367865911524592,0.0,0.05790108564535584
2026-05-02,0.3627989888191223,0.3620859980583191,0.3698099851608276,0.3620469868183136,0.0,-0.03616126898820793,0.0,0.05790108564535584
2026-05-03,0.3710069954395294,0.3627989888191223,0.3743039965629577,0.3590660095214844,0.0,-0.06868408978337477,0.0,0.05790108564535584
2026-05-04,0.3739489912986755,0.3710069954395294,0.3739550113677978,0.3576160073280334,0.0,-0.0891437155394952,0.0,0.05790108564535584
2026-05-05,0.3665269911289215,0.3739489912986755,0.3802239894866943,0.3665269911289215,2769.0,-0.08206291340707812,0.0,0.05790108564535584
2026-05-06,0.3710330128669739,0.3665269911289215,0.3771139979362488,0.3661350011825561,0.0,-0.10724924437696748,0.0,0.05790108564535584
2026-05-07,0.3673920035362243,0.3710330128669739,0.3749639987945556,0.3615559935569763,0.0,-0.11194738393117151,0.0,0.05790108564535584
2026-05-08,0.3670159876346588,0.3673920035362243,0.3738189935684204,0.3616339862346649,1128.0,-0.1275261283582428,0.0,0.05790108564535584
2026-05-09,0.3728559911251068,0.3670159876346588,0.3788590133190155,0.3645940124988556,0.0,-0.15790160720310434,0.0,0.05790108564535584
2026-05-10,0.3599460124969482,0.3728559911251068,0.3832629919052124,0.3497250080108642,4071.0,-0.14165599417906458,0.0,0.05790108564535584
2026-05-11,0.3502370119094848,0.3599460124969482,0.3599700033664703,0.3502370119094848,0.0,-0.13180505822058694,0.0,0.05790108564535584
2026-05-12,0.3346390128135681,0.3502370119094848,0.355114996433258,0.328218013048172,1892.0,-0.10302533751947233,0.0,0.05790108564535584
2026-05-13,0.3274730145931244,0.3346390128135681,0.334645003080368,0.3213109970092773,894.0,-0.09515095824409729,0.0,0.05790108564535584
2026-05-14,0.3119400143623352,0.3274730145931244,0.335189014673233,0.2753579914569855,1459.0,-0.06012126718620586,0.0,0.05790108564535584
2026-05-15,0.3123579919338226,0.3119400143623352,0.3123579919338226,0.3037750124931335,0.0,-0.07221587399724107,0.0,0.05790108564535584
2026-05-16,0.3091430068016052,0.3123579919338226,0.3150439858436584,0.3033199906349182,0.0,-0.0717499860146749,0.0,0.05790108564535584
2026-05-17,0.31283700466156,0.3091430068016052,0.3211829960346222,0.2963170111179352,561.0,-0.09221462738792525,0.0,0.05790108564535584
2026-05-18,0.3051959872245788,0.31283700466156,0.31283700466156,0.3012909889221191,0.0,-0.07800346394475602,0.0,0.05790108564535584
2026-05-19,0.3082160055637359,0.3051959872245788,0.3099870085716247,0.3023279905319214,0.0,-0.09892646486852076,0.0,0.05790108564535584
2026-05-20,0.2981109917163849,0.3082160055637359,0.3126809895038605,0.2831400036811828,0.0,-0.07816045317511147,0.0,0.05790108564535584
2026-05-21,0.2977199852466583,0.2981109917163849,0.3024539947509765,0.2959989905357361,0.0,-0.08822521916049594,0.0,0.05790108564535584
2026-05-22,0.2822940051555633,0.2977199852466583,0.2977319955825805,0.280892014503479,0.0,-0.05105038412723041,0.0,0.05790108564535584
2026-05-23,0.2856299877166748,0.2822940051555633,0.2893930077552795,0.2774020135402679,0.0,-0.07801496530045508,0.0,0.05790108564535584
2026-05-24,0.2896110117435455,0.2856299877166748,0.2910659909248352,0.2804419994354248,264.0,-0.10121831618841257,0.0,0.05790108564535584
2026-05-25,0.2818680107593536,0.2896110117435455,0.2897090017795563,0.2817220091819763,0.0,-0.08672806408209881,0.0,0.05790108564535584
2026-05-26,0.2798810005187988,0.2818680107593536,0.2819409966468811,0.2714889943599701,0.0,-0.09134928073457324,0.0,0.05790108564535584
2026-05-27,0.2735860049724579,0.2798810005187988,0.2798810005187988,0.2699309885501861,0.0,-0.08029912965826538,0.0,0.05790108564535584
2026-05-28,0.2681500017642975,0.2735860049724579,0.2736819982528686,0.2618080079555511,0.0,-0.06717535589209019,0.0,0.05790108564535584
2026-05-29,0.2649680078029632,0.2681500017642975,0.2713890075683594,0.2583029866218567,0.0,-0.06036607583619219,0.0,0.05790108564535584
2026-05-30,0.2694000005722046,0.2649680078029632,0.2800419926643371,0.2649489939212799,2112.0,-0.08214657018540161,0.0,0.05790108564535584
2026-05-31,0.2712129950523376,0.2694000005722046,0.2785710096359253,0.2685930132865906,62.0,-0.09388428082250591,0.0,0.05790108564535584
2026-06-01,0.2688069939613342,0.2712129950523376,0.2713269889354706,0.2632830142974853,0.0,-0.08952888927055926,0.0,0.05790108564535584
2026-06-02,0.2569150030612945,0.2688069939613342,0.268887996673584,0.2569150030612945,481.0,-0.04946550270671902,0.0,0.05790108564535584
2026-06-03,0.2573040127754211,0.2569150030612945,0.2624289989471435,0.2493219971656799,889.0,-0.05090758247218569,0.0,0.05790108564535584
2026-06-04,0.2507230043411255,0.2573040127754211,0.2573109865188598,0.242819994688034,1824.0,-0.026548946888776428,0.0,0.05790108564535584
2026-06-05,0.2323029935359954,0.2507230043411255,0.2508310079574585,0.2170509994029998,1206.0,0.05316366791649359,0.0,0.05790108564535584
2026-06-06,0.2221229970455169,0.2323029935359954,0.2323240041732788,0.2157489955425262,2055.0,0.1058773335603753,0.0,0.05790108564535584
2026-06-07,0.2469179928302765,0.2221229970455169,0.2471199929714203,0.2221229970455169,4822.0,-0.008915875586724511,0.0,0.05790108564535584
2026-06-08,0.2416190057992935,0.2469179928302765,0.2476100027561187,0.2415499985218048,0.0,0.007639521829818736,0.0,0.05790108564535584
2026-06-09,0.2363680005073547,0.2416190057992935,0.2418020069599151,0.2293280065059662,0.0,0.02536058433140259,0.0,0.05790108564535584
2026-06-10,0.235831007361412,0.2363680005073547,0.240117996931076,0.233471006155014,716.0,0.02357133456004586,0.0,0.05790108564535584
2026-06-11,0.2474250048398971,0.235831007361412,0.2483559995889663,0.2342859953641891,1326.0,-0.03274933131580852,0.0,0.05790108564535584
2026-06-12,0.2486719936132431,0.2474250048398971,0.2565720081329345,0.2445150017738342,0.0,-0.045141187689273755,0.0,0.05790108564535584
2026-06-13,0.2455549985170364,0.2486719936132431,0.2496639937162399,0.2429320067167282,0.0,-0.040685666071727584,0.0,0.05790108564535584
2026-06-14,0.2499420046806335,0.2455549985170364,0.2499420046806335,0.2395730018615722,1277.0,-0.06642828049041265,0.0,0.05790108564535584
2026-06-15,0.2546760141849518,0.2499420046806335,0.2600379884243011,0.2494869977235794,388.0,-0.08945993487005048,0.0,0.05790108564535584
2026-06-16,0.2494329959154129,0.2546760141849518,0.2546879947185516,0.2481330037117004,0.0,-0.07551381957907034,0.0,0.05790108564535584
2026-06-17,0.257286012172699,0.2494329959154129,0.2602010071277618,0.2490359991788864,0.0,-0.10938942591659262,0.0,0.05790108564535584
2026-06-18,0.2487809956073761,0.257286012172699,0.2574270069599151,0.248648002743721,0.0,-0.0794258336358832,0.0,0.05790108564535584
2026-06-19,0.2405139952898025,0.2487809956073761,0.2490060031414032,0.2376289963722229,0.0,-0.04359976077040123,0.0,0.05790108564535584
2026-06-20,0.2359510064125061,0.2405139952898025,0.2463809996843338,0.2189140021800995,0.0,-0.017607803326767146,0.0,0.05790108564535584
2026-06-21,0.2339780032634735,0.2359510064125061,0.236624002456665,0.2313320040702819,58.0,-0.002434007806795654,0.0,0.05790108564535584
2026-06-22,0.2240960001945495,0.2339780032634735,0.2359360009431839,0.2160300016403198,0.0,0.053594369188875675,0.0,0.05790108564535584
2026-06-23,0.2209340035915374,0.2240960001945495,0.2313549965620041,0.2209340035915374,0.0,0.07926604745264838,0.0,0.05790108564535584
2026-06-24,0.2222149968147277,0.2209340035915374,0.2272049933671951,0.2173379957675933,0.0,0.08251789771737762,0.0,0.05790108564535584
2026-06-25,0.2184749990701675,0.2222149968147277,0.2316969931125641,0.2184509932994842,0.0,0.11398100011689416,0.0,0.05790108564535584
2026-06-26,0.2224169969558715,0.2184749990701675,0.2224169969558715,0.2162020057439804,0.0,0.10762153759196831,0.0,0.05790108564535584
2026-06-27,0.2192039936780929,0.2224169969558715,0.2224169969558715,0.2176620066165924,0.0,0.14173949358359103,0.0,0.05790108564535584
2026-06-28,0.2187830060720443,0.2192039936780929,0.22256800532341,0.2113229930400848,0.0,0.16121254550663264,0.0,0.05790108564535584
2026-06-29,0.2344309985637664,0.2187830060720443,0.2345069944858551,0.2187830060720443,494.0,0.09269953633260516,0.0,0.05790108564535584
2026-06-30,0.2312979996204376,0.2344309985637664,0.2366140037775039,0.2274409979581833,0.0,0.11806383877958267,0.0,0.05790108564535584
2026-07-01,0.2369060069322586,0.2312979996204376,0.2430279999971389,0.2277130037546157,0.0,0.09893703671878105,0.0,0.05790108564535584
2026-07-02,0.2470970004796981,0.2369060069322586,0.2510600090026855,0.2366449981927871,0.0,0.05725483818285737,0.0,0.05790108564535584
2026-07-03,0.2546019852161407,0.2470970004796981,0.2554419934749603,0.2470570057630539,0.0,0.02725239930486329,0.0,0.05790108564535584
2026-07-04,0.2607139945030212,0.2546019852161407,0.2621920108795166,0.2504329979419708,253.0,0.0038918120599765577,0.0,0.05790108564535584
2026-07-05,0.2565470039844513,0.2607139945030212,0.2607299983501434,0.2565470039844513,0.0,0.023701856265679295,0.0,0.05790108564535584
2026-07-06,0.2618649899959564,0.2565470039844513,0.2619220018386841,0.2532030045986175,0.0,0.005979950255187526,0.0,0.05790108564535584
2026-07-07,0.2536979913711548,0.2618649899959564,0.2631849944591522,0.2536559998989105,46.0,0.04286709270614474,0.0,0.05790108564535584
2026-07-08,0.2516869902610779,0.2536979913711548,0.256752997636795,0.249341994524002,440.0,0.056378466464640654,0.0,0.05790108564535584
2026-07-09,0.2580290138721466,0.2516869902610779,0.258540004491806,0.2505939900875091,0.0,0.03209075308055936,0.0,0.05790108564535584
2026-07-10,0.2640930116176605,0.2580290138721466,0.270000010728836,0.2540149986743927,1585.0,0.0024598609550339928,0.0,0.05790108564535584
2026-07-11,0.2740840017795563,0.2640930116176605,0.2778109908103943,0.2568419873714447,685.0,-0.04345826625917838,0.0,0.05790108564535584
2026-07-12,0.2716990113258362,0.2740840017795563,0.2752630114555359,0.2684040069580078,0.0,-0.03994313923722648,0.0,0.05790108564535584
2026-07-13,0.2639580070972442,0.271699994802475,0.271723985671997,0.2637810111045837,0.0,-0.019197345777760784,0.0,0.05790108564535584
2026-07-14,0.2655040025711059,0.2639580070972442,0.2754130065441131,0.2637819945812225,28.0,-0.03408451131310203,0.0,0.05790108564535584
2026-07-15,0.2612499892711639,0.2655040025711059,0.2690350115299225,0.2603740096092224,1193.0,-0.027534067335569474,0.0,0.05790108564535584
2026-07-16,0.2596929967403412,0.2612499892711639,0.2631140053272247,0.2596240043640136,506.0,-0.030223585579851244,0.0,0.05790108564535584
2026-07-17,0.2587459981441498,0.2596929967403412,0.2617030143737793,0.2545070052146911,269.0,-0.035163269478453475,0.0,0.05790108564535584
2026-07-18,0.2633480131626129,0.2587459981441498,0.2633520066738128,0.2531319856643677,0.0,-0.06220888277089771,0.0,0.05790108564535584
2026-07-19,0.2691330015659332,0.2633480131626129,0.27531298995018,0.2633480131626129,1366.0,-0.09194843930326782,0.0,0.05790108564535584
2026-07-20,0.2731109857559204,0.2691330015659332,0.2752020061016083,0.2691330015659332,0.0,-0.11484546238180658,0.0,0.05790108564535584
2026-07-21,0.269690990447998,0.2731109857559204,0.2760759890079498,0.2655360102653503,0.0,-0.11294933802187926,0.0,0.05790108564535584
2026-07-22,0.2699350118637085,0.269690990447998,0.2699379920959472,0.2623000144958496,0.0,-0.12127421106878071,0.0,0.05790108564535584
2026-07-23,0.2640860080718994,0.2699350118637085,0.2707929909229278,0.2591980099678039,282.0,-0.10976703367042855,0.0,0.05790108564535584
2026-07-24,0.2421589940786361,0.2640860080718994,0.2682879865169525,0.224943995475769,0.0,-0.030396773898210383,0.0,0.05790108564535584
2026-07-25,0.2381059974431991,0.2421589940786361,0.247311994433403,0.2375710010528564,0.0,-0.0134873836958438,0.0,0.05790108564535584
2026-07-26,0.2531310021877289,0.2381059974431991,0.2541100084781647,0.2343309968709945,0.0,-0.0797018279283008,0.0,0.05790108564535584
2026-07-27,0.2365770041942596,0.2531310021877289,0.2531329989433288,0.2365770041942596,1013.0,-0.018835622632235555,0.0,0.05790108564535584
2026-07-28,0.2313960045576095,0.2365770041942596,0.2373420000076294,0.2280600070953369,0.0,0.0033738174686404566,0.0,0.05790108564535584
2026-07-29,0.2276819944381714,0.2313960045576095,0.2350749969482422,0.2222499996423721,29.0,0.021386215368585704,0.0,0.05790108564535584
2026-07-30,0.2287169992923736,0.2276819944381714,0.2348150014877319,0.2262730002403259,18.0,0.01828818858524767,0.0,0.05790108564535584
2026-07-31,0.2279949933290481,0.2287169992923736,0.2332019954919815,0.2261759936809539,46.0,0.023664151822638434,0.0,0.05790108564535584
2026-08-01,0.2257969975471496,0.2279960066080093,0.2296089977025985,0.221107006072998,0.0,0.037365440842512795,0.0,0.05790108564535584
2026-08-02,0.2330300062894821,0.2257969975471496,0.2341780066490173,0.2245710045099258,0.0,0.0058125349820464245,0.0,0.05790108564535584
2026-08-03,0.2361339926719665,0.2330300062894821,0.2385859936475753,0.2261860072612762,0.0,-0.008467305480800404,0.0,0.05790108564535584
2026-08-04,0.2344689965248108,0.2361339926719665,0.236186996102333,0.2317710071802139,0.0,-0.001664013549118067,0.0,0.05790108564535584
2026-08-05,0.2415049970149994,0.2344689965248108,0.2415049970149994,0.2337570041418075,0.0,-0.036899410790043954,0.0,0.05790108564535584
2026-08-06,0.2346750050783157,0.2415049970149994,0.2450309991836547,0.2346750050783157,648.0,-0.011086609731437519,0.0,0.05790108564535584
2026-08-07,0.2379599958658218,0.2346750050783157,0.2407419979572296,0.2317280024290084,25.0,-0.0329844852625388,0.0,0.05790108564535584
2026-08-08,0.2394559979438781,0.2379599958658218,0.2396519929170608,0.2315499931573867,61.0,-0.05853887646378658,0.0,0.05790108564535584
2026-08-09,0.22599099576473236,0.23945599794387817,0.24180999398231506,0.2226559966802597,1925.0,-0.004889424033326151,0.0,0.05790108564535584
2026-08-10,0.22488602995872498,0.2259906381368637,0.2260017693042755,0.22488602995872498,184.0,0.0,0.0,0.05790108564535584
