Date,Close,Open,High,Low,Volume,pct_change,epoch_signal,weight
2018-08-02,0.026681000366806984,0.026491999626159668,0.026784999296069145,0.026448000222444534,3070.0,0.7935085397914051,0.0,0.056702063714686425
2018-08-03,0.029582999646663666,0.026677999645471573,0.033225998282432556,0.026205999776721,3817.0,0.6328890119304369,0.0,0.056702063714686425
2018-08-04,0.026505999267101288,0.029625000432133675,0.03009600006043911,0.025743000209331512,1368.0,0.8400940132488207,0.0,0.056702063714686425
2018-08-05,0.03004699945449829,0.026518000289797783,0.03166100010275841,0.026233000680804253,3810.0,0.6408056235854653,0.0,0.056702063714686425
2018-08-06,0.02889700047671795,0.030083000659942627,0.03167799860239029,0.027056999504566193,4998.0,0.7254611962750475,0.0,0.056702063714686425
2018-08-07,0.029368000105023384,0.02888599969446659,0.03376400098204613,0.02888599969446659,2779.0,0.7163336101890765,0.0,0.056702063714686425
2018-08-08,0.026520000770688057,0.029400000348687172,0.029400000348687172,0.025898000225424767,2877.0,0.9171021671742663,1.0,0.4716489681426568
2018-08-09,0.028362000361084938,0.026580000296235085,0.030177999287843704,0.026173999533057213,2202.0,0.8061238623102231,0.0,0.056702063714686425
2018-08-10,0.026305999606847763,0.028332000598311424,0.02999499998986721,0.02584500052034855,1685.0,0.9612539185706752,1.0,0.4716489681426568
2018-08-11,0.02897600084543228,0.026280999183654785,0.030107000842690468,0.026054000481963158,2333.0,0.7924523894944981,0.0,0.056702063714686425
2018-08-12,0.033590998500585556,0.028889000415802002,0.03730199858546257,0.028617000207304955,4719.0,0.5551630445330301,0.0,0.056702063714686425
2018-08-13,0.03464300185441971,0.033587001264095306,0.036869000643491745,0.03189700096845627,4943.0,0.5115115027376436,0.0,0.056702063714686425
2018-08-14,0.03218499943614006,0.03461100161075592,0.03478499874472618,0.030587999150156975,3150.0,0.6295156125692825,0.0,0.056702063714686425
2018-08-15,0.03279700130224228,0.032159000635147095,0.034887999296188354,0.03215799853205681,2173.0,0.6042214485897405,0.0,0.056702063714686425
2018-08-16,0.03655000030994415,0.034056998789310455,0.037188999354839325,0.032301999628543854,3525.0,0.4429732661630256,0.0,0.056702063714686425
2018-08-17,0.033688999712467194,0.0365540012717247,0.038013000041246414,0.029649000614881516,5327.0,0.5695767076997338,0.0,0.056702063714686425
2018-08-18,0.03125699982047081,0.03376699984073639,0.03579699993133545,0.031091999262571335,1257.0,0.6955584865068631,0.0,0.056702063714686425
2018-08-19,0.034981999546289444,0.03126699849963188,0.038957998156547546,0.0310830008238554,3323.0,0.5182391340538446,0.0,0.056702063714686425
2018-08-20,0.037696000188589096,0.03492499887943268,0.03820300102233887,0.03463900089263916,4125.0,0.409131527081516,0.0,0.056702063714686425
2018-08-21,0.038502998650074005,0.037641000002622604,0.04167800024151802,0.0373539999127388,4602.0,0.38031363869567686,0.0,0.056702063714686425
2018-08-22,0.03887299820780754,0.038509998470544815,0.04337200149893761,0.03423900157213211,7221.0,0.36874191340085755,0.0,0.056702063714686425
2018-08-23,0.0416099987924099,0.0389069989323616,0.04485199972987175,0.037078000605106354,5400.0,0.2790597194460881,0.0,0.056702063714686425
2018-08-24,0.04608200117945671,0.041641999036073685,0.04733499884605408,0.04128500074148178,5856.0,0.15450382997117823,0.0,0.056702063714686425
2018-08-25,0.059822000563144684,0.04599900171160698,0.06155899912118912,0.04599900171160698,11949.0,-0.11284157605201504,0.0,0.056702063714686425
2018-08-26,0.04804300144314766,0.05994899943470955,0.05994899943470955,0.04094700142741203,10445.0,0.1042628548774013,0.0,0.056702063714686425
2018-08-27,0.05486999824643135,0.04802199825644493,0.05486999824643135,0.04512599855661392,7614.0,-0.035555625597759134,0.0,0.056702063714686425
2018-08-28,0.052521999925374985,0.05383099988102913,0.05485000088810921,0.04612400010228157,8061.0,0.00507114978094705,0.0,0.056702063714686425
2018-08-29,0.05183999985456467,0.05256799980998039,0.0806490033864975,0.04934899881482124,7899.0,0.015560831929058237,0.0,0.056702063714686425
2018-08-30,0.05041300132870674,0.051867999136447906,0.0538019984960556,0.049837999045848846,4243.0,0.04146319881094475,0.0,0.056702063714686425
2018-08-31,0.05059700086712837,0.05053099989891052,0.05224800109863281,0.04870399832725525,2323.0,0.034672520848944545,0.0,0.056702063714686425
2018-09-01,0.04923800006508827,0.05053599923849106,0.05350000038743019,0.045795001089572906,4886.0,0.060803167295490755,0.0,0.056702063714686425
2018-09-02,0.05146700143814087,0.049261000007390976,0.05366099998354912,0.04846600070595741,3506.0,0.0123538333342354,0.0,0.056702063714686425
2018-09-03,0.045405998826026917,0.051454998552799225,0.05219300091266632,0.045249998569488525,3224.0,0.14518941551209813,0.0,0.056702063714686425
2018-09-04,0.046560000628232956,0.045405998826026917,0.05150600150227547,0.04528699815273285,5190.0,0.11402401943850914,0.0,0.056702063714686425
2018-09-05,0.03955399990081787,0.046599000692367554,0.049943000078201294,0.03585999831557274,5619.0,0.30970061101537566,0.0,0.056702063714686425
2018-09-06,0.03806599974632263,0.03962400183081627,0.044419001787900925,0.03170400112867355,4905.0,0.3586225700313454,0.0,0.056702063714686425
2018-09-07,0.037696998566389084,0.03802499920129776,0.04454300180077553,0.03626200184226036,1140.0,0.3694634882994296,0.0,0.056702063714686425
2018-09-08,0.03412599861621857,0.03774400055408478,0.03939700126647949,0.03399699926376343,1147.0,0.5113655027643457,0.0,0.056702063714686425
2018-09-09,0.03473899886012077,0.034109000116586685,0.043696001172065735,0.0330130010843277,2261.0,0.48307441254982225,0.0,0.056702063714686425
2018-09-10,0.03617100045084953,0.03471999987959862,0.04071800038218498,0.034634001553058624,2352.0,0.4228488738717062,0.0,0.056702063714686425
2018-09-11,0.03560899943113327,0.03622100129723549,0.03889400139451027,0.034400999546051025,2856.0,0.443833011596197,0.0,0.056702063714686425
2018-09-12,0.03254299983382225,0.03561300039291382,0.037762001156806946,0.032361000776290894,2839.0,0.5784240307457286,0.0,0.056702063714686425
2018-09-13,0.03306400030851364,0.03257099911570549,0.03596999868750572,0.03257099911570549,2662.0,0.5527782681820581,0.0,0.056702063714686425
2018-09-14,0.03750599920749664,0.0330439992249012,0.038332000374794006,0.030558999627828598,6207.0,0.3661536870542351,0.0,0.056702063714686425
2018-09-15,0.04002400115132332,0.03745599836111069,0.04382000118494034,0.034908998757600784,8006.0,0.2774153993425565,0.0,0.056702063714686425
2018-09-16,0.037445999681949615,0.040132999420166016,0.0418969988822937,0.03708299994468689,1883.0,0.36373739643645414,0.0,0.056702063714686425
2018-09-17,0.0379600003361702,0.037484001368284225,0.04226699844002724,0.036240000277757645,3648.0,0.34319179891379686,0.0,0.056702063714686425
2018-09-18,0.0384100005030632,0.037964001297950745,0.04120200127363205,0.03664200007915497,4398.0,0.3246993836507094,0.0,0.056702063714686425
2018-09-19,0.03983300179243088,0.03843099996447563,0.04410500079393387,0.03829900175333023,7522.0,0.27507823890475663,0.0,0.056702063714686425
2018-09-20,0.04347100108861923,0.03985000029206276,0.04357299953699112,0.03968700021505356,7243.0,0.16460395699781025,0.0,0.056702063714686425
2018-09-21,0.04074700176715851,0.04083799943327904,0.04250999912619591,0.03942900151014328,2920.0,0.23949672807098363,0.0,0.056702063714686425
2018-09-22,0.03972100093960762,0.04078099876642227,0.04408299922943115,0.037866998463869095,2172.0,0.26818612574490214,0.0,0.056702063714686425
2018-09-23,0.039806000888347626,0.039740998297929764,0.041204001754522324,0.03941499814391136,2040.0,0.26231633484450007,0.0,0.056702063714686425
2018-09-24,0.04022600129246712,0.03988099843263626,0.04328100010752678,0.03961100056767464,6231.0,0.24522590849040665,0.0,0.056702063714686425
2018-09-25,0.0395519994199276,0.0401809997856617,0.041446998715400696,0.03843199834227562,4431.0,0.26286785872198165,0.0,0.056702063714686425
2018-09-26,0.039733000099658966,0.03948799893260002,0.04118200019001961,0.03815999999642372,3452.0,0.25384003823539203,0.0,0.056702063714686425
2018-09-27,0.03934299945831299,0.03978100046515465,0.040063001215457916,0.03585299849510193,2228.0,0.26302815857097034,0.0,0.056702063714686425
2018-09-28,0.037018001079559326,0.03935199975967407,0.040800001472234726,0.036935001611709595,1765.0,0.34086171004785726,0.0,0.056702063714686425
2018-09-29,0.03953700140118599,0.03699300065636635,0.04088300094008446,0.03551299870014191,5823.0,0.25329330083736046,0.0,0.056702063714686425
2018-09-30,0.03746400028467178,0.03952199965715408,0.040987998247146606,0.03739200159907341,2700.0,0.32164400067719123,0.0,0.056702063714686425
2018-10-01,0.03761700168251991,0.037351999431848526,0.03979799896478653,0.03677000105381012,3120.0,0.31613034298917575,0.0,0.056702063714686425
2018-10-02,0.03719399869441986,0.03751099854707718,0.03899199888110161,0.03685100004076958,1528.0,0.33059538640457475,0.0,0.056702063714686425
2018-10-03,0.039632998406887054,0.03721199929714203,0.041138000786304474,0.03714099898934364,8659.0,0.2477872687790295,0.0,0.056702063714686425
2018-10-04,0.039882998913526535,0.03968000039458275,0.04155199974775314,0.03925099968910217,4299.0,0.23864577248296515,0.0,0.056702063714686425
2018-10-05,0.0408019982278347,0.039987001568078995,0.04254399985074997,0.039271000772714615,7970.0,0.20964338339912206,0.0,0.056702063714686425
2018-10-06,0.040546998381614685,0.04083700105547905,0.04225099831819534,0.03984000161290169,3748.0,0.21468086626064736,0.0,0.056702063714686425
2018-10-07,0.03953399881720543,0.04069700092077255,0.04087299853563309,0.03922099992632866,2735.0,0.24333540108015667,0.0,0.056702063714686425
2018-10-08,0.03995500132441521,0.039716001600027084,0.041694000363349915,0.0376180000603199,7336.0,0.22818268142805542,0.0,0.056702063714686425
2018-10-09,0.04052399843931198,0.04008600115776062,0.041228000074625015,0.037714000791311264,6760.0,0.20860759068441526,0.0,0.056702063714686425
2018-10-10,0.04397999867796898,0.040366001427173615,0.046893998980522156,0.0390859991312027,28002.0,0.11155328822291101,0.0,0.056702063714686425
2018-10-11,0.04092799872159958,0.0438309982419014,0.04471699893474579,0.039337001740932465,12529.0,0.1929498748127052,0.0,0.056702063714686425
2018-10-12,0.050491999834775925,0.0401110015809536,0.05645500123500824,0.040042001754045486,22152.0,-0.03642201367553401,0.0,0.056702063714686425
2018-10-13,0.04746700078248978,0.04776600003242493,0.05068400129675865,0.04551500082015991,9739.0,0.022032259292013107,0.0,0.056702063714686425
2018-10-14,0.07480700314044952,0.04751800000667572,0.07543499767780304,0.04704099893569946,48434.0,-0.35726715110067464,-1.0,0.4716489681426568
2018-10-15,0.08104100078344345,0.06969399750232697,0.0864270031452179,0.0595720000565052,77281.0,-0.4128697592449707,-1.0,0.4716489681426568
2018-10-16,0.07757899910211563,0.08096499741077423,0.08152800053358078,0.06617899984121323,31497.0,-0.39253639785093547,-1.0,0.4716489681426568
2018-10-17,0.07097499817609787,0.0784429982304573,0.08542799949645996,0.06952500343322754,37968.0,-0.3413522859992471,0.0,0.056702063714686425
2018-10-18,0.0701960027217865,0.07122399657964706,0.07305300235748291,0.05291600152850151,56773.0,-0.33940465082634763,0.0,0.056702063714686425
2018-10-19,0.06101800128817558,0.07018399983644485,0.07194200158119202,0.059682998806238174,12298.0,-0.24450966769965735,0.0,0.056702063714686425
2018-10-20,0.06349600106477737,0.06060799956321716,0.0640299990773201,0.057982999831438065,8481.0,-0.27870084227946035,0.0,0.056702063714686425
2018-10-21,0.07369299978017807,0.06351500004529953,0.07597800344228745,0.06349299848079681,14683.0,-0.38384755094466355,-1.0,0.4716489681426568
2018-10-22,0.07067400217056274,0.07502900063991547,0.07508300244808197,0.06621000170707703,12296.0,-0.3630219862587803,-1.0,0.4716489681426568
2018-10-23,0.07119199633598328,0.0706849992275238,0.08015400171279907,0.0657150000333786,33773.0,-0.3733748735161911,-1.0,0.4716489681426568
2018-10-24,0.06851600110530853,0.07086999714374542,0.07242999970912933,0.06778399646282196,8149.0,-0.35423218411870433,-1.0,0.4716489681426568
2018-10-25,0.06980399787425995,0.06854700297117233,0.07645200192928314,0.06648100167512894,10134.0,-0.37164861682715433,-1.0,0.4716489681426568
2018-10-26,0.07701700180768967,0.06966400146484375,0.08797000348567963,0.06921599805355072,31775.0,-0.43652211382446615,-1.0,0.4716489681426568
2018-10-27,0.07568199932575226,0.07672400027513504,0.08077599853277206,0.07358399778604507,11419.0,-0.4324857631092425,-1.0,0.4716489681426568
2018-10-28,0.07635299861431122,0.07699000090360641,0.07783400267362595,0.07321099936962128,16578.0,-0.4436665864818673,-1.0,0.4716489681426568
2018-10-29,0.07088200002908707,0.07628700137138367,0.07630400359630585,0.06852199882268906,18782.0,-0.4068384153990304,-1.0,0.4716489681426568
2018-10-30,0.07230699807405472,0.07089199870824814,0.07347100228071213,0.06906600296497345,16560.0,-0.42511901527505924,-1.0,0.4716489681426568
2018-10-31,0.07156900316476822,0.07253299653530121,0.0756860002875328,0.07035399973392487,19687.0,-0.4256744373225712,-1.0,0.4716489681426568
2018-11-01,0.0720990002155304,0.07156900316476822,0.07352499663829803,0.07156900316476822,4669.0,-0.43644481842842114,-1.0,0.4716489681426568
2018-11-02,0.07228299975395203,0.0720990002155304,0.0737290009856224,0.07019700109958649,9722.0,-0.44320142488133835,-1.0,0.4716489681426568
2018-11-03,0.06856700032949448,0.072284996509552,0.07231699675321579,0.0680449977517128,7131.0,-0.4183901214639048,-1.0,0.4716489681426568
2018-11-04,0.06695099920034409,0.06856600195169449,0.06943900138139725,0.06441699713468552,10623.0,-0.4097632732268238,-1.0,0.4716489681426568
2018-11-05,0.06943599879741669,0.0668179988861084,0.06973999738693237,0.06334199756383896,12518.0,-0.43630854128992647,-1.0,0.4716489681426568
2018-11-06,0.07552599906921387,0.0697769969701767,0.07552599906921387,0.06724300235509872,9382.0,-0.487595428319112,-1.0,0.4716489681426568
2018-11-07,0.07592500001192093,0.07588999718427658,0.08928299695253372,0.07349099963903427,19803.0,-0.49616525631586367,-1.0,0.4716489681426568
2018-11-08,0.07624399662017822,0.0759269967675209,0.07658299803733826,0.07236500084400177,5880.0,-0.5041195407219567,-1.0,0.4716489681426568
2018-11-09,0.07399199903011322,0.07625199854373932,0.07649199664592743,0.07138200104236603,8169.0,-0.4944872641937822,-1.0,0.4716489681426568
2018-11-10,0.07234799861907959,0.07348199933767319,0.07583100348711014,0.0704599991440773,11018.0,-0.4881688530966606,-1.0,0.4716489681426568
2018-11-11,0.0817670002579689,0.0722929984331131,0.09875400364398956,0.07182600349187851,54855.0,-0.5526832990392126,-1.0,0.4716489681426568
2018-11-12,0.08371499925851822,0.08177100121974945,0.09268700331449509,0.08002199977636337,21191.0,-0.5684360295541998,-1.0,0.4716489681426568
2018-11-13,0.08274199813604355,0.08332700282335281,0.08640100061893463,0.07728499919176102,16145.0,-0.5681165707552188,-1.0,0.4716489681426568
2018-11-14,0.06927400082349777,0.08187100291252136,0.08491100370883942,0.06438399851322174,23291.0,-0.48781886060192464,-1.0,0.4716489681426568
2018-11-15,0.06596799939870834,0.06962700188159943,0.07167500257492065,0.060965001583099365,6241.0,-0.46631158419099894,-1.0,0.4716489681426568
2018-11-16,0.06231699883937836,0.06493499875068665,0.06625500321388245,0.06149600073695183,6891.0,-0.4383145588454513,-1.0,0.4716489681426568
2018-11-17,0.06282100081443787,0.06248199939727783,0.0667639970779419,0.06136399880051613,8165.0,-0.4454353538036818,-1.0,0.4716489681426568
2018-11-18,0.06312599778175354,0.06301899999380112,0.06443200260400772,0.061980001628398895,4670.0,-0.45224951491570553,-1.0,0.4716489681426568
2018-11-19,0.04677699878811836,0.06315399706363678,0.06315399706363678,0.04677699878811836,16133.0,-0.2625825863222209,0.0,0.056702063714686425
2018-11-20,0.040286000818014145,0.046654000878334045,0.049024999141693115,0.038711998611688614,12211.0,-0.14408891435488114,0.0,0.056702063714686425
2018-11-21,0.04923100024461746,0.04072200134396553,0.04923500120639801,0.03818099945783615,11343.0,-0.3013819930500897,0.0,0.056702063714686425
2018-11-22,0.04899799823760986,0.04905200004577637,0.049901001155376434,0.043476998805999756,11850.0,-0.30031877126496853,0.0,0.056702063714686425
2018-11-23,0.04709500074386597,0.04874999821186066,0.050602998584508896,0.04424300044775009,5873.0,-0.27329237982631843,0.0,0.056702063714686425
2018-11-24,0.04307600110769272,0.047061000019311905,0.049153998494148254,0.04083700105547905,5214.0,-0.2054942017356531,0.0,0.056702063714686425
2018-11-25,0.046052999794483185,0.043094001710414886,0.04719199985265732,0.03748900070786476,12522.0,-0.2587847954769481,0.0,0.056702063714686425
2018-11-26,0.03843899816274643,0.04605700075626373,0.0471160002052784,0.03791699931025505,7690.0,-0.11308981995708038,0.0,0.056702063714686425
2018-11-27,0.041207000613212585,0.038384001702070236,0.0416099987924099,0.03744100034236908,4439.0,-0.17416202034657766,0.0,0.056702063714686425
2018-11-28,0.044840000569820404,0.04124600067734718,0.047589998692274094,0.04124600067734718,3194.0,-0.24304398485784706,0.0,0.056702063714686425
2018-11-29,0.04303799942135811,0.04502300173044205,0.04592199996113777,0.0402819998562336,6332.0,-0.21291126600017765,0.0,0.056702063714686425
2018-11-30,0.04413900151848793,0.04313899949193001,0.058795999735593796,0.03970399871468544,14993.0,-0.23465229206656207,0.0,0.056702063714686425
2018-12-01,0.04705699905753136,0.04426399990916252,0.05062299966812134,0.04239499941468239,7930.0,-0.28471678440812387,0.0,0.056702063714686425
2018-12-02,0.046133000403642654,0.04701799899339676,0.04910700023174286,0.04445800185203552,5245.0,-0.2726305598824272,0.0,0.056702063714686425
2018-12-03,0.04183200001716614,0.04639400169253349,0.04687599837779999,0.04183200001716614,9542.0,-0.19923328010617694,0.0,0.056702063714686425
2018-12-04,0.039712000638246536,0.041655998677015305,0.044821999967098236,0.03776400163769722,13589.0,-0.15728476077285428,0.0,0.056702063714686425
2018-12-05,0.03795599937438965,0.03970000147819519,0.04056999832391739,0.036396998912096024,5312.0,-0.11860267624392831,0.0,0.056702063714686425
2018-12-06,0.036361001431941986,0.03794100135564804,0.04064499959349632,0.03574199974536896,2825.0,-0.079916061922353,0.0,0.056702063714686425
2018-12-07,0.035705000162124634,0.036382999271154404,0.0393030010163784,0.03417100012302399,10713.0,-0.0628697811782232,0.0,0.056702063714686425
2018-12-08,0.03752699866890907,0.03568200021982193,0.038610998541116714,0.03508400171995163,5427.0,-0.10858192756786048,0.0,0.056702063714686425
2018-12-09,0.03882399946451187,0.037418998777866364,0.03995700180530548,0.0318479984998703,2360.0,-0.13910577181687597,0.0,0.056702063714686425
2018-12-10,0.035179998725652695,0.03867100179195404,0.039354000240564346,0.03478199988603592,2391.0,-0.049794609927750116,0.0,0.056702063714686425
2018-12-11,0.03386799991130829,0.03515300154685974,0.03679899871349335,0.0326480008661747,2690.0,-0.012919304597989468,0.0,0.056702063714686425
2018-12-12,0.03317800164222717,0.033610999584198,0.035082001239061356,0.03278699889779091,2061.0,0.008012694540830208,0.0,0.056702063714686425
2018-12-13,0.02958199940621853,0.033204998821020126,0.033218998461961746,0.029323000460863113,3151.0,0.13083592466852217,0.0,0.056702063714686425
2018-12-14,0.028615999966859818,0.029563000425696373,0.031139999628067017,0.027536999434232712,2997.0,0.16986536471341648,0.0,0.056702063714686425
2018-12-15,0.029441000893712044,0.02861800044775009,0.029441000893712044,0.02727299928665161,857.0,0.137660616258753,0.0,0.056702063714686425
2018-12-16,0.029217999428510666,0.029436999931931496,0.03114599920809269,0.028496000915765762,2616.0,0.14645642435442333,0.0,0.056702063714686425
2018-12-17,0.03081499971449375,0.028963999822735786,0.03216100111603737,0.028687000274658203,3095.0,0.08693156328436735,0.0,0.056702063714686425
2018-12-18,0.03047199919819832,0.030820000916719437,0.03095399960875511,0.028068000450730324,4549.0,0.09873034249761455,0.0,0.056702063714686425
2018-12-19,0.027956999838352203,0.02980699948966503,0.032228998839855194,0.02772900089621544,3710.0,0.1982355592593816,0.0,0.056702063714686425
2018-12-20,0.030556000769138336,0.02788200043141842,0.030897999182343483,0.02788200043141842,4924.0,0.09562533144890077,0.0,0.056702063714686425
2018-12-21,0.027499999850988388,0.030497999861836433,0.03103400021791458,0.02744000032544136,4382.0,0.2165881289304319,0.0,0.056702063714686425
2018-12-22,0.029078999534249306,0.027532000094652176,0.029767999425530434,0.023412000387907028,10494.0,0.15084068767760206,0.0,0.056702063714686425
2018-12-23,0.0314910002052784,0.029140999540686607,0.03400599956512451,0.029038000851869583,4872.0,0.06306238732499113,0.0,0.056702063714686425
2018-12-24,0.030223000794649124,0.03150400146842003,0.03450499847531319,0.030223000794649124,2301.0,0.10783411428463262,0.0,0.056702063714686425
2018-12-25,0.028036000207066536,0.030251000076532364,0.030251000076532364,0.027016999199986458,1446.0,0.19705603119928022,0.0,0.056702063714686425
2018-12-26,0.030865000560879707,0.027970999479293823,0.03214100003242493,0.026559999212622643,3726.0,0.08954562707337635,0.0,0.056702063714686425
2018-12-27,0.027428999543190002,0.03084399923682213,0.03084399923682213,0.027049999684095383,2066.0,0.22839376853587098,0.0,0.056702063714686425
2018-12-28,0.028915999457240105,0.027456000447273254,0.02960599958896637,0.026514999568462372,1279.0,0.16721942284688435,0.0,0.056702063714686425
2018-12-29,0.02676999941468239,0.028960999101400375,0.029062999412417412,0.026686999946832657,2245.0,0.26548529766140244,0.0,0.056702063714686425
2018-12-30,0.02747200056910515,0.02679700031876564,0.02844100072979927,0.026542000472545624,1918.0,0.24554571130061809,0.0,0.056702063714686425
2018-12-31,0.024809999391436577,0.027504999190568924,0.027504999190568924,0.02465900033712387,2535.0,0.3909590711829927,0.0,0.056702063714686425
2019-01-01,0.025684000924229622,0.024860000237822533,0.02572599984705448,0.022912999615073204,2832.0,0.35635337947463175,0.0,0.056702063714686425
2019-01-02,0.02698099985718727,0.025748999789357185,0.02823299914598465,0.025374000892043114,1562.0,0.3071590830068387,0.0,0.056702063714686425
2019-01-03,0.026846999302506447,0.02698799967765808,0.030698999762535095,0.026019999757409096,1696.0,0.334254681965371,0.0,0.056702063714686425
2019-01-04,0.031599000096321106,0.026869000867009163,0.03190299868583679,0.026325000450015068,3047.0,0.15666827805888467,0.0,0.056702063714686425
2019-01-05,0.03125,0.03142699971795082,0.032614998519420624,0.029023999348282814,4370.0,0.20084146090916224,0.0,0.056702063714686425
2019-01-06,0.033799998462200165,0.03124300017952919,0.034728001803159714,0.030192000791430473,3088.0,0.1340400155217887,0.0,0.056702063714686425
2019-01-07,0.03710800036787987,0.03465000167489052,0.03834500163793564,0.032023001462221146,11347.0,0.06469751207598727,0.0,0.056702063714686425
2019-01-08,0.035360001027584076,0.03754200041294098,0.039333999156951904,0.03438600152730942,5085.0,0.16478808707479664,0.0,0.056702063714686425
2019-01-09,0.036044999957084656,0.03542400151491165,0.03893100097775459,0.035064999014139175,5292.0,0.17744711944082145,0.0,0.056702063714686425
2019-01-10,0.034724000841379166,0.036072999238967896,0.04237699881196022,0.03038099966943264,67135.0,0.2709738105295316,0.0,0.056702063714686425
2019-01-11,0.03638799861073494,0.033681001514196396,0.04589400067925453,0.03006800077855587,49494.0,0.2640035947995973,0.0,0.056702063714686425
2019-01-12,0.030334999784827232,0.04433000087738037,0.045333001762628555,0.030125999823212624,40171.0,0.5737152892719083,0.0,0.056702063714686425
2019-01-13,0.029965000227093697,0.030532000586390495,0.03314900025725365,0.028328999876976013,41044.0,0.641459578310771,0.0,0.056702063714686425
2019-01-14,0.03192099928855896,0.030657000839710236,0.03243099898099899,0.028656000271439552,44395.0,0.5771301785292009,0.0,0.056702063714686425
2019-01-15,0.03127000108361244,0.031163999810814857,0.03271999955177307,0.02933800034224987,43937.0,0.6510650531485437,0.0,0.056702063714686425
2019-01-16,0.035013001412153244,0.030389999970793724,0.037092000246047974,0.02935599908232689,52560.0,0.5014979225842906,0.0,0.056702063714686425
2019-01-17,0.03494400158524513,0.035068999975919724,0.03651199862360954,0.03138099983334541,55136.0,0.5365598800971845,0.0,0.056702063714686425
2019-01-18,0.033629000186920166,0.03493700176477432,0.03649900108575821,0.031108999624848366,40843.0,0.6301090807520506,0.0,0.056702063714686425
2019-01-19,0.033730000257492065,0.03332899883389473,0.03453600034117699,0.03054100088775158,41466.0,0.6542422540009235,0.0,0.056702063714686425
2019-01-20,0.032481998205184937,0.033705998212099075,0.03427699953317642,0.03148899972438812,39678.0,0.7414989930407416,0.0,0.056702063714686425
2019-01-21,0.03210999816656113,0.03291499987244606,0.03308400139212608,0.031214000657200813,42611.0,0.7838613763757849,0.0,0.056702063714686425
2019-01-22,0.032969001680612564,0.0317079983651638,0.03364599868655205,0.031603001058101654,39508.0,0.754925218320191,0.0,0.056702063714686425
2019-01-23,0.03384299948811531,0.03296799957752228,0.035457998514175415,0.03266400098800659,41028.0,0.7249653014020004,0.0,0.056702063714686425
2019-01-24,0.03331200033426285,0.03411699831485748,0.03494599834084511,0.03259899839758873,69150.0,0.7693243852190881,0.0,0.056702063714686425
2019-01-25,0.03429900109767914,0.03338100016117096,0.03483299911022186,0.03297000005841255,76471.0,0.7303829880190624,0.0,0.056702063714686425
2019-01-26,0.03420399874448776,0.03408300131559372,0.035287998616695404,0.03317699953913689,77963.0,0.7523482155351676,0.0,0.056702063714686425
2019-01-27,0.035130999982357025,0.03431899845600128,0.03521699830889702,0.0327409990131855,81643.0,0.7240808278745865,0.0,0.056702063714686425
2019-01-28,0.0326169990003109,0.03511900082230568,0.03511900082230568,0.02965099923312664,70070.0,0.8745261701270972,0.0,0.056702063714686425
2019-01-29,0.031296998262405396,0.03290899842977524,0.034745000302791595,0.031296998262405396,67582.0,0.9713633382226111,1.0,0.4716489681426568
2019-01-30,0.03271999955177307,0.031282998621463776,0.034247998148202896,0.030969999730587006,81963.0,0.9018025762387519,0.0,0.056702063714686425
2019-01-31,0.032173000276088715,0.03269299864768982,0.03347500041127205,0.031362999230623245,76762.0,0.9485716979115996,1.0,0.4716489681426568
2019-02-01,0.03153900057077408,0.03206000104546547,0.03345499932765961,0.031008999794721603,70823.0,1.001928571242959,1.0,0.4716489681426568
2019-02-02,0.03189900144934654,0.031550001353025436,0.032940998673439026,0.03074200078845024,71742.0,0.9980844196463943,1.0,0.4716489681426568
2019-02-03,0.030009999871253967,0.03213300183415413,0.03254299983382225,0.029752999544143677,73238.0,1.1437476668326563,1.0,0.4716489681426568
2019-02-04,0.02842400036752224,0.03044000081717968,0.031318001449108124,0.02755899913609028,73229.0,1.286217562296319,1.0,0.4716489681426568
2019-02-05,0.025604000315070152,0.028328999876976013,0.02917099930346012,0.02555299922823906,69234.0,1.5614914705242218,1.0,0.4716489681426568
2019-02-06,0.026095999404788017,0.02601500041782856,0.026365000754594803,0.02469000034034252,71448.0,1.5373331632413074,1.0,0.4716489681426568
2019-02-07,0.025829000398516655,0.02560099959373474,0.0263420008122921,0.025072000920772552,67871.0,1.5828407098196124,1.0,0.4716489681426568
2019-02-08,0.03458299860358238,0.02608500048518181,0.04070800170302391,0.02574099972844124,130500.0,0.9412266533027861,1.0,0.4716489681426568
2019-02-09,0.032519999891519547,0.033743999898433685,0.03663500025868416,0.03203200176358223,86170.0,1.0811717141952544,1.0,0.4716489681426568
2019-02-10,0.03144500032067299,0.032019998878240585,0.03305700048804283,0.03024500049650669,79099.0,1.1762334991882397,1.0,0.4716489681426568
2019-02-11,0.03254299983382225,0.031436000019311905,0.03337100148200989,0.030594000592827797,83302.0,1.1221445214964905,1.0,0.4716489681426568
2019-02-12,0.03234599903225899,0.03245599940419197,0.032965000718832016,0.030508000403642654,80573.0,1.1525354003527264,1.0,0.4716489681426568
2019-02-13,0.03219600021839142,0.03160199895501137,0.03307199850678444,0.031042000278830528,79477.0,1.1809173696253012,1.0,0.4716489681426568
2019-02-14,0.03256100043654442,0.03214599937200546,0.03461400046944618,0.031408000737428665,83295.0,1.1733273879579245,1.0,0.4716489681426568
2019-02-15,0.03439899906516075,0.03260200098156929,0.0350629985332489,0.03209500014781952,95709.0,1.0710768068008523,1.0,0.4716489681426568
2019-02-16,0.03570200130343437,0.034230999648571014,0.04512200132012367,0.0329039990901947,129303.0,1.0102388697156046,1.0,0.4716489681426568
2019-02-17,0.03725399821996689,0.03511299937963486,0.03733300045132637,0.033789001405239105,101620.0,0.9398150673962021,1.0,0.4716489681426568
2019-02-18,0.03987300023436546,0.037801001220941544,0.04189800098538399,0.035631999373435974,116055.0,0.8239003047885036,0.0,0.056702063714686425
2019-02-19,0.04418100044131279,0.038913000375032425,0.045869000256061554,0.038913000375032425,130968.0,0.6548419091357462,0.0,0.056702063714686425
2019-02-20,0.04437600076198578,0.04489300027489662,0.04663499817252159,0.0428600013256073,135190.0,0.656050716347382,0.0,0.056702063714686425
2019-02-21,0.039069000631570816,0.04367600008845329,0.044815998524427414,0.03842100128531456,144235.0,0.8914343199602862,0.0,0.056702063714686425
2019-02-22,0.042344000190496445,0.03934599831700325,0.043529000133275986,0.038426000624895096,149802.0,0.7551540764096132,0.0,0.056702063714686425
2019-02-23,0.04672500118613243,0.042312998324632645,0.047793999314308167,0.041113998740911484,173217.0,0.5975929025612068,0.0,0.056702063714686425
2019-02-24,0.037546999752521515,0.045531000941991806,0.048172999173402786,0.037546999752521515,132851.0,0.9995564779597114,1.0,0.4716489681426568
2019-02-25,0.038630999624729156,0.03750799968838692,0.04223399981856346,0.03689999878406525,86471.0,0.9532872341235765,1.0,0.4716489681426568
2019-02-26,0.03901800140738487,0.03853499889373779,0.042447999119758606,0.03247600048780441,59601.0,0.9441013340684092,1.0,0.4716489681426568
2019-02-27,0.04064900055527687,0.03910199925303459,0.043237000703811646,0.03214799985289574,52000.0,0.8749761789990178,0.0,0.056702063714686425
2019-02-28,0.03815099969506264,0.03985799849033356,0.04219299927353859,0.032520998269319534,52167.0,1.0087501425257106,1.0,0.4716489681426568
2019-03-01,0.04134399816393852,0.036490000784397125,0.042389001697301865,0.03404900059103966,45311.0,0.8628879088455561,0.0,0.056702063714686425
2019-03-02,0.043060000985860825,0.03920000046491623,0.043060000985860825,0.03402800112962723,37796.0,0.7966131237136139,0.0,0.056702063714686425
2019-03-03,0.03733599931001663,0.045065999031066895,0.04536399990320206,0.03369100019335747,29906.0,1.0814154050016846,1.0,0.4716489681426568
2019-03-04,0.0342009998857975,0.03655000030994415,0.040453001856803894,0.03243499994277954,27098.0,1.2851480027925033,1.0,0.4716489681426568
2019-03-05,0.03516700118780136,0.03422199934720993,0.03686400130391121,0.0323840007185936,22820.0,1.2342840840228118,1.0,0.4716489681426568
2019-03-06,0.03617699816823006,0.03515499830245972,0.03694700077176094,0.033440001308918,21824.0,1.1843860536878161,1.0,0.4716489681426568
2019-03-07,0.03645399957895279,0.03497600182890892,0.03697900101542473,0.03385400027036667,20283.0,1.1804396077268098,1.0,0.4716489681426568
2019-03-08,0.03502099961042404,0.03442100062966347,0.036660999059677124,0.03311900049448013,25757.0,1.2837962104199636,1.0,0.4716489681426568
2019-03-09,0.03504199907183647,0.03488299995660782,0.03598399832844734,0.03343600034713745,36534.0,1.2964795524317836,1.0,0.4716489681426568
2019-03-10,0.03600500151515007,0.03444899991154671,0.036497000604867935,0.03411399945616722,69792.0,1.2490565730087113,1.0,0.4716489681426568
2019-03-11,0.03614199906587601,0.03641999885439873,0.03644999861717224,0.035321999341249466,98206.0,1.2544115015832984,1.0,0.4716489681426568
2019-03-12,0.03659899905323982,0.03593999892473221,0.036855001002550125,0.0353970006108284,89033.0,1.2390633986406383,1.0,0.4716489681426568
2019-03-13,0.03681999817490578,0.03680099919438362,0.03720499947667122,0.0363520011305809,78231.0,1.2386608778922945,1.0,0.4716489681426568
2019-03-14,0.036444999277591705,0.036906998604536057,0.037849001586437225,0.03620399907231331,87125.0,1.2758190635412225,1.0,0.4716489681426568
2019-03-15,0.03620100021362305,0.036472998559474945,0.03715299814939499,0.035634998232126236,80681.0,1.3063484866624766,1.0,0.4716489681426568
2019-03-16,0.036743998527526855,0.03622400015592575,0.038144998252391815,0.035627998411655426,96872.0,1.2868413041365279,1.0,0.4716489681426568
2019-03-17,0.035992998629808426,0.036761000752449036,0.03686999902129173,0.035585999488830566,99345.0,1.348189097488906,1.0,0.4716489681426568
2019-03-18,0.03565699979662895,0.03604799881577492,0.03671199828386307,0.03506400063633919,102251.0,1.385281710015404,1.0,0.4716489681426568
2019-03-19,0.03408600017428398,0.03595900163054466,0.03604400157928467,0.03321700170636177,70170.0,1.5103477534679408,1.0,0.4716489681426568
2019-03-20,0.03449099883437157,0.03397100046277046,0.03500799834728241,0.03336599841713905,91009.0,1.4947996661982976,1.0,0.4716489681426568
2019-03-21,0.0304189994931221,0.03455200046300888,0.034811001271009445,0.029983000829815865,109012.0,1.842155284757947,1.0,0.4716489681426568
2019-03-22,0.031014999374747276,0.029985999688506126,0.03151499852538109,0.02969300001859665,115051.0,1.8029459576958078,1.0,0.4716489681426568
2019-03-23,0.031106999143958092,0.03107599914073944,0.03190299868583679,0.029978999868035316,100332.0,1.8109678764759933,1.0,0.4716489681426568
2019-03-24,0.029541000723838806,0.031150000169873238,0.031265001744031906,0.02910199947655201,99967.0,1.9746363475378756,1.0,0.4716489681426568
2019-03-25,0.03048500046133995,0.029611000791192055,0.03135500103235245,0.029332000762224197,139578.0,1.8952301239244167,1.0,0.4716489681426568
2019-03-26,0.029170000925660133,0.030435999855399132,0.030435999855399132,0.02870899997651577,150169.0,2.0401193948296297,1.0,0.4716489681426568
2019-03-27,0.02977599948644638,0.0291920006275177,0.02985600009560585,0.02869199961423874,142760.0,1.9965395143168367,1.0,0.4716489681426568
2019-03-28,0.028483999893069267,0.029797999188303947,0.02982099913060665,0.02820800058543682,136672.0,2.1526134320847534,1.0,0.4716489681426568
2019-03-29,0.02536799944937229,0.028483999893069267,0.02853499911725521,0.02456899918615818,178878.0,2.5678523075592063,1.0,0.4716489681426568
2019-03-30,0.029973000288009644,0.02533400058746338,0.030433999374508858,0.025144999846816063,192370.0,2.044189056188474,1.0,0.4716489681426568
2019-03-31,0.032627999782562256,0.029973000288009644,0.033195000141859055,0.02961999922990799,199959.0,1.826904666440778,1.0,0.4716489681426568
2019-04-01,0.030729999765753746,0.03260499984025955,0.032885000109672546,0.030220000073313713,122090.0,2.037836147460344,1.0,0.4716489681426568
2019-04-02,0.03573799878358841,0.030750999227166176,0.03614399954676628,0.030341999605298042,207466.0,1.642723893611004,1.0,0.4716489681426568
2019-04-03,0.03754499927163124,0.03559499979019165,0.03972899913787842,0.03538599982857704,224580.0,1.5396303177436448,1.0,0.4716489681426568
2019-04-04,0.03377800062298775,0.03757400065660477,0.03906499966979027,0.03280000016093254,198521.0,1.847612088404538,1.0,0.4716489681426568
2019-04-05,0.034570999443531036,0.03385600075125694,0.035259999334812164,0.033135998994112015,221449.0,1.8063961116740483,1.0,0.4716489681426568
2019-04-06,0.039090998470783234,0.034651998430490494,0.0393109992146492,0.03378999978303909,265967.0,1.5003081195235672,1.0,0.4716489681426568
2019-04-07,0.06084999814629555,0.03907899931073189,0.08496599644422531,0.039069999009370804,393146.0,0.6125600424227199,0.0,0.056702063714686425
2019-04-08,0.05343199893832207,0.0609470009803772,0.06554900109767914,0.05087000131607056,257787.0,0.8470262793563942,0.0,0.056702063714686425
2019-04-09,0.057718999683856964,0.05343199893832207,0.06372900307178497,0.05166200175881386,249664.0,0.7166059037757019,0.0,0.056702063714686425
2019-04-10,0.06930500268936157,0.057705000042915344,0.07630600035190582,0.05734400078654289,335682.0,0.43610491767326454,0.0,0.056702063714686425
2019-04-11,0.08096999675035477,0.06854499876499176,0.08687199652194977,0.06526699662208557,356285.0,0.23402613309,0.0,0.056702063714686425
2019-04-12,0.10302399843931198,0.08093100041151047,0.12622800469398499,0.07795300334692001,422765.0,-0.02670289560369268,0.0,0.056702063714686425
2019-04-13,0.12696999311447144,0.10293599963188171,0.14941799640655518,0.09871400147676468,452962.0,-0.20958578075825235,0.0,0.056702063714686425
2019-04-14,0.11261700093746185,0.12696999311447144,0.13821400701999664,0.10625000298023224,407847.0,-0.10789160752006567,0.0,0.056702063714686425
2019-04-15,0.1525759994983673,0.11261700093746185,0.1554269939661026,0.11261700093746185,453989.0,-0.34333668566861253,0.0,0.056702063714686425
2019-04-16,0.19981500506401062,0.15252000093460083,0.2436780035495758,0.15035100281238556,581377.0,-0.5018752663137892,-1.0,0.4716489681426568
2019-04-17,0.15895399451255798,0.1945289969444275,0.19902199506759644,0.15429699420928955,505908.0,-0.37353411139435616,-1.0,0.4716489681426568
2019-04-18,0.20056100189685822,0.1577730029821396,0.23640799522399902,0.15261100232601166,676814.0,-0.5059789465061881,-1.0,0.4716489681426568
2019-04-19,0.21879200637340546,0.2006399929523468,0.2219180017709732,0.1908009946346283,556461.0,-0.550424056740778,-1.0,0.4716489681426568
2019-04-20,0.20125600695610046,0.21880100667476654,0.2232780009508133,0.19155700504779816,453768.0,-0.5145121452628805,-1.0,0.4716489681426568
2019-04-21,0.17183800041675568,0.20165200531482697,0.20466700196266174,0.16575899720191956,419603.0,-0.4332251955005118,-1.0,0.4716489681426568
2019-04-22,0.14532999694347382,0.1717730015516281,0.17917500436306,0.14169099926948547,395666.0,-0.3296352137524565,0.0,0.056702063714686425
2019-04-23,0.15722300112247467,0.1452140063047409,0.18880900740623474,0.14469900727272034,468010.0,-0.38162511507962993,-1.0,0.4716489681426568
2019-04-24,0.12744100391864777,0.15722300112247467,0.16030600666999817,0.12252400070428848,426314.0,-0.23595787039931354,0.0,0.056702063714686425
2019-04-25,0.14486099779605865,0.12741699814796448,0.1711290031671524,0.12593500316143036,469638.0,-0.32788897554457247,0.0,0.056702063714686425
2019-04-26,0.1439169943332672,0.14525100588798523,0.14950600266456604,0.1355309933423996,358579.0,-0.32274240330730836,0.0,0.056702063714686425
2019-04-27,0.12963800132274628,0.14407899975776672,0.14752499759197235,0.12529300153255463,368638.0,-0.24586785702797134,0.0,0.056702063714686425
2019-04-28,0.10791999846696854,0.12958300113677979,0.1349100023508072,0.10024300217628479,384579.0,-0.0898750446480354,0.0,0.056702063714686425
2019-04-29,0.10192699730396271,0.1079460009932518,0.11755800247192383,0.0966539978981018,357896.0,-0.032149031993595964,0.0,0.056702063714686425
2019-04-30,0.08964700251817703,0.10194599628448486,0.10525699704885483,0.0888810008764267,304841.0,0.10582672438877207,0.0,0.056702063714686425
2019-05-01,0.08478999882936478,0.08952099829912186,0.10522300004959106,0.0832889974117279,326079.0,0.1752335474902829,0.0,0.056702063714686425
2019-05-02,0.08836200088262558,0.08480700105428696,0.09054700285196304,0.08246099948883057,328460.0,0.13241423760075632,0.0,0.056702063714686425
2019-05-03,0.0745450034737587,0.08833400160074234,0.0895249992609024,0.07370799779891968,299607.0,0.34884154997076444,0.0,0.056702063714686425
2019-05-04,0.09172099828720093,0.0745450034737587,0.0917619988322258,0.07378000020980835,366272.0,0.09865368031015805,0.0,0.056702063714686425
2019-05-05,0.09700500220060349,0.09094300121068954,0.10600599646568298,0.0858130007982254,302160.0,0.04063106147951442,0.0,0.056702063714686425
2019-05-06,0.08874499797821045,0.09698200225830078,0.10037299990653992,0.08577200025320053,238319.0,0.14019499010126762,0.0,0.056702063714686425
2019-05-07,0.08581800013780594,0.08847200125455856,0.09528999775648117,0.0855259969830513,262718.0,0.18396751707305342,0.0,0.056702063714686425
2019-05-08,0.08458399772644043,0.08575599640607834,0.08887399733066559,0.0818210020661354,250442.0,0.2058089667240938,0.0,0.056702063714686425
2019-05-09,0.07768599689006805,0.08457700163125992,0.08586899936199188,0.0767659991979599,247410.0,0.31774674417408344,0.0,0.056702063714686425
2019-05-10,0.07538700103759766,0.07765799760818481,0.08068999648094177,0.07242300361394882,243747.0,0.3625088919756823,0.0,0.056702063714686425
2019-05-11,0.09051000326871872,0.07560999691486359,0.09282100200653076,0.07312999665737152,291205.0,0.13719316616179084,0.0,0.056702063714686425
2019-05-12,0.08851300179958344,0.090549997985363,0.09952700138092041,0.0853469967842102,178415.0,0.1658291859774246,0.0,0.056702063714686425
2019-05-13,0.09208299964666367,0.08851300179958344,0.09788200259208679,0.08709400147199631,241182.0,0.1233604286770578,0.0,0.056702063714686425
2019-05-14,0.08449999988079071,0.09215500205755234,0.09223999828100204,0.08173800259828568,347149.0,0.22848351855813218,0.0,0.056702063714686425
2019-05-15,0.08781799674034119,0.08447600156068802,0.08828199654817581,0.08006300032138824,348440.0,0.1853932117944835,0.0,0.056702063714686425
2019-05-16,0.07462800294160843,0.08766599744558334,0.09208100289106369,0.06959900259971619,427503.0,0.4009909011495552,0.0,0.056702063714686425
2019-05-17,0.0758650004863739,0.07071399688720703,0.07841899991035461,0.06332799792289734,457049.0,0.3842140286848549,0.0,0.056702063714686425
2019-05-18,0.0860539972782135,0.0758650004863739,0.08722200244665146,0.06698200106620789,527066.0,0.2236691587138188,0.0,0.056702063714686425
2019-05-19,0.10513699799776077,0.08598200231790543,0.10529199987649918,0.08472300320863724,546622.0,0.0027075656203827975,0.0,0.056702063714686425
2019-05-20,0.09421300143003464,0.10513699799776077,0.10521899908781052,0.08629599958658218,466229.0,0.12106326245673885,0.0,0.056702063714686425
2019-05-21,0.08771199733018875,0.09417600184679031,0.09417600184679031,0.08547700196504593,318132.0,0.2062245833639918,0.0,0.056702063714686425
2019-05-22,0.09010499715805054,0.08771199733018875,0.096219003200531,0.08741199970245361,315407.0,0.1755986879186861,0.0,0.056702063714686425
2019-05-23,0.08635299652814865,0.09010499715805054,0.09010499715805054,0.08414799720048904,307722.0,0.22701874018139903,0.0,0.056702063714686425
2019-05-24,0.08117000013589859,0.08636300265789032,0.08722800016403198,0.08067899942398071,293710.0,0.30773672208251673,0.0,0.056702063714686425
2019-05-25,0.08730699867010117,0.08117000013589859,0.08885399997234344,0.07959099858999252,333576.0,0.2164129921822999,0.0,0.056702063714686425
2019-05-26,0.08589299768209457,0.08734600245952606,0.08836899697780609,0.0780080035328865,355325.0,0.2370587441687984,0.0,0.056702063714686425
2019-05-27,0.08480700105428696,0.08601199835538864,0.10320500284433365,0.08394099771976471,348018.0,0.2538013546835017,0.0,0.056702063714686425
2019-05-28,0.08222399652004242,0.08465500175952911,0.08578100055456161,0.08022800087928772,354753.0,0.2941357132451417,0.0,0.056702063714686425
2019-05-29,0.08125700056552887,0.0822020024061203,0.08313699811697006,0.0783350020647049,332269.0,0.31057417774617185,0.0,0.056702063714686425
2019-05-30,0.07900799810886383,0.08125700056552887,0.08763600140810013,0.07835599780082703,285355.0,0.34892646751177303,0.0,0.056702063714686425
2019-05-31,0.08387599885463715,0.07900799810886383,0.08922400325536728,0.07715699821710587,292717.0,0.2706331269232938,0.0,0.056702063714686425
2019-06-01,0.07879900187253952,0.08386699855327606,0.08479099720716476,0.0787699967622757,285844.0,0.3536454249830984,0.0,0.056702063714686425
2019-06-02,0.07966899871826172,0.07879900187253952,0.08287099748849869,0.07842099666595459,291008.0,0.33952611491827966,0.0,0.056702063714686425
2019-06-03,0.07587999850511551,0.07966899871826172,0.08163099735975266,0.07580900192260742,232510.0,0.4076443515101884,0.0,0.056702063714686425
2019-06-04,0.07797399908304214,0.07599999755620956,0.08166799694299698,0.07259999960660934,219366.0,0.37086919452181316,0.0,0.056702063714686425
2019-06-05,0.07602299749851227,0.07797399908304214,0.08317799866199493,0.07528500258922577,214006.0,0.4071012037156047,0.0,0.056702063714686425
2019-06-06,0.07930299639701843,0.07602699846029282,0.08103899657726288,0.07406499981880188,210342.0,0.3495013451569927,0.0,0.056702063714686425
2019-06-07,0.07891800254583359,0.07929699867963791,0.0882050022482872,0.07803700119256973,192455.0,0.3570287742964687,0.0,0.056702063714686425
2019-06-08,0.07666700333356857,0.07889799773693085,0.07958099991083145,0.07458300143480301,210668.0,0.3983719899721284,0.0,0.056702063714686425
2019-06-09,0.07159300148487091,0.07682199776172638,0.07736500352621078,0.07040499895811081,178158.0,0.49958464219901544,0.0,0.056702063714686425
2019-06-10,0.07757800072431564,0.07148300111293793,0.07962299883365631,0.07049000263214111,236067.0,0.38502380476395637,0.0,0.056702063714686425
2019-06-11,0.07620199769735336,0.07765199989080429,0.07922200113534927,0.0748249962925911,255756.0,0.41081442757829734,0.0,0.056702063714686425
2019-06-12,0.08042000234127045,0.07621700316667557,0.08060599863529205,0.07458599656820297,266918.0,0.33707978459496296,0.0,0.056702063714686425
2019-06-13,0.08165299892425537,0.08045800030231476,0.08277200162410736,0.0761139988899231,357646.0,0.31690928061116486,0.0,0.056702063714686425
2019-06-14,0.08353900164365768,0.08169800043106079,0.08372700214385986,0.0766879990696907,349913.0,0.28675263909128723,0.0,0.056702063714686425
2019-06-15,0.08329799771308899,0.08352600038051605,0.0852769985795021,0.08120600134134293,353421.0,0.29012717461256293,0.0,0.056702063714686425
2019-06-16,0.0854019969701767,0.08329799771308899,0.08851800113916397,0.08304599672555923,357742.0,0.25767778211297765,0.0,0.056702063714686425
2019-06-17,0.08530399948358536,0.0854019969701767,0.08684100210666656,0.08350600302219391,353425.0,0.25778501264190895,0.0,0.056702063714686425
2019-06-18,0.08251599967479706,0.08528900146484375,0.08555199950933456,0.08083400130271912,347219.0,0.2975776699799305,0.0,0.056702063714686425
2019-06-19,0.08386100083589554,0.08263599872589111,0.08627799898386002,0.08207400143146515,352590.0,0.2740125748229208,0.0,0.056702063714686425
2019-06-20,0.08688899874687195,0.08384600281715393,0.08796100318431854,0.0836080014705658,358071.0,0.2261864447097064,0.0,0.056702063714686425
2019-06-21,0.09009099751710892,0.08692699670791626,0.09019000083208084,0.08588200062513351,404662.0,0.17922539420643158,0.0,0.056702063714686425
2019-06-22,0.0892300009727478,0.09029699862003326,0.09721899777650833,0.0866909995675087,404114.0,0.18726438525552871,0.0,0.056702063714686425
2019-06-23,0.08407899737358093,0.0891909971833229,0.09300299733877182,0.08345700055360794,399232.0,0.25694947062942236,0.0,0.056702063714686425
2019-06-24,0.08795200288295746,0.08407899737358093,0.0912259966135025,0.08300700038671494,391005.0,0.19824445987422576,0.0,0.056702063714686425
2019-06-25,0.08462700247764587,0.08792100101709366,0.08918999880552292,0.08115500211715698,376066.0,0.24222267987569066,0.0,0.056702063714686425
2019-06-26,0.08157200366258621,0.08462700247764587,0.09367600083351135,0.06634499877691269,459174.0,0.2858643410645141,0.0,0.056702063714686425
2019-06-27,0.0703430026769638,0.08157200366258621,0.08759299665689468,0.06962600350379944,424102.0,0.48892752319837923,0.0,0.056702063714686425
2019-06-28,0.07784400135278702,0.07045900076627731,0.07846599817276001,0.07014299929141998,418005.0,0.3421995523017532,0.0,0.056702063714686425
2019-06-29,0.08083300292491913,0.07791300117969513,0.08170299977064133,0.07072299718856812,481472.0,0.28896861903826765,0.0,0.056702063714686425
2019-06-30,0.07197099924087524,0.08072300255298615,0.08500900119543076,0.07172299921512604,388828.0,0.4442720717150611,0.0,0.056702063714686425
2019-07-01,0.06844600290060043,0.07197099924087524,0.07557699829339981,0.06410200148820877,416564.0,0.516486790373617,0.0,0.056702063714686425
2019-07-02,0.07025100290775299,0.06845500320196152,0.0707470029592514,0.061990998685359955,384533.0,0.47492817805608567,0.0,0.056702063714686425
2019-07-03,0.08315400034189224,0.07026000320911407,0.08529700338840485,0.07026000320911407,432572.0,0.24230404584960727,0.0,0.056702063714686425
2019-07-04,0.08474399894475937,0.0831030011177063,0.09008000046014786,0.0797170028090477,457329.0,0.21478471156149653,0.0,0.056702063714686425
2019-07-05,0.09497100114822388,0.08616399765014648,0.09497100114822388,0.08244600147008896,455364.0,0.07887207692599625,0.0,0.056702063714686425
2019-07-06,0.10192500054836273,0.09493499994277954,0.11555500328540802,0.0899059996008873,475570.0,-4.0651430879795955e-05,0.0,0.056702063714686425
2019-07-07,0.12991900742053986,0.10192500054836273,0.1604979932308197,0.10012000054121017,581190.0,-0.22199472276314347,0.0,0.056702063714686425
2019-07-08,0.1401430070400238,0.12992000579833984,0.1518159955739975,0.1280129998922348,518706.0,-0.2852036928292889,0.0,0.056702063714686425
2019-07-09,0.14284799993038177,0.14032800495624542,0.14737200736999512,0.12228000164031982,540387.0,-0.3052733953927936,0.0,0.056702063714686425
2019-07-10,0.1262110024690628,0.14286500215530396,0.15149100124835968,0.12169499695301056,471439.0,-0.2197999824940233,0.0,0.056702063714686425
2019-07-11,0.115727998316288,0.12775899469852448,0.1300400048494339,0.11378700286149979,426571.0,-0.1548334021523801,0.0,0.056702063714686425
2019-07-12,0.1162320002913475,0.11582300066947937,0.11782299727201462,0.10711299628019333,387039.0,-0.16443029134185125,0.0,0.056702063714686425
2019-07-13,0.10961399972438812,0.11625999957323074,0.11791200190782547,0.10173399746417999,367989.0,-0.11959108368462192,0.0,0.056702063714686425
2019-07-14,0.09855400025844574,0.10964199900627136,0.11072199791669846,0.09170500189065933,215502.0,-0.025621407847591787,0.0,0.056702063714686425
2019-07-15,0.10890299826860428,0.09856899827718735,0.10923299938440323,0.09171400219202042,229554.0,-0.12377077583470819,0.0,0.056702063714686425
2019-07-16,0.09598500281572342,0.1087929978966713,0.12885500490665436,0.0954509973526001,340824.0,-0.010748308497117564,0.0,0.056702063714686425
2019-07-17,0.11325599998235703,0.09568499773740768,0.1147330030798912,0.08939699828624725,416085.0,-0.1676755795413912,0.0,0.056702063714686425
2019-07-18,0.11917400360107422,0.11320900171995163,0.1235319972038269,0.09848000109195709,413165.0,-0.21551580511453838,0.0,0.056702063714686425
2019-07-19,0.13770300149917603,0.11917400360107422,0.14022600650787354,0.11451400071382523,409065.0,-0.32760687982832876,0.0,0.056702063714686425
2019-07-20,0.1353909969329834,0.1376509964466095,0.14878499507904053,0.13474899530410767,309049.0,-0.3224954973246115,0.0,0.056702063714686425
2019-07-21,0.12317000329494476,0.1353909969329834,0.13596199452877045,0.11368700116872787,356674.0,-0.2613721419170384,0.0,0.056702063714686425
2019-07-22,0.12557600438594818,0.12319499999284744,0.12958599627017975,0.11977100372314453,338487.0,-0.28178547817763294,0.0,0.056702063714686425
2019-07-23,0.1353050023317337,0.12501800060272217,0.142535001039505,0.12135700136423111,364789.0,-0.3400155791469086,0.0,0.056702063714686425
2019-07-24,0.16350699961185455,0.1353050023317337,0.17761899530887604,0.12962999939918518,587206.0,-0.4610885414220812,-1.0,0.4716489681426568
2019-07-25,0.15176700055599213,0.16374599933624268,0.17473000288009644,0.1476060003042221,607462.0,-0.42626156798552894,-1.0,0.4716489681426568
2019-07-26,0.1484539955854416,0.14905400574207306,0.14958499372005463,0.1422169953584671,593245.0,-0.4201959745399996,-1.0,0.4716489681426568
2019-07-27,0.13694100081920624,0.1484539955854416,0.15362100303173065,0.13646699488162994,564980.0,-0.3778624218574764,-1.0,0.4716489681426568
2019-07-28,0.141075998544693,0.13694100081920624,0.1481190025806427,0.1368190050125122,610170.0,-0.4025789210529181,-1.0,0.4716489681426568
2019-07-29,0.14833499491214752,0.14122000336647034,0.15648600459098816,0.1403529942035675,598293.0,-0.4384419255985039,-1.0,0.4716489681426568
2019-07-30,0.13749000430107117,0.14825700223445892,0.15030600130558014,0.13742099702358246,618528.0,-0.40025161557914773,-1.0,0.4716489681426568
2019-07-31,0.14190000295639038,0.1374559998512268,0.14435100555419922,0.13723400235176086,678239.0,-0.4246913023425591,-1.0,0.4716489681426568
2019-08-01,0.14411400258541107,0.14153100550174713,0.14465700089931488,0.1357789933681488,568396.0,-0.4397237508020843,-1.0,0.4716489681426568
2019-08-02,0.1543249934911728,0.14417700469493866,0.1562419980764389,0.14005699753761292,712797.0,-0.4834441420359648,-1.0,0.4716489681426568
2019-08-03,0.15857799351215363,0.1538189947605133,0.17756900191307068,0.15356700122356415,609596.0,-0.5040797340322263,-1.0,0.4716489681426568
2019-08-04,0.15265700221061707,0.1586039960384369,0.1642560064792633,0.14954200387001038,648341.0,-0.4914235582734768,-1.0,0.4716489681426568
2019-08-05,0.14401400089263916,0.15248900651931763,0.16049399971961975,0.13869799673557281,740948.0,-0.4672976847835908,-1.0,0.4716489681426568
2019-08-06,0.13707000017166138,0.14388999342918396,0.14388999342918396,0.12667900323867798,686354.0,-0.4463039904658376,-1.0,0.4716489681426568
2019-08-07,0.13516199588775635,0.13703900575637817,0.14174899458885193,0.1278740018606186,727465.0,-0.4444244217975667,-1.0,0.4716489681426568
2019-08-08,0.12896700203418732,0.13516199588775635,0.1389860063791275,0.12300200015306473,694376.0,-0.4235710291365216,-1.0,0.4716489681426568
2019-08-09,0.12227199971675873,0.12894399464130402,0.12971599400043488,0.11731600016355515,746815.0,-0.39786237619621684,-1.0,0.4716489681426568
2019-08-10,0.11330199986696243,0.12227199971675873,0.12718699872493744,0.1106489971280098,720380.0,-0.3557783441030461,-1.0,0.4716489681426568
2019-08-11,0.11433199793100357,0.11315400153398514,0.1150830015540123,0.10758300125598907,729303.0,-0.36737870064308353,-1.0,0.4716489681426568
2019-08-12,0.11228299885988235,0.11437399685382843,0.13985300064086914,0.11062700301408768,671188.0,-0.36184370997099263,-1.0,0.4716489681426568
2019-08-13,0.12689200043678284,0.11227399855852127,0.1315319985151291,0.1103999987244606,763264.0,-0.4419266738234903,-1.0,0.4716489681426568
2019-08-14,0.1224529966711998,0.12599200010299683,0.12602199614048004,0.11281300336122513,720213.0,-0.4281302612605539,-1.0,0.4716489681426568
2019-08-15,0.11476200073957443,0.1224529966711998,0.12346000224351883,0.10930900275707245,718771.0,-0.39622907683455155,-1.0,0.4716489681426568
2019-08-16,0.1091959998011589,0.11477400362491608,0.11553499847650528,0.10734999924898148,648236.0,-0.37209172942015123,-1.0,0.4716489681426568
2019-08-17,0.11127600073814392,0.10924399644136429,0.1127609983086586,0.10555300116539001,738851.0,-0.3906068133700767,-1.0,0.4716489681426568
2019-08-18,0.11435399949550629,0.11125499755144119,0.11745200306177139,0.10936400294303894,710012.0,-0.4143918629466725,-1.0,0.4716489681426568
2019-08-19,0.11671599745750427,0.11437900364398956,0.11845800280570984,0.1135689988732338,623854.0,-0.4333410613137652,-1.0,0.4716489681426568
2019-08-20,0.12021700292825699,0.11671599745750427,0.12390699982643127,0.11449500173330307,437032.0,-0.45711319658456,-1.0,0.4716489681426568
2019-08-21,0.1164340004324913,0.12023100256919861,0.12235700339078903,0.11240900307893753,11643729.0,-0.4465586731662528,-1.0,0.4716489681426568
2019-08-22,0.11914899945259094,0.11567000299692154,0.1247280016541481,0.11405500024557114,9367737.0,-0.46626586881008936,-1.0,0.4716489681426568
2019-08-23,0.12096899747848511,0.11914899945259094,0.12613199651241302,0.11831700056791306,8723724.0,-0.4814238860509567,-1.0,0.4716489681426568
2019-08-24,0.11429999768733978,0.12122199684381485,0.12134700268507004,0.1123030036687851,8886755.0,-0.4581830734586501,-1.0,0.4716489681426568
2019-08-25,0.11690100282430649,0.11429999768733978,0.12032400071620941,0.11248499900102615,5947731.0,-0.4773896550234661,-1.0,0.4716489681426568
2019-08-26,0.11352600157260895,0.11703900247812271,0.12146899849176407,0.11071600019931793,6438436.0,-0.46897528918273274,-1.0,0.4716489681426568
2019-08-27,0.10551200062036514,0.11319900304079056,0.11425299942493439,0.10375099629163742,4719053.0,-0.4354081637913052,-1.0,0.4716489681426568
2019-08-28,0.10254599899053574,0.10553699731826782,0.10759499669075012,0.1021609976887703,3928010.0,-0.4260119950820676,-1.0,0.4716489681426568
2019-08-29,0.08923699706792831,0.10258600115776062,0.10275600105524063,0.08659300208091736,4551533.0,-0.3467784388090186,0.0,0.056702063714686425
2019-08-30,0.10001000016927719,0.08923699706792831,0.10572200268507004,0.08781199902296066,5598381.0,-0.42401913050885787,-1.0,0.4716489681426568
2019-08-31,0.09244000166654587,0.09898000210523605,0.10021799802780151,0.08965899795293808,5472500.0,-0.3833221229585501,-1.0,0.4716489681426568
2019-09-01,0.09111800044775009,0.09209799766540527,0.09400799870491028,0.09001100063323975,4441119.0,-0.3803512734445695,-1.0,0.4716489681426568
2019-09-02,0.09229899942874908,0.09122399985790253,0.09288299828767776,0.09003899991512299,5289068.0,-0.3942551587160552,-1.0,0.4716489681426568
2019-09-03,0.08985599875450134,0.09166599810123444,0.09330300241708755,0.08886600285768509,4324116.0,-0.384029518943306,-1.0,0.4716489681426568
2019-09-04,0.08951999992132187,0.09048199653625488,0.0952949970960617,0.08571299910545349,3697956.0,-0.3879572007042477,-1.0,0.4716489681426568
2019-09-05,0.08710800111293793,0.08991199731826782,0.0899830013513565,0.08491899818181992,3484995.0,-0.3769241981060963,-1.0,0.4716489681426568
2019-09-06,0.0838410034775734,0.08710800111293793,0.090208999812603,0.08329900354146957,5906839.0,-0.35798692749385974,-1.0,0.4716489681426568
2019-09-07,0.08764699846506119,0.08363600075244904,0.08880899846553802,0.08355700224637985,5546632.0,-0.3915026164475797,-1.0,0.4716489681426568
2019-09-08,0.08484300225973129,0.08764299750328064,0.09026999771595001,0.0790100023150444,4262427.0,-0.3764949468158437,-1.0,0.4716489681426568
2019-09-09,0.08502800017595291,0.08484300225973129,0.08702400326728821,0.0780399963259697,5707498.0,-0.38280499541680885,-1.0,0.4716489681426568
2019-09-10,0.08582399785518646,0.08439899981021881,0.08653400093317032,0.07987599819898605,2859590.0,-0.3940515532994053,-1.0,0.4716489681426568
2019-09-11,0.08385299891233444,0.08582399785518646,0.08694600313901901,0.0816819965839386,3379368.0,-0.3851095528197479,-1.0,0.4716489681426568
2019-09-12,0.08395300060510635,0.08349499851465225,0.08745899796485901,0.08044499903917313,4190983.0,-0.39168539300221855,-1.0,0.4716489681426568
2019-09-13,0.08621899783611298,0.08395300060510635,0.08765599876642227,0.08274400234222412,3058408.0,-0.4134843010111874,-1.0,0.4716489681426568
2019-09-14,0.08793599903583527,0.08618099987506866,0.09722699970006943,0.08517400175333023,3224537.0,-0.43069042788726414,-1.0,0.4716489681426568
2019-09-15,0.08636900037527084,0.08806899935007095,0.09424000233411789,0.08620200306177139,4259990.0,-0.4263081252136731,-1.0,0.4716489681426568
2019-09-16,0.08616399765014648,0.0860930010676384,0.08818600326776505,0.08535099774599075,4225761.0,-0.4308380931585856,-1.0,0.4716489681426568
2019-09-17,0.08203300088644028,0.08605699986219406,0.08698700368404388,0.080424003303051,3170560.0,-0.40845272847692116,-1.0,0.4716489681426568
2019-09-18,0.08248600363731384,0.08197099715471268,0.08679699897766113,0.08015800267457962,5150944.0,-0.41778780770386226,-1.0,0.4716489681426568
2019-09-19,0.08181300014257431,0.08237499743700027,0.08465000241994858,0.07550600171089172,6018371.0,-0.41906992260178677,-1.0,0.4716489681426568
2019-09-20,0.08005400002002716,0.08139699697494507,0.08326999843120575,0.07281400263309479,3388233.0,-0.4125223147742256,-1.0,0.4716489681426568
2019-09-21,0.08045399934053421,0.07880599796772003,0.08242800086736679,0.07864399999380112,2802293.0,-0.4215316569714901,-1.0,0.4716489681426568
2019-09-22,0.0798339992761612,0.08011499792337418,0.08278000354766846,0.07744400203227997,3298171.0,-0.42289459443037597,-1.0,0.4716489681426568
2019-09-23,0.07412199676036835,0.0791660025715828,0.08080600202083588,0.07269799709320068,3119341.0,-0.3840190956632774,-1.0,0.4716489681426568
2019-09-24,0.06064499914646149,0.07426899671554565,0.07426899671554565,0.05728299915790558,3405475.0,-0.25224431692719196,0.0,0.056702063714686425
2019-09-25,0.06122799962759018,0.06090899929404259,0.06208600103855133,0.05697700008749962,7047104.0,-0.264464167874587,0.0,0.056702063714686425
2019-09-26,0.05769899860024452,0.06122799962759018,0.06147700175642967,0.05523499846458435,3686182.0,-0.22453328386713392,0.0,0.056702063714686425
2019-09-27,0.0602479986846447,0.05805300176143646,0.060603998601436615,0.05556299909949303,4129987.0,-0.2624107621373627,0.0,0.056702063714686425
2019-09-28,0.060026999562978745,0.05942299962043762,0.06333500146865845,0.058129001408815384,3309559.0,-0.2647155676066419,0.0,0.056702063714686425
2019-09-29,0.05893699824810028,0.060169998556375504,0.06095999851822853,0.055521998554468155,2637498.0,-0.25605478351631106,0.0,0.056702063714686425
2019-09-30,0.05903699994087219,0.05859500169754028,0.06013600155711174,0.056168001145124435,3438427.0,-0.2618451310854844,0.0,0.056702063714686425
2019-10-01,0.05891000106930733,0.0593780018389225,0.06200699880719185,0.05756700038909912,2478363.0,-0.2647698632170151,0.0,0.056702063714686425
2019-10-02,0.05853699892759323,0.05891000106930733,0.06000800058245659,0.0561399981379509,2368835.0,-0.2646925082276099,0.0,0.056702063714686425
2019-10-03,0.05516299977898598,0.059021998196840286,0.0591219998896122,0.052595000714063644,2538387.0,-0.22423673992005913,0.0,0.056702063714686425
2019-10-04,0.05300600081682205,0.05488000065088272,0.05687800049781799,0.05143899843096733,2554884.0,-0.19682139732886048,0.0,0.056702063714686425
2019-10-05,0.052317000925540924,0.05300600081682205,0.05355900153517723,0.05034499987959862,3199431.0,-0.19016374640659436,0.0,0.056702063714686425
2019-10-06,0.047912001609802246,0.05193600058555603,0.05272499844431877,0.044172998517751694,3706919.0,-0.11897239867514377,0.0,0.056702063714686425
2019-10-07,0.05391800031065941,0.04797700047492981,0.059530001133680344,0.04307200014591217,4003999.0,-0.2210374692629556,0.0,0.056702063714686425
2019-10-08,0.05238800123333931,0.053939998149871826,0.05577800050377846,0.04811200127005577,4659091.0,-0.20148408025713205,0.0,0.056702063714686425
2019-10-09,0.05251599848270416,0.05238800123333931,0.05509600043296814,0.05124799907207489,4332847.0,-0.20651935151360473,0.0,0.056702063714686425
2019-10-10,0.04977399855852127,0.052521999925374985,0.05317800119519234,0.04666600003838539,4890199.0,-0.16507591519896692,0.0,0.056702063714686425
2019-10-11,0.04752400144934654,0.05003499984741211,0.052007000893354416,0.04311399906873703,5023558.0,-0.12641885934643052,0.0,0.056702063714686425
2019-10-12,0.04893599823117256,0.04745100066065788,0.051603998988866806,0.047040000557899475,5538972.0,-0.15291418874000415,0.0,0.056702063714686425
2019-10-13,0.047286998480558395,0.048850998282432556,0.050032999366521835,0.045253999531269073,4645226.0,-0.12474776735564613,0.0,0.056702063714686425
2019-10-14,0.05155399814248085,0.047286998480558395,0.053206998854875565,0.04617699980735779,6711379.0,-0.19925587340344864,0.0,0.056702063714686425
2019-10-15,0.051375001668930054,0.051277000457048416,0.05428000167012215,0.049626998603343964,5147385.0,-0.1985791017775958,0.0,0.056702063714686425
2019-10-16,0.050703998655080795,0.051715001463890076,0.05222199857234955,0.04880400002002716,4915700.0,-0.18997553095778358,0.0,0.056702063714686425
2019-10-17,0.051010001450777054,0.05116000026464462,0.052698999643325806,0.04935299977660179,4301888.0,-0.19731647598919697,0.0,0.056702063714686425
2019-10-18,0.0486610010266304,0.051010001450777054,0.06046599894762039,0.04738700017333031,3633131.0,-0.15964385197210734,0.0,0.056702063714686425
2019-10-19,0.04936400055885315,0.04908899962902069,0.05115700140595436,0.04842900112271309,3226537.0,-0.17323540125633374,0.0,0.056702063714686425
2019-10-20,0.05188300088047981,0.049543000757694244,0.052880000323057175,0.0485600009560585,3458048.0,-0.21524530548687162,0.0,0.056702063714686425
2019-10-21,0.04962100088596344,0.05188300088047981,0.05267300084233284,0.049518000334501266,3048821.0,-0.18104128882939038,0.0,0.056702063714686425
2019-10-22,0.04986000061035156,0.04913900047540665,0.05359699949622154,0.046383000910282135,3624981.0,-0.18612115093595152,0.0,0.056702063714686425
2019-10-23,0.045871999114751816,0.04982199892401695,0.05101500079035759,0.045148998498916626,5308251.0,-0.11615572087581788,0.0,0.056702063714686425
2019-10-24,0.043163999915122986,0.04620400071144104,0.046486999839544296,0.042486000806093216,3983411.0,-0.06070322267106793,0.0,0.056702063714686425
2019-10-25,0.04954500123858452,0.043163999915122986,0.05137199908494949,0.04239699989557266,5243202.0,-0.18283381039235672,0.0,0.056702063714686425
2019-10-26,0.05086199939250946,0.04953800141811371,0.05944199860095978,0.04911499843001366,5680041.0,-0.2054998286290927,0.0,0.056702063714686425
2019-10-27,0.04955099895596504,0.05086199939250946,0.052358999848365784,0.04859999939799309,3286083.0,-0.1851462719068319,0.0,0.056702063714686425
2019-10-28,0.04851999878883362,0.04969299957156181,0.05037499964237213,0.04791399836540222,3236097.0,-0.16804913356051981,0.0,0.056702063714686425
2019-10-29,0.04795600101351738,0.04825500026345253,0.04933600127696991,0.04556199908256531,4090475.0,-0.1586803405868656,0.0,0.056702063714686425
2019-10-30,0.047534000128507614,0.04816100001335144,0.050544001162052155,0.04671100154519081,3741660.0,-0.15106802634347122,0.0,0.056702063714686425
2019-10-31,0.04972599819302559,0.04816799983382225,0.05482099950313568,0.04744900017976761,4329577.0,-0.18868929600951223,0.0,0.056702063714686425
2019-11-01,0.05042099952697754,0.04995900020003319,0.05223099887371063,0.04793599992990494,3957756.0,-0.1998513279652227,0.0,0.056702063714686425
2019-11-02,0.05088900029659271,0.05042099952697754,0.052928000688552856,0.049966998398303986,4401898.0,-0.20737071047613603,0.0,0.056702063714686425
2019-11-03,0.05146799981594086,0.051107000559568405,0.053380001336336136,0.0501520000398159,4265429.0,-0.21674850741081847,0.0,0.056702063714686425
2019-11-04,0.05199500173330307,0.0512470006942749,0.05420000106096268,0.05078100040555,5310478.0,-0.22523832554691822,0.0,0.056702063714686425
2019-11-05,0.05523800104856491,0.05199500173330307,0.06520000100135803,0.051357999444007874,4866613.0,-0.2716573191174435,0.0,0.056702063714686425
2019-11-06,0.061236001551151276,0.05515500158071518,0.06727200001478195,0.0550290010869503,6020003.0,-0.34474553983639805,0.0,0.056702063714686425
2019-11-07,0.056634001433849335,0.061232998967170715,0.06341399997472763,0.0558289997279644,4399625.0,-0.29211001018106325,0.0,0.056702063714686425
2019-11-08,0.05375999957323074,0.0564970001578331,0.0594400018453598,0.0527379997074604,3833827.0,-0.2545011057546518,0.0,0.056702063714686425
2019-11-09,0.05318500101566315,0.05348299816250801,0.05493500083684921,0.05260000005364418,3400233.0,-0.24714542639972142,0.0,0.056702063714686425
2019-11-10,0.054237000644207,0.05329599976539612,0.054767999798059464,0.052590999752283096,3472543.0,-0.26274932896252695,0.0,0.056702063714686425
2019-11-11,0.0537399984896183,0.05422599986195564,0.05625399947166443,0.052531998604536057,3184034.0,-0.2568251722470056,0.0,0.056702063714686425
2019-11-12,0.05656500160694122,0.05396899953484535,0.057718001306056976,0.05347700044512749,4462008.0,-0.2954105765787979,0.0,0.056702063714686425
2019-11-13,0.056526001542806625,0.05645100027322769,0.05808199942111969,0.05450600013136864,4002799.0,-0.29697154406108167,0.0,0.056702063714686425
2019-11-14,0.055233001708984375,0.056203000247478485,0.05677900090813637,0.05479799956083298,3441199.0,-0.2826881702534574,0.0,0.056702063714686425
2019-11-15,0.052129000425338745,0.055041998624801636,0.055775001645088196,0.05121000111103058,3136272.0,-0.24118426231505236,0.0,0.056702063714686425
2019-11-16,0.051270999014377594,0.05218600109219551,0.05226299911737442,0.04505399987101555,3983511.0,-0.23077411918507418,0.0,0.056702063714686425
2019-11-17,0.049382999539375305,0.051270999014377594,0.05149099975824356,0.04668499901890755,4102647.0,-0.20335015419229768,0.0,0.056702063714686425
2019-11-18,0.046156998723745346,0.04870900139212608,0.05089600011706352,0.04497100040316582,4089945.0,-0.14852986543855953,0.0,0.056702063714686425
2019-11-19,0.04466399922966957,0.04584699869155884,0.04834200069308281,0.04407000169157982,2683691.0,-0.121035238132584,0.0,0.056702063714686425
2019-11-20,0.04524099826812744,0.04466399922966957,0.04632199928164482,0.04234899953007698,3062332.0,-0.13379634205187574,0.0,0.056702063714686425
2019-11-21,0.04251600056886673,0.04524099826812744,0.04597900062799454,0.041475001722574234,3503505.0,-0.07855027715403119,0.0,0.056702063714686425
2019-11-22,0.03815700113773346,0.04251600056886673,0.04292599856853485,0.03146199882030487,3853737.0,0.027488701312155844,0.0,0.056702063714686425
2019-11-23,0.03736099973320961,0.038214001804590225,0.03992599993944168,0.035976000130176544,2416712.0,0.05060253448283402,0.0,0.056702063714686425
2019-11-24,0.03162200003862381,0.03702700138092041,0.03748200088739395,0.03162200003862381,2497533.0,0.2445775201650939,0.0,0.056702063714686425
2019-11-25,0.03552599996328354,0.03162200003862381,0.03619400039315224,0.030201999470591545,2681920.0,0.10999302124661435,0.0,0.056702063714686425
2019-11-26,0.034570999443531036,0.035457998514175415,0.03599900007247925,0.034219998866319656,2134773.0,0.14304753581325014,0.0,0.056702063714686425
2019-11-27,0.035599999129772186,0.03425600007176399,0.036347001791000366,0.03214799985289574,3035203.0,0.11195800158783135,0.0,0.056702063714686425
2019-11-28,0.0362900011241436,0.03579000011086464,0.03711500018835068,0.03492100164294243,1951154.0,0.09242239668902126,0.0,0.056702063714686425
2019-11-29,0.03646799921989441,0.036416999995708466,0.0375249981880188,0.035971999168395996,2408568.0,0.08892226002117062,0.0,0.056702063714686425
2019-11-30,0.035707999020814896,0.03665199875831604,0.038465000689029694,0.03518800064921379,2651968.0,0.11357372844895969,0.0,0.056702063714686425
2019-12-01,0.03497299924492836,0.035753000527620316,0.036642998456954956,0.034765999764204025,2232756.0,0.1380873023180802,0.0,0.056702063714686425
2019-12-02,0.034286998212337494,0.03494799882173538,0.037310000509023666,0.032343000173568726,2205896.0,0.16162375689112432,0.0,0.056702063714686425
2019-12-03,0.03554999828338623,0.034286998212337494,0.03664499893784523,0.03399699926376343,2660570.0,0.12043146357305559,0.0,0.056702063714686425
2019-12-04,0.03286400064826012,0.035617001354694366,0.035829998552799225,0.0317780002951622,3289320.0,0.21225194920244614,0.0,0.056702063714686425
2019-12-05,0.0335099995136261,0.032857999205589294,0.03462500125169754,0.03236600011587143,2803041.0,0.18617532507916495,0.0,0.056702063714686425
2019-12-06,0.0326169990003109,0.03344200178980827,0.03411199897527695,0.03256800025701523,2883788.0,0.21584309279093086,0.0,0.056702063714686425
2019-12-07,0.03382200002670288,0.032565999776124954,0.03482399880886078,0.032485999166965485,3559642.0,0.16893695100410144,0.0,0.056702063714686425
2019-12-08,0.037751998752355576,0.03381799906492233,0.038373999297618866,0.03328799828886986,4042402.0,0.043335483774498494,0.0,0.056702063714686425
2019-12-09,0.03825100138783455,0.037751998752355576,0.04104800149798393,0.03667199984192848,4269556.0,0.02533263059677668,0.0,0.056702063714686425
2019-12-10,0.03487800061702728,0.038830000907182693,0.03900900110602379,0.03468099981546402,3986598.0,0.12084043349107638,0.0,0.056702063714686425
2019-12-11,0.034779999405145645,0.03513899818062782,0.035666000097990036,0.03384999930858612,4220977.0,0.12052289406371937,0.0,0.056702063714686425
2019-12-12,0.03661999851465225,0.035294998437166214,0.04100999981164932,0.03427400067448616,3990467.0,0.0619512430195855,0.0,0.056702063714686425
2019-12-13,0.03994999825954437,0.03663700073957443,0.04318799823522568,0.036348000168800354,4136366.0,-0.029446206908510672,0.0,0.056702063714686425
2019-12-14,0.03923000022768974,0.03943299874663353,0.04230000078678131,0.03763499855995178,4489052.0,-0.014317195834453884,0.0,0.056702063714686425
2019-12-15,0.04241599887609482,0.03923000022768974,0.04336800053715706,0.038993000984191895,4009829.0,-0.09187087404198278,0.0,0.056702063714686425
2019-12-16,0.043751999735832214,0.04232899844646454,0.04455700144171715,0.03998300060629845,4294526.0,-0.12289583630227933,0.0,0.056702063714686425
2019-12-17,0.03937799856066704,0.043751999735832214,0.04567499831318855,0.037337999790906906,5036995.0,-0.027736628595070152,0.0,0.056702063714686425
2019-12-18,0.04029100015759468,0.03937799856066704,0.04179000109434128,0.03740600124001503,5049113.0,-0.05249489086573874,0.0,0.056702063714686425
2019-12-19,0.03587700054049492,0.04029100015759468,0.04100999981164932,0.03418000042438507,3901005.0,0.062094507822595,0.0,0.056702063714686425
2019-12-20,0.03711700066924095,0.03587700054049492,0.042514998465776443,0.03531700000166893,4701997.0,0.02439168483606268,0.0,0.056702063714686425
2019-12-21,0.03834899887442589,0.036997999995946884,0.04421199858188629,0.035757001489400864,4478324.0,-0.011604990608976287,0.0,0.056702063714686425
2019-12-22,0.036035001277923584,0.03835500031709671,0.038415998220443726,0.03386399894952774,5291609.0,0.04879577352595378,0.0,0.056702063714686425
2019-12-23,0.03638700023293495,0.03596099838614464,0.03890499845147133,0.034255001693964005,5507724.0,0.03570011448286501,0.0,0.056702063714686425
2019-12-24,0.0315760001540184,0.0361349992454052,0.036423999816179276,0.03111100010573864,4967330.0,0.1924727679413079,0.0,0.056702063714686425
2019-12-25,0.03328600153326988,0.03237500041723251,0.033987000584602356,0.029798999428749084,4477454.0,0.12911716826970737,0.0,0.056702063714686425
2019-12-26,0.03313399851322174,0.03328600153326988,0.03421900048851967,0.03280999884009361,4963078.0,0.13265495649078915,0.0,0.056702063714686425
2019-12-27,0.031279999762773514,0.033020999282598495,0.033149998635053635,0.02993199974298477,3794850.0,0.19869383077343702,0.0,0.056702063714686425
2019-12-28,0.03244899958372116,0.03151499852538109,0.03527799993753433,0.03121899999678135,4972852.0,0.1541794739451928,0.0,0.056702063714686425
2019-12-29,0.03402300179004669,0.0327799990773201,0.03817500174045563,0.03235799819231033,5079573.0,0.09890961948133165,0.0,0.056702063714686425
2019-12-30,0.03346199914813042,0.03419899940490723,0.03568299859762192,0.03220599889755249,4699467.0,0.11601557195276962,0.0,0.056702063714686425
2019-12-31,0.0302559994161129,0.03328299894928932,0.03578599914908409,0.02978700026869774,5492144.0,0.2339660942601859,0.0,0.056702063714686425
2020-01-01,0.030626999214291573,0.0302559994161129,0.03252900019288063,0.02869899943470955,5220241.0,0.21869528326992874,0.0,0.056702063714686425
2020-01-02,0.02910899929702282,0.030865000560879707,0.031369999051094055,0.028759999200701714,4146720.0,0.2826869866279096,0.0,0.056702063714686425
2020-01-03,0.030321000143885612,0.029138000681996346,0.030422000214457512,0.02881699986755848,4050775.0,0.23055852436211366,0.0,0.056702063714686425
2020-01-04,0.030494000762701035,0.030239000916481018,0.030673999339342117,0.02991499938070774,2992350.0,0.22309972561585148,0.0,0.056702063714686425
2020-01-05,0.030417000874876976,0.03037000074982643,0.03292499855160713,0.03001300059258938,3076994.0,0.225902098044655,0.0,0.056702063714686425
2020-01-06,0.03282700106501579,0.030476000159978867,0.034304000437259674,0.03042599931359291,4171025.0,0.13434743202374236,0.0,0.056702063714686425
2020-01-07,0.03283800184726715,0.03286999836564064,0.03450800105929375,0.03137899935245514,4324506.0,0.1325392619333113,0.0,0.056702063714686425
2020-01-08,0.03210499882698059,0.03283800184726715,0.03421200066804886,0.031314000487327576,4404001.0,0.15674814418069494,0.0,0.056702063714686425
2020-01-09,0.030734999105334282,0.032189998775720596,0.032232001423835754,0.03039800003170967,3689255.0,0.20785486590737384,0.0,0.056702063714686425
2020-01-10,0.03143199905753136,0.030900999903678894,0.031870998442173004,0.03028699941933155,3857444.0,0.18034659100437064,0.0,0.056702063714686425
2020-01-11,0.03221900016069412,0.031429000198841095,0.03549300134181976,0.03120799921452999,3985103.0,0.1507093257506126,0.0,0.056702063714686425
2020-01-12,0.03258400037884712,0.03220300003886223,0.03310000151395798,0.03143500164151192,4307175.0,0.1364852115940277,0.0,0.056702063714686425
2020-01-13,0.03317200019955635,0.032829999923706055,0.03406599909067154,0.03166700154542923,3291735.0,0.11477006850911743,0.0,0.056702063714686425
2020-01-14,0.03597800061106682,0.033160001039505005,0.039400000125169754,0.0327409990131855,5251995.0,0.02563837938782929,0.0,0.056702063714686425
2020-01-15,0.03661800175905228,0.03590900078415871,0.038488999009132385,0.03474999964237213,5363797.0,0.005759912100292633,0.0,0.056702063714686425
2020-01-16,0.038708001375198364,0.03604000061750412,0.03923799842596054,0.03527100011706352,4996845.0,-0.05056676128384484,0.0,0.056702063714686425
2020-01-17,0.043462999165058136,0.0387750007212162,0.04610000178217888,0.038047000765800476,6599165.0,-0.15738485162480378,0.0,0.056702063714686425
2020-01-18,0.042753998190164566,0.04371599853038788,0.045889001339673996,0.041809000074863434,5363714.0,-0.14668918919747959,0.0,0.056702063714686425
2020-01-19,0.04092299938201904,0.042753998190164566,0.04779699817299843,0.04001599922776222,6012038.0,-0.11143949218607649,0.0,0.056702063714686425
2020-01-20,0.04111799970269203,0.04094500094652176,0.04144800081849098,0.03992899879813194,5487484.0,-0.11894140057645738,0.0,0.056702063714686425
2020-01-21,0.04073600098490715,0.04113899916410446,0.041912999004125595,0.04014100134372711,3375282.0,-0.11409832018631423,0.0,0.056702063714686425
2020-01-22,0.040754999965429306,0.04073600098490715,0.04492099955677986,0.03939399868249893,5650802.0,-0.11711621970218897,0.0,0.056702063714686425
2020-01-23,0.038603998720645905,0.04085399955511093,0.04161500185728073,0.03680400177836418,5348647.0,-0.07042092904882645,0.0,0.056702063714686425
2020-01-24,0.04353399947285652,0.03859499841928482,0.04554399847984314,0.03810400143265724,4721035.0,-0.17850672873654874,0.0,0.056702063714686425
2020-01-25,0.04150800034403801,0.04328100010752678,0.043435998260974884,0.04134500026702881,3792609.0,-0.1413447815200977,0.0,0.056702063714686425
2020-01-26,0.042378999292850494,0.04139599949121475,0.042718999087810516,0.040059998631477356,3773380.0,-0.16200504392630033,0.0,0.056702063714686425
2020-01-27,0.04198899865150452,0.04239699989557266,0.04291199892759323,0.04088300094008446,4840681.0,-0.15654218916416812,0.0,0.056702063714686425
2020-01-28,0.04422000050544739,0.042222000658512115,0.045187998563051224,0.04122399911284447,6651705.0,-0.20207036481484586,0.0,0.056702063714686425
2020-01-29,0.04231499880552292,0.044325001537799835,0.04733800143003464,0.040856000036001205,5833157.0,-0.16864042368747817,0.0,0.056702063714686425
2020-01-30,0.04317399859428406,0.04252399876713753,0.04602799937129021,0.041367001831531525,5747178.0,-0.18761076417528927,0.0,0.056702063714686425
2020-01-31,0.043928999453783035,0.04318799823522568,0.04420899972319603,0.0418660007417202,5314701.0,-0.20407674698892914,0.0,0.056702063714686425
2020-02-01,0.043352000415325165,0.04354799911379814,0.047954000532627106,0.04259999841451645,6401361.0,-0.19640669141081293,0.0,0.056702063714686425
2020-02-02,0.04631200060248375,0.0433490015566349,0.04828200116753578,0.042691998183727264,6356217.0,-0.2519041335832683,0.0,0.056702063714686425
2020-02-03,0.047485001385211945,0.04631200060248375,0.05045200139284134,0.04591299965977669,6576005.0,-0.2749390483692402,0.0,0.056702063714686425
2020-02-04,0.04600299894809723,0.047203999012708664,0.04780900105834007,0.045051999390125275,6298411.0,-0.25585020271364456,0.0,0.056702063714686425
2020-02-05,0.048200998455286026,0.045889001339673996,0.049493998289108276,0.04533600062131882,7827176.0,-0.294414228555182,0.0,0.056702063714686425
2020-02-06,0.04875599965453148,0.048200998455286026,0.04986400157213211,0.047022998332977295,6269409.0,-0.306582671742767,0.0,0.056702063714686425
2020-02-07,0.0505249984562397,0.048774998635053635,0.05155999958515167,0.04747999832034111,4954057.0,-0.33560288520219494,0.0,0.056702063714686425
2020-02-08,0.05008700117468834,0.050721000880002975,0.05293799936771393,0.049215998500585556,5828340.0,-0.33458314848713494,0.0,0.056702063714686425
2020-02-09,0.049143001437187195,0.050005000084638596,0.05347499996423721,0.04772299900650978,6491178.0,-0.3263568383279315,0.0,0.056702063714686425
2020-02-10,0.04918700084090233,0.04900500178337097,0.0494690015912056,0.047230999916791916,6539296.0,-0.33142718203565813,0.0,0.056702063714686425
2020-02-11,0.05018699914216995,0.049132999032735825,0.050558000802993774,0.04732400178909302,6249655.0,-0.34899678323790434,0.0,0.056702063714686425
2020-02-12,0.05074699968099594,0.05031700059771538,0.05272499844431877,0.047221001237630844,7973482.0,-0.36065688551069447,-1.0,0.4716489681426568
2020-02-13,0.0532509982585907,0.05103699862957001,0.05450500175356865,0.0493369996547699,8979494.0,-0.39555526253803347,-1.0,0.4716489681426568
2020-02-14,0.05252299830317497,0.05299900099635124,0.053477998822927475,0.04878000169992447,6768330.0,-0.3920064760113159,-1.0,0.4716489681426568
2020-02-15,0.049515001475811005,0.05252299830317497,0.053390998393297195,0.04865900054574013,10075790.0,-0.35962429384375216,-1.0,0.4716489681426568
2020-02-16,0.04891499876976013,0.049539998173713684,0.05144599825143814,0.04622099921107292,7711723.0,-0.35617969642870356,-1.0,0.4716489681426568
2020-02-17,0.04903100058436394,0.04871299862861633,0.04929199814796448,0.0463780015707016,7097317.0,-0.362413167330213,-1.0,0.4716489681426568
2020-02-18,0.048420000821352005,0.04891199991106987,0.04953499883413315,0.045956000685691833,6884651.0,-0.3592167716944579,-1.0,0.4716489681426568
2020-02-19,0.04518600180745125,0.04821399971842766,0.05002100020647049,0.044488999992609024,7936651.0,-0.3170031280983335,0.0,0.056702063714686425
2020-02-20,0.043462999165058136,0.045510001480579376,0.04599799960851669,0.041117001324892044,9433617.0,-0.29309939622359915,0.0,0.056702063714686425
2020-02-21,0.04595699906349182,0.04411499947309494,0.04595699906349182,0.041735999286174774,8308813.0,-0.3349239823177805,0.0,0.056702063714686425
2020-02-22,0.03977299854159355,0.04534199833869934,0.04596799984574318,0.03654199838638306,10717086.0,-0.23360578754143616,0.0,0.056702063714686425
2020-02-23,0.0397769995033741,0.03977299854159355,0.04298200085759163,0.038141001015901566,31165544.0,-0.23614378834073016,0.0,0.056702063714686425
2020-02-24,0.042270999401807785,0.04041700065135956,0.04417800158262253,0.03890300169587135,16876562.0,-0.284123470967328,0.0,0.056702063714686425
2020-02-25,0.040428001433610916,0.04379900172352791,0.04379900172352791,0.03995800018310547,10281359.0,-0.2543332530450808,0.0,0.056702063714686425
2020-02-26,0.03836499899625778,0.040118999779224396,0.04331300035119057,0.03780699893832207,8626023.0,-0.21675020606376694,0.0,0.056702063714686425
2020-02-27,0.04138299822807312,0.03838000074028969,0.04397699981927872,0.03713599964976311,9771867.0,-0.27681160417137624,0.0,0.056702063714686425
2020-02-28,0.041051000356674194,0.041568998247385025,0.043182000517845154,0.03988900035619736,6364697.0,-0.27399865083124225,0.0,0.056702063714686425
2020-02-29,0.041836999356746674,0.041026998311281204,0.04269300028681755,0.04071500152349472,7430398.0,-0.29081351031982294,0.0,0.056702063714686425
2020-03-01,0.04185999929904938,0.04141400009393692,0.04513600096106529,0.04089599847793579,8636935.0,-0.29409059102886503,0.0,0.056702063714686425
2020-03-02,0.043129000812768936,0.04195199906826019,0.04500399902462959,0.04063500091433525,10560079.0,-0.31834705961840204,0.0,0.056702063714686425
2020-03-03,0.042674001306295395,0.04331500083208084,0.044541001319885254,0.041565001010894775,12190138.0,-0.31429788234673295,0.0,0.056702063714686425
2020-03-04,0.0424019992351532,0.04276200011372566,0.04410099983215332,0.04200899973511696,5507996.0,-0.3128086823895097,0.0,0.056702063714686425
2020-03-05,0.04200400039553642,0.04249899834394455,0.04446300119161606,0.040973000228405,11133197.0,-0.3096692504874276,0.0,0.056702063714686425
2020-03-06,0.043014999479055405,0.04200400039553642,0.04475099965929985,0.04134500026702881,16150659.0,-0.32919839643769105,0.0,0.056702063714686425
2020-03-07,0.040869999676942825,0.043195001780986786,0.04436999931931496,0.038568999618291855,26336547.0,-0.2965727509422545,0.0,0.056702063714686425
2020-03-08,0.03877900168299675,0.040869999676942825,0.041425999253988266,0.03776500001549721,16880000.0,-0.260662625050093,0.0,0.056702063714686425
2020-03-09,0.03686099871993065,0.03881999850273132,0.039354998618364334,0.034077998250722885,11967682.0,-0.22373181886271973,0.0,0.056702063714686425
2020-03-10,0.035819001495838165,0.03689200058579445,0.03776400163769722,0.033959001302719116,8324806.0,-0.19959795445683476,0.0,0.056702063714686425
2020-03-11,0.03365899994969368,0.035691998898983,0.03622199967503548,0.03320100158452988,9184080.0,-0.14612248277007692,0.0,0.056702063714686425
2020-03-12,0.024620000272989273,0.03453100100159645,0.03626500070095062,0.024620000272989273,11005685.0,0.17496848991098923,0.0,0.056702063714686425
2020-03-13,0.023641999810934067,0.024577999487519264,0.028679000213742256,0.018957000225782394,14142743.0,0.23270806020849538,0.0,0.056702063714686425
2020-03-14,0.021927999332547188,0.02392599917948246,0.02417300082743168,0.021707000210881233,7729588.0,0.33938394537760247,0.0,0.056702063714686425
2020-03-15,0.02326899953186512,0.021927999332547188,0.025415999814867973,0.021066000685095787,7129763.0,0.27111093024176086,0.0,0.056702063714686425
2020-03-16,0.021787000820040703,0.023142000660300255,0.023466000333428383,0.018810000270605087,13736591.0,0.36865734959523044,0.0,0.056702063714686425
2020-03-17,0.02239999920129776,0.021950000897049904,0.02448599971830845,0.021601000800728798,20897081.0,0.34239299715859034,0.0,0.056702063714686425
2020-03-18,0.022933000698685646,0.022582000121474266,0.023520000278949738,0.02160399965941906,22058701.0,0.3216334315247,0.0,0.056702063714686425
2020-03-19,0.02847299911081791,0.022933000698685646,0.029280999675393105,0.021702000871300697,32250060.0,0.0702330584455621,0.0,0.056702063714686425
2020-03-20,0.028676999732851982,0.02845199964940548,0.03213899955153465,0.02708199992775917,18431726.0,0.0681417978418174,0.0,0.056702063714686425
2020-03-21,0.028912000358104706,0.028829999268054962,0.03054100088775158,0.027612999081611633,13674267.0,0.06394208273451948,0.0,0.056702063714686425
2020-03-22,0.027800999581813812,0.028731999918818474,0.030386000871658325,0.02692900039255619,11757761.0,0.11281602934944096,0.0,0.056702063714686425
2020-03-23,0.02962600067257881,0.027800999581813812,0.029857000336050987,0.026618000119924545,14370766.0,0.04952969184282147,0.0,0.056702063714686425
2020-03-24,0.030628999695181847,0.029680000618100166,0.04057599976658821,0.028353000059723854,22976310.0,0.019738873261963864,0.0,0.056702063714686425
2020-03-25,0.029525000602006912,0.03027700074017048,0.030921999365091324,0.02893799915909767,13416642.0,0.06258132548222137,0.0,0.056702063714686425
2020-03-26,0.028903000056743622,0.029525000602006912,0.030163999646902084,0.02812100015580654,10828258.0,0.0903857142830839,0.0,0.056702063714686425
2020-03-27,0.029039999470114708,0.028860000893473625,0.03214599937200546,0.02826699987053871,10071113.0,0.0896314925705484,0.0,0.056702063714686425
2020-03-28,0.026746999472379684,0.028845999389886856,0.02919900044798851,0.02585200034081936,16801184.0,0.18856551683963688,0.0,0.056702063714686425
2020-03-29,0.025195999071002007,0.026534000411629677,0.026877999305725098,0.024497000500559807,10831678.0,0.2678247912691846,0.0,0.056702063714686425
2020-03-30,0.025868000462651253,0.025195999071002007,0.026805000379681587,0.024341000244021416,11428907.0,0.2408088884820906,0.0,0.056702063714686425
2020-03-31,0.028390999883413315,0.02589399926364422,0.02861800044775009,0.025547999888658524,44628508.0,0.1348817834439326,0.0,0.056702063714686425
2020-04-01,0.02645299956202507,0.028390999883413315,0.028564000502228737,0.025213999673724174,35661301.0,0.22335688772072165,0.0,0.056702063714686425
2020-04-02,0.02780199982225895,0.026480000466108322,0.028428999707102776,0.02641499973833561,17662863.0,0.16796252524164432,0.0,0.056702063714686425
2020-04-03,0.02792399935424328,0.028085999190807343,0.02930700033903122,0.027535999193787575,19368816.0,0.16597458421182348,0.0,0.056702063714686425
2020-04-04,0.028217999264597893,0.027914000675082207,0.02855299971997738,0.02714800089597702,18014149.0,0.15694646035869028,0.0,0.056702063714686425
2020-04-05,0.02777400054037571,0.02821899950504303,0.028624000027775764,0.02694699913263321,43200010.0,0.1804862815660357,0.0,0.056702063714686425
2020-04-06,0.029140999540686607,0.027772000059485435,0.0298289991915226,0.02665499970316887,29375197.0,0.12901279403762153,0.0,0.056702063714686425
2020-04-07,0.029350999742746353,0.02916100062429905,0.030856000259518623,0.027963999658823013,14498316.0,0.12396547259579647,0.0,0.056702063714686425
2020-04-08,0.029657000675797462,0.029221000149846077,0.030844999477267265,0.028366999700665474,8715160.0,0.11454154261998697,0.0,0.056702063714686425
2020-04-09,0.030358999967575073,0.029701000079512596,0.03134499862790108,0.028821000829339027,19397307.0,0.0906263924220706,0.0,0.056702063714686425
2020-04-10,0.027775999158620834,0.03030100092291832,0.031036999076604843,0.027327999472618103,16320979.0,0.19542495490048886,0.0,0.056702063714686425
2020-04-11,0.02906700037419796,0.027775999158620834,0.03154800087213516,0.027775999158620834,30036941.0,0.14497468753022724,0.0,0.056702063714686425
2020-04-12,0.029541000723838806,0.029006000608205795,0.029858000576496124,0.02828500047326088,11959906.0,0.13114665523726426,0.0,0.056702063714686425
2020-04-13,0.027824999764561653,0.029659999534487724,0.029881000518798828,0.027124999091029167,29668709.0,0.20596660483268975,0.0,0.056702063714686425
2020-04-14,0.028241999447345734,0.027824999764561653,0.028909999877214432,0.024320000782608986,28195809.0,0.19321277015426971,0.0,0.056702063714686425
2020-04-15,0.026917999610304832,0.028449000790715218,0.028721999377012253,0.026655999943614006,14308734.0,0.2569633472421635,0.0,0.056702063714686425
2020-04-16,0.029364999383687973,0.02684600092470646,0.029423000290989876,0.026510000228881836,14341191.0,0.15761929578446757,0.0,0.056702063714686425
2020-04-17,0.029201000928878784,0.02930299937725067,0.03001599945127964,0.028656000271439552,20614835.0,0.16900871577138452,0.0,0.056702063714686425
2020-04-18,0.029675999656319618,0.029201000928878784,0.031182000413537025,0.0281629990786314,55347440.0,0.15540801555374378,0.0,0.056702063714686425
2020-04-19,0.028324000537395477,0.029961999505758286,0.03144599869847298,0.027657000347971916,41906260.0,0.2167707880788458,0.0,0.056702063714686425
2020-04-20,0.028068000450730324,0.028324000537395477,0.030476000159978867,0.0275689996778965,23390251.0,0.2340154804134502,0.0,0.056702063714686425
2020-04-21,0.028262000530958176,0.02814899943768978,0.029411999508738518,0.027178000658750534,46397017.0,0.23149131811551532,0.0,0.056702063714686425
2020-04-22,0.029611000791192055,0.028102999553084373,0.029997000470757484,0.027428999543190002,44594796.0,0.18092522190591226,0.0,0.056702063714686425
2020-04-23,0.031038999557495117,0.029495999217033386,0.03203900158405304,0.028697000816464424,17123650.0,0.1318312057553632,0.0,0.056702063714686425
2020-04-24,0.030911000445485115,0.03067700006067753,0.03203300014138222,0.03008599951863289,10748705.0,0.14165288328165243,0.0,0.056702063714686425
2020-04-25,0.029021000489592552,0.030781999230384827,0.03185399994254112,0.027915000915527344,11038050.0,0.2223087406000345,0.0,0.056702063714686425
2020-04-26,0.029174000024795532,0.02879600040614605,0.03023100085556507,0.025784999132156372,12450444.0,0.22016283983593446,0.0,0.056702063714686425
2020-04-27,0.027868999168276787,0.02918200008571148,0.03011300042271614,0.02641100063920021,12362384.0,0.2826116199974413,0.0,0.056702063714686425
2020-04-28,0.027086999267339706,0.02798200026154518,0.02976899966597557,0.02628600038588047,9430846.0,0.3236186460279282,0.0,0.056702063714686425
2020-04-29,0.030350999906659126,0.026674000546336174,0.032099999487400055,0.02645000070333481,12829457.0,0.18318026887438665,0.0,0.056702063714686425
2020-04-30,0.02915100008249283,0.030244000256061554,0.03690300136804581,0.028884999454021454,10724674.0,0.23480414194359064,0.0,0.056702063714686425
2020-05-01,0.03152099996805191,0.02915100008249283,0.03359299898147583,0.028832999989390373,12490295.0,0.14556023824102296,0.0,0.056702063714686425
2020-05-02,0.029569000005722046,0.031564000993967056,0.03306100144982338,0.02823599986732006,11618949.0,0.22485491078017145,0.0,0.056702063714686425
2020-05-03,0.029867000877857208,0.028937000781297684,0.03575500100851059,0.02870899997651577,11229797.0,0.21773225611198926,0.0,0.056702063714686425
2020-05-04,0.03243999928236008,0.029539000242948532,0.03274200111627579,0.028704000636935234,11656495.0,0.12471441670737848,0.0,0.056702063714686425
2020-05-05,0.03133299946784973,0.03243999928236008,0.03275100141763687,0.03044000081717968,11987514.0,0.16770480557281156,0.0,0.056702063714686425
2020-05-06,0.031978998333215714,0.030980000272393227,0.031978998333215714,0.029014000669121742,9321813.0,0.14724848339773358,0.0,0.056702063714686425
2020-05-07,0.03289499878883362,0.031978998333215714,0.03458600118756294,0.029701000079512596,10247281.0,0.11819771379899784,0.0,0.056702063714686425
2020-05-08,0.03315100073814392,0.03289499878883362,0.03476699814200401,0.03102000057697296,9153684.0,0.11231382756660314,0.0,0.056702063714686425
2020-05-09,0.030931999906897545,0.03312600031495094,0.0337969996035099,0.03029000014066696,8893989.0,0.19542407316782923,0.0,0.056702063714686425
2020-05-10,0.027538999915122986,0.030690999701619148,0.031024999916553497,0.025855999439954758,6934881.0,0.3467990955166035,0.0,0.056702063714686425
2020-05-11,0.026288000866770744,0.027243999764323235,0.027838999405503273,0.025079000741243362,9261750.0,0.4161621416041096,0.0,0.056702063714686425
2020-05-12,0.02675599977374077,0.026319000869989395,0.02846500091254711,0.025676000863313675,10081898.0,0.39808543722604744,0.0,0.056702063714686425
2020-05-13,0.026328999549150467,0.026664000004529953,0.027696000412106514,0.025787999853491783,9653971.0,0.42810948824673273,0.0,0.056702063714686425
2020-05-14,0.02899100072681904,0.027255000546574593,0.02985900081694126,0.025911999866366386,11073220.0,0.3031193794141946,0.0,0.056702063714686425
2020-05-15,0.027045000344514847,0.027550000697374344,0.029187999665737152,0.026450999081134796,7863691.0,0.40376582090181473,0.0,0.056702063714686425
2020-05-16,0.02657400071620941,0.02722799964249134,0.02916800044476986,0.025558000430464745,7469001.0,0.43575157606582854,0.0,0.056702063714686425
2020-05-17,0.027202000841498375,0.027418000623583794,0.029736999422311783,0.02589000016450882,7887567.0,0.40881443884618923,0.0,0.056702063714686425
2020-05-18,0.027651000767946243,0.02696800045669079,0.02862600050866604,0.026283999904990196,8041458.0,0.3927144776648919,0.0,0.056702063714686425
2020-05-19,0.029293999075889587,0.02740499936044216,0.031029999256134033,0.02662700042128563,7169439.0,0.3194041022952894,0.0,0.056702063714686425
2020-05-20,0.02848600037395954,0.029472999274730682,0.031052999198436737,0.028116999194025993,5752771.0,0.36185801231189674,0.0,0.056702063714686425
2020-05-21,0.028020000085234642,0.028581999242305756,0.028905000537633896,0.027219999581575394,6494904.0,0.389545367511189,0.0,0.056702063714686425
2020-05-22,0.027666000649333,0.027804000303149223,0.02967900037765503,0.02682499960064888,7781966.0,0.41289164980063164,0.0,0.056702063714686425
2020-05-23,0.027421999722719193,0.028032999485731125,0.028807999566197395,0.026027999818325043,6270071.0,0.4308848718861049,0.0,0.056702063714686425
2020-05-24,0.027773000299930573,0.027420999482274055,0.028119999915361404,0.025870999321341515,3494690.0,0.41816121725151323,0.0,0.056702063714686425
2020-05-25,0.02639799937605858,0.02674200013279915,0.028164999559521675,0.025722000747919083,7005373.0,0.49789064866035426,0.0,0.056702063714686425
2020-05-26,0.0254100002348423,0.02629300020635128,0.027931999415159225,0.025138000026345253,5926297.0,0.5626557004542176,0.0,0.056702063714686425
2020-05-27,0.029032999649643898,0.0254100002348423,0.031136000528931618,0.025067999958992004,6038800.0,0.3707863938818705,0.0,0.056702063714686425
2020-05-28,0.029951000586152077,0.030024999752640724,0.031012000516057014,0.028036000207066536,4700412.0,0.3296424735939384,0.0,0.056702063714686425
2020-05-29,0.03036300092935562,0.02977900020778179,0.031585000455379486,0.029208999127149582,3824535.0,0.3134315888999244,0.0,0.056702063714686425
2020-05-30,0.03162899985909462,0.030371999368071556,0.03239599987864494,0.029854999855160713,4957576.0,0.26082561234831675,0.0,0.056702063714686425
2020-05-31,0.030184000730514526,0.03162899985909462,0.03260200098156929,0.02927500009536743,6196179.0,0.3220373922450684,0.0,0.056702063714686425
2020-06-01,0.030208000913262367,0.030017999932169914,0.030866000801324844,0.02845199964940548,5886552.0,0.3216011460767956,0.0,0.056702063714686425
2020-06-02,0.02915799990296364,0.030232999473810196,0.0314439982175827,0.027522999793291092,7363967.0,0.3698505460435306,0.0,0.056702063714686425
2020-06-03,0.02891400083899498,0.02915799990296364,0.031647998839616776,0.028212999925017357,4855430.0,0.3826173783607045,0.0,0.056702063714686425
2020-06-04,0.029458999633789062,0.0288929995149374,0.029990000650286674,0.028297999873757362,5671574.0,0.35880932139264743,0.0,0.056702063714686425
2020-06-05,0.02883799932897091,0.029458999633789062,0.03043299913406372,0.02771499939262867,6802476.0,0.3897638938755521,0.0,0.056702063714686425
2020-06-06,0.028818000108003616,0.02883799932897091,0.029827000573277473,0.02790600061416626,5983245.0,0.3924219661047448,0.0,0.056702063714686425
2020-06-07,0.030014999210834503,0.028818000108003616,0.03029699996113777,0.02755099907517433,5984009.0,0.336630021205053,0.0,0.056702063714686425
2020-06-08,0.028394000604748726,0.029488999396562576,0.030321000143885612,0.02790999971330166,5364237.0,0.4129637622089096,0.0,0.056702063714686425
2020-06-09,0.02921300008893013,0.02874399907886982,0.02946300059556961,0.027991000562906265,6092241.0,0.3733297352706268,0.0,0.056702063714686425
2020-06-10,0.03031199984252453,0.02914300002157688,0.030598999932408333,0.028015999123454094,7045216.0,0.32298585374344646,0.0,0.056702063714686425
2020-06-11,0.028124000877141953,0.03031199984252453,0.030873000621795654,0.028030000627040863,8484889.0,0.42667925515530436,0.0,0.056702063714686425
2020-06-12,0.029086999595165253,0.028075000271201134,0.029798999428749084,0.027590999379754066,7548722.0,0.3799491955273254,0.0,0.056702063714686425
2020-06-13,0.030534999445080757,0.029467999935150146,0.031546998769044876,0.028950000181794167,6685799.0,0.31449393245057355,0.0,0.056702063714686425
2020-06-14,0.031105000525712967,0.030090000480413437,0.032329000532627106,0.029749000445008278,6158337.0,0.28949737050449403,0.0,0.056702063714686425
2020-06-15,0.031300000846385956,0.031105000525712967,0.03176699951291084,0.02936200052499771,6906552.0,0.27989531842244053,0.0,0.056702063714686425
2020-06-16,0.041266001760959625,0.031238999217748642,0.045106999576091766,0.029929999262094498,8615701.0,-0.03284246509232461,0.0,0.056702063714686425
2020-06-17,0.040623001754283905,0.043508000671863556,0.05115799978375435,0.038940999656915665,10280815.0,-0.02126350579022385,0.0,0.056702063714686425
2020-06-18,0.042952001094818115,0.040623001754283905,0.0443120002746582,0.04052700102329254,7394734.0,-0.0781758034024792,0.0,0.056702063714686425
2020-06-19,0.04480599984526634,0.04118100181221962,0.04650399833917618,0.04029100015759468,8228697.0,-0.12043758372201384,0.0,0.056702063714686425
2020-06-20,0.04410799965262413,0.04480599984526634,0.045830998569726944,0.042702000588178635,8062883.0,-0.11047974276127843,0.0,0.056702063714686425
2020-06-21,0.04360099881887436,0.04406899958848953,0.046734001487493515,0.043522998690605164,6548349.0,-0.10398045865656674,0.0,0.056702063714686425
2020-06-22,0.04544999822974205,0.043605998158454895,0.04599799960851669,0.04196000099182129,5223780.0,-0.14472886732959322,0.0,0.056702063714686425
2020-06-23,0.04696499928832054,0.04540200158953667,0.04705100134015083,0.04507499933242798,2230605.0,-0.1759962232823993,0.0,0.056702063714686425
2020-06-24,0.04639599844813347,0.04698500037193298,0.047533001750707626,0.045271001756191254,2775518.0,-0.17028822572416202,0.0,0.056702063714686425
2020-06-25,0.04451800137758255,0.046369001269340515,0.0470380000770092,0.04416700080037117,2539936.0,-0.1394375470713699,0.0,0.056702063714686425
2020-06-26,0.0441959984600544,0.044488999992609024,0.04586799815297127,0.043434999883174896,2589664.0,-0.13721734507845604,0.0,0.056702063714686425
2020-06-27,0.04161199927330017,0.04421500116586685,0.04499699920415878,0.040474001318216324,2013338.0,-0.0873003978041566,0.0,0.056702063714686425
2020-06-28,0.045118000358343124,0.04161199927330017,0.04533600062131882,0.039698000997304916,2052623.0,-0.16232152720404328,0.0,0.056702063714686425
2020-06-29,0.04491100087761879,0.045118000358343124,0.04604899883270264,0.04334300011396408,2405304.0,-0.16241761236100016,0.0,0.056702063714686425
2020-06-30,0.04436999931931496,0.04490000009536743,0.04543700069189072,0.04256099835038185,2162099.0,-0.15622615390218936,0.0,0.056702063714686425
2020-07-01,0.04315999895334244,0.04438000172376633,0.044773001223802567,0.04147600010037422,2240737.0,-0.13632494734093015,0.0,0.056702063714686425
2020-07-02,0.04288800060749054,0.04313800111413002,0.043317001312971115,0.040052998811006546,2276673.0,-0.13440514350182797,0.0,0.056702063714686425
2020-07-03,0.04153300076723099,0.04306900128722191,0.043421998620033264,0.04074399918317795,2321176.0,-0.10953646883327706,0.0,0.056702063714686425
2020-07-04,0.041218001395463943,0.04168599843978882,0.04284200072288513,0.039733998477458954,2282557.0,-0.10593947873623434,0.0,0.056702063714686425
2020-07-05,0.04024399816989899,0.04112900048494339,0.041418999433517456,0.038954999297857285,2198669.0,-0.08743649182596738,0.0,0.056702063714686425
2020-07-06,0.04087499901652336,0.04024399816989899,0.04191400110721588,0.03928599879145622,2372065.0,-0.10444533631317132,0.0,0.056702063714686425
2020-07-07,0.040463000535964966,0.040817998349666595,0.04182400181889534,0.03925599902868271,2167175.0,-0.09819175711475915,0.0,0.056702063714686425
2020-07-08,0.0402740016579628,0.040762998163700104,0.04154900088906288,0.038972001522779465,2063877.0,-0.09664997352556841,0.0,0.056702063714686425
2020-07-09,0.03860500082373619,0.0401649996638298,0.040807999670505524,0.03797699883580208,1727907.0,-0.060146082236732026,0.0,0.056702063714686425
2020-07-10,0.036448001861572266,0.038610998541116714,0.039430998265743256,0.035433001816272736,1548287.0,-0.006789146150237638,0.0,0.056702063714686425
2020-07-11,0.03684600070118904,0.03641999885439873,0.03729499876499176,0.035248998552560806,1491944.0,-0.019910799588625874,0.0,0.056702063714686425
2020-07-12,0.04150500148534775,0.03685000166296959,0.04298900067806244,0.0366940014064312,1996489.0,-0.13321240518685054,0.0,0.056702063714686425
2020-07-13,0.04028699919581413,0.04150500148534775,0.04288800060749054,0.039795998483896255,2416160.0,-0.11015705398462845,0.0,0.056702063714686425
2020-07-14,0.038068000227212906,0.04028699919581413,0.04149999842047691,0.037696000188589096,1274500.0,-0.061112450911784647,0.0,0.056702063714686425
2020-07-15,0.03597300127148628,0.03806300088763237,0.03828800097107887,0.03515800088644028,922530.0,-0.008435216727485024,0.0,0.056702063714686425
2020-07-16,0.03588299825787544,0.036253999918699265,0.041767001152038574,0.03507399931550026,1002365.0,-0.007920535077435628,0.0,0.056702063714686425
2020-07-17,0.03696800023317337,0.035833001136779785,0.037066999822854996,0.03507800027728081,908107.0,-0.03963715540444908,0.0,0.056702063714686425
2020-07-18,0.03659899905323982,0.03693399950861931,0.037397000938653946,0.03633499890565872,878907.0,-0.03280643628948604,0.0,0.056702063714686425
2020-07-19,0.042695000767707825,0.03661699965596199,0.04525100067257881,0.03627200052142143,1526350.0,-0.17469618688533303,0.0,0.056702063714686425
2020-07-20,0.0416250005364418,0.04266799986362457,0.04482800140976906,0.04095799848437309,1456234.0,-0.1571990062188608,0.0,0.056702063714686425
2020-07-21,0.042226001620292664,0.04161800071597099,0.0438309982419014,0.04052700102329254,1474601.0,-0.17300399475457576,0.0,0.056702063714686425
2020-07-22,0.04026800021529198,0.042194001376628876,0.04358400031924248,0.03817199915647507,1109662.0,-0.1365372467828054,0.0,0.056702063714686425
2020-07-23,0.044902998954057693,0.04026800021529198,0.04506700113415718,0.039267998188734055,1561702.0,-0.23012982721995826,0.0,0.056702063714686425
2020-07-24,0.043189000338315964,0.044902998954057693,0.045249998569488525,0.04230400174856186,1623007.0,-0.2039186162944932,0.0,0.056702063714686425
2020-07-25,0.04453900083899498,0.04324299842119217,0.045990001410245895,0.04093100130558014,2024860.0,-0.23277308140015301,0.0,0.056702063714686425
2020-07-26,0.04556500166654587,0.04454600065946579,0.050202999264001846,0.044009000062942505,2267726.0,-0.2550140586724512,0.0,0.056702063714686425
2020-07-27,0.04497599974274635,0.04556500166654587,0.04914100095629692,0.04377499967813492,3610272.0,-0.25011910809082616,0.0,0.056702063714686425
2020-07-28,0.044732000678777695,0.04493900015950203,0.04761999845504761,0.04307800158858299,2877427.0,-0.2510279029570414,0.0,0.056702063714686425
2020-07-29,0.04568000137805939,0.044783998280763626,0.04729999974370003,0.04446300119161606,3063588.0,-0.271771262692228,0.0,0.056702063714686425
2020-07-30,0.046966999769210815,0.04585599899291992,0.047352999448776245,0.04436499997973442,2611876.0,-0.29712524835506193,0.0,0.056702063714686425
2020-07-31,0.046466000378131866,0.04677199944853783,0.047630999237298965,0.04604500159621239,2516694.0,-0.29482606843805126,0.0,0.056702063714686425
2020-08-01,0.04695399850606918,0.046466000378131866,0.04732400178909302,0.04477500170469284,2870408.0,-0.30758456263651135,0.0,0.056702063714686425
2020-08-02,0.04136599972844124,0.04694399982690811,0.04713999852538109,0.04028400033712387,2239275.0,-0.21920002936807967,0.0,0.056702063714686425
2020-08-03,0.04238000139594078,0.04136199876666069,0.043577998876571655,0.04116300120949745,2818881.0,-0.2436430619053721,0.0,0.056702063714686425
2020-08-04,0.037647001445293427,0.04237699881196022,0.04283300042152405,0.03403899818658829,2363867.0,-0.15322686856964662,0.0,0.056702063714686425
2020-08-05,0.03601999953389168,0.03751799836754799,0.040258001536130905,0.03517699986696243,1744946.0,-0.11964468960017273,0.0,0.056702063714686425
2020-08-06,0.037487998604774475,0.03601999953389168,0.040571000427007675,0.033365000039339066,2436114.0,-0.1587269538985209,0.0,0.056702063714686425
2020-08-07,0.04263700172305107,0.037487998604774475,0.04295499995350838,0.03618000075221062,2767204.0,-0.2658843626243409,0.0,0.056702063714686425
2020-08-08,0.04020500183105469,0.042844999581575394,0.04322800040245056,0.03786899894475937,2342603.0,-0.22679917201437183,0.0,0.056702063714686425
2020-08-09,0.04478999972343445,0.04219600185751915,0.0448560006916523,0.03982299938797951,2537721.0,-0.3119295924491549,0.0,0.056702063714686425
2020-08-10,0.04378100112080574,0.044879000633955,0.0471780002117157,0.041432999074459076,2786042.0,-0.30200620256150196,0.0,0.056702063714686425
2020-08-11,0.04132499918341637,0.04235700145363808,0.0438539981842041,0.03901800140738487,2905480.0,-0.26588736653986383,0.0,0.056702063714686425
2020-08-12,0.041795000433921814,0.040031999349594116,0.043970998376607895,0.03838900104165077,2895930.0,-0.2796360373289562,0.0,0.056702063714686425
2020-08-13,0.04222999885678291,0.04311100021004677,0.047589998692274094,0.039632998406887054,2364979.0,-0.29223565070488877,0.0,0.056702063714686425
2020-08-14,0.04208900034427643,0.042229000478982925,0.04580000042915344,0.03977400064468384,1455090.0,-0.2943531789172762,0.0,0.056702063714686425
2020-08-15,0.040980998426675797,0.0420989990234375,0.04352699965238571,0.03925300016999245,2515040.0,-0.27931383238873164,0.0,0.056702063714686425
2020-08-16,0.03857799991965294,0.04098200052976608,0.04123099893331528,0.03666200116276741,3144913.0,-0.2384070021265439,0.0,0.056702063714686425
2020-08-17,0.03986800089478493,0.03857799991965294,0.041659001260995865,0.03736399859189987,2549016.0,-0.2677064090904441,0.0,0.056702063714686425
2020-08-18,0.044307999312877655,0.04055900126695633,0.04979100078344345,0.03920599818229675,2886630.0,-0.3455707922378095,0.0,0.056702063714686425
2020-08-19,0.04529400169849396,0.044307999312877655,0.05089300125837326,0.043515000492334366,2630005.0,-0.36373270959940796,-1.0,0.4716489681426568
2020-08-20,0.046438999474048615,0.04529400169849396,0.04984699934720993,0.04388299956917763,1964611.0,-0.38398099966388893,-1.0,0.4716489681426568
2020-08-21,0.04528399929404259,0.04489099979400635,0.047905001789331436,0.043111998587846756,2486409.0,-0.37283406940878905,-1.0,0.4716489681426568
2020-08-22,0.04507799819111824,0.04532400146126747,0.04677800089120865,0.04290999844670296,1758054.0,-0.374406333917654,-1.0,0.4716489681426568
2020-08-23,0.043754998594522476,0.045062001794576645,0.0463780015707016,0.043754998594522476,1772316.0,-0.3594066023006915,-1.0,0.4716489681426568
2020-08-24,0.04601399973034859,0.04380299896001816,0.04637499898672104,0.04368999972939491,2120644.0,-0.3947527477970344,-1.0,0.4716489681426568
2020-08-25,0.04307999834418297,0.04507099837064743,0.046094998717308044,0.0428289994597435,2792078.0,-0.3574803634237434,-1.0,0.4716489681426568
2020-08-26,0.0425259992480278,0.043017998337745667,0.044119998812675476,0.04156799986958504,2460181.0,-0.3528854266878505,-1.0,0.4716489681426568
2020-08-27,0.04185499995946884,0.041978999972343445,0.04320000112056732,0.039445001631975174,2719719.0,-0.34641607653575907,0.0,0.056702063714686425
2020-08-28,0.042757999151945114,0.04292299970984459,0.04795899987220764,0.041731998324394226,2411944.0,-0.3644996251642842,-1.0,0.4716489681426568
2020-08-29,0.04199099913239479,0.042548999190330505,0.043786000460386276,0.04150199890136719,2397193.0,-0.35719095908470755,-1.0,0.4716489681426568
2020-08-30,0.04236200079321861,0.04198199883103371,0.04364499822258949,0.0412990003824234,2701479.0,-0.36726312531785277,-1.0,0.4716489681426568
2020-08-31,0.04156100004911423,0.04313100129365921,0.043212998658418655,0.041214000433683395,2489535.0,-0.3592450055422704,-1.0,0.4716489681426568
2020-09-01,0.04165500029921532,0.04161300137639046,0.04254399985074997,0.04103900119662285,3215992.0,-0.3650596910009888,-1.0,0.4716489681426568
2020-09-02,0.037946999073028564,0.04159000143408775,0.04172400012612343,0.0372919999063015,3022233.0,-0.30700174652006273,0.0,0.056702063714686425
2020-09-03,0.032506998628377914,0.03795599937438965,0.039009999483823776,0.032405998557806015,2460413.0,-0.19331500010411026,0.0,0.056702063714686425
2020-09-04,0.035812001675367355,0.03254299983382225,0.036348000168800354,0.03245300054550171,2878985.0,-0.2712091485777399,0.0,0.056702063714686425
2020-09-05,0.03152399882674217,0.03432700037956238,0.03667199984192848,0.03090200014412403,2274370.0,-0.17487126861972657,0.0,0.056702063714686425
2020-09-06,0.032705001533031464,0.03152399882674217,0.034352999180555344,0.030006999149918556,2251701.0,-0.20767252029184685,0.0,0.056702063714686425
2020-09-07,0.03202600032091141,0.032763998955488205,0.03423900157213211,0.030218999832868576,1294016.0,-0.19360514014632674,0.0,0.056702063714686425
2020-09-08,0.031036999076604843,0.03201400116086006,0.03226900100708008,0.030167000368237495,727830.0,-0.1705311317038882,0.0,0.056702063714686425
2020-09-09,0.03233399987220764,0.031051000580191612,0.032986998558044434,0.030239999294281006,723670.0,-0.20717908263006662,0.0,0.056702063714686425
2020-09-10,0.034570999443531036,0.032381001859903336,0.03528200089931488,0.031603001058101654,837656.0,-0.26164785900972576,0.0,0.056702063714686425
2020-09-11,0.03362499922513962,0.03457900136709213,0.03479500114917755,0.031876999884843826,1378134.0,-0.24289384396241628,0.0,0.056702063714686425
2020-09-12,0.033601000905036926,0.03367000073194504,0.0341619998216629,0.031904999166727066,1517011.0,-0.2447631431698371,0.0,0.056702063714686425
2020-09-13,0.02924400009214878,0.03360600024461746,0.03384099900722504,0.02897600084543228,1802259.0,-0.13386489402951868,0.0,0.056702063714686425
2020-09-14,0.028466999530792236,0.029141999781131744,0.029342999681830406,0.02720700018107891,1505981.0,-0.11243163679048339,0.0,0.056702063714686425
2020-09-15,0.029153000563383102,0.02822599932551384,0.030654000118374825,0.027932999655604362,1407037.0,-0.13526841408762882,0.0,0.056702063714686425
2020-09-16,0.028672000393271446,0.02931700088083744,0.03027999959886074,0.028672000393271446,1676447.0,-0.12337857663277692,0.0,0.056702063714686425
2020-09-17,0.030239000916481018,0.028672000393271446,0.0307219997048378,0.02864699997007847,1545141.0,-0.17219959731362736,0.0,0.056702063714686425
2020-09-18,0.03052300028502941,0.030239000916481018,0.031137000769376755,0.029872000217437744,1421752.0,-0.1830964620831485,0.0,0.056702063714686425
2020-09-19,0.03048500046133995,0.03059699945151806,0.031380001455545425,0.02908100001513958,1165265.0,-0.18512652249212888,0.0,0.056702063714686425
2020-09-20,0.028335999697446823,0.03046800009906292,0.030743999406695366,0.028164999559521675,728826.0,-0.12639289795777778,0.0,0.056702063714686425
2020-09-21,0.026489000767469406,0.02820100076496601,0.028566999360919,0.025752000510692596,1289553.0,-0.06793581392170892,0.0,0.056702063714686425
2020-09-22,0.026566000655293465,0.02647400088608265,0.02702300064265728,0.026078000664711,1465406.0,-0.07305604029877456,0.0,0.056702063714686425
2020-09-23,0.0257750004529953,0.026440000161528587,0.026499999687075615,0.02554200030863285,1304697.0,-0.04696413054977913,0.0,0.056702063714686425
2020-09-24,0.02677999995648861,0.02575800009071827,0.026913000270724297,0.025722000747919083,1355634.0,-0.08549023784342809,0.0,0.056702063714686425
2020-09-25,0.026722999289631844,0.02672700025141239,0.027228999882936478,0.026156000792980194,1363467.0,-0.08637668937273109,0.0,0.056702063714686425
2020-09-26,0.026985999196767807,0.026736000552773476,0.02711400017142296,0.025429999455809593,1220068.0,-0.09774226464511367,0.0,0.056702063714686425
2020-09-27,0.027174999937415123,0.027038000524044037,0.02724899910390377,0.026700999587774277,1248466.0,-0.10677468231578528,0.0,0.056702063714686425
2020-09-28,0.026312999427318573,0.027160000056028366,0.027519000694155693,0.026311000809073448,1245680.0,-0.07965060653863225,0.0,0.056702063714686425
2020-09-29,0.03003700077533722,0.026319999247789383,0.03008599951863289,0.025919999927282333,1047272.0,-0.19687625469262704,0.0,0.056702063714686425
2020-09-30,0.02640100009739399,0.030037999153137207,0.030037999153137207,0.02556600049138069,1163339.0,-0.08826042085970023,0.0,0.056702063714686425
2020-10-01,0.026409000158309937,0.02637699991464615,0.02761100046336651,0.026083000004291534,1191853.0,-0.0902336230834104,0.0,0.056702063714686425
2020-10-02,0.026655999943614006,0.026417000219225883,0.02711299993097782,0.02585499919950962,1055910.0,-0.10035723349421605,0.0,0.056702063714686425
2020-10-03,0.026688000187277794,0.026785999536514282,0.0275689996778965,0.025995999574661255,975299.0,-0.10258222690575851,0.0,0.056702063714686425
2020-10-04,0.027000000700354576,0.026638999581336975,0.02709200046956539,0.02649799920618534,1119315.0,-0.1153768188410874,0.0,0.056702063714686425
2020-10-05,0.027495000511407852,0.027049999684095383,0.02749600075185299,0.02635600045323372,1133441.0,-0.13424260673377283,0.0,0.056702063714686425
2020-10-06,0.026884999126195908,0.027466999366879463,0.027766000479459763,0.026579000055789948,1286612.0,-0.11782570744512567,0.0,0.056702063714686425
2020-10-07,0.02728099934756756,0.0268740002065897,0.027375999838113785,0.025807000696659088,850667.0,-0.13353464455142222,0.0,0.056702063714686425
2020-10-08,0.027935000136494637,0.0273049995303154,0.02800299972295761,0.027024000883102417,1331250.0,-0.15665704003476033,0.0,0.056702063714686425
2020-10-09,0.02781200036406517,0.027953000739216805,0.02817399986088276,0.02729799970984459,1090848.0,-0.15561849352052523,0.0,0.056702063714686425
2020-10-10,0.028258999809622765,0.027806999161839485,0.028725000098347664,0.027785999700427055,1109618.0,-0.17169642374983393,0.0,0.056702063714686425
2020-10-11,0.02787799946963787,0.02828799933195114,0.02848600037395954,0.027695000171661377,1170614.0,-0.1632608977513671,0.0,0.056702063714686425
2020-10-12,0.029172999784350395,0.027904000133275986,0.02924799919128418,0.027598999440670013,746296.0,-0.20299381604234729,0.0,0.056702063714686425
2020-10-13,0.02910199947655201,0.02908499911427498,0.029851000756025314,0.028734000399708748,645931.0,-0.20470784609021733,0.0,0.056702063714686425
2020-10-14,0.029656000435352325,0.029145000502467155,0.0300539992749691,0.028718000277876854,638010.0,-0.22158197395888957,0.0,0.056702063714686425
2020-10-15,0.02895599976181984,0.029658999294042587,0.029658999294042587,0.028822999447584152,727244.0,-0.20482906476952875,0.0,0.056702063714686425
2020-10-16,0.028362000361084938,0.028919000178575516,0.02934500016272068,0.028291000053286552,685500.0,-0.18842293514241013,0.0,0.056702063714686425
2020-10-17,0.028203999623656273,0.028359999880194664,0.028542999178171158,0.027860000729560852,609448.0,-0.18255912723084436,0.0,0.056702063714686425
2020-10-18,0.02814299985766411,0.028172999620437622,0.0290910005569458,0.02759999968111515,688711.0,-0.17915572010251354,0.0,0.056702063714686425
2020-10-19,0.027848999947309494,0.028150999918580055,0.02825400047004223,0.027313999831676483,796555.0,-0.169644090567665,0.0,0.056702063714686425
2020-10-20,0.027529999613761902,0.027865000069141388,0.02859099954366684,0.02688400074839592,688653.0,-0.15881485972774143,0.0,0.056702063714686425
2020-10-21,0.028915999457240105,0.027542000636458397,0.02930399961769581,0.027481000870466232,1039450.0,-0.199418919260237,0.0,0.056702063714686425
2020-10-22,0.028946999460458755,0.028880000114440918,0.029639000073075294,0.028836000710725784,911660.0,-0.20030800540541013,0.0,0.056702063714686425
2020-10-23,0.02755099907517433,0.028922999277710915,0.02911500073969364,0.027228999882936478,866988.0,-0.15967082798931975,0.0,0.056702063714686425
2020-10-24,0.02637000009417534,0.02755800075829029,0.02774900011718273,0.026083000004291534,800409.0,-0.121466106438993,0.0,0.056702063714686425
2020-10-25,0.026822000741958618,0.026364000514149666,0.026913000270724297,0.02605300024151802,900703.0,-0.13703343438582435,0.0,0.056702063714686425
2020-10-26,0.026458999142050743,0.026829000562429428,0.02729799970984459,0.02598400041460991,896914.0,-0.12591329960941805,0.0,0.056702063714686425
2020-10-27,0.026461999863386154,0.026464000344276428,0.027118999511003494,0.026291999965906143,1011514.0,-0.1254852859352769,0.0,0.056702063714686425
2020-10-28,0.025488000363111496,0.026482999324798584,0.026604000478982925,0.024985000491142273,1298653.0,-0.0898418085864875,0.0,0.056702063714686425
2020-10-29,0.025259999558329582,0.02548700012266636,0.025617999956011772,0.024570999667048454,1218617.0,-0.0790630314455376,0.0,0.056702063714686425
2020-10-30,0.02481199987232685,0.025259999558329582,0.02559100091457367,0.024101000279188156,791121.0,-0.05787727053925101,0.0,0.056702063714686425
2020-10-31,0.023916000500321388,0.02481199987232685,0.025100000202655792,0.02384999953210354,668519.0,-0.019745572936851377,0.0,0.056702063714686425
2020-11-01,0.02339399978518486,0.02391500025987625,0.024230999872088432,0.023250000551342964,687633.0,0.00827310896105856,0.0,0.056702063714686425
2020-11-02,0.023548999801278114,0.02339399978518486,0.02365499921143055,0.022619999945163727,770480.0,0.008971752204252365,0.0,0.056702063714686425
2020-11-03,0.02281700074672699,0.023541999980807304,0.02362300083041191,0.02227099984884262,724442.0,0.048392995737554165,0.0,0.056702063714686425
2020-11-04,0.022401999682188034,0.022842999547719955,0.023300999775528908,0.022129999473690987,891377.0,0.07474872086847417,0.0,0.056702063714686425
2020-11-05,0.022117000073194504,0.022401999682188034,0.023181000724434853,0.021671999245882034,966459.0,0.09619481950308177,0.0,0.056702063714686425
2020-11-06,0.022425999864935875,0.022134000435471535,0.022748999297618866,0.021158000454306602,615800.0,0.08875950478963443,0.0,0.056702063714686425
2020-11-07,0.021970000118017197,0.022427000105381012,0.02352900058031082,0.021945999935269356,717779.0,0.12106954633142789,0.0,0.056702063714686425
2020-11-08,0.020481999963521957,0.021970000118017197,0.02316799946129322,0.019468000158667564,809903.0,0.2147973701688995,0.0,0.056702063714686425
2020-11-09,0.018451999872922897,0.020483000203967094,0.02114100009202957,0.01789099909365177,851554.0,0.3665650010171385,0.0,0.056702063714686425
2020-11-10,0.0204050000756979,0.01845099963247776,0.021359000355005264,0.01832599937915802,727490.0,0.2518645392803608,0.0,0.056702063714686425
2020-11-11,0.019548999145627022,0.020403999835252762,0.021733999252319336,0.019388999789953232,642597.0,0.3321946228854271,0.0,0.056702063714686425
2020-11-12,0.02055799961090088,0.019547000527381897,0.021138999611139297,0.01874599978327751,742586.0,0.29713794505323365,0.0,0.056702063714686425
2020-11-13,0.019395999610424042,0.02055799961090088,0.02072099968791008,0.018393000587821007,684890.0,0.4034195273992033,0.0,0.056702063714686425
2020-11-14,0.019238000735640526,0.019395999610424042,0.019881000742316246,0.0189449992030859,620615.0,0.44047596604215494,0.0,0.056702063714686425
2020-11-15,0.018539000302553177,0.019238999113440514,0.019979000091552734,0.01850299909710884,532647.0,0.5349902004195412,0.0,0.056702063714686425
2020-11-16,0.018319999799132347,0.018539000302553177,0.020027000457048416,0.016978999599814415,661051.0,0.5848014001378081,0.0,0.056702063714686425
2020-11-17,0.01960200071334839,0.019154999405145645,0.020570000633597374,0.0173530001193285,844637.0,0.5088630616477116,0.0,0.056702063714686425
2020-11-18,0.019294999539852142,0.019602999091148376,0.02022700011730194,0.01780400052666664,443307.0,0.5632627067665108,0.0,0.056702063714686425
2020-11-19,0.020795000717043877,0.019297000020742416,0.02201100066304207,0.018240999430418015,597510.0,0.47647978053613305,0.0,0.056702063714686425
2020-11-20,0.02357500046491623,0.02081199921667576,0.024031000211834908,0.01959500089287758,656048.0,0.3233799867557132,0.0,0.056702063714686425
2020-11-21,0.024759000167250633,0.023572999984025955,0.026954999193549156,0.02255300059914589,770615.0,0.27852621387639376,0.0,0.056702063714686425
2020-11-22,0.023514999076724052,0.024761000648140907,0.030181000009179115,0.023336999118328094,1190473.0,0.3664904026062623,0.0,0.056702063714686425
2020-11-23,0.02167399972677231,0.023514000698924065,0.02400900050997734,0.021240999922156334,589443.0,0.5087295666074552,0.0,0.056702063714686425
2020-11-24,0.024841999635100365,0.02167000062763691,0.03453899919986725,0.02150600031018257,1545710.0,0.33633792666648643,0.0,0.056702063714686425
2020-11-25,0.02791300043463707,0.02483999915421009,0.03094100020825863,0.02202400006353855,1379026.0,0.20670639455804105,0.0,0.056702063714686425
2020-11-26,0.025684000924229622,0.027910999953746796,0.028687000274658203,0.023228999227285385,2421646.0,0.32751069372979635,0.0,0.056702063714686425
2020-11-27,0.025025000795722008,0.025717999786138535,0.02630000002682209,0.0224590003490448,1259317.0,0.38042239667028666,0.0,0.056702063714686425
2020-11-28,0.025471000000834465,0.025025000795722008,0.026931999251246452,0.022640999406576157,1359682.0,0.37575706938298004,0.0,0.056702063714686425
2020-11-29,0.026962999254465103,0.025469999760389328,0.027009999379515648,0.02379000000655651,1351565.0,0.3213076984946642,0.0,0.056702063714686425
2020-11-30,0.02844100072979927,0.026962000876665115,0.028804000467061996,0.023130999878048897,1457291.0,0.2705259945882543,0.0,0.056702063714686425
2020-12-01,0.026410000398755074,0.028528999537229538,0.03054100088775158,0.025141000747680664,1377965.0,0.3911319752070274,0.0,0.056702063714686425
2020-12-02,0.026791999116539955,0.026406999677419662,0.027486000210046768,0.025090999901294708,605616.0,0.3923784485799371,0.0,0.056702063714686425
2020-12-03,0.02583800069987774,0.026788000017404556,0.027000999078154564,0.02553500048816204,430570.0,0.4659822798241841,0.0,0.056702063714686425
2020-12-04,0.024821000173687935,0.025840999558568,0.026038000360131264,0.024643000215291977,584554.0,0.5493414417693837,0.0,0.056702063714686425
2020-12-05,0.024298999458551407,0.02477799914777279,0.025359999388456345,0.02368899993598461,693742.0,0.6046566514608888,0.0,0.056702063714686425
2020-12-06,0.02391899935901165,0.024305999279022217,0.02439199946820736,0.02339800074696541,606234.0,0.6536457268000704,0.0,0.056702063714686425
2020-12-07,0.024550000205636024,0.02392200008034706,0.024553000926971436,0.02331399917602539,801601.0,0.6321945937972618,0.0,0.056702063714686425
2020-12-08,0.023821000009775162,0.02454799972474575,0.025474999099969864,0.023296000435948372,553409.0,0.7045425564569725,0.0,0.056702063714686425
2020-12-09,0.02312600053846836,0.023816000670194626,0.02390499971807003,0.022251000627875328,646701.0,0.7837913309117176,0.0,0.056702063714686425
2020-12-10,0.02522600069642067,0.023117000237107277,0.02535099908709526,0.02303599938750267,407999.0,0.6717894306806543,0.0,0.056702063714686425
2020-12-11,0.02371400035917759,0.025226999074220657,0.025226999074220657,0.023452000692486763,514262.0,0.8281756170041821,0.0,0.056702063714686425
2020-12-12,0.0228899996727705,0.023708999156951904,0.02386000007390976,0.022755000740289688,300994.0,0.9417025821759681,1.0,0.4716489681426568
2020-12-13,0.023073000833392143,0.02288700081408024,0.023567000404000282,0.02252800017595291,378729.0,0.9797695502989867,1.0,0.4716489681426568
2020-12-14,0.023453999310731888,0.02307399921119213,0.02373100072145462,0.021789999678730965,418138.0,0.9956189224860236,1.0,0.4716489681426568
2020-12-15,0.023062000051140785,0.023454999551177025,0.02410300076007843,0.021935999393463135,431423.0,1.0802450801889818,1.0,0.4716489681426568
2020-12-16,0.021637000143527985,0.02305999957025051,0.02473600022494793,0.020674999803304672,668242.0,1.2677872101917296,1.0,0.4716489681426568
2020-12-17,0.023840000852942467,0.02163800038397312,0.02446500025689602,0.021415000781416893,700239.0,1.1025761936460272,1.0,0.4716489681426568
2020-12-18,0.026972999796271324,0.023832999169826508,0.02707500010728836,0.02255300059914589,599296.0,0.9036141287672461,0.0,0.056702063714686425
2020-12-19,0.025665000081062317,0.026975000277161598,0.027022000402212143,0.025081999599933624,532663.0,1.0515293091479325,1.0,0.4716489681426568
2020-12-20,0.02459299936890602,0.025665000081062317,0.025665000081062317,0.023979000747203827,572719.0,1.206592354976907,1.0,0.4716489681426568
2020-12-21,0.022307999432086945,0.02459700033068657,0.02490600012242794,0.020541999489068985,659751.0,1.493497405374699,1.0,0.4716489681426568
2020-12-22,0.02357799932360649,0.02230600081384182,0.02368899993598461,0.021359000355005264,832448.0,1.4235741883712345,1.0,0.4716489681426568
2020-12-23,0.02131900005042553,0.02357799932360649,0.023871999233961105,0.020743999630212784,1633065.0,1.7446538486474625,1.0,0.4716489681426568
2020-12-24,0.020181000232696533,0.021307000890374184,0.022391999140381813,0.019300999119877815,720812.0,1.9699990256830593,1.0,0.4716489681426568
2020-12-25,0.020966999232769012,0.020183999091386795,0.021479999646544456,0.019929999485611916,904546.0,1.9275529296782974,1.0,0.4716489681426568
2020-12-26,0.02137799933552742,0.020966999232769012,0.021736999973654747,0.020268000662326813,450214.0,1.9363264890392327,1.0,0.4716489681426568
2020-12-27,0.01982099935412407,0.02137799933552742,0.02153800055384636,0.019384000450372696,708303.0,2.232371155259419,1.0,0.4716489681426568
2020-12-28,0.020111000165343285,0.019805999472737312,0.021053999662399292,0.019538000226020813,528850.0,2.2397479473244766,1.0,0.4716489681426568
2020-12-29,0.02026900090277195,0.020109999924898148,0.020593000575900078,0.019204000011086464,828185.0,2.27117047312463,1.0,0.4716489681426568
2020-12-30,0.01982700079679489,0.020268000662326813,0.020961999893188477,0.019495999440550804,707469.0,2.40686260136125,1.0,0.4716489681426568
2020-12-31,0.019534999504685402,0.019829999655485153,0.02012600004673004,0.018807999789714813,534531.0,2.5429726771997703,1.0,0.4716489681426568
2021-01-01,0.019293000921607018,0.019534999504685402,0.020058000460267067,0.018988000229001045,554150.0,2.6784773773664687,1.0,0.4716489681426568
2021-01-02,0.020476000383496284,0.01928200013935566,0.020678000524640083,0.019115999341011047,641587.0,2.593057611531108,1.0,0.4716489681426568
2021-01-03,0.019832000136375427,0.020527999848127365,0.022067999467253685,0.01786400005221367,1025958.0,2.828407058046687,1.0,0.4716489681426568
2021-01-04,0.02080100029706955,0.019752999767661095,0.022298000752925873,0.019355999305844307,748094.0,2.7692565238805096,1.0,0.4716489681426568
2021-01-05,0.020851999521255493,0.020795999094843864,0.02164500020444393,0.019686000421643257,410158.0,2.86829197761311,1.0,0.4716489681426568
2021-01-06,0.021246999502182007,0.020841000601649284,0.021731000393629074,0.019950000569224358,499991.0,2.8989236378572745,1.0,0.4716489681426568
2021-01-07,0.02201700024306774,0.02123199962079525,0.02222900092601776,0.019555000588297844,782853.0,2.8511066618098257,1.0,0.4716489681426568
2021-01-08,0.022231999784708023,0.02201000042259693,0.022727999836206436,0.020284000784158707,1411204.0,2.8793305288717232,1.0,0.4716489681426568
2021-01-09,0.02369000017642975,0.02222999930381775,0.024147000163793564,0.020142000168561935,726161.0,2.706727601734368,1.0,0.4716489681426568
2021-01-10,0.02058500051498413,0.02368899993598461,0.0243149995803833,0.020099999383091927,300951.0,3.336435673288742,1.0,0.4716489681426568
2021-01-11,0.01957399956882,0.020580999553203583,0.02102700062096119,0.01757900044322014,1576957.0,3.6368262307647936,1.0,0.4716489681426568
2021-01-12,0.018384000286459923,0.019589999690651894,0.020975999534130096,0.017873000353574753,770948.0,4.01049817914062,1.0,0.4716489681426568
2021-01-13,0.01951799914240837,0.018401000648736954,0.02129100076854229,0.017504999414086342,681483.0,3.795923804059636,1.0,0.4716489681426568
2021-01-14,0.02016800083220005,0.019500000402331352,0.02096799947321415,0.019378000870347023,895353.0,3.7086886565122046,1.0,0.4716489681426568
2021-01-15,0.02047700062394142,0.02016800083220005,0.021133000031113625,0.019003000110387802,1014401.0,3.699736642668121,1.0,0.4716489681426568
2021-01-16,0.020721999928355217,0.020517999306321144,0.021429000422358513,0.0201409999281168,855856.0,3.708190952803649,1.0,0.4716489681426568
2021-01-17,0.019997000694274902,0.020716000348329544,0.02102999947965145,0.019871000200510025,715701.0,3.941335416572127,1.0,0.4716489681426568
2021-01-18,0.021769000217318535,0.020004000514745712,0.0228899996727705,0.019600000232458115,875600.0,3.6053885392325076,1.0,0.4716489681426568
2021-01-19,0.018667999655008316,0.021764999255537987,0.022741999477148056,0.017854999750852585,897537.0,4.462932965400846,1.0,0.4716489681426568
2021-01-20,0.023793000727891922,0.018667999655008316,0.02421100065112114,0.0185100007802248,779408.0,3.3526601858371348,1.0,0.4716489681426568
2021-01-21,0.023096000775694847,0.023764999583363533,0.024602999910712242,0.02134699933230877,805322.0,3.5503531212524058,1.0,0.4716489681426568
2021-01-22,0.027674000710248947,0.023073000833392143,0.028449000790715218,0.021889999508857727,676142.0,2.851107478696193,1.0,0.4716489681426568
2021-01-23,0.03184499964118004,0.027674000710248947,0.03286299854516983,0.02670699916779995,827169.0,2.3925122394697578,1.0,0.4716489681426568
2021-01-24,0.03264300152659416,0.03185199946165085,0.03350500017404556,0.030936000868678093,822390.0,2.3512721417658438,1.0,0.4716489681426568
2021-01-25,0.03015800006687641,0.032639000564813614,0.03305000066757202,0.02996000088751316,915681.0,2.6722641619044656,1.0,0.4716489681426568
2021-01-26,0.03078800067305565,0.030156999826431274,0.030980000272393227,0.028927000239491463,825310.0,2.6423158367635455,1.0,0.4716489681426568
2021-01-27,0.028109999373555183,0.0307839997112751,0.03144200146198273,0.0278949998319149,882078.0,3.039265292621081,1.0,0.4716489681426568
2021-01-28,0.028857000172138214,0.02813900075852871,0.029045000672340393,0.027132999151945114,738125.0,2.9803068068624863,1.0,0.4716489681426568
2021-01-29,0.027867000550031662,0.02999100089073181,0.03152799978852272,0.027563000097870827,1144172.0,3.1715428778781543,1.0,0.4716489681426568
2021-01-30,0.02784300036728382,0.027899999171495438,0.028084000572562218,0.026225000619888306,349801.0,3.229388195701432,1.0,0.4716489681426568
2021-01-31,0.024817999452352524,0.0278290007263422,0.02917799912393093,0.024560000747442245,674814.0,3.807035317926687,1.0,0.4716489681426568
2021-02-01,0.024593999609351158,0.024806000292301178,0.026165999472141266,0.024227000772953033,602344.0,3.9129761937619376,1.0,0.4716489681426568
2021-02-02,0.0278290007263422,0.024608999490737915,0.0278290007263422,0.024361999705433846,821259.0,3.4016430068918355,1.0,0.4716489681426568
2021-02-03,0.03104499913752079,0.027831999585032463,0.03104499913752079,0.02668599970638752,670785.0,3.0157073952353706,1.0,0.4716489681426568
2021-02-04,0.031605999916791916,0.031057000160217285,0.0329350009560585,0.030595000833272934,559736.0,3.024111942326095,1.0,0.4716489681426568
2021-02-05,0.0358939990401268,0.03162499889731407,0.035957999527454376,0.030951999127864838,1095838.0,2.6182661253107584,1.0,0.4716489681426568
2021-02-06,0.03056200034916401,0.03594300150871277,0.03834199905395508,0.030028000473976135,1100048.0,3.339577974081123,1.0,0.4716489681426568
2021-02-07,0.037484001368284225,0.03057900071144104,0.03748900070786476,0.030350999906659126,468948.0,2.601784516486669,1.0,0.4716489681426568
2021-02-08,0.040477000176906586,0.03748299926519394,0.04102800041437149,0.036309000104665756,701865.0,2.3868127498576572,1.0,0.4716489681426568
2021-02-09,0.038586001843214035,0.04049399867653847,0.04135899990797043,0.03841499984264374,566873.0,2.6138647438566562,1.0,0.4716489681426568
2021-02-10,0.03762499988079071,0.038586001843214035,0.039229001849889755,0.03625499829649925,492673.0,2.761696937735692,1.0,0.4716489681426568
2021-02-11,0.038582999259233475,0.03763800114393234,0.03958699852228165,0.0367170013487339,525795.0,2.711813774673989,1.0,0.4716489681426568
2021-02-12,0.0392800010740757,0.038614001125097275,0.04090899974107742,0.03667299821972847,503742.0,2.674919365492529,1.0,0.4716489681426568
2021-02-13,0.04288100078701973,0.03926999866962433,0.04288100078701973,0.03749600052833557,555094.0,2.3929797470842726,1.0,0.4716489681426568
2021-02-14,0.04513699933886528,0.04288699850440025,0.04733499884605408,0.041836000978946686,639321.0,2.2427498939666184,1.0,0.4716489681426568
2021-02-15,0.05122099816799164,0.04513999819755554,0.05242500081658363,0.04320700094103813,745512.0,1.8816215173946373,1.0,0.4716489681426568
2021-02-16,0.05259200185537338,0.05122299864888191,0.05598999932408333,0.05077299848198891,760286.0,1.8309608401922528,1.0,0.4716489681426568
2021-02-17,0.06842900067567825,0.05259000137448311,0.06896399706602097,0.05027899891138077,905955.0,1.1932328843010862,1.0,0.4716489681426568
2021-02-18,0.08166000247001648,0.06842999905347824,0.08573000133037567,0.06842999905347824,892252.0,0.8508291636779673,0.0,0.056702063714686425
2021-02-19,0.07370399683713913,0.08164399862289429,0.08249299973249435,0.07044699788093567,866256.0,1.0653595667845595,1.0,0.4716489681426568
2021-02-20,0.06737100332975388,0.073744997382164,0.07546299695968628,0.06574299931526184,730234.0,1.2744525893861638,1.0,0.4716489681426568
2021-02-21,0.09157899767160416,0.06735800206661224,0.10011199861764908,0.06429299712181091,902450.0,0.6817121179687896,0.0,0.056702063714686425
2021-02-22,0.07480499893426895,0.0916140004992485,0.09190399944782257,0.06645499914884567,900353.0,1.0722069507926002,1.0,0.4716489681426568
2021-02-23,0.07283300161361694,0.07479599863290787,0.08416000008583069,0.06501100212335587,759423.0,1.143117404621626,1.0,0.4716489681426568
2021-02-24,0.07676400244235992,0.07284600287675858,0.0788860023021698,0.06870599836111069,678268.0,1.050248693967201,1.0,0.4716489681426568
2021-02-25,0.07373899966478348,0.07677199691534042,0.08004199713468552,0.07281900197267532,707048.0,1.1523903608445722,1.0,0.4716489681426568
2021-02-26,0.07211299985647202,0.07370900362730026,0.07586800307035446,0.06804099678993225,893365.0,1.2185812700875887,1.0,0.4716489681426568
2021-02-27,0.0694810003042221,0.07212000340223312,0.07511500269174576,0.06833399832248688,1131610.0,1.3195997650684463,1.0,0.4716489681426568
2021-02-28,0.07035800069570541,0.06946799904108047,0.07462699711322784,0.06418699771165848,1039639.0,1.3084417556445143,1.0,0.4716489681426568
2021-03-01,0.07725799828767776,0.07035800069570541,0.08133900165557861,0.06997399777173996,1225839.0,1.1147183655134423,1.0,0.4716489681426568
2021-03-02,0.07355800271034241,0.07726600021123886,0.0780080035328865,0.07034499943256378,1089326.0,1.2353846238565964,1.0,0.4716489681426568
2021-03-03,0.07549100369215012,0.07355999946594238,0.07708200067281723,0.07165700197219849,1198477.0,1.1937663298720402,1.0,0.4716489681426568
2021-03-04,0.06615699827671051,0.07548200339078903,0.07614800333976746,0.06351400166749954,1111384.0,1.5218641002671205,1.0,0.4716489681426568
2021-03-05,0.0690549984574318,0.06615699827671051,0.07024800032377243,0.06043799966573715,1016461.0,1.4347658920112945,1.0,0.4716489681426568
2021-03-06,0.07416100054979324,0.06905099749565125,0.07506000250577927,0.06755699962377548,1168999.0,1.2858839187180475,1.0,0.4716489681426568
2021-03-07,0.0842449963092804,0.07415000349283218,0.08434999734163284,0.07326699793338776,1314248.0,1.0307883251227719,1.0,0.4716489681426568
2021-03-08,0.07828500121831894,0.08423399925231934,0.08520500361919403,0.07626999914646149,1257089.0,1.2075981814008176,1.0,0.4716489681426568
2021-03-09,0.08567699790000916,0.07828500121831894,0.08642199635505676,0.07763099670410156,1305673.0,1.0347988763638392,1.0,0.4716489681426568
2021-03-10,0.08214300125837326,0.0857200026512146,0.08694399893283844,0.08075899630784988,941657.0,1.1357322761970805,1.0,0.4716489681426568
2021-03-11,0.08203600347042084,0.08211400359869003,0.08638300001621246,0.0802920013666153,779268.0,1.1508124915918878,1.0,0.4716489681426568
2021-03-12,0.0814799964427948,0.0820619985461235,0.08916100114583969,0.07329100370407104,703144.0,1.176928950869781,1.0,0.4716489681426568
2021-03-13,0.07676299661397934,0.08148899674415588,0.08513300120830536,0.07582700252532959,529934.0,1.3235798083250518,1.0,0.4716489681426568
2021-03-14,0.0789949968457222,0.07675100117921829,0.08103100210428238,0.0721450001001358,461836.0,1.2696812001078193,1.0,0.4716489681426568
2021-03-15,0.07519900053739548,0.07896500080823898,0.07997599989175797,0.07195600122213364,455032.0,1.3916955143085068,1.0,0.4716489681426568
2021-03-16,0.07610700279474258,0.07515399903059006,0.07707200199365616,0.07158300280570984,509129.0,1.371126573273378,1.0,0.4716489681426568
2021-03-17,0.08663500100374222,0.07622099667787552,0.08695799857378006,0.07100600004196167,588942.0,1.0889535144934182,1.0,0.4716489681426568
2021-03-18,0.11544500291347504,0.0868069976568222,0.14072400331497192,0.08620200306177139,984123.0,0.5692564580997802,0.0,0.056702063714686425
2021-03-19,0.13943199813365936,0.11526799947023392,0.14309099316596985,0.11027099937200546,802065.0,0.29803469735607535,0.0,0.056702063714686425
2021-03-20,0.12992699444293976,0.13932299613952637,0.1475220024585724,0.126583993434906,628534.0,0.3924673065222352,0.0,0.056702063714686425
2021-03-21,0.14397099614143372,0.1299010068178177,0.1483359932899475,0.1165900006890297,609486.0,0.2555532017262215,0.0,0.056702063714686425
2021-03-22,0.13380399346351624,0.14398899674415588,0.14398899674415588,0.12248700112104416,624998.0,0.35035329632362217,0.0,0.056702063714686425
2021-03-23,0.13765999674797058,0.13379399478435516,0.14429399371147156,0.1255359947681427,609916.0,0.3120400497893295,0.0,0.056702063714686425
2021-03-24,0.12880000472068787,0.13763299584388733,0.15684500336647034,0.12858499586582184,651461.0,0.40267876069753616,0.0,0.056702063714686425
2021-03-25,0.12745599448680878,0.12880399823188782,0.13234800100326538,0.11535599827766418,606444.0,0.4179787218262197,0.0,0.056702063714686425
2021-03-26,0.14660799503326416,0.12744499742984772,0.14794400334358215,0.12740300595760345,266455.0,0.23172000525023953,0.0,0.056702063714686425
2021-03-27,0.15368400514125824,0.14664599299430847,0.16036799550056458,0.14605699479579926,160412.0,0.17336802970354118,0.0,0.056702063714686425
2021-03-28,0.1827870011329651,0.15366199612617493,0.18369199335575104,0.1433890014886856,154462.0,-0.0169288751795289,0.0,0.056702063714686425
2021-03-29,0.15541300177574158,0.18277500569820404,0.18284499645233154,0.14988599717617035,264131.0,0.15358989056470043,0.0,0.056702063714686425
2021-03-30,0.17235100269317627,0.1554120033979416,0.20154599845409393,0.1532530039548874,174913.0,0.03651706485912285,0.0,0.056702063714686425
2021-03-31,0.15560300648212433,0.17235000431537628,0.17470400035381317,0.13719700276851654,214727.0,0.14505985090617407,0.0,0.056702063714686425
2021-04-01,0.1597599983215332,0.15560199320316315,0.1662749946117401,0.1532289981842041,192781.0,0.11213141238151239,0.0,0.056702063714686425
2021-04-02,0.16252300143241882,0.15973900258541107,0.1956470012664795,0.15800000727176666,234278.0,0.09012833451408674,0.0,0.056702063714686425
2021-04-03,0.15767499804496765,0.16252799332141876,0.16710500419139862,0.1564359962940216,209047.0,0.12073939506539505,0.0,0.056702063714686425
2021-04-04,0.14683300256729126,0.1576409935951233,0.15893200039863586,0.1441359966993332,186522.0,0.20103879825830057,0.0,0.056702063714686425
2021-04-05,0.1265140026807785,0.14684799313545227,0.14724400639533997,0.12426000088453293,16343.0,0.39248045334148907,0.0,0.056702063714686425
2021-04-06,0.13285000622272491,0.12676799297332764,0.135002002120018,0.1256590038537979,194608.0,0.32409762550242704,0.0,0.056702063714686425
2021-04-07,0.1417890042066574,0.13283799588680267,0.1829800009727478,0.12655100226402283,414819.0,0.23790096467010546,0.0,0.056702063714686425
2021-04-08,0.18261699378490448,0.1417739987373352,0.23442499339580536,0.1400810033082962,1135268.0,-0.043608519699539716,0.0,0.056702063714686425
2021-04-09,0.1914689987897873,0.1832990050315857,0.22384299337863922,0.16078299283981323,705718.0,-0.09317018763381123,0.0,0.056702063714686425
2021-04-10,0.27552899718284607,0.19112400710582733,0.29609599709510803,0.18573600053787231,1566418.0,-0.37660970651811654,-1.0,0.4716489681426568
2021-04-11,0.25047698616981506,0.27564701437950134,0.3447740077972412,0.2498210072517395,1149760.0,-0.32059353316215894,0.0,0.056702063714686425
2021-04-12,0.2637760043144226,0.2502810060977936,0.28345999121665955,0.24894200265407562,577717.0,-0.36157241269645635,-1.0,0.4716489681426568
2021-04-13,0.24206900596618652,0.2641969919204712,0.2994979918003082,0.20380799472332,679273.0,-0.31111269259430085,0.0,0.056702063714686425
2021-04-14,0.2347699999809265,0.24203099310398102,0.24476900696754456,0.22097699344158173,339014.0,-0.2952477135390532,0.0,0.056702063714686425
2021-04-15,0.2130569964647293,0.2352599948644638,0.2444320023059845,0.19302499294281006,426456.0,-0.22872128263199787,0.0,0.056702063714686425
2021-04-16,0.16486699879169464,0.21471400558948517,0.21861499547958374,0.13406899571418762,834223.0,-0.007125399496898765,0.0,0.056702063714686425
2021-04-17,0.17726600170135498,0.16518600285053253,0.17906199395656586,0.1576080024242401,474830.0,-0.08087097700248279,0.0,0.056702063714686425
2021-04-18,0.16299399733543396,0.1752139925956726,0.177606999874115,0.1450369954109192,609403.0,-0.003701319260118888,0.0,0.056702063714686425
2021-04-19,0.16615299880504608,0.16301600635051727,0.17003299295902252,0.15564699470996857,424890.0,-0.026314499661107594,0.0,0.056702063714686425
2021-04-20,0.15085700154304504,0.1661970019340515,0.17621900141239166,0.14499899744987488,405088.0,0.06919405131541392,0.0,0.056702063714686425
2021-04-21,0.16591399908065796,0.15088200569152832,0.17792600393295288,0.14407800137996674,441102.0,-0.03174252452478616,0.0,0.056702063714686425
2021-04-22,0.1532520055770874,0.16589799523353577,0.18358300626277924,0.14375999569892883,528977.0,0.04481810335958235,0.0,0.056702063714686425
2021-04-23,0.14510099589824677,0.15324799716472626,0.1555110067129135,0.13563600182533264,488560.0,0.10059569245992482,0.0,0.056702063714686425
2021-04-24,0.15073099732398987,0.145223006606102,0.1647700071334839,0.14347299933433533,298112.0,0.05623332523507521,0.0,0.056702063714686425
2021-04-25,0.14237500727176666,0.15071600675582886,0.15211500227451324,0.13900600373744965,331496.0,0.11498143676011166,0.0,0.056702063714686425
2021-04-26,0.16316500306129456,0.14257000386714935,0.16482600569725037,0.14221300184726715,538907.0,-0.03126997738450902,0.0,0.056702063714686425
2021-04-27,0.18794600665569305,0.16313299536705017,0.1907459944486618,0.16003000736236572,443167.0,-0.16418070769579218,0.0,0.056702063714686425
2021-04-28,0.17871299386024475,0.18794000148773193,0.19443899393081665,0.17296700179576874,478489.0,-0.12571590029918828,0.0,0.056702063714686425
2021-04-29,0.17324300110340118,0.1787170022726059,0.1805409938097,0.1714179962873459,459715.0,-0.10272306316657699,0.0,0.056702063714686425
2021-04-30,0.17277200520038605,0.17323599755764008,0.18017399311065674,0.17050200700759888,266579.0,-0.10498975540226324,0.0,0.056702063714686425
2021-05-01,0.1748269945383072,0.17284899950027466,0.17850300669670105,0.15658900141716003,530043.0,-0.1195781819218792,0.0,0.056702063714686425
2021-05-02,0.16602399945259094,0.17481499910354614,0.17661699652671814,0.16164299845695496,745133.0,-0.07730287042836083,0.0,0.056702063714686425
2021-05-03,0.16270899772644043,0.166034996509552,0.17274899780750275,0.1585710048675537,422161.0,-0.062368936355421664,0.0,0.056702063714686425
2021-05-04,0.167153000831604,0.16277800500392914,0.17506900429725647,0.15631400048732758,309157.0,-0.09089766055632664,0.0,0.056702063714686425
2021-05-05,0.16571399569511414,0.16712799668312073,0.17888200283050537,0.16116100549697876,213482.0,-0.0866348517938007,0.0,0.056702063714686425
2021-05-06,0.15782199800014496,0.16568699479103088,0.16572299599647522,0.1472029983997345,267646.0,-0.044436703599684206,0.0,0.056702063714686425
2021-05-07,0.16395699977874756,0.15778599679470062,0.1678059995174408,0.15202899277210236,389853.0,-0.08224107145917542,0.0,0.056702063714686425
2021-05-08,0.17586900293827057,0.16412599384784698,0.18028800189495087,0.16072699427604675,345981.0,-0.1462055998058958,0.0,0.056702063714686425
2021-05-09,0.17594799399375916,0.1758899986743927,0.17999500036239624,0.17007000744342804,337212.0,-0.14894692023342904,0.0,0.056702063714686425
2021-05-10,0.17441000044345856,0.1759530007839203,0.1987529993057251,0.17216899991035461,442723.0,-0.1440916246255419,0.0,0.056702063714686425
2021-05-11,0.19086100161075592,0.17441000044345856,0.1946669965982437,0.17018799483776093,399542.0,-0.22132209249978077,0.0,0.056702063714686425
2021-05-12,0.24412700533866882,0.19085299968719482,0.37085801362991333,0.1853259950876236,2388007.0,-0.396242206624514,-1.0,0.4716489681426568
2021-05-13,0.2784140110015869,0.242917001247406,0.36246800422668457,0.23045800626277924,2291903.0,-0.4755497552822403,-1.0,0.4716489681426568
2021-05-14,0.2993139922618866,0.2760460078716278,0.3172909915447235,0.24355000257492065,928593.0,-0.5162203081722547,-1.0,0.4716489681426568
2021-05-15,0.30027198791503906,0.3004629909992218,0.3744089901447296,0.288657009601593,931555.0,-0.5219443349385328,-1.0,0.4716489681426568
2021-05-16,0.271028995513916,0.3046320080757141,0.32963699102401733,0.23447300493717194,568505.0,-0.47450320738005275,-1.0,0.4716489681426568
2021-05-17,0.2441920042037964,0.27100899815559387,0.2962130010128021,0.243709996342659,592140.0,-0.4199374644694463,-1.0,0.4716489681426568
2021-05-18,0.2695299983024597,0.24416899681091309,0.2952840030193329,0.23152600228786469,487304.0,-0.47830860796652314,-1.0,0.4716489681426568
2021-05-19,0.24237200617790222,0.2695299983024597,0.29224199056625366,0.1822890043258667,1143477.0,-0.4230002282057173,-1.0,0.4716489681426568
2021-05-20,0.20313100516796112,0.24071000516414642,0.2723790109157562,0.1763090044260025,1450212.0,-0.31432753451267403,0.0,0.056702063714686425
2021-05-21,0.15079699456691742,0.20179200172424316,0.20455999672412872,0.14295700192451477,457771.0,-0.07591456282873285,0.0,0.056702063714686425
2021-05-22,0.15494699776172638,0.15145300328731537,0.16842900216579437,0.1292950063943863,307075.0,-0.09939809225367717,0.0,0.056702063714686425
2021-05-23,0.13075299561023712,0.15495100617408752,0.1624000072479248,0.10658399760723114,319760.0,0.07132934407448288,0.0,0.056702063714686425
2021-05-24,0.17191100120544434,0.13070300221443176,0.19508500397205353,0.12206000089645386,430810.0,-0.18567949282467733,0.0,0.056702063714686425
2021-05-25,0.17865599691867828,0.17190900444984436,0.18936799466609955,0.15189200639724731,510357.0,-0.2171767852561217,0.0,0.056702063714686425
2021-05-26,0.18552300333976746,0.18022799491882324,0.20262600481510162,0.1727840006351471,1115189.0,-0.24622813087048243,0.0,0.056702063714686425
2021-05-27,0.1853419989347458,0.18551500141620636,0.19537000358104706,0.16463899612426758,945174.0,-0.2440552733518023,0.0,0.056702063714686425
2021-05-28,0.180185005068779,0.1853419989347458,0.22801800072193146,0.1650339961051941,651394.0,-0.21634427575734905,0.0,0.056702063714686425
2021-05-29,0.16604700684547424,0.1801770031452179,0.1896519958972931,0.16391700506210327,236728.0,-0.1427420125107434,0.0,0.056702063714686425
2021-05-30,0.1677599996328354,0.1660580039024353,0.1732950061559677,0.1620270013809204,259035.0,-0.14443209205867302,0.0,0.056702063714686425
2021-05-31,0.172994002699852,0.16776899993419647,0.17988599836826324,0.16202400624752045,444685.0,-0.16150425504075447,0.0,0.056702063714686425
2021-06-01,0.1784999966621399,0.1731339991092682,0.1946520060300827,0.17085100710391998,482314.0,-0.18207241143987507,0.0,0.056702063714686425
2021-06-02,0.20373499393463135,0.1785700023174286,0.20954200625419617,0.17842300236225128,275405.0,-0.27833022080183634,0.0,0.056702063714686425
2021-06-03,0.20406100153923035,0.20033499598503113,0.2085389941930771,0.19274300336837769,749517.0,-0.2712036725126961,0.0,0.056702063714686425
2021-06-04,0.19690999388694763,0.20410600304603577,0.2055010050535202,0.19140000641345978,616727.0,-0.23656060148542832,0.0,0.056702063714686425
2021-06-05,0.1850779950618744,0.19689199328422546,0.19897900521755219,0.18228699266910553,263643.0,-0.1733608592771581,0.0,0.056702063714686425
2021-06-06,0.19278299808502197,0.18508900701999664,0.19777099788188934,0.18249200284481049,465022.0,-0.191510703688097,0.0,0.056702063714686425
2021-06-07,0.17149099707603455,0.1932390034198761,0.20099900662899017,0.17019599676132202,835695.0,-0.07515647918432304,0.0,0.056702063714686425
2021-06-08,0.17660699784755707,0.17352700233459473,0.18273599445819855,0.1613840013742447,1196224.0,-0.08242842049257754,0.0,0.056702063714686425
2021-06-09,0.19105200469493866,0.17663699388504028,0.19690799713134766,0.1754399985074997,955381.0,-0.1367827909616362,0.0,0.056702063714686425
2021-06-10,0.18663200736045837,0.19067099690437317,0.19515100121498108,0.18363399803638458,275624.0,-0.10254741152833881,0.0,0.056702063714686425
2021-06-11,0.19584700465202332,0.1866459995508194,0.20223699510097504,0.18438799679279327,249702.0,-0.12948619597667074,0.0,0.056702063714686425
2021-06-12,0.2104479968547821,0.1958959996700287,0.21745100617408752,0.1858389973640442,457171.0,-0.17517671267271384,0.0,0.056702063714686425
2021-06-13,0.2371560037136078,0.2105029970407486,0.2425840049982071,0.2041040062904358,412320.0,-0.257258816564859,0.0,0.056702063714686425
2021-06-14,0.24861599504947662,0.23726199567317963,0.26504001021385193,0.23225300014019012,506269.0,-0.28459337157885,0.0,0.056702063714686425
2021-06-15,0.23401300609111786,0.23369500041007996,0.24793800711631775,0.21499399840831757,553218.0,-0.23252516988332164,0.0,0.056702063714686425
2021-06-16,0.18994300067424774,0.24791499972343445,0.24794599413871765,0.18490800261497498,528424.0,-0.040507106295674854,0.0,0.056702063714686425
2021-06-17,0.18087899684906006,0.18975600600242615,0.19552800059318542,0.179189994931221,200990.0,0.02284960519619227,0.0,0.056702063714686425
2021-06-18,0.17282600700855255,0.1809229999780655,0.18907099962234497,0.17134800553321838,209982.0,0.0848576891156421,0.0,0.056702063714686425
2021-06-19,0.17366400361061096,0.1728920042514801,0.17785799503326416,0.16979900002479553,200662.0,0.09423772497571406,0.0,0.056702063714686425
2021-06-20,0.16998900473117828,0.17360399663448334,0.17553399503231049,0.16328300535678864,191712.0,0.13158129296779755,0.0,0.056702063714686425
2021-06-21,0.13004499673843384,0.16992299258708954,0.17090000212192535,0.1274999976158142,450246.0,0.49671977745751644,0.0,0.056702063714686425
2021-06-22,0.13551700115203857,0.1300159990787506,0.14849600195884705,0.12129499763250351,432723.0,0.44982539621053047,0.0,0.056702063714686425
2021-06-23,0.1373160034418106,0.13560299575328827,0.14080999791622162,0.128151997923851,329038.0,0.44657656327318235,0.0,0.056702063714686425
2021-06-24,0.1337050050497055,0.1351960003376007,0.1382399946451187,0.12630000710487366,185805.0,0.5036983834158816,0.0,0.056702063714686425
2021-06-25,0.12225800007581711,0.13370099663734436,0.1347229927778244,0.12104400247335434,267201.0,0.6718677219072046,0.0,0.056702063714686425
2021-06-26,0.12321600317955017,0.122189000248909,0.12506599724292755,0.11934799700975418,251326.0,0.6843464593831451,0.0,0.056702063714686425
2021-06-27,0.12869800627231598,0.12326200306415558,0.12894299626350403,0.12091600149869919,234216.0,0.6360525708010887,0.0,0.056702063714686425
2021-06-28,0.12590700387954712,0.12889200448989868,0.1334560066461563,0.12257800251245499,311761.0,0.6954525176641554,0.0,0.056702063714686425
2021-06-29,0.13107100129127502,0.1258070021867752,0.13401900231838226,0.12323299795389175,270644.0,0.6516082619907803,0.0,0.056702063714686425
2021-06-30,0.13366100192070007,0.131398007273674,0.13447600603103638,0.12370999902486801,253379.0,0.640983658972732,0.0,0.056702063714686425
2021-07-01,0.13381199538707733,0.1336899995803833,0.14014199376106262,0.13127900660037994,257830.0,0.6635892231268717,0.0,0.056702063714686425
2021-07-02,0.1319189965724945,0.13390900194644928,0.13640299439430237,0.130854994058609,263957.0,0.7100023608914657,0.0,0.056702063714686425
2021-07-03,0.12897799909114838,0.13189299404621124,0.13207599520683289,0.12568099796772003,292618.0,0.7733448393881731,0.0,0.056702063714686425
2021-07-04,0.12053000181913376,0.12897199392318726,0.13079600036144257,0.11587599664926529,458270.0,0.9235008500914563,1.0,0.4716489681426568
2021-07-05,0.11525700241327286,0.12054400146007538,0.12107399851083755,0.10954900085926056,459828.0,1.0380091563177234,1.0,0.4716489681426568
2021-07-06,0.10981599986553192,0.11528299748897552,0.117808997631073,0.10860999673604965,288985.0,1.1672222034176387,1.0,0.4716489681426568
2021-07-07,0.10954300314188004,0.1098020002245903,0.11533600091934204,0.10849999636411667,256811.0,1.205308091722699,1.0,0.4716489681426568
2021-07-08,0.11069700121879578,0.10956999659538269,0.11682400107383728,0.10911700129508972,330714.0,1.214980358988623,1.0,0.4716489681426568
2021-07-09,0.1132109984755516,0.1106560006737709,0.11511000245809555,0.10865700244903564,257494.0,1.191336631831244,1.0,0.4716489681426568
2021-07-10,0.11275699734687805,0.11317700147628784,0.11700800061225891,0.11270199716091156,204196.0,1.226536962595014,1.0,0.4716489681426568
2021-07-11,0.11150900274515152,0.11272799968719482,0.11388599872589111,0.11094900220632553,279925.0,1.277691540499336,1.0,0.4716489681426568
2021-07-12,0.10849600285291672,0.11145699769258499,0.11191300302743912,0.10835199803113937,337124.0,1.364444108617572,1.0,0.4716489681426568
2021-07-13,0.10718400031328201,0.10849899798631668,0.10998699814081192,0.10444100201129913,277222.0,1.4188004113247021,1.0,0.4716489681426568
2021-07-14,0.10399699956178665,0.10723599791526794,0.1095919981598854,0.098301000893116,300951.0,1.518124160340775,1.0,0.4716489681426568
2021-07-15,0.09761100262403488,0.1040090024471283,0.1042810007929802,0.09510599821805954,301249.0,1.709053085311528,1.0,0.4716489681426568
2021-07-16,0.09116200357675552,0.09768600016832352,0.09842000156641006,0.09069199860095978,282385.0,1.9293860791902468,1.0,0.4716489681426568
2021-07-17,0.09249500185251236,0.0911019966006279,0.09470999985933304,0.08895199745893478,209659.0,1.9208763046357196,1.0,0.4716489681426568
2021-07-18,0.0950080007314682,0.09250199794769287,0.09570399671792984,0.09249500185251236,252592.0,1.8870828497945626,1.0,0.4716489681426568
2021-07-19,0.08994299918413162,0.09500700235366821,0.0955049991607666,0.08968599885702133,279758.0,2.1004208839383463,1.0,0.4716489681426568
2021-07-20,0.08099500089883804,0.08992700278759003,0.09045799821615219,0.07510600239038467,331149.0,2.508855126983686,1.0,0.4716489681426568
2021-07-21,0.10701999813318253,0.08100300282239914,0.11745399981737137,0.08014299720525742,718830.0,1.6970029877837758,1.0,0.4716489681426568
2021-07-22,0.10247699916362762,0.10703200101852417,0.11918999999761581,0.09932100027799606,383785.0,1.8580978924672775,1.0,0.4716489681426568
2021-07-23,0.10272800177335739,0.10247000306844711,0.1043580025434494,0.09677799791097641,290930.0,1.8901210138219926,1.0,0.4716489681426568
2021-07-24,0.10259699821472168,0.1027270033955574,0.12089399993419647,0.10120700299739838,15353050.0,1.9294311878009343,1.0,0.4716489681426568
2021-07-25,0.11011099815368652,0.10185600072145462,0.11368999630212784,0.10185600072145462,299755.0,1.7713999219612757,1.0,0.4716489681426568
2021-07-26,0.10637900233268738,0.1101979985833168,0.11270999908447266,0.10613500326871872,562995.0,1.915024972032939,1.0,0.4716489681426568
2021-07-27,0.10329200327396393,0.10630600154399872,0.10671599954366684,0.10005699843168259,276993.0,2.0475531174547688,1.0,0.4716489681426568
2021-07-28,0.10241600126028061,0.10335899889469147,0.10789500176906586,0.10094600170850754,233040.0,2.119634384073664,1.0,0.4716489681426568
2021-07-29,0.10160599648952484,0.10238400101661682,0.10378299653530121,0.1006930023431778,201482.0,2.1958208385019833,1.0,0.4716489681426568
2021-07-30,0.10365299880504608,0.1016319990158081,0.10490500181913376,0.10044799745082855,300195.0,2.1965913096487073,1.0,0.4716489681426568
2021-07-31,0.10266900062561035,0.10364700108766556,0.10416000336408615,0.10158199816942215,250790.0,2.308676800154024,1.0,0.4716489681426568
2021-08-01,0.09713699668645859,0.10268700122833252,0.1033879965543747,0.09625600278377533,314332.0,2.6596409388039337,1.0,0.4716489681426568
2021-08-02,0.09626500308513641,0.0970740020275116,0.09737800061702728,0.09430500119924545,294986.0,2.8283931139928367,1.0,0.4716489681426568
2021-08-03,0.0925000011920929,0.09632500261068344,0.09693299978971481,0.0917539969086647,280466.0,3.1581074932111366,1.0,0.4716489681426568
2021-08-04,0.09610199928283691,0.09250500053167343,0.09618499875068665,0.09068600088357925,267035.0,3.1754018855036934,1.0,0.4716489681426568
2021-08-05,0.09494300186634064,0.09608100354671478,0.09633500128984451,0.09188500046730042,364293.0,3.477125398352495,1.0,0.4716489681426568
2021-08-06,0.09297700226306915,0.09495200216770172,0.09516800194978714,0.0918549969792366,347746.0,3.866457324324064,1.0,0.4716489681426568
2021-08-07,0.10512799769639969,0.09297800064086914,0.10579200088977814,0.09275300055742264,447099.0,3.548520837763978,1.0,0.4716489681426568
2021-08-08,0.09432400017976761,0.10507600009441376,0.10743899643421173,0.09401299804449081,319490.0,4.321468057582837,1.0,0.4716489681426568
2021-08-09,0.1010809987783432,0.09435199946165085,0.10122700035572052,0.09222500026226044,317737.0,4.168051702383502,1.0,0.4716489681426568
2021-08-10,0.10817400366067886,0.10113000124692917,0.10957899689674377,0.09807699918746948,389029.0,4.002874746044234,1.0,0.4716489681426568
2021-08-11,0.10673800110816956,0.11017899960279465,0.11031399667263031,0.10039900243282318,345174.0,4.278900785598496,1.0,0.4716489681426568
2021-08-12,0.1040709987282753,0.10661099851131439,0.10731100291013718,0.10017099976539612,371913.0,4.595964888412056,1.0,0.4716489681426568
2021-08-13,0.13103799521923065,0.10414600372314453,0.13675999641418457,0.10334300249814987,855535.0,3.5958185384410624,1.0,0.4716489681426568
2021-08-14,0.14480000734329224,0.13098299503326416,0.14839400351047516,0.12281899899244308,1058677.0,3.2881731268240384,1.0,0.4716489681426568
2021-08-15,0.1352889984846115,0.14481399953365326,0.1482200026512146,0.12915800511837006,376108.0,3.7232282996082278,1.0,0.4716489681426568
2021-08-16,0.1291240006685257,0.13531500101089478,0.1369599997997284,0.12867200374603271,383050.0,4.066214684928483,1.0,0.4716489681426568
2021-08-17,0.12620699405670166,0.12903299927711487,0.13260599970817566,0.1252959966659546,332474.0,4.330357026595106,1.0,0.4716489681426568
2021-08-18,0.12401200085878372,0.12610599398612976,0.1279979944229126,0.12340699881315231,308064.0,4.561023031541324,1.0,0.4716489681426568
2021-08-19,0.14324399828910828,0.1238970011472702,0.14670200645923615,0.1218239963054657,460076.0,3.9581124263179235,1.0,0.4716489681426568
2021-08-20,0.18051199615001678,0.14341099560260773,0.1858299970626831,0.14141499996185303,802057.0,3.027609147416162,1.0,0.4716489681426568
2021-08-21,0.17725199460983276,0.1805409938097,0.19334200024604797,0.16434599459171295,405403.0,3.196391919642568,1.0,0.4716489681426568
2021-08-22,0.1610870063304901,0.17770299315452576,0.17779099941253662,0.15437699854373932,375006.0,3.720726726928731,1.0,0.4716489681426568
2021-08-23,0.16792500019073486,0.16131000220775604,0.1809920072555542,0.1609479933977127,541383.0,3.620401540768466,1.0,0.4716489681426568
2021-08-24,0.1680849939584732,0.16792699694633484,0.17823900282382965,0.15969599783420563,425985.0,3.722648887083095,1.0,0.4716489681426568
2021-08-25,0.16760900616645813,0.16802500188350677,0.17100700736045837,0.15103399753570557,488170.0,3.8473212399899883,1.0,0.4716489681426568
2021-08-26,0.14754000306129456,0.16763900220394135,0.17508399486541748,0.1435679942369461,473013.0,4.630247522977215,1.0,0.4716489681426568
2021-08-27,0.15745800733566284,0.14736099541187286,0.15783800184726715,0.13804300129413605,360676.0,4.375693206115962,1.0,0.4716489681426568
2021-08-28,0.17418000102043152,0.15737999975681305,0.17487500607967377,0.15737999975681305,484293.0,3.9316353272955338,1.0,0.4716489681426568
2021-08-29,0.1830810010433197,0.174235999584198,0.19001199305057526,0.17158199846744537,783889.0,3.7608852876349794,1.0,0.4716489681426568
2021-08-30,0.16320200264453888,0.1832430064678192,0.18754099309444427,0.16223500669002533,673243.0,4.407383884771924,1.0,0.4716489681426568
2021-08-31,0.16546599566936493,0.1632619947195053,0.1827930063009262,0.16216200590133667,551570.0,4.39739876777846,1.0,0.4716489681426568
2021-09-01,0.18414700031280518,0.16554400324821472,0.184238001704216,0.16358500719070435,454630.0,3.918926630770633,1.0,0.4716489681426568
2021-09-02,0.21143800020217896,0.18498100340366364,0.21358899772167206,0.1847359985113144,885750.0,3.332792648099531,1.0,0.4716489681426568
2021-09-03,0.28746598958969116,0.21042500436306,0.3404709994792938,0.2063010036945343,4786165.0,2.241854035732599,1.0,0.4716489681426568
2021-09-04,0.277974009513855,0.28775501251220703,0.2908819913864136,0.23736299574375153,1925900.0,2.4112007334481107,1.0,0.4716489681426568
2021-09-05,0.28388500213623047,0.27796900272369385,0.29060301184654236,0.2568050026893616,956931.0,2.3964709952386096,1.0,0.4716489681426568
2021-09-06,0.3224110007286072,0.2838920056819916,0.3365269899368286,0.2648169994354248,1569004.0,2.025482082844136,1.0,0.4716489681426568
2021-09-07,0.27114298939704895,0.32246100902557373,0.3479669988155365,0.26060301065444946,1469509.0,2.6391954685974484,1.0,0.4716489681426568
2021-09-08,0.30460798740386963,0.27109599113464355,0.3170819878578186,0.2591579854488373,856436.0,2.288027066908998,1.0,0.4716489681426568
2021-09-09,0.3696340024471283,0.31918200850486755,0.37784600257873535,0.28485000133514404,1729784.0,1.7470219707786239,1.0,0.4716489681426568
2021-09-10,0.3546839952468872,0.36976900696754456,0.38906699419021606,0.34424901008605957,1530702.0,1.8984288877055273,1.0,0.4716489681426568
2021-09-11,0.446137011051178,0.3546780049800873,0.446137011051178,0.3517870008945465,2006041.0,1.3306859557960697,1.0,0.4716489681426568
2021-09-12,0.4740700125694275,0.444925993680954,0.597087025642395,0.4390850067138672,4512889.0,1.217023994536663,1.0,0.4716489681426568
2021-09-13,0.4399470090866089,0.4741309881210327,0.49606698751449585,0.4180299937725067,2264876.0,1.4138988580171712,1.0,0.4716489681426568
2021-09-14,0.5144349932670593,0.439877986907959,0.5144349932670593,0.42242100834846497,1644004.0,1.0885997684326858,1.0,0.4716489681426568
2021-09-15,0.47229400277137756,0.5141599774360657,0.5180230140686035,0.45434099435806274,1409053.0,1.2997251995164598,1.0,0.4716489681426568
2021-09-16,0.4388839900493622,0.4724940061569214,0.4842590093612671,0.4355260133743286,1137495.0,1.50366008446798,1.0,0.4716489681426568
2021-09-17,0.4892730116844177,0.4400779902935028,0.4892730116844177,0.4190790057182312,1902604.0,1.2790717896755617,1.0,0.4716489681426568
2021-09-18,0.513746976852417,0.4890489876270294,0.5246379971504211,0.47787898778915405,1747388.0,1.2076068560025897,1.0,0.4716489681426568
2021-09-19,0.4883419871330261,0.513122022151947,0.5177279710769653,0.47358500957489014,1062978.0,1.3637434323099722,1.0,0.4716489681426568
2021-09-20,0.41678398847579956,0.48802199959754944,0.4884519875049591,0.38812801241874695,2105059.0,1.8155682818213252,1.0,0.4716489681426568
2021-09-21,0.4042940139770508,0.4166420102119446,0.4408020079135895,0.3855609893798828,1419043.0,1.9452486049670343,1.0,0.4716489681426568
2021-09-22,0.4496299922466278,0.40681999921798706,0.4649839997291565,0.3976289927959442,1180667.0,1.6815714551342313,1.0,0.4716489681426568
2021-09-23,0.4516580104827881,0.4496600031852722,0.4660030007362366,0.42562800645828247,1046860.0,1.7062988265390422,1.0,0.4716489681426568
2021-09-24,0.41582798957824707,0.4516170024871826,0.45758500695228577,0.3995479941368103,1134695.0,1.9879644689287053,1.0,0.4716489681426568
2021-09-25,0.4223960041999817,0.4158569872379303,0.4413529932498932,0.41163399815559387,739890.0,1.989099022444456,1.0,0.4716489681426568
2021-09-26,0.3980030119419098,0.42232298851013184,0.4243830144405365,0.3678779900074005,880051.0,2.2375270159820735,1.0,0.4716489681426568
2021-09-27,0.3539299964904785,0.3978860080242157,0.4156999886035919,0.34498101472854614,1134607.0,2.720484207212784,1.0,0.4716489681426568
2021-09-28,0.31535398960113525,0.35450100898742676,0.3694609999656677,0.30978599190711975,1078243.0,3.259261951418764,1.0,0.4716489681426568
2021-09-29,0.34920400381088257,0.31518200039863586,0.3752020001411438,0.3039639890193939,1681218.0,2.9175396020980293,1.0,0.4716489681426568
2021-09-30,0.37026599049568176,0.34946200251579285,0.37298598885536194,0.33956098556518555,1144604.0,2.7584857340350752,1.0,0.4716489681426568
2021-10-01,0.4502840042114258,0.37026798725128174,0.45075398683547974,0.36250200867652893,1350286.0,2.133278358573482,1.0,0.4716489681426568
2021-10-02,0.4308609962463379,0.4497930109500885,0.46091699600219727,0.4218299984931946,759744.0,2.3286169057859105,1.0,0.4716489681426568
2021-10-03,0.42448800802230835,0.4307990074157715,0.4344939887523651,0.3995110094547272,1142130.0,2.437109243878856,1.0,0.4716489681426568
2021-10-04,0.4113459885120392,0.4244549870491028,0.4245539903640747,0.3928540050983429,895379.0,2.6007152604946717,1.0,0.4716489681426568
2021-10-05,0.4259139895439148,0.41128799319267273,0.4346039891242981,0.4055429995059967,888745.0,2.5318372935895566,1.0,0.4716489681426568
2021-10-06,0.41370299458503723,0.4259139895439148,0.42920801043510437,0.40107598900794983,861697.0,2.7006225892999947,1.0,0.4716489681426568
2021-10-07,0.45453399419784546,0.4145109951496124,0.46264299750328064,0.404682993888855,1338106.0,2.4202579431222255,1.0,0.4716489681426568
2021-10-08,0.42333200573921204,0.45453500747680664,0.4663090109825134,0.4194349944591522,1008339.0,2.7294502085715346,1.0,0.4716489681426568
2021-10-09,0.4367640018463135,0.4233410060405731,0.43766701221466064,0.4026539921760559,1042388.0,2.6687038141650103,1.0,0.4716489681426568
2021-10-10,0.4260050058364868,0.4367530047893524,0.4589569866657257,0.42244601249694824,1321606.0,2.8145784759026427,1.0,0.4716489681426568
2021-10-11,0.41467300057411194,0.424917995929718,0.42872700095176697,0.4105609953403473,730436.0,2.9675728115641435,1.0,0.4716489681426568
2021-10-12,0.4136990010738373,0.4147140085697174,0.4147140085697174,0.4072679877281189,754870.0,3.021867158605456,1.0,0.4716489681426568
2021-10-13,0.46042200922966003,0.4144580066204071,0.46302399039268494,0.40720200538635254,1361584.0,2.65023328182561,1.0,0.4716489681426568
2021-10-14,0.46502700448036194,0.4603640139102936,0.46502700448036194,0.4440059959888458,1236317.0,2.65049034110767,1.0,0.4716489681426568
2021-10-15,0.39660000801086426,0.4642449915409088,0.46680501103401184,0.39119499921798706,2117859.0,3.314005198670552,1.0,0.4716489681426568
2021-10-16,0.404229998588562,0.3982050120830536,0.40805500745773315,0.39331498742103577,834734.0,3.259672564975505,1.0,0.4716489681426568
2021-10-17,0.39820700883865356,0.40424400568008423,0.40776801109313965,0.3908250033855438,645369.0,3.3542883244135506,1.0,0.4716489681426568
2021-10-18,0.3583590090274811,0.3982760012149811,0.4001139998435974,0.3573960065841675,1236613.0,3.8708649700931064,1.0,0.4716489681426568
2021-10-19,0.37413299083709717,0.358597993850708,0.3767000138759613,0.35294899344444275,1151481.0,3.695777969395379,1.0,0.4716489681426568
2021-10-20,0.360821008682251,0.3740670084953308,0.37624698877334595,0.35072198510169983,1027394.0,3.90338056369269,1.0,0.4716489681426568
2021-10-21,0.34810200333595276,0.3610509932041168,0.3617349863052368,0.33928701281547546,941257.0,4.116888855784901,1.0,0.4716489681426568
2021-10-22,0.3474630117416382,0.34807100892066956,0.37546101212501526,0.34381699562072754,1132001.0,4.16215702920714,1.0,0.4716489681426568
2021-10-23,0.3980349898338318,0.347119003534317,0.4085119962692261,0.33850398659706116,1426853.0,3.5376451893936127,1.0,0.4716489681426568
2021-10-24,0.49970000982284546,0.39866000413894653,0.5515329837799072,0.3905960023403168,8643192.0,2.6359329287399738,1.0,0.4716489681426568
2021-10-25,0.5373309850692749,0.49732398986816406,0.6978989839553833,0.49732398986816406,11550801.0,2.4005354004125525,1.0,0.4716489681426568
2021-10-26,0.6041749715805054,0.5378519892692566,0.6400669813156128,0.5136590003967285,6874153.0,2.039967691038799,1.0,0.4716489681426568
2021-10-27,0.5415059924125671,0.6044549942016602,0.67774498462677,0.5252310037612915,5563233.0,2.4097262163099753,1.0,0.4716489681426568
2021-10-28,0.5195689797401428,0.5435870289802551,0.5766810178756714,0.5181149840354919,3104235.0,2.572068576362536,1.0,0.4716489681426568
2021-10-29,0.49542000889778137,0.5197780132293701,0.5197780132293701,0.48352301120758057,2405673.0,2.768672679869144,1.0,0.4716489681426568
2021-10-30,0.4607369899749756,0.49535199999809265,0.49691399931907654,0.4607369899749756,1450760.0,3.0775746585905948,1.0,0.4716489681426568
2021-10-31,0.5619660019874573,0.46077001094818115,0.616346001625061,0.46014800667762756,4465647.0,2.3651991737142293,1.0,0.4716489681426568
2021-11-01,0.5900909900665283,0.5622329711914062,0.6139799952507019,0.5448780059814453,3569967.0,2.2279677379608134,1.0,0.4716489681426568
2021-11-02,0.562952995300293,0.5912820100784302,0.6005480289459229,0.5356280207633972,2712106.0,2.407495376953727,1.0,0.4716489681426568
2021-11-03,0.5642520189285278,0.5630300045013428,0.5739349722862244,0.4963630139827728,3006240.0,2.4232153781181647,1.0,0.4716489681426568
2021-11-04,0.6125860214233398,0.5619369745254517,0.636489987373352,0.5379890203475952,4177385.0,2.171804544345578,1.0,0.4716489681426568
2021-11-05,0.752581000328064,0.6129699945449829,0.7558379769325256,0.6129699945449829,7341223.0,1.5930705477557423,1.0,0.4716489681426568
2021-11-06,0.9221709966659546,0.7513949871063232,0.9412549734115601,0.7201470136642456,10059249.0,1.1238317651544238,1.0,0.4716489681426568
2021-11-07,1.6443599462509155,0.9186270236968994,1.9055670499801636,0.9169219732284546,71134588.0,0.19111701886948446,0.0,0.056702063714686425
2021-11-08,1.3755320310592651,1.6452369689941406,1.8167589902877808,1.3413209915161133,32619172.0,0.4256982923970029,0.0,0.056702063714686425
2021-11-09,1.6687979698181152,1.3628809452056885,1.7566319704055786,1.2258869409561157,28146438.0,0.17562634782168504,0.0,0.056702063714686425
2021-11-10,1.726775050163269,1.6679519414901733,1.9294960498809814,1.214269995689392,32139526.0,0.13610538497930516,0.0,0.056702063714686425
2021-11-11,2.428054094314575,1.730093002319336,2.5567760467529297,1.7039669752120972,53166990.0,-0.19564185168281617,0.0,0.056702063714686425
2021-11-12,2.777872085571289,2.423011064529419,2.9434590339660645,2.208153009414673,67697800.0,-0.3015698140809257,0.0,0.056702063714686425
2021-11-13,2.6245388984680176,2.7866458892822266,2.9019360542297363,2.480091094970703,31958008.0,-0.26511057142550876,0.0,0.056702063714686425
2021-11-14,2.4233200550079346,2.620842933654785,2.740772008895874,2.3408520221710205,21727046.0,-0.2085701660898459,0.0,0.056702063714686425
2021-11-15,2.105149030685425,2.4071431159973145,2.5720629692077637,2.0250370502471924,23786023.0,-0.09270491951715062,0.0,0.056702063714686425
2021-11-16,1.949512004852295,2.1202330589294434,2.2009029388427734,1.826746940612793,28001051.0,-0.023310041848529313,0.0,0.056702063714686425
2021-11-17,2.2900140285491943,1.9495439529418945,2.4680800437927246,1.8228039741516113,27720556.0,-0.1727018497256753,0.0,0.056702063714686425
2021-11-18,1.9580680131912231,2.2937259674072266,2.3865809440612793,1.833516001701355,20225210.0,-0.0360524263603459,0.0,0.056702063714686425
2021-11-19,2.076258897781372,1.9573849439620972,2.162506103515625,1.8403559923171997,14067261.0,-0.09421124982909827,0.0,0.056702063714686425
2021-11-20,1.977463960647583,2.0779459476470947,2.0905001163482666,1.8377870321273804,12118039.0,-0.05194836416062575,0.0,0.056702063714686425
2021-11-21,1.9064749479293823,1.9755100011825562,2.0150909423828125,1.8537429571151733,10227049.0,-0.019811991584476798,0.0,0.056702063714686425
2021-11-22,1.6156940460205078,1.9064140319824219,1.9064279794692993,1.555150032043457,17165041.0,0.15589006610176925,0.0,0.056702063714686425
2021-11-23,1.9449330568313599,1.6166059970855713,1.975574016571045,1.4857219457626343,20565239.0,-0.041912329844365555,0.0,0.056702063714686425
2021-11-24,1.7807270288467407,1.9423099756240845,2.3515050411224365,1.7549899816513062,20196904.0,0.04471222094984433,0.0,0.056702063714686425
2021-11-25,2.1606969833374023,1.9139050245285034,2.3066799640655518,1.9129120111465454,36650864.0,-0.1424289137632362,0.0,0.056702063714686425
2021-11-26,1.8280800580978394,2.1448729038238525,2.1643319129943848,1.743306040763855,13758511.0,0.010926081243034671,0.0,0.056702063714686425
2021-11-27,1.8223849534988403,1.825592041015625,1.9927940368652344,1.7754290103912354,8377394.0,0.01168831079023601,0.0,0.056702063714686425
2021-11-28,1.7907190322875977,1.8259129524230957,1.8384360074996948,1.5609949827194214,12819498.0,0.0270474020636025,0.0,0.056702063714686425
2021-11-29,1.6803779602050781,1.7796659469604492,1.838884949684143,1.6447210311889648,11084258.0,0.09236815432766281,0.0,0.056702063714686425
2021-11-30,1.9247820377349854,1.6801350116729736,2.001422882080078,1.6208000183105469,15071407.0,-0.0495618498997463,0.0,0.056702063714686425
2021-12-01,1.9951410293579102,1.921280026435852,2.2512199878692627,1.8712869882583618,23015002.0,-0.08624798476098025,0.0,0.056702063714686425
2021-12-02,1.9342800378799438,1.9912179708480835,2.0578880310058594,1.8064700365066528,11317341.0,-0.06008447875741768,0.0,0.056702063714686425
2021-12-03,1.701859951019287,1.9348640441894531,1.9844379425048828,1.611122965812683,10698688.0,0.06639887932845684,0.0,0.056702063714686425
2021-12-04,1.4037179946899414,1.7014360427856445,1.7253819704055786,1.3077739477157593,12338601.0,0.29355498642637834,0.0,0.056702063714686425
2021-12-05,1.4213500022888184,1.4008339643478394,1.6797840595245361,1.3508260250091553,8488932.0,0.27756919839064825,0.0,0.056702063714686425
2021-12-06,1.228289008140564,1.4203979969024658,1.4272639751434326,1.0429320335388184,17437712.0,0.47994775828221437,0.0,0.056702063714686425
2021-12-07,1.203294038772583,1.2286059856414795,1.4083470106124878,1.1678440570831299,10420527.0,0.5123937549831014,0.0,0.056702063714686425
2021-12-08,1.4306700229644775,1.203341007232666,1.4306700229644775,1.184298038482666,10817477.0,0.27209265513888536,0.0,0.056702063714686425
2021-12-09,1.221958041191101,1.4269529581069946,1.4459869861602783,1.1745860576629639,8821920.0,0.49120022247218537,0.0,0.056702063714686425
2021-12-10,1.8364310264587402,1.2207560539245605,4.16798210144043,1.2141059637069702,302685575.0,-0.01000979135057182,0.0,0.056702063714686425
2021-12-11,1.8756059408187866,1.8380390405654907,2.1559600830078125,1.7781670093536377,88731792.0,-0.03291942487133515,0.0,0.056702063714686425
2021-12-12,1.8501240015029907,1.880215048789978,1.9907879829406738,1.7967779636383057,31848424.0,-0.021849391136789666,0.0,0.056702063714686425
2021-12-13,1.4240809679031372,1.8520050048828125,1.881443977355957,1.347856044769287,41758946.0,0.27111450895898287,0.0,0.056702063714686425
2021-12-14,1.3779189586639404,1.42221200466156,1.5442249774932861,1.359442949295044,29695226.0,0.3145070051079528,0.0,0.056702063714686425
2021-12-15,1.7566709518432617,1.4196100234985352,2.012563943862915,1.4185869693756104,133467335.0,0.029637883409017907,0.0,0.056702063714686425
2021-12-16,1.7253090143203735,1.7567349672317505,1.928905963897705,1.6869269609451294,46155591.0,0.0476074952138446,0.0,0.056702063714686425
2021-12-17,1.592777967453003,1.7255359888076782,1.751871943473816,1.5180319547653198,21544639.0,0.1346523202419753,0.0,0.056702063714686425
2021-12-18,1.6004719734191895,1.5954190492630005,1.6825950145721436,1.5430439710617065,19093077.0,0.12911736452456085,0.0,0.056702063714686425
2021-12-19,1.573564052581787,1.6003520488739014,1.638808012008667,1.5726039409637451,14653304.0,0.1490579071644258,0.0,0.056702063714686425
2021-12-20,1.5143200159072876,1.573117971420288,1.5754270553588867,1.4675730466842651,15131549.0,0.19515501831312834,0.0,0.056702063714686425
2021-12-21,1.7356350421905518,1.5153629779815674,1.8096469640731812,1.5152440071105957,22226825.0,0.043255696840330767,0.0,0.056702063714686425
2021-12-22,1.6186599731445312,1.7378530502319336,1.7788749933242798,1.6078399419784546,28019020.0,0.1202453508605661,0.0,0.056702063714686425
2021-12-23,1.6805349588394165,1.6194700002670288,1.7483810186386108,1.5784790515899658,20920024.0,0.07939731456327176,0.0,0.056702063714686425
2021-12-24,2.083928108215332,1.6807459592819214,2.172621011734009,1.6516189575195312,66672033.0,-0.13096322852830455,0.0,0.056702063714686425
2021-12-25,2.3819239139556885,2.0680649280548096,2.912781000137329,2.033608913421631,193970012.0,-0.24166990233838925,0.0,0.056702063714686425
2021-12-26,2.4643959999084473,2.385936975479126,2.5351450443267822,2.170727014541626,73305120.0,-0.2693903485654736,0.0,0.056702063714686425
2021-12-27,2.2953081130981445,2.45611310005188,2.5433149337768555,2.2566521167755127,42082975.0,-0.21749127548169223,0.0,0.056702063714686425
2021-12-28,2.096029043197632,2.295948028564453,2.3061020374298096,2.055172920227051,40124244.0,-0.14448022917580144,0.0,0.056702063714686425
2021-12-29,1.9165500402450562,2.095684051513672,2.1373939514160156,1.8880369663238525,27976474.0,-0.06581035333748729,0.0,0.056702063714686425
2021-12-30,2.079103946685791,1.9206160306930542,2.3378028869628906,1.8993810415267944,48622558.0,-0.14103407237923293,0.0,0.056702063714686425
2021-12-31,2.3912839889526367,2.076042890548706,2.468790054321289,2.0751938819885254,62601497.0,-0.25675013106082617,0.0,0.056702063714686425
2022-01-01,2.3926100730895996,2.391555070877075,2.5056540966033936,2.3126699924468994,30580009.0,-0.2608158689230331,0.0,0.056702063714686425
2022-01-02,2.9422810077667236,2.393533945083618,3.089063882827759,2.3784539699554443,137753908.0,-0.40354775522997194,-1.0,0.4716489681426568
2022-01-03,3.1219849586486816,2.9439098834991455,3.3139541149139404,2.7399160861968994,188082998.0,-0.4433615501684198,-1.0,0.4716489681426568
2022-01-04,2.9010140895843506,3.123183012008667,3.1552019119262695,2.8566479682922363,70930502.0,-0.4059917453320405,-1.0,0.4716489681426568
2022-01-05,2.7840399742126465,2.8950018882751465,3.1378250122070312,2.548754930496216,88282075.0,-0.3857356920627498,-1.0,0.4716489681426568
2022-01-06,2.6849210262298584,2.7804269790649414,2.837109088897705,2.5487821102142334,71918693.0,-0.3677550744043607,-1.0,0.4716489681426568
2022-01-07,2.3344008922576904,2.6844310760498047,2.688767910003662,2.2477099895477295,81481847.0,-0.27642987900804084,0.0,0.056702063714686425
2022-01-08,2.714855909347534,2.3380959033966064,2.952846050262451,2.330183982849121,196758343.0,-0.3824947948428505,-1.0,0.4716489681426568
2022-01-09,2.8588531017303467,2.7132859230041504,3.0379021167755127,2.6932170391082764,112731071.0,-0.4186477849677868,-1.0,0.4716489681426568
2022-01-10,2.579901933670044,2.860215902328491,2.9269471168518066,2.402086019515991,82658939.0,-0.36038442398574017,-1.0,0.4716489681426568
2022-01-11,2.691589117050171,2.57827091217041,2.7742838859558105,2.537313938140869,54058347.0,-0.39153065390419756,-1.0,0.4716489681426568
2022-01-12,3.0302770137786865,2.6915080547332764,3.0302770137786865,2.6895530223846436,67718536.0,-0.4648905664427211,-1.0,0.4716489681426568
2022-01-13,2.7736899852752686,3.0298519134521484,3.0298519134521484,2.756930112838745,66452107.0,-0.4204124056031586,-1.0,0.4716489681426568
2022-01-14,2.792201042175293,2.773876905441284,2.851905107498169,2.643979072570801,53473398.0,-0.42934585763256217,-1.0,0.4716489681426568
2022-01-15,2.745851993560791,2.7920339107513428,2.79909610748291,2.727952003479004,29894670.0,-0.42477359150035693,-1.0,0.4716489681426568
2022-01-16,2.6478381156921387,2.74537992477417,2.74537992477417,2.6307430267333984,34923201.0,-0.4086175400795179,-1.0,0.4716489681426568
2022-01-17,2.3958210945129395,2.6472361087799072,2.65750789642334,2.3144989013671875,52517919.0,-0.35082767851839647,0.0,0.056702063714686425
2022-01-18,2.236215114593506,2.3954639434814453,2.4657809734344482,2.1540050506591797,44134967.0,-0.30878390775179104,0.0,0.056702063714686425
2022-01-19,2.1073429584503174,2.2364120483398438,2.2424330711364746,2.0210649967193604,37639704.0,-0.27027879969978413,0.0,0.056702063714686425
2022-01-20,2.124053955078125,2.1074540615081787,2.459265947341919,2.067234992980957,40414018.0,-0.2796273460574766,0.0,0.056702063714686425
2022-01-21,1.7056750059127808,2.126477003097534,2.2857229709625244,1.649791955947876,113986159.0,-0.10423927495086388,0.0,0.056702063714686425
2022-01-22,1.4776179790496826,1.707645058631897,1.747167944908142,1.351904034614563,77025273.0,0.03277213866371803,0.0,0.056702063714686425
2022-01-23,1.576235055923462,1.4784870147705078,1.681879997253418,1.4608789682388306,50023170.0,-0.033188641581043246,0.0,0.056702063714686425
2022-01-24,1.4961600303649902,1.575687050819397,1.575687050819397,1.2990829944610596,63451205.0,0.018748530653546768,0.0,0.056702063714686425
2022-01-25,1.4841899871826172,1.4961040019989014,1.5481159687042236,1.3943779468536377,36610109.0,0.02693943747341755,0.0,0.056702063714686425
2022-01-26,1.5757529735565186,1.4828239679336548,1.698760986328125,1.4727760553359985,57996433.0,-0.03274159846570773,0.0,0.056702063714686425
2022-01-27,1.5198429822921753,1.5746819972991943,1.5952869653701782,1.4611929655075073,32707314.0,0.0019013941185136009,0.0,0.056702063714686425
2022-01-28,1.5684809684753418,1.5192970037460327,1.6108980178833008,1.4749029874801636,31030492.0,-0.030648744184737536,0.0,0.056702063714686425
2022-01-29,1.6213619709014893,1.568390965461731,1.6738829612731934,1.5604779720306396,26191177.0,-0.06477335582592676,0.0,0.056702063714686425
2022-01-30,1.5516480207443237,1.6221109628677368,1.6471530199050903,1.5126570463180542,24007976.0,-0.024717362363784252,0.0,0.056702063714686425
2022-01-31,1.550387978553772,1.5515600442886353,1.554738998413086,1.4619719982147217,24944365.0,-0.0274911451663496,0.0,0.056702063714686425
2022-02-01,1.5311919450759888,1.550570011138916,1.586778998374939,1.5103529691696167,23163749.0,-0.01935648158107182,0.0,0.056702063714686425
2022-02-02,1.493554949760437,1.5311659574508667,1.6198370456695557,1.4760160446166992,31847320.0,-0.0006359796585220201,0.0,0.056702063714686425
2022-02-03,1.4553560018539429,1.4932119846343994,1.5142970085144043,1.405447006225586,22908477.0,0.0196823333770564,0.0,0.056702063714686425
2022-02-04,1.5871230363845825,1.4557969570159912,1.591536045074463,1.4406700134277344,31657575.0,-0.07064728058854261,0.0,0.056702063714686425
2022-02-05,1.5988719463348389,1.5870620012283325,1.6731840372085571,1.5717010498046875,26400251.0,-0.0829628021890764,0.0,0.056702063714686425
2022-02-06,1.7808949947357178,1.598721981048584,1.8818069696426392,1.5871429443359375,64822845.0,-0.18243038732960953,0.0,0.056702063714686425
2022-02-07,1.9294719696044922,1.781026005744934,2.0527169704437256,1.7664639949798584,60531348.0,-0.2518298646852303,0.0,0.056702063714686425
2022-02-08,1.8825279474258423,1.9300730228424072,2.032517910003662,1.7726739645004272,43793579.0,-0.23931559480379458,0.0,0.056702063714686425
2022-02-09,1.867305040359497,1.882835030555725,1.9071049690246582,1.797705054283142,27225761.0,-0.2397983045609286,0.0,0.056702063714686425
2022-02-10,1.7343859672546387,1.8674989938735962,1.8786150217056274,1.7164620161056519,40514354.0,-0.1875443063870508,0.0,0.056702063714686425
2022-02-11,1.584846019744873,1.7345689535140991,1.7751719951629639,1.56883704662323,32101694.0,-0.11677866016795202,0.0,0.056702063714686425
2022-02-12,1.6121330261230469,1.5848259925842285,1.6866129636764526,1.4926860332489014,49912791.0,-0.13753289597349594,0.0,0.056702063714686425
2022-02-13,1.6530879735946655,1.6109919548034668,1.7216500043869019,1.5939340591430664,43816659.0,-0.16477709644491964,0.0,0.056702063714686425
2022-02-14,1.6174499988555908,1.6524300575256348,1.6583340167999268,1.5874500274658203,33689430.0,-0.15222303239765464,0.0,0.056702063714686425
2022-02-15,1.7461390495300293,1.6160639524459839,1.755666971206665,1.6148589849472046,35671992.0,-0.22063723206162605,0.0,0.056702063714686425
2022-02-16,1.7185009717941284,1.74576997756958,1.74576997756958,1.65631103515625,25258185.0,-0.2139386511104015,0.0,0.056702063714686425
2022-02-17,1.5682669878005981,1.7181049585342407,1.7235369682312012,1.5520210266113281,26729354.0,-0.14447574443996222,0.0,0.056702063714686425
2022-02-18,1.5160850286483765,1.5685529708862305,1.5991339683532715,1.5086090564727783,25122545.0,-0.12087177440388278,0.0,0.056702063714686425
2022-02-19,1.5069639682769775,1.515915036201477,1.5497610569000244,1.4832459688186646,15803648.0,-0.12131391875793487,0.0,0.056702063714686425
2022-02-20,1.3592259883880615,1.5070439577102661,1.508957028388977,1.339704990386963,25443703.0,-0.030928624288906963,0.0,0.056702063714686425
2022-02-21,1.3312989473342896,1.3592549562454224,1.4823050498962402,1.3310680389404297,32611968.0,-0.015275421332066736,0.0,0.056702063714686425
2022-02-22,1.3691010475158691,1.3310519456863403,1.3877099752426147,1.2823740243911743,22336505.0,-0.047484679411290844,0.0,0.056702063714686425
2022-02-23,1.3546600341796875,1.3691669702529907,1.4283939599990845,1.3546600341796875,19888054.0,-0.04258908371073229,0.0,0.056702063714686425
2022-02-24,1.2672209739685059,1.3542720079421997,1.3557569980621338,1.1472829580307007,47694180.0,0.01916990390776177,0.0,0.056702063714686425
2022-02-25,1.407608985900879,1.2674779891967773,1.4445860385894775,1.2552249431610107,38802239.0,-0.08786541707913767,0.0,0.056702063714686425
2022-02-26,1.3978910446166992,1.407749056816101,1.4642479419708252,1.3841739892959595,24541568.0,-0.08680754909695518,0.0,0.056702063714686425
2022-02-27,1.3151370286941528,1.3981159925460815,1.4270479679107666,1.2925610542297363,23785896.0,-0.034398720224278576,0.0,0.056702063714686425
2022-02-28,1.5040539503097534,1.315032958984375,1.5089069604873657,1.2991169691085815,31249237.0,-0.16135936925938377,0.0,0.056702063714686425
2022-03-01,1.538398027420044,1.5039769411087036,1.5498919486999512,1.4846199750900269,31391616.0,-0.18590386661203875,0.0,0.056702063714686425
2022-03-02,1.479956030845642,1.5384160280227661,1.5566070079803467,1.4580140113830566,30445454.0,-0.15945979279235112,0.0,0.056702063714686425
2022-03-03,1.435886025428772,1.4802110195159912,1.4992029666900635,1.4045690298080444,24862323.0,-0.13927257805290094,0.0,0.056702063714686425
2022-03-04,1.3481299877166748,1.435979962348938,1.4370859861373901,1.3270349502563477,25639172.0,-0.08890255821329457,0.0,0.056702063714686425
2022-03-05,1.3942960500717163,1.348417043685913,1.3979419469833374,1.323652982711792,14902383.0,-0.12509192434641625,0.0,0.056702063714686425
2022-03-06,1.3465609550476074,1.3943309783935547,1.413233995437622,1.3428339958190918,14757636.0,-0.10044177934677771,0.0,0.056702063714686425
2022-03-07,1.331305980682373,1.347095012664795,1.390457034111023,1.3220160007476807,18227440.0,-0.0970909780253219,0.0,0.056702063714686425
2022-03-08,1.316683053970337,1.3311519622802734,1.3564989566802979,1.310718059539795,17888840.0,-0.09375747131304955,0.0,0.056702063714686425
2022-03-09,1.3755710124969482,1.3166919946670532,1.4190740585327148,1.3149850368499756,20323031.0,-0.13917789442667333,0.0,0.056702063714686425
2022-03-10,1.443858027458191,1.3754169940948486,1.4491380453109741,1.324807047843933,40348830.0,-0.1870687559329433,0.0,0.056702063714686425
2022-03-11,1.388427972793579,1.4441800117492676,1.6480530500411987,1.3883390426635742,100157238.0,-0.16149351889689273,0.0,0.056702063714686425
2022-03-12,1.4943549633026123,1.3883949518203735,1.5430339574813843,1.3879259824752808,51091490.0,-0.22830508280069037,0.0,0.056702063714686425
2022-03-13,1.429834008216858,1.492395043373108,1.509421944618225,1.42192804813385,30942805.0,-0.20037658527478183,0.0,0.056702063714686425
2022-03-14,1.4174859523773193,1.4271730184555054,1.4393609762191772,1.3900729417800903,15655333.0,-0.20042481723798633,0.0,0.056702063714686425
2022-03-15,1.4042749404907227,1.4173680543899536,1.4244749546051025,1.3747999668121338,18261960.0,-0.19985386836020996,0.0,0.056702063714686425
2022-03-16,1.439532995223999,1.404194951057434,1.4465210437774658,1.397763967514038,24826008.0,-0.22657126606565897,0.0,0.056702063714686425
2022-03-17,1.4414069652557373,1.4395370483398438,1.4699269533157349,1.4308910369873047,16386951.0,-0.23446694885310795,0.0,0.056702063714686425
2022-03-18,1.4311649799346924,1.4411710500717163,1.4411710500717163,1.404520034790039,16268727.0,-0.23584139159366135,0.0,0.056702063714686425
2022-03-19,1.4653129577636719,1.4311449527740479,1.486525058746338,1.428346037864685,20770874.0,-0.2605646755992327,0.0,0.056702063714686425
2022-03-20,1.4422329664230347,1.4655410051345825,1.4679429531097412,1.430317997932434,14288590.0,-0.2556578796019499,0.0,0.056702063714686425
2022-03-21,1.4701470136642456,1.4422229528427124,1.473371982574463,1.4261000156402588,17216502.0,-0.2768326945848682,0.0,0.056702063714686425
2022-03-22,1.4871050119400024,1.4700850248336792,1.5162190198898315,1.4552379846572876,20638787.0,-0.2922822716523815,0.0,0.056702063714686425
2022-03-23,1.5068529844284058,1.4873429536819458,1.506983995437622,1.4702850580215454,13550546.0,-0.30888209953996365,0.0,0.056702063714686425
2022-03-24,1.5990550518035889,1.5065679550170898,1.6662659645080566,1.494678020477295,62362178.0,-0.3562662128964294,-1.0,0.4716489681426568
2022-03-25,1.573428988456726,1.5994640588760376,1.641252040863037,1.56044602394104,17239782.0,-0.3532558855017544,-1.0,0.4716489681426568
2022-03-26,1.5878770351409912,1.5735770463943481,1.5896669626235962,1.5608279705047607,11673381.0,-0.36659480047599524,-1.0,0.4716489681426568
2022-03-27,1.671125054359436,1.5881930589675903,1.678995966911316,1.5877399444580078,14997855.0,-0.40581207100509126,-1.0,0.4716489681426568
2022-03-28,1.683953046798706,1.6710740327835083,1.749690055847168,1.6484999656677246,27413727.0,-0.41791304587392264,-1.0,0.4716489681426568
2022-03-29,1.8203049898147583,1.6836190223693848,1.907081961631775,1.6815069913864136,55249149.0,-0.4693050915709878,-1.0,0.4716489681426568
2022-03-30,1.8720060586929321,1.8201220035552979,2.0549209117889404,1.8201220035552979,86312944.0,-0.49176985220626246,-1.0,0.4716489681426568
2022-03-31,1.7460589408874512,1.8712929487228394,1.8957289457321167,1.7293109893798828,32785788.0,-0.4626557436634294,-1.0,0.4716489681426568
2022-04-01,1.7943609952926636,1.7460670471191406,1.8304040431976318,1.7003860473632812,20323230.0,-0.4847526526408098,-1.0,0.4716489681426568
2022-04-02,1.9188189506530762,1.7944129705429077,1.9870890378952026,1.7928760051727295,37837666.0,-0.5259411895704554,-1.0,0.4716489681426568
2022-04-03,1.8986330032348633,1.9187079668045044,1.9545880556106567,1.8806120157241821,25847678.0,-0.528774683781058,-1.0,0.4716489681426568
2022-04-04,1.86284601688385,1.8984639644622803,1.9013170003890991,1.8072199821472168,17311762.0,-0.5276851783487342,-1.0,0.4716489681426568
2022-04-05,1.8114039897918701,1.862913966178894,1.8901649713516235,1.8043930530548096,13860652.0,-0.5221961475746258,-1.0,0.4716489681426568
2022-04-06,1.6447880268096924,1.8113930225372314,1.8113930225372314,1.6232529878616333,20090481.0,-0.4813185249071874,-1.0,0.4716489681426568
2022-04-07,1.63401198387146,1.644845962524414,1.6722520589828491,1.6051299571990967,16523706.0,-0.48520907584677336,-1.0,0.4716489681426568
2022-04-08,1.5526059865951538,1.6332119703292847,1.662896990776062,1.5448280572891235,16137182.0,-0.4655184766627272,-1.0,0.4716489681426568
2022-04-09,1.5358829498291016,1.552467942237854,1.5618259906768799,1.5186729431152344,14114772.0,-0.4669024763473558,-1.0,0.4716489681426568
2022-04-10,1.6046509742736816,1.5357880592346191,1.6743160486221313,1.5357880592346191,19984934.0,-0.49707512081971517,-1.0,0.4716489681426568
2022-04-11,1.4448870420455933,1.6045379638671875,1.6318659782409668,1.399461030960083,29321686.0,-0.44827066962968637,-1.0,0.4716489681426568
2022-04-12,1.4711400270462036,1.4450169801712036,1.5143179893493652,1.4359300136566162,18277890.0,-0.464891530359814,-1.0,0.4716489681426568
2022-04-13,1.5012270212173462,1.4709069728851318,1.5178639888763428,1.4470679759979248,14260434.0,-0.48253150838739084,-1.0,0.4716489681426568
2022-04-14,1.4492690563201904,1.501047968864441,1.5536470413208008,1.4424799680709839,15136358.0,-0.47072868533463796,-1.0,0.4716489681426568
2022-04-15,1.5087549686431885,1.4496270418167114,1.5178409814834595,1.4482510089874268,10639251.0,-0.4985153500682708,-1.0,0.4716489681426568
2022-04-16,1.4736779928207397,1.5087169408798218,1.519845962524414,1.461217999458313,12244130.0,-0.4932465713860222,-1.0,0.4716489681426568
2022-04-17,1.4440200328826904,1.4735000133514404,1.489819049835205,1.4440200328826904,9517147.0,-0.4894718788368442,-1.0,0.4716489681426568
2022-04-18,1.4180999994277954,1.4441709518432617,1.4457770586013794,1.3593089580535889,14444215.0,-0.4870236780043122,-1.0,0.4716489681426568
2022-04-19,1.476781964302063,1.4180999994277954,1.5034270286560059,1.4136099815368652,15722980.0,-0.5143897857630032,-1.0,0.4716489681426568
2022-04-20,1.4407509565353394,1.4768190383911133,1.497238039970398,1.4301400184631348,14155265.0,-0.5088894898827543,-1.0,0.4716489681426568
2022-04-21,1.4082059860229492,1.4411569833755493,1.47906494140625,1.395416021347046,10156834.0,-0.5040613076970835,-1.0,0.4716489681426568
2022-04-22,1.399109959602356,1.4081180095672607,1.4303499460220337,1.3850209712982178,11282036.0,-0.5071726369088712,-1.0,0.4716489681426568
2022-04-23,1.3841899633407593,1.3991039991378784,1.4033139944076538,1.3829100131988525,7027036.0,-0.5081189406990974,-1.0,0.4716489681426568
2022-04-24,1.3148850202560425,1.384032964706421,1.3880000114440918,1.3148850202560425,8367757.0,-0.48793842790707503,-1.0,0.4716489681426568
2022-04-25,1.3585619926452637,1.3148980140686035,1.3586360216140747,1.2701270580291748,14214080.0,-0.5094712821143585,-1.0,0.4716489681426568
2022-04-26,1.2961139678955078,1.3582359552383423,1.3715929985046387,1.2741930484771729,12964873.0,-0.4911101960107863,-1.0,0.4716489681426568
2022-04-27,1.3297090530395508,1.2961419820785522,1.390228033065796,1.2816729545593262,28386345.0,-0.5094599160040678,-1.0,0.4716489681426568
2022-04-28,1.3731340169906616,1.3299139738082886,1.4235759973526,1.3131940364837646,18778989.0,-0.5308214854873918,-1.0,0.4716489681426568
2022-04-29,1.4867719411849976,1.372871994972229,1.5437589883804321,1.344660997390747,53055064.0,-0.5726898000916515,-1.0,0.4716489681426568
2022-04-30,1.2978860139846802,1.4862200021743774,1.4968340396881104,1.293694019317627,38922001.0,-0.51592278295987,-1.0,0.4716489681426568
2022-05-01,1.3684040307998657,1.2978049516677856,1.398906946182251,1.2846109867095947,54950929.0,-0.5464439202132012,-1.0,0.4716489681426568
2022-05-02,1.5244699716567993,1.36844003200531,1.588981032371521,1.3638800382614136,47283917.0,-0.5987953460978651,-1.0,0.4716489681426568
2022-05-03,1.4805049896240234,1.5249409675598145,1.9939789772033691,1.4664210081100464,163908381.0,-0.592541732280072,-1.0,0.4716489681426568
2022-05-04,1.5744860172271729,1.4801640510559082,1.6004780530929565,1.47051203250885,48003563.0,-0.6221978952922854,-1.0,0.4716489681426568
2022-05-05,1.3799480199813843,1.5745769739151,1.707200050354004,1.3415449857711792,45976001.0,-0.5735519507463666,-1.0,0.4716489681426568
2022-05-06,1.3407479524612427,1.3795219659805298,1.4271550178527832,1.3136759996414185,46286533.0,-0.5643423207640614,-1.0,0.4716489681426568
2022-05-07,1.2226899862289429,1.340796947479248,1.347728967666626,1.1921579837799072,26424188.0,-0.5234527252729709,-1.0,0.4716489681426568
2022-05-08,1.2531850337982178,1.2226879596710205,1.3047080039978027,1.1645499467849731,39219539.0,-0.5366914954081526,-1.0,0.4716489681426568
2022-05-09,1.0085129737854004,1.2552510499954224,1.2797470092773438,1.0085129737854004,40232024.0,-0.42487676580250283,-1.0,0.4716489681426568
2022-05-10,0.9223589897155762,1.007897973060608,1.0797419548034668,0.8781300187110901,38287773.0,-0.3707947916320587,-1.0,0.4716489681426568
2022-05-11,0.6166139841079712,0.9220460057258606,0.9531660079956055,0.5983260273933411,26924757.0,-0.05141804768947589,0.0,0.056702063714686425
2022-05-12,0.6121370196342468,0.616491973400116,0.6654520034790039,0.5581349730491638,13934376.0,-0.038409301795422485,0.0,0.056702063714686425
2022-05-13,0.7047610282897949,0.6119049787521362,0.9154390096664429,0.5930219888687134,17227778.0,-0.16290660121318293,0.0,0.056702063714686425
2022-05-14,0.7392100095748901,0.7055820226669312,0.741051971912384,0.6217389702796936,12851402.0,-0.19949724228415333,0.0,0.056702063714686425
2022-05-15,0.7793920040130615,0.7388539910316467,0.7871260046958923,0.6898850202560425,13272939.0,-0.2393244687210545,0.0,0.056702063714686425
2022-05-16,0.7111039757728577,0.7794749736785889,0.7807490229606628,0.6993939876556396,8172889.0,-0.16423560197606546,0.0,0.056702063714686425
2022-05-17,0.7492899894714355,0.7111899852752686,0.7647169828414917,0.6968929767608643,9553441.0,-0.2054140551057747,0.0,0.056702063714686425
2022-05-18,0.6441479921340942,0.7487300038337708,0.7526299953460693,0.6423419713973999,8945521.0,-0.0724840782199022,0.0,0.056702063714686425
2022-05-19,0.713549017906189,0.6439909934997559,0.7337909936904907,0.6321660280227661,12692310.0,-0.15904932474468067,0.0,0.056702063714686425
2022-05-20,0.6693369746208191,0.7122169733047485,0.7318549752235413,0.6435859799385071,13882525.0,-0.09994690667851817,0.0,0.056702063714686425
2022-05-21,0.6950370073318481,0.6692720055580139,0.7017279863357544,0.6582249999046326,8960122.0,-0.12896246086355287,0.0,0.056702063714686425
2022-05-22,0.7010409832000732,0.6950730085372925,0.7100759744644165,0.6718770265579224,9934185.0,-0.13173311395835544,0.0,0.056702063714686425
2022-05-23,0.6903619766235352,0.700659990310669,0.7374169826507568,0.6879910230636597,13026338.0,-0.11316603766256293,0.0,0.056702063714686425
2022-05-24,0.7307519912719727,0.690517008304596,0.7384709715843201,0.6703469753265381,10241202.0,-0.15879848561443008,0.0,0.056702063714686425
2022-05-25,0.7357010245323181,0.7297970056533813,0.8701760172843933,0.723842978477478,31435051.0,-0.1609208565264133,0.0,0.056702063714686425
2022-05-26,0.6709060072898865,0.7361159920692444,0.7433019876480103,0.6684349775314331,14844689.0,-0.07555637246900757,0.0,0.056702063714686425
2022-05-27,0.6480690240859985,0.6705840229988098,0.679066002368927,0.6325079798698425,14146893.0,-0.03749092994526203,0.0,0.056702063714686425
2022-05-28,0.6558459997177124,0.6523429751396179,0.660260021686554,0.6397039890289307,6671825.0,-0.043462717474543694,0.0,0.056702063714686425
2022-05-29,0.6770219802856445,0.6557419896125793,0.6770719885826111,0.6407610177993774,5544647.0,-0.06544496057643605,0.0,0.056702063714686425
2022-05-30,0.721327006816864,0.6769009828567505,0.7303209900856018,0.6730830073356628,14879475.0,-0.11424110290722733,0.0,0.056702063714686425
2022-05-31,0.6955400109291077,0.721451997756958,0.7331569790840149,0.6849499940872192,21969211.0,-0.07428776879145875,0.0,0.056702063714686425
2022-06-01,0.6565650105476379,0.6954770088195801,0.7068150043487549,0.6480559706687927,18382063.0,-0.009889601158675824,0.0,0.056702063714686425
2022-06-02,0.7328439950942993,0.6562219858169556,0.75245201587677,0.6523659825325012,40744878.0,-0.1058770278877293,0.0,0.056702063714686425
2022-06-03,0.6643139719963074,0.7324399948120117,0.7324399948120117,0.6545109748840332,18486976.0,-0.0031510101694181072,0.0,0.056702063714686425
2022-06-04,0.6741330027580261,0.6642469763755798,0.676351010799408,0.653531014919281,9378980.0,-0.008214383265922328,0.0,0.056702063714686425
2022-06-05,0.663873016834259,0.6741930246353149,0.6756669878959656,0.6540060043334961,7031291.0,0.017165703871009512,0.0,0.056702063714686425
2022-06-06,0.6674039959907532,0.664097011089325,0.6922320127487183,0.6566759943962097,9826707.0,0.020474305550838276,0.0,0.056702063714686425
2022-06-07,0.6606249809265137,0.6674780249595642,0.6756600141525269,0.6386100053787231,14310297.0,0.038157861016476724,0.0,0.056702063714686425
2022-06-08,0.6527050137519836,0.6606699824333191,0.667697012424469,0.6425129771232605,16238972.0,0.06029811249631058,0.0,0.056702063714686425
2022-06-09,0.646390974521637,0.6527249813079834,0.6612200140953064,0.6436349749565125,10292114.0,0.0790335808464743,0.0,0.056702063714686425
2022-06-10,0.600517988204956,0.6463289856910706,0.6474130153656006,0.5902079939842224,19116367.0,0.16941141181306815,0.0,0.056702063714686425
2022-06-11,0.5713989734649658,0.6006159782409668,0.6139619946479797,0.5583270192146301,36631413.0,0.23834474417634377,0.0,0.056702063714686425
2022-06-12,0.50661301612854,0.5715050101280212,0.5756819844245911,0.5056759715080261,26376595.0,0.40608254977659775,0.0,0.056702063714686425
2022-06-13,0.42364999651908875,0.5074970126152039,0.5074970126152039,0.4044159948825836,43490605.0,0.6944212050735695,0.0,0.056702063714686425
2022-06-14,0.45291098952293396,0.4238860011100769,0.57355797290802,0.4077349901199341,51892645.0,0.5951768817327103,0.0,0.056702063714686425
2022-06-15,0.482571005821228,0.4528360068798065,0.48361000418663025,0.4152989983558655,23305900.0,0.5068679723847803,0.0,0.056702063714686425
2022-06-16,0.42812401056289673,0.48232999444007874,0.4855870008468628,0.42278000712394714,9202255.0,0.7102531933452694,0.0,0.056702063714686425
2022-06-17,0.4523859918117523,0.42822200059890747,0.45640599727630615,0.42822200059890747,7416577.0,0.6290938606001861,0.0,0.056702063714686425
2022-06-18,0.41442200541496277,0.45222100615501404,0.45823100209236145,0.3805150091648102,10423113.0,0.7906316514234504,0.0,0.056702063714686425
2022-06-19,0.4638110101222992,0.41429099440574646,0.46833598613739014,0.39754799008369446,10146162.0,0.6089738408549413,0.0,0.056702063714686425
2022-06-20,0.4431540071964264,0.46321600675582886,0.482807993888855,0.43038299679756165,13049819.0,0.6937010905485673,0.0,0.056702063714686425
2022-06-21,0.44765499234199524,0.4430530071258545,0.4897960126399994,0.43755999207496643,9128155.0,0.6856914216505264,0.0,0.056702063714686425
2022-06-22,0.4351330101490021,0.4480380117893219,0.45175400376319885,0.4325140118598938,8709416.0,0.7435065930967534,0.0,0.056702063714686425
2022-06-23,0.4681189954280853,0.43506601452827454,0.47110798954963684,0.4345119893550873,6694251.0,0.6283020264781569,0.0,0.056702063714686425
2022-06-24,0.4700169861316681,0.46761900186538696,0.4776639938354492,0.45965299010276794,6892714.0,0.6290092042071486,0.0,0.056702063714686425
2022-06-25,0.4722909927368164,0.4700070023536682,0.479079008102417,0.45423901081085205,6699315.0,0.628041925827987,0.0,0.056702063714686425
2022-06-26,0.46327000856399536,0.4722230136394501,0.518127977848053,0.4631200134754181,9970801.0,0.6676576466262858,0.0,0.056702063714686425
2022-06-27,0.4556030035018921,0.4633060097694397,0.47596898674964905,0.44733598828315735,4902649.0,0.7044225828090845,0.0,0.056702063714686425
2022-06-28,0.4373610019683838,0.4555569887161255,0.46436500549316406,0.4332500100135803,4159509.0,0.7852638658390703,0.0,0.056702063714686425
2022-06-29,0.4251770079135895,0.4374389946460724,0.4413889944553375,0.42198601365089417,4922490.0,0.8461241160990628,0.0,0.056702063714686425
2022-06-30,0.4184190034866333,0.42527899146080017,0.4290269911289215,0.39850398898124695,6479650.0,0.8853767633158085,0.0,0.056702063714686425
2022-07-01,0.4209659993648529,0.4187229871749878,0.4402819871902466,0.41330501437187195,7301312.0,0.8837878626816694,0.0,0.056702063714686425
2022-07-02,0.42791301012039185,0.4207789897918701,0.42963600158691406,0.4132370054721832,4332197.0,0.8624243736347674,0.0,0.056702063714686425
2022-07-03,0.41601601243019104,0.4279029965400696,0.42843198776245117,0.4098820090293884,6551239.0,0.925265295628295,1.0,0.4716489681426568
2022-07-04,0.43393999338150024,0.41599398851394653,0.4353789985179901,0.4099990129470825,4559792.0,0.853863036883028,0.0,0.056702063714686425
2022-07-05,0.43061500787734985,0.43367400765419006,0.43732398748397827,0.41645801067352295,4912393.0,0.8749829637035268,0.0,0.056702063714686425
2022-07-06,0.4395720064640045,0.43069198727607727,0.4418239891529083,0.4236379861831665,7848717.0,0.8432321457657331,0.0,0.056702063714686425
2022-07-07,0.45489200949668884,0.43942299485206604,0.46358001232147217,0.42784300446510315,6099997.0,0.786513759847368,0.0,0.056702063714686425
2022-07-08,0.45225098729133606,0.45486798882484436,0.4712440073490143,0.43832099437713623,7261483.0,0.8038570914501737,0.0,0.056702063714686425
2022-07-09,0.45796099305152893,0.4522239863872528,0.4689739942550659,0.44936901330947876,4882903.0,0.7883900316358768,0.0,0.056702063714686425
2022-07-10,0.43362200260162354,0.4579310119152069,0.4579310119152069,0.4312340021133423,4771813.0,0.8962452920417401,0.0,0.056702063714686425
2022-07-11,0.4090990126132965,0.4336020052433014,0.4373739957809448,0.405921995639801,4761269.0,1.0186994610900082,1.0,0.4716489681426568
2022-07-12,0.4047139883041382,0.40925800800323486,0.4228290021419525,0.4018329977989197,3807167.0,1.0493411938645696,1.0,0.4716489681426568
2022-07-13,0.4320650100708008,0.4047650098800659,0.4323219954967499,0.3975349962711334,9580379.0,0.9261228121900141,1.0,0.4716489681426568
2022-07-14,0.463250994682312,0.43200600147247314,0.47600001096725464,0.41806599497795105,11143084.0,0.8015826529086633,0.0,0.056702063714686425
2022-07-15,0.44174399971961975,0.46320098638534546,0.4638499915599823,0.4350149929523468,5670719.0,0.8949810464320437,0.0,0.056702063714686425
2022-07-16,0.45162901282310486,0.4417499899864197,0.4543229937553406,0.43160301446914673,4733773.0,0.8587619234406911,0.0,0.056702063714686425
2022-07-17,0.45251399278640747,0.4516870081424713,0.4658010005950928,0.44504499435424805,6491840.0,0.8608857780080916,0.0,0.056702063714686425
2022-07-18,0.48131799697875977,0.4525269865989685,0.5089840292930603,0.4521560072898865,12294514.0,0.7540517389468714,0.0,0.056702063714686425
2022-07-19,0.49436700344085693,0.4797709882259369,0.5012480020523071,0.4676179885864258,10358453.0,0.7122660020878666,0.0,0.056702063714686425
2022-07-20,0.4838100075721741,0.49384498596191406,0.528294026851654,0.47777798771858215,10588749.0,0.7547338603520135,0.0,0.056702063714686425
2022-07-21,0.49071699380874634,0.4837689995765686,0.49206700921058655,0.4680440127849579,7155186.0,0.7346351476549122,0.0,0.056702063714686425
2022-07-22,0.4857249855995178,0.49072399735450745,0.5019299983978271,0.48225298523902893,5504689.0,0.7577524263020016,0.0,0.056702063714686425
2022-07-23,0.5107219815254211,0.48559099435806274,0.5198360085487366,0.4824259877204895,9297485.0,0.6771806546354873,0.0,0.056702063714686425
2022-07-24,0.5053229928016663,0.510653018951416,0.5165799856185913,0.5027980208396912,6173656.0,0.7004986723761389,0.0,0.056702063714686425
2022-07-25,0.4615109860897064,0.5052800178527832,0.5091540217399597,0.4611920118331909,6880595.0,0.8681548045130888,0.0,0.056702063714686425
2022-07-26,0.4662730097770691,0.4616200029850006,0.466403990983963,0.4516429901123047,5418817.0,0.8546521966257514,0.0,0.056702063714686425
2022-07-27,0.5026490092277527,0.46634501218795776,0.5059720277786255,0.46634501218795776,7099995.0,0.7243119642812402,0.0,0.056702063714686425
2022-07-28,0.5081639885902405,0.5027999877929688,0.5242440104484558,0.4920389950275421,8364276.0,0.709558422777456,0.0,0.056702063714686425
2022-07-29,0.5304219722747803,0.5082100033760071,0.545403003692627,0.5065879821777344,11887926.0,0.6420106883504568,0.0,0.056702063714686425
2022-07-30,0.5352309942245483,0.5304139852523804,0.573291003704071,0.5226389765739441,9975891.0,0.6310317623169288,0.0,0.056702063714686425
2022-07-31,0.574521005153656,0.5352699756622314,0.6143640279769897,0.5348860025405884,23110627.0,0.5218039297619164,0.0,0.056702063714686425
2022-08-01,0.6834970116615295,0.5745700001716614,0.7375410199165344,0.5681009888648987,75099092.0,0.279496968092638,0.0,0.056702063714686425
2022-08-02,0.626334011554718,0.6826930046081543,0.6826930046081543,0.5972840189933777,11080245.0,0.39578327500398724,0.0,0.056702063714686425
2022-08-03,0.6139569878578186,0.6264200210571289,0.6379219889640808,0.6067519783973694,6355595.0,0.4221468177929441,0.0,0.056702063714686425
2022-08-04,0.5861340165138245,0.6139169931411743,0.6242460012435913,0.577655017375946,7055931.0,0.488119737362131,0.0,0.056702063714686425
2022-08-05,0.6114199757575989,0.5862249732017517,0.6154950261116028,0.5833780169487,5503901.0,0.42414917177276523,0.0,0.056702063714686425
2022-08-06,0.6083809733390808,0.6114950180053711,0.6183040142059326,0.6051300168037415,3371388.0,0.4284435123907734,0.0,0.056702063714686425
2022-08-07,0.6207540035247803,0.608581006526947,0.6249759793281555,0.5940459966659546,4045964.0,0.3967371388343464,0.0,0.056702063714686425
2022-08-08,0.6401649713516235,0.6207540035247803,0.6605460047721863,0.6196449995040894,7277697.0,0.3515213563340523,0.0,0.056702063714686425
2022-08-09,0.6592209935188293,0.6403660178184509,0.6595919728279114,0.5946609973907471,8371817.0,0.30929857899850477,0.0,0.056702063714686425
2022-08-10,0.7512990236282349,0.6570879817008972,0.8346109986305237,0.6560609936714172,78238845.0,0.14462269861262733,0.0,0.056702063714686425
2022-08-11,0.7558850049972534,0.751317024230957,0.776757001876831,0.736860990524292,16229239.0,0.13363295317677604,0.0,0.056702063714686425
2022-08-12,0.912585973739624,0.757079005241394,0.9686650037765503,0.7513880133628845,76480076.0,-0.06592061773431349,0.0,0.056702063714686425
2022-08-13,1.0818090438842773,0.9128069877624512,1.2156000137329102,0.9101740121841431,119354523.0,-0.2178973767973178,0.0,0.056702063714686425
2022-08-14,1.0514719486236572,1.0853760242462158,1.1877549886703491,1.033661961555481,56507516.0,-0.20127283192340456,0.0,0.056702063714686425
2022-08-15,0.9504929780960083,1.0515170097351074,1.083866000175476,0.9429870247840881,24242417.0,-0.12196241514713915,0.0,0.056702063714686425
2022-08-16,0.9550750255584717,0.950206995010376,0.9863889813423157,0.9182220101356506,16329742.0,-0.13165490704660182,0.0,0.056702063714686425
2022-08-17,1.0630840063095093,0.955702006816864,1.0784980058670044,0.9401710033416748,56617754.0,-0.22568171423037892,0.0,0.056702063714686425
2022-08-18,0.9763410091400146,1.0632660388946533,1.1479899883270264,0.9519109725952148,42930443.0,-0.1623590694988772,0.0,0.056702063714686425
2022-08-19,0.834663987159729,0.9762610197067261,0.9839479923248291,0.8186200261116028,29189687.0,-0.024935367013849095,0.0,0.056702063714686425
2022-08-20,0.9145169854164124,0.8345329761505127,0.9461989998817444,0.8317949771881104,34411742.0,-0.11524221948376515,0.0,0.056702063714686425
2022-08-21,0.8896200060844421,0.9144309759140015,0.9228919744491577,0.8707770109176636,14956848.0,-0.09473060649574096,0.0,0.056702063714686425
2022-08-22,0.853298008441925,0.889581024646759,0.8919699788093567,0.8228669762611389,14541415.0,-0.06024278859729153,0.0,0.056702063714686425
2022-08-23,0.8531609773635864,0.8533830046653748,0.8670639991760254,0.8150569796562195,16308923.0,-0.06403611209093207,0.0,0.056702063714686425
2022-08-24,0.8482059836387634,0.8527370095252991,0.875262975692749,0.8190370202064514,16152764.0,-0.06208382688553673,0.0,0.056702063714686425
2022-08-25,0.9685459733009338,0.8481450080871582,0.9885069727897644,0.8479560017585754,55182456.0,-0.182954519386961,0.0,0.056702063714686425
2022-08-26,0.9025070071220398,0.9715330004692078,0.9928640127182007,0.8937649726867676,32631826.0,-0.12723617561210906,0.0,0.056702063714686425
2022-08-27,0.9855589866638184,0.9026089906692505,1.087401032447815,0.8956519961357117,65461557.0,-0.20549138058536254,0.0,0.056702063714686425
2022-08-28,1.0232009887695312,0.9872609972953796,1.108322024345398,0.9581609964370728,49514666.0,-0.2393630721635213,0.0,0.056702063714686425
2022-08-29,1.0378479957580566,1.0225000381469727,1.0913100242614746,0.9879909753799438,33992180.0,-0.25501481075080124,0.0,0.056702063714686425
2022-08-30,0.9731289744377136,1.037837028503418,1.037837028503418,0.9594280123710632,22731689.0,-0.21007991685130933,0.0,0.056702063714686425
2022-08-31,0.990667998790741,0.9732000231742859,1.0319639444351196,0.9732000231742859,17548353.0,-0.22892418901163428,0.0,0.056702063714686425
2022-09-01,0.9554389715194702,0.9906970262527466,0.9923149943351746,0.9168969988822937,16660062.0,-0.20504463644919763,0.0,0.056702063714686425
2022-09-02,0.996707022190094,0.958512008190155,1.0085070133209229,0.9544510245323181,18192014.0,-0.2429070440941787,0.0,0.056702063714686425
2022-09-03,1.0055919885635376,0.9968770146369934,1.028939962387085,0.9883509874343872,9477550.0,-0.25462381020533026,0.0,0.056702063714686425
2022-09-04,1.203590989112854,1.0052809715270996,1.2049709558486938,1.0049370527267456,52637265.0,-0.3830952669361068,-1.0,0.4716489681426568
2022-09-05,1.3296630382537842,1.203734040260315,1.3837419748306274,1.0955699682235718,105812676.0,-0.4480126312193,-1.0,0.4716489681426568
2022-09-06,1.1804519891738892,1.3362619876861572,1.403143048286438,1.1804519891738892,54138540.0,-0.3841103164676649,-1.0,0.4716489681426568
2022-09-07,1.264356017112732,1.1763180494308472,1.3190619945526123,1.1111340522766113,47336887.0,-0.4311795094366204,-1.0,0.4716489681426568
2022-09-08,1.2405630350112915,1.2639609575271606,1.307939052581787,1.2276289463043213,22710263.0,-0.4265685462867095,-1.0,0.4716489681426568
2022-09-09,1.3471839427947998,1.240149974822998,1.3859189748764038,1.2373390197753906,29949969.0,-0.47885851022418824,-1.0,0.4716489681426568
2022-09-10,1.2988539934158325,1.3471729755401611,1.371001958847046,1.2855509519577026,17457419.0,-0.4659800951939545,-1.0,0.4716489681426568
2022-09-11,1.3178709745407104,1.298964023590088,1.3356070518493652,1.285194993019104,14642093.0,-0.480359012918823,-1.0,0.4716489681426568
2022-09-12,1.235780954360962,1.3178809881210327,1.3191189765930176,1.1689159870147705,21896142.0,-0.4524743797129154,-1.0,0.4716489681426568
2022-09-13,1.1275349855422974,1.235962986946106,1.2371089458465576,1.1065419912338257,22754152.0,-0.4060160877521964,-1.0,0.4716489681426568
2022-09-14,1.2631349563598633,1.1352460384368896,1.2890069484710693,1.1247090101242065,54046030.0,-0.4764032107329879,-1.0,0.4716489681426568
2022-09-15,1.1771270036697388,1.2639379501342773,1.2639379501342773,1.14683198928833,18966250.0,-0.4444759187202675,-1.0,0.4716489681426568
2022-09-16,1.0684700012207031,1.1772350072860718,1.1772350072860718,1.0393459796905518,20548022.0,-0.3938199935501561,-1.0,0.4716489681426568
2022-09-17,1.094359040260315,1.0684770345687866,1.1064469814300537,1.066606044769287,8187974.0,-0.4141035467075841,-1.0,0.4716489681426568
2022-09-18,0.9721919894218445,1.0943479537963867,1.0952670574188232,0.9518300294876099,16136290.0,-0.34580496534087185,0.0,0.056702063714686425
2022-09-19,0.9628279805183411,0.9721959829330444,0.9902610182762146,0.9017810225486755,20171975.0,-0.3447326135694877,0.0,0.056702063714686425
2022-09-20,0.9068080186843872,0.9625620245933533,0.9769650101661682,0.8758950233459473,14722201.0,-0.30927617111020456,0.0,0.056702063714686425
2022-09-21,0.9429410099983215,0.9068949818611145,1.0006569623947144,0.8840720057487488,27638217.0,-0.34114023057915244,0.0,0.056702063714686425
2022-09-22,0.9210309982299805,0.9411860108375549,0.9504650235176086,0.907060980796814,13918651.0,-0.3305088295189722,0.0,0.056702063714686425
2022-09-23,0.9207069873809814,0.9210100173950195,0.9382330179214478,0.8908190131187439,13449551.0,-0.33531005990106194,0.0,0.056702063714686425
2022-09-24,0.9140179753303528,0.9207490086555481,0.9307019710540771,0.9083889722824097,6658139.0,-0.3354715616648676,0.0,0.056702063714686425
2022-09-25,0.8737080097198486,0.9138389825820923,0.9158229827880859,0.8534809947013855,8559268.0,-0.30920224756679404,0.0,0.056702063714686425
2022-09-26,0.8655970096588135,0.8740079998970032,0.8827660083770752,0.830033004283905,11987522.0,-0.30697339842922483,0.0,0.056702063714686425
2022-09-27,0.8433550000190735,0.8655819892883301,0.9064189791679382,0.8320919871330261,14518017.0,-0.29290917757235974,0.0,0.056702063714686425
2022-09-28,0.8319439888000488,0.8468829989433289,0.8525180220603943,0.8040680289268494,11920004.0,-0.28715657200306505,0.0,0.056702063714686425
2022-09-29,0.8191390037536621,0.8322409987449646,0.8403739929199219,0.790848970413208,11020868.0,-0.2798799665835823,0.0,0.056702063714686425
2022-09-30,0.8054599761962891,0.8188130259513855,0.830847978591919,0.7974429726600647,9320861.0,-0.27141038453533833,0.0,0.056702063714686425
2022-10-01,0.7905499935150146,0.8054149746894836,0.812961995601654,0.7807959914207458,5340552.0,-0.26147169098361456,0.0,0.056702063714686425
2022-10-02,0.8225610256195068,0.790395975112915,0.8660150170326233,0.7897679805755615,18763524.0,-0.2941111929142849,0.0,0.056702063714686425
2022-10-03,0.8441020250320435,0.822579026222229,0.8590909838676453,0.819612979888916,11619599.0,-0.31599070488597475,0.0,0.056702063714686425
2022-10-04,0.8553060293197632,0.843982994556427,0.8678669929504395,0.8382459878921509,9166016.0,-0.32875925874205036,0.0,0.056702063714686425
2022-10-05,0.8294010162353516,0.8550029993057251,0.8577640056610107,0.8064709901809692,10535812.0,-0.3114392720805279,0.0,0.056702063714686425
2022-10-06,0.8053169846534729,0.829505980014801,0.8347910046577454,0.7995550036430359,7663817.0,-0.2942200007642161,0.0,0.056702063714686425
2022-10-07,0.8260170221328735,0.805338978767395,0.8276119828224182,0.8021330237388611,8013079.0,-0.3150088929316442,0.0,0.056702063714686425
2022-10-08,0.8145210146903992,0.825577974319458,0.8256999850273132,0.8074730038642883,5482902.0,-0.3081754045640877,0.0,0.056702063714686425
2022-10-09,0.8066020011901855,0.813476026058197,0.8177400231361389,0.8045229911804199,5347430.0,-0.3041254629221163,0.0,0.056702063714686425
2022-10-10,0.779304027557373,0.8065940141677856,0.810142993927002,0.7653530240058899,6908047.0,-0.28140879773040584,0.0,0.056702063714686425
2022-10-11,0.7178030014038086,0.7792620062828064,0.7795379757881165,0.7146819829940796,5784640.0,-0.221090852220469,0.0,0.056702063714686425
2022-10-12,0.7176420092582703,0.7166550159454346,0.7416960000991821,0.7165809869766235,4031880.0,-0.2229364942774295,0.0,0.056702063714686425
2022-10-13,0.6937749981880188,0.7176160216331482,0.7204449772834778,0.6235659718513489,10750045.0,-0.1967882332128242,0.0,0.056702063714686425
2022-10-14,0.7585319876670837,0.6937680244445801,0.7845829725265503,0.6905189752578735,19742592.0,-0.2664792315562723,0.0,0.056702063714686425
2022-10-15,0.7731999754905701,0.7583490014076233,0.856423020362854,0.7562940120697021,21430125.0,-0.28187306083977215,0.0,0.056702063714686425
2022-10-16,0.7512210011482239,0.7732620239257812,0.7796400189399719,0.7308220267295837,5900918.0,-0.2622120627073634,0.0,0.056702063714686425
2022-10-17,0.7613379955291748,0.7512360215187073,0.7770879864692688,0.7391200065612793,5667600.0,-0.27325492323117245,0.0,0.056702063714686425
2022-10-18,0.7525249719619751,0.7612230181694031,0.7868279814720154,0.7498679757118225,6191563.0,-0.266287529316842,0.0,0.056702063714686425
2022-10-19,0.7077609896659851,0.7526900172233582,0.7565590143203735,0.7021250128746033,8082726.0,-0.22069728858921828,0.0,0.056702063714686425
2022-10-20,0.6959699988365173,0.7068560123443604,0.7285019755363464,0.6903970241546631,10044266.0,-0.20771953238308286,0.0,0.056702063714686425
2022-10-21,0.6878759860992432,0.6953650116920471,0.6973000168800354,0.6585689783096313,12417586.0,-0.19663027382145382,0.0,0.056702063714686425
2022-10-22,0.6843109726905823,0.688040018081665,0.6975740194320679,0.6799349784851074,8888737.0,-0.18882754413377495,0.0,0.056702063714686425
2022-10-23,0.7079060077667236,0.6845629811286926,0.7109889984130859,0.6673660278320312,9484477.0,-0.2127808133505078,0.0,0.056702063714686425
2022-10-24,0.6949399709701538,0.7078660130500793,0.7122390270233154,0.6804069876670837,9015816.0,-0.19544591260451263,0.0,0.056702063714686425
2022-10-25,0.7130190134048462,0.6950730085372925,0.7352150082588196,0.6849150061607361,10303731.0,-0.21311396840841193,0.0,0.056702063714686425
2022-10-26,0.7258689999580383,0.7130270004272461,0.7535049915313721,0.71281498670578,12936553.0,-0.22405427619857893,0.0,0.056702063714686425
2022-10-27,0.711916983127594,0.7260109782218933,0.7399439811706543,0.7029510140419006,10883128.0,-0.20576726379385926,0.0,0.056702063714686425
2022-10-28,0.7375190258026123,0.7117530107498169,0.7455629706382751,0.7053049802780151,9560332.0,-0.22987781619506484,0.0,0.056702063714686425
2022-10-29,0.7840200066566467,0.7375839948654175,0.810854971408844,0.731078028678894,15674642.0,-0.2731374083163862,0.0,0.056702063714686425
2022-10-30,0.7726719975471497,0.783968985080719,0.8064519762992859,0.759859025478363,13739320.0,-0.2605228276062207,0.0,0.056702063714686425
2022-10-31,0.7430539727210999,0.7725129723548889,0.8212209939956665,0.7268279790878296,22049125.0,-0.2287778099901382,0.0,0.056702063714686425
2022-11-01,0.7211019992828369,0.7430949807167053,0.7463319897651672,0.7126830220222473,10796075.0,-0.20216304330436433,0.0,0.056702063714686425
2022-11-02,0.693693995475769,0.7210310101509094,0.7243580222129822,0.6850150227546692,10903884.0,-0.16741729910864708,0.0,0.056702063714686425
2022-11-03,0.7053719758987427,0.693647027015686,0.7357230186462402,0.6933339834213257,11458137.0,-0.1802887486445736,0.0,0.056702063714686425
2022-11-04,0.7482290267944336,0.705269992351532,0.7539479732513428,0.7016940116882324,8575717.0,-0.22648049980913879,0.0,0.056702063714686425
2022-11-05,0.7332109808921814,0.7481150031089783,0.7577829957008362,0.7301260232925415,8719115.0,-0.20913024886919018,0.0,0.056702063714686425
2022-11-06,0.7048190236091614,0.7332220077514648,0.7371870279312134,0.7028200030326843,5982659.0,-0.17614106909492375,0.0,0.056702063714686425
2022-11-07,0.705452024936676,0.7077190279960632,0.7152180075645447,0.6867129802703857,6254147.0,-0.17623942005956958,0.0,0.056702063714686425
2022-11-08,0.5963640213012695,0.7053549885749817,0.7098829746246338,0.5753629803657532,12672488.0,-0.022333098884098228,0.0,0.056702063714686425
2022-11-09,0.5071799755096436,0.5963490009307861,0.5987820029258728,0.46483299136161804,14033729.0,0.1568561087910412,0.0,0.056702063714686425
2022-11-10,0.497994989156723,0.5077109932899475,0.5115770101547241,0.4075770080089569,28187150.0,0.1845063202889524,0.0,0.056702063714686425
2022-11-11,0.4659540057182312,0.49807798862457275,0.49807798862457275,0.42765700817108154,10887492.0,0.2755981089871711,0.0,0.056702063714686425
2022-11-12,0.4402720034122467,0.46558600664138794,0.481438010931015,0.4376530051231384,5847959.0,0.3607185986137526,0.0,0.056702063714686425
2022-11-13,0.424001008272171,0.4399639964103699,0.448527991771698,0.4227350056171417,4883530.0,0.4233576992416249,0.0,0.056702063714686425
2022-11-14,0.4604780077934265,0.4236690104007721,0.5168039798736572,0.4010449945926666,11510081.0,0.31993572928460173,0.0,0.056702063714686425
2022-11-15,0.45542800426483154,0.4607990086078644,0.47725000977516174,0.4462999999523163,7250014.0,0.3430101358257358,0.0,0.056702063714686425
2022-11-16,0.4413059949874878,0.4544540047645569,0.4697340130805969,0.43026500940322876,5036815.0,0.3950836384282193,0.0,0.056702063714686425
2022-11-17,0.4562239944934845,0.4410629868507385,0.4708369970321655,0.43590500950813293,5711121.0,0.35779842695906056,0.0,0.056702063714686425
2022-11-18,0.4746820032596588,0.45611000061035156,0.48722898960113525,0.4560610055923462,4601476.0,0.3120319123717025,0.0,0.056702063714686425
2022-11-19,0.46028798818588257,0.4746370017528534,0.4754810035228729,0.45841899514198303,2624188.0,0.36105725075544626,0.0,0.056702063714686425
2022-11-20,0.439316987991333,0.45934200286865234,0.4695819914340973,0.4346790015697479,4338899.0,0.4350555763985444,0.0,0.056702063714686425
2022-11-21,0.43396899104118347,0.43935298919677734,0.4707370102405548,0.41941699385643005,4723869.0,0.4628548675943111,0.0,0.056702063714686425
2022-11-22,0.4421580135822296,0.4338879883289337,0.44405800104141235,0.4197610020637512,2903665.0,0.4441727135440959,0.0,0.056702063714686425
2022-11-23,0.4584900140762329,0.4421280026435852,0.4645349979400635,0.43891701102256775,3813959.0,0.40083398879574356,0.0,0.056702063714686425
2022-11-24,0.4528059959411621,0.4583669900894165,0.45955199003219604,0.4446749985218048,2534454.0,0.42600095521658066,0.0,0.056702063714686425
2022-11-25,0.4454219937324524,0.45253899693489075,0.4533739984035492,0.43949899077415466,2467629.0,0.45607102371620717,0.0,0.056702063714686425
2022-11-26,0.45143601298332214,0.4454450011253357,0.45818600058555603,0.4437960088253021,2960560.0,0.4422902771346781,0.0,0.056702063714686425
2022-11-27,0.5191550254821777,0.4514389932155609,0.7499729990959167,0.4514389932155609,71565388.0,0.25771854794398275,0.0,0.056702063714686425
2022-11-28,0.5149229764938354,0.5190169811248779,0.5684580206871033,0.5021730065345764,28535253.0,0.2715978229141846,0.0,0.056702063714686425
2022-11-29,0.5233820080757141,0.5149440169334412,0.5432310104370117,0.5120289921760559,8123013.0,0.25400101268580705,0.0,0.056702063714686425
2022-11-30,0.5559939742088318,0.5233569741249084,0.5681059956550598,0.5196899771690369,8722987.0,0.18197299787126806,0.0,0.056702063714686425
2022-12-01,0.5569459795951843,0.5561910271644592,0.5906360149383545,0.5371909737586975,11505124.0,0.18120816776977766,0.0,0.056702063714686425
2022-12-02,0.5427839756011963,0.5577639937400818,0.5601189732551575,0.5357360243797302,8322709.0,0.2134392400095133,0.0,0.056702063714686425
2022-12-03,0.5308039784431458,0.5429710149765015,0.5452119708061218,0.5281029939651489,4231880.0,0.2421731248037066,0.0,0.056702063714686425
2022-12-04,0.5576369762420654,0.5308529734611511,0.5903630256652832,0.5301160216331482,11881086.0,0.18397927021322813,0.0,0.056702063714686425
2022-12-05,0.5377470254898071,0.5574830174446106,0.5643690228462219,0.5343189835548401,5493362.0,0.23039350297171057,0.0,0.056702063714686425
2022-12-06,0.5333769917488098,0.5372250080108643,0.5441240072250366,0.5230079889297485,5079956.0,0.24329886401394085,0.0,0.056702063714686425
2022-12-07,0.5188969969749451,0.5331699848175049,0.5343850255012512,0.504360020160675,4531454.0,0.2803032424393791,0.0,0.056702063714686425
2022-12-08,0.5292569994926453,0.5189499855041504,0.5393339991569519,0.5095530152320862,5161731.0,0.2576115233128138,0.0,0.056702063714686425
2022-12-09,0.5134230256080627,0.5292249917984009,0.531902015209198,0.5121719837188721,4116095.0,0.29993652503503504,0.0,0.056702063714686425
2022-12-10,0.5101490020751953,0.5134649872779846,0.5203229784965515,0.5060830116271973,4508830.0,0.31139456616868044,0.0,0.056702063714686425
2022-12-11,0.5133429765701294,0.5101220011711121,0.5304909944534302,0.5095880031585693,4301168.0,0.30603376879182204,0.0,0.056702063714686425
2022-12-12,0.492372989654541,0.5139300227165222,0.5147050023078918,0.4820370078086853,5644502.0,0.3642998486712581,0.0,0.056702063714686425
2022-12-13,0.5014100074768066,0.49250999093055725,0.5146819949150085,0.47400999069213867,7828254.0,0.34247075799944326,0.0,0.056702063714686425
2022-12-14,0.49636998772621155,0.5014349818229675,0.5078949928283691,0.49204400181770325,5451825.0,0.3584207134463781,0.0,0.056702063714686425
2022-12-15,0.4748159945011139,0.49638599157333374,0.49638599157333374,0.47422799468040466,3352026.0,0.4232969582194705,0.0,0.056702063714686425
2022-12-16,0.43535101413726807,0.47475001215934753,0.4924260079860687,0.4311999976634979,4352256.0,0.5563161957911211,0.0,0.056702063714686425
2022-12-17,0.46981701254844666,0.4361039996147156,0.5017780065536499,0.4297980070114136,15139056.0,0.4447361666364991,0.0,0.056702063714686425
2022-12-18,0.45604801177978516,0.4697659909725189,0.47936901450157166,0.44834500551223755,5951864.0,0.4923117642946146,0.0,0.056702063714686425
2022-12-19,0.4323729872703552,0.45599499344825745,0.4581260085105896,0.4258440136909485,3659057.0,0.5783055617320553,0.0,0.056702063714686425
2022-12-20,0.452894002199173,0.4324600100517273,0.45794999599456787,0.43206098675727844,3942164.0,0.5104895778056835,0.0,0.056702063714686425
2022-12-21,0.4434399902820587,0.4526459872722626,0.45351600646972656,0.4366909861564636,2689000.0,0.5472864322922407,0.0,0.056702063714686425
2022-12-22,0.4469279944896698,0.4434880018234253,0.45242398977279663,0.4395659863948822,3469121.0,0.538993007083795,0.0,0.056702063714686425
2022-12-23,0.4572199881076813,0.44751301407814026,0.4717389941215515,0.4461050033569336,5041049.0,0.5079334486145443,0.0,0.056702063714686425
2022-12-24,0.456959992647171,0.45605599880218506,0.46447399258613586,0.45491498708724976,3025453.0,0.5124379394953821,0.0,0.056702063714686425
2022-12-25,0.4647569954395294,0.4570710062980652,0.47639200091362,0.456153005361557,4243444.0,0.490096720633358,0.0,0.056702063714686425
2022-12-26,0.46367499232292175,0.4647490084171295,0.47113698720932007,0.45786499977111816,3340984.0,0.49708211496245086,0.0,0.056702063714686425
2022-12-27,0.460332989692688,0.46361300349235535,0.47324299812316895,0.45958301424980164,4023210.0,0.5123086871937752,0.0,0.056702063714686425
2022-12-28,0.44431599974632263,0.46025601029396057,0.46229100227355957,0.4416410028934479,3302366.0,0.5717387429048255,0.0,0.056702063714686425
2022-12-29,0.46594101190567017,0.4444119930267334,0.48692598938941956,0.4424859881401062,7416349.0,0.502597135726915,0.0,0.056702063714686425
2022-12-30,0.46623700857162476,0.4659329950809479,0.4927380084991455,0.45809999108314514,5519991.0,0.5048414871972126,0.0,0.056702063714686425
2022-12-31,0.46383199095726013,0.46628299355506897,0.46999698877334595,0.462677001953125,2604666.0,0.515888341383629,0.0,0.056702063714686425
2023-01-01,0.49783799052238464,0.4638819992542267,0.5159800052642822,0.46291500329971313,8988430.0,0.41479934820967995,0.0,0.056702063714686425
2023-01-02,0.5055670142173767,0.4976550042629242,0.5141239762306213,0.49369800090789795,6471603.0,0.3958176750875502,0.0,0.056702063714686425
2023-01-03,0.4951440095901489,0.5052670240402222,0.506089985370636,0.48505699634552,3699944.0,0.42805628946664265,0.0,0.056702063714686425
2023-01-04,0.5102319717407227,0.4951379895210266,0.5214570164680481,0.4944539964199066,5020289.0,0.38813683163815543,0.0,0.056702063714686425
2023-01-05,0.5087339878082275,0.5101180076599121,0.5217670202255249,0.5027109980583191,3818073.0,0.39470659843079453,0.0,0.056702063714686425
2023-01-06,0.508653998374939,0.5095099806785583,0.5117959976196289,0.4863030016422272,4922482.0,0.3985665268373867,0.0,0.056702063714686425
2023-01-07,0.4959399998188019,0.508650004863739,0.5095250010490417,0.49391499161720276,3425595.0,0.4395065838583326,0.0,0.056702063714686425
2023-01-08,0.5082820057868958,0.49592098593711853,0.509581983089447,0.4926519989967346,3154107.0,0.40885278139556075,0.0,0.056702063714686425
2023-01-09,0.5243290066719055,0.5082610249519348,0.5466269850730896,0.5082610249519348,6997928.0,0.3691419796697478,0.0,0.056702063714686425
2023-01-10,0.5360829830169678,0.5242679715156555,0.5401970148086548,0.5146980285644531,5214300.0,0.34243773987416803,0.0,0.056702063714686425
2023-01-11,0.5331190228462219,0.5362669825553894,0.5424259901046753,0.515841007232666,5539606.0,0.35184367514411496,0.0,0.056702063714686425
2023-01-12,0.5391150116920471,0.5398120284080505,0.5450869798660278,0.5214840173721313,6762962.0,0.33821914121777924,0.0,0.056702063714686425
2023-01-13,0.5749109983444214,0.5390880107879639,0.5853980183601379,0.5344949960708618,11073135.0,0.2553528327265808,0.0,0.056702063714686425
2023-01-14,0.5882740020751953,0.5748220086097717,0.6105579733848572,0.5604810118675232,14095332.0,0.22754363636514016,0.0,0.056702063714686425
2023-01-15,0.5898380279541016,0.5884510278701782,0.5972729921340942,0.5625420212745667,7988179.0,0.22465188423022367,0.0,0.056702063714686425
2023-01-16,0.6526119709014893,0.5898110270500183,0.6951670050621033,0.5845289826393127,29334214.0,0.1061524556009329,0.0,0.056702063714686425
2023-01-17,0.6298289895057678,0.6523709893226624,0.6566290259361267,0.625868022441864,11948514.0,0.14587423875987995,0.0,0.056702063714686425
2023-01-18,0.5755509734153748,0.6297699809074402,0.6511520147323608,0.5649759769439697,17350958.0,0.25444389680861446,0.0,0.056702063714686425
2023-01-19,0.6540679931640625,0.5755490064620972,0.6714580059051514,0.5755490064620972,18217510.0,0.1032727537897814,0.0,0.056702063714686425
2023-01-20,0.6753029823303223,0.6535379886627197,0.6837610006332397,0.6272339820861816,13146104.0,0.06744973303839902,0.0,0.056702063714686425
2023-01-21,0.6611629724502563,0.6752700209617615,0.7052379846572876,0.6570320129394531,11974574.0,0.08925159987036327,0.0,0.056702063714686425
2023-01-22,0.6518549919128418,0.6613339781761169,0.6831430196762085,0.6352670192718506,12801679.0,0.10405223106887462,0.0,0.056702063714686425
2023-01-23,0.6689090132713318,0.6522390246391296,0.6735829710960388,0.6515629887580872,9047009.0,0.07459582873054213,0.0,0.056702063714686425
2023-01-24,0.6386799812316895,0.6688780188560486,0.6787390112876892,0.630137026309967,9590930.0,0.12471255979316252,0.0,0.056702063714686425
2023-01-25,0.6512249708175659,0.6389930248260498,0.6658629775047302,0.6141579747200012,10930303.0,0.10187331450993517,0.0,0.056702063714686425
2023-01-26,0.6806210279464722,0.6509659886360168,0.7089759707450867,0.6472920179367065,17471325.0,0.052682334895021596,0.0,0.056702063714686425
2023-01-27,0.8069760203361511,0.6806390285491943,0.8447459936141968,0.6589450240135193,68834911.0,-0.11509094717642883,0.0,0.056702063714686425
2023-01-28,0.9269070029258728,0.8064200282096863,1.0919619798660278,0.7915440201759338,139416532.0,-0.2338164079182821,0.0,0.056702063714686425
2023-01-29,0.9218379855155945,0.9267029762268066,0.9958680272102356,0.8892530202865601,61086694.0,-0.23383362943729138,0.0,0.056702063714686425
2023-01-30,0.8752210140228271,0.9226679801940918,1.0115350484848022,0.8241909742355347,56783203.0,-0.19723641451367718,0.0,0.056702063714686425
2023-01-31,0.9039139747619629,0.8752340078353882,0.936456024646759,0.863090991973877,37853075.0,-0.22721770875897554,0.0,0.056702063714686425
2023-02-01,0.938552975654602,0.9043130278587341,0.9696109890937805,0.8647469878196716,43150512.0,-0.26039369072936075,0.0,0.056702063714686425
2023-02-02,0.9268140196800232,0.9387549757957458,0.9831050038337708,0.9114779829978943,29800759.0,-0.25591117253627954,0.0,0.056702063714686425
2023-02-03,0.9876139760017395,0.9267719984054565,1.0450010299682617,0.8937739729881287,49741206.0,-0.3068366682387503,0.0,0.056702063714686425
2023-02-04,0.9697350263595581,0.9877849817276001,1.024757981300354,0.9469990134239197,25542543.0,-0.29907206938291875,0.0,0.056702063714686425
2023-02-05,0.9195240139961243,0.9696679711341858,0.9734500050544739,0.886260986328125,29344740.0,-0.2653784450429187,0.0,0.056702063714686425
2023-02-06,0.9083219766616821,0.9195399880409241,0.9435679912567139,0.8859840035438538,25216482.0,-0.26091095256587754,0.0,0.056702063714686425
2023-02-07,0.9427890181541443,0.9081140160560608,0.9530419707298279,0.9081140160560608,29116221.0,-0.2927034433685122,0.0,0.056702063714686425
2023-02-08,0.91280198097229,0.9423360228538513,0.9883919954299927,0.903207004070282,33916199.0,-0.27394572181258475,0.0,0.056702063714686425
2023-02-09,0.7684569954872131,0.9129909873008728,0.9169399738311768,0.7489380240440369,33721203.0,-0.1412335454316232,0.0,0.056702063714686425
2023-02-10,0.8039320111274719,0.7684370279312134,0.816398024559021,0.7528240084648132,25119721.0,-0.18305772203493106,0.0,0.056702063714686425
2023-02-11,0.8414660096168518,0.8036879897117615,0.8523640036582947,0.7831190228462219,16015976.0,-0.2236618189979186,0.0,0.056702063714686425
2023-02-12,0.7829310297966003,0.8414120078086853,0.8435919880867004,0.7635509967803955,15862518.0,-0.1695186485946508,0.0,0.056702063714686425
2023-02-13,0.7497599720954895,0.7834200263023376,0.7966169714927673,0.7144820094108582,16430556.0,-0.1364285398320524,0.0,0.056702063714686425
2023-02-14,0.7846999764442444,0.7496230006217957,0.8052930235862732,0.7480210065841675,21705594.0,-0.17868879184012215,0.0,0.056702063714686425
2023-02-15,0.8686910271644592,0.7851740121841431,0.8811659812927246,0.7705579996109009,27751692.0,-0.262637918407975,0.0,0.056702063714686425
2023-02-16,0.806102991104126,0.8685359954833984,0.8904479742050171,0.8005390167236328,31248852.0,-0.2095473788506956,0.0,0.056702063714686425
2023-02-17,0.9061539769172668,0.8068159818649292,0.9490259885787964,0.8050619959831238,34516153.0,-0.3016190653127778,0.0,0.056702063714686425
2023-02-18,0.9024649858474731,0.9059140086174011,0.9352980256080627,0.8827130198478699,26985493.0,-0.30343478984040534,0.0,0.056702063714686425
2023-02-19,0.8570430278778076,0.9024080038070679,0.9175230264663696,0.8540890216827393,21375739.0,-0.2704985631733885,0.0,0.056702063714686425
2023-02-20,0.8815129995346069,0.8574860095977783,0.8980029821395874,0.8510040044784546,21274791.0,-0.2949994249578922,0.0,0.056702063714686425
2023-02-21,0.8320469856262207,0.8811569809913635,0.8844709992408752,0.8135020136833191,20917220.0,-0.25589193063887133,0.0,0.056702063714686425
2023-02-22,0.834712028503418,0.8319519758224487,0.8424990177154541,0.7742379903793335,22461773.0,-0.2617977298107515,0.0,0.056702063714686425
2023-02-23,0.8287659883499146,0.8347839713096619,0.8797670006752014,0.819927990436554,25791833.0,-0.26034014976809977,0.0,0.056702063714686425
2023-02-24,0.8017780184745789,0.8287180066108704,0.8500279784202576,0.7881850004196167,18331746.0,-0.23888333613625146,0.0,0.056702063714686425
2023-02-25,0.820963978767395,0.8018500208854675,0.8267340064048767,0.7902820110321045,13210607.0,-0.2602760058841814,0.0,0.056702063714686425
2023-02-26,0.8279839754104614,0.8209310173988342,0.8341699838638306,0.8113279938697815,9761030.0,-0.2701075114979676,0.0,0.056702063714686425
2023-02-27,0.8641260266304016,0.8280850052833557,0.8702690005302429,0.8105670213699341,19079222.0,-0.30507929248011406,0.0,0.056702063714686425
2023-02-28,0.8066089749336243,0.8639490008354187,0.8881549835205078,0.7969020009040833,23684009.0,-0.2593767052904994,0.0,0.056702063714686425
2023-03-01,0.8226439952850342,0.8067079782485962,0.8315719962120056,0.8027700185775757,11994197.0,-0.2785041069635015,0.0,0.056702063714686425
2023-03-02,0.789277970790863,0.8228809833526611,0.8228809833526611,0.7637709975242615,12779402.0,-0.25217016938409925,0.0,0.056702063714686425
2023-03-03,0.7261210083961487,0.789385974407196,0.7933120131492615,0.7193419933319092,14276688.0,-0.1910317297345284,0.0,0.056702063714686425
2023-03-04,0.6999359726905823,0.7261059880256653,0.7343680262565613,0.6877139806747437,8363237.0,-0.1649726461863902,0.0,0.056702063714686425
2023-03-05,0.7003700137138367,0.7004600167274475,0.724373996257782,0.6953849792480469,7408365.0,-0.1697355916380487,0.0,0.056702063714686425
2023-03-06,0.6936780214309692,0.7004579901695251,0.7097820043563843,0.6886410117149353,8257368.0,-0.1656031527679607,0.0,0.056702063714686425
2023-03-07,0.67495197057724,0.6937540173530579,0.705560028553009,0.6618279814720154,10679166.0,-0.1462481265891254,0.0,0.056702063714686425
2023-03-08,0.6391270160675049,0.67494797706604,0.6761860251426697,0.6322699785232544,10587150.0,-0.10222067767627283,0.0,0.056702063714686425
2023-03-09,0.6254749894142151,0.6390479803085327,0.6809030175209045,0.6158499717712402,15591031.0,-0.08625006041265995,0.0,0.056702063714686425
2023-03-10,0.6178749799728394,0.6253820061683655,0.6253820061683655,0.582414984703064,15709335.0,-0.0785091143295277,0.0,0.056702063714686425
2023-03-11,0.6008800268173218,0.6180629730224609,0.6304799914360046,0.5815979838371277,10273855.0,-0.05551498231263798,0.0,0.056702063714686425
2023-03-12,0.6438949704170227,0.6010289788246155,0.6471520066261292,0.597652018070221,11718565.0,-0.12241562881430477,0.0,0.056702063714686425
2023-03-13,0.6759099960327148,0.6437979936599731,0.6915090084075928,0.6235100030899048,23404311.0,-0.16794564380321275,0.0,0.056702063714686425
2023-03-14,0.6810200214385986,0.6759529709815979,0.723380982875824,0.6524029970169067,24710852.0,-0.17804586337993214,0.0,0.056702063714686425
2023-03-15,0.6363499760627747,0.6810060143470764,0.7037010192871094,0.6258739829063416,18412690.0,-0.12341480353435792,0.0,0.056702063714686425
2023-03-16,0.6521679759025574,0.636709988117218,0.6553009748458862,0.6316310167312622,10530802.0,-0.14793513569705324,0.0,0.056702063714686425
2023-03-17,0.6915519833564758,0.6522939801216125,0.6925010085105896,0.6463099718093872,16554689.0,-0.19970130069005765,0.0,0.056702063714686425
2023-03-18,0.6658989787101746,0.6923509836196899,0.7095699906349182,0.6643620133399963,15549120.0,-0.17196262139609764,0.0,0.056702063714686425
2023-03-19,0.6541330218315125,0.6656299829483032,0.679315984249115,0.6343929767608643,17621052.0,-0.16000618353791807,0.0,0.056702063714686425
2023-03-20,0.6198840141296387,0.6541129946708679,0.6574770212173462,0.618569016456604,15060672.0,-0.11615779739935092,0.0,0.056702063714686425
2023-03-21,0.6370300054550171,0.6202080249786377,0.6376839876174927,0.6014270186424255,10937778.0,-0.14257005707802514,0.0,0.056702063714686425
2023-03-22,0.6091679930686951,0.6373059749603271,0.6396729946136475,0.5981289744377136,15549813.0,-0.10622975937153258,0.0,0.056702063714686425
2023-03-23,0.6242550015449524,0.6089320182800293,0.6288110017776489,0.604885995388031,10670919.0,-0.1308332793036145,0.0,0.056702063714686425
2023-03-24,0.6058390140533447,0.6242989897727966,0.6264510154724121,0.5936030149459839,9513804.0,-0.10694255860193143,0.0,0.056702063714686425
2023-03-25,0.5891609787940979,0.605866014957428,0.6085219979286194,0.5866310000419617,9356959.0,-0.08387567648845144,0.0,0.056702063714686425
2023-03-26,0.6328579783439636,0.5891469717025757,0.6423940062522888,0.5869449973106384,12914845.0,-0.14998059776229541,0.0,0.056702063714686425
2023-03-27,0.6137589812278748,0.6327940225601196,0.6705089807510376,0.5959619879722595,28651094.0,-0.12606128729882893,0.0,0.056702063714686425
2023-03-28,0.6170420050621033,0.6140829920768738,0.6182129979133606,0.5957769751548767,11326247.0,-0.1334971888179426,0.0,0.056702063714686425
2023-03-29,0.6430670022964478,0.617093026638031,0.6432510018348694,0.613897979259491,11822986.0,-0.171810171368794,0.0,0.056702063714686425
2023-03-30,0.6125850081443787,0.6432480216026306,0.6460390090942383,0.601826012134552,10919916.0,-0.13381454514859317,0.0,0.056702063714686425
2023-03-31,0.6177690029144287,0.6125209927558899,0.6205459833145142,0.5979639887809753,8129667.0,-0.1442136747636872,0.0,0.056702063714686425
2023-04-01,0.6202589869499207,0.6174119710922241,0.6246629953384399,0.6055409908294678,7290562.0,-0.15097409343315152,0.0,0.056702063714686425
2023-04-02,0.6028630137443542,0.6223070025444031,0.6243320107460022,0.5958009958267212,7090483.0,-0.12965168888025466,0.0,0.056702063714686425
2023-04-03,0.623088002204895,0.6029080152511597,0.6273170113563538,0.5868260264396667,15281577.0,-0.16137217128327588,0.0,0.056702063714686425
2023-04-04,0.6569250226020813,0.6230980157852173,0.7067009806632996,0.6185089945793152,35457482.0,-0.20850489724809776,0.0,0.056702063714686425
2023-04-05,0.6582589745521545,0.6568819880485535,0.6714730262756348,0.6426640152931213,15907244.0,-0.21377625459943048,0.0,0.056702063714686425
2023-04-06,0.6396909952163696,0.6582210063934326,0.6639829874038696,0.6338250041007996,7869267.0,-0.1940814703725283,0.0,0.056702063714686425
2023-04-07,0.612371027469635,0.6397190093994141,0.6432539820671082,0.6114439964294434,6620942.0,-0.1613166128431378,0.0,0.056702063714686425
2023-04-08,0.6112939715385437,0.6120579838752747,0.6256589889526367,0.6065570116043091,6575067.0,-0.16303940034680867,0.0,0.056702063714686425
2023-04-09,0.6177269816398621,0.6113079786300659,0.6219189763069153,0.60350501537323,6340305.0,-0.1751688960314183,0.0,0.056702063714686425
2023-04-10,0.6367409825325012,0.6176109910011292,0.6404399871826172,0.6129670143127441,7576672.0,-0.20334979131865358,0.0,0.056702063714686425
2023-04-11,0.6337299942970276,0.6368150115013123,0.6482920050621033,0.6322230100631714,7961860.0,-0.20304051060404973,0.0,0.056702063714686425
2023-04-12,0.625702977180481,0.6339979767799377,0.6357470154762268,0.61319899559021,9090737.0,-0.19634804878336032,0.0,0.056702063714686425
2023-04-13,0.6324939727783203,0.6246979832649231,0.643110990524292,0.6180819869041443,8284407.0,-0.2086089459395904,0.0,0.056702063714686425
2023-04-14,0.6901310086250305,0.6324520111083984,0.6937360167503357,0.6324520111083984,18414214.0,-0.278824978184849,0.0,0.056702063714686425
2023-04-15,0.7431390285491943,0.6907399892807007,0.832360029220581,0.6832119822502136,96398379.0,-0.33483718405046,0.0,0.056702063714686425
2023-04-16,0.7224730253219604,0.7429429888725281,0.7459830045700073,0.7096700072288513,19730226.0,-0.3201122058312772,0.0,0.056702063714686425
2023-04-17,0.6993899941444397,0.7225800156593323,0.7236999869346619,0.6829739809036255,16439433.0,-0.3020780445866813,0.0,0.056702063714686425
2023-04-18,0.7102460265159607,0.6995519995689392,0.7236199975013733,0.6855329871177673,13473412.0,-0.3171998245315486,0.0,0.056702063714686425
2023-04-19,0.6346030235290527,0.710237979888916,0.710237979888916,0.6292139887809753,17566409.0,-0.2395836590334145,0.0,0.056702063714686425
2023-04-20,0.6136389970779419,0.6345549821853638,0.6460520029067993,0.6120929718017578,14348018.0,-0.21715529501371544,0.0,0.056702063714686425
2023-04-21,0.6005989909172058,0.6137120127677917,0.6280869841575623,0.5990390181541443,11431748.0,-0.20333493584858411,0.0,0.056702063714686425
2023-04-22,0.6290280222892761,0.6006630063056946,0.6385790109634399,0.5988590121269226,8862237.0,-0.2428573761714425,0.0,0.056702063714686425
2023-04-23,0.610834002494812,0.6291319727897644,0.6402410268783569,0.6003260016441345,11021748.0,-0.22373123674489706,0.0,0.056702063714686425
2023-04-24,0.6077359914779663,0.6109399795532227,0.6179310083389282,0.6000980138778687,8743336.0,-0.22332821637987868,0.0,0.056702063714686425
2023-04-25,0.611844003200531,0.6076110005378723,0.61667400598526,0.5927320122718811,10168298.0,-0.2321719327006503,0.0,0.056702063714686425
2023-04-26,0.6041269898414612,0.6119139790534973,0.634984016418457,0.589273989200592,14998844.0,-0.22613631705313825,0.0,0.056702063714686425
2023-04-27,0.6167290210723877,0.6042019724845886,0.6240249872207642,0.6031829714775085,11446376.0,-0.24582900235794358,0.0,0.056702063714686425
2023-04-28,0.6004890203475952,0.6167470216751099,0.6209779977798462,0.5923669934272766,10050105.0,-0.22916941278041514,0.0,0.056702063714686425
2023-04-29,0.594605028629303,0.6004499793052673,0.6067630052566528,0.594605028629303,6871229.0,-0.225329924540189,0.0,0.056702063714686425
2023-04-30,0.6037499904632568,0.5945960283279419,0.6254900097846985,0.5912110209465027,14159778.0,-0.2407858450769487,0.0,0.056702063714686425
2023-05-01,0.5831469893455505,0.6035379767417908,0.6055809855461121,0.5757570266723633,10059756.0,-0.21718214438557792,0.0,0.056702063714686425
2023-05-02,0.5920869708061218,0.5829660296440125,0.5946919918060303,0.5764729976654053,8691895.0,-0.2323214832792348,0.0,0.056702063714686425
2023-05-03,0.57635498046875,0.5920619964599609,0.5926880240440369,0.5598750114440918,12337508.0,-0.2145234789637057,0.0,0.056702063714686425
2023-05-04,0.5738319754600525,0.5772709846496582,0.5970289707183838,0.5729770064353943,9355681.0,-0.21361386496937143,0.0,0.056702063714686425
2023-05-05,0.5739960074424744,0.5738850235939026,0.5808899998664856,0.5635719895362854,9032545.0,-0.21676764640937743,0.0,0.056702063714686425
2023-05-06,0.542801022529602,0.5740090012550354,0.5815939903259277,0.5322549939155579,11259857.0,-0.17429606975862844,0.0,0.056702063714686425
2023-05-07,0.5396699905395508,0.5427629947662354,0.5697020292282104,0.5392289757728577,9556049.0,-0.17200220897445626,0.0,0.056702063714686425
2023-05-08,0.5140219926834106,0.5395749807357788,0.543412983417511,0.4916679859161377,13205984.0,-0.13282442848712045,0.0,0.056702063714686425
2023-05-09,0.5053629875183105,0.5140060186386108,0.5192409753799438,0.49950000643730164,7447081.0,-0.12041132585539359,0.0,0.056702063714686425
2023-05-10,0.5103899836540222,0.5052760243415833,0.5188080072402954,0.4870539903640747,12607011.0,-0.1321038555242343,0.0,0.056702063714686425
2023-05-11,0.4830949902534485,0.5103970170021057,0.510578989982605,0.4770050048828125,8822525.0,-0.08651666364295585,0.0,0.056702063714686425
2023-05-12,0.4923059940338135,0.48304998874664307,0.49604299664497375,0.47142401337623596,10830027.0,-0.10711550899869517,0.0,0.056702063714686425
2023-05-13,0.4931190013885498,0.49231600761413574,0.49794599413871765,0.48476600646972656,7854306.0,-0.11209322302168054,0.0,0.056702063714686425
2023-05-14,0.5067279934883118,0.4931190013885498,0.515861988067627,0.48797500133514404,6434218.0,-0.13958310680728253,0.0,0.056702063714686425
2023-05-15,0.49953100085258484,0.5068309903144836,0.5133950114250183,0.49470099806785583,7101738.0,-0.13099013688299396,0.0,0.056702063714686425
2023-05-16,0.5018479824066162,0.499549001455307,0.503931999206543,0.49336299300193787,6250015.0,-0.13893753933903222,0.0,0.056702063714686425
2023-05-17,0.5122129917144775,0.5019130110740662,0.5122990012168884,0.4902459979057312,6975284.0,-0.16037915731603106,0.0,0.056702063714686425
2023-05-18,0.4922249913215637,0.5122159719467163,0.5122159719467163,0.48735401034355164,7430001.0,-0.13012630653469406,0.0,0.056702063714686425
2023-05-19,0.4943459928035736,0.4922749996185303,0.4965150058269501,0.4870449900627136,5428422.0,-0.13740187100895582,0.0,0.056702063714686425
2023-05-20,0.498088002204895,0.49440300464630127,0.5025730133056641,0.4900769889354706,5457519.0,-0.14757006722617533,0.0,0.056702063714686425
2023-05-21,0.48377901315689087,0.4981369972229004,0.5006030201911926,0.4786219894886017,6410031.0,-0.12592847705628155,0.0,0.056702063714686425
2023-05-22,0.48140600323677063,0.4837380051612854,0.48920801281929016,0.47613900899887085,6323253.0,-0.12520358742027576,0.0,0.056702063714686425
2023-05-23,0.49183401465415955,0.48124200105667114,0.49422699213027954,0.4781219959259033,8392243.0,-0.1472700775179634,0.0,0.056702063714686425
2023-05-24,0.4822709858417511,0.4918000102043152,0.49468499422073364,0.4727579951286316,9543722.0,-0.13388286830956037,0.0,0.056702063714686425
2023-05-25,0.47745001316070557,0.4822539985179901,0.48780301213264465,0.4730139970779419,8031940.0,-0.1287430495771636,0.0,0.056702063714686425
2023-05-26,0.4802890121936798,0.4774250090122223,0.4907369911670685,0.47518599033355713,9544142.0,-0.1376832399210093,0.0,0.056702063714686425
2023-05-27,0.4893999993801117,0.48035699129104614,0.4921729862689972,0.4787389934062958,6570135.0,-0.15756876392893604,0.0,0.056702063714686425
2023-05-28,0.5227069854736328,0.48955199122428894,0.5296609997749329,0.4859209954738617,24327482.0,-0.21548635053421478,0.0,0.056702063714686425
2023-05-29,0.5143120288848877,0.5227130055427551,0.5407029986381531,0.5034459829330444,15627348.0,-0.20654107710243041,0.0,0.056702063714686425
2023-05-30,0.6032860279083252,0.5143089890480042,0.6850119829177856,0.5011270046234131,97224574.0,-0.3282927632405376,0.0,0.056702063714686425
2023-05-31,0.5459489822387695,0.6033400297164917,0.6777470111846924,0.5293809771537781,64474739.0,-0.2614504657386136,0.0,0.056702063714686425
2023-06-01,0.5169900059700012,0.5460230112075806,0.5489410161972046,0.5136330127716064,17507819.0,-0.2229305253977953,0.0,0.056702063714686425
2023-06-02,0.5314630270004272,0.516979992389679,0.5320420265197754,0.5059559941291809,18129643.0,-0.2475761090408639,0.0,0.056702063714686425
2023-06-03,0.5308979749679565,0.5316939949989319,0.5798100233078003,0.5169879794120789,26447709.0,-0.25048951006170317,0.0,0.056702063714686425
2023-06-04,0.5391319990158081,0.530580997467041,0.5561450123786926,0.5291209816932678,15901901.0,-0.2659364630615258,0.0,0.056702063714686425
2023-06-05,0.4877850115299225,0.5393480062484741,0.5398749709129333,0.46132901310920715,21661142.0,-0.1922993635632971,0.0,0.056702063714686425
2023-06-06,0.502252995967865,0.4877319931983948,0.5054460167884827,0.4714150130748749,14227391.0,-0.21930362998810082,0.0,0.056702063714686425
2023-06-07,0.4444490075111389,0.5021950006484985,0.5022389888763428,0.4385620057582855,13734952.0,-0.12057697018826173,0.0,0.056702063714686425
2023-06-08,0.46698999404907227,0.4443820118904114,0.4746040105819702,0.4324699938297272,12252790.0,-0.16626785317572787,0.0,0.056702063714686425
2023-06-09,0.44811901450157166,0.4668689966201782,0.4719420075416565,0.44550299644470215,9874065.0,-0.1340432793706788,0.0,0.056702063714686425
2023-06-10,0.4115050137042999,0.44811201095581055,0.44811201095581055,0.38422301411628723,20512253.0,-0.05920485963472275,0.0,0.056702063714686425
2023-06-11,0.4089779853820801,0.4114539921283722,0.42036598920822144,0.4040069878101349,9632077.0,-0.05573257090880737,0.0,0.056702063714686425
2023-06-12,0.43010300397872925,0.40891000628471375,0.434457004070282,0.40034300088882446,10977620.0,-0.1048101444440313,0.0,0.056702063714686425
2023-06-13,0.4239499866962433,0.43013501167297363,0.434237003326416,0.413783997297287,9430585.0,-0.09423634640081716,0.0,0.056702063714686425
2023-06-14,0.3993709981441498,0.42395099997520447,0.425258994102478,0.3982299864292145,9786898.0,-0.04023300877943049,0.0,0.056702063714686425
2023-06-15,0.40328100323677063,0.39939001202583313,0.4066939949989319,0.3888480067253113,9472920.0,-0.05156612008102387,0.0,0.056702063714686425
2023-06-16,0.4060409963130951,0.40329599380493164,0.4110020101070404,0.3953399956226349,8169607.0,-0.06008706869850928,0.0,0.056702063714686425
2023-06-17,0.42017000913619995,0.40604299306869507,0.42255300283432007,0.4060400128364563,6704887.0,-0.09398268025330826,0.0,0.056702063714686425
2023-06-18,0.40379300713539124,0.4201590120792389,0.42036399245262146,0.4030340015888214,5469501.0,-0.05931617546566897,0.0,0.056702063714686425
2023-06-19,0.41343599557876587,0.4038020074367523,0.41452500224113464,0.40267500281333923,5928623.0,-0.08346258033135888,0.0,0.056702063714686425
2023-06-20,0.42361000180244446,0.41354599595069885,0.4237929880619049,0.40082600712776184,8298372.0,-0.10793537059155836,0.0,0.056702063714686425
2023-06-21,0.44502899050712585,0.42364799976348877,0.4515269994735718,0.42166000604629517,16556162.0,-0.15376923329810793,0.0,0.056702063714686425
2023-06-22,0.44386398792266846,0.44495201110839844,0.46091699600219727,0.4399909973144531,13659710.0,-0.15432124146604637,0.0,0.056702063714686425
2023-06-23,0.47190800309181213,0.44389399886131287,0.4870840013027191,0.4424630105495453,13994621.0,-0.20781565606029398,0.0,0.056702063714686425
2023-06-24,0.46412599086761475,0.47210198640823364,0.48924699425697327,0.4550279974937439,10353330.0,-0.19753136491618753,0.0,0.056702063714686425
2023-06-25,0.4658209979534149,0.4640820026397705,0.47990500926971436,0.4623979926109314,8748144.0,-0.2034014179503791,0.0,0.056702063714686425
2023-06-26,0.4642559885978699,0.46580299735069275,0.47102901339530945,0.44939500093460083,10293369.0,-0.2036101330003113,0.0,0.056702063714686425
2023-06-27,0.47326698899269104,0.4644159972667694,0.47939398884773254,0.4643140137195587,9262122.0,-0.22193581986671648,0.0,0.056702063714686425
2023-06-28,0.43743500113487244,0.47320500016212463,0.47320500016212463,0.43377599120140076,9090160.0,-0.16040851103274614,0.0,0.056702063714686425
2023-06-29,0.44054898619651794,0.4374549984931946,0.45254600048065186,0.4337480068206787,8178315.0,-0.168891909650146,0.0,0.056702063714686425
2023-06-30,0.4556410014629364,0.4405440092086792,0.4634369909763336,0.4250960052013397,14589002.0,-0.19914725419299387,0.0,0.056702063714686425
2023-07-01,0.4613359868526459,0.4557029902935028,0.46345001459121704,0.44568300247192383,7982799.0,-0.2118908273908692,0.0,0.056702063714686425
2023-07-02,0.45614999532699585,0.46129798889160156,0.461557000875473,0.44881799817085266,7799987.0,-0.20547798180983026,0.0,0.056702063714686425
2023-07-03,0.46148398518562317,0.45614999532699585,0.4691759943962097,0.4544920027256012,10707435.0,-0.21743785202789156,0.0,0.056702063714686425
2023-07-04,0.44857001304626465,0.46150198578834534,0.4647909998893738,0.44657599925994873,8536862.0,-0.1968440066733115,0.0,0.056702063714686425
2023-07-05,0.4385330080986023,0.4486069977283478,0.45628100633621216,0.43428900837898254,8156709.0,-0.18062572909919614,0.0,0.056702063714686425
2023-07-06,0.4195910096168518,0.4385699927806854,0.45396700501441956,0.41931599378585815,9048139.0,-0.14588613163617237,0.0,0.056702063714686425
2023-07-07,0.4282410144805908,0.4195609986782074,0.42824700474739075,0.413331001996994,9058626.0,-0.16546738878852368,0.0,0.056702063714686425
2023-07-08,0.41815200448036194,0.42826101183891296,0.4413129985332489,0.4158729910850525,7894354.0,-0.1475968593452368,0.0,0.056702063714686425
2023-07-09,0.4151790142059326,0.4183270037174225,0.4233970046043396,0.41495200991630554,5022880.0,-0.14363517399917305,0.0,0.056702063714686425
2023-07-10,0.41122499108314514,0.4151709973812103,0.4151709973812103,0.39409101009368896,14813827.0,-0.13730119954319706,0.0,0.056702063714686425
2023-07-11,0.40349701046943665,0.41137900948524475,0.41441699862480164,0.3980660140514374,9417673.0,-0.12282717486736391,0.0,0.056702063714686425
2023-07-12,0.42167699337005615,0.4034300148487091,0.424345999956131,0.4003869891166687,16697382.0,-0.16305631082571864,0.0,0.056702063714686425
2023-07-13,0.4436900019645691,0.4216749966144562,0.4436900019645691,0.4193800091743469,13736363.0,-0.2075293216988927,0.0,0.056702063714686425
2023-07-14,0.4209359884262085,0.4437290132045746,0.44749900698661804,0.4106079936027527,10787371.0,-0.16709343660087989,0.0,0.056702063714686425
2023-07-15,0.4195629954338074,0.4209209978580475,0.4287320077419281,0.4138990044593811,6407373.0,-0.16649628114655712,0.0,0.056702063714686425
2023-07-16,0.4110899865627289,0.41957399249076843,0.4296950101852417,0.4105739891529083,5979197.0,-0.15127701332807844,0.0,0.056702063714686425
2023-07-17,0.4152030050754547,0.41110101342201233,0.41715100407600403,0.4035019874572754,6302567.0,-0.161375779052049,0.0,0.056702063714686425
2023-07-18,0.41786500811576843,0.4153130054473877,0.41786500811576843,0.40605199337005615,5594417.0,-0.16808615767683033,0.0,0.056702063714686425
2023-07-19,0.40915098786354065,0.4178850054740906,0.42427200078964233,0.4078949987888336,5590902.0,-0.15158586715440855,0.0,0.056702063714686425
2023-07-20,0.4073539972305298,0.40916499495506287,0.42129799723625183,0.403564989566803,6172096.0,-0.1490491362024175,0.0,0.056702063714686425
2023-07-21,0.4113380014896393,0.4073989987373352,0.41248801350593567,0.40560200810432434,4935202.0,-0.15875409521173842,0.0,0.056702063714686425
2023-07-22,0.41025298833847046,0.4114769995212555,0.4154370129108429,0.40715500712394714,4267462.0,-0.15768830775773135,0.0,0.056702063714686425
2023-07-23,0.41790300607681274,0.4104210138320923,0.4198319911956787,0.4077729880809784,6014005.0,-0.1741909788870161,0.0,0.056702063714686425
2023-07-24,0.39745599031448364,0.4178889989852905,0.41800400614738464,0.3906799852848053,6881147.0,-0.13178668588549722,0.0,0.056702063714686425
2023-07-25,0.40022099018096924,0.3974420130252838,0.4048439860343933,0.39079299569129944,5606042.0,-0.1385767292095093,0.0,0.056702063714686425
2023-07-26,0.4000299870967865,0.4002299904823303,0.40389299392700195,0.39382898807525635,5546907.0,-0.13864763255151896,0.0,0.056702063714686425
2023-07-27,0.40014898777008057,0.4000140130519867,0.40744099020957947,0.39485400915145874,5415147.0,-0.13974559445068982,0.0,0.056702063714686425
2023-07-28,0.4136340022087097,0.4001519978046417,0.41772300004959106,0.3978370130062103,7066883.0,-0.1690319661155228,0.0,0.056702063714686425
2023-07-29,0.4122219979763031,0.41360199451446533,0.41841599345207214,0.40755900740623474,4552626.0,-0.16723660946552946,0.0,0.056702063714686425
2023-07-30,0.4057619869709015,0.41215598583221436,0.4135729968547821,0.4002929925918579,5174054.0,-0.15436267666043504,0.0,0.056702063714686425
2023-07-31,0.3960599899291992,0.4057370126247406,0.41032901406288147,0.3937839865684509,5117847.0,-0.1334385031345255,0.0,0.056702063714686425
2023-08-01,0.3942449986934662,0.3960770070552826,0.39828500151634216,0.37884199619293213,7560318.0,-0.12947840119198892,0.0,0.056702063714686425
2023-08-02,0.3807789981365204,0.39424601197242737,0.3987700045108795,0.3801949918270111,5980106.0,-0.0975282560700827,0.0,0.056702063714686425
2023-08-03,0.38223499059677124,0.3808720111846924,0.3954100012779236,0.38031700253486633,7187178.0,-0.10055911958456325,0.0,0.056702063714686425
2023-08-04,0.3805930018424988,0.38218799233436584,0.3903439939022064,0.3754180073738098,6162747.0,-0.09588350981104822,0.0,0.056702063714686425
2023-08-05,0.373852014541626,0.38046398758888245,0.38195499777793884,0.36694100499153137,6476376.0,-0.07787945548635175,0.0,0.056702063714686425
2023-08-06,0.3835259974002838,0.3738560080528259,0.39670300483703613,0.3712979853153229,8256404.0,-0.09928759603488944,0.0,0.056702063714686425
2023-08-07,0.3991360068321228,0.3835130035877228,0.4095030128955841,0.3797360062599182,15075297.0,-0.1338009876651224,0.0,0.056702063714686425
2023-08-08,0.39947500824928284,0.3991290032863617,0.4058679938316345,0.3908640146255493,7926473.0,-0.13423896049865847,0.0,0.056702063714686425
2023-08-09,0.3980790078639984,0.3994249999523163,0.41401201486587524,0.38976699113845825,8450984.0,-0.13047316953218485,0.0,0.056702063714686425
2023-08-10,0.43077200651168823,0.39806100726127625,0.4343529939651489,0.39806100726127625,16703857.0,-0.1970366984247718,0.0,0.056702063714686425
2023-08-11,0.4092319905757904,0.43070799112319946,0.43070799112319946,0.40432798862457275,6928566.0,-0.15489614936336316,0.0,0.056702063714686425
2023-08-12,0.40762901306152344,0.40920400619506836,0.4118649959564209,0.40400999784469604,4320700.0,-0.15183487050272465,0.0,0.056702063714686425
2023-08-13,0.4076269865036011,0.4076319932937622,0.41232800483703613,0.4047589898109436,5573939.0,-0.15164025360956143,0.0,0.056702063714686425
2023-08-14,0.40639400482177734,0.4076089859008789,0.41199401021003723,0.40223100781440735,5762738.0,-0.14892101253363466,0.0,0.056702063714686425
2023-08-15,0.3842589855194092,0.40636900067329407,0.40636900067329407,0.3760850131511688,6471887.0,-0.09993598813603355,0.0,0.056702063714686425
2023-08-16,0.35887598991394043,0.3842589855194092,0.39188700914382935,0.35462599992752075,7555769.0,-0.03478078682269627,0.0,0.056702063714686425
2023-08-17,0.3197999894618988,0.3588539958000183,0.3648639917373657,0.3082450032234192,12677006.0,0.08625933909830459,0.0,0.056702063714686425
2023-08-18,0.3230760097503662,0.31984299421310425,0.3267349898815155,0.31415098905563354,7175917.0,0.0791142913408874,0.0,0.056702063714686425
2023-08-19,0.3237079977989197,0.3231300115585327,0.3276109993457794,0.3199490010738373,4426433.0,0.08247781201055117,0.0,0.056702063714686425
2023-08-20,0.32578301429748535,0.32371100783348083,0.3264720141887665,0.31762298941612244,4636580.0,0.08154359166665087,0.0,0.056702063714686425
2023-08-21,0.31333500146865845,0.32576099038124084,0.32938799262046814,0.30994099378585815,5018578.0,0.13252999045245048,0.0,0.056702063714686425
2023-08-22,0.3083069920539856,0.3137330114841461,0.31641900539398193,0.3013879954814911,4964164.0,0.1586801922022044,0.0,0.056702063714686425
2023-08-23,0.31055301427841187,0.3083130121231079,0.3205290138721466,0.3043130040168762,4844669.0,0.15778796154892505,0.0,0.056702063714686425
2023-08-24,0.3068940043449402,0.3105430006980896,0.32291701436042786,0.3064579963684082,5074927.0,0.1793942720212917,0.0,0.056702063714686425
2023-08-25,0.32268500328063965,0.3068709969520569,0.3421989977359772,0.3015489876270294,12542901.0,0.12875210851763544,0.0,0.056702063714686425
2023-08-26,0.31808099150657654,0.32269400358200073,0.33502399921417236,0.31706100702285767,7747453.0,0.15201043906364736,0.0,0.056702063714686425
2023-08-27,0.31446799635887146,0.31810399889945984,0.3210330009460449,0.31344500184059143,4199277.0,0.17178391864868026,0.0,0.056702063714686425
2023-08-28,0.3123350143432617,0.3144339919090271,0.3171379864215851,0.3074969947338104,4256352.0,0.1865052459853951,0.0,0.056702063714686425
2023-08-29,0.3222289979457855,0.3123840093612671,0.32579299807548523,0.30746400356292725,6247481.0,0.15959835143990514,0.0,0.056702063714686425
2023-08-30,0.3158259987831116,0.32222598791122437,0.3224889934062958,0.3143160045146942,3745336.0,0.19205880902150893,0.0,0.056702063714686425
2023-08-31,0.3087410032749176,0.3158630132675171,0.32148900628089905,0.30559399724006653,4614418.0,0.2287910255142479,0.0,0.056702063714686425
2023-09-01,0.3018920123577118,0.3087170124053955,0.30912700295448303,0.3012799918651581,4393114.0,0.2689752780403639,0.0,0.056702063714686425
2023-09-02,0.30560898780822754,0.301923006772995,0.30830198526382446,0.30135300755500793,3889305.0,0.26466817181375807,0.0,0.056702063714686425
2023-09-03,0.3056289851665497,0.3056130111217499,0.3117240071296692,0.30186599493026733,3784138.0,0.27546429509876674,0.0,0.056702063714686425
2023-09-04,0.3197529911994934,0.3054940104484558,0.3325139880180359,0.3050990104675293,13780711.0,0.2278097752452949,0.0,0.056702063714686425
2023-09-05,0.323606014251709,0.3197529911994934,0.330471009016037,0.31330299377441406,7941622.0,0.22195220626609827,0.0,0.056702063714686425
2023-09-06,0.34786900877952576,0.32350000739097595,0.3556619882583618,0.3177030086517334,17989577.0,0.1443684187402479,0.0,0.056702063714686425
2023-09-07,0.3726150095462799,0.3479970097541809,0.4566139876842499,0.3451809883117676,86658349.0,0.07480679499987729,0.0,0.056702063714686425
2023-09-08,0.34999901056289673,0.3726060092449188,0.3726060092449188,0.3417139947414398,11647566.0,0.15081926329277962,0.0,0.056702063714686425
2023-09-09,0.3376539945602417,0.35003000497817993,0.3580769896507263,0.3366740047931671,6481864.0,0.20148519917907867,0.0,0.056702063714686425
2023-09-10,0.327798992395401,0.33775898814201355,0.3460429906845093,0.3277289867401123,5779542.0,0.24556711264298864,0.0,0.056702063714686425
2023-09-11,0.31404298543930054,0.3277910053730011,0.32789599895477295,0.3085249960422516,5779771.0,0.3085624507903396,0.0,0.056702063714686425
2023-09-12,0.31828999519348145,0.31415799260139465,0.3248029947280884,0.30802100896835327,5407554.0,0.29927763684902503,0.0,0.056702063714686425
2023-09-13,0.3221060037612915,0.3183409869670868,0.3268060088157654,0.313291996717453,4597833.0,0.2923244389881439,0.0,0.056702063714686425
2023-09-14,0.3186059892177582,0.3220849931240082,0.3255150020122528,0.3182370066642761,4250324.0,0.3155461390347596,0.0,0.056702063714686425
2023-09-15,0.3214150071144104,0.3185960054397583,0.3231410086154938,0.3160080015659332,3984499.0,0.3126795904602823,0.0,0.056702063714686425
2023-09-16,0.32234901189804077,0.321382999420166,0.3245460093021393,0.31752899289131165,4356225.0,0.317589220192523,0.0,0.056702063714686425
2023-09-17,0.31516000628471375,0.3224009871482849,0.3224009871482849,0.31360000371932983,3490028.0,0.35830796959259387,0.0,0.056702063714686425
2023-09-18,0.3163500130176544,0.315064013004303,0.32128798961639404,0.31258198618888855,4470104.0,0.364369494411619,0.0,0.056702063714686425
2023-09-19,0.3234649896621704,0.31637001037597656,0.32527899742126465,0.31433600187301636,4726097.0,0.344860024918164,0.0,0.056702063714686425
2023-09-20,0.3312230110168457,0.3234750032424927,0.3340809941291809,0.31773099303245544,5883444.0,0.32342892582622396,0.0,0.056702063714686425
2023-09-21,0.32314300537109375,0.3312380015850067,0.34936198592185974,0.3221279978752136,14494921.0,0.366289227848795,0.0,0.056702063714686425
2023-09-22,0.32350701093673706,0.32308900356292725,0.3261379897594452,0.3192720115184784,4850460.0,0.3748084878258022,0.0,0.056702063714686425
2023-09-23,0.32590600848197937,0.323498010635376,0.33044400811195374,0.32201701402664185,4405055.0,0.37447829751496736,0.0,0.056702063714686425
2023-09-24,0.32149699330329895,0.3259049952030182,0.3288919925689697,0.3214449882507324,3878621.0,0.4028482697846285,0.0,0.056702063714686425
2023-09-25,0.32406100630760193,0.321492999792099,0.32484200596809387,0.3174310028553009,4644897.0,0.4016158779778626,0.0,0.056702063714686425
2023-09-26,0.32148799300193787,0.32403799891471863,0.32408198714256287,0.3181999921798706,4754344.0,0.42332100482431606,0.0,0.056702063714686425
2023-09-27,0.3185819983482361,0.32145199179649353,0.3232649862766266,0.31697899103164673,3700529.0,0.4449150354814755,0.0,0.056702063714686425
2023-09-28,0.32323798537254333,0.318574994802475,0.3244290053844452,0.317671000957489,3461252.0,0.4329581997656057,0.0,0.056702063714686425
2023-09-29,0.32214298844337463,0.32322999835014343,0.3254370093345642,0.3199929893016815,3527762.0,0.4455257693458837,0.0,0.056702063714686425
2023-09-30,0.3277510106563568,0.3221080005168915,0.32938799262046814,0.3203189969062805,3785496.0,0.42806966792158463,0.0,0.056702063714686425
2023-10-01,0.33114901185035706,0.3277609944343567,0.3334429860115051,0.323839008808136,4847928.0,0.4193067317046827,0.0,0.056702063714686425
2023-10-02,0.33258500695228577,0.3311299979686737,0.3544420003890991,0.330953985452652,10999643.0,0.4194786213175351,0.0,0.056702063714686425
2023-10-03,0.3265930116176605,0.3325690031051636,0.3499870002269745,0.3265810012817383,6239322.0,0.45118633944076486,0.0,0.056702063714686425
2023-10-04,0.3428269922733307,0.32655900716781616,0.3428269922733307,0.31799501180648804,5724683.0,0.3888542790810891,0.0,0.056702063714686425
2023-10-05,0.3305070102214813,0.3428240120410919,0.3450089991092682,0.3273429870605469,6144265.0,0.4477808956986386,0.0,0.056702063714686425
2023-10-06,0.3338780105113983,0.330484002828598,0.33603501319885254,0.3250100016593933,4583426.0,0.44002439520755776,0.0,0.056702063714686425
2023-10-07,0.33215001225471497,0.3340199887752533,0.3358199894428253,0.3271380066871643,3006342.0,0.45464562281662063,0.0,0.056702063714686425
2023-10-08,0.3422830104827881,0.3321380019187927,0.3554069995880127,0.32965099811553955,9005398.0,0.4197300321121316,0.0,0.056702063714686425
2023-10-09,0.3359149992465973,0.34236299991607666,0.3598079979419708,0.331043004989624,9802661.0,0.4543692302109505,0.0,0.056702063714686425
2023-10-10,0.36348599195480347,0.3359000086784363,0.36348599195480347,0.331851989030838,11612543.0,0.35059475857752903,0.0,0.056702063714686425
2023-10-11,0.3455280065536499,0.3634819984436035,0.36976099014282227,0.3406819999217987,12229656.0,0.42753279545793904,0.0,0.056702063714686425
2023-10-12,0.3270629942417145,0.3465439975261688,0.3484809994697571,0.32247400283813477,5868449.0,0.5149587313616106,0.0,0.056702063714686425
2023-10-13,0.3304949998855591,0.3270390033721924,0.33531299233436584,0.32387199997901917,5286783.0,0.5057144344843121,0.0,0.056702063714686425
2023-10-14,0.3253450095653534,0.3305259943008423,0.3312549889087677,0.3242909908294678,2954893.0,0.5368751264239043,0.0,0.056702063714686425
2023-10-15,0.32802000641822815,0.32536399364471436,0.3327609896659851,0.32298600673675537,3275442.0,0.5327807600584236,0.0,0.056702063714686425
2023-10-16,0.3346480131149292,0.3280310034751892,0.34053099155426025,0.3266800045967102,5621707.0,0.5090357813483123,0.0,0.056702063714686425
2023-10-17,0.3224810063838959,0.3346950113773346,0.3374600112438202,0.32100099325180054,4658334.0,0.5733895458324976,0.0,0.056702063714686425
2023-10-18,0.32203900814056396,0.32249701023101807,0.32814300060272217,0.3204270005226135,3528431.0,0.5830238731314131,0.0,0.056702063714686425
2023-10-19,0.3154489994049072,0.3220219910144806,0.32250499725341797,0.314985990524292,4236755.0,0.6243341773667223,0.0,0.056702063714686425
2023-10-20,0.32186099886894226,0.3154830038547516,0.326555997133255,0.315203994512558,4920766.0,0.6006034199749779,0.0,0.056702063714686425
2023-10-21,0.3320460021495819,0.3217720091342926,0.33503299951553345,0.3217700123786926,3727610.0,0.5597720421709649,0.0,0.056702063714686425
2023-10-22,0.33212199807167053,0.33214300870895386,0.33386000990867615,0.32396000623703003,4663225.0,0.5674734916873355,0.0,0.056702063714686425
2023-10-23,0.34638500213623047,0.33228799700737,0.34652701020240784,0.3291659951210022,7593677.0,0.5104382967729053,0.0,0.056702063714686425
2023-10-24,0.36184701323509216,0.34632599353790283,0.36643698811531067,0.34337499737739563,12106197.0,0.45227619898880084,0.0,0.056702063714686425
2023-10-25,0.36032700538635254,0.36204400658607483,0.3661099970340729,0.35065799951553345,7778706.0,0.46422631818016646,0.0,0.056702063714686425
2023-10-26,0.3592120110988617,0.36052098870277405,0.3699420094490051,0.3494429886341095,7143805.0,0.4748252034849136,0.0,0.056702063714686425
2023-10-27,0.35235899686813354,0.35919299721717834,0.36029401421546936,0.3449789881706238,4983317.0,0.5101441165443482,0.0,0.056702063714686425
2023-10-28,0.36365199089050293,0.35238298773765564,0.36660701036453247,0.3510270118713379,6112304.0,0.46915758462790647,0.0,0.056702063714686425
2023-10-29,0.37352699041366577,0.3636690080165863,0.37744900584220886,0.3592489957809448,5229961.0,0.43551858776153574,0.0,0.056702063714686425
2023-10-30,0.3943699896335602,0.37372300028800964,0.3961920142173767,0.3654719889163971,9934191.0,0.36375392537207646,0.0,0.056702063714686425
2023-10-31,0.36916399002075195,0.3943359851837158,0.396230012178421,0.3562520146369934,14267277.0,0.4621052863222393,0.0,0.056702063714686425
2023-11-01,0.3811259865760803,0.36913299560546875,0.3825240135192871,0.35290899872779846,10596145.0,0.4215329872644775,0.0,0.056702063714686425
2023-11-02,0.36713799834251404,0.3813070058822632,0.38314101099967957,0.3638570010662079,8735806.0,0.48154433960984017,0.0,0.056702063714686425
2023-11-03,0.36333099007606506,0.36712199449539185,0.3671559989452362,0.3545230031013489,7756375.0,0.5039261545916696,0.0,0.056702063714686425
2023-11-04,0.3697640001773834,0.36329999566078186,0.3760159909725189,0.36221998929977417,5668596.0,0.4843014007894339,0.0,0.056702063714686425
2023-11-05,0.39048299193382263,0.36981201171875,0.3964279890060425,0.3684679865837097,10710180.0,0.41111630652420483,0.0,0.056702063714686425
2023-11-06,0.40417999029159546,0.39051100611686707,0.41160300374031067,0.3820889890193939,10981505.0,0.3689457715732069,0.0,0.056702063714686425
2023-11-07,0.39311298727989197,0.4039129912853241,0.4065459966659546,0.3865090012550354,9865848.0,0.41394749024360444,0.0,0.056702063714686425
2023-11-08,0.4242419898509979,0.39306899905204773,0.426147997379303,0.38984400033950806,8595250.0,0.3157884823215399,0.0,0.056702063714686425
2023-11-09,0.397473007440567,0.42412298917770386,0.4280169904232025,0.3840480148792267,15539863.0,0.4117577054265543,0.0,0.056702063714686425
2023-11-10,0.4102509915828705,0.39751601219177246,0.4147540032863617,0.38811299204826355,12335625.0,0.3755683637056151,0.0,0.056702063714686425
2023-11-11,0.4362010061740875,0.41027700901031494,0.454041987657547,0.4089199900627136,20872490.0,0.30024548131580114,0.0,0.056702063714686425
2023-11-12,0.45310598611831665,0.436163991689682,0.4549790024757385,0.423209011554718,13744909.0,0.2599149357149691,0.0,0.056702063714686425
2023-11-13,0.42702600359916687,0.45316699147224426,0.4659770131111145,0.42702600359916687,15582300.0,0.34748769493486875,0.0,0.056702063714686425
2023-11-14,0.4111059904098511,0.4269849956035614,0.4276899993419647,0.3946329951286316,12644175.0,0.41041814129589127,0.0,0.056702063714686425
2023-11-15,0.42654600739479065,0.41136598587036133,0.4292390048503876,0.4096660017967224,11028665.0,0.36855333031705734,0.0,0.056702063714686425
2023-11-16,0.4066379964351654,0.426474004983902,0.4364280104637146,0.3997189998626709,13939512.0,0.4475579410222497,0.0,0.056702063714686425
2023-11-17,0.40427500009536743,0.40659698843955994,0.41756701469421387,0.3858259916305542,12181024.0,0.4676437652862622,0.0,0.056702063714686425
2023-11-18,0.39716100692749023,0.40431201457977295,0.40483298897743225,0.38279399275779724,8730560.0,0.5058889890823247,0.0,0.056702063714686425
2023-11-19,0.41523298621177673,0.39734598994255066,0.4164299964904785,0.3872770071029663,11124388.0,0.4533258096776772,0.0,0.056702063714686425
2023-11-20,0.4121829867362976,0.41525399684906006,0.44414499402046204,0.4105150103569031,17818191.0,0.4777971826596073,0.0,0.056702063714686425
2023-11-21,0.3827190101146698,0.4121919870376587,0.4189629852771759,0.38245901465415955,17582385.0,0.6092838164114994,0.0,0.056702063714686425
2023-11-22,0.41143500804901123,0.38254299759864807,0.42311999201774597,0.3817330002784729,14320858.0,0.512342259115396,0.0,0.056702063714686425
2023-11-23,0.4169889986515045,0.4113579988479614,0.4190869927406311,0.40381500124931335,9474312.0,0.5068764601898752,0.0,0.056702063714686425
2023-11-24,0.44559699296951294,0.4171540141105652,0.4520139992237091,0.41324400901794434,14785615.0,0.42266096236561124,0.0,0.056702063714686425
2023-11-25,0.49724501371383667,0.44550299644470215,0.5371429920196533,0.4451949894428253,67923955.0,0.2853295539063927,0.0,0.056702063714686425
2023-11-26,0.5160800218582153,0.49710699915885925,0.5293300151824951,0.4847620129585266,32038981.0,0.24960050291128164,0.0,0.056702063714686425
2023-11-27,0.5595849752426147,0.5158609747886658,0.587984025478363,0.48362401127815247,61808973.0,0.16122993579692393,0.0,0.056702063714686425
2023-11-28,0.5403630137443542,0.5594090223312378,0.5761680006980896,0.5260999798774719,36314973.0,0.21030549430805404,0.0,0.056702063714686425
2023-11-29,0.5384359955787659,0.5404000282287598,0.5516579747200012,0.5217409729957581,19217247.0,0.22407827470520683,0.0,0.056702063714686425
2023-11-30,0.5415539741516113,0.5382879972457886,0.5491690039634705,0.5296689867973328,11069854.0,0.2264868449834322,0.0,0.056702063714686425
2023-12-01,0.5463550090789795,0.5415670275688171,0.5660009980201721,0.5382869839668274,9448642.0,0.2250330393344057,0.0,0.056702063714686425
2023-12-02,0.5338029861450195,0.5466139912605286,0.5493119955062866,0.5275890231132507,8261448.0,0.26658916744999084,0.0,0.056702063714686425
2023-12-03,0.5159479975700378,0.5337420105934143,0.5411880016326904,0.49414101243019104,8857731.0,0.32321565500402394,0.0,0.056702063714686425
2023-12-04,0.5179970264434814,0.5159239768981934,0.5303279757499695,0.4962790012359619,32185598.0,0.3316185842929348,0.0,0.056702063714686425
2023-12-05,0.6229990124702454,0.5186579823493958,0.6433259844779968,0.5141980051994324,40473956.0,0.11645834598447681,0.0,0.056702063714686425
2023-12-06,0.5928670167922974,0.6229040026664734,0.6325269937515259,0.5863739848136902,22030121.0,0.18573050631987267,0.0,0.056702063714686425
2023-12-07,0.5924519896507263,0.592926025390625,0.6059100031852722,0.5627740025520325,12411424.0,0.19997054481951368,0.0,0.056702063714686425
2023-12-08,0.6659939885139465,0.592494010925293,0.6693490147590637,0.5813490152359009,21461991.0,0.07743506025472294,0.0,0.056702063714686425
2023-12-09,0.6388540267944336,0.6658570170402527,0.6658570170402527,0.623769998550415,13296092.0,0.13341754726497732,0.0,0.056702063714686425
2023-12-10,0.6314690113067627,0.6388540267944336,0.6410850286483765,0.6155670285224915,8021561.0,0.16296377967937253,0.0,0.056702063714686425
2023-12-11,0.5918980240821838,0.6315929889678955,0.6331049799919128,0.5785220265388489,18732274.0,0.2554213642962224,0.0,0.056702063714686425
2023-12-12,0.6014590263366699,0.5918790102005005,0.6161090135574341,0.5697389841079712,12012656.0,0.24772059271918664,0.0,0.056702063714686425
2023-12-13,0.608473002910614,0.6013439893722534,0.6160650253295898,0.570580005645752,11064379.0,0.24725884185470745,0.0,0.056702063714686425
2023-12-14,0.6077010035514832,0.6086090207099915,0.6289899945259094,0.6004840135574341,10708504.0,0.2619416551532355,0.0,0.056702063714686425
2023-12-15,0.57505202293396,0.6079419851303101,0.6079419851303101,0.5741530060768127,10282972.0,0.3463244135114135,0.0,0.056702063714686425
2023-12-16,0.6219199895858765,0.57504802942276,0.6303799748420715,0.5721690058708191,12432811.0,0.25596347570523637,0.0,0.056702063714686425
2023-12-17,0.5835170149803162,0.6217510104179382,0.6252560019493103,0.5810819864273071,9565483.0,0.3520268633280677,0.0,0.056702063714686425
2023-12-18,0.573665976524353,0.5834289789199829,0.5875809788703918,0.5416730046272278,13093496.0,0.38982812501596953,0.0,0.056702063714686425
2023-12-19,0.5733069777488708,0.5736979842185974,0.5992980003356934,0.5569180250167847,13155786.0,0.40444259752079886,0.0,0.056702063714686425
2023-12-20,0.5885080099105835,0.5734320282936096,0.6108769774436951,0.5718179941177368,14677875.0,0.38045317615314034,0.0,0.056702063714686425
2023-12-21,0.600396990776062,0.5885779857635498,0.6061170101165771,0.582099974155426,13147538.0,0.36556361039142643,0.0,0.056702063714686425
2023-12-22,0.593271017074585,0.600471019744873,0.609794020652771,0.582718014717102,12316155.0,0.3941337710219991,0.0,0.056702063714686425
2023-12-23,0.5975980162620544,0.5932329893112183,0.6117669939994812,0.5779150128364563,9649431.0,0.3960689551477529,0.0,0.056702063714686425
2023-12-24,0.6445149779319763,0.5975750088691711,0.7300860285758972,0.5966280102729797,39852260.0,0.3052999445689025,0.0,0.056702063714686425
2023-12-25,0.6626780033111572,0.6446670293807983,0.6977390050888062,0.6306099891662598,23709110.0,0.27802395876293595,0.0,0.056702063714686425
2023-12-26,0.6563540101051331,0.662755012512207,0.6671580076217651,0.6224089860916138,17086351.0,0.2974871066660543,0.0,0.056702063714686425
2023-12-27,0.6580510139465332,0.655780017375946,0.6798080205917358,0.6331329941749573,16920697.0,0.30256098892902844,0.0,0.056702063714686425
2023-12-28,0.6324989795684814,0.6582800149917603,0.6704609990119934,0.6111260056495667,15340986.0,0.36353201899563514,0.0,0.056702063714686425
2023-12-29,0.6423379778862,0.6323390007019043,0.6785449981689453,0.6134510040283203,17744842.0,0.3498761125504179,0.0,0.056702063714686425
2023-12-30,0.6385800242424011,0.642408013343811,0.650413990020752,0.6243720054626465,9156038.0,0.3653800053071993,0.0,0.056702063714686425
2023-12-31,0.6214519739151001,0.6379259824752808,0.6572989821434021,0.6201220154762268,10265457.0,0.41151207950002633,0.0,0.056702063714686425
2024-01-01,0.6374210119247437,0.6237090229988098,0.6507800221443176,0.6213669776916504,10698089.0,0.384496054346707,0.0,0.056702063714686425
2024-01-02,0.6519010066986084,0.6375280022621155,0.678134024143219,0.6371229887008667,18285392.0,0.36055480918806854,0.0,0.056702063714686425
2024-01-03,0.5874260067939758,0.6517710089683533,0.6712110042572021,0.5738840103149414,19405034.0,0.5188438295930307,0.0,0.056702063714686425
2024-01-04,0.6037729978561401,0.5874170064926147,0.6120889782905579,0.5704119801521301,11630705.0,0.48568287453011916,0.0,0.056702063714686425
2024-01-05,0.5651310086250305,0.6036689877510071,0.6039729714393616,0.546783983707428,13517748.0,0.5946658697545988,0.0,0.056702063714686425
2024-01-06,0.5615090131759644,0.5652300119400024,0.5742999911308289,0.5320720076560974,11569712.0,0.6105726693575857,0.0,0.056702063714686425
2024-01-07,0.5223219990730286,0.5614590048789978,0.5665709972381592,0.517956018447876,10377145.0,0.7395125498989745,0.0,0.056702063714686425
2024-01-08,0.5379229784011841,0.5223150253295898,0.5481330156326294,0.49004799127578735,17301702.0,0.6956581436765357,0.0,0.056702063714686425
2024-01-09,0.507893979549408,0.538112998008728,0.5394489765167236,0.4958049952983856,13850293.0,0.803953259523634,0.0,0.056702063714686425
2024-01-10,0.5573899745941162,0.5077639818191528,0.5680779814720154,0.49489301443099976,16239860.0,0.6495498359233302,0.0,0.056702063714686425
2024-01-11,0.5622770190238953,0.5575060248374939,0.5806120038032532,0.5397160053253174,15002053.0,0.6416448341700645,0.0,0.056702063714686425
2024-01-12,0.5583710074424744,0.5623469948768616,0.5864650011062622,0.5396900177001953,15237640.0,0.6595834188973532,0.0,0.056702063714686425
2024-01-13,0.564221978187561,0.5583029985427856,0.5717620253562927,0.5450720191001892,9510704.0,0.6496281890680425,0.0,0.056702063714686425
2024-01-14,0.6155959963798523,0.564221978187561,0.6309159994125366,0.5544620156288147,20026655.0,0.5177153948147823,0.0,0.056702063714686425
2024-01-15,0.5902220010757446,0.6160420179367065,0.6317539811134338,0.580718994140625,15694791.0,0.5898362393143524,0.0,0.056702063714686425
2024-01-16,0.5965139865875244,0.5900580286979675,0.6002429723739624,0.5697680115699768,11588496.0,0.5797295570742065,0.0,0.056702063714686425
2024-01-17,0.5738959908485413,0.596468985080719,0.6020690202713013,0.5664520263671875,9805898.0,0.6486531246679075,0.0,0.056702063714686425
2024-01-18,0.5460320115089417,0.5739129781723022,0.5922260284423828,0.5335620045661926,11443748.0,0.7401082089918237,0.0,0.056702063714686425
2024-01-19,0.5406219959259033,0.5460320115089417,0.5519729852676392,0.5174139738082886,9783713.0,0.7645823092087033,0.0,0.056702063714686425
2024-01-20,0.5589339733123779,0.5406219959259033,0.5637149810791016,0.5351330041885376,8783258.0,0.7134259597355195,0.0,0.056702063714686425
2024-01-21,0.5992940068244934,0.5588679909706116,0.6928349733352661,0.558525025844574,35184513.0,0.6033824787279162,0.0,0.056702063714686425
2024-01-22,0.5515289902687073,0.5992709994316101,0.609798014163971,0.5468549728393555,13731940.0,0.7485376676955697,0.0,0.056702063714686425
2024-01-23,0.5569379925727844,0.5515289902687073,0.5797960162162781,0.5200790166854858,10841664.0,0.7371229078399003,0.0,0.056702063714686425
2024-01-24,0.5579439997673035,0.5570729970932007,0.5708919763565063,0.5421460270881653,7876475.0,0.7393246740340056,0.0,0.056702063714686425
2024-01-25,0.5701659917831421,0.5579439997673035,0.6207020282745361,0.545635998249054,26725628.0,0.7073139243008246,0.0,0.056702063714686425
2024-01-26,0.5940290093421936,0.570235013961792,0.601872980594635,0.5641859769821167,10032058.0,0.643844477546007,0.0,0.056702063714686425
2024-01-27,0.6009830236434937,0.5938910245895386,0.6111549735069275,0.5902500152587891,8767052.0,0.6300137835156362,0.0,0.056702063714686425
2024-01-28,0.5944049954414368,0.6009680032730103,0.6064509749412537,0.5765669941902161,8085533.0,0.6537652510636798,0.0,0.056702063714686425
2024-01-29,0.6012579798698425,0.5943830013275146,0.6039450168609619,0.582148015499115,6732623.0,0.6404536486252856,0.0,0.056702063714686425
2024-01-30,0.5880929827690125,0.6012579798698425,0.6094279885292053,0.5849159955978394,7555971.0,0.6829630416945618,0.0,0.056702063714686425
2024-01-31,0.5659779906272888,0.5879380106925964,0.5963159799575806,0.5609790086746216,7776161.0,0.754636612612869,0.0,0.056702063714686425
2024-02-01,0.5723270177841187,0.5659819841384888,0.5776110291481018,0.5582789778709412,6884112.0,0.7407884738589712,0.0,0.056702063714686425
2024-02-02,0.5814769864082336,0.5724719762802124,0.5846840143203735,0.5670679807662964,6715299.0,0.7183474033245933,0.0,0.056702063714686425
2024-02-03,0.574275016784668,0.581475019454956,0.5864549875259399,0.5708810091018677,5040389.0,0.7446273280855641,0.0,0.056702063714686425
2024-02-04,0.5639269948005676,0.5744069814682007,0.5799760222434998,0.5605670213699341,5844204.0,0.7822476509001254,0.0,0.056702063714686425
2024-02-05,0.5530009865760803,0.5638599991798401,0.576479971408844,0.5477319955825806,7518780.0,0.8232593971849462,0.0,0.056702063714686425
2024-02-06,0.558597981929779,0.5529829859733582,0.5732049942016602,0.5519229769706726,7533602.0,0.8101670372667523,0.0,0.056702063714686425
2024-02-07,0.5797269940376282,0.5585730075836182,0.5860199928283691,0.558459997177124,8136256.0,0.7492801967384367,0.0,0.056702063714686425
2024-02-08,0.5776479840278625,0.5797749757766724,0.5898429751396179,0.5715780258178711,7342427.0,0.7608267313756353,0.0,0.056702063714686425
2024-02-09,0.6075230240821838,0.5775790214538574,0.617546021938324,0.5775790214538574,8594470.0,0.6792179930707859,0.0,0.056702063714686425
2024-02-10,0.6067519783973694,0.6075230240821838,0.6153590083122253,0.5905020236968994,7915415.0,0.6862165304568923,0.0,0.056702063714686425
2024-02-11,0.6037009954452515,0.606669008731842,0.622160017490387,0.5985699892044067,6866894.0,0.6993028265067412,0.0,0.056702063714686425
2024-02-12,0.6279699802398682,0.6038399934768677,0.6367830038070679,0.5977759957313538,8413377.0,0.6385272100849899,0.0,0.056702063714686425
2024-02-13,0.6420950293540955,0.6279670000076294,0.6497269868850708,0.6191750168800354,11614425.0,0.6066272148807736,0.0,0.056702063714686425
2024-02-14,0.6566590070724487,0.6417580246925354,0.6579779982566833,0.6325910091400146,9647721.0,0.574930684942048,0.0,0.056702063714686425
2024-02-15,0.683912992477417,0.6566669940948486,0.709991991519928,0.6502079963684082,18216269.0,0.5153985644444999,0.0,0.056702063714686425
2024-02-16,0.7231360077857971,0.6840490102767944,0.7372869849205017,0.6779739856719971,19199900.0,0.43539447476598225,0.0,0.056702063714686425
2024-02-17,0.7145310044288635,0.7232249975204468,0.7232249975204468,0.6917780041694641,9709189.0,0.4556187339134304,0.0,0.056702063714686425
2024-02-18,0.816353976726532,0.7144449949264526,0.8501620292663574,0.7111650109291077,36988288.0,0.2755199051564633,0.0,0.056702063714686425
2024-02-19,0.8716800212860107,0.8168590068817139,0.9604150056838989,0.8086040019989014,58713445.0,0.19562454902277446,0.0,0.056702063714686425
2024-02-20,0.8441740274429321,0.8716800212860107,0.8723130226135254,0.8214499950408936,18110629.0,0.23638444252146681,0.0,0.056702063714686425
2024-02-21,0.8106679916381836,0.8442000150680542,0.8556259870529175,0.7735459804534912,14694955.0,0.2896506999564946,0.0,0.056702063714686425
2024-02-22,0.8849859833717346,0.8102620244026184,0.89308100938797,0.7937719821929932,16202987.0,0.18237462628969286,0.0,0.056702063714686425
2024-02-23,0.8648380041122437,0.8850659728050232,0.8991169929504395,0.8352839946746826,17553257.0,0.2108722249916658,0.0,0.056702063714686425
2024-02-24,0.8625339865684509,0.8652070164680481,0.9009420275688171,0.8365600109100342,11571059.0,0.21503285806717398,0.0,0.056702063714686425
2024-02-25,0.9432989954948425,0.8625339865684509,0.9464070200920105,0.8600940108299255,15208457.0,0.11064458394393406,0.0,0.056702063714686425
2024-02-26,0.9662789702415466,0.9437959790229797,0.9736970067024231,0.9100369811058044,20482107.0,0.08383722204342538,0.0,0.056702063714686425
2024-02-27,1.0472229719161987,0.9662789702415466,1.118245005607605,0.9662789702415466,41016128.0,-0.0006756931667012411,0.0,0.056702063714686425
2024-02-28,1.0314849615097046,1.047268033027649,1.0815260410308838,0.9846839904785156,24089285.0,0.014331923992868718,0.0,0.056702063714686425
2024-02-29,1.0167839527130127,1.0313620567321777,1.0743299722671509,0.9990429878234863,17282802.0,0.029136875897163763,0.0,0.056702063714686425
2024-03-01,0.9926859736442566,1.0163389444351196,1.0607490539550781,0.9888550043106079,15522053.0,0.05355768114362102,0.0,0.056702063714686425
2024-03-02,1.005890965461731,0.9926199913024902,1.0133119821548462,0.9675580263137817,16104880.0,0.03898811617405635,0.0,0.056702063714686425
2024-03-03,1.0815540552139282,1.0057389736175537,1.1738669872283936,0.9460150003433228,58322645.0,-0.03526133622311052,0.0,0.056702063714686425
2024-03-04,1.0410560369491577,1.0809359550476074,1.11468505859375,1.0241819620132446,25234157.0,0.0008139471235835478,0.0,0.056702063714686425
2024-03-05,0.9517179727554321,1.0410250425338745,1.0410250425338745,0.8972300291061401,27394186.0,0.09375667065148216,0.0,0.056702063714686425
2024-03-06,1.0366170406341553,0.9517509937286377,1.040560007095337,0.9022030234336853,21617494.0,0.00269014146928128,0.0,0.056702063714686425
2024-03-07,1.0434139966964722,1.0366170406341553,1.067173957824707,0.9913979768753052,23355725.0,-0.0059633357671459416,0.0,0.056702063714686425
2024-03-08,1.0455780029296875,1.0433759689331055,1.062069058418274,1.01522696018219,16762321.0,-0.010907997904844704,0.0,0.056702063714686425
2024-03-09,1.2008049488067627,1.0455780029296875,1.2120189666748047,1.0360980033874512,36799079.0,-0.14259534844996816,0.0,0.056702063714686425
2024-03-10,1.162883996963501,1.2008099555969238,1.270447015762329,1.1333529949188232,34297444.0,-0.11850707643516856,0.0,0.056702063714686425
2024-03-11,1.2102689743041992,1.1628899574279785,1.2546089887619019,1.1365530490875244,24393424.0,-0.15740616408194846,0.0,0.056702063714686425
2024-03-12,1.1892410516738892,1.2102689743041992,1.2158429622650146,1.1064579486846924,20397462.0,-0.14742819399911633,0.0,0.056702063714686425
2024-03-13,1.320816993713379,1.189141035079956,1.3451449871063232,1.17854905128479,39055945.0,-0.237709985252389,0.0,0.056702063714686425
2024-03-14,1.3710060119628906,1.320816993713379,1.4727879762649536,1.273895025253296,56389116.0,-0.27091736422519125,0.0,0.056702063714686425
2024-03-15,1.3167469501495361,1.3710060119628906,1.3786770105361938,1.1727139949798584,36018526.0,-0.24607927122991913,0.0,0.056702063714686425
2024-03-16,1.2781169414520264,1.3167469501495361,1.3251830339431763,1.196921944618225,25517432.0,-0.2284775749301319,0.0,0.056702063714686425
2024-03-17,1.6396169662475586,1.2781169414520264,1.6529309749603271,1.2778429985046387,110503726.0,-0.4050530911963975,-1.0,0.4716489681426568
2024-03-18,1.4450700283050537,1.6396169662475586,1.746588945388794,1.4350249767303467,57487275.0,-0.33069172984396716,0.0,0.056702063714686425
2024-03-19,1.3238550424575806,1.4450700283050537,1.4802110195159912,1.2693170309066772,40861408.0,-0.27457287225777516,0.0,0.056702063714686425
2024-03-20,1.4385839700698853,1.3238550424575806,1.457118034362793,1.275575041770935,29778379.0,-0.33823695501318246,0.0,0.056702063714686425
2024-03-21,1.3877689838409424,1.4385839700698853,1.4494760036468506,1.369513988494873,22875932.0,-0.3193423201629715,0.0,0.056702063714686425
2024-03-22,1.2927420139312744,1.3877689838409424,1.39559805393219,1.259323000907898,21239908.0,-0.2742762785241529,0.0,0.056702063714686425
2024-03-23,1.2983369827270508,1.2927420139312744,1.36434805393219,1.291936993598938,14408994.0,-0.28272289501114883,0.0,0.056702063714686425
2024-03-24,1.3500620126724243,1.2983640432357788,1.3677109479904175,1.264193058013916,14952755.0,-0.31558298533523327,0.0,0.056702063714686425
2024-03-25,1.3935760259628296,1.350437045097351,1.417067050933838,1.3371649980545044,20108483.0,-0.34236788377945954,0.0,0.056702063714686425
2024-03-26,1.3455109596252441,1.3935760259628296,1.4473259449005127,1.335381031036377,29984393.0,-0.3242925571807748,0.0,0.056702063714686425
2024-03-27,1.2971470355987549,1.3455109596252441,1.3668229579925537,1.2837990522384644,27990107.0,-0.30436070977852614,0.0,0.056702063714686425
2024-03-28,1.332705020904541,1.2971470355987549,1.3468539714813232,1.2661850452423096,16958808.0,-0.3287839619592248,0.0,0.056702063714686425
2024-03-29,1.3007210493087769,1.332705020904541,1.3573720455169678,1.2993969917297363,13808964.0,-0.31830023134487145,0.0,0.056702063714686425
2024-03-30,1.3021080493927002,1.3007290363311768,1.3453019857406616,1.2953250408172607,11262195.0,-0.32471836213637917,0.0,0.056702063714686425
2024-03-31,1.330253005027771,1.3021080493927002,1.3425589799880981,1.2968930006027222,9279826.0,-0.3451371848474823,0.0,0.056702063714686425
2024-04-01,1.2147120237350464,1.3302500247955322,1.330530047416687,1.175475001335144,17006537.0,-0.28851116384828335,0.0,0.056702063714686425
2024-04-02,1.1162190437316895,1.2147120237350464,1.214972972869873,1.0652060508728027,18208195.0,-0.2308845985327572,0.0,0.056702063714686425
2024-04-03,1.2010409832000732,1.1163259744644165,1.2315579652786255,1.0817420482635498,24547434.0,-0.2906397367427554,0.0,0.056702063714686425
2024-04-04,1.1500400304794312,1.2010409832000732,1.2098979949951172,1.1159329414367676,12334801.0,-0.2643311158956056,0.0,0.056702063714686425
2024-04-05,1.097458004951477,1.1500400304794312,1.1646029949188232,1.0753309726715088,10930836.0,-0.233807163363078,0.0,0.056702063714686425
2024-04-06,1.1116950511932373,1.097458004951477,1.124979019165039,1.0938539505004883,5639029.0,-0.24816094430219526,0.0,0.056702063714686425
2024-04-07,1.139143943786621,1.111778974533081,1.1647859811782837,1.1069060564041138,7713866.0,-0.2707757745452714,0.0,0.056702063714686425
2024-04-08,1.1587719917297363,1.139143943786621,1.1754649877548218,1.1140680313110352,7895649.0,-0.2874715746496507,0.0,0.056702063714686425
2024-04-09,1.0870380401611328,1.158735990524292,1.1690419912338257,1.0762890577316284,7875588.0,-0.2445009122325905,0.0,0.056702063714686425
2024-04-10,1.1030349731445312,1.0870380401611328,1.1082429885864258,1.0433050394058228,8663929.0,-0.25960629016290737,0.0,0.056702063714686425
2024-04-11,1.0748430490493774,1.1025910377502441,1.1081899404525757,1.0617170333862305,6351419.0,-0.24424479719989306,0.0,0.056702063714686425
2024-04-12,0.9747639894485474,1.0746990442276,1.1232459545135498,0.8851510286331177,20933333.0,-0.16976680601361716,0.0,0.056702063714686425
2024-04-13,0.8707910180091858,0.9747639894485474,1.0024399757385254,0.8137410283088684,22573130.0,-0.07277513564358665,0.0,0.056702063714686425
2024-04-14,0.9373130202293396,0.8707910180091858,0.9452329874038696,0.8312820196151733,13968939.0,-0.1409984702776718,0.0,0.056702063714686425
2024-04-15,0.8856080174446106,0.9373130202293396,0.9780830144882202,0.8550300002098083,14653060.0,-0.09306031902231138,0.0,0.056702063714686425
2024-04-16,0.9080790281295776,0.8855509757995605,0.9247840046882629,0.8544430136680603,10843993.0,-0.11819620626332217,0.0,0.056702063714686425
2024-04-17,0.8734930157661438,0.9080770015716553,0.9128280282020569,0.8274999856948853,13024278.0,-0.08574161091948386,0.0,0.056702063714686425
2024-04-18,0.9167060256004333,0.8734930157661438,0.9277399778366089,0.8557909727096558,10352618.0,-0.13158996149163432,0.0,0.056702063714686425
2024-04-19,0.9115729928016663,0.9167060256004333,0.9494709968566895,0.8553680181503296,10645168.0,-0.1291151118855273,0.0,0.056702063714686425
2024-04-20,0.9653570055961609,0.911575973033905,0.9741340279579163,0.9070540070533752,7879708.0,-0.18044465813508406,0.0,0.056702063714686425
2024-04-21,0.9628139734268188,0.9653570055961609,0.9795910120010376,0.9360420107841492,6542173.0,-0.1811848114612596,0.0,0.056702063714686425
2024-04-22,0.9877889752388,0.9628139734268188,1.0183720588684082,0.9622759819030762,8166243.0,-0.2048610887438874,0.0,0.056702063714686425
2024-04-23,0.9860100150108337,0.9877889752388,1.0250099897384644,0.9748950004577637,8280948.0,-0.20709886477498204,0.0,0.056702063714686425
2024-04-24,0.9487109780311584,0.9860100150108337,1.0032880306243896,0.9283260107040405,8570051.0,-0.1797460901748374,0.0,0.056702063714686425
2024-04-25,0.937969982624054,0.9487490057945251,0.9598910212516785,0.9074069857597351,6492457.0,-0.17418638862033856,0.0,0.056702063714686425
2024-04-26,0.9147099852561951,0.937969982624054,0.9409170150756836,0.8855500221252441,7016403.0,-0.1573383649140429,0.0,0.056702063714686425
2024-04-27,0.9234910011291504,0.9147099852561951,0.9343109726905823,0.8812130093574524,5077550.0,-0.1699386743282541,0.0,0.056702063714686425
2024-04-28,0.9134359955787659,0.9234910011291504,0.9390289783477783,0.9080439805984497,5431796.0,-0.16572043941303485,0.0,0.056702063714686425
2024-04-29,0.891755998134613,0.9134359955787659,0.921684980392456,0.8668010234832764,7842514.0,-0.15053142685907897,0.0,0.056702063714686425
2024-04-30,0.8607900142669678,0.891755998134613,0.9036449790000916,0.8193579912185669,8591161.0,-0.12449933994811554,0.0,0.056702063714686425
2024-05-01,0.849593997001648,0.8607900142669678,0.8676040172576904,0.8090850114822388,10575131.0,-0.11763290504090189,0.0,0.056702063714686425
2024-05-02,0.8648099899291992,0.849593997001648,0.8752009868621826,0.8161299824714661,7463557.0,-0.13742398059388175,0.0,0.056702063714686425
2024-05-03,0.8918480277061462,0.8648099899291992,0.9094070196151733,0.8504570126533508,11216925.0,-0.16817620667458194,0.0,0.056702063714686425
2024-05-04,0.9066749811172485,0.8918480277061462,0.9190239906311035,0.8800230026245117,11286944.0,-0.18621131768376398,0.0,0.056702063714686425
2024-05-05,0.9271849989891052,0.9066749811172485,0.9619439840316772,0.8947420120239258,12028734.0,-0.20894073129596633,0.0,0.056702063714686425
2024-05-06,0.9275509715080261,0.9271849989891052,0.9646090269088745,0.9135339856147766,12855284.0,-0.21382552312648737,0.0,0.056702063714686425
2024-05-07,0.9215779900550842,0.9275509715080261,0.9577500224113464,0.9081400036811829,24821681.0,-0.2133853621583094,0.0,0.056702063714686425
2024-05-08,0.893979012966156,0.9215779900550842,0.9219310283660889,0.8749809861183167,22859200.0,-0.1936149645301925,0.0,0.056702063714686425
2024-05-09,0.8873550295829773,0.893979012966156,0.8993399739265442,0.8483020067214966,21467015.0,-0.19242407012217985,0.0,0.056702063714686425
2024-05-10,0.8636379837989807,0.8873599767684937,0.9103440046310425,0.8432009816169739,14685979.0,-0.17509460185946613,0.0,0.056702063714686425
2024-05-11,0.8404840230941772,0.8636379837989807,0.8779420256614685,0.8378720283508301,9943249.0,-0.15684854322159106,0.0,0.056702063714686425
2024-05-12,0.8737710118293762,0.8404819965362549,0.913811981678009,0.8395779728889465,9712966.0,-0.19256091188573482,0.0,0.056702063714686425
2024-05-13,0.8672559857368469,0.8737710118293762,0.9030020236968994,0.8336660265922546,11073049.0,-0.18974157279679302,0.0,0.056702063714686425
2024-05-14,0.8419560194015503,0.8672559857368469,0.871628999710083,0.8184210062026978,10829299.0,-0.16869570574862,0.0,0.056702063714686425
2024-05-15,0.8687580227851868,0.8419560194015503,0.89901202917099,0.8227329850196838,10872015.0,-0.19780170431802088,0.0,0.056702063714686425
2024-05-16,0.874888002872467,0.8687790036201477,0.9005069732666016,0.8585209846496582,10605925.0,-0.2072105822486964,0.0,0.056702063714686425
2024-05-17,0.9040300250053406,0.874888002872467,0.922357976436615,0.8748800158500671,11287450.0,-0.23642247224032042,0.0,0.056702063714686425
2024-05-18,0.8960109949111938,0.9040300250053406,0.9041560292243958,0.8819310069084167,8448433.0,-0.2330682308412972,0.0,0.056702063714686425
2024-05-19,0.8737490177154541,0.896012008190155,0.898639976978302,0.8693649768829346,8773396.0,-0.21660808098877252,0.0,0.056702063714686425
2024-05-20,0.929328978061676,0.8737490177154541,0.9355610013008118,0.8734409809112549,12464785.0,-0.26651464476846365,0.0,0.056702063714686425
2024-05-21,0.9029170274734497,0.9293180108070374,0.9310160279273987,0.8930370211601257,16166053.0,-0.248806503223841,0.0,0.056702063714686425
2024-05-22,0.909995973110199,0.9029170274734497,0.9317139983177185,0.8848080039024353,13954956.0,-0.25855685406848705,0.0,0.056702063714686425
2024-05-23,0.9003310203552246,0.909995973110199,0.9238020181655884,0.8635579943656921,15533543.0,-0.25473152371691526,0.0,0.056702063714686425
2024-05-24,0.8784329891204834,0.9003310203552246,0.9060549736022949,0.8656439781188965,9029595.0,-0.2403581157914832,0.0,0.056702063714686425
2024-05-25,0.920261025428772,0.8784350156784058,0.9504789710044861,0.8784289956092834,9557433.0,-0.2794477041340098,0.0,0.056702063714686425
2024-05-26,0.9330750107765198,0.920261025428772,0.942562997341156,0.9056469798088074,8230750.0,-0.29410663421586747,0.0,0.056702063714686425
2024-05-27,0.9624559879302979,0.9330750107765198,0.9783229827880859,0.9324899911880493,12119484.0,-0.3200963942526233,0.0,0.056702063714686425
2024-05-28,0.9932910203933716,0.9624559879302979,0.9970849752426147,0.928039014339447,12993843.0,-0.3451482659424807,0.0,0.056702063714686425
2024-05-29,0.982649028301239,0.9932910203933716,1.050583004951477,0.9823529720306396,19650442.0,-0.3421776536169488,0.0,0.056702063714686425
2024-05-30,0.9738159775733948,0.9826499819755554,0.9954879879951477,0.9476029872894287,8180454.0,-0.34072786893155144,0.0,0.056702063714686425
2024-05-31,0.9455260038375854,0.9738159775733948,0.9832289814949036,0.943045973777771,8402072.0,-0.3254845929739641,0.0,0.056702063714686425
2024-06-01,0.9408180117607117,0.9455260038375854,0.9498819708824158,0.9239230155944824,7168748.0,-0.32651221467716546,0.0,0.056702063714686425
2024-06-02,0.9102519750595093,0.9408190250396729,0.9472939968109131,0.9060490131378174,7009639.0,-0.30761473879078904,0.0,0.056702063714686425
2024-06-03,0.9289600253105164,0.9102519750595093,0.9540849924087524,0.9071570038795471,8218643.0,-0.3254132409167421,0.0,0.056702063714686425
2024-06-04,0.9713960289955139,0.9289600253105164,0.9752370119094849,0.9160320162773132,8185231.0,-0.3590722580748588,-1.0,0.4716489681426568
2024-06-05,1.007254958152771,0.9713960289955139,1.0185120105743408,0.9695510268211365,9305046.0,-0.38611125695615967,-1.0,0.4716489681426568
2024-06-06,1.0306739807128906,1.007254958152771,1.0481799840927124,0.9730439782142639,11474103.0,-0.40439873662953163,-1.0,0.4716489681426568
2024-06-07,0.9380090236663818,1.0306739807128906,1.0387020111083984,0.9220389723777771,11496303.0,-0.34917212594243546,0.0,0.056702063714686425
2024-06-08,0.9330599904060364,0.9379000067710876,0.9700009822845459,0.9132779836654663,7738950.0,-0.34899847168508574,0.0,0.056702063714686425
2024-06-09,0.9157630205154419,0.9327710270881653,0.9339150190353394,0.9055320024490356,6826244.0,-0.3403819516746265,0.0,0.056702063714686425
2024-06-10,0.8927220106124878,0.9162290096282959,0.9221090078353882,0.8832100033760071,6842211.0,-0.32710387259784,0.0,0.056702063714686425
2024-06-11,0.8580769896507263,0.8926969766616821,0.958748996257782,0.8360959887504578,19374322.0,-0.30313128322081884,0.0,0.056702063714686425
2024-06-12,0.8854820132255554,0.858377993106842,0.9255809783935547,0.8380699753761292,10369639.0,-0.3278046540076702,0.0,0.056702063714686425
2024-06-13,0.826449990272522,0.8852919936180115,0.8853390216827393,0.8254979848861694,8714709.0,-0.28235388700008773,0.0,0.056702063714686425
2024-06-14,0.7497230172157288,0.8264700174331665,0.8317750096321106,0.7261880040168762,16861167.0,-0.21066165869198553,0.0,0.056702063714686425
2024-06-15,0.7502899765968323,0.7498559951782227,0.7615050077438354,0.7313309907913208,7164316.0,-0.21269380111794975,0.0,0.056702063714686425
2024-06-16,0.7217140197753906,0.7503899931907654,0.7520689964294434,0.7062659859657288,8762865.0,-0.18305157321599677,0.0,0.056702063714686425
2024-06-17,0.690002977848053,0.7216569781303406,0.7228630185127258,0.6574609875679016,10237056.0,-0.14631830890890032,0.0,0.056702063714686425
2024-06-18,0.6157659888267517,0.6899899840354919,0.6906710267066956,0.5871350169181824,12671813.0,-0.042890031013167546,0.0,0.056702063714686425
2024-06-19,0.6281740069389343,0.6156560182571411,0.6540830135345459,0.6092659831047058,7865874.0,-0.062051547709510026,0.0,0.056702063714686425
2024-06-20,0.6586509943008423,0.6281740069389343,0.6846460103988647,0.6265590190887451,8614871.0,-0.10581215212392679,0.0,0.056702063714686425
2024-06-21,0.6450690031051636,0.6586179733276367,0.6608420014381409,0.631600022315979,7799926.0,-0.08686035231584993,0.0,0.056702063714686425
2024-06-22,0.6286770105361938,0.6451069712638855,0.6456059813499451,0.6245059967041016,5442974.0,-0.06297528196437073,0.0,0.056702063714686425
2024-06-23,0.5997549891471863,0.6287029981613159,0.6388199925422668,0.5925599932670593,7458198.0,-0.017150912715765607,0.0,0.056702063714686425
2024-06-24,0.632872998714447,0.5997509956359863,0.6363139748573303,0.5739039778709412,11468097.0,-0.06913246284913561,0.0,0.056702063714686425
2024-06-25,0.6538329720497131,0.6329110264778137,0.6590110063552856,0.6217349767684937,8012443.0,-0.10075317287119184,0.0,0.056702063714686425
2024-06-26,0.6194360256195068,0.6538329720497131,0.6863120198249817,0.6121960282325745,9355739.0,-0.05233380315152545,0.0,0.056702063714686425
2024-06-27,0.6619719862937927,0.6193640232086182,0.6677460074424744,0.6175130009651184,8668392.0,-0.1151565242257811,0.0,0.056702063714686425
2024-06-28,0.6633790135383606,0.6620280146598816,0.6810430288314819,0.6534600257873535,8464699.0,-0.11888219209694743,0.0,0.056702063714686425
2024-06-29,0.621533989906311,0.6634629964828491,0.6671040058135986,0.620058000087738,6764970.0,-0.060585927501065694,0.0,0.056702063714686425
2024-06-30,0.6383879780769348,0.6215320229530334,0.6410409808158875,0.6116039752960205,6516069.0,-0.08668057030281937,0.0,0.056702063714686425
2024-07-01,0.6541600227355957,0.638484001159668,0.6675009727478027,0.6316090226173401,8380607.0,-0.11058194402165238,0.0,0.056702063714686425
2024-07-02,0.6312299966812134,0.6541479825973511,0.6552389860153198,0.6253010034561157,6381976.0,-0.08002402820908867,0.0,0.056702063714686425
2024-07-03,0.6282650232315063,0.6312710046768188,0.6589930057525635,0.6122270226478577,11253439.0,-0.07765196276373316,0.0,0.056702063714686425
2024-07-04,0.5669860243797302,0.6281599998474121,0.6346110105514526,0.5640019774436951,10311920.0,0.020918139020959615,0.0,0.056702063714686425
2024-07-05,0.5332099795341492,0.5672399997711182,0.5686219930648804,0.4866519868373871,15960293.0,0.0855033036433457,0.0,0.056702063714686425
2024-07-06,0.5757730007171631,0.5329409837722778,0.5845400094985962,0.5267710089683533,7124974.0,0.004491990544206784,0.0,0.056702063714686425
2024-07-07,0.5309230089187622,0.5757499933242798,0.5757499933242798,0.5275620222091675,8283110.0,0.08928938126245681,0.0,0.056702063714686425
2024-07-08,0.540552020072937,0.5309339761734009,0.5663419961929321,0.5116329789161682,7898545.0,0.07017057696221797,0.0,0.056702063714686425
2024-07-09,0.5524460077285767,0.5404670238494873,0.5548400282859802,0.535336971282959,7371251.0,0.04704719060087429,0.0,0.056702063714686425
2024-07-10,0.5610510110855103,0.5525400042533875,0.5729119777679443,0.5472270250320435,6762393.0,0.030483220022245433,0.0,0.056702063714686425
2024-07-11,0.5696759819984436,0.5611249804496765,0.5815070271492004,0.5517370104789734,7496880.0,0.014173393635270547,0.0,0.056702063714686425
2024-07-12,0.5894060134887695,0.5700129866600037,0.5922930240631104,0.5520920157432556,8734212.0,-0.020692076799410954,0.0,0.056702063714686425
2024-07-13,0.6169220209121704,0.5896819829940796,0.6228979825973511,0.5891169905662537,9481042.0,-0.06570881560232733,0.0,0.056702063714686425
2024-07-14,0.6369529962539673,0.6170840263366699,0.6378639936447144,0.6138010025024414,11624735.0,-0.09629630726321557,0.0,0.056702063714686425
2024-07-15,0.6655009984970093,0.636722981929779,0.668366014957428,0.631434977054596,13759934.0,-0.13693452107615944,0.0,0.056702063714686425
2024-07-16,0.6556680202484131,0.666608989238739,0.6758340001106262,0.6336410045623779,14935956.0,-0.1256542767070229,0.0,0.056702063714686425
2024-07-17,0.6545779705047607,0.6554149985313416,0.6840890049934387,0.6527529954910278,11039185.0,-0.12632341142535397,0.0,0.056702063714686425
2024-07-18,0.6473739743232727,0.6545789837837219,0.6776109933853149,0.6344259977340698,9452092.0,-0.11841653158833355,0.0,0.056702063714686425
2024-07-19,0.6771569848060608,0.647333025932312,0.688398003578186,0.633538007736206,10746021.0,-0.16003911889064398,0.0,0.056702063714686425
2024-07-20,0.6882820129394531,0.6771500110626221,0.7113940119743347,0.6757940053939819,9537401.0,-0.17658508771215453,0.0,0.056702063714686425
2024-07-21,0.7152680158615112,0.6882820129394531,0.7251650094985962,0.6764969825744629,10969778.0,-0.2109063369242093,0.0,0.056702063714686425
2024-07-22,0.6935020089149475,0.7152569890022278,0.7227740287780762,0.690172016620636,20805889.0,-0.18925950416561882,0.0,0.056702063714686425
2024-07-23,0.6684179902076721,0.6935020089149475,0.7055609822273254,0.6628509759902954,8037378.0,-0.1612763156111043,0.0,0.056702063714686425
2024-07-24,0.6628699898719788,0.6685320138931274,0.6919479966163635,0.6606289744377136,7267349.0,-0.1566504900202352,0.0,0.056702063714686425
2024-07-25,0.6695889830589294,0.6628929972648621,0.6731489896774292,0.6382330060005188,8561403.0,-0.16781338471366444,0.0,0.056702063714686425
2024-07-26,0.6958190202713013,0.6696760058403015,0.7017130255699158,0.6687830090522766,8587330.0,-0.20203945859759226,0.0,0.056702063714686425
2024-07-27,0.6996150016784668,0.6958190202713013,0.7123579978942871,0.688552975654602,8397657.0,-0.20926858423806877,0.0,0.056702063714686425
2024-07-28,0.6887289881706238,0.6995940208435059,0.7014939785003662,0.6720809936523438,7793411.0,-0.19983598475498085,0.0,0.056702063714686425
2024-07-29,0.6999379992485046,0.688709020614624,0.7234089970588684,0.6886039972305298,10309658.0,-0.21576704046277712,0.0,0.056702063714686425
2024-07-30,0.6311529874801636,0.6999670267105103,0.7083320021629333,0.6273099780082703,10431032.0,-0.1325403093405586,0.0,0.056702063714686425
2024-07-31,0.5935029983520508,0.6311299800872803,0.6437669992446899,0.5918319821357727,10357921.0,-0.0785636529422843,0.0,0.056702063714686425
2024-08-01,0.5856099724769592,0.5936939716339111,0.5974569916725159,0.5506749749183655,9974811.0,-0.06680597908673759,0.0,0.056702063714686425
2024-08-02,0.542568027973175,0.5856099724769592,0.5856180191040039,0.5368350148200989,8025836.0,0.007276624628029966,0.0,0.056702063714686425
2024-08-03,0.5082799792289734,0.542568027973175,0.559315025806427,0.506492018699646,7398702.0,0.07626358911070444,0.0,0.056702063714686425
2024-08-04,0.47310400009155273,0.508279025554657,0.5230079889297485,0.45599499344825745,9178944.0,0.15887141913633676,0.0,0.056702063714686425
2024-08-05,0.44661200046539307,0.47310400009155273,0.4747990071773529,0.3943270146846771,24004186.0,0.23181432803077404,0.0,0.056702063714686425
2024-08-06,0.47893598675727844,0.44661200046539307,0.4909290075302124,0.4465799927711487,14222877.0,0.15119287163106346,0.0,0.056702063714686425
2024-08-07,0.4606870114803314,0.4789290130138397,0.4875740110874176,0.4475120007991791,15509148.0,0.1992493346648545,0.0,0.056702063714686425
2024-08-08,0.503246009349823,0.46069198846817017,0.5061200261116028,0.4545910060405731,10071303.0,0.09854104714143641,0.0,0.056702063714686425
2024-08-09,0.48966100811958313,0.503246009349823,0.5122770071029663,0.48101601004600525,8774670.0,0.13039598276828446,0.0,0.056702063714686425
2024-08-10,0.5128549933433533,0.48966100811958313,0.5161539912223816,0.488768994808197,5970993.0,0.08062012825602383,0.0,0.056702063714686425
2024-08-11,0.49759700894355774,0.5128549933433533,0.5192679762840271,0.4928770065307617,6629581.0,0.11521189292692526,0.0,0.056702063714686425
2024-08-12,0.5118950009346008,0.49759700894355774,0.5185099840164185,0.493274986743927,7854499.0,0.0858521673126662,0.0,0.056702063714686425
2024-08-13,0.5011420249938965,0.5118950009346008,0.5120930075645447,0.48600301146507263,6724608.0,0.11061246927743924,0.0,0.056702063714686425
2024-08-14,0.49850600957870483,0.5011420249938965,0.511879026889801,0.49447500705718994,7240200.0,0.11728839569741277,0.0,0.056702063714686425
2024-08-15,0.4674510061740875,0.49850600957870483,0.499210000038147,0.4590210020542145,8147818.0,0.193968978242001,0.0,0.056702063714686425
2024-08-16,0.4533190131187439,0.4674510061740875,0.47532200813293457,0.4468500018119812,9821532.0,0.23476506258407676,0.0,0.056702063714686425
2024-08-17,0.47158199548721313,0.4533190131187439,0.4730989933013916,0.45014598965644836,5415784.0,0.19090740349271262,0.0,0.056702063714686425
2024-08-18,0.5662019848823547,0.47158199548721313,0.7037379741668701,0.46667200326919556,72068528.0,-0.005196881386813923,0.0,0.056702063714686425
2024-08-19,0.5913469791412354,0.5662019848823547,0.6821749806404114,0.5412420034408569,93181107.0,-0.04512834307137728,0.0,0.056702063714686425
2024-08-20,0.5695340037345886,0.5913469791412354,0.6304669976234436,0.5633789896965027,31385719.0,-0.0060405867901050184,0.0,0.056702063714686425
2024-08-21,0.5742239952087402,0.5695340037345886,0.5898169875144958,0.5535479784011841,16673041.0,-0.011096084011502604,0.0,0.056702063714686425
2024-08-22,0.550091028213501,0.5742239952087402,0.5865489840507507,0.5468590259552002,15078502.0,0.03656808931329041,0.0,0.056702063714686425
2024-08-23,0.5801460146903992,0.550091028213501,0.5924580097198486,0.5500640273094177,15590993.0,-0.013424689547027822,0.0,0.056702063714686425
2024-08-24,0.5904750227928162,0.5801460146903992,0.6092349886894226,0.5656710267066956,17339841.0,-0.02712111274862377,0.0,0.056702063714686425
2024-08-25,0.6099939942359924,0.5904750227928162,0.629597008228302,0.5728620290756226,18960646.0,-0.055263683962780086,0.0,0.056702063714686425
2024-08-26,0.6511340141296387,0.6099939942359924,0.6899480223655701,0.6015740036964417,61753233.0,-0.1126773826448077,0.0,0.056702063714686425
2024-08-27,0.571304976940155,0.6511340141296387,0.6541370153427124,0.5629079937934875,17589326.0,0.01684237807951818,0.0,0.056702063714686425
2024-08-28,0.5615940093994141,0.571304976940155,0.5864390134811401,0.5506340265274048,12522195.0,0.04022059050451387,0.0,0.056702063714686425
2024-08-29,0.5355799794197083,0.5615940093994141,0.5684059858322144,0.5333520174026489,15354974.0,0.09659105247473666,0.0,0.056702063714686425
2024-08-30,0.5164369940757751,0.5355799794197083,0.5356209874153137,0.4955340027809143,12988797.0,0.1447353492706323,0.0,0.056702063714686425
2024-08-31,0.5088279843330383,0.5164369940757751,0.543927013874054,0.5023379921913147,8569185.0,0.16925521633820836,0.0,0.056702063714686425
2024-09-01,0.4974910020828247,0.5088279843330383,0.5150480270385742,0.4917370080947876,8997967.0,0.20414237963200405,0.0,0.056702063714686425
2024-09-02,0.5435879826545715,0.4974910020828247,0.5536720156669617,0.49747899174690247,21660017.0,0.10521884602669557,0.0,0.056702063714686425
2024-09-03,0.6092339754104614,0.5435879826545715,0.7152829766273499,0.5421820282936096,81508197.0,-0.012378435781797117,0.0,0.056702063714686425
2024-09-04,0.5857629776000977,0.6092249751091003,0.6186659932136536,0.5770310163497925,39255294.0,0.030131279032940324,0.0,0.056702063714686425
2024-09-05,0.5427380204200745,0.5857629776000977,0.5936160087585449,0.5387300252914429,21115366.0,0.11594232159278073,0.0,0.056702063714686425
2024-09-06,0.5302140116691589,0.5427380204200745,0.556011974811554,0.5125939846038818,19118750.0,0.14679946143921851,0.0,0.056702063714686425
2024-09-07,0.5348610281944275,0.5302140116691589,0.5480629801750183,0.5238450169563293,7522766.0,0.14026964676596854,0.0,0.056702063714686425
2024-09-08,0.5785819888114929,0.5348610281944275,0.5933399796485901,0.5332800149917603,17317138.0,0.0567852962461291,0.0,0.056702063714686425
2024-09-09,0.578029990196228,0.5785819888114929,0.5842000246047974,0.5453919768333435,16549113.0,0.06012360091290503,0.0,0.056702063714686425
2024-09-10,0.5725880265235901,0.578029990196228,0.5788310170173645,0.5629469752311707,9515525.0,0.07214834686340721,0.0,0.056702063714686425
2024-09-11,0.5905410051345825,0.5725880265235901,0.5996909737586975,0.5660030245780945,31996059.0,0.04008673709462371,0.0,0.056702063714686425
2024-09-12,0.592441976070404,0.5905410051345825,0.5979610085487366,0.5705459713935852,17650808.0,0.03683661050408912,0.0,0.056702063714686425
2024-09-13,0.6059550046920776,0.592441976070404,0.609499990940094,0.574068009853363,13859978.0,0.014036209252385296,0.0,0.056702063714686425
2024-09-14,0.6332839727401733,0.6059550046920776,0.6392149925231934,0.5951129794120789,13484645.0,-0.03063274719652351,0.0,0.056702063714686425
2024-09-15,0.585536003112793,0.6332839727401733,0.633292019367218,0.5842530131340027,9971570.0,0.04786048582612893,0.0,0.056702063714686425
2024-09-16,0.5649480223655701,0.585536003112793,0.586887001991272,0.5580300092697144,10347989.0,0.08666764028800227,0.0,0.056702063714686425
2024-09-17,0.5893440246582031,0.5649480223655701,0.5963490009307861,0.5592449903488159,9591633.0,0.042713686969272885,0.0,0.056702063714686425
2024-09-18,0.6159700155258179,0.5893440246582031,0.6160579919815063,0.5744950175285339,12737992.0,-0.001982332543683432,0.0,0.056702063714686425
2024-09-19,0.6188600063323975,0.6159700155258179,0.6294460296630859,0.6121119856834412,14461850.0,-0.00685730486450668,0.0,0.056702063714686425
2024-09-20,0.6209999918937683,0.6188600063323975,0.6428999900817871,0.6071950197219849,14893159.0,-0.0105184085301466,0.0,0.056702063714686425
2024-09-21,0.6447269916534424,0.6209999918937683,0.6460980176925659,0.611732006072998,8642643.0,-0.047191771024655695,0.0,0.056702063714686425
2024-09-22,0.6134420037269592,0.6447269916534424,0.6447640061378479,0.596517026424408,8321195.0,0.0013594178722781249,0.0,0.056702063714686425
2024-09-23,0.6351010203361511,0.6134420037269592,0.6438630223274231,0.6016409993171692,11300235.0,-0.032915253227168144,0.0,0.056702063714686425
2024-09-24,0.6464260220527649,0.6351010203361511,0.6465139985084534,0.6165090203285217,8163219.0,-0.050429200673571456,0.0,0.056702063714686425
2024-09-25,0.6124029755592346,0.6464260220527649,0.6525850296020508,0.6095539927482605,8703082.0,0.0024571040113020334,0.0,0.056702063714686425
2024-09-26,0.6354129910469055,0.6123980283737183,0.6455420255661011,0.5980939865112305,15651002.0,-0.03380779198565464,0.0,0.056702063714686425
2024-09-27,0.6529449820518494,0.6354129910469055,0.658515989780426,0.6353769898414612,11117933.0,-0.05949703202746356,0.0,0.056702063714686425
2024-09-28,0.6333630084991455,0.6529449820518494,0.6601499915122986,0.6123170256614685,8267913.0,-0.029579916972456183,0.0,0.056702063714686425
2024-09-29,0.6372640132904053,0.6333630084991455,0.6439260244369507,0.6147289872169495,8814693.0,-0.03490813393058379,0.0,0.056702063714686425
2024-09-30,0.5987970232963562,0.6372640132904053,0.6395170092582703,0.5950890183448792,13255067.0,0.028689027621784765,0.0,0.056702063714686425
2024-10-01,0.5397899746894836,0.5987970232963562,0.626317024230957,0.5321800112724304,13199486.0,0.14264067138942416,0.0,0.056702063714686425
2024-10-02,0.5274490118026733,0.5397899746894836,0.5553370118141174,0.5111299753189087,10570194.0,0.170225542094006,0.0,0.056702063714686425
2024-10-03,0.536827027797699,0.5274490118026733,0.5430330038070679,0.5031200051307678,9606515.0,0.15041749316404163,0.0,0.056702063714686425
2024-10-04,0.5431789755821228,0.536827027797699,0.5526649951934814,0.5295460224151611,13645148.0,0.1378166107322983,0.0,0.056702063714686425
2024-10-05,0.5590800046920776,0.5431789755821228,0.5721610188484192,0.5384020209312439,16797321.0,0.1057141337812883,0.0,0.056702063714686425
2024-10-06,0.5574759840965271,0.5590800046920776,0.5624030232429504,0.5493940114974976,9687253.0,0.10894631598896735,0.0,0.056702063714686425
2024-10-07,0.5335800051689148,0.5574759840965271,0.5692470073699951,0.5333420038223267,11370779.0,0.15884534281356208,0.0,0.056702063714686425
2024-10-08,0.5229099988937378,0.5335800051689148,0.541854977607727,0.5157560110092163,9102625.0,0.18326919964306151,0.0,0.056702063714686425
2024-10-09,0.5069980025291443,0.5229099988937378,0.5358440279960632,0.5030850172042847,9989835.0,0.22208952627484607,0.0,0.056702063714686425
2024-10-10,0.5049819946289062,0.5069969892501831,0.5185499787330627,0.4895179867744446,9216520.0,0.22837048871779825,0.0,0.056702063714686425
2024-10-11,0.5287879705429077,0.5049819946289062,0.5338879823684692,0.5014879703521729,10324076.0,0.1746809650875688,0.0,0.056702063714686425
2024-10-12,0.5324739813804626,0.5287879705429077,0.5373799800872803,0.5254660248756409,5392228.0,0.16732592746851913,0.0,0.056702063714686425
2024-10-13,0.5279269814491272,0.5324739813804626,0.5369420051574707,0.5127959847450256,5954772.0,0.17720997498376181,0.0,0.056702063714686425
2024-10-14,0.5556510090827942,0.5279269814491272,0.5588420033454895,0.522953987121582,8244906.0,0.11760588400784706,0.0,0.056702063714686425
2024-10-15,0.5479549765586853,0.5556510090827942,0.5592179894447327,0.5281080007553101,10192561.0,0.13286624159267532,0.0,0.056702063714686425
2024-10-16,0.5332790017127991,0.5479549765586853,0.5514839887619019,0.5267879962921143,8546583.0,0.16375499657090486,0.0,0.056702063714686425
2024-10-17,0.5301399827003479,0.5332790017127991,0.537684977054596,0.5185779929161072,7804773.0,0.17017137755671655,0.0,0.056702063714686425
2024-10-18,0.5364620089530945,0.5301399827003479,0.5431950092315674,0.5232369899749756,9776758.0,0.1554715384632077,0.0,0.056702063714686425
2024-10-19,0.5360550284385681,0.5364620089530945,0.5441190004348755,0.529242992401123,5948909.0,0.1556470247928575,0.0,0.056702063714686425
2024-10-20,0.5616859793663025,0.5360550284385681,0.5635899901390076,0.5285230278968811,8624857.0,0.10171140198963116,0.0,0.056702063714686425
2024-10-21,0.543408989906311,0.5616859793663025,0.5653989911079407,0.5360730290412903,7358191.0,0.13753139580962995,0.0,0.056702063714686425
2024-10-22,0.5488079786300659,0.543408989906311,0.5526660084724426,0.5325350165367126,7746815.0,0.12457641923971981,0.0,0.056702063714686425
2024-10-23,0.5182520151138306,0.5488079786300659,0.5495579838752747,0.5074989795684814,7405246.0,0.18988706382299503,0.0,0.056702063714686425
2024-10-24,0.5321990251541138,0.5197150111198425,0.5346069931983948,0.5178409814834595,6298451.0,0.1585636016790046,0.0,0.056702063714686425
2024-10-25,0.4881330132484436,0.5321990251541138,0.5428950190544128,0.4804069995880127,8455669.0,0.26475333858841976,0.0,0.056702063714686425
2024-10-26,0.48799899220466614,0.4879379868507385,0.503711998462677,0.4832350015640259,6402963.0,0.26552256425643933,0.0,0.056702063714686425
2024-10-27,0.4871029853820801,0.48799899220466614,0.491456001996994,0.4728730022907257,5934647.0,0.26693115997525996,0.0,0.056702063714686425
2024-10-28,0.48149898648262024,0.4871020019054413,0.4875290095806122,0.46276798844337463,7328247.0,0.28081813537692546,0.0,0.056702063714686425
2024-10-29,0.5084660053253174,0.48149898648262024,0.5359249711036682,0.4805310070514679,21332681.0,0.21071459899063152,0.0,0.056702063714686425
2024-10-30,0.5073519945144653,0.5084660053253174,0.5172520279884338,0.5010150074958801,9113904.0,0.2108988375737971,0.0,0.056702063714686425
2024-10-31,0.4923959970474243,0.5073509812355042,0.5086420178413391,0.4810670018196106,10013956.0,0.24547896936931837,0.0,0.056702063714686425
2024-11-01,0.5011060237884521,0.4923959970474243,0.5199859738349915,0.4758239984512329,14854494.0,0.2213390367587278,0.0,0.056702063714686425
2024-11-02,0.5008159875869751,0.5011060237884521,0.51944899559021,0.49049800634384155,11521595.0,0.21980543359709936,0.0,0.056702063714686425
2024-11-03,0.481810986995697,0.5008159875869751,0.5096979737281799,0.4626449942588806,10401995.0,0.265975912104763,0.0,0.056702063714686425
2024-11-04,0.4861310124397278,0.481810986995697,0.5026019811630249,0.47106799483299255,11259045.0,0.2529071303052313,0.0,0.056702063714686425
2024-11-05,0.4925149977207184,0.4861310124397278,0.4993169903755188,0.4716170132160187,11263782.0,0.23496084179294952,0.0,0.056702063714686425
2024-11-06,0.5322980284690857,0.4925149977207184,0.5371299982070923,0.49224698543548584,18021124.0,0.14097485243329877,0.0,0.056702063714686425
2024-11-07,0.5476340055465698,0.5322980284690857,0.5532609820365906,0.5288419723510742,17697228.0,0.10683866407684821,0.0,0.056702063714686425
2024-11-08,0.5453479886054993,0.5476340055465698,0.5514010190963745,0.5276809930801392,10274314.0,0.10967929008841107,0.0,0.056702063714686425
2024-11-09,0.559939980506897,0.5453479886054993,0.562512993812561,0.5346689820289612,9054487.0,0.07885413422483516,0.0,0.056702063714686425
2024-11-10,0.5930039882659912,0.559939980506897,0.6080210208892822,0.5502309799194336,32633664.0,0.016163076275930614,0.0,0.056702063714686425
2024-11-11,0.630495011806488,0.5930039882659912,0.6327360272407532,0.5906869769096375,20848004.0,-0.04741387899939319,0.0,0.056702063714686425
2024-11-12,0.5969899892807007,0.630495011806488,0.6325250267982483,0.563942015171051,26479374.0,0.0028917728338081644,0.0,0.056702063714686425
2024-11-13,0.5715150237083435,0.5969899892807007,0.6018880009651184,0.5432109832763672,24093160.0,0.04507144588927968,0.0,0.056702063714686425
2024-11-14,0.5383110046386719,0.5715150237083435,0.5921810269355774,0.5315750241279602,15679530.0,0.10715269813591027,0.0,0.056702063714686425
2024-11-15,0.5557559728622437,0.5383110046386719,0.5587289929389954,0.5254210233688354,12883287.0,0.0694976297625907,0.0,0.056702063714686425
2024-11-16,0.5805330276489258,0.5551620125770569,0.5839729905128479,0.5514119863510132,15079180.0,0.020903756034992324,0.0,0.056702063714686425
2024-11-17,0.5686150193214417,0.5805330276489258,0.6082029938697815,0.5482730269432068,21259854.0,0.039270127079704356,0.0,0.056702063714686425
2024-11-18,0.6016820073127747,0.5686150193214417,0.6062420010566711,0.5634750127792358,19790743.0,-0.022240383682038976,0.0,0.056702063714686425
2024-11-19,0.5729060173034668,0.6016820073127747,0.6055570244789124,0.5570210218429565,11370720.0,0.023024209723424248,0.0,0.056702063714686425
2024-11-20,0.5377449989318848,0.5729060173034668,0.5734419822692871,0.522799015045166,11757120.0,0.08650984555126187,0.0,0.056702063714686425
2024-11-21,0.5798590183258057,0.5377439856529236,0.586309015750885,0.5247309803962708,13409584.0,0.0036939713850800927,0.0,0.056702063714686425
2024-11-22,0.6121259927749634,0.5798590183258057,0.6135810017585754,0.5698009729385376,15753882.0,-0.053656840734048195,0.0,0.056702063714686425
2024-11-23,0.6546469926834106,0.6121259927749634,0.6679379940032959,0.6073039770126343,22218361.0,-0.11996149247459947,0.0,0.056702063714686425
2024-11-24,0.7278050184249878,0.6546469926834106,0.7427530288696289,0.6526209712028503,38437434.0,-0.2132858714901218,0.0,0.056702063714686425
2024-11-25,0.7286419868469238,0.7276650071144104,0.7853800058364868,0.6956940293312073,37070964.0,-0.2197932323613346,0.0,0.056702063714686425
2024-11-26,0.7099890112876892,0.7286419868469238,0.7366570234298706,0.6677500009536743,27873921.0,-0.20505304449175588,0.0,0.056702063714686425
2024-11-27,0.7465739846229553,0.7099890112876892,0.7590510249137878,0.6913560032844543,23648620.0,-0.24979750710219042,0.0,0.056702063714686425
2024-11-28,0.780826985836029,0.7465739846229553,0.7867519855499268,0.715041995048523,28565274.0,-0.28876016533330046,0.0,0.056702063714686425
2024-11-29,0.7909370064735413,0.7808279991149902,0.8057540059089661,0.744379997253418,20891927.0,-0.3040148135067829,0.0,0.056702063714686425
2024-11-30,0.796563982963562,0.7909370064735413,0.814939022064209,0.7764549851417542,18823335.0,-0.3152745599583206,0.0,0.056702063714686425
2024-12-01,0.7886279821395874,0.796563982963562,0.8220139741897583,0.7693849802017212,21808959.0,-0.31510426645210615,0.0,0.056702063714686425
2024-12-02,0.7964149713516235,0.7886279821395874,0.79926997423172,0.7353150248527527,37848015.0,-0.3287978119472243,0.0,0.056702063714686425
2024-12-03,0.8810999989509583,0.7964349985122681,0.8990640044212341,0.7862899899482727,50817369.0,-0.40058111211902786,-1.0,0.4716489681426568
2024-12-04,0.8805390000343323,0.8810999989509583,0.9171910285949707,0.844914972782135,40883436.0,-0.40735386809137014,-1.0,0.4716489681426568
2024-12-05,0.8423749804496765,0.8805390000343323,0.8962810039520264,0.8234540224075317,43596495.0,-0.3875469519327163,-1.0,0.4716489681426568
2024-12-06,0.8958410024642944,0.8387349843978882,0.9184560179710388,0.8322150111198425,31202966.0,-0.4312838034537675,-1.0,0.4716489681426568
2024-12-07,0.877905011177063,0.8958410024642944,0.9220989942550659,0.8682969808578491,22454137.0,-0.4266449203487459,-1.0,0.4716489681426568
2024-12-08,0.8993129730224609,0.8847489953041077,0.9008340239524841,0.853875994682312,17895265.0,-0.44750605588641285,-1.0,0.4716489681426568
2024-12-09,0.7134889960289001,0.8993129730224609,0.8996949791908264,0.6527490019798279,43039254.0,-0.3098646875185956,0.0,0.056702063714686425
2024-12-10,0.6983090043067932,0.7134889960289001,0.7298949956893921,0.6471869945526123,43640951.0,-0.3011183790723714,0.0,0.056702063714686425
2024-12-11,0.7543380260467529,0.6983090043067932,0.7655479907989502,0.670166015625,20806300.0,-0.359448750291125,-1.0,0.4716489681426568
2024-12-12,0.7633910179138184,0.7543380260467529,0.7982680201530457,0.7463139891624451,22649878.0,-0.37364263892698824,-1.0,0.4716489681426568
2024-12-13,0.7639260292053223,0.7633910179138184,0.7698190212249756,0.7243930101394653,20879709.0,-0.38080775531197336,-1.0,0.4716489681426568
2024-12-14,0.7148529887199402,0.7639260292053223,0.7640230059623718,0.6965190172195435,12284928.0,-0.3446928612134315,0.0,0.056702063714686425
2024-12-15,0.7305939793586731,0.7148529887199402,0.7386789917945862,0.6932569742202759,14822149.0,-0.36523475708919106,-1.0,0.4716489681426568
2024-12-16,0.7099670171737671,0.7305939793586731,0.7538999915122986,0.6891080141067505,18183824.0,-0.35273838326635026,-1.0,0.4716489681426568
2024-12-17,0.6819630265235901,0.7099670171737671,0.7099670171737671,0.6757429838180542,16120009.0,-0.3317202923181813,0.0,0.056702063714686425
2024-12-18,0.6213679909706116,0.6819469928741455,0.6845570206642151,0.6175119876861572,22241629.0,-0.2720051538084352,0.0,0.056702063714686425
2024-12-19,0.5975049734115601,0.6213679909706116,0.6708509922027588,0.5819759964942932,32657975.0,-0.2479216876710852,0.0,0.056702063714686425
2024-12-20,0.6250439882278442,0.5974929928779602,0.6283779740333557,0.5237420201301575,28480118.0,-0.2869577252811089,0.0,0.056702063714686425
2024-12-21,0.576878011226654,0.6250439882278442,0.643841028213501,0.5683280229568481,15919865.0,-0.23330614232491032,0.0,0.056702063714686425
2024-12-22,0.5537149906158447,0.576878011226654,0.590192973613739,0.5449720025062561,13775477.0,-0.2070001961709122,0.0,0.056702063714686425
2024-12-23,0.5993160009384155,0.5537149906158447,0.6077100038528442,0.5416290163993835,18569082.0,-0.27348377724138134,0.0,0.056702063714686425
2024-12-24,0.6487659811973572,0.5993160009384155,0.6598169803619385,0.582850992679596,18471501.0,-0.33525668580111356,0.0,0.056702063714686425
2024-12-25,0.6386939883232117,0.6487360000610352,0.6562250256538391,0.6274009943008423,9639578.0,-0.3314565295655261,0.0,0.056702063714686425
2024-12-26,0.6058589816093445,0.6386939883232117,0.6442689895629883,0.5953029990196228,14113421.0,-0.3016703045226332,0.0,0.056702063714686425
2024-12-27,0.6064730286598206,0.6058580279350281,0.6276779770851135,0.5993059873580933,10176518.0,-0.3088983654062343,0.0,0.056702063714686425
2024-12-28,0.6283730268478394,0.6064730286598206,0.6326779723167419,0.60105299949646,8026759.0,-0.3396433657813388,0.0,0.056702063714686425
2024-12-29,0.6109669804573059,0.6283730268478394,0.6311749815940857,0.6049219965934753,8337094.0,-0.3277278040014361,0.0,0.056702063714686425
2024-12-30,0.6273180246353149,0.6109669804573059,0.6568610072135925,0.6052389740943909,22481219.0,-0.352184470577673,0.0,0.056702063714686425
2024-12-31,0.6102409958839417,0.6273180246353149,0.6412870287895203,0.604885995388031,10099087.0,-0.341080327739138,0.0,0.056702063714686425
2025-01-01,0.6202859878540039,0.6102409958839417,0.6215839982032776,0.589684009552002,7358127.0,-0.35841523135840353,-1.0,0.4716489681426568
2025-01-02,0.637703001499176,0.6202870011329651,0.6542440056800842,0.6202179789543152,14976666.0,-0.38286892635151776,-1.0,0.4716489681426568
2025-01-03,0.6691750288009644,0.637703001499176,0.6727060079574585,0.6282830238342285,13403486.0,-0.41886056084139905,-1.0,0.4716489681426568
2025-01-04,0.6854490041732788,0.6691750288009644,0.6909670233726501,0.6603599786758423,13209344.0,-0.4395164091597154,-1.0,0.4716489681426568
2025-01-05,0.6754969954490662,0.6854490041732788,0.68545001745224,0.6634569764137268,11750619.0,-0.43828267077162336,-1.0,0.4716489681426568
2025-01-06,0.6926429867744446,0.6754969954490662,0.7024620175361633,0.6609020233154297,14986607.0,-0.45928151238691134,-1.0,0.4716489681426568
2025-01-07,0.6191750168800354,0.6926609873771667,0.6962360143661499,0.6178119778633118,15968364.0,-0.4017457712236409,-1.0,0.4716489681426568
2025-01-08,0.5713850259780884,0.6191750168800354,0.6271679997444153,0.5574309825897217,16198139.0,-0.35801200539676037,-1.0,0.4716489681426568
2025-01-09,0.570235013961792,0.5713850259780884,0.5797529816627502,0.5470830202102661,13949701.0,-0.36297455314748317,-1.0,0.4716489681426568
2025-01-10,0.5885390043258667,0.5702289938926697,0.6050950288772583,0.5660359859466553,16059318.0,-0.3889374528962503,-1.0,0.4716489681426568
2025-01-11,0.5732510089874268,0.5885390043258667,0.5909979939460754,0.5674329996109009,9319416.0,-0.3784403010770414,-1.0,0.4716489681426568
2025-01-12,0.560247004032135,0.5732510089874268,0.5778440237045288,0.5538849830627441,9595737.0,-0.3695505265525785,-1.0,0.4716489681426568
2025-01-13,0.5459049940109253,0.560247004032135,0.5727130174636841,0.49784401059150696,17547338.0,-0.35853108945471657,-1.0,0.4716489681426568
2025-01-14,0.5627560019493103,0.5459049940109253,0.5660809874534607,0.5408099889755249,12872043.0,-0.3831128808725578,-1.0,0.4716489681426568
2025-01-15,0.5906559824943542,0.5627560019493103,0.5910900235176086,0.5500140190124512,13806688.0,-0.4178040156044938,-1.0,0.4716489681426568
2025-01-16,0.5743690133094788,0.5906609892845154,0.5920850038528442,0.5631129741668701,14826395.0,-0.4065288497577775,-1.0,0.4716489681426568
2025-01-17,0.6123020052909851,0.5743690133094788,0.6170330047607422,0.5738660097122192,15832876.0,-0.44865729289466244,-1.0,0.4716489681426568
2025-01-18,0.5729990005493164,0.6123020052909851,0.6189910173416138,0.5614960193634033,15376949.0,-0.41560896348426746,-1.0,0.4716489681426568
2025-01-19,0.5191289782524109,0.5729990005493164,0.5856429934501648,0.5124170184135437,28695932.0,-0.3594856274065406,-1.0,0.4716489681426568
2025-01-20,0.5084080100059509,0.5191289782524109,0.5636979937553406,0.4932889938354492,30415184.0,-0.35004789308343753,0.0,0.056702063714686425
2025-01-21,0.5245190262794495,0.5084080100059509,0.5290619730949402,0.4794969856739044,21514853.0,-0.3742211594200861,-1.0,0.4716489681426568
2025-01-22,0.5182269811630249,0.5245190262794495,0.5365849733352661,0.5092589855194092,18753478.0,-0.37072655083730666,-1.0,0.4716489681426568
2025-01-23,0.5054960250854492,0.5181199908256531,0.5226200222969055,0.4915210008621216,18772283.0,-0.358844753444788,-1.0,0.4716489681426568
2025-01-24,0.48863300681114197,0.5054979920387268,0.5158830285072327,0.48690301179885864,15183707.0,-0.3405089350224169,0.0,0.056702063714686425
2025-01-25,0.49918898940086365,0.4886060059070587,0.5033069849014282,0.4814949929714203,13351922.0,-0.35878015200647895,-1.0,0.4716489681426568
2025-01-26,0.4955799877643585,0.49918898940086365,0.5183020234107971,0.49530598521232605,14026591.0,-0.3587920527048337,-1.0,0.4716489681426568
2025-01-27,0.47764500975608826,0.49557000398635864,0.4967469871044159,0.43534401059150696,25281850.0,-0.3391243226941986,0.0,0.056702063714686425
2025-01-28,0.453916996717453,0.47770199179649353,0.4900979995727539,0.4498000144958496,14567347.0,-0.30890929745665996,0.0,0.056702063714686425
2025-01-29,0.46776801347732544,0.453916996717453,0.4827690124511719,0.4519619941711426,14136291.0,-0.3338502383099294,0.0,0.056702063714686425
2025-01-30,0.5248540043830872,0.4677959978580475,0.5344240069389343,0.46439000964164734,18925215.0,-0.41071383464408745,-1.0,0.4716489681426568
2025-01-31,0.5647140145301819,0.5248469710350037,0.5806040167808533,0.5090050101280212,26825106.0,-0.4567773773806276,-1.0,0.4716489681426568
2025-02-01,0.5081750154495239,0.5647159814834595,0.5910660028457642,0.5044999718666077,46436964.0,-0.39967301935197425,-1.0,0.4716489681426568
2025-02-02,0.44321998953819275,0.5081750154495239,0.5224909782409668,0.4277679920196533,21474329.0,-0.31386712586513194,0.0,0.056702063714686425
2025-02-03,0.440993994474411,0.44321998953819275,0.44669899344444275,0.3430440127849579,35827600.0,-0.31278397040822026,0.0,0.056702063714686425
2025-02-04,0.40013501048088074,0.44099199771881104,0.4433329999446869,0.3855539858341217,16689347.0,-0.24384736681818223,0.0,0.056702063714686425
2025-02-05,0.3843350112438202,0.40022599697113037,0.4021050035953522,0.3763450086116791,13154017.0,-0.21426651775350386,0.0,0.056702063714686425
2025-02-06,0.3862540125846863,0.3843350112438202,0.3946110010147095,0.35213398933410645,17674039.0,-0.22029476846669233,0.0,0.056702063714686425
2025-02-07,0.3787519931793213,0.3862540125846863,0.407943993806839,0.37119200825691223,20328728.0,-0.20705532392517514,0.0,0.056702063714686425
2025-02-08,0.39083200693130493,0.3787519931793213,0.393310010433197,0.3618530035018921,12042601.0,-0.23421417433899394,0.0,0.056702063714686425
2025-02-09,0.3899889886379242,0.39083200693130493,0.40824899077415466,0.37235701084136963,12688260.0,-0.2348140080066582,0.0,0.056702063714686425
2025-02-10,0.39948999881744385,0.3899889886379242,0.4046350121498108,0.37739598751068115,12710278.0,-0.2557821431700099,0.0,0.056702063714686425
2025-02-11,0.41016799211502075,0.39948999881744385,0.4348190128803253,0.3993690013885498,14294200.0,-0.278018373209171,0.0,0.056702063714686425
2025-02-12,0.4442870020866394,0.41016799211502075,0.44554999470710754,0.40077900886535645,17146102.0,-0.33690481782673437,0.0,0.056702063714686425
2025-02-13,0.4304090142250061,0.4442949891090393,0.45502200722694397,0.42279499769210815,12402788.0,-0.3184459442263569,0.0,0.056702063714686425
2025-02-14,0.44919800758361816,0.4304090142250061,0.4580889940261841,0.43040400743484497,11708308.0,-0.35097843737953865,0.0,0.056702063714686425
2025-02-15,0.45529499650001526,0.44919800758361816,0.45649099349975586,0.4326930046081543,9168532.0,-0.36390301526253493,-1.0,0.4716489681426568
2025-02-16,0.44553300738334656,0.45530200004577637,0.47224700450897217,0.4416719973087311,12396609.0,-0.35399703968465385,-1.0,0.4716489681426568
2025-02-17,0.4356749951839447,0.44557899236679077,0.4580020010471344,0.4298270046710968,11818920.0,-0.34345255468115443,0.0,0.056702063714686425
2025-02-18,0.4123139977455139,0.4356740117073059,0.4366309940814972,0.39804399013519287,11820154.0,-0.30977255378107155,0.0,0.056702063714686425
2025-02-19,0.4301680028438568,0.4123159945011139,0.43299400806427,0.40753600001335144,9971872.0,-0.3423618096213689,0.0,0.056702063714686425
2025-02-20,0.4127190113067627,0.4301680028438568,0.43917399644851685,0.39948201179504395,14745726.0,-0.3186449753161256,0.0,0.056702063714686425
2025-02-21,0.39770299196243286,0.4127190113067627,0.4347200095653534,0.39163801074028015,12985502.0,-0.2974797460721089,0.0,0.056702063714686425
2025-02-22,0.4128209948539734,0.3976770043373108,0.41845598816871643,0.39736101031303406,9406350.0,-0.327766429255675,0.0,0.056702063714686425
2025-02-23,0.3996880054473877,0.4128209948539734,0.4178619980812073,0.3947190046310425,9466808.0,-0.3100562953978135,0.0,0.056702063714686425
2025-02-24,0.3425469994544983,0.3996880054473877,0.4023919999599457,0.34125199913978577,14785884.0,-0.19825591912408802,0.0,0.056702063714686425
2025-02-25,0.35694900155067444,0.3425469994544983,0.36003899574279785,0.3249320089817047,16862301.0,-0.2341718871078317,0.0,0.056702063714686425
2025-02-26,0.358258992433548,0.35694900155067444,0.3653239905834198,0.34651198983192444,12172827.0,-0.24075537864621432,0.0,0.056702063714686425
2025-02-27,0.35796400904655457,0.358258992433548,0.36690500378608704,0.3484950065612793,10268042.0,-0.24437276107442896,0.0,0.056702063714686425
2025-02-28,0.3455899953842163,0.35796400904655457,0.3590109944343567,0.3260979950428009,14205861.0,-0.22126070614626134,0.0,0.056702063714686425
2025-03-01,0.34431201219558716,0.3455899953842163,0.349590003490448,0.33056798577308655,9126745.0,-0.2221152608516391,0.0,0.056702063714686425
2025-03-02,0.3808780014514923,0.34431201219558716,0.3808940052986145,0.33744800090789795,14461595.0,-0.3012113536669736,0.0,0.056702063714686425
2025-03-03,0.32850000262260437,0.3808780014514923,0.3857960104942322,0.3228220045566559,14848602.0,-0.19285880002288946,0.0,0.056702063714686425
2025-03-04,0.30938398838043213,0.32850000262260437,0.3295550048351288,0.2871659994125366,15346274.0,-0.14533712534102744,0.0,0.056702063714686425
2025-03-05,0.3230240046977997,0.30938398838043213,0.32597899436950684,0.3061150014400482,9766242.0,-0.18447559962304513,0.0,0.056702063714686425
2025-03-06,0.31763899326324463,0.3230240046977997,0.328359991312027,0.3090220093727112,9677281.0,-0.1739913698761947,0.0,0.056702063714686425
2025-03-07,0.3132050037384033,0.31763899326324463,0.32572799921035767,0.3022040128707886,11725944.0,-0.16579847907586018,0.0,0.056702063714686425
2025-03-08,0.3013879954814911,0.3132050037384033,0.31770798563957214,0.2922930121421814,8933178.0,-0.13636499422407924,0.0,0.056702063714686425
2025-03-09,0.2692590057849884,0.3013879954814911,0.3028309941291809,0.26696300506591797,10233416.0,-0.0360224699227977,0.0,0.056702063714686425
2025-03-10,0.25031301379203796,0.2692590057849884,0.288659006357193,0.2420549988746643,13065823.0,0.03513162565292775,0.0,0.056702063714686425
2025-03-11,0.25316599011421204,0.25034698843955994,0.26057198643684387,0.22746199369430542,14873576.0,0.021080217621351063,0.0,0.056702063714686425
2025-03-12,0.26314398646354675,0.25316599011421204,0.2639220058917999,0.24360600113868713,9298036.0,-0.02021306683018689,0.0,0.056702063714686425
2025-03-13,0.2609499990940094,0.26314398646354675,0.2659980058670044,0.2520500123500824,9800261.0,-0.014589746081918917,0.0,0.056702063714686425
2025-03-14,0.2651289999485016,0.2609499990940094,0.27194300293922424,0.2586910128593445,8779510.0,-0.033191971785360486,0.0,0.056702063714686425
2025-03-15,0.27736198902130127,0.2651289999485016,0.28080499172210693,0.26130399107933044,9207990.0,-0.07938362574177113,0.0,0.056702063714686425
2025-03-16,0.2636530101299286,0.27736198902130127,0.2774359881877899,0.2571919858455658,12549463.0,-0.03502280722415355,0.0,0.056702063714686425
2025-03-17,0.2763090133666992,0.2636519968509674,0.277878999710083,0.26303499937057495,6978116.0,-0.08225334778340133,0.0,0.056702063714686425
2025-03-18,0.2701840102672577,0.2763090133666992,0.2773149907588959,0.26163798570632935,7606741.0,-0.06423208097755656,0.0,0.056702063714686425
2025-03-19,0.27970799803733826,0.2701840102672577,0.2798349857330322,0.2657630145549774,8508074.0,-0.09946761464014223,0.0,0.056702063714686425
2025-03-20,0.26980599761009216,0.27970799803733826,0.2809480130672455,0.2676190137863159,6801977.0,-0.06936000007736592,0.0,0.056702063714686425
2025-03-21,0.2603519856929779,0.26980599761009216,0.27663999795913696,0.259223997592926,7412979.0,-0.03835720602903896,0.0,0.056702063714686425
2025-03-22,0.2671099901199341,0.2603519856929779,0.2774769961833954,0.2590410113334656,6971783.0,-0.06548965174754773,0.0,0.056702063714686425
2025-03-23,0.2707189917564392,0.2671099901199341,0.2707270085811615,0.26452699303627014,6736572.0,-0.08060230369901972,0.0,0.056702063714686425
2025-03-24,0.2962830066680908,0.2707189917564392,0.3042069971561432,0.2691659927368164,15027513.0,-0.1634196209732359,0.0,0.056702063714686425
2025-03-25,0.31031298637390137,0.2962830066680908,0.3103350102901459,0.2920210063457489,11266808.0,-0.20529798248875047,0.0,0.056702063714686425
2025-03-26,0.2892110049724579,0.31031298637390137,0.3103429973125458,0.28698301315307617,10248712.0,-0.15043611987055472,0.0,0.056702063714686425
2025-03-27,0.3052529990673065,0.2892110049724579,0.3055199980735779,0.2828960120677948,10018009.0,-0.19828506990555217,0.0,0.056702063714686425
2025-03-28,0.2636449933052063,0.3052529990673065,0.3053419888019562,0.2575089931488037,10825349.0,-0.07435738918425468,0.0,0.056702063714686425
2025-03-29,0.24426999688148499,0.2636449933052063,0.26640498638153076,0.2370689958333969,7939438.0,-0.0027927768037479357,0.0,0.056702063714686425
2025-03-30,0.2408059984445572,0.24426999688148499,0.2509459853172302,0.2381729930639267,5762963.0,0.009916487621220351,0.0,0.056702063714686425
2025-03-31,0.2383739948272705,0.2408059984445572,0.24650800228118896,0.23560799658298492,8571753.0,0.018708871645732445,0.0,0.056702063714686425
2025-04-01,0.2420710027217865,0.2383739948272705,0.2502939999103546,0.2355549931526184,8830240.0,0.0016402530876512816,0.0,0.056702063714686425
2025-04-02,0.22041499614715576,0.2420710027217865,0.24266700446605682,0.2165510058403015,10779695.0,0.09974164394999877,0.0,0.056702063714686425
2025-04-03,0.22313199937343597,0.22041499614715576,0.22628700733184814,0.20273999869823456,12551678.0,0.08684591116342838,0.0,0.056702063714686425
2025-04-04,0.21890099346637726,0.22313199937343597,0.22863399982452393,0.21639299392700195,8295913.0,0.10856900429752504,0.0,0.056702063714686425
2025-04-05,0.21832099556922913,0.21890099346637726,0.2252040058374405,0.21127499639987946,6918764.0,0.11206394413348685,0.0,0.056702063714686425
2025-04-06,0.1979770064353943,0.21832099556922913,0.22464700043201447,0.19085800647735596,12833244.0,0.22807819169791016,0.0,0.056702063714686425
2025-04-07,0.20104199647903442,0.1979770064353943,0.20768000185489655,0.18019500374794006,19396023.0,0.21103704499803583,0.0,0.056702063714686425
2025-04-08,0.19015799462795258,0.20104199647903442,0.20737500488758087,0.18892300128936768,8731102.0,0.2836896866439945,0.0,0.056702063714686425
2025-04-09,0.2151779979467392,0.19015799462795258,0.2178959995508194,0.18283100426197052,12421678.0,0.13653244004545712,0.0,0.056702063714686425
2025-04-10,0.20457200706005096,0.2151769995689392,0.2170249968767166,0.200887992978096,7320981.0,0.1980326732157907,0.0,0.056702063714686425
2025-04-11,0.2122659981250763,0.20457200706005096,0.21552500128746033,0.20382200181484222,7207517.0,0.15681494527297413,0.0,0.056702063714686425
2025-04-12,0.22474299371242523,0.2122659981250763,0.2271369993686676,0.21013100445270538,5820906.0,0.09477267869831277,0.0,0.056702063714686425
2025-04-13,0.21053099632263184,0.22474299371242523,0.22515100240707397,0.2086080014705658,6257070.0,0.17208180631858466,0.0,0.056702063714686425
2025-04-14,0.21111999452114105,0.2105329930782318,0.21840600669384003,0.20913299918174744,7162725.0,0.1721301539101,0.0,0.056702063714686425
2025-04-15,0.2172970026731491,0.21111899614334106,0.2293660044670105,0.20739999413490295,10275502.0,0.14156701802466112,0.0,0.056702063714686425
2025-04-16,0.21841399371623993,0.2172970026731491,0.223581001162529,0.2136009931564331,9413136.0,0.13735124672795312,0.0,0.056702063714686425
2025-04-17,0.2205599993467331,0.21841399371623993,0.2261279970407486,0.21271300315856934,6505710.0,0.12752141198454817,0.0,0.056702063714686425
2025-04-18,0.23377199470996857,0.2205599993467331,0.23499099910259247,0.21624800562858582,7528143.0,0.06471902139794307,0.0,0.056702063714686425
2025-04-19,0.24745799601078033,0.23377199470996857,0.2522749900817871,0.23293499648571014,10835089.0,0.0059974042201316035,0.0,0.056702063714686425
2025-04-20,0.2562220096588135,0.24746400117874146,0.26101401448249817,0.2445719987154007,9245698.0,-0.028158137571681282,0.0,0.056702063714686425
2025-04-21,0.24932299554347992,0.2562220096588135,0.2632269859313965,0.24765899777412415,10414793.0,-0.0016099355243093091,0.0,0.056702063714686425
2025-04-22,0.26638901233673096,0.24932099878787994,0.26805898547172546,0.24493099749088287,10905948.0,-0.06663705847804055,0.0,0.056702063714686425
2025-04-23,0.2692759931087494,0.26638901233673096,0.2818079888820648,0.26529499888420105,10496334.0,-0.07791696096534298,0.0,0.056702063714686425
2025-04-24,0.27977100014686584,0.2692759931087494,0.2806969881057739,0.2610659897327423,10820975.0,-0.11486249287003976,0.0,0.056702063714686425
2025-04-25,0.29054901003837585,0.27976900339126587,0.29745998978614807,0.27265098690986633,13988816.0,-0.1504689079442302,0.0,0.056702063714686425
2025-04-26,0.30518800020217896,0.2905519902706146,0.31545698642730713,0.29040300846099854,14288848.0,-0.19453930655160115,0.0,0.056702063714686425
2025-04-27,0.28922998905181885,0.30518800020217896,0.30570200085639954,0.28801101446151733,8489384.0,-0.15267466436413968,0.0,0.056702063714686425
2025-04-28,0.3056739866733551,0.28924599289894104,0.30661898851394653,0.2755559980869293,9793386.0,-0.20093265243067704,0.0,0.056702063714686425
2025-04-29,0.30814000964164734,0.3056739866733551,0.3391819894313812,0.3056589961051941,16697084.0,-0.21045760375977524,0.0,0.056702063714686425
2025-04-30,0.3098370134830475,0.30814000964164734,0.3205089867115021,0.29752200841903687,8815012.0,-0.21787832389353504,0.0,0.056702063714686425
2025-05-01,0.30900099873542786,0.30983901023864746,0.326649010181427,0.3070310056209564,9221200.0,-0.2185784802886953,0.0,0.056702063714686425
2025-05-02,0.30710500478744507,0.3090049922466278,0.31200700998306274,0.3027949929237366,5654959.0,-0.21636708132279353,0.0,0.056702063714686425
2025-05-03,0.2875860035419464,0.30710500478744507,0.3074299991130829,0.2845369875431061,5495239.0,-0.16499339104446367,0.0,0.056702063714686425
2025-05-04,0.26821398735046387,0.2875860035419464,0.2894029915332794,0.2664240002632141,6359711.0,-0.10595232702052963,0.0,0.056702063714686425
2025-05-05,0.2712709903717041,0.26820799708366394,0.27574801445007324,0.26313498616218567,6391484.0,-0.11813828965822608,0.0,0.056702063714686425
2025-05-06,0.26123398542404175,0.2712709903717041,0.2769539952278137,0.25182801485061646,8023185.0,-0.0855381252350602,0.0,0.056702063714686425
2025-05-07,0.26252999901771545,0.26123398542404175,0.2693069875240326,0.2563979923725128,7416207.0,-0.09096604509272885,0.0,0.056702063714686425
2025-05-08,0.2980479896068573,0.26252999901771545,0.29869699478149414,0.2621060013771057,10155564.0,-0.20211126832911205,0.0,0.056702063714686425
2025-05-09,0.3173840045928955,0.2980479896068573,0.3198469877243042,0.29762500524520874,12227326.0,-0.25438091507011945,0.0,0.056702063714686425
2025-05-10,0.34213799238204956,0.3173840045928955,0.3432759940624237,0.3144640028476715,10004610.0,-0.31204282849631176,0.0,0.056702063714686425
2025-05-11,0.34880998730659485,0.34213799238204956,0.36746999621391296,0.3358379900455475,18386833.0,-0.3291117256207171,0.0,0.056702063714686425
2025-05-12,0.3381269872188568,0.34880998730659485,0.3660160005092621,0.3266170024871826,15949943.0,-0.31188384338837244,0.0,0.056702063714686425
2025-05-13,0.351624995470047,0.3381269872188568,0.3545899987220764,0.31311601400375366,12236281.0,-0.34275083489703373,0.0,0.056702063714686425
2025-05-14,0.3276660144329071,0.351624995470047,0.3550969958305359,0.3247700035572052,9515204.0,-0.2984187668780999,0.0,0.056702063714686425
2025-05-15,0.30583399534225464,0.3276660144329071,0.3320559859275818,0.2960050106048584,10968107.0,-0.2518170675105651,0.0,0.056702063714686425
2025-05-16,0.29693201184272766,0.3058350086212158,0.315187007188797,0.29423901438713074,6988283.0,-0.23184796745528652,0.0,0.056702063714686425
2025-05-17,0.2893269956111908,0.29693201184272766,0.29836100339889526,0.28390398621559143,9678547.0,-0.21400993971546642,0.0,0.056702063714686425
2025-05-18,0.30379799008369446,0.2893269956111908,0.30834099650382996,0.2888360023498535,10159754.0,-0.2544463381382834,0.0,0.056702063714686425
2025-05-19,0.2910510003566742,0.30379799008369446,0.304282009601593,0.2773370146751404,9244967.0,-0.22511567816690195,0.0,0.056702063714686425
2025-05-20,0.29513201117515564,0.2910510003566742,0.296766996383667,0.2852439880371094,8454031.0,-0.23894174710177063,0.0,0.056702063714686425
2025-05-21,0.2944270074367523,0.29513201117515564,0.3013390004634857,0.2854650020599365,10100798.0,-0.2400287498604668,0.0,0.056702063714686425
2025-05-22,0.30716800689697266,0.2944270074367523,0.31735101342201233,0.29335999488830566,15449477.0,-0.2745996978842392,0.0,0.056702063714686425
2025-05-23,0.2720319926738739,0.30716198682785034,0.3154720067977905,0.2711679935455322,13176763.0,-0.18347137882944844,0.0,0.056702063714686425
2025-05-24,0.2664079964160919,0.27203699946403503,0.2749049961566925,0.26542800664901733,8900051.0,-0.16849917389823757,0.0,0.056702063714686425
2025-05-25,0.26951199769973755,0.2664099931716919,0.26954299211502075,0.254397988319397,7862145.0,-0.18072516405374223,0.0,0.056702063714686425
2025-05-26,0.261790007352829,0.26951301097869873,0.27542200684547424,0.26051101088523865,6882738.0,-0.15904524798871894,0.0,0.056702063714686425
2025-05-27,0.27012899518013,0.261790007352829,0.27714699506759644,0.25610798597335815,8822924.0,-0.18765246934660787,0.0,0.056702063714686425
2025-05-28,0.26400598883628845,0.27012899518013,0.2725290060043335,0.25502198934555054,8000032.0,-0.1711765788806141,0.0,0.056702063714686425
2025-05-29,0.24741899967193604,0.26400598883628845,0.2693830132484436,0.24719199538230896,8119463.0,-0.11784260591952085,0.0,0.056702063714686425
2025-05-30,0.2199539989233017,0.24741800129413605,0.24869799613952637,0.21986499428749084,11640622.0,-0.008686644361304546,0.0,0.056702063714686425
2025-05-31,0.22835800051689148,0.2199539989233017,0.22985200583934784,0.21427799761295319,6698307.0,-0.046563659312678606,0.0,0.056702063714686425
2025-06-01,0.22819699347019196,0.22835800051689148,0.2296070009469986,0.2197829931974411,3799250.0,-0.04729512608722936,0.0,0.056702063714686425
2025-06-02,0.23208199441432953,0.22819599509239197,0.23271499574184418,0.2210949957370758,5008489.0,-0.06443761646255813,0.0,0.056702063714686425
2025-06-03,0.23215100169181824,0.2320760041475296,0.23818199336528778,0.23121599853038788,5542926.0,-0.06480832585059294,0.0,0.056702063714686425
2025-06-04,0.22543300688266754,0.23215100169181824,0.23842699825763702,0.22400499880313873,5213735.0,-0.0372918456421646,0.0,0.056702063714686425
2025-06-05,0.20911599695682526,0.22543300688266754,0.23087400197982788,0.20581699907779694,7568418.0,0.038325634092220125,0.0,0.056702063714686425
2025-06-06,0.21203100681304932,0.20911599695682526,0.21951699256896973,0.20779399573802948,4877916.0,0.024608181009838893,0.0,0.056702063714686425
2025-06-07,0.21794599294662476,0.21203100681304932,0.22072899341583252,0.2115830034017563,3071478.0,-0.0028216728494507804,0.0,0.056702063714686425
2025-06-08,0.21605800092220306,0.21794599294662476,0.22011299431324005,0.2133210003376007,3144806.0,0.0057670141761167,0.0,0.056702063714686425
2025-06-09,0.22978100180625916,0.21605800092220306,0.2299879938364029,0.21042299270629883,5912471.0,-0.05534267525271727,0.0,0.056702063714686425
2025-06-10,0.2381500005722046,0.22978100180625916,0.23815900087356567,0.2252109944820404,7178348.0,-0.08982257032955789,0.0,0.056702063714686425
2025-06-11,0.22648899257183075,0.2381500005722046,0.23827600479125977,0.22534599900245667,7001744.0,-0.043672133192749554,0.0,0.056702063714686425
2025-06-12,0.21362100541591644,0.22648899257183075,0.22700899839401245,0.21139800548553467,6744857.0,0.013827010096914262,0.0,0.056702063714686425
2025-06-13,0.20575200021266937,0.21362100541591644,0.21362100541591644,0.19448399543762207,8785508.0,0.052316103762875266,0.0,0.056702063714686425
2025-06-14,0.20467500388622284,0.20575200021266937,0.2090590000152588,0.2004610002040863,2961969.0,0.0576716013230141,0.0,0.056702063714686425
2025-06-15,0.1977590024471283,0.20467500388622284,0.20544299483299255,0.1921759992837906,6903644.0,0.09466638863401333,0.0,0.056702063714686425
2025-06-16,0.20594699680805206,0.1977590024471283,0.2150299996137619,0.19483600556850433,7116442.0,0.050047915487330744,0.0,0.056702063714686425
2025-06-17,0.1939609944820404,0.20594699680805206,0.2103939950466156,0.19170500338077545,7520503.0,0.1144508246343835,0.0,0.056702063714686425
2025-06-18,0.196724995970726,0.1939609944820404,0.19676199555397034,0.1821729987859726,5902485.0,0.09826627742770631,0.0,0.056702063714686425
2025-06-19,0.19409100711345673,0.196724995970726,0.20170100033283234,0.18909700214862823,4793709.0,0.11222351402382155,0.0,0.056702063714686425
2025-06-20,0.18536099791526794,0.1940920054912567,0.19960899651050568,0.1852940022945404,6323421.0,0.16453823749078988,0.0,0.056702063714686425
2025-06-21,0.18084600567817688,0.18536099791526794,0.1921740025281906,0.17686599493026733,4992221.0,0.1939338836362882,0.0,0.056702063714686425
2025-06-22,0.17301799356937408,0.18084600567817688,0.18222300708293915,0.1661590039730072,7375100.0,0.24891268999735613,0.0,0.056702063714686425
2025-06-23,0.19423699378967285,0.17301799356937408,0.1944119930267334,0.17278100550174713,6557147.0,0.11215473506341885,0.0,0.056702063714686425
2025-06-24,0.19647400081157684,0.19423699378967285,0.19880299270153046,0.19293899834156036,4827742.0,0.09900177674104331,0.0,0.056702063714686425
2025-06-25,0.18725299835205078,0.19647400081157684,0.19655799865722656,0.1869799941778183,4567913.0,0.15357423993756017,0.0,0.056702063714686425
2025-06-26,0.19200800359249115,0.18725299835205078,0.19846999645233154,0.1871040016412735,6891640.0,0.12527165392673395,0.0,0.056702063714686425
2025-06-27,0.18914100527763367,0.19200800359249115,0.1920190006494522,0.18307100236415863,5641065.0,0.14287421552970814,0.0,0.056702063714686425
2025-06-28,0.1937510073184967,0.18914100527763367,0.19420699775218964,0.18752600252628326,3059166.0,0.11569295105087973,0.0,0.056702063714686425
2025-06-29,0.20029300451278687,0.1937510073184967,0.2029300034046173,0.1900469958782196,4559871.0,0.07878185828675217,0.0,0.056702063714686425
2025-06-30,0.19496400654315948,0.20029300451278687,0.2010290026664734,0.1930370032787323,6034879.0,0.10845159260093806,0.0,0.056702063714686425
2025-07-01,0.1870100051164627,0.19496400654315948,0.1961120069026947,0.18497799336910248,5350404.0,0.1554162462858997,0.0,0.056702063714686425
2025-07-02,0.20070399343967438,0.1870100051164627,0.2037149965763092,0.18547199666500092,6833364.0,0.0759758670508738,0.0,0.056702063714686425
2025-07-03,0.20947399735450745,0.20070399343967438,0.21427099406719208,0.20004400610923767,8418413.0,0.029755010005233028,0.0,0.056702063714686425
2025-07-04,0.19652999937534332,0.20947399735450745,0.20998400449752808,0.19316799938678741,4773488.0,0.09420159658161656,0.0,0.056702063714686425
2025-07-05,0.19985300302505493,0.19652999937534332,0.20119300484657288,0.19358600676059723,3258644.0,0.07213652591261377,0.0,0.056702063714686425
2025-07-06,0.2022079974412918,0.19985300302505493,0.20579099655151367,0.195919007062912,3089872.0,0.056463645951680984,0.0,0.056702063714686425
2025-07-07,0.2030699998140335,0.2022079974412918,0.20747199654579163,0.20156000554561615,3891799.0,0.04916712375688111,0.0,0.056702063714686425
2025-07-08,0.2062380015850067,0.2030699998140335,0.21171100437641144,0.20046000182628632,4791226.0,0.029784435301319384,0.0,0.056702063714686425
2025-07-09,0.21370099484920502,0.2062380015850067,0.21424099802970886,0.20491600036621094,6188288.0,-0.010047533576441246,0.0,0.056702063714686425
2025-07-10,0.23396599292755127,0.21370099484920502,0.23425999283790588,0.21134400367736816,8338897.0,-0.10048914874535302,0.0,0.056702063714686425
2025-07-11,0.23426300287246704,0.23396599292755127,0.2586440145969391,0.23143699765205383,18679483.0,-0.1064819353364094,0.0,0.056702063714686425
2025-07-12,0.23008599877357483,0.23426300287246704,0.23783400654792786,0.2246280014514923,8270109.0,-0.09500098394171957,0.0,0.056702063714686425
2025-07-13,0.23172199726104736,0.23008599877357483,0.24046899378299713,0.2275400012731552,8226384.0,-0.10597162206747321,0.0,0.056702063714686425
2025-07-14,0.2341720014810562,0.23172199726104736,0.24217499792575836,0.22842399775981903,11053996.0,-0.11991351901152372,0.0,0.056702063714686425
2025-07-15,0.252344012260437,0.2341720014810562,0.25471800565719604,0.2260349988937378,15069142.0,-0.18854772496579503,0.0,0.056702063714686425
2025-07-16,0.25956401228904724,0.252344012260437,0.2653230130672455,0.24688099324703217,16117928.0,-0.2166230687363471,0.0,0.056702063714686425
2025-07-17,0.2562350034713745,0.25956401228904724,0.2629530131816864,0.25053301453590393,13856556.0,-0.21175751260677897,0.0,0.056702063714686425
2025-07-18,0.25818198919296265,0.2562350034713745,0.27507901191711426,0.25425899028778076,15299806.0,-0.22299900104677484,0.0,0.056702063714686425
2025-07-19,0.2727639973163605,0.25818300247192383,0.2758519947528839,0.253387987613678,16474878.0,-0.27011587116263214,0.0,0.056702063714686425
2025-07-20,0.28080299496650696,0.2727639973163605,0.2848449945449829,0.268189013004303,12582307.0,-0.29659683745958965,0.0,0.056702063714686425
2025-07-21,0.2797749936580658,0.28080299496650696,0.28415998816490173,0.2740350067615509,13790152.0,-0.29972924744470913,0.0,0.056702063714686425
2025-07-22,0.27599701285362244,0.2797749936580658,0.2808620035648346,0.2645780146121979,14682131.0,-0.2960324937484137,0.0,0.056702063714686425
2025-07-23,0.2531389892101288,0.27599701285362244,0.2785170078277588,0.24521499872207642,13337886.0,-0.23806236449890425,0.0,0.056702063714686425
2025-07-24,0.24728399515151978,0.25314199924468994,0.2566719949245453,0.23637300729751587,11182193.0,-0.22581684904025845,0.0,0.056702063714686425
2025-07-25,0.2548780143260956,0.24728399515151978,0.2548780143260956,0.2388949990272522,11892990.0,-0.25474152470585243,0.0,0.056702063714686425
2025-07-26,0.2514379918575287,0.2548780143260956,0.25605300068855286,0.2510499954223633,7292111.0,-0.25017638800343656,0.0,0.056702063714686425
2025-07-27,0.26260900497436523,0.2514379918575287,0.2629129886627197,0.2510850131511688,7915235.0,-0.2879006009716622,0.0,0.056702063714686425
2025-07-28,0.24092699587345123,0.26260900497436523,0.2657040059566498,0.24072100222110748,11732610.0,-0.22997865696214947,0.0,0.056702063714686425
2025-07-29,0.2385600060224533,0.24093499779701233,0.2541219890117645,0.23532499372959137,10231536.0,-0.22854488443187626,0.0,0.056702063714686425
2025-07-30,0.23568099737167358,0.2385600060224533,0.23895999789237976,0.22645799815654755,10114141.0,-0.22508636365158946,0.0,0.056702063714686425
2025-07-31,0.21518699824810028,0.23568099737167358,0.2382030040025711,0.2144560068845749,8528928.0,-0.15683178572359524,0.0,0.056702063714686425
2025-08-01,0.2116210013628006,0.21518699824810028,0.21870699524879456,0.20722100138664246,7987624.0,-0.1429958236154606,0.0,0.056702063714686425
2025-08-02,0.2058670073747635,0.2116210013628006,0.21433599293231964,0.20179100334644318,4764935.0,-0.11805812233250586,0.0,0.056702063714686425
2025-08-03,0.21621599793434143,0.2058670073747635,0.21760399639606476,0.20472800731658936,4350678.0,-0.16138976240033814,0.0,0.056702063714686425
2025-08-04,0.2255299985408783,0.21621499955654144,0.225615993142128,0.2156659960746765,5410341.0,-0.19855975745562976,0.0,0.056702063714686425
2025-08-05,0.21361899375915527,0.2255299985408783,0.22608700394630432,0.20989499986171722,6736780.0,-0.15542469400612946,0.0,0.056702063714686425
2025-08-06,0.21581999957561493,0.21361899375915527,0.22289100289344788,0.2073429971933365,6650119.0,-0.16573031958402756,0.0,0.056702063714686425
2025-08-07,0.2237199991941452,0.21581999957561493,0.22519099712371826,0.21391500532627106,6430920.0,-0.1976767100968509,0.0,0.056702063714686425
2025-08-08,0.2284660041332245,0.2237199991941452,0.22970399260520935,0.21912899613380432,6647782.0,-0.2176592916393387,0.0,0.056702063714686425
2025-08-09,0.23649099469184875,0.2284660041332245,0.23942600190639496,0.22831499576568604,5164969.0,-0.24779014154254253,0.0,0.056702063714686425
2025-08-10,0.23488199710845947,0.23649099469184875,0.2401379942893982,0.22806799411773682,5496885.0,-0.24650922112595972,0.0,0.056702063714686425
2025-08-11,0.21515700221061707,0.23488199710845947,0.24069799482822418,0.2151540070772171,7698361.0,-0.18107831309275169,0.0,0.056702063714686425
2025-08-12,0.22840599715709686,0.21515700221061707,0.232464998960495,0.21488100290298462,10172366.0,-0.232591629899236,0.0,0.056702063714686425
2025-08-13,0.2390259951353073,0.22840599715709686,0.23943500220775604,0.2262219935655594,8899589.0,-0.27127591106101223,0.0,0.056702063714686425
2025-08-14,0.21577200293540955,0.2390259951353073,0.24111799895763397,0.21164199709892273,10141144.0,-0.1972434990622799,0.0,0.056702063714686425
2025-08-15,0.20355099439620972,0.21577200293540955,0.2193949967622757,0.20112499594688416,7611064.0,-0.1534816915680829,0.0,0.056702063714686425
2025-08-16,0.21755200624465942,0.20355099439620972,0.21989500522613525,0.20329800248146057,6787556.0,-0.21285056248665155,0.0,0.056702063714686425
2025-08-17,0.215161994099617,0.21755200624465942,0.22388499975204468,0.21481500566005707,6162732.0,-0.20883460008109145,0.0,0.056702063714686425
2025-08-18,0.20662200450897217,0.215161994099617,0.21604399383068085,0.2031880021095276,9812428.0,-0.18046744259488423,0.0,0.056702063714686425
2025-08-19,0.19821499288082123,0.20662200450897217,0.21052800118923187,0.19809399545192719,7199316.0,-0.1497833132649992,0.0,0.056702063714686425
2025-08-20,0.2080170065164566,0.1982239931821823,0.2106650024652481,0.19703799486160278,6550330.0,-0.19415021617526373,0.0,0.056702063714686425
2025-08-21,0.20150800049304962,0.2080170065164566,0.21056100726127625,0.2000190019607544,4542651.0,-0.17229128030002377,0.0,0.056702063714686425
2025-08-22,0.22530899941921234,0.20150800049304962,0.22609299421310425,0.19683800637722015,9075291.0,-0.2646263716041731,0.0,0.056702063714686425
2025-08-23,0.2226099967956543,0.22530899941921234,0.22579899430274963,0.2179429978132248,5157107.0,-0.2606742328381807,0.0,0.056702063714686425
2025-08-24,0.21457499265670776,0.2226099967956543,0.22505100071430206,0.21070100367069244,6935671.0,-0.23783365766228767,0.0,0.056702063714686425
2025-08-25,0.19629999995231628,0.21457499265670776,0.216389000415802,0.19401800632476807,6206442.0,-0.17154292889808231,0.0,0.056702063714686425
2025-08-26,0.20514799654483795,0.19629999995231628,0.20658600330352783,0.19481199979782104,6080778.0,-0.21193900992485715,0.0,0.056702063714686425
2025-08-27,0.21048100292682648,0.20514799654483795,0.21279799938201904,0.20350299775600433,5367823.0,-0.23657475709590492,0.0,0.056702063714686425
2025-08-28,0.2154110074043274,0.21048100292682648,0.2166679948568344,0.2087160050868988,5701292.0,-0.2589286360158877,0.0,0.056702063714686425
2025-08-29,0.20364199578762054,0.21540799736976624,0.21556000411510468,0.19769200682640076,6108126.0,-0.21991762813511337,0.0,0.056702063714686425
2025-08-30,0.20727099478244781,0.20364199578762054,0.20967000722885132,0.19972999393939972,4100130.0,-0.23813483075055564,0.0,0.056702063714686425
2025-08-31,0.19953300058841705,0.20727099478244781,0.2117149978876114,0.19952599704265594,3395434.0,-0.21330311357522258,0.0,0.056702063714686425
2025-09-01,0.1980070024728775,0.19953300058841705,0.20658999681472778,0.1946530044078827,6014183.0,-0.21166285019014935,0.0,0.056702063714686425
2025-09-02,0.2000660002231598,0.1980070024728775,0.20380400121212006,0.197175994515419,4437705.0,-0.22395609308559183,0.0,0.056702063714686425
2025-09-03,0.20282700657844543,0.2000660002231598,0.20454800128936768,0.19827300310134888,3501879.0,-0.23886926915182297,0.0,0.056702063714686425
2025-09-04,0.19333800673484802,0.20282700657844543,0.20370599627494812,0.1902720034122467,4412798.0,-0.20555380806700196,0.0,0.056702063714686425
2025-09-05,0.19847600162029266,0.19333800673484802,0.20099300146102905,0.19329099357128143,6003216.0,-0.23054800472355205,0.0,0.056702063714686425
2025-09-06,0.19714300334453583,0.19847600162029266,0.200531005859375,0.1947840005159378,3111490.0,-0.22952489686556882,0.0,0.056702063714686425
2025-09-07,0.1967950016260147,0.19714300334453583,0.19992800056934357,0.19367000460624695,3830132.0,-0.23264518472728604,0.0,0.056702063714686425
2025-09-08,0.20491600036621094,0.1967950016260147,0.20732100307941437,0.19581300020217896,6497664.0,-0.26771582060652716,0.0,0.056702063714686425
2025-09-09,0.23004400730133057,0.20491600036621094,0.2302509993314743,0.20491300523281097,14896125.0,-0.35286277277934236,-1.0,0.4716489681426568
2025-09-10,0.21764299273490906,0.23004400730133057,0.2344129979610443,0.21532100439071655,14734233.0,-0.32142421055885295,0.0,0.056702063714686425
2025-09-11,0.21933799982070923,0.21764299273490906,0.2212110012769699,0.21380500495433807,6303664.0,-0.33223032170588884,0.0,0.056702063714686425
2025-09-12,0.22361500561237335,0.21933799982070923,0.2240539938211441,0.21696199476718903,5890239.0,-0.35044239820948603,0.0,0.056702063714686425
2025-09-13,0.22601300477981567,0.22361500561237335,0.22736600041389465,0.22015799582004547,5760210.0,-0.36266675288677985,-1.0,0.4716489681426568
2025-09-14,0.21341100335121155,0.22601300477981567,0.22603100538253784,0.211667001247406,5141295.0,-0.33039922325756305,0.0,0.056702063714686425
2025-09-15,0.20629000663757324,0.21341100335121155,0.21637099981307983,0.20394599437713623,5491515.0,-0.31252815469239303,0.0,0.056702063714686425
2025-09-16,0.20820599794387817,0.20629000663757324,0.2096319943666458,0.20175600051879883,6199339.0,-0.32415712171994826,0.0,0.056702063714686425
2025-09-17,0.21070900559425354,0.20820599794387817,0.21171900629997253,0.20197099447250366,6008321.0,-0.3375587996153883,0.0,0.056702063714686425
2025-09-18,0.21136799454689026,0.21070900559425354,0.21344700455665588,0.20860199630260468,5584233.0,-0.34507765538605467,0.0,0.056702063714686425
2025-09-19,0.20000900328159332,0.21136799454689026,0.21348699927330017,0.1988220065832138,5317230.0,-0.312966131338825,0.0,0.056702063714686425
2025-09-20,0.2010290026664734,0.20000900328159332,0.20393900573253632,0.19795799255371094,3666801.0,-0.32124769948765736,0.0,0.056702063714686425
2025-09-21,0.1978760063648224,0.2010290026664734,0.20435500144958496,0.1975409984588623,4902963.0,-0.31525228658920096,0.0,0.056702063714686425
2025-09-22,0.18380700051784515,0.1978760063648224,0.1985190063714981,0.17825299501419067,9349716.0,-0.2674208644951458,0.0,0.056702063714686425
2025-09-23,0.1847269982099533,0.18380700051784515,0.18874700367450714,0.17910300195217133,5527387.0,-0.27570474748730434,0.0,0.056702063714686425
2025-09-24,0.1865759938955307,0.1847269982099533,0.18982000648975372,0.18192100524902344,4617695.0,-0.28767828062710615,0.0,0.056702063714686425
2025-09-25,0.17607399821281433,0.1865759938955307,0.1865829974412918,0.17414399981498718,7254925.0,-0.24928391962658766,0.0,0.056702063714686425
2025-09-26,0.18412500619888306,0.17607399821281433,0.18564100563526154,0.17607399821281433,4941433.0,-0.2863994030005851,0.0,0.056702063714686425
2025-09-27,0.18655000627040863,0.18412500619888306,0.18700900673866272,0.18094000220298767,3374405.0,-0.2999205461886091,0.0,0.056702063714686425
2025-09-28,0.18930499255657196,0.18655000627040863,0.18930499255657196,0.1802619993686676,3340966.0,-0.31438190381517095,0.0,0.056702063714686425
2025-09-29,0.18808500468730927,0.18930499255657196,0.19235999882221222,0.18365700542926788,5359743.0,-0.3139052586152427,0.0,0.056702063714686425
2025-09-30,0.1870349943637848,0.18808500468730927,0.19015100598335266,0.18156099319458008,5595862.0,-0.3138770607545057,0.0,0.056702063714686425
2025-10-01,0.19557900726795197,0.1870349943637848,0.19557900726795197,0.1845410019159317,6153480.0,-0.3482582208039034,0.0,0.056702063714686425
2025-10-02,0.19699899852275848,0.19557900726795197,0.2024029940366745,0.19557100534439087,6994730.0,-0.357481453521144,-1.0,0.4716489681426568
2025-10-03,0.19925600290298462,0.19699899852275848,0.20176799595355988,0.19464600086212158,5495847.0,-0.3693666554828465,-1.0,0.4716489681426568
2025-10-04,0.19397200644016266,0.19925600290298462,0.1992579996585846,0.19106599688529968,3386207.0,-0.35672655564403916,-1.0,0.4716489681426568
2025-10-05,0.1910640001296997,0.19397200644016266,0.19850799441337585,0.1900539994239807,4706586.0,-0.35148229113284346,0.0,0.056702063714686425
2025-10-06,0.19846299290657043,0.1910640001296997,0.20179399847984314,0.1902180016040802,6563531.0,-0.380483123669768,-1.0,0.4716489681426568
2025-10-07,0.18370099365711212,0.19846299290657043,0.19948400557041168,0.18325300514698029,7353703.0,-0.33461754371844327,0.0,0.056702063714686425
2025-10-08,0.1887730062007904,0.18370099365711212,0.1900860071182251,0.18317200243473053,4528035.0,-0.356669466747447,-1.0,0.4716489681426568
2025-10-09,0.18538999557495117,0.1887730062007904,0.1887979954481125,0.18013399839401245,5272347.0,-0.34918834754497186,0.0,0.056702063714686425
2025-10-10,0.13151100277900696,0.18538899719715118,0.18749099969863892,0.09967599809169769,16563298.0,-0.08420667948309823,0.0,0.056702063714686425
2025-10-11,0.12402699887752533,0.13151100277900696,0.13512900471687317,0.12079299986362457,9878943.0,-0.029442642526293115,0.0,0.056702063714686425
2025-10-12,0.13906599581241608,0.12402699887752533,0.14146700501441956,0.11954999715089798,7384258.0,-0.1360767506936855,0.0,0.056702063714686425
2025-10-13,0.1471090018749237,0.13907399773597717,0.14858600497245789,0.13617900013923645,7079203.0,-0.18581752367310994,0.0,0.056702063714686425
2025-10-14,0.14021700620651245,0.1471100002527237,0.1471100002527237,0.13098099827766418,9867858.0,-0.1486726568613427,0.0,0.056702063714686425
2025-10-15,0.13266900181770325,0.14021700620651245,0.14390499889850616,0.13096900284290314,5318992.0,-0.10241970675223483,0.0,0.056702063714686425
2025-10-16,0.12627600133419037,0.13267000019550323,0.13569599390029907,0.1244800016283989,4478120.0,-0.058927943806144335,0.0,0.056702063714686425
2025-10-17,0.1228640004992485,0.12627500295639038,0.12846599519252777,0.11742100119590759,3996364.0,-0.034633536909414966,0.0,0.056702063714686425
2025-10-18,0.12320499867200851,0.12287600338459015,0.1260319948196411,0.12232500314712524,3202006.0,-0.039218515318909714,0.0,0.056702063714686425
2025-10-19,0.12768900394439697,0.12320499867200851,0.13007999956607819,0.12106700241565704,2595820.0,-0.07560320521373544,0.0,0.056702063714686425
2025-10-20,0.12887799739837646,0.12768800556659698,0.1341399997472763,0.125900000333786,3395313.0,-0.08641417077446485,0.0,0.056702063714686425
2025-10-21,0.12234800308942795,0.1288679987192154,0.13238200545310974,0.12214700132608414,3972340.0,-0.039514778591444116,0.0,0.056702063714686425
2025-10-22,0.11955499649047852,0.12234099954366684,0.12437999993562698,0.11576999723911285,3726240.0,-0.018979794692331017,0.0,0.056702063714686425
2025-10-23,0.12284299731254578,0.11955200135707855,0.1251019984483719,0.11946900188922882,3036168.0,-0.04781545099401026,0.0,0.056702063714686425
2025-10-24,0.12415199726819992,0.12284400314092636,0.12496200203895569,0.12023500353097916,2953382.0,-0.06063878230904727,0.0,0.056702063714686425
2025-10-25,0.12365200370550156,0.12416200339794159,0.1244560033082962,0.12186100333929062,2035672.0,-0.060242335262174686,0.0,0.056702063714686425
2025-10-26,0.12710000574588776,0.12365200370550156,0.12803900241851807,0.12182699888944626,2328560.0,-0.08942914414669297,0.0,0.056702063714686425
2025-10-27,0.12302699685096741,0.12710000574588776,0.12924699485301971,0.12265799939632416,2590445.0,-0.06272339143300011,0.0,0.056702063714686425
2025-10-28,0.11671599745750427,0.12302599847316742,0.12368500232696533,0.11495400220155716,3337765.0,-0.015229691608433703,0.0,0.056702063714686425
2025-10-29,0.11429200321435928,0.11671099811792374,0.11848100274801254,0.11261600255966187,5021652.0,0.0024476923619987383,0.0,0.056702063714686425
2025-10-30,0.10684800148010254,0.11429200321435928,0.11568599939346313,0.1015859991312027,4153095.0,0.06850297931459906,0.0,0.056702063714686425
2025-10-31,0.10855399817228317,0.10685499757528305,0.10964599996805191,0.10684999823570251,2628558.0,0.04847386845114015,0.0,0.056702063714686425
2025-11-01,0.11268399655818939,0.10855399817228317,0.11401399970054626,0.10816899687051773,2752787.0,0.006573767465448752,0.0,0.056702063714686425
2025-11-02,0.11262699961662292,0.1126829981803894,0.11425899714231491,0.10886000096797943,2659299.0,0.003942852379862435,0.0,0.056702063714686425
2025-11-03,0.09541799873113632,0.11262699961662292,0.11284700036048889,0.09347599744796753,5126936.0,0.1828143203462734,0.0,0.056702063714686425
2025-11-04,0.09346199780702591,0.09541799873113632,0.09791299700737,0.08835499733686447,4763454.0,0.20515281394896326,0.0,0.056702063714686425
2025-11-05,0.09790100157260895,0.09345400333404541,0.0983939990401268,0.08875100314617157,2975580.0,0.14757909395088967,0.0,0.056702063714686425
2025-11-06,0.0982159972190857,0.09790199995040894,0.09995999932289124,0.09503799676895142,3458515.0,0.14098084301086383,0.0,0.056702063714686425
2025-11-07,0.20390300452709198,0.09822700172662735,0.25951099395751953,0.09818899631500244,140315588.0,-0.4570268985970915,-1.0,0.4716489681426568
2025-11-08,0.22572700679302216,0.20390300452709198,0.30373498797416687,0.17058800160884857,280579504.0,-0.5164371097236512,-1.0,0.4716489681426568
2025-11-09,0.19252100586891174,0.22572700679302216,0.24132099747657776,0.17772899568080902,63488752.0,-0.4395495764082244,-1.0,0.4716489681426568
2025-11-10,0.16946099698543549,0.19252100586891174,0.1925469934940338,0.16938400268554688,19738175.0,-0.3692337638772028,-1.0,0.4716489681426568
2025-11-11,0.18113300204277039,0.16946099698543549,0.22444500029087067,0.16654199361801147,68453862.0,-0.4162253391545938,-1.0,0.4716489681426568
2025-11-12,0.18002599477767944,0.18113300204277039,0.19270899891853333,0.17305900156497955,22127676.0,-0.4190820808902702,-1.0,0.4716489681426568
2025-11-13,0.16920100152492523,0.18002599477767944,0.18496499955654144,0.1599929928779602,12141475.0,-0.3881313070445405,-1.0,0.4716489681426568
2025-11-14,0.154229998588562,0.16920100152492523,0.16920100152492523,0.15172599256038666,10647053.0,-0.3344545008299159,0.0,0.056702063714686425
2025-11-15,0.1534460037946701,0.154229998588562,0.166143000125885,0.15222300589084625,8627591.0,-0.33688081142560045,0.0,0.056702063714686425
2025-11-16,0.14575700461864471,0.1534460037946701,0.1557379961013794,0.14157700538635254,6751280.0,-0.3077843107417132,0.0,0.056702063714686425
2025-11-17,0.13825799524784088,0.14575700461864471,0.14826999604701996,0.13603000342845917,4607107.0,-0.2758661407112248,0.0,0.056702063714686425
2025-11-18,0.13863199949264526,0.13825799524784088,0.1428460031747818,0.13569700717926025,6277334.0,-0.2834406836575306,0.0,0.056702063714686425
2025-11-19,0.13155199587345123,0.13863199949264526,0.16009199619293213,0.12713100016117096,18781316.0,-0.25000920855343883,0.0,0.056702063714686425
2025-11-20,0.12055300176143646,0.13155199587345123,0.1326570063829422,0.11951500177383423,5790710.0,-0.18644447223493496,0.0,0.056702063714686425
2025-11-21,0.1150830015540123,0.12055300176143646,0.123478002846241,0.11127900332212448,5990085.0,-0.15251309804482377,0.0,0.056702063714686425
2025-11-22,0.11330900341272354,0.1150830015540123,0.11607900261878967,0.11112699657678604,3383196.0,-0.14385534497657437,0.0,0.056702063714686425
2025-11-23,0.11547499895095825,0.11330900341272354,0.12384799867868423,0.11291299760341644,5792099.0,-0.16484157676446587,0.0,0.056702063714686425
2025-11-24,0.11888600140810013,0.11547499895095825,0.12619200348854065,0.11457599699497223,10466521.0,-0.1938522432290966,0.0,0.056702063714686425
2025-11-25,0.11905399709939957,0.11888600140810013,0.12038099765777588,0.1145699992775917,3898006.0,-0.20008762965150062,0.0,0.056702063714686425
2025-11-26,0.12028399854898453,0.11905399709939957,0.12175799906253815,0.11632999777793884,4534340.0,-0.21336832033802203,0.0,0.056702063714686425
2025-11-27,0.11913599818944931,0.12028399854898453,0.12234199792146683,0.11834099888801575,4587016.0,-0.21089316581317996,0.0,0.056702063714686425
2025-11-28,0.11715299636125565,0.11913599818944931,0.12065999954938889,0.1152930036187172,3664894.0,-0.20280236511475627,0.0,0.056702063714686425
2025-11-29,0.11432100087404251,0.11715299636125565,0.11864099651575089,0.11320900171995163,3110115.0,-0.18827411055572427,0.0,0.056702063714686425
2025-11-30,0.1127069965004921,0.11432100087404251,0.11547800153493881,0.11267899721860886,2169274.0,-0.18182080007808787,0.0,0.056702063714686425
2025-12-01,0.10655999928712845,0.1127069965004921,0.11271999776363373,0.10301800072193146,4623301.0,-0.13950451962067215,0.0,0.056702063714686425
2025-12-02,0.1113630011677742,0.10655999928712845,0.11496499925851822,0.104544997215271,3813285.0,-0.18138247971309127,0.0,0.056702063714686425
2025-12-03,0.11418399959802628,0.1113630011677742,0.11514399945735931,0.11008699983358383,3223915.0,-0.2065556191716876,0.0,0.056702063714686425
2025-12-04,0.11235599964857101,0.11418399959802628,0.1189740002155304,0.11153999716043472,6105115.0,-0.19865300529483254,0.0,0.056702063714686425
2025-12-05,0.12745699286460876,0.11235599964857101,0.13808299601078033,0.11230099946260452,22254063.0,-0.2992473429034751,0.0,0.056702063714686425
2025-12-06,0.11466299742460251,0.12745699286460876,0.1343120038509369,0.11235100030899048,13969586.0,-0.2263696447172562,0.0,0.056702063714686425
2025-12-07,0.10735800117254257,0.11466299742460251,0.11466500163078308,0.10621699690818787,5098673.0,-0.1785528089963453,0.0,0.056702063714686425
2025-12-08,0.11218699812889099,0.10735800117254257,0.1155640035867691,0.10562100261449814,6094135.0,-0.21881703917643422,0.0,0.056702063714686425
2025-12-09,0.11811099946498871,0.11218699812889099,0.12314599752426147,0.10982800275087357,12685563.0,-0.2631942181443061,0.0,0.056702063714686425
2025-12-10,0.11637800186872482,0.11811099946498871,0.12417200207710266,0.11551900207996368,7889792.0,-0.2575246656149593,0.0,0.056702063714686425
2025-12-11,0.11677800118923187,0.11637700349092484,0.11768300086259842,0.11114999651908875,6388190.0,-0.26570082683092205,0.0,0.056702063714686425
2025-12-12,0.11234500259160995,0.11677800118923187,0.11905299872159958,0.10912200063467026,5405655.0,-0.24220229063650153,0.0,0.056702063714686425
2025-12-13,0.11639299988746643,0.11234500259160995,0.11757200211286545,0.11191099882125854,4445002.0,-0.2744398509294705,0.0,0.056702063714686425
2025-12-14,0.11034099757671356,0.11639299988746643,0.11802200227975845,0.1094139963388443,4202843.0,-0.24046844629661554,0.0,0.056702063714686425
2025-12-15,0.11134099960327148,0.11034300178289413,0.12046799808740616,0.10885600000619888,13338475.0,-0.2530527173192456,0.0,0.056702063714686425
2025-12-16,0.1137470006942749,0.11134099960327148,0.11443600058555603,0.1096000000834465,5817619.0,-0.2747161982142956,0.0,0.056702063714686425
2025-12-17,0.10173100233078003,0.1137470006942749,0.11376699805259705,0.10088899731636047,7340528.0,-0.19454218785107555,0.0,0.056702063714686425
2025-12-18,0.09977799654006958,0.10173100233078003,0.10548499971628189,0.09681399911642075,5686726.0,-0.18426321980766233,0.0,0.056702063714686425
2025-12-19,0.10440400242805481,0.09977799654006958,0.10511499643325806,0.09808800369501114,3928142.0,-0.22578902557452835,0.0,0.056702063714686425
2025-12-20,0.10790099948644638,0.10440400242805481,0.10943199694156647,0.10385899990797043,2732192.0,-0.25651120895442725,0.0,0.056702063714686425
2025-12-21,0.1011589989066124,0.10790099948644638,0.10790199786424637,0.09945400059223175,3416289.0,-0.21205976960224873,0.0,0.056702063714686425
2025-12-22,0.10029300302267075,0.1011589989066124,0.10250899940729141,0.09772700071334839,2872080.0,-0.21013758624320467,0.0,0.056702063714686425
2025-12-23,0.10001099854707718,0.10029300302267075,0.10095299780368805,0.09739500284194946,2482285.0,-0.21255895389455431,0.0,0.056702063714686425
2025-12-24,0.09975200146436691,0.10001099854707718,0.10039599984884262,0.09709099680185318,2164882.0,-0.21473193455584,0.0,0.056702063714686425
2025-12-25,0.09840299934148788,0.09975200146436691,0.10214299708604813,0.09808100014925003,2392071.0,-0.2084016382198734,0.0,0.056702063714686425
2025-12-26,0.10037600249052048,0.09840299934148788,0.10215800255537033,0.09838800132274628,2352536.0,-0.22846913878507755,0.0,0.056702063714686425
2025-12-27,0.10655099898576736,0.10037600249052048,0.10699599981307983,0.09896499663591385,4311127.0,-0.2780305004711826,0.0,0.056702063714686425
2025-12-28,0.10440800338983536,0.10655099898576736,0.10868000239133835,0.10330399870872498,4094500.0,-0.26809172564208544,0.0,0.056702063714686425
2025-12-29,0.10129400342702866,0.10440800338983536,0.10616999864578247,0.10097900032997131,3476606.0,-0.2504372260776259,0.0,0.056702063714686425
2025-12-30,0.10081099718809128,0.10129400342702866,0.10305000096559525,0.09905099868774414,3054051.0,-0.2513981810153222,0.0,0.056702063714686425
2025-12-31,0.09888999909162521,0.10081099718809128,0.1013370007276535,0.09721300005912781,2733754.0,-0.24106922913936932,0.0,0.056702063714686425
2026-01-01,0.10546000301837921,0.09888999909162521,0.10560300201177597,0.0979589968919754,3125584.0,-0.29299001202605923,0.0,0.056702063714686425
2026-01-02,0.10671799629926682,0.10546000301837921,0.10734300315380096,0.10363800078630447,4072086.0,-0.30586989996335434,0.0,0.056702063714686425
2026-01-03,0.10894499719142914,0.10671799629926682,0.10978800058364868,0.10472200065851212,4093793.0,-0.32494310603498155,0.0,0.056702063714686425
2026-01-04,0.11003299802541733,0.10894499719142914,0.11203599721193314,0.10845600068569183,3799089.0,-0.33662070861545695,0.0,0.056702063714686425
2026-01-05,0.11489900201559067,0.11003100126981735,0.11713500320911407,0.10761900246143341,6446229.0,-0.36992854284467175,-1.0,0.4716489681426568
2026-01-06,0.11695200204849243,0.11489900201559067,0.11907800287008286,0.11044099926948547,5255197.0,-0.3863935740156717,-1.0,0.4716489681426568
2026-01-07,0.11110399663448334,0.11695200204849243,0.11705199629068375,0.11040499806404114,3292969.0,-0.35908769679064123,-1.0,0.4716489681426568
2026-01-08,0.10963200032711029,0.11110399663448334,0.11320199817419052,0.10513400286436081,3758939.0,-0.35470027196806025,-1.0,0.4716489681426568
2026-01-09,0.10928899794816971,0.10963399708271027,0.11110100150108337,0.10670199990272522,2883086.0,-0.3568288486060506,-1.0,0.4716489681426568
2026-01-10,0.10768900066614151,0.10928899794816971,0.11016199737787247,0.10709600150585175,1906889.0,-0.3513957750205515,0.0,0.056702063714686425
2026-01-11,0.10593599826097488,0.10768900066614151,0.10940399765968323,0.10478799790143967,2005119.0,-0.3449383268589545,0.0,0.056702063714686425
2026-01-12,0.10465600341558456,0.10593599826097488,0.10815700143575668,0.10286500304937363,3194221.0,-0.34056066140780206,0.0,0.056702063714686425
2026-01-13,0.1131649985909462,0.10465600341558456,0.11457499861717224,0.10421299934387207,5149087.0,-0.3943084658470906,-1.0,0.4716489681426568
2026-01-14,0.11155100166797638,0.1131649985909462,0.11541300266981125,0.1105939969420433,4369738.0,-0.3896189061188767,-1.0,0.4716489681426568
2026-01-15,0.10802199691534042,0.11155100166797638,0.11469399929046631,0.10486400127410889,4951603.0,-0.3734443181095614,-1.0,0.4716489681426568
2026-01-16,0.11023800075054169,0.10802199691534042,0.11071199923753738,0.1065329983830452,3251058.0,-0.3892737128176733,-1.0,0.4716489681426568
2026-01-17,0.11799199879169464,0.11023800075054169,0.12689000368118286,0.10988300293684006,10770518.0,-0.4335783340217963,-1.0,0.4716489681426568
2026-01-18,0.11623500287532806,0.11799199879169464,0.12850500643253326,0.11441099643707275,8316591.0,-0.4289150465251842,-1.0,0.4716489681426568
2026-01-19,0.11096899956464767,0.11623500287532806,0.11623899638652802,0.10837499797344208,5931859.0,-0.40580077213716403,-1.0,0.4716489681426568
2026-01-20,0.10072299838066101,0.11096899956464767,0.11170600354671478,0.09995999932289124,4596216.0,-0.3486603991353014,0.0,0.056702063714686425
2026-01-21,0.10429900139570236,0.10072299838066101,0.10639800131320953,0.09963899850845337,4338973.0,-0.3747730069238202,-1.0,0.4716489681426568
2026-01-22,0.10214199870824814,0.1043040007352829,0.10700999945402145,0.1007469967007637,3365772.0,-0.3654271342925355,-1.0,0.4716489681426568
2026-01-23,0.10071299970149994,0.10214199870824814,0.10429500043392181,0.10031899809837341,3328415.0,-0.3601708570540228,-1.0,0.4716489681426568
2026-01-24,0.10010600090026855,0.10071299970149994,0.1025490015745163,0.09985800087451935,2510603.0,-0.35967854180969805,-1.0,0.4716489681426568
2026-01-25,0.09458699822425842,0.10010500252246857,0.10182800143957138,0.09312000125646591,3848688.0,-0.3250856489255887,0.0,0.056702063714686425
2026-01-26,0.10004699975252151,0.09458699822425842,0.1019819974899292,0.09458199888467789,3549498.0,-0.3652932079955644,-1.0,0.4716489681426568
2026-01-27,0.10003700107336044,0.10004699975252151,0.10033799707889557,0.09719400107860565,2558588.0,-0.36846051246345535,-1.0,0.4716489681426568
2026-01-28,0.0972519963979721,0.10003600269556046,0.10031700134277344,0.09680099785327911,3179405.0,-0.35266519507515576,-1.0,0.4716489681426568
2026-01-29,0.09181000292301178,0.09725099802017212,0.09740699827671051,0.09092599898576736,4777931.0,-0.316223854904432,0.0,0.056702063714686425
2026-01-30,0.09027999639511108,0.09181000292301178,0.09203699976205826,0.08781599998474121,4095319.0,-0.30597039883462845,0.0,0.056702063714686425
2026-01-31,0.08242800086736679,0.09028299897909164,0.09039700031280518,0.07706700265407562,5154076.0,-0.2394407603455168,0.0,0.056702063714686425
2026-02-01,0.08110299706459045,0.08242899924516678,0.08457499742507935,0.07940799742937088,3958618.0,-0.2263890894414219,0.0,0.056702063714686425
2026-02-02,0.0815500020980835,0.08109699934720993,0.08345899730920792,0.0781409963965416,4955214.0,-0.23023200361009374,0.0,0.056702063714686425
2026-02-03,0.08027199655771255,0.0815500020980835,0.08362899720668793,0.07759399712085724,4230966.0,-0.21775704029944173,0.0,0.056702063714686425
2026-02-04,0.07835599780082703,0.08027800172567368,0.08150599896907806,0.0775270015001297,3239821.0,-0.19871533735305358,0.0,0.056702063714686425
2026-02-05,0.067221999168396,0.07835599780082703,0.07931800186634064,0.0662349984049797,4628178.0,-0.06412728609201293,0.0,0.056702063714686425
2026-02-06,0.07411900162696838,0.06721500307321548,0.07573100179433823,0.06143900007009506,5038496.0,-0.15109804469044757,0.0,0.056702063714686425
2026-02-07,0.07433900237083435,0.07411199808120728,0.07506900280714035,0.07101999968290329,2900316.0,-0.15398325403566568,0.0,0.056702063714686425
2026-02-08,0.07796599715948105,0.07433799654245377,0.0855799987912178,0.07149700075387955,14620713.0,-0.19455494853560432,0.0,0.056702063714686425
2026-02-09,0.07490699738264084,0.07795400172472,0.07864399999380112,0.0722619965672493,6109079.0,-0.16241456060124476,0.0,0.056702063714686425
2026-02-10,0.07133500277996063,0.07490299642086029,0.07534399628639221,0.07077500224113464,3294356.0,-0.12089626477116394,0.0,0.056702063714686425
2026-02-11,0.06978999823331833,0.07133600115776062,0.0713689997792244,0.0674860030412674,3502063.0,-0.10098982605547215,0.0,0.056702063714686425
2026-02-12,0.07013200223445892,0.06979099661111832,0.0729610025882721,0.06856899708509445,2956867.0,-0.10508495798221637,0.0,0.056702063714686425
2026-02-13,0.07172799855470657,0.07013200223445892,0.07213299721479416,0.0681300014257431,2816676.0,-0.12552392831460332,0.0,0.056702063714686425
2026-02-14,0.07278399914503098,0.07172799855470657,0.0741640031337738,0.07033500075340271,2928623.0,-0.138593327777971,0.0,0.056702063714686425
2026-02-15,0.06955800205469131,0.07278399914503098,0.0742499977350235,0.06853800266981125,3328161.0,-0.09790877466857845,0.0,0.056702063714686425
2026-02-16,0.07065699994564056,0.06954199820756912,0.07098200172185898,0.06868299841880798,2901170.0,-0.11027548055621134,0.0,0.056702063714686425
2026-02-17,0.06848999857902527,0.07068400084972382,0.07095099985599518,0.06832099705934525,2523206.0,-0.08112086562489623,0.0,0.056702063714686425
2026-02-18,0.06629399955272675,0.06848999857902527,0.06960500031709671,0.0660339966416359,2717228.0,-0.04982042858558015,0.0,0.056702063714686425
2026-02-19,0.06615100055932999,0.06629499793052673,0.06766799837350845,0.06469299644231796,2354280.0,-0.047579155564126355,0.0,0.056702063714686425
2026-02-20,0.06782200187444687,0.06615699827671051,0.06857100129127502,0.0646589994430542,3076750.0,-0.07113130065187571,0.0,0.056702063714686425
2026-02-21,0.06582500040531158,0.06782300025224686,0.06854099780321121,0.06582500040531158,2161941.0,-0.04266415158662665,0.0,0.056702063714686425
2026-02-22,0.061702001839876175,0.06582599878311157,0.06582599878311157,0.06148499995470047,2229531.0,0.022097125861065006,0.0,0.056702063714686425
2026-02-23,0.062015000730752945,0.061702001839876175,0.06564900279045105,0.059431999921798706,3586486.0,0.017698634575541165,0.0,0.056702063714686425
2026-02-24,0.06226599961519241,0.062015000730752945,0.06371500343084335,0.060888998210430145,2816458.0,0.013405132622166444,0.0,0.056702063714686425
2026-02-25,0.06537599861621857,0.06226599961519241,0.06697600334882736,0.062206998467445374,2830506.0,-0.035273487991507015,0.0,0.056702063714686425
2026-02-26,0.06310299783945084,0.06532300263643265,0.06589700281620026,0.06197400018572807,2794657.0,-0.0014836117097823433,0.0,0.056702063714686425
2026-02-27,0.06165099889039993,0.06310299783945084,0.06425300240516663,0.06105099990963936,2898744.0,0.020245315402961903,0.0,0.056702063714686425
2026-02-28,0.06210999935865402,0.06165099889039993,0.06224299967288971,0.05770700052380562,2924480.0,0.010821659414967101,0.0,0.056702063714686425
2026-03-01,0.05971499904990196,0.06213799864053726,0.0634709969162941,0.05827600136399269,3255367.0,0.05003256871890963,0.0,0.056702063714686425
2026-03-02,0.06006300076842308,0.059714000672101974,0.06214199960231781,0.0588189996778965,3431358.0,0.04258180559166904,0.0,0.056702063714686425
2026-03-03,0.05957600101828575,0.06006300076842308,0.06079699844121933,0.05866299942135811,3468933.0,0.04964502399092327,0.0,0.056702063714686425
2026-03-04,0.060155000537633896,0.05957600101828575,0.061879999935626984,0.05796699970960617,3499074.0,0.03779995921965501,0.0,0.056702063714686425
2026-03-05,0.05953500047326088,0.060155000537633896,0.06083599850535393,0.058483999222517014,2587006.0,0.04736451530748725,0.0,0.056702063714686425
2026-03-06,0.056692998856306076,0.05953599885106087,0.061344001442193985,0.056334998458623886,2890998.0,0.09885648390234804,0.0,0.056702063714686425
2026-03-07,0.0558370016515255,0.056692998856306076,0.05796099826693535,0.05557100102305412,2003505.0,0.11508129129365328,0.0,0.056702063714686425
2026-03-08,0.05559299886226654,0.0558370016515255,0.055939000099897385,0.05409799888730049,2468364.0,0.11955222008519992,0.0,0.056702063714686425
2026-03-09,0.055587999522686005,0.05559299886226654,0.057328000664711,0.05535599961876869,2456923.0,0.11926870375607806,0.0,0.056702063714686425
2026-03-10,0.0593549981713295,0.055587999522686005,0.06299400329589844,0.05513399839401245,10038522.0,0.04714029390706444,0.0,0.056702063714686425
2026-03-11,0.05880900099873543,0.05935699865221977,0.06201900169253349,0.05880900099873543,7326952.0,0.055748599200721755,0.0,0.056702063714686425
2026-03-12,0.05722999945282936,0.058809999376535416,0.058991000056266785,0.056269001215696335,4011771.0,0.08364263428659918,0.0,0.056702063714686425
2026-03-13,0.05686600133776665,0.05723100155591965,0.05915699899196625,0.056418001651763916,3873466.0,0.08930766998709677,0.0,0.056702063714686425
2026-03-14,0.054976001381874084,0.05686499923467636,0.05686900019645691,0.054361000657081604,2880854.0,0.12615000957547876,0.0,0.056702063714686425
2026-03-15,0.05660900101065636,0.054976001381874084,0.058118999004364014,0.05455400049686432,4319418.0,0.09255521300334796,0.0,0.056702063714686425
2026-03-16,0.0582519993185997,0.05660900101065636,0.05888799950480461,0.05634700134396553,3469814.0,0.060288736299843146,0.0,0.056702063714686425
2026-03-17,0.05796800181269646,0.05824999883770943,0.06185099855065346,0.05669200047850609,7806087.0,0.0636730266964856,0.0,0.056702063714686425
2026-03-18,0.05590499937534332,0.05795900151133537,0.05829799920320511,0.054708000272512436,3526738.0,0.10110118700952747,0.0,0.056702063714686425
2026-03-19,0.052312999963760376,0.0559069998562336,0.0559069998562336,0.050620999187231064,3533052.0,0.17509032125388801,0.0,0.056702063714686425
2026-03-20,0.0520550012588501,0.052313998341560364,0.05356699973344803,0.05119900032877922,2439971.0,0.17948732568698064,0.0,0.056702063714686425
2026-03-21,0.049295999109745026,0.0520550012588501,0.052820999175310135,0.049258001148700714,2661118.0,0.24435399443447636,0.0,0.056702063714686425
2026-03-22,0.04736100137233734,0.04931899905204773,0.05017999932169914,0.04726700112223625,3407844.0,0.29453404073526773,0.0,0.056702063714686425
2026-03-23,0.04846300184726715,0.04736100137233734,0.04957599937915802,0.0466499999165535,3691844.0,0.2642284563237387,0.0,0.056702063714686425
2026-03-24,0.04838100075721741,0.04845599830150604,0.048618000000715256,0.04605500027537346,3489890.0,0.2652451470714854,0.0,0.056702063714686425
2026-03-25,0.04696600139141083,0.04838100075721741,0.04922199994325638,0.04637699946761131,3027185.0,0.30289623556837625,0.0,0.056702063714686425
2026-03-26,0.04612800106406212,0.046966999769210815,0.04755000025033951,0.044523999094963074,4380878.0,0.3262969789526275,0.0,0.056702063714686425
2026-03-27,0.04934199899435043,0.04612699896097183,0.04987100139260292,0.04522499814629555,10123246.0,0.23932112126044985,0.0,0.056702063714686425
2026-03-28,0.04836200177669525,0.0493369996547699,0.0522180013358593,0.04700800031423569,8670898.0,0.26414370813093,0.0,0.056702063714686425
2026-03-29,0.05059700086712837,0.04835600033402443,0.051339998841285706,0.04805200174450874,4940424.0,0.20741245055266383,0.0,0.056702063714686425
2026-03-30,0.05231500044465065,0.050595998764038086,0.05354199931025505,0.050248000770807266,4473515.0,0.16657159851058959,0.0,0.056702063714686425
2026-03-31,0.05445000156760216,0.05231500044465065,0.0554639995098114,0.05226200073957443,6236183.0,0.11892014939714281,0.0,0.056702063714686425
2026-04-01,0.05852299928665161,0.05445199832320213,0.05913800001144409,0.05397700145840645,4980302.0,0.03836919067771835,0.0,0.056702063714686425
2026-04-02,0.0556350015103817,0.05852299928665161,0.058869000524282455,0.054287999868392944,4648900.0,0.09018123213662221,0.0,0.056702063714686425
2026-04-03,0.05603399872779846,0.0556350015103817,0.058896999806165695,0.05484899878501892,5637100.0,0.0803967265079875,0.0,0.056702063714686425
2026-04-04,0.05592299997806549,0.056033000349998474,0.05802600085735321,0.05554400011897087,2914820.0,0.08056029404646617,0.0,0.056702063714686425
2026-04-05,0.0544780008494854,0.05592299997806549,0.05603799968957901,0.05344400182366371,2456661.0,0.10722881031268844,0.0,0.056702063714686425
2026-04-06,0.0531889982521534,0.05447699874639511,0.05550999939441681,0.052372001111507416,2931859.0,0.13199717488888785,0.0,0.056702063714686425
2026-04-07,0.0558370016515255,0.05318799987435341,0.05590600147843361,0.052925001829862595,2696814.0,0.0761744936913198,0.0,0.056702063714686425
2026-04-08,0.05806000158190727,0.05584299936890602,0.05986399948596954,0.05557800084352493,8173905.0,0.032460055957762475,0.0,0.056702063714686425
2026-04-09,0.057500001043081284,0.05806000158190727,0.058125000447034836,0.055720001459121704,3974213.0,0.039895984819517005,0.0,0.056702063714686425
2026-04-10,0.05917799845337868,0.057500001043081284,0.05992399901151657,0.057496000081300735,3559327.0,0.007527986258198269,0.0,0.056702063714686425
2026-04-11,0.05679899826645851,0.05917799845337868,0.059209998697042465,0.056001998484134674,3819030.0,0.047110839654243536,0.0,0.056702063714686425
2026-04-12,0.056088000535964966,0.0567919984459877,0.05784900113940239,0.054854001849889755,3580039.0,0.057745250200424425,0.0,0.056702063714686425
2026-04-13,0.0561939999461174,0.05606900155544281,0.056703001260757446,0.05291299894452095,3586023.0,0.053221781378448234,0.0,0.056702063714686425
2026-04-14,0.05500800162553787,0.05618799850344658,0.056405000388622284,0.054510001093149185,3143145.0,0.07379591025720829,0.0,0.056702063714686425
2026-04-15,0.05675499886274338,0.054993998259305954,0.057624999433755875,0.054992999881505966,2981344.0,0.03831112586989002,0.0,0.056702063714686425
2026-04-16,0.06431499868631363,0.05675499886274338,0.06524799764156342,0.05641999840736389,7543992.0,-0.08726975129467417,0.0,0.056702063714686425
2026-04-17,0.06480000168085098,0.0643329992890358,0.0754150003194809,0.06195300072431564,25948972.0,-0.0979411005526103,0.0,0.056702063714686425
2026-04-18,0.0641779974102974,0.06480000168085098,0.07181700319051743,0.06265100091695786,10684391.0,-0.09293584346521258,0.0,0.056702063714686425
2026-04-19,0.061549000442028046,0.0641779974102974,0.06474900245666504,0.06134900078177452,5335342.0,-0.05750521255747736,0.0,0.056702063714686425
2026-04-20,0.06738399714231491,0.061549000442028046,0.06838200241327286,0.06128000095486641,5016159.0,-0.14345117532727966,0.0,0.056702063714686425
2026-04-21,0.06698700040578842,0.06738399714231491,0.06836099922657013,0.06503400206565857,4123009.0,-0.14260672083308565,0.0,0.056702063714686425
2026-04-22,0.06701400130987167,0.06698700040578842,0.06926199793815613,0.06624399870634079,3822869.0,-0.14743524875813505,0.0,0.056702063714686425
2026-04-23,0.0681530013680458,0.06701400130987167,0.06841199845075607,0.06497099995613098,3962083.0,-0.16600663191720555,0.0,0.056702063714686425
2026-04-24,0.07529599964618683,0.0681530013680458,0.07756499946117401,0.06716799736022949,12991120.0,-0.24765094250001274,0.0,0.056702063714686425
2026-04-25,0.06977400183677673,0.07529100030660629,0.07714200019836426,0.06903800368309021,4520670.0,-0.19006861005735454,0.0,0.056702063714686425
2026-04-26,0.07182499766349792,0.06977400183677673,0.07354699820280075,0.0680370032787323,3792182.0,-0.21544074768316926,0.0,0.056702063714686425
2026-04-27,0.06761699914932251,0.07182499766349792,0.07222100347280502,0.0668099969625473,3913926.0,-0.16838789416233454,0.0,0.056702063714686425
2026-04-28,0.0681070014834404,0.06761699914932251,0.06977500021457672,0.0674389973282814,2870988.0,-0.17624596403529008,0.0,0.056702063714686425
2026-04-29,0.06565500050783157,0.0681070014834404,0.06882700324058533,0.06474799662828445,3162166.0,-0.14706274677906395,0.0,0.056702063714686425
2026-04-30,0.06352899968624115,0.06565500050783157,0.06626199930906296,0.06324200332164764,2606209.0,-0.11982157176386657,0.0,0.056702063714686425
2026-05-01,0.06372500211000443,0.06352899968624115,0.06617800146341324,0.06346900016069412,2725382.0,-0.1238902149304551,0.0,0.056702063714686425
2026-05-02,0.06687500327825546,0.06372500211000443,0.06782799959182739,0.06358999758958817,4143102.0,-0.16701315721864746,0.0,0.056702063714686425
2026-05-03,0.06892099976539612,0.06687399744987488,0.06904499977827072,0.06558900326490402,3642632.0,-0.19392017593402636,0.0,0.056702063714686425
2026-05-04,0.06696099787950516,0.0689219981431961,0.07075099647045135,0.06678599864244461,2861933.0,-0.17228334095138192,0.0,0.056702063714686425
2026-05-05,0.06836400181055069,0.06696099787950516,0.06924500316381454,0.06678099930286407,3902370.0,-0.19147101722141183,0.0,0.056702063714686425
2026-05-06,0.07542599737644196,0.06836400181055069,0.07759600132703781,0.06836400181055069,8758221.0,-0.2703152799853657,0.0,0.056702063714686425
2026-05-07,0.07445300370454788,0.07542599737644196,0.07699000090360641,0.07271900027990341,5073008.0,-0.26388386628174815,0.0,0.056702063714686425
2026-05-08,0.07847099751234055,0.07445300370454788,0.07886700332164764,0.07444799691438675,4863862.0,-0.3052090683605877,0.0,0.056702063714686425
2026-05-09,0.0857980027794838,0.07847099751234055,0.08832100033760071,0.0780080035328865,6731984.0,-0.3689886933420252,0.0,0.056702063714686425
2026-05-10,0.08607999980449677,0.08580400049686432,0.08799400180578232,0.08080700039863586,5903885.0,-0.3756368154272292,0.0,0.056702063714686425
2026-05-11,0.08472699671983719,0.08608099818229675,0.08617399632930756,0.08100199699401855,4063975.0,-0.3702372065839684,0.0,0.056702063714686425
2026-05-12,0.08199899643659592,0.0847340002655983,0.08514299988746643,0.08089999854564667,3487190.0,-0.3537071544923972,0.0,0.056702063714686425
2026-05-13,0.07769499719142914,0.08199899643659592,0.08538399636745453,0.0770139992237091,3803477.0,-0.32198076214066845,0.0,0.056702063714686425
2026-05-14,0.07954800128936768,0.07769499719142914,0.08200900256633759,0.0764859989285469,3101460.0,-0.3421613364969266,0.0,0.056702063714686425
2026-05-15,0.07495500147342682,0.07954800128936768,0.08053699880838394,0.07387399673461914,3423799.0,-0.3058228381875148,0.0,0.056702063714686425
2026-05-16,0.07162199914455414,0.07495500147342682,0.07590000331401825,0.07120300084352493,2728102.0,-0.277165514990104,0.0,0.056702063714686425
2026-05-17,0.06868399679660797,0.07162199914455414,0.07273600250482559,0.06755899637937546,2883185.0,-0.2495734487672806,0.0,0.056702063714686425
2026-05-18,0.0693880021572113,0.06868399679660797,0.06994599848985672,0.06758199632167816,2933330.0,-0.2607103317274547,0.0,0.056702063714686425
2026-05-19,0.06838099658489227,0.0693880021572113,0.06989199668169022,0.06787600368261337,2670732.0,-0.2532930274867479,0.0,0.056702063714686425
2026-05-20,0.07283300161361694,0.06838099658489227,0.07283300161361694,0.0679209977388382,3105201.0,-0.30314676309688215,0.0,0.056702063714686425
2026-05-21,0.07211799919605255,0.07283300161361694,0.07347699999809265,0.07092999666929245,2939899.0,-0.3004698929837062,0.0,0.056702063714686425
2026-05-22,0.06802699714899063,0.07211799919605255,0.07370000332593918,0.06781300157308578,2907467.0,-0.2621465588832968,0.0,0.056702063714686425
2026-05-23,0.07005999982357025,0.06802699714899063,0.07088000327348709,0.06566599756479263,2677588.0,-0.2877275716923678,0.0,0.056702063714686425
2026-05-24,0.0745600014925003,0.07005999982357025,0.07625199854373932,0.06781399995088577,9107112.0,-0.335652193609294,0.0,0.056702063714686425
2026-05-25,0.08218199759721756,0.07455000281333923,0.08218300342559814,0.07333099842071533,14769582.0,-0.4032865492838498,0.0,0.056702063714686425
2026-05-26,0.07522899657487869,0.08218300342559814,0.08292499929666519,0.07416299730539322,19893033.0,-0.3534915504196973,0.0,0.056702063714686425
2026-05-27,0.0718970000743866,0.07522899657487869,0.07573100179433823,0.07131300121545792,14227303.0,-0.32858489775931277,0.0,0.056702063714686425
2026-05-28,0.06736499816179276,0.0718970000743866,0.07231099903583527,0.06526300311088562,15918035.0,-0.28791388532023376,0.0,0.056702063714686425
2026-05-29,0.06724800169467926,0.06741899996995926,0.06915599852800369,0.065310999751091,14947220.0,-0.2912988054692686,0.0,0.056702063714686425
2026-05-30,0.06767699867486954,0.06724800169467926,0.06961599737405777,0.0668179988861084,4734814.0,-0.3006402194494415,0.0,0.056702063714686425
2026-05-31,0.06648500263690948,0.06769800186157227,0.06916700303554535,0.06451600044965744,4550561.0,-0.29290323307856686,0.0,0.056702063714686425
2026-06-01,0.06663499772548676,0.06648600101470947,0.06815999746322632,0.06503000110387802,6477974.0,-0.29948634387432166,0.0,0.056702063714686425
2026-06-02,0.06109999865293503,0.06663499772548676,0.06684699654579163,0.060516998171806335,8095959.0,-0.2400968204210348,0.0,0.056702063714686425
2026-06-03,0.06236499920487404,0.06109999865293503,0.0648920014500618,0.06021299958229065,8472583.0,-0.25999320279038524,0.0,0.056702063714686425
2026-06-04,0.057165998965501785,0.06236499920487404,0.06274999678134918,0.056488998234272,9261320.0,-0.19613372933336937,0.0,0.056702063714686425
2026-06-05,0.05084799975156784,0.05716700106859207,0.057406000792980194,0.04871600121259689,9066854.0,-0.09800122903783239,0.0,0.056702063714686425
2026-06-06,0.05064300075173378,0.05084799975156784,0.051683999598026276,0.04746700078248978,4632513.0,-0.09609722924139613,0.0,0.056702063714686425
2026-06-07,0.05192999914288521,0.05064300075173378,0.05283400043845177,0.049876999109983444,3427955.0,-0.12073478065655517,0.0,0.056702063714686425
2026-06-08,0.05201699957251549,0.05192999914288521,0.05349799990653992,0.05083400011062622,2760503.0,-0.12455548907375483,0.0,0.056702063714686425
2026-06-09,0.05105600133538246,0.0520239993929863,0.05214099958539009,0.04990899935364723,3083449.0,-0.11019665868742347,0.0,0.056702063714686425
2026-06-10,0.04988500103354454,0.05105600133538246,0.05159800127148628,0.0487309992313385,4007217.0,-0.09109560721931897,0.0,0.056702063714686425
2026-06-11,0.052282001823186874,0.04989299923181534,0.053068000823259354,0.04989200085401535,3146037.0,-0.1354761541973522,0.0,0.056702063714686425
2026-06-12,0.05107000097632408,0.052282001823186874,0.05278399959206581,0.05077299848198891,2281896.0,-0.1173541281168669,0.0,0.056702063714686425
2026-06-13,0.05243900045752525,0.05107000097632408,0.05289499834179878,0.05095599964261055,2224721.0,-0.1433841034403759,0.0,0.056702063714686425
2026-06-14,0.053286999464035034,0.05243900045752525,0.05344599857926369,0.0502609983086586,2819796.0,-0.16042951717528875,0.0,0.056702063714686425
2026-06-15,0.053495001047849655,0.05328800156712532,0.05622699856758118,0.05284800007939339,3528570.0,-0.16733161536137592,0.0,0.056702063714686425
2026-06-16,0.052995000034570694,0.053495001047849655,0.05434500053524971,0.052212998270988464,2683826.0,-0.1630999392797077,0.0,0.056702063714686425
2026-06-17,0.05239100009202957,0.052995000034570694,0.05406299978494644,0.05185899883508682,3732118.0,-0.15702021364780333,0.0,0.056702063714686425
2026-06-18,0.05030599981546402,0.05239199846982956,0.05285799875855446,0.04907999932765961,3070611.0,-0.12498848393845208,0.0,0.056702063714686425
2026-06-19,0.04978099837899208,0.05030599981546402,0.05056000128388405,0.04890099912881851,2111555.0,-0.11858384350137485,0.0,0.056702063714686425
2026-06-20,0.051708001643419266,0.04978099837899208,0.053130000829696655,0.04903800040483475,2663104.0,-0.1552173892839623,0.0,0.056702063714686425
2026-06-21,0.05045799911022186,0.051708001643419266,0.05339000001549721,0.05044899880886078,2249021.0,-0.137732800500702,0.0,0.056702063714686425
2026-06-22,0.04996899887919426,0.05044800043106079,0.052025001496076584,0.04949500039219856,2206900.0,-0.1326970806747409,0.0,0.056702063714686425
2026-06-23,0.04768399894237518,0.04996899887919426,0.050227999687194824,0.04670900106430054,3155229.0,-0.09359938090908125,0.0,0.056702063714686425
2026-06-24,0.04591500014066696,0.04769900068640709,0.04800200089812279,0.04387599974870682,5392052.0,-0.06030780119157004,0.0,0.056702063714686425
2026-06-25,0.04402599856257439,0.0459199994802475,0.046250998973846436,0.04274899885058403,5273531.0,-0.02056000767730254,0.0,0.056702063714686425
2026-06-26,0.04477500170469284,0.04402700066566467,0.04563099890947342,0.0424950011074543,4431313.0,-0.03803082613430318,0.0,0.056702063714686425
2026-06-27,0.043754998594522476,0.04477500170469284,0.045322999358177185,0.04363600164651871,2302899.0,-0.01607859560275456,0.0,0.056702063714686425
2026-06-28,0.04429899901151657,0.04375400021672249,0.046806998550891876,0.043747998774051666,3871073.0,-0.029041385883034013,0.0,0.056702063714686425
2026-06-29,0.04433500021696091,0.04429800063371658,0.04523099958896637,0.04381199926137924,4127166.0,-0.030792082823907968,0.0,0.056702063714686425
2026-06-30,0.04304200038313866,0.04433500021696091,0.044502001255750656,0.041999999433755875,4232699.0,-0.001732557417277488,0.0,0.056702063714686425
2026-07-01,0.04481000080704689,0.04304099828004837,0.045736998319625854,0.04176200181245804,4519477.0,-0.04253760616259424,0.0,0.056702063714686425
2026-07-02,0.044913001358509064,0.04481000080704689,0.04568000137805939,0.044596001505851746,4026256.0,-0.046331009044348746,0.0,0.056702063714686425
2026-07-03,0.046514999121427536,0.044913001358509064,0.046720001846551895,0.044805001467466354,2100223.0,-0.08210824077429608,0.0,0.056702063714686425
2026-07-04,0.0469839982688427,0.046514999121427536,0.049789998680353165,0.04558999836444855,3964283.0,-0.09478114434065316,0.0,0.056702063714686425
2026-07-05,0.04617999866604805,0.04701099917292595,0.04709700122475624,0.04529999941587448,2330162.0,-0.0821820166566785,0.0,0.056702063714686425
2026-07-06,0.04621399939060211,0.04617999866604805,0.04705699905753136,0.043939001858234406,3284267.0,-0.08630966343680269,0.0,0.056702063714686425
2026-07-07,0.044259000569581985,0.04619700089097023,0.04642900079488754,0.04408999904990196,3139022.0,-0.04794817587647879,0.0,0.056702063714686425
2026-07-08,0.043163999915122986,0.044259000569581985,0.04443499818444252,0.04268699884414673,3614218.0,-0.0248778094674113,0.0,0.056702063714686425
2026-07-09,0.04424300044775009,0.043163999915122986,0.044367000460624695,0.043104998767375946,2884488.0,-0.05097624061568494,0.0,0.056702063714686425
2026-07-10,0.04493200033903122,0.04422900080680847,0.04566400125622749,0.044179998338222504,3386634.0,-0.06880527888190219,0.0,0.056702063714686425
2026-07-11,0.04506700113415718,0.04493200033903122,0.04801499843597412,0.04492799937725067,3389313.0,-0.0753628697383908,0.0,0.056702063714686425
2026-07-12,0.043839000165462494,0.04506799951195717,0.04507499933242798,0.043772999197244644,2542931.0,-0.052210200484597145,0.0,0.056702063714686425
2026-07-13,0.042426999658346176,0.043839000165462494,0.044537000358104706,0.041825998574495316,3350488.0,-0.021882797687515294,0.0,0.056702063714686425
2026-07-14,0.04413200169801712,0.042426999658346176,0.044585999101400375,0.042302001267671585,3184259.0,-0.0634009868152821,0.0,0.056702063714686425
2026-07-15,0.043779000639915466,0.04413200169801712,0.04470900073647499,0.04348599910736084,2769093.0,-0.05957221776523544,0.0,0.056702063714686425
2026-07-16,0.042739998549222946,0.043779000639915466,0.04395399987697601,0.04267200082540512,3068461.0,-0.03933276260691983,0.0,0.056702063714686425
2026-07-17,0.042465999722480774,0.042739998549222946,0.04306900128722191,0.04204300045967102,2700744.0,-0.0356831484897222,0.0,0.056702063714686425
2026-07-18,0.04223199933767319,0.042465001344680786,0.04274599999189377,0.04170599952340126,1700290.0,-0.03286836742860815,0.0,0.056702063714686425
2026-07-19,0.04158100113272667,0.04223199933767319,0.0424019992351532,0.041179001331329346,1917522.0,-0.019338342375321557,0.0,0.056702063714686425
2026-07-20,0.042270999401807785,0.04158100113272667,0.0427360013127327,0.04095400124788284,3531521.0,-0.0388804740621669,0.0,0.056702063714686425
2026-07-21,0.043505001813173294,0.042270999401807785,0.04394900053739548,0.042226001620292664,2998455.0,-0.0734913940227049,0.0,0.056702063714686425
2026-07-22,0.04322899878025055,0.043505001813173294,0.04426100105047226,0.04269399866461754,3043079.0,-0.07602293170504876,0.0,0.056702063714686425
2026-07-23,0.042059000581502914,0.04322899878025055,0.04355299845337868,0.04191799834370613,2910207.0,-0.057508248452070414,0.0,0.056702063714686425
2026-07-24,0.040415000170469284,0.04205099865794182,0.04209500178694725,0.04025899991393089,3128198.0,-0.022364523425698817,0.0,0.056702063714686425
2026-07-25,0.040672000497579575,0.04041599854826927,0.04276200011372566,0.04041000083088875,3993717.0,-0.034250468065610586,0.0,0.056702063714686425
2026-07-26,0.041561998426914215,0.040665000677108765,0.041753001511096954,0.04022499918937683,2208039.0,-0.06866347474713436,0.0,0.056702063714686425
2026-07-27,0.0387750007212162,0.041561998426914215,0.041721001267433167,0.038679998368024826,3924498.0,-0.0022967899415082815,0.0,0.056702063714686425
2026-07-28,0.03920599818229675,0.0387750007212162,0.03999900072813034,0.038263000547885895,3674623.0,-0.019897038087166086,0.0,0.056702063714686425
2026-07-29,0.03757200017571449,0.03920599818229675,0.039538998156785965,0.036713000386953354,4318905.0,0.045454847413510135,0.0,0.056702063714686425
2026-07-30,0.03927982971072197,0.0375714972615242,0.0394342765212059,0.03738285228610039,4257768.0,0.0,0.0,0.056702063714686425
