Date,Close,Open,High,Low,Volume,pct_change,epoch_signal,weight
2021-11-08,0.15432000160217285,0.0,0.48141101002693176,0.0,71615121.0,0.0269128288148705,1.0,0.24206642066420664
2021-11-09,0.18672500550746918,0.15328800678253174,0.22967299818992615,0.15328800678253174,58640327.0,-0.15990465445991517,-1.0,0.24206642066420664
2021-11-10,0.15725000202655792,0.18720999360084534,0.19423000514507294,0.1490429937839508,19274383.0,-0.005739138896955981,1.0,0.24206642066420664
2021-11-11,0.15979699790477753,0.15764500200748444,0.17654700577259064,0.1507209986448288,19528633.0,-0.027589167027957124,0.0,0.5158671586715867
2021-11-12,0.1515209972858429,0.1594800055027008,0.16470499336719513,0.1508360058069229,13394851.0,0.02037122075865626,1.0,0.24206642066420664
2021-11-13,0.16024400293827057,0.15158399939537048,0.1892559975385666,0.14444699883460999,20831091.0,-0.04913759487554986,0.0,0.5158671586715867
2021-11-14,0.1772889941930771,0.16023500263690948,0.18641899526119232,0.1596059948205948,24514339.0,-0.1610585064758796,-1.0,0.24206642066420664
2021-11-15,0.16080300509929657,0.1772100031375885,0.1999029964208603,0.1589599996805191,31419601.0,-0.09260107409117532,-1.0,0.24206642066420664
2021-11-16,0.1530109941959381,0.1608230024576187,0.16102400422096252,0.14638200402259827,14652520.0,-0.06336828097855188,-1.0,0.24206642066420664
2021-11-17,0.14670799672603607,0.15300999581813812,0.15463200211524963,0.13794100284576416,12831650.0,-0.040722280812913944,0.0,0.5158671586715867
2021-11-18,0.14102399349212646,0.14668600261211395,0.16082799434661865,0.13538500666618347,13835053.0,-0.021073716448908226,0.0,0.5158671586715867
2021-11-19,0.1503390073776245,0.14129100739955902,0.1603650003671646,0.1342339962720871,11140357.0,-0.09939859068748919,-1.0,0.24206642066420664
2021-11-20,0.15982499718666077,0.15028999745845795,0.16743600368499756,0.1459919959306717,13814339.0,-0.17055290706694806,-1.0,0.24206642066420664
2021-11-21,0.1648399978876114,0.1588820070028305,0.18145599961280823,0.15446099638938904,29728070.0,-0.2154366129521218,-1.0,0.24206642066420664
2021-11-22,0.1594109982252121,0.16523900628089905,0.17673300206661224,0.15220600366592407,20420187.0,-0.21090735592294824,-1.0,0.24206642066420664
2021-11-23,0.17062699794769287,0.15980100631713867,0.17202100157737732,0.15494799613952637,13347193.0,-0.28714263041289506,-1.0,0.24206642066420664
2021-11-24,0.161764994263649,0.17047099769115448,0.17097200453281403,0.1539209932088852,13414632.0,-0.2690896207016295,-1.0,0.24206642066420664
2021-11-25,0.15458999574184418,0.15445099771022797,0.17068900167942047,0.15073899924755096,13404898.0,-0.25494255091992163,-1.0,0.24206642066420664
2021-11-26,0.14536899328231812,0.16279099881649017,0.16479100286960602,0.14066199958324432,14318754.0,-0.22755093770622573,-1.0,0.24206642066420664
2021-11-27,0.1542470008134842,0.14521999657154083,0.17120499908924103,0.14324499666690826,18297958.0,-0.29630244226787805,-1.0,0.24206642066420664
2021-11-28,0.1544560045003891,0.15419499576091766,0.15863099694252014,0.14496499300003052,11530992.0,-0.3230690676346484,-1.0,0.24206642066420664
2021-11-29,0.15809600055217743,0.15436500310897827,0.16228100657463074,0.14978399872779846,12233607.0,-0.36668408074392234,-1.0,0.24206642066420664
2021-11-30,0.15299099683761597,0.1580979973077774,0.16021700203418732,0.15050899982452393,10438537.0,-0.371552812591097,-1.0,0.24206642066420664
2021-12-01,0.14634500443935394,0.15310999751091003,0.1536400020122528,0.14374899864196777,9753455.0,-0.3676130821024334,-1.0,0.24206642066420664
2021-12-02,0.1396539956331253,0.14601899683475494,0.14753000438213348,0.13468700647354126,13220910.0,-0.36088337525370157,-1.0,0.24206642066420664
2021-12-03,0.135126993060112,0.13966700434684753,0.14932900667190552,0.13200600445270538,14882904.0,-0.35979412064842947,-1.0,0.24206642066420664
2021-12-04,0.11325299739837646,0.13522900640964508,0.13548600673675537,0.08348900079727173,13575572.0,-0.24903364462512276,-1.0,0.24206642066420664
2021-12-05,0.10095600038766861,0.11326800286769867,0.11856000125408173,0.09962700307369232,8011193.0,-0.16551482184516958,-1.0,0.24206642066420664
2021-12-06,0.10152799636125565,0.10093499720096588,0.10485900193452835,0.08631499856710434,9915943.0,-0.18313452617870726,-1.0,0.24206642066420664
2021-12-07,0.09846299886703491,0.1016009971499443,0.10681100189685822,0.09684400260448456,7398468.0,-0.17330269394030984,-1.0,0.24206642066420664
2021-12-08,0.09250199794769287,0.09835600107908249,0.09861499816179276,0.08564700186252594,7988450.0,-0.1337767439574162,-1.0,0.24206642066420664
2021-12-09,0.0847100019454956,0.09239800274372101,0.09445899724960327,0.08409299701452255,6896995.0,-0.05741663354571621,0.0,0.5158671586715867
2021-12-10,0.09455099701881409,0.08469100296497345,0.10936799645423889,0.08443299680948257,10511878.0,-0.16444535476742447,-1.0,0.24206642066420664
2021-12-11,0.1004130020737648,0.09441400319337845,0.10576499998569489,0.09222699701786041,5900945.0,-0.22319725011514593,-1.0,0.24206642066420664
2021-12-12,0.09682200103998184,0.10045500099658966,0.10109899938106537,0.09323199838399887,4546021.0,-0.20307663168793202,-1.0,0.24206642066420664
2021-12-13,0.08512599766254425,0.09684000164270401,0.09704100340604782,0.08322399854660034,5006586.0,-0.10042868161730859,-1.0,0.24206642066420664
2021-12-14,0.08332300186157227,0.08516500145196915,0.08782999962568283,0.08170100301504135,4671829.0,-0.08864414401341196,-1.0,0.24206642066420664
2021-12-15,0.09042800217866898,0.08570899814367294,0.09436000138521194,0.08107499778270721,4839302.0,-0.17225544355929762,-1.0,0.24206642066420664
2021-12-16,0.0903870016336441,0.09041599929332733,0.09609200060367584,0.08794800192117691,4080143.0,-0.18255470438565444,-1.0,0.24206642066420664
2021-12-17,0.08471500128507614,0.09038899838924408,0.0917000025510788,0.0829169973731041,9291565.0,-0.13774589509038743,-1.0,0.24206642066420664
2021-12-18,0.0755620002746582,0.08474600315093994,0.08585000038146973,0.07002399861812592,16223624.0,-0.04345847550833669,0.0,0.5158671586715867
2021-12-19,0.07072500139474869,0.07556100189685822,0.0772550031542778,0.06841599941253662,9297731.0,0.01575921483761835,1.0,0.24206642066420664
2021-12-20,0.06503800302743912,0.07069499790668488,0.07137099653482437,0.06433600187301636,11399248.0,0.09719514645864014,1.0,0.24206642066420664
2021-12-21,0.06945399940013885,0.06505899876356125,0.07249599695205688,0.06490600109100342,5636891.0,0.019275533561266243,1.0,0.24206642066420664
2021-12-22,0.07074300199747086,0.06916700303554535,0.07293199747800827,0.06639300286769867,15051607.0,-0.006727931718597831,1.0,0.24206642066420664
2021-12-23,0.07053299993276596,0.07074400037527084,0.07812999933958054,0.06881000101566315,10803341.0,-0.014574057443654385,1.0,0.24206642066420664
2021-12-24,0.07745900005102158,0.0704450011253357,0.08590999990701675,0.0685420036315918,14021506.0,-0.11648128169412374,-1.0,0.24206642066420664
2021-12-25,0.08259499818086624,0.0774419978260994,0.08430600166320801,0.07463300228118896,7946472.0,-0.1875277601514155,-1.0,0.24206642066420664
2021-12-26,0.08409500122070312,0.08250799775123596,0.08437199890613556,0.0789719969034195,7318389.0,-0.21790492838309627,-1.0,0.24206642066420664
2021-12-27,0.07398500293493271,0.08406800031661987,0.0859220027923584,0.07378499954938889,10477118.0,-0.12416162359365342,-1.0,0.24206642066420664
2021-12-28,0.06621500104665756,0.07396599650382996,0.07468699663877487,0.06525900214910507,7740617.0,-0.032708041069985684,0.0,0.5158671586715867
2021-12-29,0.06579600274562836,0.06626199930906296,0.06902100145816803,0.06499800086021423,6289459.0,-0.03896608097490443,0.0,0.5158671586715867
2021-12-30,0.07880599796772003,0.0656369999051094,0.0842059999704361,0.06474799662828445,11708627.0,-0.2174374959036856,-1.0,0.24206642066420664
2021-12-31,0.07683300226926804,0.07885599881410599,0.08257900178432465,0.07357200235128403,12555217.0,-0.22247139561557,-1.0,0.24206642066420664
2022-01-01,0.0793830007314682,0.07670199871063232,0.08094999939203262,0.076105996966362,7517677.0,-0.27536962931917935,-1.0,0.24206642066420664
2022-01-02,0.07915300130844116,0.07936699688434601,0.08642999827861786,0.07791099697351456,7640758.0,-0.30053189386483253,-1.0,0.24206642066420664
2022-01-03,0.07288700342178345,0.0791499987244606,0.07932800054550171,0.0707470029592514,8176574.0,-0.26610536496178827,-1.0,0.24206642066420664
2022-01-04,0.06988299638032913,0.07306600362062454,0.07351599633693695,0.06752000004053116,7296390.0,-0.25939747244199696,-1.0,0.24206642066420664
2022-01-05,0.06763000041246414,0.069862000644207,0.07508400082588196,0.06428900361061096,6349175.0,-0.25838914002984315,-1.0,0.24206642066420664
2022-01-06,0.07012499868869781,0.06761600077152252,0.07186800241470337,0.06501699984073639,4852587.0,-0.3082162689689471,-1.0,0.24206642066420664
2022-01-07,0.06706299632787704,0.07010199874639511,0.07239200174808502,0.06653700023889542,5880356.0,-0.2990833395640927,-1.0,0.24206642066420664
2022-01-08,0.05944100022315979,0.06706199795007706,0.06750799715518951,0.055741000920534134,10021844.0,-0.22789224661546373,-1.0,0.24206642066420664
2022-01-09,0.061514001339673996,0.05944100022315979,0.06321100145578384,0.05790900066494942,7550204.0,-0.27424807870177303,-1.0,0.24206642066420664
2022-01-10,0.05495399981737137,0.06143699958920479,0.061503998935222626,0.05205199867486954,5264804.0,-0.20485098112443265,-1.0,0.24206642066420664
2022-01-11,0.057555001229047775,0.05495399981737137,0.059689000248909,0.05157700181007385,4763478.0,-0.2589316387738931,-1.0,0.24206642066420664
2022-01-12,0.059702999889850616,0.057555001229047775,0.06098400056362152,0.05355500057339668,5789266.0,-0.3060793771962754,-1.0,0.24206642066420664
2022-01-13,0.054531000554561615,0.05975700169801712,0.06014300137758255,0.05443200096487999,4202170.0,-0.25961817120799047,-1.0,0.24206642066420664
2022-01-14,0.05501899868249893,0.05468999966979027,0.05890600010752678,0.05230399966239929,6317150.0,-0.2785029052872956,-1.0,0.24206642066420664
2022-01-15,0.05465799942612648,0.05508799850940704,0.055560000240802765,0.0532039999961853,5442907.0,-0.289203505138803,-1.0,0.24206642066420664
2022-01-16,0.05604200065135956,0.0546329990029335,0.057498998939991,0.053982000797986984,3767698.0,-0.32465787359370435,-1.0,0.24206642066420664
2022-01-17,0.053585998713970184,0.056060999631881714,0.05798700079321861,0.05261800065636635,4477125.0,-0.30853739245006945,-1.0,0.24206642066420664
2022-01-18,0.05047199875116348,0.0535850003361702,0.053982000797986984,0.048172999173402786,3990672.0,-0.2810648216597255,-1.0,0.24206642066420664
2022-01-19,0.0486380010843277,0.05046200007200241,0.051371000707149506,0.047940999269485474,4437191.0,-0.26854763043432245,-1.0,0.24206642066420664
2022-01-20,0.0460130013525486,0.04864099994301796,0.04972200095653534,0.045559000223875046,6967401.0,-0.2382370405655959,-1.0,0.24206642066420664
2022-01-21,0.03628699854016304,0.04567600041627884,0.04567600041627884,0.03555399924516678,7850016.0,-0.03986993584812718,0.0,0.5158671586715867
2022-01-22,0.03283600136637688,0.03629099950194359,0.03810900077223778,0.031286001205444336,4649924.0,0.060193762996364274,1.0,0.24206642066420664
2022-01-23,0.0338280014693737,0.03280799835920334,0.03412400186061859,0.031842999160289764,4267839.0,0.02553388664580228,1.0,0.24206642066420664
2022-01-24,0.0335410013794899,0.03378000110387802,0.03455200046300888,0.030024999752640724,5655194.0,0.03460578922044642,1.0,0.24206642066420664
2022-01-25,0.03342999890446663,0.03353099897503853,0.03445399925112724,0.03292199969291687,7092140.0,0.0393003467019962,1.0,0.24206642066420664
2022-01-26,0.034021999686956406,0.03342499956488609,0.03809500113129616,0.0324460007250309,9259075.0,0.020250211939623782,1.0,0.24206642066420664
2022-01-27,0.03560499846935272,0.03403500095009804,0.037408001720905304,0.03322099894285202,8432016.0,-0.031421439067141295,0.0,0.5158671586715867
2022-01-28,0.03544199839234352,0.035610999912023544,0.036827001720666885,0.03446099907159805,5254654.0,-0.033941387716221516,0.0,0.5158671586715867
2022-01-29,0.03611600026488304,0.03534799814224243,0.03656899929046631,0.03466299921274185,4958470.0,-0.060179107030284694,-1.0,0.24206642066420664
2022-01-30,0.03524399921298027,0.03613800182938576,0.03623899817466736,0.034366000443696976,4777649.0,-0.0468421225062963,0.0,0.5158671586715867
2022-01-31,0.035061001777648926,0.035234998911619186,0.03587400168180466,0.03437799960374832,5118936.0,-0.053615442064460804,0.0,0.5158671586715867
2022-02-01,0.0356220006942749,0.03506600111722946,0.03612799942493439,0.03490599989891052,4447536.0,-0.08066177712053435,-1.0,0.24206642066420664
2022-02-02,0.034019000828266144,0.03562299907207489,0.036090001463890076,0.033911000937223434,5078699.0,-0.04955776039786321,0.0,0.5158671586715867
2022-02-03,0.032368000596761703,0.03402400016784668,0.034821998327970505,0.030812999233603477,5443054.0,-0.0077163383046563346,1.0,0.24206642066420664
2022-02-04,0.040787000209093094,0.03236699849367142,0.04590800032019615,0.03048500046133995,13489233.0,-0.22780601493591202,-1.0,0.24206642066420664
2022-02-05,0.03690600022673607,0.04078499972820282,0.04207799956202507,0.036722999066114426,9812120.0,-0.15893273802596203,-1.0,0.24206642066420664
2022-02-06,0.034974999725818634,0.03689799830317497,0.03808499872684479,0.0334010012447834,6782689.0,-0.12371693362615266,-1.0,0.24206642066420664
2022-02-07,0.03689499944448471,0.035023998469114304,0.03783499822020531,0.03379099816083908,10242246.0,-0.17969913191616183,-1.0,0.24206642066420664
2022-02-08,0.034373000264167786,0.03696700185537338,0.0370590016245842,0.030835000798106194,13100462.0,-0.1280393170155119,-1.0,0.24206642066420664
2022-02-09,0.033734001219272614,0.0343719981610775,0.03505599871277809,0.03111499920487404,9426726.0,-0.12135562312760406,-1.0,0.24206642066420664
2022-02-10,0.03497999906539917,0.03373200073838234,0.03711999952793121,0.031550999730825424,9030283.0,-0.16181352986849376,-1.0,0.24206642066420664
2022-02-11,0.03186099976301193,0.03497600182890892,0.036357998847961426,0.03162800148129463,7916235.0,-0.08598958085045509,-1.0,0.24206642066420664
2022-02-12,0.03225399926304817,0.031870998442173004,0.033734001219272614,0.030918000265955925,5227364.0,-0.10397526940546628,-1.0,0.24206642066420664
2022-02-13,0.03129199892282486,0.03226200118660927,0.032648999243974686,0.03117400035262108,4234041.0,-0.08591116716480858,-1.0,0.24206642066420664
2022-02-14,0.03375000134110451,0.03127099946141243,0.03555300086736679,0.030789999291300774,7223664.0,-0.1650116733379452,-1.0,0.24206642066420664
2022-02-15,0.034313999116420746,0.03377300128340721,0.034703001379966736,0.03267500177025795,5113676.0,-0.1922788484862979,-1.0,0.24206642066420664
2022-02-16,0.03333200141787529,0.03428899869322777,0.03432999923825264,0.03162100166082382,5171804.0,-0.18180016423971074,-1.0,0.24206642066420664
2022-02-17,0.030886000022292137,0.03333200141787529,0.03333299979567528,0.030605999752879143,5386807.0,-0.1276368106451339,-1.0,0.24206642066420664
2022-02-18,0.030251000076532364,0.03091599978506565,0.03139499947428703,0.029870999976992607,4741089.0,-0.12059893052606377,-1.0,0.24206642066420664
2022-02-19,0.029890000820159912,0.030246000736951828,0.0302559994161129,0.026587000116705894,6483166.0,-0.1207315993015216,-1.0,0.24206642066420664
2022-02-20,0.027905000373721123,0.029892999678850174,0.030083000659942627,0.025446999818086624,7358129.0,-0.06756428803605623,-1.0,0.24206642066420664
2022-02-21,0.02641100063920021,0.027904000133275986,0.02947000041604042,0.0263689998537302,4256594.0,-0.02124839224863499,0.0,0.5158671586715867
2022-02-22,0.026538999751210213,0.02640100009739399,0.026592999696731567,0.02506300061941147,3321477.0,-0.030558798864030404,0.0,0.5158671586715867
2022-02-23,0.02529199980199337,0.026538999751210213,0.028761999681591988,0.025200000032782555,3797210.0,0.016242665478713617,1.0,0.24206642066420664
2022-02-24,0.027855999767780304,0.025293000042438507,0.029171999543905258,0.020478999242186546,8052791.0,-0.08254697506814984,-1.0,0.24206642066420664
2022-02-25,0.027708999812602997,0.0279690008610487,0.029263999313116074,0.02623100019991398,5875319.0,-0.07859574552919257,-1.0,0.24206642066420664
2022-02-26,0.02734999917447567,0.02772499993443489,0.02883799932897091,0.027053000405430794,3162359.0,-0.06701660268244454,-1.0,0.24206642066420664
2022-02-27,0.0267340000718832,0.02734999917447567,0.028185000643134117,0.026034999638795853,3272804.0,-0.04763686738675849,0.0,0.5158671586715867
2022-02-28,0.028852000832557678,0.02674899995326996,0.02965099923312664,0.026141999289393425,3824937.0,-0.12265390312150114,-1.0,0.24206642066420664
2022-03-01,0.028217999264597893,0.028850000351667404,0.029718000441789627,0.027520999312400818,3715741.0,-0.10678423669525709,-1.0,0.24206642066420664
2022-03-02,0.026768000796437263,0.028216000646352768,0.028216000646352768,0.026357999071478844,3747984.0,-0.06044712236678105,-1.0,0.24206642066420664
2022-03-03,0.028250999748706818,0.026777999475598335,0.02954700030386448,0.02548299916088581,6050641.0,-0.11296692341846537,-1.0,0.24206642066420664
2022-03-04,0.027692999690771103,0.02824999950826168,0.02910800091922283,0.026417000219225883,5040440.0,-0.09171992561654327,-1.0,0.24206642066420664
2022-03-05,0.027614999562501907,0.027691999450325966,0.027760999277234077,0.026933999732136726,2619572.0,-0.08477448524117517,-1.0,0.24206642066420664
2022-03-06,0.025061000138521194,0.027608999982476234,0.027807999402284622,0.025043999776244164,2582247.0,0.024789028091040617,1.0,0.24206642066420664
2022-03-07,0.02487099915742874,0.025059999898076057,0.02567099966108799,0.02401299960911274,2582821.0,0.04848641045841634,1.0,0.24206642066420664
2022-03-08,0.02455499954521656,0.024858999997377396,0.02525399997830391,0.023907000198960304,1908782.0,0.07488341512872598,1.0,0.24206642066420664
2022-03-09,0.024010000750422478,0.024563999846577644,0.026156999170780182,0.023939000442624092,2660861.0,0.11719715922629888,1.0,0.24206642066420664
2022-03-10,0.0239889994263649,0.024011999368667603,0.024313999339938164,0.023840000852942467,2390633.0,0.138124834457297,1.0,0.24206642066420664
2022-03-11,0.023088999092578888,0.023989999666810036,0.02423200011253357,0.023072000592947006,2450638.0,0.21342882349527173,1.0,0.24206642066420664
2022-03-12,0.02314000017940998,0.023089999333024025,0.02399899996817112,0.022951999679207802,2830908.0,0.24083835620620087,1.0,0.24206642066420664
2022-03-13,0.022408999502658844,0.02314399927854538,0.024368999525904655,0.022267000749707222,5056320.0,0.3115563884484167,1.0,0.24206642066420664
2022-03-14,0.02284500002861023,0.022424999624490738,0.023502999916672707,0.022174999117851257,3519419.0,0.3177062707162465,1.0,0.24206642066420664
2022-03-15,0.02398099936544895,0.022799000144004822,0.024601999670267105,0.022506000474095345,4871477.0,0.27641528104133023,1.0,0.24206642066420664
2022-03-16,0.024762999266386032,0.023986000567674637,0.024918999522924423,0.023497000336647034,3865621.0,0.2452468739981337,1.0,0.24206642066420664
2022-03-17,0.024785000830888748,0.024692999199032784,0.025358999148011208,0.024125000461935997,3413546.0,0.25413407292745166,1.0,0.24206642066420664
2022-03-18,0.02717600017786026,0.024782000109553337,0.027303000912070274,0.0240860003978014,4644206.0,0.14551177837726625,1.0,0.24206642066420664
2022-03-19,0.02705400064587593,0.027177000418305397,0.029675999656319618,0.026936000213027,6028557.0,0.15391259303086666,1.0,0.24206642066420664
2022-03-20,0.025544999167323112,0.027055999264121056,0.028006000444293022,0.02552800066769123,3432464.0,0.22844655917265097,1.0,0.24206642066420664
2022-03-21,0.025759000331163406,0.02552499994635582,0.02667500078678131,0.02517399936914444,3668213.0,0.2192076806599871,1.0,0.24206642066420664
2022-03-22,0.025940999388694763,0.02575800009071827,0.026616999879479408,0.02542399987578392,3693943.0,0.2112559603784542,1.0,0.24206642066420664
2022-03-23,0.025616999715566635,0.025940999388694763,0.026187999173998833,0.02506300061941147,3092896.0,0.23126755428041645,1.0,0.24206642066420664
2022-03-24,0.026352999731898308,0.025615999475121498,0.026646999642252922,0.02543799951672554,3877195.0,0.1971999190512214,1.0,0.24206642066420664
2022-03-25,0.02965500019490719,0.026374999433755875,0.029921000823378563,0.026280999183654785,6449862.0,0.05748004958571291,1.0,0.24206642066420664
2022-03-26,0.030154999345541,0.02964700013399124,0.03382699936628342,0.02816700004041195,9981748.0,0.03006688862692149,1.0,0.24206642066420664
2022-03-27,0.03363500162959099,0.03014799952507019,0.0344959981739521,0.029705999419093132,7038038.0,-0.09135047849146588,-1.0,0.24206642066420664
2022-03-28,0.03315899893641472,0.03362699970602989,0.034981001168489456,0.03288700059056282,6323451.0,-0.09318878935382649,-1.0,0.24206642066420664
2022-03-29,0.031208999454975128,0.03317900002002716,0.03398500010371208,0.030153000727295876,5892133.0,-0.0480752612456291,0.0,0.5158671586715867
2022-03-30,0.03304300084710121,0.031190000474452972,0.034012001007795334,0.030189000070095062,6708811.0,-0.11545565543287958,-1.0,0.24206642066420664
2022-03-31,0.03403899818658829,0.03303999826312065,0.036743998527526855,0.032552000135183334,8706403.0,-0.15718940796524108,-1.0,0.24206642066420664
2022-04-01,0.03809100016951561,0.03403500095009804,0.038116998970508575,0.03243499994277954,7629901.0,-0.26651341212966057,-1.0,0.24206642066420664
2022-04-02,0.037758998572826385,0.03807700052857399,0.03960299864411354,0.036430999636650085,7723945.0,-0.27985883436307246,-1.0,0.24206642066420664
2022-04-03,0.036639999598264694,0.037762999534606934,0.03820100054144859,0.036233000457286835,6452227.0,-0.27670253657829247,-1.0,0.24206642066420664
2022-04-04,0.037804000079631805,0.03662699833512306,0.038401998579502106,0.03638700023293495,6764201.0,-0.31766732495688754,-1.0,0.24206642066420664
2022-04-05,0.03462199866771698,0.03779900074005127,0.038322001695632935,0.034612998366355896,6645414.0,-0.27335630683388734,-1.0,0.24206642066420664
2022-04-06,0.029516000300645828,0.034619998186826706,0.034619998186826706,0.029516000300645828,6564438.0,-0.16223002432278527,-1.0,0.24206642066420664
2022-04-07,0.029985999688506126,0.02947000041604042,0.03044700063765049,0.02723800018429756,7157079.0,-0.1914353652119724,-1.0,0.24206642066420664
2022-04-08,0.028156999498605728,0.029982000589370728,0.03074599988758564,0.028156999498605728,4983056.0,-0.15417293513110092,-1.0,0.24206642066420664
2022-04-09,0.028891999274492264,0.028149999678134918,0.02950200065970421,0.028149999678134918,4225133.0,-0.1937774666963127,-1.0,0.24206642066420664
2022-04-10,0.028961999341845512,0.028873000293970108,0.03000899963080883,0.028738999739289284,4069282.0,-0.21450273072472906,-1.0,0.24206642066420664
2022-04-11,0.026281999424099922,0.02894500084221363,0.028978999704122543,0.026265999302268028,5709361.0,-0.1504832014915579,-1.0,0.24206642066420664
2022-04-12,0.02626900002360344,0.02628299966454506,0.027101999148726463,0.025756999850273132,3134525.0,-0.1666802638489496,-1.0,0.24206642066420664
2022-04-13,0.028140999376773834,0.026285000145435333,0.02863899990916252,0.025888999924063683,3146103.0,-0.23934065144638242,-1.0,0.24206642066420664
2022-04-14,0.02652999944984913,0.028139999136328697,0.028522999957203865,0.02608099952340126,3689229.0,-0.21054868730286835,-1.0,0.24206642066420664
2022-04-15,0.02566000074148178,0.02652999944984913,0.02652999944984913,0.025624999776482582,4864313.0,-0.2012415331847061,-1.0,0.24206642066420664
2022-04-16,0.023899000138044357,0.025662999600172043,0.026213999837636948,0.022525999695062637,6335715.0,-0.15918977083488417,-1.0,0.24206642066420664
2022-04-17,0.02315099909901619,0.02390200085937977,0.02469700016081333,0.023093000054359436,6172574.0,-0.1508645794616104,-1.0,0.24206642066420664
2022-04-18,0.02279599942266941,0.023150000721216202,0.023282000795006752,0.022144999355077744,4827754.0,-0.15738347663413044,-1.0,0.24206642066420664
2022-04-19,0.023641999810934067,0.022796999663114548,0.024429000914096832,0.02275400049984455,7313861.0,-0.21251121876402454,-1.0,0.24206642066420664
2022-04-20,0.022949999198317528,0.023631000891327858,0.023800000548362732,0.022818999364972115,5491885.0,-0.21607009902845362,-1.0,0.24206642066420664
2022-04-21,0.022708000615239143,0.022943999618291855,0.023770999163389206,0.02261500060558319,4644883.0,-0.2323724970686956,-1.0,0.24206642066420664
2022-04-22,0.0223580002784729,0.02267099916934967,0.022964999079704285,0.022266000509262085,3086461.0,-0.24682547418468864,-1.0,0.24206642066420664
2022-04-23,0.02206300012767315,0.02235499955713749,0.02269499935209751,0.022061999887228012,2755965.0,-0.26265693890742403,-1.0,0.24206642066420664
2022-04-24,0.02214599959552288,0.022068999707698822,0.023120999336242676,0.022029999643564224,3167536.0,-0.29087482688819594,-1.0,0.24206642066420664
2022-04-25,0.02296300046145916,0.022143999114632607,0.023346999660134315,0.020677000284194946,4152439.0,-0.345101757239182,-1.0,0.24206642066420664
2022-04-26,0.021244000643491745,0.02295600064098835,0.023466000333428383,0.021222999319434166,3126595.0,-0.31943811175007136,-1.0,0.24206642066420664
2022-04-27,0.02048099972307682,0.021246999502182007,0.021841999143362045,0.02027600072324276,3262730.0,-0.32100133441045164,-1.0,0.24206642066420664
2022-04-28,0.019864000380039215,0.02049800008535385,0.020726000890135765,0.019137000665068626,3690043.0,-0.32518268250152566,-1.0,0.24206642066420664
2022-04-29,0.019133999943733215,0.019857000559568405,0.01990799978375435,0.018998000770807266,2452499.0,-0.32288073272813295,-1.0,0.24206642066420664
2022-04-30,0.017917999997735023,0.019123999401926994,0.019130000844597816,0.017829999327659607,2877137.0,-0.29829009325764566,-1.0,0.24206642066420664
2022-05-01,0.017542000859975815,0.017928000539541245,0.01813100092113018,0.017273999750614166,2487068.0,-0.3038612460844747,-1.0,0.24206642066420664
2022-05-02,0.01740800030529499,0.017542000859975815,0.01775199919939041,0.0172520000487566,1731798.0,-0.32111400727847456,-1.0,0.24206642066420664
2022-05-03,0.01710199937224388,0.017403999343514442,0.017580000683665276,0.017097000032663345,1993350.0,-0.3309247909914071,-1.0,0.24206642066420664
2022-05-04,0.01796099916100502,0.017098000273108482,0.018306000158190727,0.016656000167131424,2874088.0,-0.3867771393402599,-1.0,0.24206642066420664
2022-05-05,0.016837000846862793,0.01796800084412098,0.0180830005556345,0.01636599935591221,2444875.0,-0.3691303767566897,-1.0,0.24206642066420664
2022-05-06,0.016251999884843826,0.01684200018644333,0.01699800044298172,0.016056999564170837,2490192.0,-0.3695545127263343,-1.0,0.24206642066420664
2022-05-07,0.015464999713003635,0.0162540003657341,0.016293000429868698,0.015445999801158905,1935452.0,-0.35883791645191676,-1.0,0.24206642066420664
2022-05-08,0.01399100013077259,0.015464999713003635,0.01553099974989891,0.01397900003939867,2830232.0,-0.30998840099873853,-1.0,0.24206642066420664
2022-05-09,0.013345000334084034,0.014001999981701374,0.014084000140428543,0.01270500011742115,3712415.0,-0.29272959425498823,-1.0,0.24206642066420664
2022-05-10,0.011242000386118889,0.013326000422239304,0.013326000422239304,0.011092999950051308,5929280.0,-0.17171155332672278,-1.0,0.24206642066420664
2022-05-11,0.009790999814867973,0.01131800003349781,0.011412999592721462,0.008751999586820602,10091113.0,-0.05585789005859346,0.0,0.5158671586715867
2022-05-12,0.010950000025331974,0.009790999814867973,0.011869000270962715,0.008882000111043453,4086133.0,-0.16649272055880263,-1.0,0.24206642066420664
2022-05-13,0.009929999709129333,0.010954000055789948,0.011451000347733498,0.00956599973142147,2035576.0,-0.08728238144329824,-1.0,0.24206642066420664
2022-05-14,0.010061999782919884,0.00991399958729744,0.010071000084280968,0.008836999535560608,1886880.0,-0.10687544932143457,-1.0,0.24206642066420664
2022-05-15,0.01030800025910139,0.010057000443339348,0.010355000384151936,0.009809000417590141,1015439.0,-0.13395515811072695,-1.0,0.24206642066420664
2022-05-16,0.008980000391602516,0.01030499953776598,0.01030499953776598,0.008263999596238136,2591041.0,-0.007551219208266011,1.0,0.24206642066420664
2022-05-17,0.009052000008523464,0.008996999822556973,0.009529000148177147,0.008894000202417374,1290566.0,-0.017917646464391253,0.0,0.5158671586715867
2022-05-18,0.00890399981290102,0.009056000038981438,0.009140999987721443,0.008558999747037888,938409.0,-0.003909409183786931,1.0,0.24206642066420664
2022-05-19,0.009321999736130238,0.00891099963337183,0.009378000162541866,0.008654000237584114,1444826.0,-0.05293159504906618,0.0,0.5158671586715867
2022-05-20,0.009713999927043915,0.009316000156104565,0.011959999799728394,0.009309999644756317,3132493.0,-0.096811665804894,-1.0,0.24206642066420664
2022-05-21,0.009879999794065952,0.009712999686598778,0.00992599967867136,0.009514999575912952,2200093.0,-0.12006938739356657,-1.0,0.24206642066420664
2022-05-22,0.009948999620974064,0.0098879998549819,0.010629000142216682,0.009696999564766884,1729964.0,-0.1349405462918609,-1.0,0.24206642066420664
2022-05-23,0.00914200022816658,0.009944000281393528,0.010026000440120697,0.00902900006622076,1995950.0,-0.06786576373465242,-1.0,0.24206642066420664
2022-05-24,0.009216000325977802,0.009139000438153744,0.009730000048875809,0.008999999612569809,1543517.0,-0.08728095524658241,-1.0,0.24206642066420664
2022-05-25,0.008964000269770622,0.009212000295519829,0.009220000356435776,0.00866399984806776,1425737.0,-0.07211388587945441,-1.0,0.24206642066420664
2022-05-26,0.008601999841630459,0.008964999578893185,0.009022999554872513,0.008377999998629093,1527936.0,-0.043605573225518474,0.0,0.5158671586715867
2022-05-27,0.008356999605894089,0.008599000051617622,0.008659999817609787,0.00828699953854084,1200041.0,-0.02352172693408768,0.0,0.5158671586715867
2022-05-28,0.008526000194251537,0.00837900023907423,0.008616000413894653,0.008337000384926796,1073481.0,-0.055443879311570334,0.0,0.5158671586715867
2022-05-29,0.008496999740600586,0.008526000194251537,0.008574999868869781,0.008170999586582184,1119599.0,-0.06353500470658816,-1.0,0.24206642066420664
2022-05-30,0.008821000345051289,0.008496000431478024,0.008855000138282776,0.008414000272750854,2767188.0,-0.11060730272686337,-1.0,0.24206642066420664
2022-05-31,0.008577000349760056,0.008829000405967236,0.008829000405967236,0.008004999719560146,4340951.0,-0.09573781559883063,-1.0,0.24206642066420664
2022-06-01,0.008372999727725983,0.008585000410676003,0.008999000303447247,0.008372999727725983,3210915.0,-0.08179349662636355,-1.0,0.24206642066420664
2022-06-02,0.008488999679684639,0.008376999758183956,0.008694999851286411,0.00827800016850233,2178141.0,-0.10271552878382899,-1.0,0.24206642066420664
2022-06-03,0.008593999780714512,0.008483000099658966,0.00862099975347519,0.008406000211834908,1836059.0,-0.12206742511604911,-1.0,0.24206642066420664
2022-06-04,0.008452000096440315,0.008592999540269375,0.0086260000243783,0.008376999758183956,1350711.0,-0.11567846685076308,-1.0,0.24206642066420664
2022-06-05,0.009060000069439411,0.008441000245511532,0.009201000444591045,0.008410000242292881,2767767.0,-0.18615579800846072,-1.0,0.24206642066420664
2022-06-06,0.008665000088512897,0.009061000309884548,0.009301000274717808,0.008539999835193157,2076056.0,-0.15779959194390855,-1.0,0.24206642066420664
2022-06-07,0.008581999689340591,0.008630000054836273,0.00868299975991249,0.008262000046670437,1754887.0,-0.15889844382277032,-1.0,0.24206642066420664
2022-06-08,0.008471000008285046,0.008585999719798565,0.00860700011253357,0.008426000364124775,1046373.0,-0.15938974542703108,-1.0,0.24206642066420664
2022-06-09,0.008469000458717346,0.0084610003978014,0.008671999908983707,0.008359000086784363,1289480.0,-0.1699925750372112,-1.0,0.24206642066420664
2022-06-10,0.008558999747037888,0.008471000008285046,0.008647000417113304,0.008371000178158283,1211297.0,-0.1898586119653205,-1.0,0.24206642066420664
2022-06-11,0.008202999830245972,0.008562999777495861,0.008565999567508698,0.008097000420093536,1158666.0,-0.16438235746092641,-1.0,0.24206642066420664
2022-06-12,0.00811699964106083,0.008201999589800835,0.008345000445842743,0.008011999540030956,1003451.0,-0.16351921233918518,-1.0,0.24206642066420664
2022-06-13,0.00735899992287159,0.008117999881505966,0.00820900034159422,0.007302999962121248,1605786.0,-0.08185635427118426,-1.0,0.24206642066420664
2022-06-14,0.006907000206410885,0.007360000163316727,0.007373000029474497,0.006802999880164862,1864476.0,-0.02252376807733325,0.0,0.5158671586715867
2022-06-15,0.006988999899476767,0.006907000206410885,0.006990999914705753,0.006597000174224377,1438404.0,-0.03472122062481575,0.0,0.5158671586715867
2022-06-16,0.006697999779134989,0.006990999914705753,0.007222000043839216,0.0064210002310574055,1156280.0,0.008858393698260919,1.0,0.24206642066420664
2022-06-17,0.0069610001519322395,0.006699000019580126,0.00699200015515089,0.006676999852061272,705913.0,-0.028888869903239515,0.0,0.5158671586715867
2022-06-18,0.006275999825447798,0.006963999941945076,0.006972000002861023,0.006089999806135893,862028.0,0.0817551626472676,1.0,0.24206642066420664
2022-06-19,0.006477999966591597,0.006271999794989824,0.006624000146985054,0.00623599998652935,683704.0,0.049662596154146,1.0,0.24206642066420664
2022-06-20,0.006473000161349773,0.006477000191807747,0.006513000000268221,0.006252000108361244,715746.0,0.051238447013051136,1.0,0.24206642066420664
2022-06-21,0.006697999779134989,0.006471999920904636,0.006821000017225742,0.006457999814301729,635475.0,0.01429000977932435,1.0,0.24206642066420664
2022-06-22,0.006951000075787306,0.006694000214338303,0.007137000095099211,0.006548999808728695,1399138.0,-0.024169198987595435,0.0,0.5158671586715867
2022-06-23,0.006996000185608864,0.006949000060558319,0.007335999980568886,0.0069229998625814915,1037707.0,-0.032106811785529474,0.0,0.5158671586715867
2022-06-24,0.007079999893903732,0.006990999914705753,0.00723200011998415,0.006969999987632036,1293233.0,-0.04556765114003831,0.0,0.5158671586715867
2022-06-25,0.0069679999724030495,0.007081000134348869,0.007098999805748463,0.006835999898612499,1112418.0,-0.03085533667892295,0.0,0.5158671586715867
2022-06-26,0.006941999774426222,0.0069690002128481865,0.0070409998297691345,0.006839000154286623,1816444.0,-0.028110435317358986,0.0,0.5158671586715867
2022-06-27,0.007073999848216772,0.006938000209629536,0.007815999910235405,0.006864000111818314,1704939.0,-0.046380418786030705,0.0,0.5158671586715867
2022-06-28,0.0069160000421106815,0.007075000088661909,0.007162999827414751,0.006876999977976084,876044.0,-0.021950484087057374,0.0,0.5158671586715867
2022-06-29,0.006422999780625105,0.006918999832123518,0.007087999954819679,0.006374000106006861,1075250.0,0.05737569159203174,1.0,0.24206642066420664
2022-06-30,0.006548000033944845,0.0064210002310574055,0.006883000023663044,0.006413999944925308,1302597.0,0.04015039029475028,1.0,0.24206642066420664
2022-07-01,0.006556999869644642,0.006543000228703022,0.006659000180661678,0.00649499986320734,698515.0,0.04013888304122344,1.0,0.24206642066420664
2022-07-02,0.006535000167787075,0.006560000125318766,0.006560999900102615,0.006382999941706657,672377.0,0.045520434897058766,1.0,0.24206642066420664
2022-07-03,0.006754999980330467,0.0065379999577999115,0.006808999925851822,0.006521999835968018,596616.0,0.011483564203246735,1.0,0.24206642066420664
2022-07-04,0.0066639999859035015,0.006756999995559454,0.006769000086933374,0.006651000119745731,431426.0,0.025503064610227572,1.0,0.24206642066420664
2022-07-05,0.0067980000749230385,0.006661999970674515,0.006864000111818314,0.006649000104516745,480238.0,0.006045187508827073,1.0,0.24206642066420664
2022-07-06,0.006881999783217907,0.006798999849706888,0.006899999920278788,0.006560999900102615,1030492.0,-0.006877811179352393,1.0,0.24206642066420664
2022-07-07,0.006928999908268452,0.006881999783217907,0.0070569999516010284,0.006862000096589327,485212.0,-0.013772327421989633,1.0,0.24206642066420664
2022-07-08,0.007015000097453594,0.006930000148713589,0.0070779998786747456,0.006901999935507774,377275.0,-0.025795074556349166,0.0,0.5158671586715867
2022-07-09,0.006889000069350004,0.007015999872237444,0.007089999970048666,0.00685499981045723,367543.0,-0.0072856038968010595,1.0,0.24206642066420664
2022-07-10,0.0067010000348091125,0.006889999844133854,0.006889999844133854,0.006622999906539917,452859.0,0.020984781376095284,1.0,0.24206642066420664
2022-07-11,0.006577000021934509,0.006697999779134989,0.00672199996188283,0.006541000213474035,482340.0,0.04090734447276504,1.0,0.24206642066420664
2022-07-12,0.006467999890446663,0.006577000021934509,0.006579999811947346,0.006407999899238348,555103.0,0.06003918825652047,1.0,0.24206642066420664
2022-07-13,0.006725999992340803,0.006465999875217676,0.006756000220775604,0.006438999902456999,669075.0,0.019051871933090558,1.0,0.24206642066420664
2022-07-14,0.006752000190317631,0.006723000202327967,0.0067900000140070915,0.006674000062048435,441458.0,0.014690507767244645,1.0,0.24206642066420664
2022-07-15,0.006785999983549118,0.006748999934643507,0.006862999871373177,0.006738000083714724,458203.0,0.008904895591305853,1.0,0.24206642066420664
2022-07-16,0.006876000203192234,0.0067889997735619545,0.006878000218421221,0.006688999943435192,498346.0,-0.007119335759779569,1.0,0.24206642066420664
2022-07-17,0.006812999956309795,0.00687299994751811,0.006899999920278788,0.006808999925851822,495860.0,-0.0013279807395046226,1.0,0.24206642066420664
2022-07-18,0.007054000161588192,0.006816999986767769,0.007145999930799007,0.006816000211983919,550676.0,-0.040476883620988426,0.0,0.5158671586715867
2022-07-19,0.007300000172108412,0.007054999936372042,0.0073009999468922615,0.007046000100672245,448801.0,-0.0797651855779715,-1.0,0.24206642066420664
2022-07-20,0.0069969999603927135,0.007296999916434288,0.007331000175327063,0.006976999808102846,372131.0,-0.0461490218236933,0.0,0.5158671586715867
2022-07-21,0.006955000106245279,0.0069969999603927135,0.007050999905914068,0.006924999877810478,279650.0,-0.042470314169108785,0.0,0.5158671586715867
2022-07-22,0.006752000190317631,0.006955999881029129,0.006990000139921904,0.0067449999041855335,380645.0,-0.01306846352436605,1.0,0.24206642066420664
2022-07-23,0.006792999804019928,0.0067460001446306705,0.006794000044465065,0.006719999946653843,302792.0,-0.018842894293131813,0.0,0.5158671586715867
2022-07-24,0.006756999995559454,0.006787000223994255,0.0068720001727342606,0.006742999888956547,267005.0,-0.013897398708874135,1.0,0.24206642066420664
2022-07-25,0.006692999973893166,0.006754999980330467,0.006796000059694052,0.006686000153422356,287159.0,-0.004311530619410586,1.0,0.24206642066420664
2022-07-26,0.006905999965965748,0.006697000004351139,0.006912000011652708,0.006686999928206205,266489.0,-0.034559310794833716,0.0,0.5158671586715867
2022-07-27,0.0067889997735619545,0.006910999771207571,0.006910999771207571,0.006659000180661678,604584.0,-0.018299872866419643,0.0,0.5158671586715867
2022-07-28,0.006905999965965748,0.006790999788790941,0.006940999999642372,0.006767000071704388,449499.0,-0.03351811827501354,0.0,0.5158671586715867
2022-07-29,0.007025000173598528,0.006905999965965748,0.007230999879539013,0.006889999844133854,423932.0,-0.05210644407246466,0.0,0.5158671586715867
2022-07-30,0.006988999899476767,0.007019000127911568,0.007333999965339899,0.006965000182390213,472444.0,-0.0483821351566415,0.0,0.5158671586715867
2022-07-31,0.00675999978557229,0.007015999872237444,0.007172999903559685,0.0067349998280406,515733.0,-0.01601856181845188,1.0,0.24206642066420664
2022-08-01,0.006670000031590462,0.006763000041246414,0.006819999776780605,0.00662099989131093,451796.0,-0.001720569744677465,1.0,0.24206642066420664
2022-08-02,0.006684000138193369,0.0066720000468194485,0.006769999861717224,0.00660899979993701,641727.0,-0.0036761742428702243,1.0,0.24206642066420664
2022-08-03,0.006680000107735395,0.006686999928206205,0.006823000032454729,0.0065379999577999115,1588620.0,-0.0031651124657136203,1.0,0.24206642066420664
2022-08-04,0.006690000183880329,0.006684000138193369,0.006748000159859657,0.006616999860852957,548824.0,-0.004164024057992496,1.0,0.24206642066420664
2022-08-05,0.006686000153422356,0.006690999958664179,0.00673400005325675,0.006575999781489372,1128079.0,-0.003867380480305491,1.0,0.24206642066420664
2022-08-06,0.0064690001308918,0.006694999989122152,0.006694999989122152,0.006465999875217676,727150.0,0.030975546614610366,1.0,0.24206642066420664
2022-08-07,0.006328000221401453,0.006465999875217676,0.006519000045955181,0.006277000065892935,715088.0,0.05634816403579162,1.0,0.24206642066420664
2022-08-08,0.006308999843895435,0.006324999965727329,0.006451999768614769,0.006258999928832054,992586.0,0.062442945164718835,1.0,0.24206642066420664
2022-08-09,0.0062339999713003635,0.006308999843895435,0.006316999904811382,0.0058200000785291195,917406.0,0.07792902539266156,1.0,0.24206642066420664
2022-08-10,0.006080999970436096,0.006231999956071377,0.006297000218182802,0.0059090000577270985,543783.0,0.1081667387506157,1.0,0.24206642066420664
2022-08-11,0.006651000119745731,0.0060800001956522465,0.0067969998344779015,0.0060800001956522465,971090.0,0.011541389009740343,1.0,0.24206642066420664
2022-08-12,0.006839000154286623,0.006651000119745731,0.007091999985277653,0.00659500015899539,886607.0,-0.018667469884463612,0.0,0.5158671586715867
2022-08-13,0.006819000001996756,0.006843999959528446,0.006936000194400549,0.006697999779134989,285184.0,-0.018603483689096346,0.0,0.5158671586715867
2022-08-14,0.0067170001566410065,0.006823000032454729,0.006843999959528446,0.006632999982684851,335759.0,-0.005777831838682677,1.0,0.24206642066420664
2022-08-15,0.00671500014141202,0.006717999931424856,0.006759000010788441,0.0066019999794662,431537.0,-0.008112637411726006,1.0,0.24206642066420664
2022-08-16,0.006972999777644873,0.00671500014141202,0.007127999793738127,0.006705000065267086,480505.0,-0.049763344886095365,0.0,0.5158671586715867
2022-08-17,0.0067349998280406,0.006974999792873859,0.006988999899476767,0.006684999912977219,364445.0,-0.01933041095515889,0.0,0.5158671586715867
2022-08-18,0.007110999897122383,0.006730000022798777,0.008148999884724617,0.006653000134974718,965131.0,-0.07746548214053554,-1.0,0.24206642066420664
2022-08-19,0.006697999779134989,0.00712500000372529,0.0071319998241961,0.006674999836832285,833900.0,-0.023610426439224983,0.0,0.5158671586715867
2022-08-20,0.006819000001996756,0.006692999973893166,0.006972999777644873,0.006692000199109316,345455.0,-0.04498634876112796,0.0,0.5158671586715867
2022-08-21,0.006777999922633171,0.006814000196754932,0.006850999779999256,0.006757999770343304,266077.0,-0.042813574092437454,0.0,0.5158671586715867
2022-08-22,0.006812999956309795,0.0067819999530911446,0.00684100016951561,0.0065910001285374165,511360.0,-0.05147022365978042,0.0,0.5158671586715867
2022-08-23,0.006703000050038099,0.0068339998833835125,0.0068350001238286495,0.006663000211119652,265749.0,-0.03947060865750348,0.0,0.5158671586715867
2022-08-24,0.006668000016361475,0.006699000019580126,0.006779000163078308,0.006570000201463699,357608.0,-0.037313968810011845,0.0,0.5158671586715867
2022-08-25,0.006759000010788441,0.006668000016361475,0.006777999922633171,0.006604999769479036,346030.0,-0.053375044201882,0.0,0.5158671586715867
2022-08-26,0.006643999833613634,0.00675999978557229,0.006771999876946211,0.00658900011330843,395654.0,-0.03965623740417209,0.0,0.5158671586715867
2022-08-27,0.006663000211119652,0.006645000074058771,0.006779999937862158,0.006467999890446663,378617.0,-0.044667456756297345,0.0,0.5158671586715867
2022-08-28,0.006647000089287758,0.0066709998063743114,0.006717999931424856,0.006597000174224377,336676.0,-0.04516181508507031,0.0,0.5158671586715867
2022-08-29,0.006694999989122152,0.006639999803155661,0.006732000038027763,0.0066109998151659966,281354.0,-0.054020415628210854,0.0,0.5158671586715867
2022-08-30,0.006587999872863293,0.006697999779134989,0.006725999992340803,0.006550000049173832,327992.0,-0.041200435696980765,0.0,0.5158671586715867
2022-08-31,0.006479000207036734,0.006585999857634306,0.006678000092506409,0.006424999795854092,420806.0,-0.026606142166609965,0.0,0.5158671586715867
2022-09-01,0.0064199999906122684,0.00648199999704957,0.006496999878436327,0.006384999956935644,409274.0,-0.01879543593220653,0.0,0.5158671586715867
2022-09-02,0.0064940000884234905,0.0064119999296963215,0.006535999942570925,0.006370999850332737,316649.0,-0.031281641830698356,0.0,0.5158671586715867
2022-09-03,0.006415999960154295,0.006490999832749367,0.006508000195026398,0.006391999777406454,203253.0,-0.019215354021176672,0.0,0.5158671586715867
2022-09-04,0.006424000021070242,0.006417000200599432,0.006438000127673149,0.006382000166922808,212043.0,-0.020799986165195745,0.0,0.5158671586715867
2022-09-05,0.00634399987757206,0.006424000021070242,0.006442999932914972,0.006115000229328871,459803.0,-0.007716312891451164,1.0,0.24206642066420664
2022-09-06,0.006248000077903271,0.006345999892801046,0.006397000048309565,0.006115000229328871,439117.0,0.006905048276086866,1.0,0.24206642066420664
2022-09-07,0.006289999932050705,0.006246000062674284,0.006326000206172466,0.0060709998942911625,623548.0,0.00028768835962258326,1.0,0.24206642066420664
2022-09-08,0.006173000205308199,0.0062859999015927315,0.006316999904811382,0.006130999885499477,296955.0,0.021028554375913635,1.0,0.24206642066420664
2022-09-09,0.006271999794989824,0.006175999995321035,0.006320999935269356,0.006107000168412924,361302.0,0.005155214123396431,1.0,0.24206642066420664
2022-09-10,0.006238999776542187,0.006269000004976988,0.006281000096350908,0.006169999949634075,278348.0,0.010532854304867601,1.0,0.24206642066420664
2022-09-11,0.006264999974519014,0.00623599998652935,0.006302000023424625,0.006169999949634075,289172.0,0.006392274960063618,1.0,0.24206642066420664
2022-09-12,0.0062779998406767845,0.006258999928832054,0.006289999932050705,0.006099000107496977,348782.0,0.004406944954799414,1.0,0.24206642066420664
2022-09-13,0.006200999952852726,0.006281999871134758,0.006298999767750502,0.006186999846249819,441546.0,0.017831228980276174,1.0,0.24206642066420664
2022-09-14,0.006264000199735165,0.006202999968081713,0.006273000035434961,0.006132999900728464,455747.0,0.007670398080987308,1.0,0.24206642066420664
2022-09-15,0.006318999920040369,0.006262999959290028,0.006438999902456999,0.006225999910384417,433350.0,-0.0002712857162052136,1.0,0.24206642066420664
2022-09-16,0.006271999794989824,0.006322000175714493,0.006351000163704157,0.00622900016605854,433493.0,0.007159588487238453,1.0,0.24206642066420664
2022-09-17,0.006345000118017197,0.006266999989748001,0.006397999823093414,0.006250999867916107,331947.0,-0.005020848708595411,1.0,0.24206642066420664
2022-09-18,0.006256999913603067,0.00634999992325902,0.00636899983510375,0.006080999970436096,649524.0,0.008812997123164587,1.0,0.24206642066420664
2022-09-19,0.0064119999296963215,0.006260999944061041,0.006473000161349773,0.006182000041007996,879652.0,-0.017229592316567923,1.0,0.24206642066420664
2022-09-20,0.00623599998652935,0.006407000124454498,0.006407000124454498,0.0061599998734891415,386365.0,0.008857936923498075,1.0,0.24206642066420664
2022-09-21,0.0062699997797608376,0.0062350002117455006,0.006407000124454498,0.006227999925613403,493383.0,0.0013746822463704955,1.0,0.24206642066420664
2022-09-22,0.006266999989748001,0.006268000230193138,0.006333999801427126,0.006151000037789345,795885.0,-0.00048629648704843315,1.0,0.24206642066420664
2022-09-23,0.006316000130027533,0.006266999989748001,0.006328000221401453,0.00624299980700016,335447.0,-0.01182938896260384,1.0,0.24206642066420664
2022-09-24,0.006455000024288893,0.006316999904811382,0.006508000195026398,0.006306000053882599,383189.0,-0.03822803134461252,0.0,0.5158671586715867
2022-09-25,0.0063749998807907104,0.006451999768614769,0.006465999875217676,0.006298999767750502,339214.0,-0.030774961128977676,0.0,0.5158671586715867
2022-09-26,0.006442000158131123,0.006378000136464834,0.006562999915331602,0.006353000178933144,413119.0,-0.0461850331147119,0.0,0.5158671586715867
2022-09-27,0.006165999919176102,0.006444999948143959,0.006498999893665314,0.0058109997771680355,1397003.0,-0.006881042329829249,1.0,0.24206642066420664
2022-09-28,0.006304000038653612,0.006165000144392252,0.006341999862343073,0.006037000101059675,562529.0,-0.033047810828986515,0.0,0.5158671586715867
2022-09-29,0.0064039998687803745,0.006297999992966652,0.0064130001701414585,0.0062409997917711735,521653.0,-0.05177566090782867,0.0,0.5158671586715867
2022-09-30,0.006304000038653612,0.0064050001092255116,0.006405999884009361,0.006283000111579895,407040.0,-0.04039008742394544,0.0,0.5158671586715867
2022-10-01,0.006246999837458134,0.006308000069111586,0.006318000145256519,0.006246000062674284,345473.0,-0.03523974864150618,0.0,0.5158671586715867
2022-10-02,0.006271999794989824,0.006246000062674284,0.006316000130027533,0.006246000062674284,321032.0,-0.04324583986945392,0.0,0.5158671586715867
2022-10-03,0.006291000172495842,0.006271000020205975,0.006316000130027533,0.006178999785333872,550290.0,-0.050260794423188905,0.0,0.5158671586715867
2022-10-04,0.006324999965727329,0.006293000187724829,0.006359000224620104,0.006211999803781509,822514.0,-0.05875399857819138,0.0,0.5158671586715867
2022-10-05,0.006273999810218811,0.006320000160485506,0.006415999960154295,0.006176999770104885,1061511.0,-0.05363781377585556,0.0,0.5158671586715867
2022-10-06,0.006428999826312065,0.006273999810218811,0.006572000216692686,0.006173999980092049,1184642.0,-0.08080940349066516,-1.0,0.24206642066420664
2022-10-07,0.006264000199735165,0.006434999871999025,0.006436999887228012,0.006163999903947115,924490.0,-0.05923496423738844,-1.0,0.24206642066420664
2022-10-08,0.006266000214964151,0.006266999989748001,0.006287999916821718,0.006184000056236982,661002.0,-0.06298545906804834,-1.0,0.24206642066420664
2022-10-09,0.00623599998652935,0.006268000230193138,0.006324999965727329,0.006142000202089548,840315.0,-0.0624637275543941,-1.0,0.24206642066420664
2022-10-10,0.0061889998614788055,0.0062350002117455006,0.006260999944061041,0.006169999949634075,299057.0,-0.059283345582430015,-1.0,0.24206642066420664
2022-10-11,0.006020000204443932,0.006186000071465969,0.006200999952852726,0.005967000033706427,388888.0,-0.03428258541915474,0.0,0.5158671586715867
2022-10-12,0.006004999857395887,0.006022000219672918,0.006047999951988459,0.00595899997279048,393148.0,-0.034558482467267754,0.0,0.5158671586715867
2022-10-13,0.00595899997279048,0.006004999857395887,0.006045000161975622,0.005898000206798315,437235.0,-0.029023723481463294,0.0,0.5158671586715867
2022-10-14,0.005840000230818987,0.005948999896645546,0.006008000113070011,0.005814000032842159,742904.0,-0.0093200029821458,1.0,0.24206642066420664
2022-10-15,0.005760999862104654,0.00584500003606081,0.005878000054508448,0.005700999870896339,308727.0,0.0056620681858069195,1.0,0.24206642066420664
2022-10-16,0.005756999831646681,0.005762999877333641,0.005805000197142363,0.005673000123351812,353985.0,0.0059224266133185224,1.0,0.24206642066420664
2022-10-17,0.005721000023186207,0.005743999965488911,0.005760000087320805,0.005623999983072281,502783.0,0.010612527709891052,1.0,0.24206642066420664
2022-10-18,0.005727000068873167,0.00572500005364418,0.005781000014394522,0.005630000028759241,353824.0,0.0029184956001654964,1.0,0.24206642066420664
2022-10-19,0.005717999767512083,0.005727999843657017,0.005828999914228916,0.005654999986290932,614471.0,-0.005712907786810793,1.0,0.24206642066420664
2022-10-20,0.005915999878197908,0.005716999992728233,0.005919000133872032,0.005669999867677689,488303.0,-0.04563087148637655,0.0,0.5158671586715867
2022-10-21,0.0058200000785291195,0.005913000088185072,0.005921000149101019,0.005669000092893839,354831.0,-0.03536247084402023,0.0,0.5158671586715867
2022-10-22,0.005774000193923712,0.005824999883770943,0.005849000066518784,0.0057390001602470875,265695.0,-0.03266699422792243,0.0,0.5158671586715867
2022-10-23,0.005723999813199043,0.005778000224381685,0.005781000014394522,0.005696999840438366,341778.0,-0.03056467309673164,0.0,0.5158671586715867
2022-10-24,0.005745999980717897,0.005723999813199043,0.005760999862104654,0.005683999974280596,330716.0,-0.04267150158507798,0.0,0.5158671586715867
2022-10-25,0.005874999798834324,0.005743000190705061,0.005923999939113855,0.005652000196278095,615174.0,-0.07403441396875059,-1.0,0.24206642066420664
2022-10-26,0.005940000060945749,0.00587099976837635,0.006008000113070011,0.0055740000680089,760493.0,-0.09435626924947485,-1.0,0.24206642066420664
2022-10-27,0.005841000005602837,0.005940999835729599,0.0059710000641644,0.005698000080883503,416469.0,-0.08981664772375336,-1.0,0.24206642066420664
2022-10-28,0.005917000118643045,0.00583899999037385,0.005921000149101019,0.0056929998099803925,306844.0,-0.1129594455185655,-1.0,0.24206642066420664
2022-10-29,0.0058120000176131725,0.005917999893426895,0.00599699979647994,0.005803000181913376,525307.0,-0.10776554061845711,-1.0,0.24206642066420664
2022-10-30,0.005714000202715397,0.005812999792397022,0.005849000066518784,0.005576000083237886,468091.0,-0.10310518383670068,-1.0,0.24206642066420664
2022-10-31,0.005677000153809786,0.005714000202715397,0.005717999767512083,0.005607000086456537,413370.0,-0.10454887167164362,-1.0,0.24206642066420664
2022-11-01,0.005841999780386686,0.0056779999285936356,0.005853000096976757,0.005628999788314104,424991.0,-0.13683340269364577,-1.0,0.24206642066420664
2022-11-02,0.005665999837219715,0.005841000005602837,0.005853000096976757,0.005559000186622143,630157.0,-0.11525722622893302,-1.0,0.24206642066420664
2022-11-03,0.00571900000795722,0.005669000092893839,0.005849000066518784,0.005644000135362148,554403.0,-0.13059225912739486,-1.0,0.24206642066420664
2022-11-04,0.005830000154674053,0.005716000217944384,0.005894999951124191,0.005710999947041273,515050.0,-0.14907295827803532,-1.0,0.24206642066420664
2022-11-05,0.005929999984800816,0.00583299994468689,0.006111999973654747,0.00571299996227026,710641.0,-0.16500440955401297,-1.0,0.24206642066420664
2022-11-06,0.005704000126570463,0.005934999790042639,0.005944000091403723,0.005698000080883503,435317.0,-0.1365124029956407,-1.0,0.24206642066420664
2022-11-07,0.0055240001529455185,0.00570600014179945,0.005710000172257423,0.00521499989554286,1077015.0,-0.112168565977311,-1.0,0.24206642066420664
2022-11-08,0.004929000046104193,0.005530999973416328,0.005615999922156334,0.004902999848127365,1253263.0,-0.003796775427091575,1.0,0.24206642066420664
2022-11-09,0.004492000211030245,0.004925999790430069,0.004982000216841698,0.00445799995213747,969468.0,0.0992345718865615,1.0,0.24206642066420664
2022-11-10,0.005090999882668257,0.004494000226259232,0.005429000128060579,0.004474999848753214,944054.0,-0.030071712432259406,0.0,0.5158671586715867
2022-11-11,0.005150999873876572,0.005090000107884407,0.005218000151216984,0.004970999900251627,584906.0,-0.04206299815224963,0.0,0.5158671586715867
2022-11-12,0.005169000010937452,0.005156000144779682,0.005218000151216984,0.004970999900251627,765549.0,-0.04682677265875819,0.0,0.5158671586715867
2022-11-13,0.004960999824106693,0.005169000010937452,0.005197999998927116,0.004914000164717436,1394779.0,-0.0061719063251493645,1.0,0.24206642066420664
2022-11-14,0.004732999950647354,0.0049589998088777065,0.005061000119894743,0.004658999852836132,862439.0,0.045546488732170785,1.0,0.24206642066420664
2022-11-15,0.004598999861627817,0.00472299987450242,0.004821999929845333,0.004526999779045582,798693.0,0.07908556075957618,1.0,0.24206642066420664
2022-11-16,0.004668999928981066,0.004600000102072954,0.004730000160634518,0.004557999782264233,914528.0,0.06403943916407012,1.0,0.24206642066420664
2022-11-17,0.004515000153332949,0.0046709999442100525,0.004699000157415867,0.0045010000467300415,624366.0,0.10159782543872337,1.0,0.24206642066420664
2022-11-18,0.004494000226259232,0.004513999912887812,0.0045830002054572105,0.004459999967366457,697962.0,0.10631101818477941,1.0,0.24206642066420664
2022-11-19,0.004490000195801258,0.004497000016272068,0.004532000049948692,0.004437000025063753,811189.0,0.10747689712173136,1.0,0.24206642066420664
2022-11-20,0.004437000025063753,0.004482000134885311,0.004540999885648489,0.004424000158905983,1136642.0,0.12153214292023755,1.0,0.24206642066420664
2022-11-21,0.004807999823242426,0.004433999769389629,0.00571200018748641,0.004391999915242195,2476920.0,0.030791982890369125,1.0,0.24206642066420664
2022-11-22,0.004984000232070684,0.004803000018000603,0.005274999886751175,0.004767999984323978,1075896.0,-0.011226438917625151,1.0,0.24206642066420664
2022-11-23,0.005042999982833862,0.004984000232070684,0.005111999809741974,0.004939999897032976,466700.0,-0.030018024406819728,0.0,0.5158671586715867
2022-11-24,0.004861999768763781,0.0050409999676048756,0.005053999833762646,0.004844000097364187,395427.0,0.0007248211520476706,1.0,0.24206642066420664
2022-11-25,0.005594000220298767,0.004860000219196081,0.005760999862104654,0.004780999850481749,1093222.0,-0.13864347402888572,-1.0,0.24206642066420664
2022-11-26,0.005733000114560127,0.005601999815553427,0.00596500001847744,0.00558000011369586,1167894.0,-0.16611432314882188,-1.0,0.24206642066420664
2022-11-27,0.005154000129550695,0.005733999889343977,0.005733999889343977,0.005154000129550695,531188.0,-0.07213077412463378,-1.0,0.24206642066420664
2022-11-28,0.005084000062197447,0.005156000144779682,0.005162000190466642,0.004995000082999468,544592.0,-0.05927092536161555,-1.0,0.24206642066420664
2022-11-29,0.005053000058978796,0.00508299982175231,0.005162000190466642,0.0050119999796152115,396095.0,-0.04881589624635002,0.0,0.5158671586715867
2022-11-30,0.00506900018081069,0.005061999894678593,0.005117000080645084,0.005016999784857035,393383.0,-0.043776866408794184,0.0,0.5158671586715867
2022-12-01,0.0050940001383423805,0.005067999940365553,0.005117999855428934,0.005036999937146902,286956.0,-0.03948626000621737,0.0,0.5158671586715867
2022-12-02,0.0050760000012815,0.0050940001383423805,0.005098999943584204,0.005018999800086021,342525.0,-0.0269334703669536,0.0,0.5158671586715867
2022-12-03,0.005013999994844198,0.005073000211268663,0.005090000107884407,0.004976999945938587,479144.0,-0.003551959791036275,1.0,0.24206642066420664
2022-12-04,0.005032999906688929,0.005018000025302172,0.005115000065416098,0.00494399992749095,412178.0,0.003302034812491853,1.0,0.24206642066420664
2022-12-05,0.005115000065416098,0.005030999891459942,0.00521400012075901,0.0049959998577833176,381359.0,-0.002392601174380269,1.0,0.24206642066420664
2022-12-06,0.004896000027656555,0.005115000065416098,0.005156999919563532,0.00483600003644824,503132.0,0.054446771784665345,1.0,0.24206642066420664
2022-12-07,0.004780000075697899,0.0048940000124275684,0.004896000027656555,0.0047599999234080315,515427.0,0.09274754035002772,1.0,0.24206642066420664
2022-12-08,0.0046350001357495785,0.004782000090926886,0.004801000002771616,0.00456500006839633,518095.0,0.1418399981740012,1.0,0.24206642066420664
2022-12-09,0.004453000146895647,0.004631000105291605,0.004666999913752079,0.004447000101208687,311877.0,0.20544732510930497,1.0,0.24206642066420664
2022-12-10,0.004507000092417002,0.004453999921679497,0.0045739999040961266,0.00442600017413497,279015.0,0.20514117759969452,1.0,0.24206642066420664
2022-12-11,0.004513999912887812,0.0045090001076459885,0.004559999797493219,0.004482999909669161,973509.0,0.2164166695661812,1.0,0.24206642066420664
2022-12-12,0.004383999854326248,0.004511999897658825,0.004519999958574772,0.004244000185281038,544648.0,0.26746614800543567,1.0,0.24206642066420664
2022-12-13,0.004395999945700169,0.004383999854326248,0.004455000162124634,0.004358000122010708,434188.0,0.2793340359514367,1.0,0.24206642066420664
2022-12-14,0.0042779999785125256,0.004395000170916319,0.004397999960929155,0.004201000090688467,488746.0,0.3345354960215629,1.0,0.24206642066420664
2022-12-15,0.004313999786973,0.004279999993741512,0.004399999976158142,0.004271000158041716,448165.0,0.34096083105468006,1.0,0.24206642066420664
2022-12-16,0.004604999907314777,0.004310000222176313,0.004834999796003103,0.004296000115573406,700123.0,0.2675042878350298,1.0,0.24206642066420664
2022-12-17,0.004939999897032976,0.004610999953001738,0.005249999929219484,0.00455900002270937,1150410.0,0.19109314007428915,1.0,0.24206642066420664
2022-12-18,0.005187000147998333,0.004937999881803989,0.005247999913990498,0.004912999924272299,547719.0,0.13943279449799878,1.0,0.24206642066420664
2022-12-19,0.0050929998978972435,0.005187000147998333,0.005239999853074551,0.005013999994844198,534061.0,0.16953243004629043,1.0,0.24206642066420664
2022-12-20,0.005549999885261059,0.0050940001383423805,0.005667999852448702,0.00508899986743927,514983.0,0.08290864263931086,1.0,0.24206642066420664
2022-12-21,0.005925000179558992,0.005551000125706196,0.006304000038653612,0.005539999809116125,653765.0,0.01907973199213009,1.0,0.24206642066420664
2022-12-22,0.006054999772459269,0.005919999908655882,0.00610999995842576,0.005894999951124191,684392.0,0.00042471475100206807,1.0,0.24206642066420664
2022-12-23,0.006051000207662582,0.006054999772459269,0.006060999818146229,0.006000000052154064,417282.0,0.00157388753089493,1.0,0.24206642066420664
2022-12-24,0.006209000013768673,0.006047000177204609,0.0063680000603199005,0.00597700010985136,797885.0,-0.02147420687032196,0.0,0.5158671586715867
2022-12-25,0.006155000068247318,0.006206999998539686,0.006283000111579895,0.006113000214099884,464914.0,-0.007148670748605447,1.0,0.24206642066420664
2022-12-26,0.006231000181287527,0.006155000068247318,0.006238000001758337,0.006113000214099884,369028.0,-0.014642637988357812,1.0,0.24206642066420664
2022-12-27,0.0061519998125731945,0.00622999994084239,0.0062489998526871204,0.006120000034570694,378060.0,0.005828566218032251,1.0,0.24206642066420664
2022-12-28,0.006056000012904406,0.006155999843031168,0.006180000025779009,0.006004999857395887,564115.0,0.02664024433581919,1.0,0.24206642066420664
2022-12-29,0.006085999775677919,0.006056000012904406,0.006136999931186438,0.00584599981084466,562057.0,0.02614122060967544,1.0,0.24206642066420664
2022-12-30,0.006037000101059675,0.006082000210881233,0.006188000086694956,0.006002000067383051,507450.0,0.04369876124006043,1.0,0.24206642066420664
2022-12-31,0.00584500003606081,0.006037000101059675,0.006039000116288662,0.005836999975144863,462280.0,0.08751476073621746,1.0,0.24206642066420664
2023-01-01,0.005760000087320805,0.005843999795615673,0.005886999890208244,0.005741000175476074,426929.0,0.11446757703600943,1.0,0.24206642066420664
2023-01-02,0.005762999877333641,0.005758999846875668,0.005892000161111355,0.005710999947041273,495992.0,0.12662058773386972,1.0,0.24206642066420664
2023-01-03,0.0058109997771680355,0.005760000087320805,0.00597199983894825,0.0057020001113414764,506801.0,0.12552552985024204,1.0,0.24206642066420664
2023-01-04,0.006066999863833189,0.005814999807626009,0.006126999855041504,0.005814000032842159,525847.0,0.0835276238551433,1.0,0.24206642066420664
2023-01-05,0.005905000027269125,0.006070000119507313,0.006184999831020832,0.005859000142663717,552849.0,0.11814846523984864,1.0,0.24206642066420664
2023-01-06,0.005696000065654516,0.00597700010985136,0.005987000185996294,0.005648000165820122,455479.0,0.16728530797273225,1.0,0.24206642066420664
2023-01-07,0.005929999984800816,0.005696000065654516,0.0059380000457167625,0.005661000031977892,465851.0,0.13025777981357978,1.0,0.24206642066420664
2023-01-08,0.0057379999198019505,0.005929999984800816,0.005929999984800816,0.005563999991863966,503092.0,0.17705690383870148,1.0,0.24206642066420664
2023-01-09,0.0060629998333752155,0.005739999935030937,0.006186000071465969,0.005716000217944384,561838.0,0.11702524210626047,1.0,0.24206642066420664
2023-01-10,0.006678000092506409,0.006062000058591366,0.0067969998344779015,0.00597799988463521,521497.0,0.013177591985220177,1.0,0.24206642066420664
2023-01-11,0.006510999985039234,0.0066720000468194485,0.006680000107735395,0.006353999953716993,556375.0,0.042046073286860726,1.0,0.24206642066420664
2023-01-12,0.0064650001004338264,0.006703999824821949,0.006804999895393848,0.00636899983510375,541591.0,0.05564761882398913,1.0,0.24206642066420664
2023-01-13,0.006113000214099884,0.006461999844759703,0.006546999793499708,0.006000000052154064,728062.0,0.12653748058683686,1.0,0.24206642066420664
2023-01-14,0.006527000106871128,0.006118999794125557,0.0067090000957250595,0.00597199983894825,732786.0,0.06207182269181781,1.0,0.24206642066420664
2023-01-15,0.006897000130265951,0.006527000106871128,0.006957000121474266,0.006461999844759703,502323.0,0.009307001192260963,1.0,0.24206642066420664
2023-01-16,0.0068350001238286495,0.006901000160723925,0.006965000182390213,0.006477999966591597,672589.0,0.02328350515953897,1.0,0.24206642066420664
2023-01-17,0.007162000052630901,0.006839000154286623,0.007408999837934971,0.006823999807238579,693678.0,-0.011336289611558747,1.0,0.24206642066420664
2023-01-18,0.006674999836832285,0.007158000022172928,0.007172000128775835,0.0065299998968839645,540283.0,0.07434994953367645,1.0,0.24206642066420664
2023-01-19,0.006668999791145325,0.006672999821603298,0.006864999886602163,0.006351999938488007,560875.0,0.08544156218489082,1.0,0.24206642066420664
2023-01-20,0.007207000162452459,0.0066709998063743114,0.007294000126421452,0.006564999930560589,488498.0,0.012844635596521211,1.0,0.24206642066420664
2023-01-21,0.007015000097453594,0.007215999998152256,0.007459999993443489,0.006963000167161226,567935.0,0.05262191846201588,1.0,0.24206642066420664
2023-01-22,0.007079000119119883,0.007015999872237444,0.007158999796956778,0.006959000136703253,431505.0,0.05513287149484982,1.0,0.24206642066420664
2023-01-23,0.007304000202566385,0.007075000088661909,0.007493999786674976,0.006961999926716089,595670.0,0.032206720186443265,1.0,0.24206642066420664
2023-01-24,0.006812999956309795,0.007306999992579222,0.0073640001937747,0.006792000029236078,670317.0,0.12495719810716673,1.0,0.24206642066420664
2023-01-25,0.006767000071704388,0.006812999956309795,0.006837999913841486,0.0065379999577999115,501678.0,0.15049222560586087,1.0,0.24206642066420664
2023-01-26,0.006512000225484371,0.006767000071704388,0.006852000020444393,0.006415999960154295,517990.0,0.2140809216671673,1.0,0.24206642066420664
2023-01-27,0.006666000001132488,0.006521000061184168,0.00672800000756979,0.006264999974519014,548702.0,0.2028274248411885,1.0,0.24206642066420664
2023-01-28,0.007054999936372042,0.006666000001132488,0.007087999954819679,0.0065899998880922794,591866.0,0.146380491047666,1.0,0.24206642066420664
2023-01-29,0.006819999776780605,0.007052000146359205,0.00712500000372529,0.006775000132620335,677984.0,0.19849885648319307,1.0,0.24206642066420664
2023-01-30,0.006453000009059906,0.006812999956309795,0.0069599999114871025,0.006448000203818083,545465.0,0.28345619976460623,1.0,0.24206642066420664
2023-01-31,0.006541000213474035,0.006457999814301729,0.006713999900966883,0.006339999847114086,575996.0,0.28066186379343555,1.0,0.24206642066420664
2023-02-01,0.006905000191181898,0.006543000228703022,0.0069599999114871025,0.006386999972164631,584767.0,0.2223509190672484,1.0,0.24206642066420664
2023-02-02,0.007304999977350235,0.006901999935507774,0.007304999977350235,0.006850000005215406,682768.0,0.16123334149519297,1.0,0.24206642066420664
2023-02-03,0.007410000078380108,0.007327999919652939,0.007807999849319458,0.007300000172108412,753765.0,0.14857013437959385,1.0,0.24206642066420664
2023-02-04,0.00748499995097518,0.007422999944537878,0.007683000061661005,0.007286000065505505,713458.0,0.13870917422360862,1.0,0.24206642066420664
2023-02-05,0.007507000118494034,0.0074800001457333565,0.007524999789893627,0.007356000132858753,455602.0,0.13790936585090352,1.0,0.24206642066420664
2023-02-06,0.007526999805122614,0.0075079998932778835,0.007588000036776066,0.007275999989360571,596859.0,0.13784031676363387,1.0,0.24206642066420664
2023-02-07,0.008981999941170216,0.007526999805122614,0.009022999554872513,0.0074339997954666615,1000042.0,-0.05293124798484878,0.0,0.5158671586715867
2023-02-08,0.008574999868869781,0.008988000452518463,0.010015999898314476,0.00787500012665987,1939394.0,-0.010201285873206609,1.0,0.24206642066420664
2023-02-09,0.008086999878287315,0.008588000200688839,0.00912499986588955,0.008050000295042992,954136.0,0.050545573397583275,1.0,0.24206642066420664
2023-02-10,0.008483000099658966,0.00808900035917759,0.008845999836921692,0.008058000355958939,826405.0,-0.0032165271452482005,1.0,0.24206642066420664
2023-02-11,0.0087909996509552,0.008488999679684639,0.008809000253677368,0.008315999992191792,689953.0,-0.04592896679837991,0.0,0.5158671586715867
2023-02-12,0.008867000229656696,0.008799999952316284,0.009150000289082527,0.008781000040471554,758146.0,-0.06269369199087065,-1.0,0.24206642066420664
2023-02-13,0.008772999979555607,0.00885900016874075,0.008895999751985073,0.00853899959474802,713564.0,-0.06187816128201079,-1.0,0.24206642066420664
2023-02-14,0.009440000168979168,0.008768999949097633,0.010316000320017338,0.008708000183105469,1242201.0,-0.14146994955801243,-1.0,0.24206642066420664
2023-02-15,0.009309000335633755,0.009378000162541866,0.009378000162541866,0.008894000202417374,739086.0,-0.14349659726332126,-1.0,0.24206642066420664
2023-02-16,0.009046999737620354,0.009314999915659428,0.009758999571204185,0.00904299970716238,719661.0,-0.13277748148254467,-1.0,0.24206642066420664
2023-02-17,0.00901699997484684,0.00904299970716238,0.009252999909222126,0.008837999776005745,643658.0,-0.14527057105349864,-1.0,0.24206642066420664
2023-02-18,0.00851800013333559,0.00898400042206049,0.009096999652683735,0.008429000154137611,554875.0,-0.1084538210223459,-1.0,0.24206642066420664
2023-02-19,0.008627000264823437,0.0085230004042387,0.0089910002425313,0.007980000227689743,610799.0,-0.13006234710605705,-1.0,0.24206642066420664
2023-02-20,0.008728999644517899,0.008669000118970871,0.009078999981284142,0.008623000234365463,2749154.0,-0.15108910977509882,-1.0,0.24206642066420664
2023-02-21,0.008528999984264374,0.008728999644517899,0.008781000040471554,0.008496999740600586,443203.0,-0.1386920782344035,-1.0,0.24206642066420664
2023-02-22,0.008239000104367733,0.00853199977427721,0.00862099975347519,0.008210999891161919,387699.0,-0.11725880946371081,-1.0,0.24206642066420664
2023-02-23,0.008197000250220299,0.00824000034481287,0.008387000299990177,0.007984999567270279,425348.0,-0.12046221898783897,-1.0,0.24206642066420664
2023-02-24,0.00800000037997961,0.008196000009775162,0.008294999599456787,0.007883000187575817,474062.0,-0.1069702839095157,-1.0,0.24206642066420664
2023-02-25,0.00774399982765317,0.00800000037997961,0.008080000057816505,0.00760400015860796,409307.0,-0.08285368206686844,-1.0,0.24206642066420664
2023-02-26,0.007907000370323658,0.007739999797195196,0.008008000440895557,0.007681999821215868,758595.0,-0.10742746250374748,-1.0,0.24206642066420664
2023-02-27,0.007993999868631363,0.00790799967944622,0.008623000234365463,0.007898000068962574,1151819.0,-0.12707148459258438,-1.0,0.24206642066420664
2023-02-28,0.007765000220388174,0.007993999868631363,0.008123000152409077,0.007753999903798103,1039534.0,-0.11063076117683224,-1.0,0.24206642066420664
2023-03-01,0.008174999617040157,0.00776199996471405,0.008283999748528004,0.0077149998396635056,1163903.0,-0.16814325853788756,-1.0,0.24206642066420664
2023-03-02,0.008259999565780163,0.008181000128388405,0.008444000035524368,0.008070000447332859,690431.0,-0.18769164536117172,-1.0,0.24206642066420664
2023-03-03,0.0076419999822974205,0.008264999836683273,0.008322999812662601,0.0075980001129209995,426629.0,-0.13236375260868483,-1.0,0.24206642066420664
2023-03-04,0.0073529998771846294,0.00762900011613965,0.0076950001530349255,0.0073529998771846294,371689.0,-0.10798312181439589,-1.0,0.24206642066420664
2023-03-05,0.007267999928444624,0.00736499996855855,0.007422999944537878,0.007174000144004822,438958.0,-0.10726733385396675,-1.0,0.24206642066420664
2023-03-06,0.007073000073432922,0.007269000168889761,0.007304999977350235,0.007009999826550484,351878.0,-0.09269994921688976,-1.0,0.24206642066420664
2023-03-07,0.006802000105381012,0.007073999848216772,0.007143999915570021,0.0066189998760819435,773148.0,-0.06148053424879676,-1.0,0.24206642066420664
2023-03-08,0.006550999823957682,0.006792999804019928,0.006821999792009592,0.006513999775052071,988394.0,-0.028785112648715326,0.0,0.5158671586715867
2023-03-09,0.006370999850332737,0.006550000049173832,0.006564000155776739,0.006314000114798546,1014368.0,-0.0038567389157794494,1.0,0.24206642066420664
2023-03-10,0.006105000153183937,0.006364000029861927,0.006364000029861927,0.00597799988463521,1088762.0,0.03775200826935681,1.0,0.24206642066420664
2023-03-11,0.006147000007331371,0.00609700009226799,0.006244999822229147,0.005901999771595001,1078872.0,0.026284595056562835,1.0,0.24206642066420664
2023-03-12,0.0067529999651014805,0.006142000202089548,0.006754999980330467,0.00597199983894825,1079739.0,-0.07524697725771967,-1.0,0.24206642066420664
2023-03-13,0.006738000083714724,0.006754999980330467,0.006905999965965748,0.006326000206172466,961029.0,-0.08190223314726201,-1.0,0.24206642066420664
2023-03-14,0.0071840002201497555,0.0067449999041855335,0.0073529998771846294,0.006209000013768673,1038318.0,-0.15024793521231347,-1.0,0.24206642066420664
2023-03-15,0.006701999809592962,0.007180999964475632,0.0073449998162686825,0.006622999906539917,959192.0,-0.09719910891679254,-1.0,0.24206642066420664
2023-03-16,0.00686699990183115,0.0067079998552799225,0.006978999823331833,0.006703999824821949,6355438.0,-0.129196214299325,-1.0,0.24206642066420664
2023-03-17,0.0066280001774430275,0.006868000142276287,0.007100999820977449,0.0065830000676214695,6440446.0,-0.10424752081406001,-1.0,0.24206642066420664
2023-03-18,0.006864999886602163,0.006632999982684851,0.007017000112682581,0.006572999991476536,1124487.0,-0.14228833935375745,-1.0,0.24206642066420664
2023-03-19,0.006965999957174063,0.006862999871373177,0.007164999842643738,0.006829999852925539,1039554.0,-0.16123210375241423,-1.0,0.24206642066420664
2023-03-20,0.006326999980956316,0.0069690002128481865,0.007025999948382378,0.006142999976873398,1261546.0,-0.08078755304096286,-1.0,0.24206642066420664
2023-03-21,0.006248000077903271,0.0063310000114142895,0.006333000026643276,0.0060629998333752155,1129060.0,-0.0745686370880614,-1.0,0.24206642066420664
2023-03-22,0.00595899997279048,0.0062500000931322575,0.0062939999625086784,0.005942000076174736,995731.0,-0.03384236279334332,0.0,0.5158671586715867
2023-03-23,0.006353999953716993,0.005969000048935413,0.006382000166922808,0.005872000008821487,996675.0,-0.10212538674806221,-1.0,0.24206642066420664
2023-03-24,0.005979000125080347,0.006353000178933144,0.006364000029861927,0.005979000125080347,1051152.0,-0.0497296270687689,0.0,0.5158671586715867
2023-03-25,0.00585199985653162,0.00598399993032217,0.006072999909520149,0.005750999785959721,1063074.0,-0.03233731105206995,0.0,0.5158671586715867
2023-03-26,0.005785000044852495,0.005861000157892704,0.005932999774813652,0.0057219997979700565,1032567.0,-0.022019183910977742,0.0,0.5158671586715867
2023-03-27,0.00558099988847971,0.0057830000296235085,0.005791999865323305,0.005537999793887138,973801.0,0.013114245217991326,1.0,0.24206642066420664
2023-03-28,0.00609799986705184,0.0055740000680089,0.0061160000041127205,0.005539000034332275,1020207.0,-0.07766009943438505,-1.0,0.24206642066420664
2023-03-29,0.006101999897509813,0.006099000107496977,0.006180999800562859,0.005859000142663717,1063863.0,-0.0850462571531303,-1.0,0.24206642066420664
2023-03-30,0.0060350000858306885,0.0061079999431967735,0.006192999891936779,0.00597799988463521,943707.0,-0.08048290649240768,-1.0,0.24206642066420664
2023-03-31,0.005874999798834324,0.006031999830156565,0.006056000012904406,0.005785999819636345,1072537.0,-0.060911816125280835,-1.0,0.24206642066420664
2023-04-01,0.005582000128924847,0.005878999829292297,0.005880999844521284,0.005444000009447336,1165227.0,-0.014869242025936964,1.0,0.24206642066420664
2023-04-02,0.005415000021457672,0.005576000083237886,0.005638000089675188,0.005400999914854765,1043550.0,0.013533833163997488,1.0,0.24206642066420664
2023-04-03,0.005504999775439501,0.005419000051915646,0.005588000174611807,0.005382999777793884,1106226.0,-0.00581285324859052,1.0,0.24206642066420664
2023-04-04,0.0054720002226531506,0.0055069997906684875,0.005545999854803085,0.005439999978989363,1071035.0,-0.0032024910349203713,1.0,0.24206642066420664
2023-04-05,0.0055669997818768024,0.005472999997437,0.00559200020506978,0.005462000146508217,1040226.0,-0.0241388070999864,0.0,0.5158671586715867
2023-04-06,0.005381000228226185,0.005566000007092953,0.005566000007092953,0.005319999996572733,1114947.0,0.007362723552003049,1.0,0.24206642066420664
2023-04-07,0.0057299998588860035,0.005381000228226185,0.005840000230818987,0.0053449999541044235,1206951.0,-0.05909579720999573,-1.0,0.24206642066420664
2023-04-08,0.00583899999037385,0.005741999950259924,0.00595200015231967,0.005648000165820122,1144292.0,-0.08281750633521169,-1.0,0.24206642066420664
2023-04-09,0.006014000158756971,0.005840000230818987,0.006089000031352043,0.0057219997979700565,1168872.0,-0.11646636325863147,-1.0,0.24206642066420664
2023-04-10,0.005760000087320805,0.006018000189214945,0.006035999860614538,0.005756999831646681,1101743.0,-0.08344081924417306,-1.0,0.24206642066420664
2023-04-11,0.005539000034332275,0.0057669999077916145,0.0060259997844696045,0.005518999882042408,954385.0,-0.051926171298723185,0.0,0.5158671586715867
2023-04-12,0.005439000204205513,0.005537000019103289,0.0055519999004900455,0.005160999950021505,1095175.0,-0.04135917954576668,0.0,0.5158671586715867
2023-04-13,0.005257000215351582,0.005450999829918146,0.005520999897271395,0.005229999776929617,1127400.0,-0.013578309198896502,1.0,0.24206642066420664
2023-04-14,0.0054870001040399075,0.005262000020593405,0.005669000092893839,0.005262000020593405,1144257.0,-0.06293665949017196,-1.0,0.24206642066420664
2023-04-15,0.00545499986037612,0.005491000134497881,0.00559299997985363,0.0053969998843967915,1183606.0,-0.06569767735151932,-1.0,0.24206642066420664
2023-04-16,0.005677000153809786,0.005452999845147133,0.005708999931812286,0.005392000079154968,1159015.0,-0.11441324119007693,-1.0,0.24206642066420664
2023-04-17,0.005508999805897474,0.005681000184267759,0.005683999974280596,0.005415000021457672,1099945.0,-0.10099488035003286,-1.0,0.24206642066420664
2023-04-18,0.005472999997437,0.005503000225871801,0.005534000229090452,0.005320999771356583,1150830.0,-0.10766272666645486,-1.0,0.24206642066420664
2023-04-19,0.005233000032603741,0.005472999997437,0.005503000225871801,0.005148000083863735,1097085.0,-0.07089624303172315,-1.0,0.24206642066420664
2023-04-20,0.005326000042259693,0.005233000032603741,0.005679999943822622,0.005204999819397926,1142033.0,-0.09657923520719387,-1.0,0.24206642066420664
2023-04-21,0.005200000014156103,0.00532800005748868,0.005369999911636114,0.0051739998161792755,1114680.0,-0.08184066610203104,-1.0,0.24206642066420664
2023-04-22,0.005200999788939953,0.005200999788939953,0.005247999913990498,0.005109999794512987,1097384.0,-0.08786768477492729,-1.0,0.24206642066420664
2023-04-23,0.005189999938011169,0.005200999788939953,0.005278999917209148,0.005162000190466642,1086620.0,-0.09341223213901188,-1.0,0.24206642066420664
2023-04-24,0.005183999892324209,0.0051910001784563065,0.005229999776929617,0.005001000128686428,1105357.0,-0.09857251568763437,-1.0,0.24206642066420664
2023-04-25,0.00508299982175231,0.005181000102311373,0.005235000047832727,0.00496299983933568,1120964.0,-0.086890912534788,-1.0,0.24206642066420664
2023-04-26,0.005107999779284,0.00508299982175231,0.0051819998770952225,0.0050490000285208225,1091607.0,-0.09727967200162899,-1.0,0.24206642066420664
2023-04-27,0.005129000172019005,0.005106000229716301,0.005187000147998333,0.005078000016510487,1089797.0,-0.10870960937854919,-1.0,0.24206642066420664
2023-04-28,0.005115999840199947,0.005131999962031841,0.005142000038176775,0.005047000013291836,1092017.0,-0.11391895594918462,-1.0,0.24206642066420664
2023-04-29,0.005084000062197447,0.005113999824970961,0.005185999907553196,0.005051999818533659,1125064.0,-0.11600353353710964,-1.0,0.24206642066420664
2023-04-30,0.005135000217705965,0.00508200004696846,0.005156999919563532,0.005013999994844198,1136532.0,-0.12941998573768515,-1.0,0.24206642066420664
2023-05-01,0.005042000208050013,0.005127999931573868,0.005146999843418598,0.005018999800086021,1116386.0,-0.11832987961955628,-1.0,0.24206642066420664
2023-05-02,0.004951000213623047,0.0050570000894367695,0.00508899986743927,0.0048940000124275684,1062204.0,-0.10775124308909254,-1.0,0.24206642066420664
2023-05-03,0.004654999822378159,0.004945999942719936,0.004954999778419733,0.004588000010699034,1118958.0,-0.04984907724416691,0.0,0.5158671586715867
2023-05-04,0.004660000093281269,0.004658999852836132,0.004755999892950058,0.004561999812722206,1061528.0,-0.05198244511228248,0.0,0.5158671586715867
2023-05-05,0.004563999827951193,0.004658000078052282,0.004767000209540129,0.0044999998062849045,1022523.0,-0.03239635781963873,0.0,0.5158671586715867
2023-05-06,0.0045090001076459885,0.004563999827951193,0.004623000044375658,0.004449999891221523,988729.0,-0.021480873182783043,0.0,0.5158671586715867
2023-05-07,0.004224999807775021,0.004503000061959028,0.004542999900877476,0.004164999816566706,976831.0,0.045342395498648276,1.0,0.24206642066420664
2023-05-08,0.0039369999431073666,0.0042130001820623875,0.004228000063449144,0.003930999897420406,1014752.0,0.12686721930412057,1.0,0.24206642066420664
2023-05-09,0.0040270001627504826,0.003938000183552504,0.004098999779671431,0.0039160000160336494,1062043.0,0.10449697776657552,1.0,0.24206642066420664
2023-05-10,0.004776000045239925,0.004033000208437443,0.004898000042885542,0.003967999946326017,1314579.0,-0.07277459977973667,-1.0,0.24206642066420664
2023-05-11,0.004267999902367592,0.004776000045239925,0.005063999909907579,0.004228000063449144,1454839.0,0.03803501198547382,1.0,0.24206642066420664
2023-05-12,0.0044189998880028725,0.004263999871909618,0.004517000168561935,0.004240000154823065,1477611.0,0.001066847553944684,1.0,0.24206642066420664
2023-05-13,0.004561999812722206,0.004418000113219023,0.004575000144541264,0.004368999972939491,1227087.0,-0.03276545226871966,0.0,0.5158671586715867
2023-05-14,0.0043750000186264515,0.004567999858409166,0.004567999858409166,0.004354999866336584,1244310.0,0.0077714268927671715,1.0,0.24206642066420664
2023-05-15,0.0045079998672008514,0.004370000213384628,0.0045819999650120735,0.004310000222176313,1363848.0,-0.025605242621795705,0.0,0.5158671586715867
2023-05-16,0.004418000113219023,0.004507000092417002,0.004530999809503555,0.004377999808639288,1398505.0,-0.007426353251101229,1.0,0.24206642066420664
2023-05-17,0.004472999833524227,0.004416000097990036,0.004488000180572271,0.004410000052303076,1365341.0,-0.024144830882896866,0.0,0.5158671586715867
2023-05-18,0.004296000115573406,0.0044639999978244305,0.004499000031501055,0.004271000158041716,1423663.0,0.01281366493065689,1.0,0.24206642066420664
2023-05-19,0.00431300001218915,0.004296000115573406,0.00432599987834692,0.004255999810993671,1403546.0,0.0042507112590161895,1.0,0.24206642066420664
2023-05-20,0.004265999887138605,0.00431300001218915,0.004346000030636787,0.004236000124365091,1468020.0,0.006742153011159181,1.0,0.24206642066420664
2023-05-21,0.0046350001357495785,0.004269999917596579,0.004652999807149172,0.004226999823004007,1434312.0,-0.08467665978104175,-1.0,0.24206642066420664
2023-05-22,0.004515999928116798,0.0046270000748336315,0.00481100007891655,0.004490000195801258,1416537.0,-0.07099623057699517,-1.0,0.24206642066420664
2023-05-23,0.004366000182926655,0.00455200020223856,0.004596000071614981,0.004317999817430973,1446621.0,-0.04815352249543731,0.0,0.5158671586715867
2023-05-24,0.0047690002247691154,0.004364999942481518,0.004772000014781952,0.00430699996650219,1521014.0,-0.14300696499508178,-1.0,0.24206642066420664
2023-05-25,0.004550999961793423,0.004774000030010939,0.004776000045239925,0.004387999884784222,1412472.0,-0.11635328481794704,-1.0,0.24206642066420664
2023-05-26,0.004530000034719706,0.004548000171780586,0.004629000090062618,0.004472000058740377,1457154.0,-0.1266372444901533,-1.0,0.24206642066420664
2023-05-27,0.004424999933689833,0.004525000229477882,0.004701000172644854,0.004408999811857939,1202843.0,-0.11914984153610049,-1.0,0.24206642066420664
2023-05-28,0.004317999817430973,0.0044200001284480095,0.004433999769389629,0.004313999786973,1262042.0,-0.11022515569981854,-1.0,0.24206642066420664
2023-05-29,0.004354999866336584,0.00431999983265996,0.004379999823868275,0.0042489999905228615,1196758.0,-0.1310917674763175,-1.0,0.24206642066420664
2023-05-30,0.004265000112354755,0.004356999881565571,0.004433999769389629,0.004251000005751848,1507587.0,-0.1255847957457781,-1.0,0.24206642066420664
2023-05-31,0.004368999972939491,0.004257999826222658,0.004385999869555235,0.004139999859035015,1452852.0,-0.1581815580730672,-1.0,0.24206642066420664
2023-06-01,0.004308000206947327,0.004372000228613615,0.004379999823868275,0.004122000187635422,1356219.0,-0.1573042851460295,-1.0,0.24206642066420664
2023-06-02,0.004279999993741512,0.004310999996960163,0.004381000064313412,0.004215000197291374,1154336.0,-0.16197152067786358,-1.0,0.24206642066420664
2023-06-03,0.004327000118792057,0.004284000024199486,0.0043390002101659775,0.004211000166833401,1173032.0,-0.18324586996264264,-1.0,0.24206642066420664
2023-06-04,0.004300999920815229,0.00432500010356307,0.004335999954491854,0.004149000160396099,1193498.0,-0.18923615673303076,-1.0,0.24206642066420664
2023-06-05,0.004162999801337719,0.004296999890357256,0.004313999786973,0.00405400013551116,1168409.0,-0.17390156573055762,-1.0,0.24206642066420664
2023-06-06,0.004263000097125769,0.0041669998317956924,0.004362999927252531,0.004164999816566706,1141126.0,-0.2053215565550674,-1.0,0.24206642066420664
2023-06-07,0.004048999864608049,0.004259999841451645,0.004263999871909618,0.004035999998450279,1104118.0,-0.174022953138889,-1.0,0.24206642066420664
2023-06-08,0.004002999980002642,0.004050000105053186,0.004064999986439943,0.003986999858170748,1079217.0,-0.17342944647051947,-1.0,0.24206642066420664
2023-06-09,0.003898999886587262,0.004002999980002642,0.004013999830931425,0.003872999921441078,1087194.0,-0.15786706911941795,-1.0,0.24206642066420664
2023-06-10,0.003498000092804432,0.0038980001118034124,0.0039059999398887157,0.003367000026628375,1083244.0,-0.06301562249266812,-1.0,0.24206642066420664
2023-06-11,0.0035379999317228794,0.003496000077575445,0.00355900009162724,0.003413999918848276,1083490.0,-0.07405311666250725,-1.0,0.24206642066420664
2023-06-12,0.0035260000731796026,0.0035389999393373728,0.003590000094845891,0.003512999974191189,1213427.0,-0.07022663348753026,-1.0,0.24206642066420664
2023-06-13,0.003533999901264906,0.003527000080794096,0.00356599991209805,0.0035019998904317617,1213451.0,-0.07311286183881174,-1.0,0.24206642066420664
2023-06-14,0.003324999939650297,0.003533999901264906,0.0035620001144707203,0.003295999951660633,1254478.0,-0.012545628888267648,1.0,0.24206642066420664
2023-06-15,0.00317499996162951,0.003323999932035804,0.003323999932035804,0.003060000017285347,967926.0,0.036865407589069456,1.0,0.24206642066420664
2023-06-16,0.0031620000954717398,0.003172999946400523,0.0033179998863488436,0.0030670000705868006,722368.0,0.04430586576644431,1.0,0.24206642066420664
2023-06-17,0.0031950001139193773,0.0031739999540150166,0.003258999902755022,0.0031010000966489315,730728.0,0.03578504669041099,1.0,0.24206642066420664
2023-06-18,0.0031479999888688326,0.003195999888703227,0.003275000024586916,0.0030559999868273735,756036.0,0.055605986111511865,1.0,0.24206642066420664
2023-06-19,0.003137999912723899,0.003148999996483326,0.0032079999800771475,0.0031169999856501818,722847.0,0.06381077321883062,1.0,0.24206642066420664
2023-06-20,0.0031159999780356884,0.003134000115096569,0.0032140000257641077,0.0030330000445246696,737280.0,0.07503516210283945,1.0,0.24206642066420664
2023-06-21,0.003287999890744686,0.003114999970421195,0.003292999928817153,0.003043999895453453,710111.0,0.01872614563180928,1.0,0.24206642066420664
2023-06-22,0.003309000050649047,0.003287999890744686,0.003384999930858612,0.0032579998951405287,719668.0,0.011944330113204721,1.0,0.24206642066420664
2023-06-23,0.0033650000113993883,0.0033100000582635403,0.003367000026628375,0.003143999958410859,719737.0,-0.0064388240986650936,1.0,0.24206642066420664
2023-06-24,0.0032210000790655613,0.0033650000113993883,0.0033650000113993883,0.003189000068232417,713266.0,0.039295678456693024,1.0,0.24206642066420664
2023-06-25,0.0033140000887215137,0.0032250001095235348,0.003418999956920743,0.003192000091075897,736603.0,0.010791141671116436,1.0,0.24206642066420664
2023-06-26,0.003154000034555793,0.0033140000887215137,0.003355999942868948,0.003120000008493662,744865.0,0.06406075276064907,1.0,0.24206642066420664
2023-06-27,0.0031850000377744436,0.0031479999888688326,0.003318999893963337,0.0031479999888688326,707240.0,0.0559019180395694,1.0,0.24206642066420664
2023-06-28,0.0031389999203383923,0.003192000091075897,0.0032279998995363712,0.003120000008493662,738467.0,0.07140585314191676,1.0,0.24206642066420664
2023-06-29,0.0032550001051276922,0.0031389999203383923,0.0033519999124109745,0.0031389999203383923,755960.0,0.030809717986629712,1.0,0.24206642066420664
2023-06-30,0.0033680000342428684,0.003254000097513199,0.003386999946087599,0.003244000021368265,622373.0,-0.007945934886887303,1.0,0.24206642066420664
2023-07-01,0.0033740000799298286,0.0033599999733269215,0.003425000002607703,0.003263999940827489,775535.0,-0.014141771625130507,1.0,0.24206642066420664
2023-07-02,0.003504999913275242,0.0033740000799298286,0.0035920001100748777,0.003369000041857362,692802.0,-0.05734661440732841,0.0,0.5158671586715867
2023-07-03,0.003575999988242984,0.003504999913275242,0.003642000025138259,0.003495000069960952,693024.0,-0.08224138548396238,-1.0,0.24206642066420664
2023-07-04,0.0034759999252855778,0.003576999995857477,0.0035929998848587275,0.003464000066742301,440799.0,-0.06240064882804205,-1.0,0.24206642066420664
2023-07-05,0.0034860000014305115,0.0034749999176710844,0.0035019998904317617,0.003421999979764223,284440.0,-0.07134660076801862,-1.0,0.24206642066420664
2023-07-06,0.003358999965712428,0.003487000009045005,0.0035500000230968,0.003326999954879284,319841.0,-0.040785925805155644,0.0,0.5158671586715867
2023-07-07,0.0033730000723153353,0.0033629999961704016,0.0034199999645352364,0.00330400001257658,343656.0,-0.04948259337627683,0.0,0.5158671586715867
2023-07-08,0.0033470001071691513,0.003369000041857362,0.0034149999264627695,0.0033259999472647905,340710.0,-0.04539959563320538,0.0,0.5158671586715867
2023-07-09,0.0034360000863671303,0.0033470001071691513,0.0034920000471174717,0.0033279999624937773,326668.0,-0.07526748902515054,-1.0,0.24206642066420664
2023-07-10,0.0034570000134408474,0.0034360000863671303,0.0034920000471174717,0.0033400000538676977,356859.0,-0.08501727998684498,-1.0,0.24206642066420664
2023-07-11,0.003358999965712428,0.0034570000134408474,0.0035180000122636557,0.003355999942868948,299341.0,-0.06115763526595248,-1.0,0.24206642066420664
2023-07-12,0.003283000085502863,0.003358999965712428,0.003369000041857362,0.003266999963670969,309219.0,-0.04122247138136499,0.0,0.5158671586715867
2023-07-13,0.0032870001159608364,0.003283000085502863,0.0033030000049620867,0.003198999911546707,307070.0,-0.04450434801016678,0.0,0.5158671586715867
2023-07-14,0.0032560001127421856,0.0032870001159608364,0.00343999988399446,0.0032560001127421856,258957.0,-0.03865393763847857,0.0,0.5158671586715867
2023-07-15,0.0033100000582635403,0.0032560001127421856,0.0033130000811070204,0.003244000021368265,241707.0,-0.05783341252120772,0.0,0.5158671586715867
2023-07-16,0.0033599999733269215,0.0033100000582635403,0.0033909999765455723,0.003286000108346343,240146.0,-0.0751558779063285,-1.0,0.24206642066420664
2023-07-17,0.003286000108346343,0.0033599999733269215,0.0033829999156296253,0.0032740000169724226,441273.0,-0.057009555985944364,0.0,0.5158671586715867
2023-07-18,0.0033319999929517508,0.0032850001007318497,0.003346000099554658,0.003252000082284212,439263.0,-0.07292915814202942,-1.0,0.24206642066420664
2023-07-19,0.003140999935567379,0.0033319999929517508,0.0033470001071691513,0.0031190000008791685,459464.0,-0.01716162125782471,1.0,0.24206642066420664
2023-07-20,0.0030900000128895044,0.003140999935567379,0.003189000068232417,0.003080999944359064,441328.0,0.00012329726266763474,1.0,0.24206642066420664
2023-07-21,0.003073000116273761,0.003089000005275011,0.003103999886661768,0.003060000017285347,491307.0,0.0063998027760397876,1.0,0.24206642066420664
2023-07-22,0.003060000017285347,0.003073000116273761,0.0030980000738054514,0.0030479999259114265,515994.0,0.010924376781284837,1.0,0.24206642066420664
2023-07-23,0.003037000074982643,0.003060000017285347,0.0030759999062865973,0.0030249999836087227,527091.0,0.019458412506045197,1.0,0.24206642066420664
2023-07-24,0.003111999947577715,0.003037000074982643,0.0031330001074820757,0.0030269999988377094,535662.0,-0.0054626953693072185,1.0,0.24206642066420664
2023-07-25,0.002997000003233552,0.003111999947577715,0.0031159999780356884,0.0029929999727755785,527225.0,0.03319193432211461,1.0,0.24206642066420664
2023-07-26,0.003028000006452203,0.0029959999956190586,0.003073000116273761,0.002979000099003315,587858.0,0.0225357090011822,1.0,0.24206642066420664
2023-07-27,0.0030380000825971365,0.003029000014066696,0.0030580000020563602,0.003014999907463789,624677.0,0.02003196003584258,1.0,0.24206642066420664
2023-07-28,0.00303900009021163,0.0030380000825971365,0.00304899993352592,0.0030139998998492956,617958.0,0.02124756958693321,1.0,0.24206642066420664
2023-07-29,0.003114999970421195,0.0030380000825971365,0.003126000054180622,0.003031000029295683,381263.0,-0.00380644915653713,1.0,0.24206642066420664
2023-07-30,0.003065000055357814,0.0031159999780356884,0.0031429999507963657,0.0030539999715983868,450345.0,0.014495442728645594,1.0,0.24206642066420664
2023-07-31,0.003157000057399273,0.003065000055357814,0.0031739999540150166,0.00304899993352592,391311.0,-0.01616967472881518,1.0,0.24206642066420664
2023-08-01,0.0031590000726282597,0.0031590000726282597,0.00355600006878376,0.0030330000445246696,652718.0,-0.017892963832770444,0.0,0.5158671586715867
2023-08-02,0.0031590000726282597,0.003163000103086233,0.003249000059440732,0.0031449999660253525,687479.0,-0.016400631716878222,1.0,0.24206642066420664
2023-08-03,0.003140999935567379,0.003160000080242753,0.003169999923557043,0.003128000069409609,339943.0,-0.007944067640556102,1.0,0.24206642066420664
2023-08-04,0.003034000052139163,0.0031419999431818724,0.0031510000117123127,0.0030159999150782824,371887.0,0.031955283566315794,1.0,0.24206642066420664
2023-08-05,0.0030670000705868006,0.003034000052139163,0.003071000101044774,0.003020999953150749,179519.0,0.025758044802482633,1.0,0.24206642066420664
2023-08-06,0.0031270000617951155,0.003068000078201294,0.00317199993878603,0.0030559999868273735,166657.0,0.011664894084006647,1.0,0.24206642066420664
2023-08-07,0.0031010000966489315,0.003128000069409609,0.0031930000986903906,0.0030410001054406166,158359.0,0.025567754258645443,1.0,0.24206642066420664
2023-08-08,0.003129000077024102,0.003100000089034438,0.0031469999812543392,0.0030590000096708536,149161.0,0.02122993828887881,1.0,0.24206642066420664
2023-08-09,0.0031010000966489315,0.003129000077024102,0.003140999935567379,0.0030769999139010906,150004.0,0.03398285433205676,1.0,0.24206642066420664
2023-08-10,0.0031590000726282597,0.0031010000966489315,0.0031610000878572464,0.003097000066190958,160843.0,0.01614431761031777,1.0,0.24206642066420664
2023-08-11,0.0031210000161081553,0.003155000042170286,0.003160000080242753,0.003114999970421195,170503.0,0.02949297552960639,1.0,0.24206642066420664
2023-08-12,0.0030759999062865973,0.0031210000161081553,0.003137999912723899,0.0030410001054406166,168405.0,0.04625675979240299,1.0,0.24206642066420664
2023-08-13,0.0030930000357329845,0.0030739998910576105,0.0031220000237226486,0.0030700000934302807,164952.0,0.04226130819454957,1.0,0.24206642066420664
2023-08-14,0.003089000005275011,0.0030930000357329845,0.003145999973639846,0.003089000005275011,158655.0,0.04462839652903776,1.0,0.24206642066420664
2023-08-15,0.003028000006452203,0.0030869999900460243,0.003140999935567379,0.0030139998998492956,171874.0,0.06825186371706403,1.0,0.24206642066420664
2023-08-16,0.003022999968379736,0.003028000006452203,0.0030559999868273735,0.003005000064149499,165632.0,0.07403557561902427,1.0,0.24206642066420664
2023-08-17,0.0030930000357329845,0.003022999968379736,0.0033130000811070204,0.0029949999880045652,189357.0,0.050759764596905406,1.0,0.24206642066420664
2023-08-18,0.003137999912723899,0.0030900000128895044,0.00318100000731647,0.0030400000978261232,188761.0,0.03593435003847846,1.0,0.24206642066420664
2023-08-19,0.0031059999018907547,0.003137999912723899,0.003155000042170286,0.003091000020503998,186342.0,0.046714532701965544,1.0,0.24206642066420664
2023-08-20,0.0031969998963177204,0.0031079999171197414,0.003215000033378601,0.0030879999976605177,197701.0,0.015282217820414199,1.0,0.24206642066420664
2023-08-21,0.003083999967202544,0.0031969998963177204,0.003206999972462654,0.0030700000934302807,180960.0,0.05214317888300097,1.0,0.24206642066420664
2023-08-22,0.003085999982431531,0.003082999959588051,0.0030879999976605177,0.0030090000946074724,261726.0,0.050350282650532485,1.0,0.24206642066420664
2023-08-23,0.0032579998951405287,0.003085999982431531,0.003425000002607703,0.003082999959588051,490299.0,-0.008258025202207964,1.0,0.24206642066420664
2023-08-24,0.003326999954879284,0.0032579998951405287,0.0033279999624937773,0.0031649998854845762,367697.0,-0.03184620509872957,0.0,0.5158671586715867
2023-08-25,0.0033470001071691513,0.003323999932035804,0.0033909999765455723,0.0032939999364316463,347490.0,-0.041501303151947826,0.0,0.5158671586715867
2023-08-26,0.0033829999156296253,0.003346000099554658,0.0033859999384731054,0.003261999925598502,321131.0,-0.0556282574390233,0.0,0.5158671586715867
2023-08-27,0.0034940000623464584,0.003384999930858612,0.003519000019878149,0.003372000064700842,330696.0,-0.0919126826016827,-1.0,0.24206642066420664
2023-08-28,0.0034539999905973673,0.003495000069960952,0.0035379999317228794,0.0034390001092106104,177058.0,-0.0870488308814646,-1.0,0.24206642066420664
2023-08-29,0.0034469999372959137,0.0034580000210553408,0.003469000104814768,0.0033360000234097242,174403.0,-0.09091409749158018,-1.0,0.24206642066420664
2023-08-30,0.0033309999853372574,0.003444999922066927,0.0034519999753683805,0.003324999939650297,171383.0,-0.06357306764910675,-1.0,0.24206642066420664
2023-08-31,0.003234999952837825,0.0033319999929517508,0.003344000084325671,0.003195999888703227,181925.0,-0.03899314082318972,0.0,0.5158671586715867
2023-09-01,0.0031850000377744436,0.003232999937608838,0.003254000097513199,0.003148999996483326,172985.0,-0.02602976595889041,0.0,0.5158671586715867
2023-09-02,0.003186000045388937,0.0031840000301599503,0.003197999903932214,0.0031330001074820757,164568.0,-0.028831512221611125,0.0,0.5158671586715867
2023-09-03,0.003206999972462654,0.003189000068232417,0.003217000048607588,0.003157000057399273,164907.0,-0.03813086778377804,0.0,0.5158671586715867
2023-09-04,0.003155000042170286,0.0032099999953061342,0.003226999891921878,0.003152000019326806,183709.0,-0.024390628745764618,0.0,0.5158671586715867
2023-09-05,0.003192000091075897,0.003154000034555793,0.0031950001139193773,0.003117999993264675,206099.0,-0.03813107411755827,0.0,0.5158671586715867
2023-09-06,0.003278000047430396,0.003194000106304884,0.003298999974504113,0.0031820000149309635,258234.0,-0.06727390688918089,-1.0,0.24206642066420664
2023-09-07,0.003160000080242753,0.003272000001743436,0.0032909999135881662,0.0031190000008791685,183115.0,-0.03357447268465589,0.0,0.5158671586715867
2023-09-08,0.003154000034555793,0.0031530000269412994,0.0031769999768584967,0.0031349998898804188,186145.0,-0.03262676366249017,0.0,0.5158671586715867
2023-09-09,0.0031129999551922083,0.0031510000117123127,0.0031610000878572464,0.0031010000966489315,181088.0,-0.020360078990396057,0.0,0.5158671586715867
2023-09-10,0.0030869999900460243,0.0031109999399632215,0.003126000054180622,0.00304599991068244,186563.0,-0.011908619249881836,1.0,0.24206642066420664
2023-09-11,0.0030620000325143337,0.003085999982431531,0.0031030001118779182,0.0030360000673681498,176209.0,-0.0034058188976488993,1.0,0.24206642066420664
2023-09-12,0.0030139998998492956,0.003063000040128827,0.0030879999976605177,0.003002000041306019,290724.0,0.013002841822177976,1.0,0.24206642066420664
2023-09-13,0.00304200011305511,0.0030139998998492956,0.003068000078201294,0.0029879999347031116,226778.0,0.0038038443486129066,1.0,0.24206642066420664
2023-09-14,0.0031159999780356884,0.0030429998878389597,0.0031330001074820757,0.0030350000597536564,174781.0,-0.02082951144298433,0.0,0.5158671586715867
2023-09-15,0.003074999898672104,0.003111999947577715,0.003128000069409609,0.0030620000325143337,153237.0,-0.008346853555963481,1.0,0.24206642066420664
2023-09-16,0.003103999886661768,0.0030720001086592674,0.0031129999551922083,0.0030620000325143337,180161.0,-0.018884968348940274,0.0,0.5158671586715867
2023-09-17,0.0030330000445246696,0.003103999886661768,0.003103999886661768,0.0030070000793784857,179024.0,0.004066364303036318,1.0,0.24206642066420664
2023-09-18,0.003043999895453453,0.003034000052139163,0.003068000078201294,0.0030129998922348022,145053.0,0.00017211344116591353,1.0,0.24206642066420664
2023-09-19,0.0030330000445246696,0.00304200011305511,0.0030610000248998404,0.003000000026077032,142147.0,0.003642456301147324,1.0,0.24206642066420664
2023-09-20,0.003029000014066696,0.0030320000369101763,0.0030499999411404133,0.002993999980390072,182111.0,0.004543376536486753,1.0,0.24206642066420664
2023-09-21,0.0030169999226927757,0.0030269999988377094,0.0030700000934302807,0.003000000026077032,160117.0,0.008554722916276115,1.0,0.24206642066420664
2023-09-22,0.0030429998878389597,0.0030169999226927757,0.003043999895453453,0.003005000064149499,166332.0,-0.0005633144215585737,1.0,0.24206642066420664
2023-09-23,0.0030189999379217625,0.0030429998878389597,0.0030539999715983868,0.0030139998998492956,167719.0,0.007366069971061616,1.0,0.24206642066420664
2023-09-24,0.0030090000946074724,0.003017999930307269,0.0030960000585764647,0.003005000064149499,181325.0,0.010777159732048899,1.0,0.24206642066420664
2023-09-25,0.003014999907463789,0.003010000102221966,0.0030499999411404133,0.003000000026077032,182476.0,0.009523841884383261,1.0,0.24206642066420664
2023-09-26,0.003029000014066696,0.0030159999150782824,0.003106999909505248,0.003010000102221966,198037.0,0.00545520046927328,1.0,0.24206642066420664
2023-09-27,0.0030090000946074724,0.0030269999988377094,0.00304899993352592,0.003000000026077032,202450.0,0.012486319878239973,1.0,0.24206642066420664
2023-09-28,0.0030849999748170376,0.0030070000793784857,0.0030900000128895044,0.0030060000717639923,176355.0,-0.013058570098757502,1.0,0.24206642066420664
2023-09-29,0.0030950000509619713,0.0030819999519735575,0.003145999973639846,0.0030499999411404133,212088.0,-0.016693607602274493,1.0,0.24206642066420664
2023-09-30,0.0030819999519735575,0.003094000043347478,0.003111999947577715,0.0030139998998492956,190545.0,-0.01285496272740069,1.0,0.24206642066420664
2023-10-01,0.003100000089034438,0.0030789999291300774,0.0031139999628067017,0.003068000078201294,125207.0,-0.018709704898469418,0.0,0.5158671586715867
2023-10-02,0.0030900000128895044,0.003100000089034438,0.0031320000998675823,0.0030819999519735575,360234.0,-0.014455234297468554,1.0,0.24206642066420664
2023-10-03,0.0030479999259114265,0.0030869999900460243,0.003092000028118491,0.0030320000369101763,585436.0,0.001218625171536544,1.0,0.24206642066420664
2023-10-04,0.0030499999411404133,0.0030519999563694,0.003073000116273761,0.0030159999150782824,526606.0,0.002591748634505498,1.0,0.24206642066420664
2023-10-05,0.0030640000477433205,0.0030499999411404133,0.003094000043347478,0.003034000052139163,472793.0,-0.00013988510011999527,1.0,0.24206642066420664
2023-10-06,0.0030380000825971365,0.003063000040128827,0.003091000020503998,0.0030189999379217625,702943.0,0.008762005400446011,1.0,0.24206642066420664
2023-10-07,0.003020999953150749,0.003037000074982643,0.0030539999715983868,0.003002000041306019,575578.0,0.016755743537649435,1.0,0.24206642066420664
2023-10-08,0.0030320000369101763,0.0030219999607652426,0.0030499999411404133,0.0030139998998492956,428474.0,0.013836525428181642,1.0,0.24206642066420664
2023-10-09,0.0030269999988377094,0.003034000052139163,0.00303900009021163,0.0029949999880045652,430725.0,0.02581528396793319,1.0,0.24206642066420664
2023-10-10,0.003022999968379736,0.003025999991223216,0.0030700000934302807,0.003017999930307269,493866.0,0.03501726265231172,1.0,0.24206642066420664
2023-10-11,0.003002000041306019,0.0030219999607652426,0.0030509999487549067,0.0029980000108480453,517564.0,0.051267396133240065,1.0,0.24206642066420664
2023-10-12,0.003017999930307269,0.003003000048920512,0.003019999945536256,0.0029909999575465918,489297.0,0.054829777331748646,1.0,0.24206642066420664
2023-10-13,0.003011000109836459,0.0030169999226927757,0.0030350000597536564,0.0030070000793784857,404384.0,0.06666030083974529,1.0,0.24206642066420664
2023-10-14,0.003017999930307269,0.003011000109836459,0.00304599991068244,0.0029929999727755785,342983.0,0.07205973028609305,1.0,0.24206642066420664
2023-10-15,0.0030129998922348022,0.0030169999226927757,0.003029000014066696,0.0029959999956190586,327079.0,0.080982451369808,1.0,0.24206642066420664
2023-10-16,0.003063000040128827,0.0030159999150782824,0.0030670000705868006,0.0030129998922348022,327686.0,0.06955520291128978,1.0,0.24206642066420664
2023-10-17,0.0030670000705868006,0.0030640000477433205,0.003071000101044774,0.003011999884620309,314946.0,0.07244552043406337,1.0,0.24206642066420664
2023-10-18,0.003031000029295683,0.003068000078201294,0.003085999982431531,0.003019999945536256,321586.0,0.09096478549121442,1.0,0.24206642066420664
2023-10-19,0.00304599991068244,0.003031000029295683,0.0030479999259114265,0.003005000064149499,357196.0,0.09148613883056231,1.0,0.24206642066420664
2023-10-20,0.003066000062972307,0.00304599991068244,0.003077999921515584,0.003031000029295683,344603.0,0.08865279526044678,1.0,0.24206642066420664
2023-10-21,0.0030620000325143337,0.0030670000705868006,0.003074999898672104,0.0030360000673681498,333901.0,0.09456936705238952,1.0,0.24206642066420664
2023-10-22,0.003092000028118491,0.0030620000325143337,0.003094000043347478,0.003019999945536256,331241.0,0.09009424559958712,1.0,0.24206642066420664
2023-10-23,0.003160000080242753,0.003108999924734235,0.003166999900713563,0.003106999909505248,377188.0,0.06755573235152627,1.0,0.24206642066420664
2023-10-24,0.0031820000149309635,0.0031590000726282597,0.0031999999191612005,0.0031590000726282597,325867.0,0.059740802093793545,1.0,0.24206642066420664
2023-10-25,0.0031799999997019768,0.003183000022545457,0.0032140000257641077,0.0031590000726282597,366277.0,0.06156034897066891,1.0,0.24206642066420664
2023-10-26,0.003183000022545457,0.0031799999997019768,0.0032339999452233315,0.003152000019326806,373272.0,0.060888941699549295,1.0,0.24206642066420664
2023-10-27,0.003060000017285347,0.003183000022545457,0.0031850000377744436,0.0030189999379217625,367400.0,0.10628695271574157,1.0,0.24206642066420664
2023-10-28,0.0031679999083280563,0.003060000017285347,0.003215000033378601,0.0030590000096708536,363371.0,0.06851253971959025,1.0,0.24206642066420664
2023-10-29,0.003080999944359064,0.0031689999159425497,0.003172999946400523,0.0030400000978261232,359658.0,0.10531524217500135,1.0,0.24206642066420664
2023-10-30,0.00368200009688735,0.003080999944359064,0.003900999901816249,0.003037000074982643,870361.0,-0.0762008467023052,-1.0,0.24206642066420664
2023-10-31,0.0035210000351071358,0.0036810000892728567,0.003836000105366111,0.0033390000462532043,684330.0,-0.03740821435798085,0.0,0.5158671586715867
2023-11-01,0.0035699999425560236,0.0035200000274926424,0.00381499994546175,0.0034179999493062496,651895.0,-0.05378149751523237,0.0,0.5158671586715867
2023-11-02,0.003596999915316701,0.003567999927327037,0.003766000038012862,0.0034660000819712877,546120.0,-0.0645776027062592,-1.0,0.24206642066420664
2023-11-03,0.0036039999686181545,0.003596999915316701,0.0036510000936686993,0.00355900009162724,426202.0,-0.06256275181827646,-1.0,0.24206642066420664
2023-11-04,0.0035170000046491623,0.003604999976232648,0.0036319999489933252,0.0034209999721497297,443153.0,-0.030626754733564215,0.0,0.5158671586715867
2023-11-05,0.0034650000743567944,0.0035180000122636557,0.00355900009162724,0.003410999896004796,426463.0,-0.004452714377118662,1.0,0.24206642066420664
2023-11-06,0.0034630000591278076,0.0034650000743567944,0.003467000089585781,0.003370000049471855,443530.0,0.0033414268738072134,1.0,0.24206642066420664
2023-11-07,0.003343000076711178,0.0034630000591278076,0.0035439999774098396,0.003295999951660633,439963.0,0.05499762277473998,1.0,0.24206642066420664
2023-11-08,0.0033990000374615192,0.003343000076711178,0.0034229999873787165,0.003324999939650297,428823.0,0.054357710260121116,1.0,0.24206642066420664
2023-11-09,0.0034229999873787165,0.003398000029847026,0.0034839999862015247,0.003381999908015132,405733.0,0.06377029659271075,1.0,0.24206642066420664
2023-11-10,0.0033420000690966845,0.003421999979764223,0.0034940000623464584,0.0033199999015778303,435134.0,0.11035590386884657,1.0,0.24206642066420664
2023-11-11,0.003350999904796481,0.0033420000690966845,0.0034099998883903027,0.0033390000462532043,432876.0,0.12689889150925798,1.0,0.24206642066420664
2023-11-12,0.0034910000395029783,0.003350999904796481,0.003519000019878149,0.0032480000518262386,442725.0,0.09478793884876668,1.0,0.24206642066420664
2023-11-13,0.0032210000790655613,0.0034910000395029783,0.003507999936118722,0.003212000010535121,425193.0,0.22567669878573599,1.0,0.24206642066420664
2023-11-14,0.0031530000269412994,0.0032279998995363712,0.003287999890744686,0.0031190000008791685,417027.0,0.296905421157306,1.0,0.24206642066420664
2023-11-15,0.0032569998875260353,0.0031530000269412994,0.0032999999821186066,0.0031399999279528856,444970.0,0.29205963158012194,1.0,0.24206642066420664
2023-11-16,0.0032049999572336674,0.0032569998875260353,0.003507999936118722,0.00318100000731647,476420.0,0.3528861296759291,1.0,0.24206642066420664
2023-11-17,0.0032369999680668116,0.003206999972462654,0.0032760000322014093,0.003152000019326806,461105.0,0.3794371715679561,1.0,0.24206642066420664
2023-11-18,0.0031640001107007265,0.003237999975681305,0.003246000036597252,0.0031030001118779182,426234.0,0.4457888798225668,1.0,0.24206642066420664
2023-11-19,0.0035099999513477087,0.0031649998854845762,0.003530000103637576,0.003135999897494912,521262.0,0.3327364138018761,1.0,0.24206642066420664
2023-11-20,0.003596999915316701,0.0035099999513477087,0.0036349999718368053,0.0032909999135881662,540831.0,0.3233647373446223,1.0,0.24206642066420664
2023-11-21,0.0032659999560564756,0.0035959999077022076,0.0036090000066906214,0.003263999940827489,439975.0,0.4956259487430457,1.0,0.24206642066420664
2023-11-22,0.003333000000566244,0.0032649999484419823,0.0033340000081807375,0.003246000036597252,386870.0,0.4990641899976823,1.0,0.24206642066420664
2023-11-23,0.0033179998863488436,0.003333000000566244,0.0035059999208897352,0.003258999902755022,416206.0,0.540428880021578,1.0,0.24206642066420664
2023-11-24,0.003894000081345439,0.0033179998863488436,0.0039900001138448715,0.0033130000811070204,579173.0,0.3322204818055572,1.0,0.24206642066420664
2023-11-25,0.004162999801337719,0.003894000081345439,0.004327000118792057,0.003819999983534217,570132.0,0.2555735354381077,1.0,0.24206642066420664
2023-11-26,0.004310999996960163,0.004166000057011843,0.004364000167697668,0.00406000018119812,505070.0,0.2284189929233537,1.0,0.24206642066420664
2023-11-27,0.003988000098615885,0.004310999996960163,0.00434499979019165,0.0039160000160336494,465055.0,0.34589478923153016,1.0,0.24206642066420664
2023-11-28,0.004441000055521727,0.003984999842941761,0.0044479998759925365,0.003984999842941761,559852.0,0.21593161153849952,1.0,0.24206642066420664
2023-11-29,0.004594000056385994,0.004441999830305576,0.005022000055760145,0.0044280001893639565,601043.0,0.19409372228508331,1.0,0.24206642066420664
2023-11-30,0.004631000105291605,0.004592999815940857,0.004639000166207552,0.004424999933689833,425090.0,0.20837828115507534,1.0,0.24206642066420664
2023-12-01,0.004801999777555466,0.004631999880075455,0.004916000179946423,0.004610999953001738,443604.0,0.18336610260518757,1.0,0.24206642066420664
2023-12-02,0.004724999889731407,0.004800000227987766,0.004902000073343515,0.004654999822378159,468231.0,0.21832201338758042,1.0,0.24206642066420664
2023-12-03,0.004449999891221523,0.004726999904960394,0.005051999818533659,0.0042940001003444195,460936.0,0.3169074586542348,1.0,0.24206642066420664
2023-12-04,0.005867000203579664,0.004449999891221523,0.006883000023663044,0.0043310001492500305,1702245.0,0.005080835507747759,1.0,0.24206642066420664
2023-12-05,0.006118999794125557,0.005865999963134527,0.006438999902456999,0.005499999970197678,991446.0,-0.034015804602387165,0.0,0.5158671586715867
2023-12-06,0.005758000072091818,0.006111000198870897,0.006124999839812517,0.005601999815553427,655514.0,0.03058268726286844,1.0,0.24206642066420664
2023-12-07,0.005888000130653381,0.005758999846875668,0.006209000013768673,0.005743000190705061,548082.0,0.007238255791210217,1.0,0.24206642066420664
2023-12-08,0.005950999911874533,0.005888000130653381,0.006147000007331371,0.005843999795615673,773311.0,-0.004585059590996759,1.0,0.24206642066420664
2023-12-09,0.005458000116050243,0.005948999896645546,0.005994999781250954,0.005404000170528889,905143.0,0.08756910683040323,1.0,0.24206642066420664
2023-12-10,0.005681999959051609,0.005456999875605106,0.0057020001113414764,0.005338999908417463,838066.0,0.04378068841646213,1.0,0.24206642066420664
2023-12-11,0.005324000027030706,0.005681999959051609,0.0057310000993311405,0.0052200001664459705,850815.0,0.1197184159487898,1.0,0.24206642066420664
2023-12-12,0.005882000084966421,0.005324999801814556,0.005913000088185072,0.005324999801814556,876284.0,0.022319882337683852,1.0,0.24206642066420664
2023-12-13,0.0056779999285936356,0.005882000084966421,0.006072999909520149,0.005638999864459038,858375.0,0.06649725902729083,1.0,0.24206642066420664
2023-12-14,0.005727999843657017,0.005677000153809786,0.005884000100195408,0.005609999876469374,844656.0,0.06652369322462112,1.0,0.24206642066420664
2023-12-15,0.005501000210642815,0.005727999843657017,0.005764999892562628,0.005355999805033207,886924.0,0.11816027838305428,1.0,0.24206642066420664
2023-12-16,0.004987999796867371,0.005501999985426664,0.006221000105142593,0.004945999942719936,1321343.0,0.24673505843714197,1.0,0.24206642066420664
2023-12-17,0.005754999816417694,0.004987999796867371,0.006238000001758337,0.004987000022083521,1374456.0,0.08688099778538567,1.0,0.24206642066420664
2023-12-18,0.005493999924510717,0.005752000026404858,0.0057760002091526985,0.005210000090301037,861070.0,0.14948775703792855,1.0,0.24206642066420664
2023-12-19,0.005123999901115894,0.005497000180184841,0.00558099988847971,0.005067999940365553,946487.0,0.24294636993858512,1.0,0.24206642066420664
2023-12-20,0.006393999792635441,0.005123999901115894,0.006424999795854092,0.00508200004696846,1187337.0,-0.001824604793577933,1.0,0.24206642066420664
2023-12-21,0.006947999820113182,0.006393999792635441,0.007000000216066837,0.006192999891936779,1397492.0,-0.08285356253617294,-1.0,0.24206642066420664
2023-12-22,0.0066189998760819435,0.006949000060558319,0.007416000124067068,0.0066189998760819435,1295536.0,-0.03928084641510954,0.0,0.5158671586715867
2023-12-23,0.006279999855905771,0.006618000101298094,0.006663000211119652,0.0062699997797608376,883546.0,0.018168050248851073,1.0,0.24206642066420664
2023-12-24,0.0066269999369978905,0.006281999871134758,0.007114000152796507,0.00622900016605854,986198.0,-0.03684062510659296,0.0,0.5158671586715867
2023-12-25,0.006634999997913837,0.0066269999369978905,0.007216999772936106,0.006095999851822853,1170348.0,-0.04222198533937113,0.0,0.5158671586715867
2023-12-26,0.006413999944925308,0.006634999997913837,0.006920999847352505,0.006271999794989824,950559.0,-0.011091802765439111,1.0,0.24206642066420664
2023-12-27,0.006246000062674284,0.0064130001701414585,0.006444000173360109,0.006066000089049339,889596.0,0.012548969103576628,1.0,0.24206642066420664
2023-12-28,0.005814999807626009,0.006244999822229147,0.006258000154048204,0.005776999983936548,830175.0,0.08650046415314201,1.0,0.24206642066420664
2023-12-29,0.005805999971926212,0.005816000048071146,0.00611699977889657,0.005708999931812286,889068.0,0.08606860168589968,1.0,0.24206642066420664
2023-12-30,0.005714999977499247,0.005807000212371349,0.005929000210016966,0.005692000035196543,795120.0,0.10210390554505694,1.0,0.24206642066420664
2023-12-31,0.005572999827563763,0.00571200018748641,0.0058479998260736465,0.005559000186622143,714504.0,0.12926271992880528,1.0,0.24206642066420664
2024-01-01,0.005967000033706427,0.0055669997818768024,0.006093000061810017,0.005535999778658152,770216.0,0.0464219784902146,1.0,0.24206642066420664
2024-01-02,0.006972000002861023,0.005967999808490276,0.007007999811321497,0.005801999941468239,1438205.0,-0.12064585132852199,-1.0,0.24206642066420664
2024-01-03,0.006566000171005726,0.0069670001976192,0.0070409998297691345,0.006002000067383051,1471879.0,-0.07944246668591506,-1.0,0.24206642066420664
2024-01-04,0.006850999779999256,0.006568999961018562,0.0071680000983178616,0.006568000186234713,1398146.0,-0.13224344358978316,-1.0,0.24206642066420664
2024-01-05,0.006382000166922808,0.006862999871373177,0.006885000038892031,0.006256000138819218,1368320.0,-0.07980782158966984,-1.0,0.24206642066420664
2024-01-06,0.006409999914467335,0.006382000166922808,0.0064940000884234905,0.006225000135600567,1284377.0,-0.09586211112170824,-1.0,0.24206642066420664
2024-01-07,0.006517000030726194,0.0064050001092255116,0.0070420000702142715,0.006397999823093414,1074206.0,-0.12377153582218108,-1.0,0.24206642066420664
2024-01-08,0.00675999978557229,0.006517000030726194,0.006810000166296959,0.006271000020205975,1021523.0,-0.17050575314599623,-1.0,0.24206642066420664
2024-01-09,0.0062489998526871204,0.00675999978557229,0.006777000147849321,0.006068000104278326,892684.0,-0.11106537023557804,-1.0,0.24206642066420664
2024-01-10,0.006676999852061272,0.00621700007468462,0.006699000019580126,0.006056000012904406,1074963.0,-0.1818324292296915,-1.0,0.24206642066420664
2024-01-11,0.006738000083714724,0.006676000077277422,0.006976000033318996,0.0065830000676214695,1177182.0,-0.2032113640598102,-1.0,0.24206642066420664
2024-01-12,0.0063390000723302364,0.0067369998432695866,0.0069240001030266285,0.006306000053882599,1033625.0,-0.16353789922057782,-1.0,0.24206642066420664
2024-01-13,0.007017000112682581,0.00634300010278821,0.007474999874830246,0.006240000016987324,1125042.0,-0.2578160661360933,-1.0,0.24206642066420664
2024-01-14,0.006391000002622604,0.007017000112682581,0.007025000173598528,0.006391000002622604,937018.0,-0.19476049220985456,-1.0,0.24206642066420664
2024-01-15,0.006047000177204609,0.006359000224620104,0.006376999896019697,0.005994999781250954,1028175.0,-0.15763033633052612,-1.0,0.24206642066420664
2024-01-16,0.006161999888718128,0.006047000177204609,0.006268000230193138,0.006016000173985958,760730.0,-0.18242375362156715,-1.0,0.24206642066420664
2024-01-17,0.00585799990221858,0.006147000007331371,0.006182999815791845,0.005822999868541956,874033.0,-0.14761253347865594,-1.0,0.24206642066420664
2024-01-18,0.005681000184267759,0.00585799990221858,0.006182000041007996,0.005501999985426664,1024059.0,-0.12838957043810298,-1.0,0.24206642066420664
2024-01-19,0.005547999870032072,0.005681000184267759,0.005681000184267759,0.00546699995175004,912379.0,-0.11360591705597377,-1.0,0.24206642066420664
2024-01-20,0.005563999991863966,0.0055669997818768024,0.005638000089675188,0.005510999821126461,716906.0,-0.12104173408590774,-1.0,0.24206642066420664
2024-01-21,0.005464999936521053,0.005566000007092953,0.00559999980032444,0.005458000116050243,796257.0,-0.1069838287293505,-1.0,0.24206642066420664
2024-01-22,0.0049299998208880424,0.005470000207424164,0.005470000207424164,0.004904999863356352,863213.0,-0.003680055663820057,1.0,0.24206642066420664
2024-01-23,0.004596000071614981,0.0049230000004172325,0.004999000113457441,0.004530000034719706,914945.0,0.07678517904494325,1.0,0.24206642066420664
2024-01-24,0.004749999847263098,0.004594999831169844,0.004769999999552965,0.004567999858409166,956814.0,0.058776978659412435,1.0,0.24206642066420664
2024-01-25,0.004763999953866005,0.004749000072479248,0.004803000018000603,0.004656999837607145,872416.0,0.06768023168860186,1.0,0.24206642066420664
2024-01-26,0.004863000009208918,0.004759000148624182,0.0048859999515116215,0.004637999925762415,922566.0,0.06076985347416773,1.0,0.24206642066420664
2024-01-27,0.0047900001518428326,0.004863000009208918,0.004883000161498785,0.004722000099718571,865008.0,0.09150011151751887,1.0,0.24206642066420664
2024-01-28,0.004728999920189381,0.0047900001518428326,0.004856999963521957,0.004693000111728907,801960.0,0.12543678517446297,1.0,0.24206642066420664
2024-01-29,0.00459699984639883,0.004722000099718571,0.004738999996334314,0.004526999779045582,948183.0,0.1804593425061331,1.0,0.24206642066420664
2024-01-30,0.005148000083863735,0.00459699984639883,0.005264999810606241,0.004596000071614981,1008953.0,0.06809854710389894,1.0,0.24206642066420664
2024-01-31,0.0047439998015761375,0.0051460000686347485,0.0051460000686347485,0.004732999950647354,917795.0,0.17844098366940606,1.0,0.24206642066420664
2024-02-01,0.0047610001638531685,0.004741999786347151,0.004827000200748444,0.004681999795138836,942558.0,0.1973274440207208,1.0,0.24206642066420664
2024-02-02,0.00494399992749095,0.004755999892950058,0.0049600000493228436,0.004592000041157007,969398.0,0.1705193496319541,1.0,0.24206642066420664
2024-02-03,0.005034000147134066,0.004941999912261963,0.005080000031739473,0.004863000009208918,856988.0,0.16610851317250214,1.0,0.24206642066420664
2024-02-04,0.005096999928355217,0.005034000147134066,0.005377000197768211,0.005032999906688929,675996.0,0.17081944293410617,1.0,0.24206642066420664
2024-02-05,0.004945000167936087,0.005100000184029341,0.005177000071853399,0.0049430001527071,759965.0,0.23222104525545514,1.0,0.24206642066420664
2024-02-06,0.004987999796867371,0.0049430001527071,0.0050119999796152115,0.004794999957084656,617395.0,0.24038649106005694,1.0,0.24206642066420664
2024-02-07,0.004920999985188246,0.004987999796867371,0.005061999894678593,0.004774999804794788,646490.0,0.27542794360751266,1.0,0.24206642066420664
2024-02-08,0.004805999808013439,0.004929000046104193,0.004941000137478113,0.004792000167071819,605099.0,0.3305194334997627,1.0,0.24206642066420664
2024-02-09,0.00483600003644824,0.004801000002771616,0.004873000085353851,0.004650000017136335,805284.0,0.3515990938982301,1.0,0.24206642066420664
2024-02-10,0.004993000067770481,0.004838999826461077,0.005260000005364418,0.004778999835252762,777067.0,0.3502140777071002,1.0,0.24206642066420664
2024-02-11,0.005251000169664621,0.004987999796867371,0.005487999878823757,0.004908000119030476,653056.0,0.33657075410982246,1.0,0.24206642066420664
2024-02-12,0.00559200020506978,0.005253000184893608,0.005615999922156334,0.00522099994122982,735120.0,0.29078098106802147,1.0,0.24206642066420664
2024-02-13,0.005373999942094088,0.0055959997698664665,0.005634000059217215,0.0053460001945495605,774575.0,0.3742180102350829,1.0,0.24206642066420664
2024-02-14,0.006436000112444162,0.005373000167310238,0.0064559997990727425,0.00532800005748868,1119832.0,0.17029946444784005,1.0,0.24206642066420664
2024-02-15,0.00596599979326129,0.006432999856770039,0.006498000118881464,0.005915999878197908,834496.0,0.29299365280294554,1.0,0.24206642066420664
2024-02-16,0.006376999896019697,0.00596500001847744,0.006403000093996525,0.005597999785095453,870163.0,0.24132111708652454,1.0,0.24206642066420664
2024-02-17,0.006254999898374081,0.006391000002622604,0.006490000057965517,0.00608500000089407,819213.0,0.30271401958666666,1.0,0.24206642066420664
2024-02-18,0.0067010000348091125,0.006238999776542187,0.00684799998998642,0.006215999834239483,877502.0,0.24166966273496734,1.0,0.24206642066420664
2024-02-19,0.0067889997735619545,0.006705999840050936,0.006945000030100346,0.006572999991476536,891155.0,0.2500473683131987,1.0,0.24206642066420664
2024-02-20,0.006659999955445528,0.0067819999530911446,0.006903000175952911,0.006397999823093414,938947.0,0.29443013261248463,1.0,0.24206642066420664
2024-02-21,0.006674999836832285,0.006659999955445528,0.007143999915570021,0.006459999829530716,1016777.0,0.3093205081292104,1.0,0.24206642066420664
2024-02-22,0.007069999817758799,0.0066720000468194485,0.007348000071942806,0.006593000143766403,921943.0,0.24831954435485662,1.0,0.24206642066420664
2024-02-23,0.006761999800801277,0.007071999832987785,0.007259999867528677,0.006659999955445528,890450.0,0.3173617560593258,1.0,0.24206642066420664
2024-02-24,0.006779999937862158,0.006769000086933374,0.007354999892413616,0.006523999851197004,779736.0,0.32380952642596594,1.0,0.24206642066420664
2024-02-25,0.007143999915570021,0.006781000178307295,0.007412000093609095,0.006643999833613634,841635.0,0.27769557428987857,1.0,0.24206642066420664
2024-02-26,0.007584000006318092,0.007139999885112047,0.007612000219523907,0.006953000091016293,932443.0,0.21894463698272448,1.0,0.24206642066420664
2024-02-27,0.006955999881029129,0.007592999842017889,0.007652999833226204,0.00672100018709898,1018946.0,0.3413291875081942,1.0,0.24206642066420664
2024-02-28,0.0067969998344779015,0.006957999896258116,0.007201999891549349,0.0064650001004338264,1324067.0,0.3933037959409858,1.0,0.24206642066420664
2024-02-29,0.007286000065505505,0.006792999804019928,0.007428999990224838,0.006783000193536282,1100614.0,0.31223610100163585,1.0,0.24206642066420664
2024-03-01,0.007814999669790268,0.007313999813050032,0.007945000194013119,0.007259999867528677,1126587.0,0.22823634423921962,1.0,0.24206642066420664
2024-03-02,0.009304000064730644,0.007813000120222569,0.00995699968189001,0.007774000056087971,2041862.0,0.0307241019620703,1.0,0.24206642066420664
2024-03-03,0.011061999946832657,0.009302999824285507,0.012040999718010426,0.008803999982774258,2045237.0,-0.14247402097431042,-1.0,0.24206642066420664
2024-03-04,0.009785999543964863,0.01107100024819374,0.011455999687314034,0.009332000277936459,1813771.0,-0.03390650873400799,0.0,0.5158671586715867
2024-03-05,0.008880999870598316,0.0097850002348423,0.0097850002348423,0.008466999977827072,1693925.0,0.06273426226695458,1.0,0.24206642066420664
2024-03-06,0.0095229996368289,0.008880999870598316,0.010311000049114227,0.0085249999538064,1642257.0,-0.015456277222574593,1.0,0.24206642066420664
2024-03-07,0.00978699978441,0.009518000297248363,0.011253000237047672,0.009518000297248363,1556980.0,-0.048645656242439536,0.0,0.5158671586715867
2024-03-08,0.010617000050842762,0.00978699978441,0.010646999813616276,0.009460000321269035,1476443.0,-0.13080549705088287,-1.0,0.24206642066420664
2024-03-09,0.011138999834656715,0.010614999569952488,0.01159099955111742,0.010231999680399895,1481685.0,-0.18004521743381866,-1.0,0.24206642066420664
2024-03-10,0.010312000289559364,0.011138999834656715,0.011242000386118889,0.010266000404953957,1320590.0,-0.11542726993722105,-1.0,0.24206642066420664
2024-03-11,0.010277999565005302,0.0103150000795722,0.011231999844312668,0.009553000330924988,1506896.0,-0.11778274487774507,-1.0,0.24206642066420664
2024-03-12,0.009480999782681465,0.010277999565005302,0.010293000377714634,0.009046000428497791,1525593.0,-0.04889978049056515,0.0,0.5158671586715867
2024-03-13,0.009170000441372395,0.009476999752223492,0.009592000395059586,0.009061000309884548,1340956.0,-0.024079603474138216,0.0,0.5158671586715867
2024-03-14,0.008874000050127506,0.009170000441372395,0.009328999556601048,0.00826799962669611,1714705.0,0.00604762456996596,1.0,0.24206642066420664
2024-03-15,0.00849200040102005,0.008875000290572643,0.009104999713599682,0.008191999979317188,1466318.0,0.04715357174922735,1.0,0.24206642066420664
2024-03-16,0.008196000009775162,0.008500000461935997,0.00889699999243021,0.008038000203669071,1319981.0,0.08128238750598811,1.0,0.24206642066420664
2024-03-17,0.010344999842345715,0.008197999559342861,0.010976999998092651,0.00800000037997961,1741694.0,-0.158074971963544,-1.0,0.24206642066420664
2024-03-18,0.010033000260591507,0.010343999601900578,0.012215999886393547,0.009824000298976898,1729378.0,-0.1436972506710121,-1.0,0.24206642066420664
2024-03-19,0.00875800009816885,0.010037999600172043,0.01006300002336502,0.008465999737381935,1545678.0,-0.029121685062386264,0.0,0.5158671586715867
2024-03-20,0.009736999869346619,0.00875100027769804,0.01017099991440773,0.008609999902546406,1220364.0,-0.13870996602298796,-1.0,0.24206642066420664
2024-03-21,0.009189999662339687,0.009738000109791756,0.00977800041437149,0.00897200033068657,1117844.0,-0.09891182729863161,-1.0,0.24206642066420664
2024-03-22,0.00860700011253357,0.009185999631881714,0.009356999769806862,0.008523999713361263,971335.0,-0.050446216283038886,0.0,0.5158671586715867
2024-03-23,0.009119000285863876,0.008609999902546406,0.00930000003427267,0.008522000163793564,911387.0,-0.1232696034012019,-1.0,0.24206642066420664
2024-03-24,0.00887999963015318,0.00911800004541874,0.009119000285863876,0.008589000441133976,944712.0,-0.11461279191086977,-1.0,0.24206642066420664
2024-03-25,0.009119000285863876,0.00887999963015318,0.009444000199437141,0.008732999674975872,975382.0,-0.1536091864812774,-1.0,0.24206642066420664
2024-03-26,0.00854399986565113,0.009119000285863876,0.009564000181853771,0.008465999737381935,1262864.0,-0.11029181171217677,-1.0,0.24206642066420664
2024-03-27,0.008213999681174755,0.008545000106096268,0.008710999973118305,0.008054999634623528,1174321.0,-0.08772475722207093,-1.0,0.24206642066420664
2024-03-28,0.008423999883234501,0.008217000402510166,0.00853899959474802,0.008050000295042992,1145436.0,-0.12416902989036213,-1.0,0.24206642066420664
2024-03-29,0.008880999870598316,0.008410000242292881,0.008980999700725079,0.008232999593019485,1041231.0,-0.18329123003788778,-1.0,0.24206642066420664
2024-03-30,0.00914900004863739,0.008887000381946564,0.010030999779701233,0.008876999840140343,1061358.0,-0.22236102295339863,-1.0,0.24206642066420664
2024-03-31,0.01006499957293272,0.009132999926805496,0.010981000028550625,0.009038000367581844,1138877.0,-0.3107846321532998,-1.0,0.24206642066420664
2024-04-01,0.009138000197708607,0.010065999813377857,0.01014500018209219,0.008786999620497227,1278248.0,-0.255906800148953,-1.0,0.24206642066420664
2024-04-02,0.008430000394582748,0.00914399977773428,0.009151999838650227,0.008167999796569347,1132925.0,-0.20611764795749496,-1.0,0.24206642066420664
2024-04-03,0.007737999781966209,0.008433000184595585,0.008504999801516533,0.007666999939829111,1101409.0,-0.14695563458082692,-1.0,0.24206642066420664
2024-04-04,0.008422000333666801,0.00774300005286932,0.008511999621987343,0.007575999945402145,1078168.0,-0.2290090930827235,-1.0,0.24206642066420664
2024-04-05,0.007751999888569117,0.008425000123679638,0.008516999892890453,0.007710999809205532,1021646.0,-0.17223818453904333,-1.0,0.24206642066420664
2024-04-06,0.0075610000640153885,0.007757000159472227,0.007833000272512436,0.007511999923735857,976609.0,-0.16073082775942218,-1.0,0.24206642066420664
2024-04-07,0.007143000140786171,0.007561999838799238,0.007801999803632498,0.00712500000372529,1064651.0,-0.11975095840177023,-1.0,0.24206642066420664
2024-04-08,0.007546000182628632,0.007164999842643738,0.008049000054597855,0.007062999997287989,1120924.0,-0.1779372469638483,-1.0,0.24206642066420664
2024-04-09,0.006903000175952911,0.007546000182628632,0.00760400015860796,0.006903000175952911,1044951.0,-0.11218727522093397,-1.0,0.24206642066420664
2024-04-10,0.007288999855518341,0.0069160000421106815,0.007569999899715185,0.006787999998778105,1053598.0,-0.17196818534510308,-1.0,0.24206642066420664
2024-04-11,0.006976999808102846,0.007288000080734491,0.007439999841153622,0.006891999859362841,951776.0,-0.14466578714883443,-1.0,0.24206642066420664
2024-04-12,0.006335000041872263,0.006978999823331833,0.007249000016599894,0.006318999920040369,1054229.0,-0.06260759699284216,-1.0,0.24206642066420664
2024-04-13,0.005382999777793884,0.006335999816656113,0.00647500017657876,0.0053449999541044235,1044521.0,0.105995104984889,1.0,0.24206642066420664
2024-04-14,0.006093999836593866,0.005382999777793884,0.0061900001019239426,0.005357000045478344,1027848.0,-0.022535803302402246,0.0,0.5158671586715867
2024-04-15,0.006095000077039003,0.006095000077039003,0.0066280001774430275,0.0059899999760091305,890667.0,-0.02090708008991674,0.0,0.5158671586715867
2024-04-16,0.006095999851822853,0.006095999851822853,0.006122000049799681,0.0059460001066327095,953190.0,-0.017521222953097833,0.0,0.5158671586715867
2024-04-17,0.005940999835729599,0.006095999851822853,0.006155000068247318,0.005927000194787979,923353.0,0.009073376524976312,1.0,0.24206642066420664
2024-04-18,0.006000000052154064,0.005942000076174736,0.0060339998453855515,0.00571999978274107,832656.0,0.0019047542176549978,1.0,0.24206642066420664
2024-04-19,0.006260000169277191,0.006000999826937914,0.006333000026643276,0.005692000035196543,952957.0,-0.04173895645287083,0.0,0.5158671586715867
2024-04-20,0.006238999776542187,0.006260999944061041,0.006446999963372946,0.006118000019341707,834720.0,-0.03993310021657219,0.0,0.5158671586715867
2024-04-21,0.006333999801427126,0.0062409997917711735,0.006506000179797411,0.006231999956071377,796083.0,-0.05755029870411244,0.0,0.5158671586715867
2024-04-22,0.006252000108361244,0.006333999801427126,0.0065899998880922794,0.00621700007468462,806874.0,-0.049043366339912145,0.0,0.5158671586715867
2024-04-23,0.006180999800562859,0.006252999883145094,0.006364000029861927,0.006167000159621239,804921.0,-0.04160981373418756,0.0,0.5158671586715867
2024-04-24,0.005814999807626009,0.006182999815791845,0.006244999822229147,0.0058109997771680355,951006.0,0.021921998713567512,1.0,0.24206642066420664
2024-04-25,0.006163000129163265,0.0058120000176131725,0.006657999940216541,0.005673000123351812,1068833.0,-0.03677091329617498,0.0,0.5158671586715867
2024-04-26,0.006146000232547522,0.006163000129163265,0.006639999803155661,0.005708000157028437,977309.0,-0.03548575483164699,0.0,0.5158671586715867
2024-04-27,0.006068000104278326,0.006142999976873398,0.006163000129163265,0.005859000142663717,734141.0,-0.026603274053974224,0.0,0.5158671586715867
2024-04-28,0.005923000164330006,0.006064999848604202,0.006225000135600567,0.005888000130653381,686807.0,-0.005306220385988153,1.0,0.24206642066420664
2024-04-29,0.0057749999687075615,0.005923999939113855,0.005948999896645546,0.005694999825209379,891765.0,0.02110905310131416,1.0,0.24206642066420664
2024-04-30,0.00533400010317564,0.005772999953478575,0.005818000063300133,0.005278999917209148,860765.0,0.10861140042938079,1.0,0.24206642066420664
2024-05-01,0.00533499987795949,0.00533400010317564,0.005373000167310238,0.005106000229716301,1044973.0,0.11034947041859948,1.0,0.24206642066420664
2024-05-02,0.0055519999004900455,0.0053369998931884766,0.005578999873250723,0.005224999971687794,858327.0,0.06653117389537412,1.0,0.24206642066420664
2024-05-03,0.00571999978274107,0.005547999870032072,0.005750999785959721,0.00546600017696619,956299.0,0.03206797588203178,1.0,0.24206642066420664
2024-05-04,0.0057020001113414764,0.005717999767512083,0.005799999926239252,0.005663999821990728,834803.0,0.03206893124689455,1.0,0.24206642066420664
2024-05-05,0.006159000098705292,0.0057069999165833,0.006186000071465969,0.005636000074446201,1084919.0,-0.05339458104619656,0.0,0.5158671586715867
2024-05-06,0.0063240001909434795,0.006155999843031168,0.006351000163704157,0.0060430001467466354,964318.0,-0.08727149496508217,-1.0,0.24206642066420664
2024-05-07,0.006550000049173832,0.006326000206172466,0.007009999826550484,0.006320999935269356,1061721.0,-0.13137768661762733,-1.0,0.24206642066420664
2024-05-08,0.006060999818146229,0.006548000033944845,0.006577000021934509,0.006035999860614538,917370.0,-0.07091393339203517,-1.0,0.24206642066420664
2024-05-09,0.006347000133246183,0.006060999818146229,0.00636299978941679,0.006045999936759472,937693.0,-0.12349293269477224,-1.0,0.24206642066420664
2024-05-10,0.005993000231683254,0.006345000118017197,0.006378999911248684,0.00595899997279048,941953.0,-0.07913204214479984,-1.0,0.24206642066420664
2024-05-11,0.006053000222891569,0.005994000006467104,0.006066000089049339,0.0059369998052716255,753049.0,-0.09507292511633174,-1.0,0.24206642066420664
2024-05-12,0.005905999802052975,0.006053999997675419,0.006053999997675419,0.005900000222027302,792229.0,-0.07978969346979126,-1.0,0.24206642066420664
2024-05-13,0.005745999980717897,0.005903999786823988,0.0059369998052716255,0.005741000175476074,863277.0,-0.05903071297962364,-1.0,0.24206642066420664
2024-05-14,0.005727999843657017,0.005745000205934048,0.005762999877333641,0.005628999788314104,880183.0,-0.06136935748116692,-1.0,0.24206642066420664
2024-05-15,0.006206999998539686,0.0057299998588860035,0.00634300010278821,0.005640000104904175,953107.0,-0.14205160352449006,-1.0,0.24206642066420664
2024-05-16,0.0060350000858306885,0.006207999773323536,0.006233000196516514,0.005969999823719263,967187.0,-0.11969860054776921,-1.0,0.24206642066420664
2024-05-17,0.005967999808490276,0.0060350000858306885,0.006060000043362379,0.005785999819636345,915522.0,-0.11281594367703786,-1.0,0.24206642066420664
2024-05-18,0.005619999952614307,0.00596599979326129,0.00597700010985136,0.0056039998307824135,825841.0,-0.054312820176168654,0.0,0.5158671586715867
2024-05-19,0.005607999861240387,0.005621000193059444,0.005683999974280596,0.005590000189840794,774075.0,-0.049622963336788214,0.0,0.5158671586715867
2024-05-20,0.005886999890208244,0.005609000101685524,0.005896999966353178,0.005363999865949154,900707.0,-0.09824712819412491,-1.0,0.24206642066420664
2024-05-21,0.005679000169038773,0.005886999890208244,0.006004000082612038,0.0055959997698664665,1140817.0,-0.06971384511677864,-1.0,0.24206642066420664
2024-05-22,0.005553000140935183,0.005679000169038773,0.005679000169038773,0.005456999875605106,857493.0,-0.05134078785105532,0.0,0.5158671586715867
2024-05-23,0.005503000225871801,0.005553000140935183,0.005615999922156334,0.005365999881178141,797505.0,-0.04742006681130884,0.0,0.5158671586715867
2024-05-24,0.005342999938875437,0.005503000225871801,0.005508000031113625,0.005193999968469143,914934.0,-0.023359440172226978,0.0,0.5158671586715867
2024-05-25,0.005311999935656786,0.005344000179320574,0.005415999796241522,0.005204999819397926,800653.0,-0.022204882929026566,0.0,0.5158671586715867
2024-05-26,0.005009999964386225,0.005311999935656786,0.005355999805033207,0.0050050001591444016,935223.0,0.035585976576374016,1.0,0.24206642066420664
2024-05-27,0.005104999989271164,0.005009999964386225,0.0051449998281896114,0.0049760001711547375,849947.0,0.01257404060092107,1.0,0.24206642066420664
2024-05-28,0.004815000109374523,0.005102999974042177,0.005113999824970961,0.0045090001076459885,1034783.0,0.07048407321459875,1.0,0.24206642066420664
2024-05-29,0.00483699981123209,0.004815000109374523,0.00496299983933568,0.004798999987542629,793031.0,0.06330177149338635,1.0,0.24206642066420664
2024-05-30,0.004918999969959259,0.004838999826461077,0.004945000167936087,0.004784999880939722,821960.0,0.043098194554647515,1.0,0.24206642066420664
2024-05-31,0.005059999879449606,0.004920000210404396,0.005342999938875437,0.00469700014218688,829599.0,0.0081027914405283,1.0,0.24206642066420664
2024-06-01,0.005187000147998333,0.005061000119894743,0.005413999781012535,0.005049999803304672,828620.0,-0.024548578914240875,0.0,0.5158671586715867
2024-06-02,0.005007999949157238,0.005187999922782183,0.005216000135987997,0.004985000006854534,787361.0,0.0023866690941555246,1.0,0.24206642066420664
2024-06-03,0.005158999934792519,0.005007999949157238,0.0052629997953772545,0.004999000113457441,797775.0,-0.03739187673927217,0.0,0.5158671586715867
2024-06-04,0.005090999882668257,0.005160000175237656,0.005164000205695629,0.005030000116676092,695806.0,-0.03359801298333091,0.0,0.5158671586715867
2024-06-05,0.005131999962031841,0.00509499991312623,0.0051819998770952225,0.005005999933928251,860046.0,-0.05161822051416955,0.0,0.5158671586715867
2024-06-06,0.005768999923020601,0.005131999962031841,0.006326999980956316,0.005102999974042177,1187796.0,-0.17020361727986735,-1.0,0.24206642066420664
2024-06-07,0.00559200020506978,0.005770000163465738,0.006434999871999025,0.005576999858021736,920215.0,-0.15797229863456191,-1.0,0.24206642066420664
2024-06-08,0.006041000131517649,0.005588999949395657,0.006322000175714493,0.005487999878823757,802499.0,-0.23729910527484466,-1.0,0.24206642066420664
2024-06-09,0.005921999923884869,0.006041999906301498,0.006417999975383282,0.005905999802052975,724958.0,-0.2386902628531852,-1.0,0.24206642066420664
2024-06-10,0.005444000009447336,0.005919999908655882,0.006142999976873398,0.005437999963760376,751541.0,-0.18462440108235417,-1.0,0.24206642066420664
2024-06-11,0.005142999812960625,0.005444000009447336,0.00544800003990531,0.005117999855428934,816251.0,-0.14749586939715284,-1.0,0.24206642066420664
2024-06-12,0.00523399980738759,0.005140999797731638,0.005303000099956989,0.005057999864220619,772800.0,-0.17581924312189245,-1.0,0.24206642066420664
2024-06-13,0.0049600000493228436,0.005235000047832727,0.005241999868303537,0.00495600001886487,765080.0,-0.143634798540404,-1.0,0.24206642066420664
2024-06-14,0.0048420000821352005,0.0049589998088777065,0.005065999925136566,0.004792000167071819,662323.0,-0.13724160864012933,-1.0,0.24206642066420664
2024-06-15,0.0048050000332295895,0.0048409998416900635,0.004869000054895878,0.004660000093281269,733835.0,-0.1414300609632096,-1.0,0.24206642066420664
2024-06-16,0.004889000207185745,0.0048039997927844524,0.00495600001886487,0.004734000191092491,573949.0,-0.17039226522524437,-1.0,0.24206642066420664
2024-06-17,0.00470399996265769,0.004889000207185745,0.004916999954730272,0.00469799991697073,686944.0,-0.1503077329410812,-1.0,0.24206642066420664
2024-06-18,0.004503999836742878,0.00470399996265769,0.00471000000834465,0.004480999894440174,682601.0,-0.12387926617048314,-1.0,0.24206642066420664
2024-06-19,0.004602000117301941,0.004503999836742878,0.004606999922543764,0.004433999769389629,762893.0,-0.15495335003203284,-1.0,0.24206642066420664
2024-06-20,0.0046629998832941055,0.004602000117301941,0.004856000188738108,0.0045739999040961266,742910.0,-0.17718000371642634,-1.0,0.24206642066420664
2024-06-21,0.004430000204592943,0.004664999898523092,0.004670000169426203,0.004422999918460846,706970.0,-0.14507151909832122,-1.0,0.24206642066420664
2024-06-22,0.00431900005787611,0.004428999964147806,0.004461000207811594,0.004044000059366226,734147.0,-0.13272473710666477,-1.0,0.24206642066420664
2024-06-23,0.00417400011792779,0.004317999817430973,0.004561999812722206,0.004172999877482653,1823071.0,-0.1098409913957958,-1.0,0.24206642066420664
2024-06-24,0.004027999937534332,0.004174999892711639,0.004182999953627586,0.004002000205218792,850716.0,-0.08082705405141401,-1.0,0.24206642066420664
2024-06-25,0.004122000187635422,0.004029000177979469,0.0043390002101659775,0.0040259999223053455,797695.0,-0.1054158161121187,-1.0,0.24206642066420664
2024-06-26,0.004021999891847372,0.004122000187635422,0.0041229999624192715,0.004017000086605549,729709.0,-0.08549404625658226,-1.0,0.24206642066420664
2024-06-27,0.004089000169187784,0.004021999891847372,0.004126000218093395,0.00395999988541007,670327.0,-0.10207413323699613,-1.0,0.24206642066420664
2024-06-28,0.003944000229239464,0.004089999943971634,0.004145000129938126,0.003857000032439828,799672.0,-0.0681445643200969,-1.0,0.24206642066420664
2024-06-29,0.003916999790817499,0.003942000214010477,0.003973999992012978,0.003863000078126788,531721.0,-0.05965445391087768,-1.0,0.24206642066420664
2024-06-30,0.0038429999258369207,0.003916999790817499,0.0039470000192523,0.0038419999182224274,473844.0,-0.039366552346452026,0.0,0.5158671586715867
2024-07-01,0.003982999827712774,0.0038429999258369207,0.004122000187635422,0.0038429999258369207,743803.0,-0.07222357998117235,-1.0,0.24206642066420664
2024-07-02,0.003998999949544668,0.003984999842941761,0.004050000105053186,0.003936000168323517,700256.0,-0.07636431830458766,-1.0,0.24206642066420664
2024-07-03,0.0037499999161809683,0.003998999949544668,0.004040999803692102,0.0037440001033246517,681293.0,-0.011936483787165216,1.0,0.24206642066420664
2024-07-04,0.0035699999425560236,0.0037499999161809683,0.0037539999466389418,0.0035000001080334187,806308.0,0.04009605865168299,1.0,0.24206642066420664
2024-07-05,0.003370000049471855,0.003567999927327037,0.0035689999349415302,0.003361999988555908,801378.0,0.1090716272193593,1.0,0.24206642066420664
2024-07-06,0.0037120000924915075,0.003370000049471855,0.0037330000195652246,0.0033599999733269215,667852.0,0.008428240895206319,1.0,0.24206642066420664
2024-07-07,0.00343000004068017,0.003710000077262521,0.0037330000195652246,0.003344000084325671,672066.0,0.09575175783901461,1.0,0.24206642066420664
2024-07-08,0.0034650000743567944,0.00343000004068017,0.003493000054731965,0.00329799996688962,711586.0,0.08866897867346865,1.0,0.24206642066420664
2024-07-09,0.003435000078752637,0.0034650000743567944,0.0034660000819712877,0.0033629999961704016,679580.0,0.10129615252526444,1.0,0.24206642066420664
2024-07-10,0.0034020000603049994,0.003435000078752637,0.003502999898046255,0.0033990000374615192,674376.0,0.1157302191425431,1.0,0.24206642066420664
2024-07-11,0.0035689999349415302,0.0034020000603049994,0.0035920001100748777,0.0033629999961704016,670187.0,0.06280272232394318,1.0,0.24206642066420664
2024-07-12,0.0033909999765455723,0.00356599991209805,0.0035729999653995037,0.003372000064700842,686965.0,0.11985508308850823,1.0,0.24206642066420664
2024-07-13,0.0034459999296814203,0.0033909999765455723,0.0034630000591278076,0.0033499998971819878,642681.0,0.10093139755913008,1.0,0.24206642066420664
2024-07-14,0.0035389999393373728,0.003444999922066927,0.003616000059992075,0.00343000004068017,619046.0,0.06881149247991532,1.0,0.24206642066420664
2024-07-15,0.0037529999390244484,0.003539999946951866,0.0037700000684708357,0.0035389999393373728,639877.0,0.0011292728056013566,1.0,0.24206642066420664
2024-07-16,0.0038079998921602964,0.0037539999466389418,0.003848999971523881,0.0037010000087320805,680305.0,-0.019482761504627903,0.0,0.5158671586715867
2024-07-17,0.003826000029221177,0.00380899989977479,0.0038530000019818544,0.003725999966263771,653465.0,-0.035085757301397055,0.0,0.5158671586715867
2024-07-18,0.0039519998244941235,0.003826000029221177,0.004023999907076359,0.0037620000075548887,654331.0,-0.07391069006408257,-1.0,0.24206642066420664
2024-07-19,0.004019999876618385,0.003951000049710274,0.004031000193208456,0.003880999982357025,647698.0,-0.0995261424637633,-1.0,0.24206642066420664
2024-07-20,0.0040870001539587975,0.004019000101834536,0.004091999959200621,0.003955999854952097,609572.0,-0.12507721550066989,-1.0,0.24206642066420664
2024-07-21,0.004019000101834536,0.0040870001539587975,0.004133000038564205,0.004009000025689602,637683.0,-0.12305834534011571,-1.0,0.24206642066420664
2024-07-22,0.004058999940752983,0.004019000101834536,0.004160999786108732,0.004015000071376562,9382646.0,-0.14325600249585144,-1.0,0.24206642066420664
2024-07-23,0.003963000141084194,0.004058999940752983,0.004064999986439943,0.0038960000965744257,648645.0,-0.13329250467146836,-1.0,0.24206642066420664
2024-07-24,0.003994000144302845,0.003963000141084194,0.004044999834150076,0.003961999900639057,648869.0,-0.15277681220732736,-1.0,0.24206642066420664
2024-07-25,0.0037360000424087048,0.003994000144302845,0.003998999949544668,0.0036949999630451202,674609.0,-0.10509075815901855,-1.0,0.24206642066420664
2024-07-26,0.003882999997586012,0.003737000050023198,0.0038960000965744257,0.0037350000347942114,598221.0,-0.15109819067550262,-1.0,0.24206642066420664
2024-07-27,0.0038320000749081373,0.0038840000052005053,0.003907000180333853,0.0038320000749081373,561221.0,-0.1523262890289223,-1.0,0.24206642066420664
2024-07-28,0.0037479999009519815,0.0038330000825226307,0.0038479999639093876,0.0037430000957101583,545632.0,-0.1450297023699961,-1.0,0.24206642066420664
2024-07-29,0.003754999954253435,0.003746999893337488,0.003930000122636557,0.0037430000957101583,601557.0,-0.15971084556656048,-1.0,0.24206642066420664
2024-07-30,0.003659999929368496,0.003754999954253435,0.0038580000400543213,0.003656999906525016,635152.0,-0.14735881105268836,-1.0,0.24206642066420664
2024-07-31,0.0036700000055134296,0.0036609999369829893,0.0037159998901188374,0.0036430000327527523,585390.0,-0.1573764067908726,-1.0,0.24206642066420664
2024-08-01,0.0035149999894201756,0.0036700000055134296,0.0036750000435858965,0.003481999970972538,571072.0,-0.1256248647420027,-1.0,0.24206642066420664
2024-08-02,0.0034809999633580446,0.0035149999894201756,0.003519000019878149,0.003473999910056591,636196.0,-0.1173444797999261,-1.0,0.24206642066420664
2024-08-03,0.003370000049471855,0.0034809999633580446,0.003539999946951866,0.003352999920025468,621769.0,-0.08776318218851195,-1.0,0.24206642066420664
2024-08-04,0.0033019999973475933,0.003370000049471855,0.0033909999765455723,0.0032909999135881662,565908.0,-0.06679933399865774,-1.0,0.24206642066420664
2024-08-05,0.0032220000866800547,0.0033019999973475933,0.0033080000430345535,0.003206999972462654,783627.0,-0.04260887035452132,0.0,0.5158671586715867
2024-08-06,0.0033160001039505005,0.0032220000866800547,0.003360999980941415,0.0031030001118779182,749547.0,-0.07399910711477141,-1.0,0.24206642066420664
2024-08-07,0.0029430000577121973,0.0033160001039505005,0.0034539999905973673,0.0029299999587237835,603063.0,0.041648444692046704,1.0,0.24206642066420664
2024-08-08,0.003283000085502863,0.002942000050097704,0.0032949999440461397,0.0029039999935775995,580729.0,-0.06817228250057922,-1.0,0.24206642066420664
2024-08-09,0.0031799999997019768,0.003289999905973673,0.0033019999973475933,0.0031689999159425497,586057.0,-0.041449534135796454,0.0,0.5158671586715867
2024-08-10,0.0031610000878572464,0.0031769999768584967,0.0032820000778883696,0.003126000054180622,580548.0,-0.039348633730557865,0.0,0.5158671586715867
2024-08-11,0.002940000034868717,0.003160000080242753,0.003223000094294548,0.002901999978348613,530410.0,0.0325234764108168,1.0,0.24206642066420664
2024-08-12,0.0030739998910576105,0.0029410000424832106,0.0031129999551922083,0.002894999925047159,614703.0,-0.013693922132094274,1.0,0.24206642066420664
2024-08-13,0.003065000055357814,0.0030739998910576105,0.0030819999519735575,0.002942000050097704,590930.0,-0.01393616085191452,1.0,0.24206642066420664
2024-08-14,0.0029239999130368233,0.003066000062972307,0.003077999921515584,0.0028880001045763493,577961.0,0.034053188949512425,1.0,0.24206642066420664
2024-08-15,0.002887000096961856,0.00292299990542233,0.002968000015243888,0.002879000036045909,588877.0,0.04700872312437259,1.0,0.24206642066420664
2024-08-16,0.002893999917432666,0.002887000096961856,0.002937000012025237,0.0028619999065995216,528415.0,0.0403462332064419,1.0,0.24206642066420664
2024-08-17,0.002824000082910061,0.002893999917432666,0.002940000034868717,0.0028230000752955675,448131.0,0.06338523952070933,1.0,0.24206642066420664
2024-08-18,0.002827000105753541,0.002824000082910061,0.002876000013202429,0.002788000041618943,531787.0,0.05976380054300321,1.0,0.24206642066420664
2024-08-19,0.0027230000123381615,0.0028280001133680344,0.0028750000055879354,0.0026730000972747803,507408.0,0.10079918202962913,1.0,0.24206642066420664
2024-08-20,0.0029329999815672636,0.0027230000123381615,0.0029559999238699675,0.002706000115722418,544665.0,0.01818389080250682,1.0,0.24206642066420664
2024-08-21,0.0030769999139010906,0.00292899995110929,0.003148999996483326,0.00292599992826581,505633.0,-0.036074071170662206,0.0,0.5158671586715867
2024-08-22,0.0031159999780356884,0.0030769999139010906,0.0031449999660253525,0.003002000041306019,572636.0,-0.05553517214036086,0.0,0.5158671586715867
2024-08-23,0.0034620000515133142,0.0031159999780356884,0.003464000066742301,0.0030960000585764647,524557.0,-0.1605045377395387,-1.0,0.24206642066420664
2024-08-24,0.003406000090762973,0.0034620000515133142,0.003527000080794096,0.0033390000462532043,505343.0,-0.15688004068230857,-1.0,0.24206642066420664
2024-08-25,0.003452999982982874,0.003406000090762973,0.0035230000503361225,0.003384999930858612,351211.0,-0.17960917099915713,-1.0,0.24206642066420664
2024-08-26,0.0032909999135881662,0.0034539999905973673,0.003459000028669834,0.0032909999135881662,566934.0,-0.14975906183333673,-1.0,0.24206642066420664
2024-08-27,0.003019999945536256,0.0032909999135881662,0.003298999974504113,0.003017999930307269,531159.0,-0.08021127424516622,-1.0,0.24206642066420664
2024-08-28,0.002836999949067831,0.003020999953150749,0.0030879999976605177,0.0028200000524520874,551758.0,-0.02279401373282269,0.0,0.5158671586715867
2024-08-29,0.003148999996483326,0.002836999949067831,0.003166999900713563,0.0028359999414533377,581748.0,-0.1253459152367029,-1.0,0.24206642066420664
2024-08-30,0.0029490001033991575,0.003148999996483326,0.003217000048607588,0.002919000107795,540657.0,-0.0672706202142461,-1.0,0.24206642066420664
2024-08-31,0.0029180001001805067,0.002948000095784664,0.002974000060930848,0.002887000096961856,398562.0,-0.05757371806508006,0.0,0.5158671586715867
2024-09-01,0.002919000107795,0.0029180001001805067,0.0030529999639838934,0.0029100000392645597,461789.0,-0.05975631920438537,-1.0,0.24206642066420664
2024-09-02,0.0029959999956190586,0.0029170000925660133,0.0030580000020563602,0.00291300006210804,541435.0,-0.08708437097028332,-1.0,0.24206642066420664
2024-09-03,0.002862999914214015,0.0029959999956190586,0.003003000048920512,0.0028570001013576984,444644.0,-0.04351077919399158,0.0,0.5158671586715867
2024-09-04,0.0029509998857975006,0.0028619999065995216,0.0029879999347031116,0.002858000108972192,521992.0,-0.07434119193424214,-1.0,0.24206642066420664
2024-09-05,0.0028689999599009752,0.0029509998857975006,0.0029879999347031116,0.0028689999599009752,478100.0,-0.04878088216965718,0.0,0.5158671586715867
2024-09-06,0.002643000101670623,0.0028699999675154686,0.002879000036045909,0.002607000060379505,445555.0,0.037151099237418536,1.0,0.24206642066420664
2024-09-07,0.00266100000590086,0.002644000109285116,0.0027439999394118786,0.002612000098451972,397635.0,0.033052372440964956,1.0,0.24206642066420664
2024-09-08,0.002678999910131097,0.00266100000590086,0.002722000004723668,0.0026259999722242355,365153.0,0.027746701755109557,1.0,0.24206642066420664
2024-09-09,0.0027550000231713057,0.002678999910131097,0.0027920000720769167,0.0026499999221414328,396310.0,-0.000553119160935589,1.0,0.24206642066420664
2024-09-10,0.0026990000624209642,0.0027550000231713057,0.002756000030785799,0.0026459998916834593,376577.0,0.01993680787761283,1.0,0.24206642066420664
2024-09-11,0.0026499999221414328,0.002698000054806471,0.002710999920964241,0.002643000101670623,346395.0,0.03755618221377751,1.0,0.24206642066420664
2024-09-12,0.0026320000179111958,0.0026499999221414328,0.002655999967828393,0.002597999991849065,385984.0,0.04043637901441717,1.0,0.24206642066420664
2024-09-13,0.002693000016734004,0.0026320000179111958,0.002706000115722418,0.0025889999233186245,389075.0,0.010927794805625916,1.0,0.24206642066420664
2024-09-14,0.0026779999025166035,0.0026940000243484974,0.002988999942317605,0.0026650000363588333,1161867.0,0.010668978793697437,1.0,0.24206642066420664
2024-09-15,0.0026370000559836626,0.002678999910131097,0.0026889999862760305,0.002633000025525689,314461.0,0.02078477938726226,1.0,0.24206642066420664
2024-09-16,0.0025629999581724405,0.0026370000559836626,0.002647999906912446,0.0025549998972564936,325264.0,0.04492505042468655,1.0,0.24206642066420664
2024-09-17,0.0025919999461621046,0.0025629999581724405,0.0026140001136809587,0.0025080000050365925,379713.0,0.025848787418436044,1.0,0.24206642066420664
2024-09-18,0.0027230000123381615,0.0025919999461621046,0.0027260000351816416,0.0025679999962449074,371717.0,-0.031670256500434625,0.0,0.5158671586715867
2024-09-19,0.0027699999045580626,0.0027230000123381615,0.002807999961078167,0.00266100000590086,441016.0,-0.05647237611212906,0.0,0.5158671586715867
2024-09-20,0.0028719999827444553,0.0027650000993162394,0.0028899998869746923,0.002725000027567148,398440.0,-0.09993035540961769,-1.0,0.24206642066420664
2024-09-21,0.002905000001192093,0.0028729999903589487,0.003020999953150749,0.002732000080868602,393360.0,-0.12046553304992916,-1.0,0.24206642066420664
2024-09-22,0.002804999938234687,0.0029039999935775995,0.0029180001001805067,0.00278700003400445,331884.0,-0.09836174537222062,-1.0,0.24206642066420664
2024-09-23,0.0027970001101493835,0.0028039999306201935,0.0029899999499320984,0.0027310000732541084,379887.0,-0.10395495200320364,-1.0,0.24206642066420664
2024-09-24,0.0029329999815672636,0.0027970001101493835,0.002982999896630645,0.0027660001069307327,345986.0,-0.1562028073351001,-1.0,0.24206642066420664
2024-09-25,0.002807999961078167,0.0029329999815672636,0.0029509998857975006,0.0028009999077767134,360952.0,-0.12717065183436577,-1.0,0.24206642066420664
2024-09-26,0.0028150000143796206,0.002807999961078167,0.002893999917432666,0.0028029999230057,368536.0,-0.13837435640681253,-1.0,0.24206642066420664
2024-09-27,0.0028979999478906393,0.0028150000143796206,0.0029100000392645597,0.00279600010253489,380941.0,-0.17299284997808675,-1.0,0.24206642066420664
2024-09-28,0.002824000082910061,0.0028979999478906393,0.002901999978348613,0.002814000006765127,431242.0,-0.16002295296116018,-1.0,0.24206642066420664
2024-09-29,0.002770999912172556,0.002824000082910061,0.002824000082910061,0.0027650000993162394,352815.0,-0.1524634047841071,-1.0,0.24206642066420664
2024-09-30,0.0027580000460147858,0.002770999912172556,0.0027989998925477266,0.0027469999622553587,476310.0,-0.15701509736934102,-1.0,0.24206642066420664
2024-10-01,0.002684999955818057,0.0027570000384002924,0.0028039999306201935,0.00267999991774559,469727.0,-0.14179300955309287,-1.0,0.24206642066420664
2024-10-02,0.002581000095233321,0.0026839999482035637,0.0026859999634325504,0.0025390000082552433,577870.0,-0.1130606722973956,-1.0,0.24206642066420664
2024-10-03,0.0023990001063793898,0.002580000087618828,0.0025869999080896378,0.0023769999388605356,449171.0,-0.05268071875956653,0.0,0.5158671586715867
2024-10-04,0.002357000019401312,0.002400000113993883,0.002526999916881323,0.002222999930381775,512493.0,-0.04503303615475035,0.0,0.5158671586715867
2024-10-05,0.0023449999280273914,0.0023529999889433384,0.002429000101983547,0.0023219999857246876,404041.0,-0.04849219683759004,0.0,0.5158671586715867
2024-10-06,0.0023270000237971544,0.0023449999280273914,0.002389000030234456,0.002274000085890293,352337.0,-0.051589010879718886,0.0,0.5158671586715867
2024-10-07,0.00227600010111928,0.0023270000237971544,0.0023960000835359097,0.0022529999259859324,380816.0,-0.038978196489705554,0.0,0.5158671586715867
2024-10-08,0.0021899999119341373,0.00227600010111928,0.00228899996727705,0.002182000083848834,353271.0,-0.00647962290324201,1.0,0.24206642066420664
2024-10-09,0.0022559999488294125,0.0021899999119341373,0.002339000115171075,0.002179000061005354,387488.0,-0.03961918487196817,0.0,0.5158671586715867
2024-10-10,0.00228299992159009,0.002259999979287386,0.0024880000855773687,0.002222999930381775,324524.0,-0.05443960212246292,0.0,0.5158671586715867
2024-10-11,0.0022720000706613064,0.002283999929204583,0.002303000073879957,0.0022330000065267086,192367.0,-0.05591886543317376,0.0,0.5158671586715867
2024-10-12,0.00227600010111928,0.0022720000706613064,0.002303000073879957,0.0022559999488294125,180031.0,-0.06414765998344933,-1.0,0.24206642066420664
2024-10-13,0.002259999979287386,0.00227600010111928,0.002302000066265464,0.0022529999259859324,141097.0,-0.0654656368114886,-1.0,0.24206642066420664
2024-10-14,0.0023169999476522207,0.002259999979287386,0.002391000045463443,0.0022509999107569456,202119.0,-0.09928681336102917,-1.0,0.24206642066420664
2024-10-15,0.002274000085890293,0.002317999955266714,0.002357000019401312,0.0022440000902861357,282266.0,-0.0928927680798005,-1.0,0.24206642066420664
2024-10-16,0.002305000089108944,0.002274000085890293,0.0023109999019652605,0.002268000040203333,273858.0,-0.11269499836217681,-1.0,0.24206642066420664
2024-10-17,0.002280999906361103,0.002305000089108944,0.0023060000967234373,0.002237000036984682,244455.0,-0.11020642412537944,-1.0,0.24206642066420664
2024-10-18,0.0022929999977350235,0.0022849999368190765,0.002311999909579754,0.002167999977245927,276527.0,-0.12113470814284957,-1.0,0.24206642066420664
2024-10-19,0.002308000111952424,0.0022929999977350235,0.0023139999248087406,0.0022350000217556953,210186.0,-0.13285057774235134,-1.0,0.24206642066420664
2024-10-20,0.00227600010111928,0.002308000111952424,0.0023139999248087406,0.0022499999031424522,228931.0,-0.12555447678076584,-1.0,0.24206642066420664
2024-10-21,0.002263000002130866,0.00227600010111928,0.0024300001095980406,0.0022539999336004257,280994.0,-0.12364539101763845,-1.0,0.24206642066420664
2024-10-22,0.0022509999107569456,0.0022609999869018793,0.0023399998899549246,0.0022100000642240047,245620.0,-0.11690038660842567,-1.0,0.24206642066420664
2024-10-23,0.0022640000097453594,0.0022529999259859324,0.002266000024974346,0.0022189998999238014,235674.0,-0.12234982151756511,-1.0,0.24206642066420664
2024-10-24,0.002051000017672777,0.002256999956443906,0.0022589999716728926,0.0019320000428706408,332641.0,-0.030600639159600238,0.0,0.5158671586715867
2024-10-25,0.0019000000320374966,0.002050000010058284,0.0020940001122653484,0.0018810000037774444,257502.0,0.05636590246515597,1.0,0.24206642066420664
2024-10-26,0.0019340000580996275,0.0019000000320374966,0.002019000006839633,0.001832999987527728,274458.0,0.0479391051861273,1.0,0.24206642066420664
2024-10-27,0.0018159999744966626,0.0019340000580996275,0.0019539999775588512,0.0018110000528395176,205283.0,0.12922175083316584,1.0,0.24206642066420664
2024-10-28,0.0018629999831318855,0.0018179999897256494,0.0019039999460801482,0.0017960000550374389,259428.0,0.11612096229001709,1.0,0.24206642066420664
2024-10-29,0.0019490000559017062,0.0018629999831318855,0.0019759999122470617,0.00184599997010082,294036.0,0.07784208726951802,1.0,0.24206642066420664
2024-10-30,0.0020630001090466976,0.0019490000559017062,0.0021379999816417694,0.001943000010214746,276610.0,0.02504437851902864,1.0,0.24206642066420664
2024-10-31,0.0021170000545680523,0.0020630001090466976,0.002131999935954809,0.002019000006839633,284456.0,0.005151018454534362,1.0,0.24206642066420664
2024-11-01,0.0019829999655485153,0.0021170000545680523,0.0021389999892562628,0.001976999919861555,306617.0,0.0846961247783963,1.0,0.24206642066420664
2024-11-02,0.001962000038474798,0.0019829999655485153,0.001993000041693449,0.0019409999949857593,204973.0,0.1384883981886068,1.0,0.24206642066420664
2024-11-03,0.001883000019006431,0.001962000038474798,0.001964000053703785,0.0018400000408291817,233225.0,0.23195001179182417,1.0,0.24206642066420664
2024-11-04,0.0017900000093504786,0.001883000019006431,0.0019359999569132924,0.001787999994121492,239031.0,0.3426177045070875,1.0,0.24206642066420664
2024-11-05,0.0017659999430179596,0.0017900000093504786,0.0018599999602884054,0.001762000028975308,246276.0,0.4072157016330265,1.0,0.24206642066420664
2024-11-06,0.0019369999645277858,0.0017659999430179596,0.002015999983996153,0.0017600000137463212,370712.0,0.35184504980431985,1.0,0.24206642066420664
2024-11-07,0.0019529999699443579,0.0019389999797567725,0.001967000076547265,0.0017890000017359853,310141.0,0.41972060538057415,1.0,0.24206642066420664
2024-11-08,0.0019910000264644623,0.0019529999699443579,0.00204299995675683,0.0019099999917671084,315609.0,0.4824806734586322,1.0,0.24206642066420664
2024-11-09,0.0020169999916106462,0.0019910000264644623,0.002059000078588724,0.0019460000330582261,299254.0,0.5611115194364502,1.0,0.24206642066420664
2024-11-10,0.002041999949142337,0.002015999983996153,0.002185000106692314,0.0020069999154657125,369489.0,0.6275360830903425,1.0,0.24206642066420664
2024-11-11,0.0021150000393390656,0.002044999971985817,0.0022609999869018793,0.0019490000559017062,431765.0,0.634560383041865,1.0,0.24206642066420664
2024-11-12,0.002348999958485365,0.0021150000393390656,0.0023880000226199627,0.0020940001122653484,476035.0,0.5245190934866238,1.0,0.24206642066420664
2024-11-13,0.0022460001055151224,0.0023499999660998583,0.0024480000138282776,0.0022009999956935644,451773.0,0.6638043791835473,1.0,0.24206642066420664
2024-11-14,0.002076999982818961,0.002248999895527959,0.002259999979287386,0.002061000093817711,407438.0,0.87967998498849,1.0,0.24206642066420664
2024-11-15,0.0022960000205785036,0.0020759999752044678,0.0022960000205785036,0.0019910000264644623,362043.0,0.7814003780890314,1.0,0.24206642066420664
2024-11-16,0.002345999935641885,0.002297000028192997,0.002360000042244792,0.0020920000970363617,309235.0,0.8094223992187598,1.0,0.24206642066420664
2024-11-17,0.0023189999628812075,0.002345999935641885,0.002423000056296587,0.0022619999945163727,294545.0,0.89554206643183,1.0,0.24206642066420664
2024-11-18,0.0024649999104440212,0.002317999955266714,0.002466999925673008,0.002309999894350767,309886.0,0.8276442592678,1.0,0.24206642066420664
2024-11-19,0.0023980000987648964,0.0024649999104440212,0.002472999971359968,0.0023449999280273914,313325.0,0.924838107392374,1.0,0.24206642066420664
2024-11-20,0.0023560000117868185,0.0023980000987648964,0.0024649999104440212,0.0022990000434219837,319358.0,1.0205958647017164,1.0,0.24206642066420664
2024-11-21,0.0023950000759214163,0.0023580000270158052,0.0024850000627338886,0.0023240000009536743,305572.0,1.0339596039980246,1.0,0.24206642066420664
2024-11-22,0.002466999925673008,0.002394000068306923,0.0025160000659525394,0.002391000045463443,356031.0,1.019437622409455,1.0,0.24206642066420664
2024-11-23,0.003700000001117587,0.0024709999561309814,0.003773000091314316,0.0024300001095980406,700345.0,0.35335909399142046,1.0,0.24206642066420664
2024-11-24,0.0036899999249726534,0.0037060000468045473,0.004240000154823065,0.0032510000746697187,598426.0,0.36657638492268285,1.0,0.24206642066420664
2024-11-25,0.0035439999774098396,0.0036899999249726534,0.004166000057011843,0.003306000027805567,463720.0,0.437896414164047,1.0,0.24206642066420664
2024-11-26,0.003484999993816018,0.0035389999393373728,0.0036100000143051147,0.003189000068232417,353825.0,0.47877300499825365,1.0,0.24206642066420664
2024-11-27,0.004738000221550465,0.0034839999862015247,0.005762999877333641,0.0034839999862015247,879840.0,0.07971011399813485,1.0,0.24206642066420664
2024-11-28,0.0051910001784563065,0.004739999771118164,0.005257000215351582,0.00456500006839633,438309.0,-0.02816231252382641,0.0,0.5158671586715867
2024-11-29,0.005747999995946884,0.00519500020891428,0.006008000113070011,0.005187999922782183,468127.0,-0.1361964249952943,-1.0,0.24206642066420664
2024-11-30,0.006157000083476305,0.0057470002211630344,0.006438999902456999,0.005553999915719032,453137.0,-0.20927012880284596,-1.0,0.24206642066420664
2024-12-01,0.005710000172257423,0.006157000083476305,0.006157999858260155,0.005371000152081251,377399.0,-0.16320575216369196,-1.0,0.24206642066420664
2024-12-02,0.004922000225633383,0.0057230000384151936,0.005741000175476074,0.0046179997734725475,561013.0,-0.037596054011607025,0.0,0.5158671586715867
2024-12-03,0.004953000228852034,0.004937999881803989,0.005563000217080116,0.004912000149488449,538672.0,-0.05135899976499133,0.0,0.5158671586715867
2024-12-04,0.005518000107258558,0.00495600001886487,0.005716999992728233,0.004889999981969595,528047.0,-0.15202196345319674,-1.0,0.24206642066420664
2024-12-05,0.005588000174611807,0.0055149998515844345,0.005985999945551157,0.005073000211268663,620208.0,-0.17152403302122068,-1.0,0.24206642066420664
2024-12-06,0.006202000193297863,0.0058200000785291195,0.006360999774187803,0.005483000073581934,566102.0,-0.2685846532343043,-1.0,0.24206642066420664
2024-12-07,0.0055970000103116035,0.006213000044226646,0.0062409997917711735,0.005549000110477209,370187.0,-0.20075380022627262,-1.0,0.24206642066420664
2024-12-08,0.0054870001040399075,0.005561999976634979,0.005898999981582165,0.0051750000566244125,381648.0,-0.19892040150334067,-1.0,0.24206642066420664
2024-12-09,0.004761999938637018,0.005510999821126461,0.005568999797105789,0.004561000037938356,517560.0,-0.08319831870578438,-1.0,0.24206642066420664
2024-12-10,0.004720999859273434,0.004761999938637018,0.004904999863356352,0.004282000008970499,578645.0,-0.08263984364384136,-1.0,0.24206642066420664
2024-12-11,0.005396000109612942,0.00472299987450242,0.0056859999895095825,0.004602000117301941,496100.0,-0.20922024452748345,-1.0,0.24206642066420664
2024-12-12,0.004722000099718571,0.0053980001248419285,0.005475000012665987,0.004596000071614981,594891.0,-0.10417298567451747,-1.0,0.24206642066420664
2024-12-13,0.0047900001518428326,0.00472299987450242,0.004991999827325344,0.004513000138103962,408715.0,-0.1282036242168249,-1.0,0.24206642066420664
2024-12-14,0.004234999883919954,0.004796000197529793,0.0048409998416900635,0.00394799979403615,384885.0,-0.019800946300625837,0.0,0.5158671586715867
2024-12-15,0.004430000204592943,0.004234000109136105,0.004521000199019909,0.004149000160396099,319349.0,-0.07286900793422627,-1.0,0.24206642066420664
2024-12-16,0.004662000108510256,0.004428999964147806,0.004813999868929386,0.0044280001893639565,412440.0,-0.12928236418525502,-1.0,0.24206642066420664
2024-12-17,0.004695000126957893,0.004664999898523092,0.004898999817669392,0.004501999821513891,408137.0,-0.1498149237894871,-1.0,0.24206642066420664
2024-12-18,0.003942999988794327,0.004695000126957893,0.004720000084489584,0.003942000214010477,385635.0,0.0030433686813683414,1.0,0.24206642066420664
2024-12-19,0.003703000023961067,0.003942999988794327,0.004269999917596579,0.0036730000283569098,526241.0,0.060877271056126246,1.0,0.24206642066420664
2024-12-20,0.004075000062584877,0.0037070000544190407,0.0045090001076459885,0.0031449999660253525,561573.0,-0.05038856638228868,0.0,0.5158671586715867
2024-12-21,0.004127999767661095,0.004075000062584877,0.004348000045865774,0.003967999946326017,338117.0,-0.07503917092174574,-1.0,0.24206642066420664
2024-12-22,0.0038109999150037766,0.004122000187635422,0.004209999926388264,0.00380500010214746,280040.0,-0.01028349475629922,1.0,0.24206642066420664
2024-12-23,0.004058000165969133,0.00380899989977479,0.004273999948054552,0.003700000001117587,314675.0,-0.08637850683144445,-1.0,0.24206642066420664
2024-12-24,0.004147999919950962,0.004056999925523996,0.004182000178843737,0.0038660001009702682,303669.0,-0.12072368538167691,-1.0,0.24206642066420664
2024-12-25,0.005109000019729137,0.004147999919950962,0.005398999899625778,0.004139000084251165,505496.0,-0.3052782727762726,-1.0,0.24206642066420664
2024-12-26,0.0045460001565515995,0.005106000229716301,0.005408000200986862,0.00445199990645051,340549.0,-0.23542416102621974,-1.0,0.24206642066420664
2024-12-27,0.004242999944835901,0.0045460001565515995,0.004567000083625317,0.004157999996095896,327624.0,-0.18853461027053367,-1.0,0.24206642066420664
2024-12-28,0.004277000203728676,0.004242999944835901,0.004616999998688698,0.0039820000529289246,295373.0,-0.2086465142145905,-1.0,0.24206642066420664
2024-12-29,0.003851999994367361,0.004277000203728676,0.004294999875128269,0.003800000064074993,247545.0,-0.13740543399413868,-1.0,0.24206642066420664
2024-12-30,0.004137999843806028,0.0038499999791383743,0.004139999859035015,0.0038449999410659075,259230.0,-0.21594280469393323,-1.0,0.24206642066420664
2024-12-31,0.003986999858170748,0.004137999843806028,0.0042119999416172504,0.003949000034481287,253292.0,-0.19983993035196979,-1.0,0.24206642066420664
2025-01-01,0.004056000150740147,0.003986999858170748,0.004077000077813864,0.0038060001097619534,203852.0,-0.2273175873825871,-1.0,0.24206642066420664
2025-01-02,0.003945999778807163,0.004056000150740147,0.004147999919950962,0.0037720000836998224,304347.0,-0.22091082624622388,-1.0,0.24206642066420664
2025-01-03,0.0036520001012831926,0.003945999778807163,0.004114000126719475,0.00342700001783669,409080.0,-0.17004383874962237,-1.0,0.24206642066420664
2025-01-04,0.0037150001153349876,0.003654999891296029,0.004155999980866909,0.00356299988925457,370726.0,-0.1980260510308886,-1.0,0.24206642066420664
2025-01-05,0.0035069999285042286,0.0037150001153349876,0.003773000091314316,0.0034179999493062496,239300.0,-0.163849158795864,-1.0,0.24206642066420664
2025-01-06,0.0036559998989105225,0.0035069999285042286,0.003745000110939145,0.003378000110387802,290269.0,-0.2119151606791076,-1.0,0.24206642066420664
2025-01-07,0.0032740000169724226,0.0036559998989105225,0.003739000065252185,0.0032289999071508646,296597.0,-0.1343049192071677,-1.0,0.24206642066420664
2025-01-08,0.0031739999540150166,0.0032709999941289425,0.0033839999232441187,0.0028019999153912067,353454.0,-0.1213880536423311,-1.0,0.24206642066420664
2025-01-09,0.0031449999660253525,0.003172999946400523,0.0034799999557435513,0.0028840000741183758,267320.0,-0.12670148455174918,-1.0,0.24206642066420664
2025-01-10,0.0028409999795258045,0.0031449999660253525,0.003155000042170286,0.0025710000190883875,370864.0,-0.04513836179934906,0.0,0.5158671586715867
2025-01-11,0.0030479999259114265,0.002839999971911311,0.003252000082284212,0.0027520000003278255,213991.0,-0.12282837804323458,-1.0,0.24206642066420664
2025-01-12,0.0028359999414533377,0.0030479999259114265,0.0030720001086592674,0.002824000082910061,133593.0,-0.07241921782983925,-1.0,0.24206642066420664
2025-01-13,0.0027069998905062675,0.0028349999338388443,0.0029219998978078365,0.0023849999997764826,362229.0,-0.03882347005723342,0.0,0.5158671586715867
2025-01-14,0.0028830000665038824,0.0027069998905062675,0.0028840000741183758,0.002701000077649951,237260.0,-0.11234992229422143,-1.0,0.24206642066420664
2025-01-15,0.0030529999639838934,0.0028830000665038824,0.003160000080242753,0.0025450000539422035,333084.0,-0.18077456128084782,-1.0,0.24206642066420664
2025-01-16,0.0030010000336915255,0.0030529999639838934,0.0032480000518262386,0.0028329999186098576,355007.0,-0.18409737498257905,-1.0,0.24206642066420664
2025-01-17,0.00355600006878376,0.0030010000336915255,0.003922999836504459,0.002919000107795,570791.0,-0.33361456278885726,-1.0,0.24206642066420664
2025-01-18,0.0030499999411404133,0.00355600006878376,0.0036379999946802855,0.002911000046879053,543996.0,-0.24048398239647623,-1.0,0.24206642066420664
2025-01-19,0.002552000107243657,0.0030479999259114265,0.003103999886661768,0.0025480000767856836,519728.0,-0.10723619337084633,-1.0,0.24206642066420664
2025-01-20,0.0024939998984336853,0.002552000107243657,0.002764000091701746,0.0024870000779628754,587076.0,-0.09760564476388782,-1.0,0.24206642066420664
2025-01-21,0.0028490000404417515,0.0024939998984336853,0.0029959999956190586,0.002409999957308173,473088.0,-0.22711395328276887,-1.0,0.24206642066420664
2025-01-22,0.0028750000055879354,0.0028490000404417515,0.003148999996483326,0.0027910000644624233,396740.0,-0.24998757947338981,-1.0,0.24206642066420664
2025-01-23,0.0026920000091195107,0.0028719999827444553,0.002887000096961856,0.0025629999581724405,368721.0,-0.21046487332212394,-1.0,0.24206642066420664
2025-01-24,0.002742999931797385,0.0026910000015050173,0.0027910000644624233,0.0024759999942034483,450811.0,-0.23545646648295426,-1.0,0.24206642066420664
2025-01-25,0.002630000002682209,0.002742999931797385,0.002742999931797385,0.0025279999244958162,312568.0,-0.20334962987642347,-1.0,0.24206642066420664
2025-01-26,0.0025210001040250063,0.002630000002682209,0.002704000100493431,0.002518000081181526,292821.0,-0.17334394852089657,-1.0,0.24206642066420664
2025-01-27,0.0025820001028478146,0.0025210001040250063,0.0026489999145269394,0.0022609999869018793,442857.0,-0.19958692250503157,-1.0,0.24206642066420664
2025-01-28,0.0022879999596625566,0.0025820001028478146,0.0025869999080896378,0.00216599996201694,330682.0,-0.10098234151950056,-1.0,0.24206642066420664
2025-01-29,0.0022169998846948147,0.0022879999596625566,0.002351999981328845,0.0021460000425577164,299031.0,-0.06856107414102833,-1.0,0.24206642066420664
2025-01-30,0.0022589999716728926,0.0022169998846948147,0.0023900000378489494,0.00203999993391335,337866.0,-0.08119900455340259,-1.0,0.24206642066420664
2025-01-31,0.002131999935954809,0.0022589999716728926,0.0023320000618696213,0.002125999890267849,281343.0,-0.02483692311788593,0.0,0.5158671586715867
2025-02-01,0.002225999953225255,0.002131999935954809,0.0025110000278800726,0.002124000107869506,352990.0,-0.0673426415884758,-1.0,0.24206642066420664
2025-02-02,0.0019330000504851341,0.002225999953225255,0.0022269999608397484,0.0019049999536946416,359074.0,0.08301921014220881,1.0,0.24206642066420664
2025-02-03,0.0021039999555796385,0.0019330000504851341,0.0022440000902861357,0.001693999976851046,627711.0,-0.00864564265561608,1.0,0.24206642066420664
2025-02-04,0.0019839999731630087,0.0021069999784231186,0.002111000008881092,0.0019109999993816018,392066.0,0.05016322426410075,1.0,0.24206642066420664
2025-02-05,0.0018350000027567148,0.0019839999731630087,0.0019910000264644623,0.0017689999658614397,350046.0,0.1347346553896518,1.0,0.24206642066420664
2025-02-06,0.0018970000091940165,0.0018350000027567148,0.0020149999763816595,0.0017750000115484,387751.0,0.09538870429066539,1.0,0.24206642066420664
2025-02-07,0.0019000000320374966,0.0018970000091940165,0.00203699991106987,0.0018550000386312604,423506.0,0.09398494413214212,1.0,0.24206642066420664
2025-02-08,0.0019340000580996275,0.0019039999460801482,0.0019460000330582261,0.001787999994121492,365629.0,0.07571277209156949,1.0,0.24206642066420664
2025-02-09,0.0017500000540167093,0.0019340000580996275,0.0019389999797567725,0.0017239999724552035,290036.0,0.1989115240603727,1.0,0.24206642066420664
2025-02-10,0.0019109999993816018,0.0017500000540167093,0.001917000045068562,0.0017059999518096447,372991.0,0.09635941982520937,1.0,0.24206642066420664
2025-02-11,0.0018279999494552612,0.0019079999765381217,0.0019570000004023314,0.0017300000181421638,383226.0,0.14327397025143873,1.0,0.24206642066420664
2025-02-12,0.0019160000374540687,0.0018279999494552612,0.0019209999591112137,0.0017470000311732292,397586.0,0.08494877889411899,1.0,0.24206642066420664
2025-02-13,0.0020439999643713236,0.0019160000374540687,0.002248999895527959,0.0018919999711215496,444631.0,0.007967588003749658,1.0,0.24206642066420664
2025-02-14,0.0021490000654011965,0.0020439999643713236,0.002317999955266714,0.0020260000601410866,377972.0,-0.050433234258168126,0.0,0.5158671586715867
2025-02-15,0.0025889999233186245,0.0021389999892562628,0.0025909999385476112,0.002125999890267849,478118.0,-0.23180486642567796,-1.0,0.24206642066420664
2025-02-16,0.00228599994443357,0.0025820001028478146,0.002597999991849065,0.002242000075057149,347645.0,-0.1505853225073823,-1.0,0.24206642066420664
2025-02-17,0.002217999892309308,0.0022849999368190765,0.002495999913662672,0.0021100000012665987,362985.0,-0.1466357072577556,-1.0,0.24206642066420664
2025-02-18,0.0020840000361204147,0.0022239999379962683,0.0022950000129640102,0.0020580000709742308,373866.0,-0.10565763345072969,-1.0,0.24206642066420664
2025-02-19,0.002386000007390976,0.0020830000285059214,0.0024480000138282776,0.0020580000709742308,406223.0,-0.23937253298773326,-1.0,0.24206642066420664
2025-02-20,0.002481000032275915,0.0023880000226199627,0.002509000012651086,0.0023419999051839113,360291.0,-0.2913955682963757,-1.0,0.24206642066420664
2025-02-21,0.002205000026151538,0.0024820000398904085,0.002495999913662672,0.002203000010922551,418961.0,-0.2220494659595192,-1.0,0.24206642066420664
2025-02-22,0.0021639999467879534,0.0022040000185370445,0.0023010000586509705,0.002088000066578388,369450.0,-0.22484814555413887,-1.0,0.24206642066420664
2025-02-23,0.0022980000358074903,0.0021649999544024467,0.0023330000694841146,0.002113000024110079,276112.0,-0.29193088261932876,-1.0,0.24206642066420664
2025-02-24,0.001943000010214746,0.0022980000358074903,0.002343999920412898,0.0019420000026002526,292140.0,-0.1785162915671321,-1.0,0.24206642066420664
2025-02-25,0.0019359999569132924,0.001943000010214746,0.0019920000340789557,0.0016540000215172768,454744.0,-0.19237011283601704,-1.0,0.24206642066420664
2025-02-26,0.0018080000299960375,0.0019359999569132924,0.001943000010214746,0.0017900000093504786,359531.0,-0.15020545212851988,-1.0,0.24206642066420664
2025-02-27,0.0018070000223815441,0.0018090000376105309,0.0018720000516623259,0.0016740000573918223,381196.0,-0.1600653685507118,-1.0,0.24206642066420664
2025-02-28,0.0019130000146105886,0.0018080000299960375,0.001996000064536929,0.0017679999582469463,365335.0,-0.22116845680615022,-1.0,0.24206642066420664
2025-03-01,0.0019729998894035816,0.0019130000146105886,0.002007999923080206,0.0018189999973401427,303308.0,-0.2607100219568756,-1.0,0.24206642066420664
2025-03-02,0.0021210000850260258,0.001967000076547265,0.0021959999576210976,0.0019290000200271606,324788.0,-0.3295840079075747,-1.0,0.24206642066420664
2025-03-03,0.0018489999929443002,0.002122000092640519,0.0021780000533908606,0.0018360000103712082,379082.0,-0.24337479543482723,-1.0,0.24206642066420664
2025-03-04,0.0017180000431835651,0.0018489999929443002,0.0018970000091940165,0.0016820000018924475,350560.0,-0.19768282080713148,-1.0,0.24206642066420664
2025-03-05,0.0016820000018924475,0.0017180000431835651,0.0018500000005587935,0.0016530000139027834,342480.0,-0.1903629490391781,-1.0,0.24206642066420664
2025-03-06,0.0016560000367462635,0.0016830000095069408,0.0017450000159442425,0.0016370000084862113,290264.0,-0.18719808961041745,-1.0,0.24206642066420664
2025-03-07,0.0017359999474138021,0.0016570000443607569,0.0017500000540167093,0.001560000004246831,204804.0,-0.2390552781388401,-1.0,0.24206642066420664
2025-03-08,0.0015020000282675028,0.0017359999474138021,0.0017379999626427889,0.0013849999522790313,113152.0,-0.1291928402755167,-1.0,0.24206642066420664
2025-03-09,0.0012969999806955457,0.0015020000282675028,0.0015030000358819962,0.001256000017747283,103915.0,0.006975819724778655,1.0,0.24206642066420664
2025-03-10,0.0011889999732375145,0.0012969999806955457,0.001310999970883131,0.0011840000515803695,100229.0,0.09788139775150997,1.0,0.24206642066420664
2025-03-11,0.001475999946705997,0.0011889999732375145,0.001487000030465424,0.0011439999798312783,163688.0,-0.1231448875454279,-1.0,0.24206642066420664
2025-03-12,0.001357999979518354,0.001475999946705997,0.0014769999543204904,0.001294999965466559,104549.0,-0.05287886649210411,0.0,0.5158671586715867
2025-03-13,0.0012880000285804272,0.001357999979518354,0.00139999995008111,0.0012639999622479081,85983.0,-0.0072463973960706285,1.0,0.24206642066420664
2025-03-14,0.0013089999556541443,0.0012880000285804272,0.0014049999881535769,0.0012509999796748161,89967.0,-0.02913889283024227,0.0,0.5158671586715867
2025-03-15,0.0013670000480487943,0.0013089999556541443,0.0013760000001639128,0.0012679999927058816,98891.0,-0.07768143494752638,-1.0,0.24206642066420664
2025-03-16,0.0012420000275596976,0.0013670000480487943,0.0013760000001639128,0.001234999974258244,98909.0,0.005981110411556922,1.0,0.24206642066420664
2025-03-17,0.0012919999426230788,0.0012420000275596976,0.0014270000392571092,0.0012400000123307109,129845.0,-0.043749036066976076,0.0,0.5158671586715867
2025-03-18,0.0012519999872893095,0.0012919999426230788,0.0013379999436438084,0.0012499999720603228,96633.0,-0.02297275657395673,0.0,0.5158671586715867
2025-03-19,0.0012379999971017241,0.0012519999872893095,0.0013020000187680125,0.0012229999992996454,96765.0,-0.020616966369401017,0.0,0.5158671586715867
2025-03-20,0.0014149999478831887,0.0012379999971017241,0.001484000007621944,0.0012379999971017241,115576.0,-0.1570923415495051,-1.0,0.24206642066420664
2025-03-21,0.0013279999839141965,0.0014149999478831887,0.0014430000446736813,0.0012809999752789736,93566.0,-0.11219877842973502,-1.0,0.24206642066420664
2025-03-22,0.0013160000089555979,0.0013279999839141965,0.0013849999522790313,0.0013129999861121178,87425.0,-0.11369228680761918,-1.0,0.24206642066420664
2025-03-23,0.0013510000426322222,0.0013160000089555979,0.0013520000502467155,0.0012400000123307109,91262.0,-0.14891969695070978,-1.0,0.24206642066420664
2025-03-24,0.0013670000480487943,0.0013510000426322222,0.001420999993570149,0.0013289999915286899,95043.0,-0.17110811968312212,-1.0,0.24206642066420664
2025-03-25,0.001285000005736947,0.0013670000480487943,0.0013689999468624592,0.0012649999698624015,82703.0,-0.12610709848903565,-1.0,0.24206642066420664
2025-03-26,0.0013340000296011567,0.001285000005736947,0.0014009999576956034,0.0012740000383928418,85228.0,-0.16734491867307,-1.0,0.24206642066420664
2025-03-27,0.001323999953456223,0.0013340000296011567,0.0014280000468716025,0.0013150000013411045,99857.0,-0.165731519235537,-1.0,0.24206642066420664
2025-03-28,0.0012110000243410468,0.001323999953456223,0.0013330000219866633,0.0012039999710395932,127118.0,-0.08996895504504174,-1.0,0.24206642066420664
2025-03-29,0.0012280000373721123,0.0012110000243410468,0.0012570000253617764,0.0011579999700188637,108322.0,-0.10481622559038747,-1.0,0.24206642066420664
2025-03-30,0.0012570000253617764,0.0012280000373721123,0.0015369999455288053,0.0011729999678209424,147871.0,-0.12902983687989694,-1.0,0.24206642066420664
2025-03-31,0.0011749999830499291,0.0012570000253617764,0.0012730000307783484,0.0011729999678209424,96333.0,-0.06865247288580963,-1.0,0.24206642066420664
2025-04-01,0.0012420000275596976,0.0011749999830499291,0.0013070000568404794,0.0011630000080913305,120645.0,-0.12142476210972285,-1.0,0.24206642066420664
2025-04-02,0.0011889999732375145,0.0012420000275596976,0.001243000035174191,0.0011889999732375145,98032.0,-0.08214183980841064,-1.0,0.24206642066420664
2025-04-03,0.001129999989643693,0.0011889999732375145,0.0012069999938830733,0.0010809999657794833,117419.0,-0.034513267633097325,0.0,0.5158671586715867
2025-04-04,0.0011449999874457717,0.001129999989643693,0.0011790000135079026,0.001129999989643693,89531.0,-0.048450813194559676,0.0,0.5158671586715867
2025-04-05,0.001155999954789877,0.0011449999874457717,0.0011919999960809946,0.0011439999798312783,89056.0,-0.05882349527915616,-1.0,0.24206642066420664
2025-04-06,0.0010029999539256096,0.001155999954789877,0.001183000043965876,0.0009899999713525176,493952.0,0.08982580778408489,1.0,0.24206642066420664
2025-04-07,0.000999000039882958,0.0010029999539256096,0.0010989999864250422,0.0009299999801442027,625575.0,0.09933738603358577,1.0,0.24206642066420664
2025-04-08,0.0009950000094249845,0.000999000039882958,0.0010130000300705433,0.0009919999865815043,134567.0,0.10921271402388426,1.0,0.24206642066420664
2025-04-09,0.00101200002245605,0.0009950000094249845,0.0010219999821856618,0.0009869999485090375,219470.0,0.0949557393360429,1.0,0.24206642066420664
2025-04-10,0.0010000000474974513,0.00101200002245605,0.0010130000300705433,0.0009889999637380242,130291.0,0.11309517919463163,1.0,0.24206642066420664
2025-04-11,0.0010400000028312206,0.0010000000474974513,0.0011680000461637974,0.0009970000246539712,223200.0,0.07330585377387025,1.0,0.24206642066420664
2025-04-12,0.0010509999701753259,0.0010400000028312206,0.001075000036507845,0.0010400000028312206,170925.0,0.06451908109735444,1.0,0.24206642066420664
2025-04-13,0.0010029999539256096,0.0010509999701753259,0.001069999998435378,0.0009410000056959689,185168.0,0.12030580327227935,1.0,0.24206642066420664
2025-04-14,0.0010160000529140234,0.0010029999539256096,0.0010270000202581286,0.000999000039882958,177882.0,0.11004868676637986,1.0,0.24206642066420664
2025-04-15,0.0010720000136643648,0.0010160000529140234,0.0011309999972581863,0.0010049999691545963,258218.0,0.05357141693610205,1.0,0.24206642066420664
2025-04-16,0.0010779999429360032,0.0010720000136643648,0.00108299998100847,0.0010580000234767795,170620.0,0.050313693746611154,1.0,0.24206642066420664
2025-04-17,0.0011940000113099813,0.0010779999429360032,0.0013510000426322222,0.0010779999429360032,277254.0,-0.05368110824859608,0.0,0.5158671586715867
2025-04-18,0.0011579999700188637,0.0011940000113099813,0.0012029999634250998,0.0011390000581741333,261148.0,-0.025618853871164297,0.0,0.5158671586715867
2025-04-19,0.0011699999449774623,0.0011579999700188637,0.0011769999982789159,0.0011569999624043703,173825.0,-0.03642648384163076,0.0,0.5158671586715867
2025-04-20,0.0011630000080913305,0.0011699999449774623,0.0011729999678209424,0.0011569999624043703,170772.0,-0.03173238171637588,0.0,0.5158671586715867
2025-04-21,0.0011650000233203173,0.0011630000080913305,0.0011769999982789159,0.001151000033132732,194741.0,-0.031800544474425485,0.0,0.5158671586715867
2025-04-22,0.0011759999906644225,0.0011650000233203173,0.0011769999982789159,0.001155999954789877,233300.0,-0.03628116342520748,0.0,0.5158671586715867
2025-04-23,0.0011919999960809946,0.0011759999906644225,0.0012029999634250998,0.0011680000461637974,230558.0,-0.04582133962988057,0.0,0.5158671586715867
2025-04-24,0.0011230000527575612,0.0011919999960809946,0.001193000003695488,0.0010900000343099236,352737.0,0.01950553113933977,1.0,0.24206642066420664
2025-04-25,0.0011139999842271209,0.0011230000527575612,0.0011249999515712261,0.001108999946154654,110803.0,0.03505174124684431,1.0,0.24206642066420664
2025-04-26,0.0011239999439567327,0.0011139999842271209,0.0011259999591857195,0.0011119999689981341,115293.0,0.0323250850578106,1.0,0.24206642066420664
2025-04-27,0.0011099999537691474,0.0011239999439567327,0.0011259999591857195,0.001108999946154654,142750.0,0.05250969994126843,1.0,0.24206642066420664
2025-04-28,0.0011070000473409891,0.0011099999537691474,0.0011119999689981341,0.0010939999483525753,145195.0,0.0628037573678246,1.0,0.24206642066420664
2025-04-29,0.001108999946154654,0.0011070000473409891,0.0011119999689981341,0.0011050000321120024,106790.0,0.06870201888591626,1.0,0.24206642066420664
2025-04-30,0.0011050000321120024,0.001108999946154654,0.0011119999689981341,0.0010849999962374568,139729.0,0.08084461663911378,1.0,0.24206642066420664
2025-05-01,0.0011050000321120024,0.0011050000321120024,0.0011099999537691474,0.0011020000092685223,109063.0,0.08942035445863243,1.0,0.24206642066420664
2025-05-02,0.0011060000397264957,0.0011050000321120024,0.0011080000549554825,0.001104000024497509,103640.0,0.09657276633008778,1.0,0.24206642066420664
2025-05-03,0.0011050000321120024,0.0011060000397264957,0.0011080000549554825,0.0011030000168830156,100608.0,0.10575303483271747,1.0,0.24206642066420664
2025-05-04,0.0011050000321120024,0.0011050000321120024,0.001108999946154654,0.0010999999940395355,103032.0,0.1137685493298787,1.0,0.24206642066420664
2025-05-05,0.0011030000168830156,0.0011050000321120024,0.0011080000549554825,0.0011020000092685223,107403.0,0.12485427227438002,1.0,0.24206642066420664
2025-05-06,0.0011060000397264957,0.0011030000168830156,0.0011309999972581863,0.001101000001654029,122854.0,0.13093080808029173,1.0,0.24206642066420664
2025-05-07,0.0011370000429451466,0.0011060000397264957,0.00113800005055964,0.001104000024497509,198939.0,0.10771867830209414,1.0,0.24206642066420664
2025-05-08,0.0011449999874457717,0.0011360000353306532,0.0011699999449774623,0.0011289999820291996,285237.0,0.10684134532926788,1.0,0.24206642066420664
2025-05-09,0.0011249999515712261,0.0011449999874457717,0.0011470000026747584,0.001117000007070601,303412.0,0.13388364250386114,1.0,0.24206642066420664
2025-05-10,0.0011500000255182385,0.0011249999515712261,0.0011579999700188637,0.0011119999689981341,312454.0,0.11391301172577037,1.0,0.24206642066420664
2025-05-11,0.0011360000353306532,0.0011449999874457717,0.0011520000407472253,0.0011139999842271209,278585.0,0.13279673855185686,1.0,0.24206642066420664
2025-05-12,0.0012039999710395932,0.0011360000353306532,0.0012420000275596976,0.0011309999972581863,370230.0,0.07447399659707563,1.0,0.24206642066420664
2025-05-13,0.0012890000361949205,0.0012039999710395932,0.001297999988310039,0.0012029999634250998,267087.0,0.00905090933184143,1.0,0.24206642066420664
2025-05-14,0.001276999944821,0.0012890000361949205,0.0012959999730810523,0.0012639999622479081,350146.0,0.025879148431760052,1.0,0.24206642066420664
2025-05-15,0.0012809999752789736,0.0012750000460073352,0.0013549999566748738,0.001269000000320375,260374.0,0.027136554417817666,1.0,0.24206642066420664
2025-05-16,0.001285000005736947,0.0012809999752789736,0.0012919999426230788,0.0012760000536218286,228072.0,0.029497860706153907,1.0,0.24206642066420664
2025-05-17,0.001276999944821,0.001285000005736947,0.001285000005736947,0.0012760000536218286,212527.0,0.04221207075825757,1.0,0.24206642066420664
2025-05-18,0.001276999944821,0.0012779999524354935,0.0012799999676644802,0.0012669999850913882,320572.0,0.046090211411917936,1.0,0.24206642066420664
2025-05-19,0.0012799999676644802,0.001276999944821,0.001285000005736947,0.0012679999927058816,289446.0,0.04758187093944174,1.0,0.24206642066420664
2025-05-20,0.0012910000514239073,0.0012799999676644802,0.0012939999578520656,0.0012779999524354935,281755.0,0.04315587217865263,1.0,0.24206642066420664
2025-05-21,0.0012969999806955457,0.0012910000514239073,0.001306000049225986,0.001285000005736947,318991.0,0.04280942826065432,1.0,0.24206642066420664
2025-05-22,0.0013040000339969993,0.0012969999806955457,0.001306000049225986,0.0012890000361949205,231072.0,0.040352000744813175,1.0,0.24206642066420664
2025-05-23,0.001294999965466559,0.0013040000339969993,0.001307999948039651,0.0012789999600499868,260997.0,0.05034016112745684,1.0,0.24206642066420664
2025-05-24,0.001294999965466559,0.001294999965466559,0.0013040000339969993,0.001290000043809414,265289.0,0.05287739450045786,1.0,0.24206642066420664
2025-05-25,0.0012910000514239073,0.001294999965466559,0.001297999988310039,0.001276999944821,282398.0,0.058795278767385994,1.0,0.24206642066420664
2025-05-26,0.0013129999861121178,0.0012919999426230788,0.0013129999861121178,0.0012910000514239073,264716.0,0.04283176564244827,1.0,0.24206642066420664
2025-05-27,0.0013180000241845846,0.0013119999784976244,0.0013340000296011567,0.0012969999806955457,287916.0,0.03396197185360387,1.0,0.24206642066420664
2025-05-28,0.001319000031799078,0.0013180000241845846,0.001323999953456223,0.0013119999784976244,282834.0,0.029062393651607326,1.0,0.24206642066420664
2025-05-29,0.0013099999632686377,0.001319000031799078,0.0013249999610707164,0.0013099999632686377,263535.0,0.03220649646263719,1.0,0.24206642066420664
2025-05-30,0.0012989999959245324,0.0013099999632686377,0.0013139999937266111,0.0012880000285804272,276583.0,0.037721325514699505,1.0,0.24206642066420664
2025-05-31,0.0012629999546334147,0.0012989999959245324,0.0013000000035390258,0.0012509999796748161,284100.0,0.06575428881711429,1.0,0.24206642066420664
2025-06-01,0.001259000040590763,0.0012639999622479081,0.0012679999927058816,0.0012440000427886844,261409.0,0.06637917424143394,1.0,0.24206642066420664
2025-06-02,0.0013470000121742487,0.001259000040590763,0.0014120000414550304,0.001256000017747283,486736.0,-0.008484473854070453,1.0,0.24206642066420664
2025-06-03,0.0014359999913722277,0.001348000019788742,0.001474000047892332,0.0013470000121742487,394222.0,-0.0759052879896038,-1.0,0.24206642066420664
2025-06-04,0.001474000047892332,0.0014349999837577343,0.001554999966174364,0.0014130000490695238,430518.0,-0.10389613569291847,-1.0,0.24206642066420664
2025-06-05,0.0014009999576956034,0.001474000047892332,0.0015640000347048044,0.0013879999751225114,374211.0,-0.062302410793972286,-1.0,0.24206642066420664
2025-06-06,0.0014349999837577343,0.0014009999576956034,0.0014440000522881746,0.0013960000360384583,244897.0,-0.08976272737610454,-1.0,0.24206642066420664
2025-06-07,0.0014449999434873462,0.0014349999837577343,0.0015040000434964895,0.001433999976143241,295216.0,-0.10140052682490903,-1.0,0.24206642066420664
2025-06-08,0.0013810000382363796,0.0014449999434873462,0.0014590000500902534,0.0012939999578520656,422690.0,-0.06354956131002056,-1.0,0.24206642066420664
2025-06-09,0.0013859999598935246,0.0013810000382363796,0.0013909999979659915,0.0013810000382363796,264656.0,-0.07101626015235848,-1.0,0.24206642066420664
2025-06-10,0.0014130000490695238,0.0013859999598935246,0.0014270000392571092,0.0013790000230073929,334259.0,-0.09328349252764154,-1.0,0.24206642066420664
2025-06-11,0.0014189999783411622,0.0014130000490695238,0.0014270000392571092,0.0014059999957680702,267349.0,-0.09651329601175024,-1.0,0.24206642066420664
2025-06-12,0.0013899999903514981,0.0014189999783411622,0.0014189999783411622,0.001382000045850873,274571.0,-0.07632750488195572,-1.0,0.24206642066420664
2025-06-13,0.0013699999544769526,0.0013899999903514981,0.0013930000131949782,0.001322000054642558,306356.0,-0.06531105733966662,-1.0,0.24206642066420664
2025-06-14,0.0013640000252053142,0.0013699999544769526,0.001373999984934926,0.0013439999893307686,280598.0,-0.06273566873015299,-1.0,0.24206642066420664
2025-06-15,0.0013630000175908208,0.0013640000252053142,0.0013670000480487943,0.001361000002361834,265341.0,-0.06393461226033703,-1.0,0.24206642066420664
2025-06-16,0.0013620000099763274,0.0013630000175908208,0.0013670000480487943,0.0013589999871328473,267057.0,-0.06544997800087445,-1.0,0.24206642066420664
2025-06-17,0.0011820000363513827,0.0013620000099763274,0.0013630000175908208,0.0011810000287368894,272851.0,0.08121823813909435,1.0,0.24206642066420664
2025-06-18,0.0012049999786540866,0.0011820000363513827,0.0012339999666437507,0.0011820000363513827,288535.0,0.06488837877462081,1.0,0.24206642066420664
2025-06-19,0.0012019999558106065,0.0012049999786540866,0.0012110000243410468,0.0011919999960809946,292426.0,0.07622220838324004,1.0,0.24206642066420664
2025-06-20,0.0012110000243410468,0.0012019999558106065,0.0012250000145286322,0.0012019999558106065,309397.0,0.07522312901902306,1.0,0.24206642066420664
2025-06-21,0.001221999991685152,0.0012120000319555402,0.0012250000145286322,0.0012080000014975667,266543.0,0.07138960754399598,1.0,0.24206642066420664
2025-06-22,0.0011859999503940344,0.001221999991685152,0.0012290000449866056,0.0011759999906644225,225667.0,0.11543407908039947,1.0,0.24206642066420664
2025-06-23,0.0012000000569969416,0.0011859999503940344,0.0012080000014975667,0.0011859999503940344,223051.0,0.11210312205459434,1.0,0.24206642066420664
2025-06-24,0.001256000017747283,0.0012000000569969416,0.001319000031799078,0.0011980000417679548,341610.0,0.07230056084060332,1.0,0.24206642066420664
2025-06-25,0.001344999996945262,0.001256000017747283,0.0014979999978095293,0.0012550000101327896,381426.0,0.013559922352196042,1.0,0.24206642066420664
2025-06-26,0.0012509999796748161,0.001344999996945262,0.0014029999729245901,0.0012499999720603228,347280.0,0.1090556294641384,1.0,0.24206642066420664
2025-06-27,0.001276999944821,0.0012509999796748161,0.0013229999458417296,0.001246000058017671,277864.0,0.09956376007588179,1.0,0.24206642066420664
2025-06-28,0.0012829999905079603,0.001276999944821,0.0012959999730810523,0.0012710000155493617,203141.0,0.10737483875097313,1.0,0.24206642066420664
2025-06-29,0.0012710000155493617,0.0012829999905079603,0.0012870000209659338,0.001247999956831336,229333.0,0.1333033491153707,1.0,0.24206642066420664
2025-06-30,0.0012669999850913882,0.0012710000155493617,0.0012789999600499868,0.0012649999698624015,190382.0,0.14751758860431416,1.0,0.24206642066420664
2025-07-01,0.0012789999600499868,0.0012669999850913882,0.0012959999730810523,0.0012629999546334147,210598.0,0.14170301053525108,1.0,0.24206642066420664
2025-07-02,0.001436999998986721,0.0012789999600499868,0.0014649999793618917,0.001272000023163855,334403.0,0.011068039075118944,1.0,0.24206642066420664
2025-07-03,0.001429000054486096,0.001436999998986721,0.0015150000108405948,0.001429000054486096,263239.0,0.010296876438813354,1.0,0.24206642066420664
2025-07-04,0.0012989999959245324,0.001429000054486096,0.0014359999913722277,0.0012919999426230788,281648.0,0.10836174955001035,1.0,0.24206642066420664
2025-07-05,0.0013200000394135714,0.0012989999959245324,0.0013909999979659915,0.0012799999676644802,309850.0,0.08697687871666507,1.0,0.24206642066420664
2025-07-06,0.0013089999556541443,0.0013200000394135714,0.0014179999707266688,0.0012910000514239073,353948.0,0.09851216987156293,1.0,0.24206642066420664
2025-07-07,0.0012989999959245324,0.0013089999556541443,0.0013150000013411045,0.0012809999752789736,318061.0,0.1048792162759537,1.0,0.24206642066420664
2025-07-08,0.001290000043809414,0.0012989999959245324,0.0013119999784976244,0.0012710000155493617,344608.0,0.10911771903191819,1.0,0.24206642066420664
2025-07-09,0.0013139999937266111,0.001290000043809414,0.0013259999686852098,0.0012649999698624015,323334.0,0.08248170719724712,1.0,0.24206642066420664
2025-07-10,0.001420999993570149,0.0013139999937266111,0.001424000016413629,0.0012789999600499868,438928.0,-0.008746348201221348,1.0,0.24206642066420664
2025-07-11,0.0013889999827370048,0.001420999993570149,0.0015650000423192978,0.001357999979518354,382856.0,0.005519576586186514,1.0,0.24206642066420664
2025-07-12,0.0013719999697059393,0.0013889999827370048,0.00139999995008111,0.0013539999490603805,315383.0,0.011523003925885804,1.0,0.24206642066420664
2025-07-13,0.0014730000402778387,0.0013719999697059393,0.0015140000032261014,0.0013510000426322222,321782.0,-0.06588435256406913,-1.0,0.24206642066420664
2025-07-14,0.0014440000522881746,0.001474000047892332,0.0015300000086426735,0.0014319999609142542,313980.0,-0.05029023094205353,0.0,0.5158671586715867
2025-07-15,0.0015140000032261014,0.0014440000522881746,0.00152299995534122,0.0014120000414550304,321265.0,-0.10228344841603379,-1.0,0.24206642066420664
2025-07-16,0.0016899999463930726,0.0015140000032261014,0.001699000014923513,0.0014979999978095293,399649.0,-0.20890388692665046,-1.0,0.24206642066420664
2025-07-17,0.0017590000061318278,0.0016899999463930726,0.0018489999929443002,0.0016639999812468886,343547.0,-0.2540133716417553,-1.0,0.24206642066420664
2025-07-18,0.0016280000563710928,0.0017590000061318278,0.0018050000071525574,0.001623000018298626,317567.0,-0.20551073093639413,-1.0,0.24206642066420664
2025-07-19,0.0016319999704137444,0.0016280000563710928,0.0016530000139027834,0.0015330000314861536,312932.0,-0.22026725639017528,-1.0,0.24206642066420664
2025-07-20,0.0016840000171214342,0.0016319999704137444,0.0016850000247359276,0.0015640000347048044,319630.0,-0.2581721570066212,-1.0,0.24206642066420664
2025-07-21,0.001550000044517219,0.0016840000171214342,0.0017049999441951513,0.00152299995534122,335809.0,-0.20534564192674482,-1.0,0.24206642066420664
2025-07-22,0.0014120000414550304,0.001550000044517219,0.0015699999639764428,0.0013210000470280647,391434.0,-0.13317822519389874,-1.0,0.24206642066420664
2025-07-23,0.0012829999905079603,0.0014120000414550304,0.0014799999771639705,0.0012799999676644802,307741.0,-0.045948846580937314,0.0,0.5158671586715867
2025-07-24,0.0012359999818727374,0.0012829999905079603,0.0012919999426230788,0.001193000003695488,315315.0,-0.011866218054144588,1.0,0.24206642066420664
2025-07-25,0.0012159999459981918,0.0012359999818727374,0.0012550000101327896,0.0012130000395700336,340177.0,0.00348532517696624,1.0,0.24206642066420664
2025-07-26,0.0012159999459981918,0.0012159999459981918,0.0013089999556541443,0.0011569999624043703,335559.0,-0.0023495736726300434,1.0,0.24206642066420664
2025-07-27,0.0013749999925494194,0.0012159999459981918,0.0013790000230073929,0.0012080000014975667,354741.0,-0.12751513943471382,-1.0,0.24206642066420664
2025-07-28,0.0012420000275596976,0.001373999984934926,0.0014199999859556556,0.0011970000341534615,285323.0,-0.04305652852865592,0.0,0.5158671586715867
2025-07-29,0.001196000026538968,0.0012420000275596976,0.0012509999796748161,0.0011909999884665012,259810.0,-0.01516962851322834,1.0,0.24206642066420664
2025-07-30,0.00113800005055964,0.001196000026538968,0.001196000026538968,0.0010930000571534038,259037.0,0.029793248190274756,1.0,0.24206642066420664
2025-07-31,0.0011309999972581863,0.00113800005055964,0.001183000043965876,0.0011159999994561076,263728.0,0.030356624769502464,1.0,0.24206642066420664
2025-08-01,0.0011390000581741333,0.0011309999972581863,0.0011859999503940344,0.0010949999559670687,278349.0,0.019147910265503422,1.0,0.24206642066420664
2025-08-02,0.0011859999503940344,0.0011390000581741333,0.00120599998626858,0.001025000005029142,279335.0,-0.028466989916682697,0.0,0.5158671586715867
2025-08-03,0.0012240000069141388,0.0011859999503940344,0.0012890000361949205,0.0011859999503940344,275573.0,-0.06559290245171463,-1.0,0.24206642066420664
2025-08-04,0.001348000019788742,0.0012240000069141388,0.0013719999697059393,0.0012169999536126852,293579.0,-0.1647590847706192,-1.0,0.24206642066420664
2025-08-05,0.0012570000253617764,0.001348000019788742,0.0013569999719038606,0.0012570000253617764,272438.0,-0.11440695345170696,-1.0,0.24206642066420664
2025-08-06,0.0012240000069141388,0.0012600000482052565,0.0012639999622479081,0.0012049999786540866,248336.0,-0.09978991436788982,-1.0,0.24206642066420664
2025-08-07,0.0012390000047162175,0.0012240000069141388,0.0012540000025182962,0.0012069999938830733,204975.0,-0.11987393337912539,-1.0,0.24206642066420664
2025-08-08,0.0012339999666437507,0.0012379999971017241,0.001243000035174191,0.0011759999906644225,190517.0,-0.1258778684283018,-1.0,0.24206642066420664
2025-08-09,0.001193000003695488,0.0012339999666437507,0.0012379999971017241,0.001183000043965876,182567.0,-0.10453837043047676,-1.0,0.24206642066420664
2025-08-10,0.0011950000189244747,0.001193000003695488,0.001214000047184527,0.0011790000135079026,211068.0,-0.11492329494536416,-1.0,0.24206642066420664
2025-08-11,0.0011820000363513827,0.0011950000189244747,0.0012339999666437507,0.0011769999982789159,202240.0,-0.1170332944855482,-1.0,0.24206642066420664
2025-08-12,0.0012489999644458294,0.0011820000363513827,0.0012489999644458294,0.0011739999754354358,174522.0,-0.17781841062762335,-1.0,0.24206642066420664
2025-08-13,0.001285000005736947,0.0012489999644458294,0.0013000000035390258,0.0012450000504031777,113640.0,-0.2150083305224976,-1.0,0.24206642066420664
2025-08-14,0.0011790000135079026,0.001285000005736947,0.0012880000285804272,0.0011769999982789159,147500.0,-0.156791467567152,-1.0,0.24206642066420664
2025-08-15,0.001193000003695488,0.0011790000135079026,0.0012120000319555402,0.0011790000135079026,139896.0,-0.178940637024193,-1.0,0.24206642066420664
2025-08-16,0.001066999975591898,0.001193000003695488,0.0012049999786540866,0.0010519999777898192,189603.0,-0.09046276793007453,-1.0,0.24206642066420664
2025-08-17,0.0010920000495389104,0.0010659999679774046,0.0010999999940395355,0.0010590000310912728,222458.0,-0.11930929206780949,-1.0,0.24206642066420664
2025-08-18,0.0010079999919980764,0.0010920000495389104,0.0010939999483525753,0.0009820000268518925,275028.0,-0.05116211177967428,0.0,0.5158671586715867
2025-08-19,0.0009720000089146197,0.0010079999919980764,0.00101200002245605,0.0009619999909773469,291023.0,-0.020233193198932766,0.0,0.5158671586715867
2025-08-20,0.0010130000300705433,0.0009720000089146197,0.001016999944113195,0.0009699999936856329,300539.0,-0.06595216457191329,-1.0,0.24206642066420664
2025-08-21,0.0009929999941959977,0.0010130000300705433,0.001016999944113195,0.000990999978967011,256701.0,-0.052222686606942764,0.0,0.5158671586715867
2025-08-22,0.001044000033289194,0.0009929999941959977,0.001069999998435378,0.0009820000268518925,220277.0,-0.10527278077963345,-1.0,0.24206642066420664
2025-08-23,0.0010059999767690897,0.001044000033289194,0.0010450000409036875,0.000994000001810491,211209.0,-0.0772980865025926,-1.0,0.24206642066420664
2025-08-24,0.0010450000409036875,0.0010059999767690897,0.0010479999473318458,0.0009919999865815043,221318.0,-0.12007293853299894,-1.0,0.24206642066420664
2025-08-25,0.0009740000241436064,0.0010450000409036875,0.0010470000561326742,0.0009740000241436064,199717.0,-0.061161648387529306,-1.0,0.24206642066420664
2025-08-26,0.0009899999713525176,0.0009740000241436064,0.000999000039882958,0.0009609999833628535,202151.0,-0.08234724821245222,-1.0,0.24206642066420664
2025-08-27,0.000986000057309866,0.0009899999713525176,0.000999000039882958,0.0009830000344663858,181752.0,-0.08181208269753568,-1.0,0.24206642066420664
2025-08-28,0.0010000000474974513,0.000986000057309866,0.001019999966956675,0.0009790000040084124,183458.0,-0.0985714676537133,-1.0,0.24206642066420664
2025-08-29,0.000986000057309866,0.000999000039882958,0.0010000000474974513,0.0009749999735504389,184286.0,-0.0911330554298597,-1.0,0.24206642066420664
2025-08-30,0.0009749999735504389,0.000986000057309866,0.0009919999865815043,0.0009720000089146197,173929.0,-0.08527469746713116,-1.0,0.24206642066420664
2025-08-31,0.0009720000089146197,0.0009749999735504389,0.0009919999865815043,0.0009710000013001263,173925.0,-0.08735058369191483,-1.0,0.24206642066420664
2025-09-01,0.0008880000095814466,0.0009720000089146197,0.0009740000241436064,0.0008759999764151871,192420.0,-0.005255264000768309,1.0,0.24206642066420664
2025-09-02,0.0008970000199042261,0.0008880000095814466,0.0009190000128000975,0.0008859999943524599,183697.0,-0.02054469273686914,0.0,0.5158671586715867
2025-09-03,0.0009030000073835254,0.0008970000199042261,0.0009510000236332417,0.0008970000199042261,187744.0,-0.03327533317370505,0.0,0.5158671586715867
2025-09-04,0.0008730000117793679,0.0009030000073835254,0.0009040000149980187,0.0008549999911338091,190373.0,-0.006163763532233214,1.0,0.24206642066420664
2025-09-05,0.0008859999943524599,0.0008730000117793679,0.000893999997060746,0.0008679999737069011,177373.0,-0.02655057094501549,0.0,0.5158671586715867
2025-09-06,0.0008769999840296805,0.0008859999943524599,0.0008929999894462526,0.0008670000243000686,181612.0,-0.021447559161710452,0.0,0.5158671586715867
2025-09-07,0.0009079999872483313,0.0008769999840296805,0.000914999982342124,0.0008609999786131084,189443.0,-0.06067756166468795,-1.0,0.24206642066420664
2025-09-08,0.0008970000199042261,0.0009079999872483313,0.00092299998505041,0.0008870000019669533,183180.0,-0.05436112121641446,0.0,0.5158671586715867
2025-09-09,0.0008859999943524599,0.0008970000199042261,0.0009270000155083835,0.0008679999737069011,192921.0,-0.048156503363737085,0.0,0.5158671586715867
2025-09-10,0.0008839999791234732,0.0008859999943524599,0.0008929999894462526,0.0008679999737069011,175234.0,-0.05160523463099796,0.0,0.5158671586715867
2025-09-11,0.0008870000019669533,0.0008839999791234732,0.00088900001719594,0.0008660000166855752,169101.0,-0.060288830743934596,-1.0,0.24206642066420664
2025-09-12,0.0008960000122897327,0.0008870000019669533,0.0008999999845400453,0.0008640000014565885,175398.0,-0.07546770076089099,-1.0,0.24206642066420664
2025-09-13,0.0008829999715089798,0.0008960000122897327,0.0009059999720193446,0.0008820000221021473,181930.0,-0.0668176349247534,-1.0,0.24206642066420664
2025-09-14,0.0008619999862276018,0.0008829999715089798,0.0008909999742172658,0.0008619999862276018,182689.0,-0.05076785317850121,0.0,0.5158671586715867
2025-09-15,0.0008670000243000686,0.0008629999938420951,0.0008829999715089798,0.000838999985717237,198908.0,-0.06332731815823496,-1.0,0.24206642066420664
2025-09-16,0.0008650000090710819,0.0008670000243000686,0.0008769999840296805,0.0008490000036545098,175496.0,-0.06908891668565023,-1.0,0.24206642066420664
2025-09-17,0.0009200000204145908,0.0008650000090710819,0.0009710000013001263,0.0008580000139772892,160850.0,-0.13654246441589818,-1.0,0.24206642066420664
2025-09-18,0.0009180000051856041,0.0009200000204145908,0.0009379999828524888,0.0009059999720193446,137312.0,-0.14840751715190564,-1.0,0.24206642066420664
2025-09-19,0.0008750000270083547,0.0009180000051856041,0.0009309999877586961,0.0008740000193938613,134939.0,-0.12533336199525985,-1.0,0.24206642066420664
2025-09-20,0.0008849999867379665,0.0008750000270083547,0.0008950000046752393,0.0008699999889358878,141332.0,-0.1537261121832053,-1.0,0.24206642066420664
2025-09-21,0.0008720000041648746,0.0008849999867379665,0.0009040000149980187,0.0008670000243000686,146784.0,-0.15836610549866398,-1.0,0.24206642066420664
2025-09-22,0.0008089999901130795,0.0008720000041648746,0.0008730000117793679,0.0007880000048317015,163101.0,-0.10742243996115595,-1.0,0.24206642066420664
2025-09-23,0.0007970000151544809,0.0008089999901130795,0.0008329999982379377,0.0007849999819882214,181026.0,-0.10957760109432767,-1.0,0.24206642066420664
2025-09-24,0.0007849999819882214,0.0007970000151544809,0.0008140000281855464,0.0007820000173524022,175404.0,-0.11161660149191624,-1.0,0.24206642066420664
2025-09-25,0.0007609999738633633,0.0007849999819882214,0.0008229999803006649,0.0007459999760612845,161256.0,-0.09861707538418661,-1.0,0.24206642066420664
2025-09-26,0.0007779999868944287,0.0007609999738633633,0.0007779999868944287,0.0007520000217482448,119091.0,-0.13245193722673118,-1.0,0.24206642066420664
2025-09-27,0.0007869999972172081,0.0007779999868944287,0.0008120000129565597,0.000775999971665442,174148.0,-0.15302232353438155,-1.0,0.24206642066420664
2025-09-28,0.0007970000151544809,0.0007869999972172081,0.0008040000102482736,0.0007769999792799354,203415.0,-0.17028142946188024,-1.0,0.24206642066420664
2025-09-29,0.0007989999721758068,0.0007970000151544809,0.0008239999879151583,0.0007849999819882214,244177.0,-0.181000032210391,-1.0,0.24206642066420664
2025-09-30,0.0007830000249668956,0.0007989999721758068,0.0008079999824985862,0.0007769999792799354,232601.0,-0.16931219999187366,-1.0,0.24206642066420664
2025-10-01,0.0007800000021234155,0.0007830000249668956,0.0008079999824985862,0.0007719999994151294,153984.0,-0.17100122911978735,-1.0,0.24206642066420664
2025-10-02,0.0007849999819882214,0.0007800000021234155,0.0007960000075399876,0.000770999991800636,138606.0,-0.1808917065705173,-1.0,0.24206642066420664
2025-10-03,0.0007880000048317015,0.0007849999819882214,0.0007949999999254942,0.0007650000043213367,160970.0,-0.18564178186114996,-1.0,0.24206642066420664
2025-10-04,0.0007910000276751816,0.0007880000048317015,0.0008030000026337802,0.0007750000222586095,191129.0,-0.1925230634488677,-1.0,0.24206642066420664
2025-10-05,0.0007409999961964786,0.0007910000276751816,0.0007999999797903001,0.0007329999934881926,191600.0,-0.13842298414770213,-1.0,0.24206642066420664
2025-10-06,0.0007379999733529985,0.0007409999961964786,0.0007600000244565308,0.0007159999804571271,273694.0,-0.1362110994606897,-1.0,0.24206642066420664
2025-10-07,0.0007210000185295939,0.0007379999733529985,0.0007430000114254653,0.0007099999929778278,211302.0,-0.11432537130516393,-1.0,0.24206642066420664
2025-10-08,0.000691999972332269,0.0007210000185295939,0.0007210000185295939,0.0006779999821446836,202327.0,-0.07252955624078937,-1.0,0.24206642066420664
2025-10-09,0.000653000024612993,0.000691999972332269,0.0006949999951757491,0.0006479999865405262,163683.0,-0.01123026214181815,1.0,0.24206642066420664
2025-10-10,0.0005300000193528831,0.000653000024612993,0.000699999975040555,0.0005179999861866236,156257.0,0.23378251603112404,1.0,0.24206642066420664
2025-10-11,0.0005409999866969883,0.0005300000193528831,0.0005540000274777412,0.0005130000063218176,160325.0,0.22216356369513962,1.0,0.24206642066420664
2025-10-12,0.0005559999844990671,0.0005409999866969883,0.0005590000073425472,0.0005280000041238964,120930.0,0.20066806503646425,1.0,0.24206642066420664
2025-10-13,0.0005610000225715339,0.0005559999844990671,0.0005629999795928597,0.0005380000220611691,122221.0,0.19921902427274182,1.0,0.24206642066420664
2025-10-14,0.0005360000068321824,0.0005610000225715339,0.0005619999719783664,0.0005329999839887023,133217.0,0.2654583974763029,1.0,0.24206642066420664
2025-10-15,0.000526999996509403,0.0005360000068321824,0.0005530000198632479,0.0005249999812804163,134799.0,0.29791271176587003,1.0,0.24206642066420664
2025-10-16,0.0005210000090301037,0.000526999996509403,0.0005370000144466758,0.0005200000014156103,148518.0,0.321634184228132,1.0,0.24206642066420664
2025-10-17,0.0005469999741762877,0.0005210000090301037,0.0005530000198632479,0.0004970000009052455,295234.0,0.2661269736411255,1.0,0.24206642066420664
2025-10-18,0.000610999995842576,0.0005469999741762877,0.0006419999990612268,0.0005419999943114817,336828.0,0.1343620905764015,1.0,0.24206642066420664
2025-10-19,0.0006859999848529696,0.000610999995842576,0.000754999986384064,0.000598000013269484,324391.0,0.005761503983200517,1.0,0.24206642066420664
2025-10-20,0.0006539999740198255,0.0006849999772384763,0.0007280000136233866,0.0006539999740198255,279796.0,0.05278873490912081,1.0,0.24206642066420664
2025-10-21,0.000699999975040555,0.0006539999740198255,0.0007229999755509198,0.0006399999838322401,207153.0,-0.0219727592255305,0.0,0.5158671586715867
2025-10-22,0.000699999975040555,0.000699999975040555,0.0007619999814778566,0.000686999992467463,207178.0,-0.028163235257618494,0.0,0.5158671586715867
2025-10-23,0.0007089999853633344,0.0006990000256337225,0.0007210000185295939,0.0006949999951757491,176636.0,-0.04768619617197186,0.0,0.5158671586715867
2025-10-24,0.0007609999738633633,0.0007089999853633344,0.0008089999901130795,0.0007070000283420086,217806.0,-0.12314620922822928,-1.0,0.24206642066420664
2025-10-25,0.0007280000136233866,0.0007609999738633633,0.0007670000195503235,0.0007140000234358013,179781.0,-0.09072477426779775,-1.0,0.24206642066420664
2025-10-26,0.0007350000087171793,0.0007280000136233866,0.0007520000217482448,0.0007110000005923212,220046.0,-0.10890834242820954,-1.0,0.24206642066420664
2025-10-27,0.0007179999956861138,0.0007350000087171793,0.0007450000266544521,0.0007169999880716205,201838.0,-0.09643188889466152,-1.0,0.24206642066420664
2025-10-28,0.0007440000190399587,0.0007179999956861138,0.0007719999994151294,0.0007019999902695417,179838.0,-0.13652076747693082,-1.0,0.24206642066420664
2025-10-29,0.0007600000244565308,0.0007440000190399587,0.000770999991800636,0.0007430000114254653,156825.0,-0.16409778141252274,-1.0,0.24206642066420664
2025-10-30,0.0007340000011026859,0.0007600000244565308,0.0007740000146441162,0.0007249999907799065,132589.0,-0.14272740102484754,-1.0,0.24206642066420664
2025-10-31,0.0007029999978840351,0.0007340000011026859,0.0007409999961964786,0.0006990000256337225,113344.0,-0.11393349071126695,-1.0,0.24206642066420664
2025-11-01,0.0006939999875612557,0.0007029999978840351,0.0007220000261440873,0.0006830000202171504,115062.0,-0.11204884663658583,-1.0,0.24206642066420664
2025-11-02,0.0006900000153109431,0.0006939999875612557,0.0008110000053420663,0.0006830000202171504,131799.0,-0.11614909853849766,-1.0,0.24206642066420664
2025-11-03,0.0006699999794363976,0.0006900000153109431,0.0006929999799467623,0.0006569999968633056,123024.0,-0.09971568762950067,-1.0,0.24206642066420664
2025-11-04,0.0006520000169984996,0.0006699999794363976,0.0007529999711550772,0.0006440000142902136,151778.0,-0.0839906851590343,-1.0,0.24206642066420664
2025-11-05,0.0006469999789260328,0.0006520000169984996,0.0007360000163316727,0.0006329999887384474,140515.0,-0.08809889776226942,-1.0,0.24206642066420664
2025-11-06,0.0006169999833218753,0.0006469999789260328,0.0007580000092275441,0.0006050000083632767,145536.0,-0.05603147219173063,0.0,0.5158671586715867
2025-11-07,0.0006309999735094607,0.0006169999833218753,0.0006399999838322401,0.0006070000235922635,116364.0,-0.08678587337831466,-1.0,0.24206642066420664
2025-11-08,0.0006220000213943422,0.0006309999735094607,0.0006399999838322401,0.0006210000137798488,105436.0,-0.08597462394730734,-1.0,0.24206642066420664
2025-11-09,0.0006200000061653554,0.0006220000213943422,0.0006339999963529408,0.000615999975707382,105247.0,-0.09877114151288569,-1.0,0.24206642066420664
2025-11-10,0.000623999978415668,0.0006200000061653554,0.0006300000241026282,0.000615999975707382,100330.0,-0.12286322596658057,-1.0,0.24206642066420664
2025-11-11,0.0006179999909363687,0.000623999978415668,0.0006259999936446548,0.0006099999882280827,105502.0,-0.13099090237748517,-1.0,0.24206642066420664
2025-11-12,0.0006089999806135893,0.0006179999909363687,0.0006210000137798488,0.0006079999729990959,78994.0,-0.13581982322966826,-1.0,0.24206642066420664
2025-11-13,0.0006019999855197966,0.0006089999806135893,0.000623999978415668,0.0005789999850094318,85691.0,-0.14317353248881023,-1.0,0.24206642066420664
2025-11-14,0.0005949999904260039,0.0006019999855197966,0.000610999995842576,0.0005830000154674053,84794.0,-0.1500600137531265,-1.0,0.24206642066420664
2025-11-15,0.000615999975707382,0.0005949999904260039,0.0006169999833218753,0.0005949999904260039,81679.0,-0.19743348886919504,-1.0,0.24206642066420664
2025-11-16,0.0005879999953322113,0.000615999975707382,0.0006169999833218753,0.0005859999801032245,80729.0,-0.17654680437369955,-1.0,0.24206642066420664
2025-11-17,0.0005879999953322113,0.0005879999953322113,0.0006200000061653554,0.0005799999926239252,85014.0,-0.1945254247298455,-1.0,0.24206642066420664
2025-11-18,0.000610999995842576,0.0005879999953322113,0.0006389999762177467,0.0005869999877177179,86283.0,-0.24433013329558972,-1.0,0.24206642066420664
2025-11-19,0.0006099999882280827,0.000610999995842576,0.0006259999936446548,0.0006040000007487833,79752.0,-0.2630757083113635,-1.0,0.24206642066420664
2025-11-20,0.0006070000235922635,0.0006099999882280827,0.0006380000268109143,0.0005859999801032245,79716.0,-0.2796736782853345,-1.0,0.24206642066420664
2025-11-21,0.0005699999746866524,0.0006070000235922635,0.000615999975707382,0.0005610000225715339,96146.0,-0.2498746529331593,-1.0,0.24206642066420664
2025-11-22,0.0005540000274777412,0.0005699999746866524,0.0006699999794363976,0.0005510000046342611,94697.0,-0.24282279913813037,-1.0,0.24206642066420664
2025-11-23,0.0005559999844990671,0.0005540000274777412,0.0005579999997280538,0.0005430000019259751,79615.0,-0.26139086591460636,-1.0,0.24206642066420664
2025-11-24,0.0005300000193528831,0.0005559999844990671,0.0006510000093840063,0.0005290000117383897,93329.0,-0.23890389309400437,-1.0,0.24206642066420664
2025-11-25,0.000526999996509403,0.0005300000193528831,0.0005830000154674053,0.0004980000085197389,85973.0,-0.24857684582334727,-1.0,0.24206642066420664
2025-11-26,0.0004949999856762588,0.000526999996509403,0.0005280000041238964,0.0004879999905824661,80495.0,-0.21192878831440998,-1.0,0.24206642066420664
2025-11-27,0.0004579999949783087,0.0004959999932907522,0.0005660000024363399,0.00045399999362416565,120406.0,-0.15772508808311603,-1.0,0.24206642066420664
2025-11-28,0.0005009999731555581,0.0004579999949783087,0.0005009999731555581,0.00044800000614486635,93699.0,-0.24218225871340957,-1.0,0.24206642066420664
2025-11-29,0.0004600000102072954,0.0005029999883845448,0.0005080000264570117,0.0004309999931138009,130791.0,-0.18385094765805765,-1.0,0.24206642066420664
2025-11-30,0.0004149999876972288,0.0004600000102072954,0.0004619999963324517,0.0004149999876972288,81183.0,-0.10063106690694976,-1.0,0.24206642066420664
2025-12-01,0.00038400001358240843,0.0004149999876972288,0.00041700000292621553,0.0003819999983534217,101070.0,-0.029761939048410162,0.0,0.5158671586715867
2025-12-02,0.0004020000051241368,0.00038400001358240843,0.0004140000091865659,0.0003800000122282654,88110.0,-0.07687752929374447,-1.0,0.24206642066420664
2025-12-03,0.00038300000596791506,0.0004020000051241368,0.0004030000127386302,0.0003659999929368496,85399.0,-0.03269925846929413,0.0,0.5158671586715867
2025-12-04,0.0003819999983534217,0.00038300000596791506,0.0003870000073220581,0.00037200000951997936,125550.0,-0.03191223776530762,0.0,0.5158671586715867
2025-12-05,0.00038300000596791506,0.0003819999983534217,0.000391999987186864,0.000375000003259629,120896.0,-0.03655354203706836,0.0,0.5158671586715867
2025-12-06,0.00037799999699927866,0.00038300000596791506,0.0003859999997075647,0.00037200000951997936,135712.0,-0.02519525735443591,0.0,0.5158671586715867
2025-12-07,0.00037399999564513564,0.00037799999699927866,0.00038400001358240843,0.00036700000055134296,85121.0,-0.01617009431901597,1.0,0.24206642066420664
2025-12-08,0.0003659999929368496,0.00037399999564513564,0.000375000003259629,0.00035099999513477087,118070.0,0.005074180613937385,1.0,0.24206642066420664
2025-12-09,0.00036100001307204366,0.0003659999929368496,0.00037299998803064227,0.0003549999964889139,138270.0,0.018203364599238263,1.0,0.24206642066420664
2025-12-10,0.0003539999888744205,0.00036100001307204366,0.00036299999919719994,0.0003499999875202775,137088.0,0.03685771217882242,1.0,0.24206642066420664
2025-12-11,0.0003490000090096146,0.0003539999888744205,0.00036299999919719994,0.0003480000013951212,135889.0,0.051985233616647565,1.0,0.24206642066420664
2025-12-12,0.00036700000055134296,0.0003490000090096146,0.00037799999699927866,0.0003389999910723418,179202.0,-0.0011677746740741402,1.0,0.24206642066420664
2025-12-13,0.00038400001358240843,0.00036700000055134296,0.00044299999717622995,0.00036100001307204366,267568.0,-0.04947920602847714,0.0,0.5158671586715867
2025-12-14,0.000371000001905486,0.00038400001358240843,0.00038400001358240843,0.0003499999875202775,248667.0,-0.018226170067834564,0.0,0.5158671586715867
2025-12-15,0.0003769999893847853,0.000371000001905486,0.0003800000122282654,0.00035799999022856355,198718.0,-0.03700894577221744,0.0,0.5158671586715867
2025-12-16,0.00037200000951997936,0.0003769999893847853,0.0003819999983534217,0.0003589999978430569,82445.0,-0.026497725566629934,0.0,0.5158671586715867
2025-12-17,0.000371000001905486,0.00037299998803064227,0.000375000003259629,0.00036899998667649925,81244.0,-0.027595952304578637,0.0,0.5158671586715867
2025-12-18,0.00036700000055134296,0.000371000001905486,0.00037200000951997936,0.0003600000054575503,78295.0,-0.020630601571605362,0.0,0.5158671586715867
2025-12-19,0.00037299998803064227,0.00036700000055134296,0.0003760000108741224,0.00036299999919719994,190976.0,-0.039959118350015095,0.0,0.5158671586715867
2025-12-20,0.000371000001905486,0.00037299998803064227,0.0003769999893847853,0.0003650000144261867,77145.0,-0.03837762332264336,0.0,0.5158671586715867
2025-12-21,0.00036899998667649925,0.000371000001905486,0.0003769999893847853,0.00036899998667649925,79549.0,-0.0360046132408582,0.0,0.5158671586715867
2025-12-22,0.0003699999942909926,0.00036899998667649925,0.00037299998803064227,0.00036800000816583633,82357.0,-0.0415701291284538,0.0,0.5158671586715867
2025-12-23,0.000371000001905486,0.0003699999942909926,0.00037299998803064227,0.0003659999929368496,159899.0,-0.0474907008854195,0.0,0.5158671586715867
2025-12-24,0.0003699999942909926,0.000371000001905486,0.00037399999564513564,0.00036700000055134296,267688.0,-0.04813383333340263,0.0,0.5158671586715867
2025-12-25,0.00036800000816583633,0.0003699999942909926,0.0003699999942909926,0.00036199999158270657,134731.0,-0.04593687412455016,0.0,0.5158671586715867
2025-12-26,0.0003659999929368496,0.00036800000816583633,0.0003699999942909926,0.00036100001307204366,290358.0,-0.04332550930265375,0.0,0.5158671586715867
2025-12-27,0.00036700000055134296,0.0003659999929368496,0.000375000003259629,0.00036199999158270657,150946.0,-0.0486570691319707,0.0,0.5158671586715867
2025-12-28,0.00036299999919719994,0.00036700000055134296,0.000371000001905486,0.00036100001307204366,229454.0,-0.04053522184855826,0.0,0.5158671586715867
2025-12-29,0.0003640000068116933,0.00036299999919719994,0.0003659999929368496,0.00036100001307204366,132481.0,-0.045525924843775836,0.0,0.5158671586715867
2025-12-30,0.0003549999964889139,0.0003640000068116933,0.0003650000144261867,0.0003459999861661345,181894.0,-0.022535207407659262,0.0,0.5158671586715867
2025-12-31,0.0003429999924264848,0.0003549999964889139,0.00035799999022856355,0.0003429999924264848,77701.0,0.01207831617508346,1.0,0.24206642066420664
2026-01-01,0.00035099999513477087,0.0003429999924264848,0.0003549999964889139,0.00034100000630132854,80544.0,-0.011803003129978618,1.0,0.24206642066420664
2026-01-02,0.0003549999964889139,0.00035099999513477087,0.00035600000410340726,0.0003420000139158219,80660.0,-0.024547279567341956,0.0,0.5158671586715867
2026-01-03,0.00035099999513477087,0.0003549999964889139,0.0003640000068116933,0.0003459999861661345,81633.0,-0.014380672295571035,1.0,0.24206642066420664
2026-01-04,0.0003549999964889139,0.00035099999513477087,0.0003549999964889139,0.0003440000000409782,85019.0,-0.027095904563202322,0.0,0.5158671586715867
2026-01-05,0.00035200000274926424,0.0003549999964889139,0.0003549999964889139,0.00034699999378062785,175493.0,-0.02029222040916488,0.0,0.5158671586715867
2026-01-06,0.0003530000103637576,0.00035200000274926424,0.0003539999888744205,0.00034500000765547156,167220.0,-0.024686395930146855,0.0,0.5158671586715867
2026-01-07,0.0003420000139158219,0.0003530000103637576,0.0003530000103637576,0.00033099998836405575,208360.0,0.006265614359406318,1.0,0.24206642066420664
2026-01-08,0.0003389999910723418,0.0003420000139158219,0.0003459999861661345,0.00033599999733269215,297818.0,0.014749281205072398,1.0,0.24206642066420664
2026-01-09,0.00034500000765547156,0.0003389999910723418,0.0003530000103637576,0.00033400001120753586,194786.0,-0.004140818187591854,1.0,0.24206642066420664
2026-01-10,0.0003429999924264848,0.00034500000765547156,0.0003480000013951212,0.0003420000139158219,150080.0,0.0001388442243602953,1.0,0.24206642066420664
2026-01-11,0.00034699999378062785,0.0003429999924264848,0.00035099999513477087,0.0003420000139158219,79578.0,-0.013723057394068719,1.0,0.24206642066420664
2026-01-12,0.00034699999378062785,0.00034699999378062785,0.0003499999875202775,0.0003429999924264848,75784.0,-0.016055976871484693,1.0,0.24206642066420664
2026-01-13,0.00034500000765547156,0.00034699999378062785,0.00034699999378062785,0.00034100000630132854,80914.0,-0.012698440818055035,1.0,0.24206642066420664
2026-01-14,0.00034500000765547156,0.00034500000765547156,0.00034699999378062785,0.0003429999924264848,87533.0,-0.01532093891807106,1.0,0.24206642066420664
2026-01-15,0.00034500000765547156,0.00034500000765547156,0.0003499999875202775,0.0003440000000409782,119778.0,-0.018081464291006814,0.0,0.5158671586715867
2026-01-16,0.0003459999861661345,0.00034500000765547156,0.0003490000090096146,0.0003440000000409782,116834.0,-0.023947118121649767,0.0,0.5158671586715867
2026-01-17,0.0003459999861661345,0.0003459999861661345,0.00034699999378062785,0.00034500000765547156,102518.0,-0.02807593683946224,0.0,0.5158671586715867
2026-01-18,0.00034500000765547156,0.0003459999861661345,0.0003459999861661345,0.0003440000000409782,90830.0,-0.029675666840245203,0.0,0.5158671586715867
2026-01-19,0.0003459999861661345,0.00034500000765547156,0.00034699999378062785,0.0003440000000409782,87423.0,-0.03715934042193883,0.0,0.5158671586715867
2026-01-20,0.0003459999861661345,0.0003459999861661345,0.00034699999378062785,0.0003420000139158219,94527.0,-0.04238917799856555,0.0,0.5158671586715867
2026-01-21,0.0003459999861661345,0.0003459999861661345,0.0003480000013951212,0.0003429999924264848,106790.0,-0.04775663992843262,0.0,0.5158671586715867
2026-01-22,0.00034500000765547156,0.0003459999861661345,0.00034699999378062785,0.0003440000000409782,123619.0,-0.050379597094533934,0.0,0.5158671586715867
2026-01-23,0.0003429999924264848,0.00034500000765547156,0.00034500000765547156,0.0003420000139158219,95424.0,-0.0509509736409313,0.0,0.5158671586715867
2026-01-24,0.0003440000000409782,0.0003429999924264848,0.0003440000000409782,0.0003420000139158219,115048.0,-0.06063123162503435,-1.0,0.24206642066420664
2026-01-25,0.0003429999924264848,0.0003440000000409782,0.0003440000000409782,0.00034100000630132854,131729.0,-0.06455641466336912,-1.0,0.24206642066420664
2026-01-26,0.00034100000630132854,0.0003429999924264848,0.0003429999924264848,0.00033999999868683517,134941.0,-0.06605224543485336,-1.0,0.24206642066420664
2026-01-27,0.00034100000630132854,0.00034100000630132854,0.00034100000630132854,0.0003389999910723418,119555.0,-0.07317415704593258,-1.0,0.24206642066420664
2026-01-28,0.0003389999910723418,0.00034100000630132854,0.0003420000139158219,0.0003389999910723418,125530.0,-0.07515098169463046,-1.0,0.24206642066420664
2026-01-29,0.00033599999733269215,0.0003389999910723418,0.00033999999868683517,0.00033400001120753586,115330.0,-0.0752550940860521,-1.0,0.24206642066420664
2026-01-30,0.00033599999733269215,0.00033599999733269215,0.0003370000049471855,0.00033400001120753586,114938.0,-0.08361676983182706,-1.0,0.24206642066420664
2026-01-31,0.0003319999959785491,0.00033599999733269215,0.00033599999733269215,0.00033099998836405575,113322.0,-0.08032127156122885,-1.0,0.24206642066420664
2026-02-01,0.00033000000985339284,0.0003319999959785491,0.0003319999959785491,0.0003279999946244061,121324.0,-0.08282831049531048,-1.0,0.24206642066420664
2026-02-02,0.00033000000985339284,0.00033000000985339284,0.00033099998836405575,0.00032900000223889947,124138.0,-0.09105341810955517,-1.0,0.24206642066420664
2026-02-03,0.0003279999946244061,0.00033000000985339284,0.00033099998836405575,0.00032699998700991273,133189.0,-0.09393146083307588,-1.0,0.24206642066420664
2026-02-04,0.0003260000084992498,0.0003279999946244061,0.0003279999946244061,0.0003239999932702631,129125.0,-0.09684489786504959,-1.0,0.24206642066420664
2026-02-05,0.00032500000088475645,0.0003260000084992498,0.00033000000985339284,0.0003229999856557697,126265.0,-0.1027106284182209,-1.0,0.24206642066420664
2026-02-06,0.0003239999932702631,0.00032500000088475645,0.0003260000084992498,0.00031900001340545714,118328.0,-0.10861256318368366,-1.0,0.24206642066420664
2026-02-07,0.00031599999056197703,0.0003229999856557697,0.0003239999932702631,0.0003150000120513141,126111.0,-0.09433390726562368,-1.0,0.24206642066420664
2026-02-08,0.0003129999968223274,0.00031599999056197703,0.00031599999056197703,0.000311999989207834,93359.0,-0.09356456962253105,-1.0,0.24206642066420664
2026-02-09,0.000311999989207834,0.0003129999968223274,0.00031400000443682075,0.000307999987853691,106736.0,-0.09844318577184395,-1.0,0.24206642066420664
2026-02-10,0.000307999987853691,0.000311999989207834,0.0003129999968223274,0.000307999987853691,112535.0,-0.09415579987505239,-1.0,0.24206642066420664
2026-02-11,0.00030700000934302807,0.000307999987853691,0.0003129999968223274,0.00030300000798888505,119877.0,-0.09896077614545937,-1.0,0.24206642066420664
2026-02-12,0.0003060000017285347,0.00030700000934302807,0.000307999987853691,0.00030399998649954796,109581.0,-0.10364145258639117,-1.0,0.24206642066420664
2026-02-13,0.000299000006634742,0.0003060000017285347,0.0003060000017285347,0.000299000006634742,113662.0,-0.09030101684674653,-1.0,0.24206642066420664
2026-02-14,0.00029399999766610563,0.000299000006634742,0.000299000006634742,0.00029399999766610563,104272.0,-0.08179460970374793,-1.0,0.24206642066420664
2026-02-15,0.000295000005280599,0.00029399999766610563,0.00029600001289509237,0.00029399999766610563,117936.0,-0.09200969828874601,-1.0,0.24206642066420664
2026-02-16,0.000291000003926456,0.000295000005280599,0.000295000005280599,0.000291000003926456,114466.0,-0.08640157997173378,-1.0,0.24206642066420664
2026-02-17,0.0002899999963119626,0.000291000003926456,0.000291000003926456,0.00028700000257231295,123111.0,-0.08998356345622453,-1.0,0.24206642066420664
2026-02-18,0.0002859999949578196,0.0002899999963119626,0.0002899999963119626,0.0002849999873433262,115263.0,-0.08374956390894302,-1.0,0.24206642066420664
2026-02-19,0.0002770000137388706,0.0002859999949578196,0.0002859999949578196,0.0002730000123847276,112454.0,-0.05930896552833821,-1.0,0.24206642066420664
2026-02-20,0.0002770000137388706,0.0002770000137388706,0.00027799999224953353,0.0002749999985098839,116767.0,-0.06515390447003594,-1.0,0.24206642066420664
2026-02-21,0.00027799999224953353,0.0002770000137388706,0.0002789999998640269,0.00027600000612437725,115602.0,-0.07468308318171599,-1.0,0.24206642066420664
2026-02-22,0.0002739999908953905,0.00027799999224953353,0.0002789999998640269,0.0002730000123847276,119124.0,-0.06708373458584409,-1.0,0.24206642066420664
2026-02-23,0.0002730000123847276,0.0002739999908953905,0.0002739999908953905,0.00027200000477023423,106399.0,-0.06924825398219754,-1.0,0.24206642066420664
2026-02-24,0.0002699999895412475,0.0002730000123847276,0.0002730000123847276,0.00026199998683296144,92784.0,-0.06419749348871064,-1.0,0.24206642066420664
2026-02-25,0.0002680000034160912,0.0002699999895412475,0.00027099999715574086,0.0002680000034160912,94763.0,-0.06307748129414412,-1.0,0.24206642066420664
2026-02-26,0.00026599998818710446,0.0002680000034160912,0.0002690000110305846,0.00026500000967644155,106334.0,-0.06211953943003902,-1.0,0.24206642066420664
2026-02-27,0.00026500000967644155,0.00026599998818710446,0.00026599998818710446,0.00026199998683296144,95456.0,-0.06469005956641276,-1.0,0.24206642066420664
2026-02-28,0.0002610000083222985,0.00026500000967644155,0.00026500000967644155,0.0002610000083222985,77582.0,-0.055281911767638844,0.0,0.5158671586715867
2026-03-01,0.0002610000083222985,0.0002610000083222985,0.00026199998683296144,0.0002570000069681555,90629.0,-0.060390470166870235,-1.0,0.24206642066420664
2026-03-02,0.0002610000083222985,0.0002610000083222985,0.0002610000083222985,0.0002589999930933118,99595.0,-0.06568147575287268,-1.0,0.24206642066420664
2026-03-03,0.00026000000070780516,0.0002610000083222985,0.0002610000083222985,0.0002589999930933118,111944.0,-0.06721611979929742,-1.0,0.24206642066420664
2026-03-04,0.0002570000069681555,0.00026000000070780516,0.00026000000070780516,0.0002570000069681555,98855.0,-0.060959818202283564,-1.0,0.24206642066420664
2026-03-05,0.0002570000069681555,0.0002570000069681555,0.0002589999930933118,0.0002570000069681555,100231.0,-0.06614788726284025,-1.0,0.24206642066420664
2026-03-06,0.00025099999038502574,0.0002570000069681555,0.0002579999854788184,0.00025099999038502574,112893.0,-0.048188162526971015,0.0,0.5158671586715867
2026-03-07,0.00025099999038502574,0.00025099999038502574,0.0002519999979995191,0.00024900000425986946,114587.0,-0.05255165841759945,0.0,0.5158671586715867
2026-03-08,0.00025099999038502574,0.00025099999038502574,0.0002519999979995191,0.00024900000425986946,98678.0,-0.05805345866433766,0.0,0.5158671586715867
2026-03-09,0.00024900000425986946,0.00025099999038502574,0.00025099999038502574,0.00024900000425986946,106078.0,-0.05545994723852435,0.0,0.5158671586715867
2026-03-10,0.00024900000425986946,0.00024900000425986946,0.0002500000118743628,0.0002479999966453761,113649.0,-0.061005941127499276,-1.0,0.24206642066420664
2026-03-11,0.0002469999890308827,0.00024900000425986946,0.00024900000425986946,0.0002460000105202198,116323.0,-0.058800802058286715,0.0,0.5158671586715867
2026-03-12,0.0002460000105202198,0.0002469999890308827,0.00024900000425986946,0.0002460000105202198,107606.0,-0.060588502074247805,-1.0,0.24206642066420664
2026-03-13,0.00024300000222865492,0.0002460000105202198,0.0002460000105202198,0.00024199999461416155,107187.0,-0.05447776756957464,0.0,0.5158671586715867
2026-03-14,0.00024199999461416155,0.00024300000222865492,0.00024300000222865492,0.0002410000015515834,106364.0,-0.055883490503327436,0.0,0.5158671586715867
2026-03-15,0.00023999999393709004,0.00024199999461416155,0.00024300000222865492,0.00023999999393709004,110691.0,-0.05357140475132863,0.0,0.5158671586715867
2026-03-16,0.0002410000015515834,0.00023999999393709004,0.00024300000222865492,0.0002390000008745119,114763.0,-0.06322861756800471,-1.0,0.24206642066420664
2026-03-17,0.00023999999393709004,0.0002410000015515834,0.0002410000015515834,0.00023799999326001853,115306.0,-0.06468251413006884,-1.0,0.24206642066420664
2026-03-18,0.00023499999952036887,0.00023999999393709004,0.00023999999393709004,0.00023400000645779073,87756.0,-0.049848020652172476,0.0,0.5158671586715867
2026-03-19,0.00023200000578071922,0.00023499999952036887,0.00023499999952036887,0.00023099999816622585,71711.0,-0.0426929615945128,0.0,0.5158671586715867
2026-03-20,0.00023099999816622585,0.00023200000578071922,0.00023299999884329736,0.0002300000051036477,77615.0,-0.04349617592553504,0.0,0.5158671586715867
2026-03-21,0.00023400000645779073,0.00023099999816622585,0.00023600000713486224,0.00023099999816622585,99631.0,-0.06166058527517145,-1.0,0.24206642066420664
2026-03-22,0.00023299999884329736,0.00023499999952036887,0.00023499999952036887,0.00023099999816622585,113062.0,-0.06396892893365022,-1.0,0.24206642066420664
2026-03-23,0.00023200000578071922,0.00023299999884329736,0.00023400000645779073,0.0002300000051036477,111556.0,-0.06752875830389177,-1.0,0.24206642066420664
2026-03-24,0.00023200000578071922,0.00023200000578071922,0.00023499999952036887,0.00023099999816622585,106881.0,-0.07532843234279088,-1.0,0.24206642066420664
2026-03-25,0.00023200000578071922,0.00023200000578071922,0.00023299999884329736,0.00023099999816622585,111886.0,-0.08271759722174793,-1.0,0.24206642066420664
2026-03-26,0.00022899999748915434,0.00023200000578071922,0.00023299999884329736,0.0002280000044265762,115396.0,-0.07735495320087063,-1.0,0.24206642066420664
2026-03-27,0.0002280000044265762,0.00022899999748915434,0.00022899999748915434,0.0002280000044265762,108178.0,-0.07999166978850526,-1.0,0.24206642066420664
2026-03-28,0.0002280000044265762,0.0002280000044265762,0.0002280000044265762,0.00022600000374950469,102704.0,-0.08667504702573796,-1.0,0.24206642066420664
2026-03-29,0.00022200000239536166,0.0002280000044265762,0.0002280000044265762,0.00021899999410379678,81205.0,-0.06778208687596929,-1.0,0.24206642066420664
2026-03-30,0.0002229999954579398,0.00022200000239536166,0.00022400000307243317,0.00022200000239536166,100022.0,-0.07815501958910628,-1.0,0.24206642066420664
2026-03-31,0.00022000000171829015,0.0002229999954579398,0.00022400000307243317,0.00022000000171829015,113996.0,-0.0712121400391267,-1.0,0.24206642066420664
2026-04-01,0.00021899999410379678,0.00022000000171829015,0.00022400000307243317,0.00021800000104121864,115808.0,-0.07175471437847128,-1.0,0.24206642066420664
2026-04-02,0.00021699999342672527,0.00021899999410379678,0.00022000000171829015,0.00021499999274965376,88927.0,-0.06736886477488187,-1.0,0.24206642066420664
2026-04-03,0.00021499999274965376,0.00021699999342672527,0.00021699999342672527,0.00021300000662449747,99312.0,-0.06223696425289188,-1.0,0.24206642066420664
2026-04-04,0.00021499999274965376,0.00021499999274965376,0.00021499999274965376,0.00021399999968707561,102580.0,-0.06600219106406206,-1.0,0.24206642066420664
2026-04-05,0.0002119999990100041,0.00021499999274965376,0.00021499999274965376,0.00021100000594742596,93697.0,-0.0557053037635669,0.0,0.5158671586715867
2026-04-06,0.0002119999990100041,0.0002119999990100041,0.0002119999990100041,0.00021100000594742596,95930.0,-0.058625339070331156,0.0,0.5158671586715867
2026-04-07,0.00021300000662449747,0.0002119999990100041,0.00021300000662449747,0.0002099999983329326,94143.0,-0.06662199069419852,-1.0,0.24206642066420664
2026-04-08,0.0002099999983329326,0.00021300000662449747,0.00021300000662449747,0.00020700000459328294,99276.0,-0.0562358273501368,0.0,0.5158671586715867
2026-04-09,0.00020700000459328294,0.0002099999983329326,0.00021100000594742596,0.00020700000459328294,97551.0,-0.04462851026701035,0.0,0.5158671586715867
2026-04-10,0.00020700000459328294,0.00020700000459328294,0.00020700000459328294,0.00020599999697878957,98342.0,-0.04692894807779014,0.0,0.5158671586715867
2026-04-11,0.00020500000391621143,0.00020700000459328294,0.00020700000459328294,0.00020300000323913991,98496.0,-0.03972128563494818,0.0,0.5158671586715867
2026-04-12,0.00020199999562464654,0.00020500000391621143,0.00020500000391621143,0.00020199999562464654,96134.0,-0.026402632621962834,0.0,0.5158671586715867
2026-04-13,0.00019500000053085387,0.00020199999562464654,0.00020300000323913991,0.0001829999964684248,110083.0,0.009279591074339224,1.0,0.24206642066420664
2026-04-14,0.0001939999929163605,0.00019500000053085387,0.00019500000053085387,0.00019299999985378236,77511.0,0.01497302119824078,1.0,0.24206642066420664
2026-04-15,0.000195999993593432,0.0001939999929163605,0.00019700000120792538,0.0001939999929163605,82066.0,0.005102058619846927,1.0,0.24206642066420664
2026-04-16,0.00019700000120792538,0.000195999993593432,0.00019799999427050352,0.00019500000053085387,100716.0,-2.110502558959668e-08,1.0,0.24206642066420664
2026-04-17,0.000195999993593432,0.00019700000120792538,0.0001990000018849969,0.00019500000053085387,94548.0,0.004859105972795301,1.0,0.24206642066420664
2026-04-18,0.000195999993593432,0.000195999993593432,0.00019700000120792538,0.00019299999985378236,85638.0,0.00510206215529778,1.0,0.24206642066420664
2026-04-19,0.00019500000053085387,0.000195999993593432,0.00019700000120792538,0.0001939999929163605,90834.0,0.011965796439395453,1.0,0.24206642066420664
2026-04-20,0.0001939999929163605,0.00019500000053085387,0.00019700000120792538,0.0001939999929163605,88993.0,0.02037312497904639,1.0,0.24206642066420664
2026-04-21,0.0001939999929163605,0.00019500000053085387,0.000195999993593432,0.00019299999985378236,75541.0,0.022582258668639478,1.0,0.24206642066420664
2026-04-22,0.00019700000120792538,0.0001939999929163605,0.00019700000120792538,0.00019299999985378236,77299.0,0.007976781601575762,1.0,0.24206642066420664
2026-04-23,0.00019799999427050352,0.00019700000120792538,0.00019999999494757503,0.00019700000120792538,79075.0,0.004088528339222284,1.0,0.24206642066420664
2026-04-24,0.0001990000018849969,0.00019799999427050352,0.00019999999494757503,0.00019700000120792538,81635.0,-0.0009571810298908782,1.0,0.24206642066420664
2026-04-25,0.00019799999427050352,0.0001990000018849969,0.00019999999494757503,0.00019799999427050352,85086.0,0.0033670291024594087,1.0,0.24206642066420664
2026-04-26,0.0001990000018849969,0.00019799999427050352,0.00019999999494757503,0.00019799999427050352,89903.0,-0.0023929316818124954,1.0,0.24206642066420664
2026-04-27,0.0001990000018849969,0.0001990000018849969,0.00019999999494757503,0.00019799999427050352,79848.0,-0.003350098783093574,1.0,0.24206642066420664
2026-04-28,0.00019700000120792538,0.0001990000018849969,0.0001990000018849969,0.000195999993593432,84257.0,0.006526454796058496,1.0,0.24206642066420664
2026-04-29,0.00019700000120792538,0.00019700000120792538,0.0001990000018849969,0.000195999993593432,70777.0,0.00676817417155924,1.0,0.24206642066420664
2026-04-30,0.00019799999427050352,0.00019700000120792538,0.00019799999427050352,0.00019700000120792538,68874.0,0.001924023629455223,1.0,0.24206642066420664
2026-05-01,0.00019700000120792538,0.00019799999427050352,0.00020599999697878957,0.000195999993593432,71311.0,0.0072516164400649955,1.0,0.24206642066420664
2026-05-02,0.000195999993593432,0.00019700000120792538,0.00019799999427050352,0.000195999993593432,78631.0,0.013119559610665845,1.0,0.24206642066420664
2026-05-03,0.00019799999427050352,0.000195999993593432,0.00019799999427050352,0.000195999993593432,89957.0,0.002405024287210212,1.0,0.24206642066420664
2026-05-04,0.00019799999427050352,0.00019799999427050352,0.00019799999427050352,0.00019700000120792538,75539.0,0.004329026918230159,1.0,0.24206642066420664
2026-05-05,0.000195999993593432,0.00019799999427050352,0.0001990000018849969,0.0001939999929163605,80494.0,0.016520921417544545,1.0,0.24206642066420664
2026-05-06,0.00019799999427050352,0.000195999993593432,0.0002010000025620684,0.000195999993593432,77113.0,0.006974532285752188,1.0,0.24206642066420664
2026-05-07,0.00019700000120792538,0.00019799999427050352,0.0001990000018849969,0.000195999993593432,74429.0,0.013778088823644825,1.0,0.24206642066420664
2026-05-08,0.00019500000053085387,0.00019700000120792538,0.0001990000018849969,0.00019500000053085387,72697.0,0.025641018260510767,1.0,0.24206642066420664
2026-05-09,0.00019700000120792538,0.00019500000053085387,0.00019700000120792538,0.00019500000053085387,72976.0,0.016678742434679355,1.0,0.24206642066420664
2026-05-10,0.00020199999562464654,0.00019700000120792538,0.00020199999562464654,0.00019700000120792538,74102.0,-0.007307853978930396,1.0,0.24206642066420664
2026-05-11,0.00020700000459328294,0.00020199999562464654,0.00024900000425986946,0.00019999999494757503,97139.0,-0.03059583794746537,0.0,0.5158671586715867
2026-05-12,0.00020300000323913991,0.00020700000459328294,0.00021100000594742596,0.00019999999494757503,83062.0,-0.010555965282592152,1.0,0.24206642066420664
2026-05-13,0.0002010000025620684,0.00020300000323913991,0.00020399999630171806,0.0002010000025620684,91135.0,0.000710716771795736,1.0,0.24206642066420664
2026-05-14,0.00020300000323913991,0.0002010000025620684,0.00020300000323913991,0.0001990000018849969,96682.0,-0.007975623675175817,1.0,0.24206642066420664
2026-05-15,0.0001990000018849969,0.00020300000323913991,0.00020399999630171806,0.0001990000018849969,93023.0,0.01363961204141689,1.0,0.24206642066420664
2026-05-16,0.00019500000053085387,0.0001990000018849969,0.00019999999494757503,0.00019500000053085387,84858.0,0.036630027609407326,1.0,0.24206642066420664
2026-05-17,0.000195999993593432,0.00019500000053085387,0.000195999993593432,0.0001939999929163605,78457.0,0.03449954457559542,1.0,0.24206642066420664
2026-05-18,0.00019500000053085387,0.000195999993593432,0.000195999993593432,0.00019500000053085387,67698.0,0.04224663688893514,1.0,0.24206642066420664
2026-05-19,0.000195999993593432,0.00019500000053085387,0.000195999993593432,0.00019500000053085387,72758.0,0.038872724041582325,1.0,0.24206642066420664
2026-05-20,0.00019799999427050352,0.000195999993593432,0.0002010000025620684,0.00019500000053085387,71923.0,0.02717655641172242,1.0,0.24206642066420664
2026-05-21,0.0001990000018849969,0.00019799999427050352,0.0001990000018849969,0.00019799999427050352,72105.0,0.023211283054227674,1.0,0.24206642066420664
2026-05-22,0.00019799999427050352,0.0001990000018849969,0.0002010000025620684,0.00019799999427050352,77299.0,0.02982205827950523,1.0,0.24206642066420664
2026-05-23,0.0001990000018849969,0.00019799999427050352,0.0001990000018849969,0.00019799999427050352,78644.0,0.026082784358070907,1.0,0.24206642066420664
2026-05-24,0.000195999993593432,0.0001990000018849969,0.0002010000025620684,0.00019299999985378236,97661.0,0.0434888596900717,1.0,0.24206642066420664
2026-05-25,0.00020599999697878957,0.000195999993593432,0.00022200000239536166,0.00019299999985378236,168776.0,-0.0073971160404452075,1.0,0.24206642066420664
2026-05-26,0.00020399999630171806,0.00020599999697878957,0.00020700000459328294,0.00020199999562464654,65072.0,0.0014005811044539309,1.0,0.24206642066420664
2026-05-27,0.0002010000025620684,0.00020399999630171806,0.00020399999630171806,0.00019299999985378236,102160.0,0.01705755761602537,1.0,0.24206642066420664
2026-05-28,0.00020399999630171806,0.0002010000025620684,0.00024399999529123306,0.00019500000053085387,97290.0,-0.00023340810483877102,1.0,0.24206642066420664
2026-05-29,0.0002010000025620684,0.00020399999630171806,0.00020500000391621143,0.0002010000025620684,65576.0,0.01587300208299925,1.0,0.24206642066420664
2026-05-30,0.00020300000323913991,0.0002010000025620684,0.00020500000391621143,0.0002010000025620684,69125.0,0.006568126136695546,1.0,0.24206642066420664
2026-05-31,0.00020700000459328294,0.00020300000323913991,0.00020799999765586108,0.00020199999562464654,73879.0,-0.01311251728069186,1.0,0.24206642066420664
2026-06-01,0.0002099999983329326,0.00020700000459328294,0.0002119999990100041,0.00020700000459328294,77074.0,-0.028798181069977568,0.0,0.5158671586715867
2026-06-02,0.00020700000459328294,0.0002099999983329326,0.0002099999983329326,0.00020500000391621143,70430.0,-0.015642997198761405,1.0,0.24206642066420664
2026-06-03,0.00020700000459328294,0.00020700000459328294,0.0002119999990100041,0.00020500000391621143,80292.0,-0.016793217777939535,1.0,0.24206642066420664
2026-06-04,0.00020799999765586108,0.00020700000459328294,0.00020900000527035445,0.00020599999697878957,79774.0,-0.022893767576214346,0.0,0.5158671586715867
2026-06-05,0.00020599999697878957,0.00020799999765586108,0.00020900000527035445,0.00020599999697878957,76853.0,-0.013638454774685282,1.0,0.24206642066420664
2026-06-06,0.00020399999630171806,0.00020599999697878957,0.00020900000527035445,0.00020300000323913991,80993.0,-0.0032679580377513624,1.0,0.24206642066420664
2026-06-07,0.00020900000527035445,0.00020399999630171806,0.00020900000527035445,0.00020300000323913991,66059.0,-0.028024633988092244,0.0,0.5158671586715867
2026-06-08,0.00020500000391621143,0.00020900000527035445,0.0002099999983329326,0.00020500000391621143,77034.0,-0.008594678711852852,1.0,0.24206642066420664
2026-06-09,0.00020399999630171806,0.00020500000391621143,0.00020599999697878957,0.00020300000323913991,61553.0,-0.0032679580377513516,1.0,0.24206642066420664
2026-06-10,0.00019299999985378236,0.00020399999630171806,0.00020500000391621143,0.00019299999985378236,63920.0,0.05650135644279441,1.0,0.24206642066420664
2026-06-11,0.00020399999630171806,0.00019299999985378236,0.00020399999630171806,0.00019299999985378236,68984.0,0.00023344546970119736,1.0,0.24206642066420664
2026-06-12,0.00020399999630171806,0.00020399999630171806,0.00020900000527035445,0.00020300000323913991,56143.0,0.00023344546970119736,1.0,0.24206642066420664
2026-06-13,0.00020500000391621143,0.00020399999630171806,0.00020900000527035445,0.0002010000025620684,57632.0,-0.005807221375456248,1.0,0.24206642066420664
2026-06-14,0.00020300000323913991,0.00020500000391621143,0.00020500000391621143,0.00020300000323913991,57269.0,0.005160666147139736,1.0,0.24206642066420664
2026-06-15,0.00020500000391621143,0.00020300000323913991,0.00020599999697878957,0.00020199999562464654,72404.0,-0.0044134960874937035,1.0,0.24206642066420664
2026-06-16,0.00019999999494757503,0.00020500000391621143,0.00020500000391621143,0.0001990000018849969,74935.0,0.021904783732635297,1.0,0.24206642066420664
2026-06-17,0.00020399999630171806,0.00019999999494757503,0.00020799999765586108,0.00019999999494757503,60464.0,0.001400574310842596,1.0,0.24206642066420664
2026-06-18,0.0001939999929163605,0.00020399999630171806,0.00020500000391621143,0.00019099999917671084,15711.0,0.054491934577472825,1.0,0.24206642066420664
2026-06-19,0.00020599999697878957,0.0001939999929163605,0.00020799999765586108,0.00019299999985378236,22907.0,-0.009477565649018868,1.0,0.24206642066420664
2026-06-20,0.00020599999697878957,0.00020599999697878957,0.00020799999765586108,0.00020500000391621143,15168.0,-0.012482650557864471,1.0,0.24206642066420664
2026-06-21,0.00020599999697878957,0.00020599999697878957,0.00020599999697878957,0.00020300000323913991,27726.0,-0.015487735466710076,1.0,0.24206642066420664
2026-06-22,0.00020300000323913991,0.00020599999697878957,0.00020700000459328294,0.00020300000323913991,4952.0,-0.0030495154184998117,1.0,0.24206642066420664
2026-06-23,0.00020300000323913991,0.00020300000323913991,0.00020599999697878957,0.00019799999427050352,8475.0,-0.0030495154184998117,1.0,0.24206642066420664
2026-06-24,0.00020199999562464654,0.00020300000323913991,0.00020599999697878957,0.0001990000018849969,13248.0,0.0007072327006419751,1.0,0.24206642066420664
2026-06-25,0.00020199999562464654,0.00020199999562464654,0.00020399999630171806,0.00019999999494757503,3983.0,-0.0007071949658303452,1.0,0.24206642066420664
2026-06-26,0.00020500000391621143,0.00020199999562464654,0.00020500000391621143,0.00019700000120792538,5566.0,-0.01602789827557711,1.0,0.24206642066420664
2026-06-27,0.00020700000459328294,0.00020500000391621143,0.00020799999765586108,0.00020399999630171806,17766.0,-0.02691514079779416,0.0,0.5158671586715867
2026-06-28,0.00020500000391621143,0.00020700000459328294,0.00020799999765586108,0.00020500000391621143,7164.0,-0.01927993183470647,0.0,0.5158671586715867
2026-06-29,0.00020700000459328294,0.00020500000391621143,0.00020700000459328294,0.00020199999562464654,9298.0,-0.032206146088799445,0.0,0.5158671586715867
2026-06-30,0.00020599999697878957,0.00020700000459328294,0.00020799999765586108,0.00020399999630171806,13375.0,-0.02981968689956109,0.0,0.5158671586715867
2026-07-01,0.00020500000391621143,0.00020599999697878957,0.00020900000527035445,0.00020399999630171806,7356.0,-0.026016285374213702,0.0,0.5158671586715867
2026-07-02,0.00020700000459328294,0.00020500000391621143,0.00020799999765586108,0.00020399999630171806,16533.0,-0.03841732985169312,0.0,0.5158671586715867
2026-07-03,0.00020399999630171806,0.00020700000459328294,0.00020799999765586108,0.00020300000323913991,3137.0,-0.02661063676474939,0.0,0.5158671586715867
2026-07-04,0.00019999999494757503,0.00020399999630171806,0.00020399999630171806,0.00019299999985378236,1318.0,-0.009047601550672916,1.0,0.24206642066420664
2026-07-05,0.00020799999765586108,0.00019999999494757503,0.00020900000527035445,0.00019999999494757503,13920.0,-0.048076919905608057,0.0,0.5158671586715867
2026-07-06,0.00020599999697878957,0.00020799999765586108,0.00020900000527035445,0.00020599999697878957,10413.0,-0.04114655005973954,0.0,0.5158671586715867
2026-07-07,0.00020599999697878957,0.00020599999697878957,0.00020700000459328294,0.0002010000025620684,5226.0,-0.04322699294065927,0.0,0.5158671586715867
2026-07-08,0.00020199999562464654,0.00020599999697878957,0.00020599999697878957,0.00020199999562464654,3029.0,-0.02663836199028133,0.0,0.5158671586715867
2026-07-09,0.00019999999494757503,0.00020199999562464654,0.00020300000323913991,0.0001939999929163605,1770.0,-0.01893172689886429,0.0,0.5158671586715867
2026-07-10,0.00019500000053085387,0.00019999999494757503,0.0002010000025620684,0.00019500000053085387,895.0,0.006535033773129517,0.0,0.5158671586715867
2026-07-11,0.00019299999985378236,0.00019500000053085387,0.00019500000053085387,0.00019200000679120421,796.0,0.017858370705108106,0.0,0.5158671586715867
2026-07-12,0.00019299999985378236,0.00019299999985378236,0.0001939999929163605,0.00019200000679120421,786.0,0.018850502410947448,0.0,0.5158671586715867
2026-07-13,0.0001939999929163605,0.00019299999985378236,0.0001939999929163605,0.00019200000679120421,785.0,0.014398657347945765,0.0,0.5158671586715867
2026-07-14,0.00020300000323913991,0.0001939999929163605,0.0002390000008745119,0.00017100000695791095,18485.0,-0.03248565381897446,0.0,0.5158671586715867
2026-07-15,0.00019700000120792538,0.00020300000323913991,0.00020599999697878957,0.000195999993593432,1570.0,-0.003219415475422512,0.0,0.5158671586715867
2026-07-16,0.000195999993593432,0.00019700000120792538,0.0001990000018849969,0.000195999993593432,1279.0,0.001999541402528306,0.0,0.5158671586715867
2026-07-17,0.00020199999562464654,0.000195999993593432,0.00020199999562464654,0.000195999993593432,3016.0,-0.029898434390106438,0.0,0.5158671586715867
2026-07-18,0.0002010000025620684,0.00020199999562464654,0.00020199999562464654,0.00019200000679120421,1566.0,-0.02716143298475099,0.0,0.5158671586715867
2026-07-19,0.00019700000120792538,0.0002010000025620684,0.00020199999562464654,0.00019700000120792538,1115.0,-0.008081846256202866,0.0,0.5158671586715867
2026-07-20,0.00019200000679120421,0.00019700000120792538,0.00019700000120792538,0.00019200000679120421,794.0,0.019524258496575,0.0,0.5158671586715867
2026-07-21,0.000195999993593432,0.00019200000679120421,0.000195999993593432,0.00019200000679120421,1044.0,-0.0014247678373426886,0.0,0.5158671586715867
2026-07-22,0.0002010000025620684,0.000195999993593432,0.0002010000025620684,0.00019299999985378236,3868.0,-0.02954811597948684,0.0,0.5158671586715867
2026-07-23,0.0001939999929163605,0.0002010000025620684,0.0002010000025620684,0.00019299999985378236,960.0,0.006249415592705675,0.0,0.5158671586715867
2026-07-24,0.0001939999929163605,0.0001939999929163605,0.00019500000053085387,0.00019299999985378236,791.0,0.00729098485815662,0.0,0.5158671586715867
2026-07-25,0.00019200000679120421,0.0001939999929163605,0.00019500000053085387,0.00019099999917671084,822.0,0.02134023134512746,0.0,0.5158671586715867
2026-07-26,0.00020399999630171806,0.00019200000679120421,0.00020799999765586108,0.00019200000679120421,4835.0,-0.04842319295704409,0.0,0.5158671586715867
2026-07-27,0.000195999993593432,0.00020399999630171806,0.00020500000391621143,0.00019500000053085387,1168.0,-0.012777745151458797,0.0,0.5158671586715867
2026-07-28,0.00019700000120792538,0.000195999993593432,0.00019700000120792538,0.00019299999985378236,1037.0,-0.026683595640837166,0.0,0.5158671586715867
2026-07-29,0.00019200000679120421,0.00019700000120792538,0.00019700000120792538,0.00019200000679120421,780.0,-0.002673686954966392,0.0,0.5158671586715867
2026-07-30,0.00019148665887769312,0.00019196135690435767,0.00019196135690435767,0.00019131570297759026,751.0,0.0,0.0,0.5158671586715867
