Date,Close,Open,High,Low,Volume,pct_change,epoch_signal,weight
2020-12-23,0.4050480127334595,0.5676689743995667,0.5711889863014221,0.3834939897060394,2040028.0,0.24795159302490527,1.0,0.2991957104557641
2020-12-24,0.4095549881458282,0.4050439894199371,0.4313910007476806,0.381307989358902,1447900.0,0.24796528222721176,1.0,0.2991957104557641
2020-12-25,0.4056560099124908,0.4095740020275116,0.4135839939117431,0.3910749852657318,349343.0,0.2749798778530628,1.0,0.2991957104557641
2020-12-26,0.3891240060329437,0.4057849943637848,0.4060769975185394,0.3849549889564514,266395.0,0.34288947129989766,1.0,0.2991957104557641
2020-12-27,0.379721999168396,0.3891359865665436,0.3945379853248596,0.3682210147380829,736110.0,0.39415488822382794,1.0,0.2991957104557641
2020-12-28,0.3848670125007629,0.3799349963665008,0.3934470117092132,0.3688740134239197,664944.0,0.3923785217028909,1.0,0.2991957104557641
2020-12-29,0.3691030144691467,0.3847939968109131,0.3882319927215576,0.3554419875144958,818629.0,0.4715401500051435,1.0,0.2991957104557641
2020-12-30,0.3708580136299133,0.3690609931945801,0.373196005821228,0.3600080013275146,444249.0,0.48674124653545964,1.0,0.2991957104557641
2020-12-31,0.3660970032215118,0.3702589869499206,0.3743470013141632,0.3532690107822418,366502.0,0.5328578254570903,1.0,0.2991957104557641
2021-01-01,0.3659630119800567,0.3660970032215118,0.3777759969234466,0.362058013677597,241959.0,0.5639589395685444,1.0,0.2991957104557641
2021-01-02,0.3877629935741424,0.3659769892692566,0.4120720028877258,0.3641450107097626,342386.0,0.5049631861423347,1.0,0.2991957104557641
2021-01-03,0.4528369903564453,0.3878209888935089,0.4564659893512726,0.387701004743576,57006.0,0.3109330975568567,1.0,0.2991957104557641
2021-01-04,0.5107089877128601,0.4528400003910064,0.5165380239486694,0.3972019851207733,1417341.0,0.18145200062147865,1.0,0.2991957104557641
2021-01-05,0.5574780106544495,0.5111430287361145,0.5640239715576172,0.4769890010356903,670332.0,0.09540564612165879,1.0,0.2991957104557641
2021-01-06,0.5599719882011414,0.5574809908866882,0.5634220242500305,0.5379210114479065,693209.0,0.10231523505203054,1.0,0.2991957104557641
2021-01-07,0.570268988609314,0.5598469972610474,0.583109974861145,0.5434669852256775,459878.0,0.09906806922970472,1.0,0.2991957104557641
2021-01-08,0.5936170220375061,0.5702760219573975,0.6713989973068237,0.5117300152778625,1102241.0,0.07152213425450796,1.0,0.2991957104557641
2021-01-09,0.613349974155426,0.5936279892921448,0.6183900237083435,0.5638319849967957,756763.0,0.05577101304334517,1.0,0.2991957104557641
2021-01-10,0.579816997051239,0.6116369962692261,0.6504639983177185,0.5545660257339478,346357.0,0.14037144932031828,1.0,0.2991957104557641
2021-01-11,0.4964790046215057,0.579816997051239,0.5841590166091919,0.4470579922199249,580119.0,0.36601062193083894,1.0,0.2991957104557641
2021-01-12,0.5118759870529175,0.4965200126171112,0.5657119750976562,0.4780960083007812,321611.0,0.35602284560846054,1.0,0.2991957104557641
2021-01-13,0.5499730110168457,0.5118489861488342,0.5541840195655823,0.5008839964866638,515998.0,0.2886738620318855,1.0,0.2991957104557641
2021-01-14,0.5712950229644775,0.5499839782714844,0.5833280086517334,0.5485230088233948,340030.0,0.2633251038890987,1.0,0.2991957104557641
2021-01-15,0.5563880205154419,0.5713099837303162,0.5846390128135681,0.5240370035171509,582118.0,0.31777044181233727,1.0,0.2991957104557641
2021-01-16,0.5871859788894653,0.5563709735870361,0.6027690172195435,0.5529450178146362,703069.0,0.27120552866582903,1.0,0.2991957104557641
2021-01-17,0.5718089938163757,0.5871970057487488,0.6036909818649292,0.5532900094985962,536549.0,0.3312967745252629,1.0,0.2991957104557641
2021-01-18,0.6146939992904663,0.5714920163154602,0.6191310286521912,0.5661550164222717,313302.0,0.2738276578190673,1.0,0.2991957104557641
2021-01-19,0.6184009909629822,0.6146969795227051,0.6394990086555481,0.605534017086029,377152.0,0.2966349092201703,1.0,0.2991957104557641
2021-01-20,0.623088002204895,0.6183750033378601,0.623088002204895,0.5621060132980347,605612.0,0.32323729332880036,1.0,0.2991957104557641
2021-01-21,0.4984480142593384,0.623091995716095,0.623091995716095,0.498414009809494,522706.0,0.7219847412338551,1.0,0.2991957104557641
2021-01-22,0.553164005279541,0.4986189901828766,0.5628759860992432,0.4779419898986816,269095.0,0.6087624825549169,1.0,0.2991957104557641
2021-01-23,0.5571939945220947,0.5530999898910522,0.5703970193862915,0.5176050066947937,597614.0,0.6632584550827307,1.0,0.2991957104557641
2021-01-24,0.5986179709434509,0.557187020778656,0.5986490249633789,0.5466830134391785,497343.0,0.5959899237967636,1.0,0.2991957104557641
2021-01-25,0.5897179841995239,0.5986220240592957,0.6334530115127563,0.5659850239753723,600522.0,0.6642755953308659,1.0,0.2991957104557641
2021-01-26,0.6006270051002502,0.5898370146751404,0.6042709946632385,0.5700049996376038,680786.0,0.6810013601474032,1.0,0.2991957104557641
2021-01-27,0.5602369904518127,0.6006209850311279,0.6242499947547913,0.532302975654602,646417.0,0.8489112410906142,1.0,0.2991957104557641
2021-01-28,0.5986260175704956,0.5602409839630127,0.5990650057792664,0.5355139970779419,774067.0,0.7825301192748024,1.0,0.2991957104557641
2021-01-29,0.592523992061615,0.5974220037460327,0.6088989973068237,0.570173978805542,778663.0,0.8476266630405709,1.0,0.2991957104557641
2021-01-30,0.601722002029419,0.5924980044364929,0.6043339967727661,0.5717120170593262,672972.0,0.867339115690396,1.0,0.2991957104557641
2021-01-31,0.6338980197906494,0.6016910076141357,0.6433209776878357,0.5981929898262024,871088.0,0.810741773846916,1.0,0.2991957104557641
2021-02-01,0.6798490285873413,0.633882999420166,0.6823379993438721,0.615336000919342,1165127.0,0.7185596721069152,1.0,0.2991957104557641
2021-02-02,0.723609983921051,0.6799039840698242,0.7392719984054565,0.6753169894218445,1439671.0,0.6457211857610455,1.0,0.2991957104557641
2021-02-03,0.7467359900474548,0.723471999168396,0.7490170001983643,0.7089719772338867,953928.0,0.6286425816147969,1.0,0.2991957104557641
2021-02-04,0.7750759720802307,0.7467449903488159,0.7813850045204163,0.7389199733734131,812013.0,0.6003281216872198,1.0,0.2991957104557641
2021-02-05,0.8223620057106018,0.7755169868469238,0.8500440120697021,0.7754020094871521,1012165.0,0.5384873743788933,1.0,0.2991957104557641
2021-02-06,0.7906429767608643,0.8226360082626343,0.8326860070228577,0.7534409761428833,784723.0,0.6338875525187435,1.0,0.2991957104557641
2021-02-07,0.7712069749832153,0.7888339757919312,0.7919800281524658,0.731132984161377,796392.0,0.7161602848847481,1.0,0.2991957104557641
2021-02-08,0.8742300271987915,0.7711960077285767,0.8759300112724304,0.7151489853858948,1202831.0,0.5467213509022137,1.0,0.2991957104557641
2021-02-09,0.8915159702301025,0.8742830157279968,0.905797004699707,0.8542879819869995,768692.0,0.5536279465494643,1.0,0.2991957104557641
2021-02-10,0.9808170199394226,0.8912270069122314,0.9875370264053344,0.8814659714698792,1108496.0,0.4434793309075409,1.0,0.2991957104557641
2021-02-11,1.016605019569397,0.9819689989089966,1.0485860109329224,0.9426220059394836,1047326.0,0.42119644425105307,1.0,0.2991957104557641
2021-02-12,1.0401220321655271,1.016545057296753,1.0564229488372805,1.0077970027923584,1034409.0,0.4108753741042018,1.0,0.2991957104557641
2021-02-13,1.021314024925232,1.0401149988174438,1.1031429767608645,0.9779639840126038,654221.0,0.4591440789437593,1.0,0.2991957104557641
2021-02-14,1.0178229808807373,1.0213570594787598,1.036602020263672,0.977874994277954,197920.0,0.48562541278124755,1.0,0.2991957104557641
2021-02-15,0.987151026725769,1.0110479593276978,1.0312930345535278,0.8861690163612366,457696.0,0.5559961684213031,1.0,0.2991957104557641
2021-02-16,0.9231190085411072,0.9855390191078186,1.0235459804534912,0.9092249870300292,806965.0,0.6904663168374586,1.0,0.2991957104557641
2021-02-17,1.010941982269287,0.923084020614624,1.0223400592803955,0.9066010117530824,306805.0,0.5649804450464342,1.0,0.2991957104557641
2021-02-18,1.0458379983901978,1.010949969291687,1.0537749528884888,1.010949969291687,702534.0,0.5321923345444184,1.0,0.2991957104557641
2021-02-19,1.311229944229126,1.0458320379257202,1.3145149946212769,1.023455023765564,2531941.0,0.22912828197626162,1.0,0.2991957104557641
2021-02-20,1.2208360433578491,1.311215043067932,1.3273539543151855,1.1666300296783447,1401398.0,0.3265723995873496,1.0,0.2991957104557641
2021-02-21,1.3479830026626587,1.2199150323867798,1.361361026763916,1.1955560445785522,2542271.0,0.20353522236748212,1.0,0.2991957104557641
2021-02-22,1.580899000167847,1.3503390550613403,1.5977200269699097,1.1028319597244265,5781564.0,0.026409136659974995,0.0,0.40160857908847186
2021-02-23,1.564031958580017,1.5809919834136963,1.7001190185546875,1.249305009841919,1708906.0,0.03866587008693791,1.0,0.2991957104557641
2021-02-24,1.736333966255188,1.5597690343856812,1.7490030527114868,1.5292270183563232,3092333.0,-0.06424255986351239,0.0,0.40160857908847186
2021-02-25,1.5147980451583862,1.741297960281372,1.869595050811768,1.512372970581055,5468598.0,0.07872514312333935,1.0,0.2991957104557641
2021-02-26,1.4237979650497437,1.5081429481506348,1.587154984474182,1.391145944595337,1424936.0,0.15658589670372197,1.0,0.2991957104557641
2021-02-27,1.5030770301818848,1.4225469827651978,1.5378600358963013,1.4089200496673584,1414028.0,0.10142651528417941,1.0,0.2991957104557641
2021-02-28,1.3977940082550049,1.5030330419540403,1.5059009790420532,1.2881920337677002,1421075.0,0.19389564300459872,1.0,0.2991957104557641
2021-03-01,1.5983200073242188,1.3971530199050903,1.6460020542144775,1.3966890573501587,1014468.0,0.04935213903523948,1.0,0.2991957104557641
2021-03-02,1.4787390232086182,1.5982379913330078,1.6114180088043213,1.47319495677948,1530117.0,0.1443924672632536,1.0,0.2991957104557641
2021-03-03,1.525110960006714,1.4789650440216064,1.5665730237960815,1.473273992538452,1724628.0,0.12134231442887101,1.0,0.2991957104557641
2021-03-04,1.4085090160369873,1.5275650024414062,1.5275650024414062,1.3767579793930054,504479.0,0.2291173861213684,1.0,0.2991957104557641
2021-03-05,1.3369849920272827,1.408463954925537,1.41599702835083,1.3098629713058472,1139188.0,0.3130186514924109,1.0,0.2991957104557641
2021-03-06,1.4435830116271973,1.3369719982147217,1.4444329738616943,1.3280620574951172,1049434.0,0.2300834723615509,1.0,0.2991957104557641
2021-03-07,1.5565199851989746,1.4435349702835083,1.566344976425171,1.4430140256881714,863758.0,0.15353209516692762,1.0,0.2991957104557641
2021-03-08,1.5497909784317017,1.5513750314712524,1.561439037322998,1.4582929611206057,1433596.0,0.17400904874386847,1.0,0.2991957104557641
2021-03-09,1.616528034210205,1.5497959852218628,1.6236690282821655,1.5397579669952393,1338117.0,0.1396706600901742,1.0,0.2991957104557641
2021-03-10,1.6427439451217651,1.6185460090637207,1.6893450021743774,1.5597529411315918,1824826.0,0.13506620348852186,1.0,0.2991957104557641
2021-03-11,1.785385012626648,1.642799973487854,1.8074619770050049,1.5480730533599854,3136275.0,0.053537782697949066,1.0,0.2991957104557641
2021-03-12,1.7918449640274048,1.785884976387024,1.8643009662628167,1.750458002090454,2761996.0,0.05925124292424665,1.0,0.2991957104557641
2021-03-13,1.9441200494766235,1.7919199466705322,1.9585280418396,1.7282700538635254,2744779.0,-0.018396972743166883,0.0,0.40160857908847186
2021-03-14,1.9633760452270508,1.944085001945496,1.997066020965576,1.8908100128173828,2865924.0,-0.022557691588435493,0.0,0.40160857908847186
2021-03-15,1.944808006286621,1.961290955543518,1.9843679666519165,1.8480119705200195,3678110.0,-0.008265149257409118,0.0,0.40160857908847186
2021-03-16,1.7661099433898926,1.944818019866944,1.9925249814987185,1.7415870428085327,7994542.0,0.09912985335875227,1.0,0.2991957104557641
2021-03-17,1.749690055847168,1.7665729522705078,1.7753510475158691,1.6372220516204834,2035775.0,0.1183175870845263,1.0,0.2991957104557641
2021-03-18,1.7173229455947876,1.75006103515625,1.7670129537582395,1.7107449769973757,1292397.0,0.14888075709208745,1.0,0.2991957104557641
2021-03-19,1.751935958862305,1.7172839641571045,1.776013970375061,1.6861059665679932,1526773.0,0.13447858003957988,1.0,0.2991957104557641
2021-03-20,1.7070670127868652,1.7517850399017334,1.7527650594711304,1.6941109895706177,1422301.0,0.17550445782992025,1.0,0.2991957104557641
2021-03-21,1.7022329568862915,1.706102967262268,1.7154970169067385,1.6479610204696655,964880.0,0.19417224610478126,1.0,0.2991957104557641
2021-03-22,1.696094989776611,1.7031840085983276,1.814697027206421,1.6860049962997437,1950006.0,0.2110671464595279,1.0,0.2991957104557641
2021-03-23,1.607064962387085,1.6961729526519775,1.7132970094680786,1.5967010259628296,1228139.0,0.2964124034810969,1.0,0.2991957104557641
2021-03-24,1.4722789525985718,1.6076539754867554,1.659896969795227,1.4684289693832395,1275839.0,0.4436081236952315,1.0,0.2991957104557641
2021-03-25,1.438146948814392,1.47223699092865,1.4978469610214231,1.4128689765930176,958024.0,0.512447285534519,1.0,0.2991957104557641
2021-03-26,1.5906319618225098,1.43362295627594,1.5906319618225098,1.433197021484375,892720.0,0.39780110083137554,1.0,0.2991957104557641
2021-03-27,1.6234699487686155,1.5901110172271729,1.626126050949097,1.575700044631958,915979.0,0.3989357992123011,1.0,0.2991957104557641
2021-03-28,1.745319962501526,1.6235450506210327,1.7861759662628174,1.6106430292129517,1125296.0,0.32421436184690644,1.0,0.2991957104557641
2021-03-29,1.8112239837646484,1.7452540397644043,1.811342000961304,1.704563021659851,1056353.0,0.29792963891884294,1.0,0.2991957104557641
2021-03-30,1.830003023147583,1.812425971031189,1.8711320161819456,1.809538960456848,1101222.0,0.31136728969594385,1.0,0.2991957104557641
2021-03-31,1.7841730117797852,1.829892992973328,1.8415789604187007,1.7509440183639526,1006671.0,0.3722000810731644,1.0,0.2991957104557641
2021-04-01,1.823114991188049,1.784332036972046,1.8538769483566284,1.7788640260696411,913288.0,0.3718987616845363,1.0,0.2991957104557641
2021-04-02,1.8664909601211548,1.8248120546340945,1.8690509796142576,1.8177939653396609,922203.0,0.3631208748771576,1.0,0.2991957104557641
2021-04-03,1.9605720043182373,1.869977951049805,1.9991730451583865,1.8600579500198364,1224419.0,0.3211366063659861,1.0,0.2991957104557641
2021-04-04,2.0983479022979736,1.963857054710388,2.150728940963745,1.945619940757752,1643337.0,0.2527673146077386,1.0,0.2991957104557641
2021-04-05,2.08215594291687,2.099962949752808,2.1646289825439453,2.036457061767578,1547632.0,0.28093448689168166,1.0,0.2991957104557641
2021-04-06,2.1134109497070312,2.0822319984436035,2.1235079765319824,1.9734489917755127,1382207.0,0.2824986831993726,1.0,0.2991957104557641
2021-04-07,2.0913069248199463,2.1188199520111084,2.139647960662842,1.9214849472045896,1615576.0,0.3159165784841198,1.0,0.2991957104557641
2021-04-08,2.189100980758667,2.090691089630127,2.189363956451416,2.076137065887451,1578610.0,0.27199740477174567,1.0,0.2991957104557641
2021-04-09,2.316922903060913,2.1893560886383057,2.3991661071777344,2.184401035308838,2021077.0,0.2164483146219458,1.0,0.2991957104557641
2021-04-10,2.347438097000122,2.317357063293457,2.424290895462036,2.3007049560546875,1580900.0,0.21103258191328766,1.0,0.2991957104557641
2021-04-11,2.3567779064178467,2.347453117370605,2.3683290481567383,2.2055439949035645,3296519.0,0.21378839727859555,1.0,0.2991957104557641
2021-04-12,2.3085029125213623,2.356844902038574,2.403511047363281,2.25949501991272,1422257.0,0.2500350501205104,1.0,0.2991957104557641
2021-04-13,2.3372349739074707,2.311229944229126,2.350505113601685,2.2460289001464844,1370373.0,0.24342703306636262,1.0,0.2991957104557641
2021-04-14,2.2750039100646973,2.3370931148529053,2.343029022216797,2.1791698932647705,1545517.0,0.29054474543122666,1.0,0.2991957104557641
2021-04-15,2.3068220615386963,2.2695040702819824,2.400077104568481,2.2376229763031006,1405403.0,0.2838168341823323,1.0,0.2991957104557641
2021-04-16,2.253514051437378,2.3070080280303955,2.375761032104492,2.1938669681549072,1208011.0,0.3312809963379939,1.0,0.2991957104557641
2021-04-17,2.1645190715789795,2.253294944763184,2.286020040512085,2.142209053039551,1010882.0,0.38701974073571066,1.0,0.2991957104557641
2021-04-18,2.246490001678467,2.164597988128662,2.266477108001709,1.8134139776229856,2531263.0,0.3421939311084513,1.0,0.2991957104557641
2021-04-19,2.2386069297790527,2.2456629276275635,2.484713077545166,2.1727330684661865,2316211.0,0.3465052718236036,1.0,0.2991957104557641
2021-04-20,2.217041015625,2.2384369373321533,2.2442290782928467,2.0209689140319824,1817543.0,0.3550812396009697,1.0,0.2991957104557641
2021-04-21,2.319261074066162,2.2171080112457275,2.430917978286743,2.166512012481689,1379820.0,0.28526087968145764,1.0,0.2991957104557641
2021-04-22,2.5372560024261475,2.319087028503418,2.6800129413604736,2.2952139377593994,2336922.0,0.16741581346892406,1.0,0.2991957104557641
2021-04-23,2.378513097763061,2.540016889572144,2.595407009124756,2.099468946456909,1825486.0,0.23901800648031885,1.0,0.2991957104557641
2021-04-24,2.5457539558410645,2.3850040435791016,2.6089820861816406,2.251215934753418,2017920.0,0.15325524001453125,1.0,0.2991957104557641
2021-04-25,2.8154759407043457,2.5405070781707764,2.8356099128723145,2.5158140659332275,1845981.0,0.034421975180799105,1.0,0.2991957104557641
2021-04-26,3.0294299125671387,2.8161211013793945,3.2521190643310547,2.8027210235595703,2718107.0,-0.05131540160038092,0.0,0.40160857908847186
2021-04-27,3.1351330280303955,3.030608892440796,3.3243930339813232,3.030608892440796,3089248.0,-0.09818107033384259,-1.0,0.2991957104557641
2021-04-28,3.151249885559082,3.130268096923828,3.1952970027923584,2.933269023895264,2056167.0,-0.11654706095420399,-1.0,0.2991957104557641
2021-04-29,3.026840925216675,3.154895067214966,3.16080093383789,2.912287950515747,2328566.0,-0.09072130166135364,0.0,0.40160857908847186
2021-04-30,3.0804569721221924,3.026854991912842,3.148768901824951,2.979247093200684,2015632.0,-0.11857961526149441,-1.0,0.2991957104557641
2021-05-01,3.3968770503997803,3.078989028930664,3.423659086227417,3.006179094314575,1667072.0,-0.21331600189962685,-1.0,0.2991957104557641
2021-05-02,3.3341329097747803,3.396656036376953,3.4386351108551025,3.257690906524658,1633443.0,-0.20852047124299586,-1.0,0.2991957104557641
2021-05-03,3.515494108200073,3.337445020675659,3.648273944854736,3.328691005706787,2734187.0,-0.26172710741217503,-1.0,0.2991957104557641
2021-05-04,3.246445894241333,3.528215885162353,3.5697059631347656,3.183614015579224,2083707.0,-0.21060598953768203,-1.0,0.2991957104557641
2021-05-05,3.4303529262542725,3.245551109313965,3.456144094467163,3.2084760665893555,1688511.0,-0.2633487799037708,-1.0,0.2991957104557641
2021-05-06,3.3322110176086426,3.430159091949463,3.4422709941864014,3.241879940032959,2281195.0,-0.25255738734720035,-1.0,0.2991957104557641
2021-05-07,3.3097939491271973,3.332606077194214,3.402017116546631,3.170440912246704,1716847.0,-0.25816804538151583,-1.0,0.2991957104557641
2021-05-08,3.500335931777954,3.310434103012085,3.558250904083252,3.2870919704437256,1776699.0,-0.30971677812062864,-1.0,0.2991957104557641
2021-05-09,3.4205451011657715,3.5067429542541504,3.5458250045776367,3.3868401050567627,1545652.0,-0.3052643662028329,-1.0,0.2991957104557641
2021-05-10,3.23055100440979,3.4206430912017822,3.5268540382385254,3.089740037918091,2545286.0,-0.27689065236064614,-1.0,0.2991957104557641
2021-05-11,3.4012811183929443,3.2435309886932373,3.414786100387573,3.088500022888184,2755368.0,-0.3266646042757444,-1.0,0.2991957104557641
2021-05-12,3.1284639835357666,3.40116810798645,3.5585179328918457,3.1284639835357666,4386318.0,-0.27874918865494025,-1.0,0.2991957104557641
2021-05-13,2.9265589714050293,3.0990560054779053,3.2409379482269287,2.785871982574463,3020777.0,-0.23795067708615925,-1.0,0.2991957104557641
2021-05-14,3.1110589504241943,2.9277679920196533,3.225794076919556,2.905308961868286,1443675.0,-0.29261067957050524,-1.0,0.2991957104557641
2021-05-15,2.992326021194458,3.128690958023072,3.132666110992432,2.848153114318848,1285802.0,-0.2740197901914033,-1.0,0.2991957104557641
2021-05-16,3.2290260791778564,2.990125894546509,3.497364044189453,2.951910972595215,1195980.0,-0.33858822222839163,-1.0,0.2991957104557641
2021-05-17,3.124186992645264,3.245697021484375,3.4529929161071777,3.0313470363616943,1383728.0,-0.3280311876850134,-1.0,0.2991957104557641
2021-05-18,3.4862639904022217,3.1162149906158447,3.620119094848633,3.079061985015869,1653467.0,-0.4123047956785767,-1.0,0.2991957104557641
2021-05-19,2.233967065811157,3.482784032821656,3.537307024002075,2.000598907470703,3071050.0,-0.0884980886877893,0.0,0.40160857908847186
2021-05-20,2.662316083908081,2.219680070877075,2.7792439460754395,1.9970489740371704,2232998.0,-0.24965627992471812,-1.0,0.2991957104557641
2021-05-21,2.208872079849243,2.6721699237823486,2.811405897140503,2.005820035934448,2498537.0,-0.10645881081874273,-1.0,0.2991957104557641
2021-05-22,1.8962299823760984,2.215790033340454,2.327379941940308,1.8962299823760984,1346688.0,0.034856572893989024,1.0,0.2991957104557641
2021-05-23,1.569975972175598,1.8960429430007928,1.992411017417908,1.2772669792175293,1453155.0,0.2518799668608291,1.0,0.2991957104557641
2021-05-24,1.934928059577942,1.5600260496139526,1.9927259683609009,1.554401993751526,1178451.0,0.007604206654861098,0.0,0.40160857908847186
2021-05-25,1.898121953010559,1.935969948768616,2.049428939819336,1.686663031578064,1109164.0,0.019859834379445912,0.0,0.40160857908847186
2021-05-26,2.190026998519897,1.901491045951844,2.28872299194336,1.8356659412384035,1015355.0,-0.12519072400678913,-1.0,0.2991957104557641
2021-05-27,2.063030958175659,2.19120192527771,2.1936309337615967,1.961894035339356,839111.0,-0.07747854994505361,0.0,0.40160857908847186
2021-05-28,1.800096035003662,2.0630009174346924,2.105067014694214,1.770658016204834,763770.0,0.056148406405833004,1.0,0.2991957104557641
2021-05-29,1.642295002937317,1.799898982048035,1.858247995376587,1.6012669801712036,836958.0,0.16064942176459174,1.0,0.2991957104557641
2021-05-30,1.764327049255371,1.642441987991333,1.8282150030136108,1.6069179773330688,637697.0,0.07868618358624802,1.0,0.2991957104557641
2021-05-31,2.011193037033081,1.7645089626312256,2.01123309135437,1.7544859647750854,753982.0,-0.058975263408868786,0.0,0.40160857908847186
2021-06-01,1.89439594745636,2.011220932006836,2.020677089691162,1.886252999305725,687442.0,-0.0035939649853427603,0.0,0.40160857908847186
2021-06-02,2.023797035217285,1.894587039947509,2.174721956253052,1.8849159479141235,780863.0,-0.06992583719938457,0.0,0.40160857908847186
2021-06-03,2.2662649154663086,2.023736000061035,2.28239107131958,2.01807188987732,1018576.0,-0.17716264512534133,-1.0,0.2991957104557641
2021-06-04,2.12336802482605,2.26663589477539,2.26794695854187,2.0078399181365967,816044.0,-0.1276243832002534,-1.0,0.2991957104557641
2021-06-05,2.201035976409912,2.123100996017456,2.315851926803589,2.121994972229004,1016431.0,-0.16441173391004194,-1.0,0.2991957104557641
2021-06-06,2.2863121032714844,2.202622890472412,2.291156053543091,2.1960790157318115,809859.0,-0.20361338145738334,-1.0,0.2991957104557641
2021-06-07,2.169421911239624,2.286309003829956,2.481321096420288,2.16070294380188,1180795.0,-0.16731625166291816,-1.0,0.2991957104557641
2021-06-08,2.179374933242798,2.1658859252929688,2.1965579986572266,1.88264000415802,1271592.0,-0.1790238517454565,-1.0,0.2991957104557641
2021-06-09,2.249527931213379,2.177643060684204,2.340536117553711,2.0842959880828857,895710.0,-0.2122292761900008,-1.0,0.2991957104557641
2021-06-10,2.145390033721924,2.2507920265197754,2.288585901260376,2.134408950805664,956436.0,-0.18186196729247295,-1.0,0.2991957104557641
2021-06-11,1.9398969411849976,2.1453399658203125,2.151000022888184,1.939113974571228,1098452.0,-0.10165749850903659,-1.0,0.2991957104557641
2021-06-12,1.934443950653076,1.9415949583053589,1.95654296875,1.8890360593795776,909675.0,-0.10442434726632135,-1.0,0.2991957104557641
2021-06-13,2.046998977661133,1.9344489574432373,2.1516671180725098,1.897223949432373,974927.0,-0.1621683663753463,-1.0,0.2991957104557641
2021-06-14,2.087362051010132,2.0469720363616943,2.129404067993164,2.036386013031006,966177.0,-0.18827910025389974,-1.0,0.2991957104557641
2021-06-15,2.168581962585449,2.1536900997161865,2.216459035873413,2.1090009212493896,977167.0,-0.23014362355552498,-1.0,0.2991957104557641
2021-06-16,2.0847930908203125,2.1280229091644287,2.151592969894409,2.078218936920166,860922.0,-0.20931410395292635,-1.0,0.2991957104557641
2021-06-17,2.0561110973358154,2.084614992141724,2.1537420749664307,2.033582925796509,792889.0,-0.20945421611951826,-1.0,0.2991957104557641
2021-06-18,1.960677981376648,2.0561559200286865,2.0561559200286865,1.9466630220413208,775572.0,-0.1822619800996622,-1.0,0.2991957104557641
2021-06-19,1.870404958724976,1.9607850313186648,1.9685120582580569,1.8675010204315183,710895.0,-0.15115127337669254,-1.0,0.2991957104557641
2021-06-20,1.8309149742126465,1.870138049125672,1.8801039457321167,1.6871089935302734,795544.0,-0.14015697926300108,-1.0,0.2991957104557641
2021-06-21,1.426697015762329,1.8307969570159912,1.8315409421920776,1.4159760475158691,940404.0,0.10396242674842465,1.0,0.2991957104557641
2021-06-22,1.4429850578308103,1.4280200004577637,1.5228760242462158,1.1745489835739136,890174.0,0.09277081679696952,1.0,0.2991957104557641
2021-06-23,1.531682014465332,1.4427169561386108,1.6147819757461548,1.4282410144805908,901482.0,0.028339153808017617,0.0,0.40160857908847186
2021-06-24,1.6690289974212646,1.5646339654922483,1.6690289974212646,1.4586819410324097,641593.0,-0.05847378557199824,0.0,0.40160857908847186
2021-06-25,1.4299739599227903,1.6686660051345823,1.677865982055664,1.422937035560608,563003.0,0.10179969133818714,1.0,0.2991957104557641
2021-06-26,1.4557759761810305,1.429872989654541,1.486204981803894,1.3881540298461914,544629.0,0.08446025011271743,1.0,0.2991957104557641
2021-06-27,1.5512299537658691,1.4583359956741333,1.589627027511597,1.4492690563201904,502343.0,0.02020179771084465,0.0,0.40160857908847186
2021-06-28,1.657731056213379,1.5515350103378296,1.703613042831421,1.5455410480499268,692095.0,-0.043512317133628686,0.0,0.40160857908847186
2021-06-29,1.7353999614715576,1.6575380563735962,1.80935800075531,1.655519962310791,670699.0,-0.08312374120647718,0.0,0.40160857908847186
2021-06-30,1.8010209798812866,1.7339040040969849,1.8028939962387085,1.6128300428390503,688044.0,-0.114854948855442,-1.0,0.2991957104557641
2021-07-01,1.6691739559173584,1.8009990453720093,1.8009990453720093,1.6485350131988523,598060.0,-0.04043212015229776,0.0,0.40160857908847186
2021-07-02,1.6728630065917969,1.6697039604187012,1.7231450080871582,1.6269090175628662,634630.0,-0.03792255021238524,0.0,0.40160857908847186
2021-07-03,1.7345609664916992,1.672773003578186,1.7416490316390991,1.6683599948883057,668125.0,-0.06709187261417988,0.0,0.40160857908847186
2021-07-04,1.8539979457855225,1.734442949295044,1.8624659776687624,1.722264051437378,685555.0,-0.12383693454772629,-1.0,0.2991957104557641
2021-07-05,1.7058199644088743,1.854184985160828,1.8547760248184204,1.7058199644088743,637629.0,-0.038967989172194115,0.0,0.40160857908847186
2021-07-06,1.7267940044403076,1.70557701587677,1.838034987449646,1.70557701587677,580214.0,-0.041402128716104325,0.0,0.40160857908847186
2021-07-07,1.7781670093536377,1.726878046989441,1.8004050254821775,1.7236069440841677,759357.0,-0.06306124251207368,0.0,0.40160857908847186
2021-07-08,1.698425054550171,1.7792320251464844,1.781705021858215,1.6914390325546265,672494.0,-0.009935121946974029,0.0,0.40160857908847186
2021-07-09,1.7103500366210938,1.6983799934387207,1.7220040559768677,1.6821409463882446,667725.0,-0.006836181445686273,0.0,0.40160857908847186
2021-07-10,1.628093957901001,1.710286021232605,1.7221659421920776,1.607087016105652,589700.0,0.05675359997867825,1.0,0.2991957104557641
2021-07-11,1.702244997024536,1.6279670000076294,1.713405966758728,1.611258029937744,622861.0,0.02089909209490057,0.0,0.40160857908847186
2021-07-12,1.6050039529800415,1.7022919654846191,1.7089519500732422,1.5748250484466553,640081.0,0.10010007474515453,1.0,0.2991957104557641
2021-07-13,1.5388309955596924,1.6047519445419312,1.607714056968689,1.5312399864196775,594963.0,0.16648979802303104,1.0,0.2991957104557641
2021-07-14,1.6064130067825315,1.5385090112686155,1.61080002784729,1.4753869771957395,323140.0,0.1421938936307626,1.0,0.2991957104557641
2021-07-15,1.4901859760284424,1.6066770553588867,1.6110550165176392,1.472553014755249,541203.0,0.2667260808813282,1.0,0.2991957104557641
2021-07-16,1.4254390001296997,1.4913660287857056,1.5162750482559204,1.392043948173523,495451.0,0.36334263008355705,1.0,0.2991957104557641
2021-07-17,1.3731019496917725,1.4253849983215332,1.4275590181350708,1.3679850101470947,343500.0,0.4665572149299374,1.0,0.2991957104557641
2021-07-18,1.4102280139923096,1.373183012008667,1.475203037261963,1.372318983078003,373689.0,0.47794402771379174,1.0,0.2991957104557641
2021-07-19,1.3211820125579834,1.4102050065994265,1.4123480319976809,1.3132760524749756,380808.0,0.6379437977436907,1.0,0.2991957104557641
2021-07-20,1.2525490522384644,1.3210879564285278,1.3297510147094729,1.1960400342941284,420550.0,0.7890357778513151,1.0,0.2991957104557641
2021-07-21,1.370242953300476,1.2523930072784424,1.384858012199402,1.2418899536132812,393555.0,0.686989157510276,1.0,0.2991957104557641
2021-07-22,1.4023900032043457,1.370393991470337,1.4069859981536863,1.360874056816101,372478.0,0.7001708455172941,1.0,0.2991957104557641
2021-07-23,1.4497510194778442,1.4023720026016235,1.5172189474105835,1.3997650146484375,305732.0,0.686538283484466,1.0,0.2991957104557641
2021-07-24,1.5016109943389893,1.4496829509735107,1.5593589544296265,1.4455770254135132,571176.0,0.6697174807758963,1.0,0.2991957104557641
2021-07-25,1.4752540588378906,1.5014660358428955,1.5529849529266355,1.429600954055786,337402.0,0.7435961798345869,1.0,0.2991957104557641
2021-07-26,1.5520999431610107,1.4753010272979736,1.6996519565582275,1.474984049797058,434186.0,0.7109113514421476,1.0,0.2991957104557641
2021-07-27,1.5615040063858032,1.552088975906372,1.5748610496520996,1.4744110107421875,373005.0,0.7603799729098253,1.0,0.2991957104557641
2021-07-28,1.557737946510315,1.5615730285644531,1.587188959121704,1.5470269918441772,660984.0,0.8233967766599453,1.0,0.2991957104557641
2021-07-29,1.673995018005371,1.5577069520950315,1.7342339754104614,1.549836039543152,1324456.0,0.7590393436690136,1.0,0.2991957104557641
2021-07-30,1.7547470331192017,1.673882007598877,1.7801769971847534,1.6430660486221311,1341418.0,0.7357604165215965,1.0,0.2991957104557641
2021-07-31,1.9129259586334229,1.7547359466552734,1.917752981185913,1.751947045326233,1366158.0,0.6460697896918424,1.0,0.2991957104557641
2021-08-01,1.8975900411605835,1.9127709865570068,1.9287240505218504,1.88912296295166,1637105.0,0.7230816248369234,1.0,0.2991957104557641
2021-08-02,1.9098429679870603,1.89677095413208,1.919543981552124,1.885735034942627,1315981.0,0.7857540356286569,1.0,0.2991957104557641
2021-08-03,1.9204809665679927,1.909801006317139,1.9482879638671875,1.7689850330352783,1456730.0,0.84484366141073,1.0,0.2991957104557641
2021-08-04,2.0149528980255127,1.9214529991149905,2.0324020385742188,1.839949011802673,1628790.0,0.8237811489618492,1.0,0.2991957104557641
2021-08-05,2.052989959716797,2.014986038208008,2.098033905029297,1.954913020133972,1370344.0,0.8665518821630442,1.0,0.2991957104557641
2021-08-06,2.183998107910156,2.053133010864258,2.2349140644073486,1.991286039352417,1417016.0,0.8263022977992552,1.0,0.2991957104557641
2021-08-07,2.237304925918579,2.1840240955352783,2.2916951179504395,2.0994560718536377,1381852.0,0.8610352056924508,1.0,0.2991957104557641
2021-08-08,2.121608018875122,2.2370009422302246,2.251472949981689,2.0109028816223145,1263764.0,1.0480334369387152,1.0,0.2991957104557641
2021-08-09,2.194982051849365,2.1218349933624268,2.3111910820007324,2.028510093688965,957699.0,1.0570944288943092,1.0,0.2991957104557641
2021-08-10,2.257766962051392,2.195085048675537,2.329988956451416,2.1627440452575684,665833.0,1.0743703563373983,1.0,0.2991957104557641
2021-08-11,2.3268580436706543,2.2578370571136475,2.427993059158325,2.257637023925781,1122863.0,1.0843908594658564,1.0,0.2991957104557641
2021-08-12,2.2566840648651123,2.326838970184326,2.4313979148864746,2.184200048446656,755196.0,1.2194355031563453,1.0,0.2991957104557641
2021-08-13,2.4960310459136963,2.257282018661499,2.496735095977783,2.25346302986145,1047079.0,1.0626634749285828,1.0,0.2991957104557641
2021-08-14,2.4785330295562744,2.496166944503784,2.538654088973999,2.366130113601685,827237.0,1.1338735217355294,1.0,0.2991957104557641
2021-08-15,2.8801560401916504,2.478250026702881,2.9515271186828613,2.3558950424194336,847410.0,0.8776602589971234,1.0,0.2991957104557641
2021-08-16,3.180500030517578,2.880384922027588,3.4818830490112305,2.8604109287261963,1256746.0,0.7324029188303374,1.0,0.2991957104557641
2021-08-17,3.207977056503296,3.174015998840332,3.47825288772583,3.029741048812866,1132275.0,0.7568838561745985,1.0,0.2991957104557641
2021-08-18,3.6249680519104,3.2080678939819336,3.8564159870147705,3.043299913406372,1393649.0,0.580251599424581,1.0,0.2991957104557641
2021-08-19,3.666404008865357,3.626847982406616,3.760432004928589,3.4706430435180664,1392687.0,0.5793043430741018,1.0,0.2991957104557641
2021-08-20,3.8742640018463135,3.666482925415039,3.901988029479981,3.529932975769043,1177714.0,0.5057211982874171,1.0,0.2991957104557641
2021-08-21,3.7112109661102295,3.874646902084351,3.999810934066773,3.669091939926148,1044676.0,0.5930694158055401,1.0,0.2991957104557641
2021-08-22,3.633600950241089,3.710258960723877,3.9146571159362793,3.557514905929565,741394.0,0.6503180365287665,1.0,0.2991957104557641
2021-08-23,3.7293529510498047,3.631356000900269,3.78952693939209,3.6077630519866943,1070051.0,0.6260313672321512,1.0,0.2991957104557641
2021-08-24,3.394006967544556,3.7297749519348153,3.8997418880462646,3.3858439922332764,958460.0,0.8084333018896352,1.0,0.2991957104557641
2021-08-25,3.492187976837158,3.398093938827514,3.553467035293579,3.2660679817199707,913036.0,0.7776380518270333,1.0,0.2991957104557641
2021-08-26,3.5546529293060303,3.4943668842315674,3.6098461151123047,3.2216811180114746,1025918.0,0.7656341061062915,1.0,0.2991957104557641
2021-08-27,4.216358184814453,3.5572049617767334,4.241898059844971,3.4995579719543457,1913040.0,0.49798606851305494,1.0,0.2991957104557641
2021-08-28,4.54822301864624,4.215431213378906,4.604506015777588,4.11729621887207,1205124.0,0.39628473097711703,1.0,0.2991957104557641
2021-08-29,4.486824989318848,4.552235126495361,4.566976070404053,4.343612194061279,3436588.0,0.42608502286612093,1.0,0.2991957104557641
2021-08-30,5.009954929351807,4.482632160186768,5.325230121612549,4.463200092315674,2832912.0,0.28711673511705027,1.0,0.2991957104557641
2021-08-31,4.9930620193481445,5.01118278503418,5.852982044219971,4.7852301597595215,3514502.0,0.3034961307002725,1.0,0.2991957104557641
2021-09-01,5.208580017089844,4.985915184020996,5.379088878631592,4.881892204284668,1561978.0,0.26100812272319135,1.0,0.2991957104557641
2021-09-02,5.766162872314453,5.21550989151001,5.918272972106934,5.145933151245117,1285305.0,0.14498328047007572,1.0,0.2991957104557641
2021-09-03,6.415675163269043,5.775798797607422,6.529642105102539,5.775798797607422,1773510.0,0.03090493796715276,0.0,0.40160857908847186
2021-09-04,6.159756183624268,6.417723178863525,6.542708873748779,6.036317825317383,1049436.0,0.07526782994508802,1.0,0.2991957104557641
2021-09-05,6.2340240478515625,6.159212112426758,6.326218128204346,5.994499206542969,549802.0,0.06352621611363764,1.0,0.2991957104557641
2021-09-06,7.082723140716553,6.233333110809326,7.120518207550049,6.116269111633301,1801424.0,-0.06628587602678337,0.0,0.40160857908847186
2021-09-07,7.196109771728516,7.082489967346191,8.209380149841309,5.944742202758789,3278348.0,-0.08394978251097188,0.0,0.40160857908847186
2021-09-08,7.839303970336914,7.211391925811768,8.064131736755371,6.1887030601501465,1609680.0,-0.16589489539429297,-1.0,0.2991957104557641
2021-09-09,7.927077770233154,8.542576789855957,8.917962074279785,7.666265964508057,1842949.0,-0.18239067373235315,-1.0,0.2991957104557641
2021-09-10,7.640140056610107,7.943766117095947,8.229448318481445,7.172060012817383,2108344.0,-0.15695912819038935,-1.0,0.2991957104557641
2021-09-11,7.638871192932129,7.663361072540283,8.25854206085205,7.611090183258057,791789.0,-0.16259264117807667,-1.0,0.2991957104557641
2021-09-12,7.659235000610352,7.656937122344971,7.873178958892822,7.441619873046875,615388.0,-0.1703303014677592,-1.0,0.2991957104557641
2021-09-13,7.328143119812012,7.656661987304687,7.656661987304687,6.645967960357666,827995.0,-0.13531428350890112,-1.0,0.2991957104557641
2021-09-14,6.9730658531188965,7.330153942108154,7.363745212554932,6.429093837738037,559505.0,-0.09314458006483911,0.0,0.40160857908847186
2021-09-15,6.971458911895752,6.925427913665772,7.183524131774902,6.781722068786621,736668.0,-0.09443668007755565,0.0,0.40160857908847186
2021-09-16,6.690669059753418,6.974752902984619,7.098355770111084,6.52567195892334,738021.0,-0.05716262601246494,0.0,0.40160857908847186
2021-09-17,6.442996025085449,6.690938949584961,6.730523109436035,6.065866947174072,2310322.0,-0.02064174972035848,0.0,0.40160857908847186
2021-09-18,7.244315147399902,6.436707019805908,7.293417930603027,6.306583881378174,3105828.0,-0.12872980161830597,-1.0,0.2991957104557641
2021-09-19,6.579158782958984,7.244682788848877,7.309819221496582,6.524074077606201,1413042.0,-0.03525674604290517,0.0,0.40160857908847186
2021-09-20,5.6506028175354,6.578540802001953,6.596735954284668,5.6278839111328125,1662492.0,0.1359517493964012,1.0,0.2991957104557641
2021-09-21,5.256461143493652,5.663865089416504,6.111371040344238,5.056200981140137,954654.0,0.23720672631113726,1.0,0.2991957104557641
2021-09-22,6.228178977966309,5.256275177001953,6.313413143157959,5.2125678062438965,986229.0,0.05364442596213373,1.0,0.2991957104557641
2021-09-23,6.333776950836182,6.229121208190918,6.391608238220215,6.036438941955566,713549.0,0.04641852117607213,1.0,0.2991957104557641
2021-09-24,5.887679100036621,6.333961009979248,6.339768886566162,5.454724788665772,850576.0,0.1370762423426939,1.0,0.2991957104557641
2021-09-25,5.755298137664795,5.883688926696777,5.955718994140625,5.676904201507568,421753.0,0.17223402429713663,1.0,0.2991957104557641
2021-09-26,5.732540130615234,5.754087924957275,5.947218894958496,5.270740985870361,462853.0,0.18833277477439708,1.0,0.2991957104557641
2021-09-27,5.742499828338623,5.73374605178833,6.131961822509766,5.66616678237915,326181.0,0.19906490766962595,1.0,0.2991957104557641
2021-09-28,5.490898132324219,5.730236053466797,5.82065486907959,5.425220012664795,639201.0,0.2675358576732346,1.0,0.2991957104557641
2021-09-29,5.654416084289551,5.503966808319092,5.838216781616211,5.503966808319092,1496775.0,0.24464617010887854,1.0,0.2991957104557641
2021-09-30,6.0221710205078125,5.656051158905029,6.756214141845703,5.629752159118652,96799804.0,0.17994958176186882,1.0,0.2991957104557641
2021-10-01,6.6036481857299805,6.035709857940674,6.750304222106934,5.862667083740234,28033736.0,0.08673523184662067,1.0,0.2991957104557641
2021-10-02,6.914348125457764,6.612127780914307,7.183477878570557,6.4172539710998535,14076636.0,0.055726121033301115,1.0,0.2991957104557641
2021-10-03,7.116569995880127,6.910148143768311,7.313340187072754,6.822549819946289,9493298.0,0.03817919480072035,1.0,0.2991957104557641
2021-10-04,6.857310771942139,7.116208076477051,7.120364189147949,6.667603015899658,7830128.0,0.08914437433448698,1.0,0.2991957104557641
2021-10-05,6.792991161346436,6.868030071258545,6.991683006286621,6.6107940673828125,5161361.0,0.11518570472910329,1.0,0.2991957104557641
2021-10-06,6.4617228507995605,6.799754142761231,6.819657802581787,6.248880863189697,4020347.0,0.1884661656722294,1.0,0.2991957104557641
2021-10-07,6.447154998779297,6.461027145385742,6.700985908508301,6.293007850646973,2131722.0,0.20765933028511027,1.0,0.2991957104557641
2021-10-08,6.544823169708252,6.447301864624023,6.938137054443359,6.371376991271973,2473819.0,0.20377213882871492,1.0,0.2991957104557641
2021-10-09,6.516407012939453,6.567870140075684,6.70168399810791,6.453978061676025,2207724.0,0.2218874223468406,1.0,0.2991957104557641
2021-10-10,6.137081146240234,6.504938125610352,6.565651893615723,6.127155780792236,1462906.0,0.31348232730595926,1.0,0.2991957104557641
2021-10-11,6.085453987121582,6.137631893157959,6.4190850257873535,5.883653163909912,2280081.0,0.33993510248530767,1.0,0.2991957104557641
2021-10-12,6.3504638671875,6.085801124572754,6.37616777420044,5.785268783569336,2556402.0,0.2995553987238817,1.0,0.2991957104557641
2021-10-13,6.22756290435791,6.352180004119873,6.423658847808838,6.021274089813232,2330188.0,0.34103181158924256,1.0,0.2991957104557641
2021-10-14,6.3084588050842285,6.22736406326294,6.501251220703125,6.179018020629883,2192206.0,0.3389393488993066,1.0,0.2991957104557641
2021-10-15,6.749118804931641,6.308403015136719,6.834587097167969,6.197950839996338,3747327.0,0.26020328729593656,1.0,0.2991957104557641
2021-10-16,6.557765960693359,6.749208927154541,6.844247817993164,6.521313190460205,1434605.0,0.3066119793469352,1.0,0.2991957104557641
2021-10-17,6.636576175689697,6.549881935119629,6.925445079803467,6.392620086669922,2696315.0,0.29587084749943404,1.0,0.2991957104557641
2021-10-18,6.534360885620117,6.636576175689697,6.738955974578857,6.42697811126709,2215187.0,0.32509899306734286,1.0,0.2991957104557641
2021-10-19,6.500226974487305,6.534186840057373,6.611852169036865,6.398001194000244,1502341.0,0.341947854597474,1.0,0.2991957104557641
2021-10-20,7.300461769104004,6.500274181365967,7.303863048553467,6.482542037963867,5666694.0,0.20203029930481542,1.0,0.2991957104557641
2021-10-21,7.713339805603027,7.305380821228027,7.917070865631103,7.296839237213135,18340104.0,0.14044926947846215,1.0,0.2991957104557641
2021-10-22,7.942222118377685,7.709351062774658,8.650520324707031,7.652513027191162,9005874.0,0.11037729270336488,1.0,0.2991957104557641
2021-10-23,7.961002826690674,7.969060897827148,8.287737846374512,7.797722816467285,2766034.0,0.10954946668648846,1.0,0.2991957104557641
2021-10-24,8.114802360534668,7.957733154296875,8.226860046386719,7.505533218383789,2129032.0,0.08855236124170832,1.0,0.2991957104557641
2021-10-25,8.429631233215332,8.114290237426758,8.790724754333496,8.001274108886719,4715211.0,0.04443934726622334,1.0,0.2991957104557641
2021-10-26,8.030351638793945,8.441635131835938,8.56542682647705,7.976553916931152,3781942.0,0.09466007964969503,1.0,0.2991957104557641
2021-10-27,7.413418769836426,8.030232429504395,8.283052444458008,7.284292221069336,2189532.0,0.18776536558409157,1.0,0.2991957104557641
2021-10-28,7.832028865814209,7.39029598236084,8.051840782165527,7.316618919372559,2310792.0,0.12525702886248394,1.0,0.2991957104557641
2021-10-29,8.09337043762207,7.832643985748291,8.245429039001465,7.832643985748291,1568035.0,0.08947284995346735,1.0,0.2991957104557641
2021-10-30,7.867866039276123,8.093498229980469,8.10988712310791,7.625999927520752,1856202.0,0.12491802517267915,1.0,0.2991957104557641
2021-10-31,8.145201683044434,7.852641105651855,8.264310836791992,7.530196189880371,2453803.0,0.08986985016912225,1.0,0.2991957104557641
2021-11-01,8.2017183303833,8.123746871948242,8.481836318969727,7.970755100250244,2437877.0,0.08232330017005568,1.0,0.2991957104557641
2021-11-02,8.86153507232666,8.20098876953125,8.899015426635742,8.10904598236084,2401766.0,-0.0020857389663337077,0.0,0.40160857908847186
2021-11-03,10.85805320739746,8.861809730529785,59.60906600952149,8.701984405517578,34434566.0,-0.195088355136369,-1.0,0.2991957104557641
2021-11-04,9.952313423156738,10.86678409576416,11.081292152404783,9.570860862731934,6657654.0,-0.12936849148796775,-1.0,0.2991957104557641
2021-11-05,9.427760124206545,9.957131385803224,9.964068412780762,9.196640968322754,13532091.0,-0.0875705929652289,0.0,0.40160857908847186
2021-11-06,10.212037086486816,9.42792510986328,10.24522304534912,9.357086181640623,17665157.0,-0.1656872729696976,-1.0,0.2991957104557641
2021-11-07,9.792677879333496,10.212815284729004,10.213109016418455,9.696544647216797,13663517.0,-0.13867039270947368,-1.0,0.2991957104557641
2021-11-08,9.852848052978516,9.809825897216797,9.979898452758787,9.55686092376709,6722411.0,-0.15440259653524285,-1.0,0.2991957104557641
2021-11-09,9.505107879638672,9.844623565673828,10.04058837890625,9.44902229309082,4928177.0,-0.13262327072615276,-1.0,0.2991957104557641
2021-11-10,9.199286460876465,9.505784034729004,9.841768264770508,8.705881118774414,10406824.0,-0.11195645386175274,-1.0,0.2991957104557641
2021-11-11,9.29330062866211,9.199457168579102,9.70248317718506,9.08544921875,6879426.0,-0.1328567450597923,-1.0,0.2991957104557641
2021-11-12,9.06675910949707,9.281848907470703,9.442855834960938,8.745344161987305,6043107.0,-0.12436654823519808,-1.0,0.2991957104557641
2021-11-13,9.507781982421877,9.077557563781738,9.50936508178711,8.909134864807129,5252239.0,-0.17718231412653962,-1.0,0.2991957104557641
2021-11-14,9.382134437561035,9.52760124206543,9.551348686218262,9.107769966125488,3384531.0,-0.17984012988925158,-1.0,0.2991957104557641
2021-11-15,9.357539176940918,9.391606330871582,9.6982421875,9.259964942932127,5868426.0,-0.19233974631401196,-1.0,0.2991957104557641
2021-11-16,8.624894142150879,9.343783378601074,9.34709644317627,8.476877212524414,6453245.0,-0.1368608271891075,-1.0,0.2991957104557641
2021-11-17,8.57996940612793,8.62295913696289,8.692863464355469,8.244805335998535,4573611.0,-0.14615312647622752,-1.0,0.2991957104557641
2021-11-18,7.6506571769714355,8.579034805297852,8.759483337402344,7.409666061401367,4580497.0,-0.055220804241753504,0.0,0.40160857908847186
2021-11-19,8.407302856445312,7.663698196411133,8.58731460571289,7.459266185760498,4295815.0,-0.15414025095125786,-1.0,0.2991957104557641
2021-11-20,8.557526588439941,8.429662704467773,8.650503158569336,8.044234275817871,3597520.0,-0.18330510848283285,-1.0,0.2991957104557641
2021-11-21,8.977601051330566,8.563679695129395,9.168511390686035,8.295026779174805,6111206.0,-0.2359766655039991,-1.0,0.2991957104557641
2021-11-22,8.394827842712402,8.971574783325195,8.975395202636719,8.28009033203125,5616027.0,-0.1971773675351018,-1.0,0.2991957104557641
2021-11-23,8.652313232421875,8.396204948425293,8.798710823059082,8.230682373046875,3445100.0,-0.23580902467625625,-1.0,0.2991957104557641
2021-11-24,8.41742992401123,8.65164566040039,8.724080085754395,7.894966125488281,3231675.0,-0.2290364541289315,-1.0,0.2991957104557641
2021-11-25,8.123148918151855,8.070303916931152,8.479090690612793,7.964572906494141,4162299.0,-0.21487326698434878,-1.0,0.2991957104557641
2021-11-26,7.4968719482421875,8.270698547363281,8.293996810913086,7.241391181945801,4814426.0,-0.16403652538340982,-1.0,0.2991957104557641
2021-11-27,7.590889930725098,7.497920989990234,7.82686710357666,7.4947991371154785,2808332.0,-0.1903462042809806,-1.0,0.2991957104557641
2021-11-28,7.89011287689209,7.589141845703125,7.921107769012451,7.198941230773926,3438805.0,-0.23722967319565647,-1.0,0.2991957104557641
2021-11-29,8.076620101928711,7.889269828796387,8.335956573486328,7.852713108062744,6293498.0,-0.2723686516259395,-1.0,0.2991957104557641
2021-11-30,8.236148834228516,8.065093040466309,8.614859580993652,7.874380111694336,5154032.0,-0.3031396599012902,-1.0,0.2991957104557641
2021-12-01,8.930169105529785,8.220645904541016,9.082324028015137,8.215929985046387,8713962.0,-0.37571301123263967,-1.0,0.2991957104557641
2021-12-02,8.993374824523926,8.945699691772461,9.388860702514648,8.594979286193848,8014908.0,-0.39865881270401793,-1.0,0.2991957104557641
2021-12-03,8.192153930664062,9.03677463531494,9.26729965209961,8.0364351272583,7260792.0,-0.3575041481637691,-1.0,0.2991957104557641
2021-12-04,7.778059005737305,8.2152738571167,8.24399185180664,6.634762763977051,9007368.0,-0.3414991802009616,-1.0,0.2991957104557641
2021-12-05,7.553133010864258,7.818028926849365,7.911333084106445,7.054191112518311,4795895.0,-0.34054598124199975,-1.0,0.2991957104557641
2021-12-06,7.55308723449707,7.55452299118042,7.663708209991455,6.818041801452637,3348911.0,-0.3606339846276243,-1.0,0.2991957104557641
2021-12-07,7.423533916473389,7.555395126342773,7.914107799530029,7.341934204101562,3218274.0,-0.3699508930145715,-1.0,0.2991957104557641
2021-12-08,7.5837788581848145,7.423239231109619,7.614855766296387,7.137639999389648,2478574.0,-0.4037981874456634,-1.0,0.2991957104557641
2021-12-09,7.062786102294922,7.571737766265869,7.656672954559326,6.962806224822998,2779769.0,-0.37696386606033216,-1.0,0.2991957104557641
2021-12-10,6.551066875457764,7.06532621383667,7.1835551261901855,6.538763046264648,3421382.0,-0.3461754969107804,-1.0,0.2991957104557641
2021-12-11,6.720040798187256,6.552705764770508,6.7823920249938965,6.324987888336182,3831368.0,-0.3804339858796034,-1.0,0.2991957104557641
2021-12-12,6.794729232788086,6.715556144714356,6.905904769897461,6.546977043151856,2604767.0,-0.406538942726733,-1.0,0.2991957104557641
2021-12-13,5.749492168426514,6.777891159057617,6.777891159057617,5.712893962860107,3569408.0,-0.3155650132522677,-1.0,0.2991957104557641
2021-12-14,5.243866920471191,5.750423908233643,5.828672885894775,5.235057830810547,4696302.0,-0.26477505103350985,-1.0,0.2991957104557641
2021-12-15,5.79621696472168,5.4501471519470215,6.000022888183594,5.240859031677246,4753608.0,-0.3520081825496473,-1.0,0.2991957104557641
2021-12-16,5.275862216949463,5.791308879852295,5.814300060272217,5.275862216949463,3981223.0,-0.30510817858994055,-1.0,0.2991957104557641
2021-12-17,4.969132900238037,5.276622772216797,5.353303909301758,4.861998081207275,2679874.0,-0.2787224555099032,-1.0,0.2991957104557641
2021-12-18,5.001583099365234,4.972745895385742,5.120193958282471,4.857911109924316,2507944.0,-0.3013055065363216,-1.0,0.2991957104557641
2021-12-19,4.787843227386475,5.001882076263428,5.067162990570068,4.776980876922607,2556168.0,-0.28754836811380724,-1.0,0.2991957104557641
2021-12-20,4.521111011505127,4.786627769470215,4.799510955810547,4.374141216278076,2942007.0,-0.2649107514211687,-1.0,0.2991957104557641
2021-12-21,4.670258045196533,4.523200035095215,4.840424060821533,4.450135231018066,2854854.0,-0.3097602219125504,-1.0,0.2991957104557641
2021-12-22,4.637179851531982,4.670797824859619,5.095746040344238,4.607562065124512,9371142.0,-0.3228896493845522,-1.0,0.2991957104557641
2021-12-23,4.824271202087402,4.644611835479736,4.891172885894775,4.579801082611084,4578572.0,-0.36771510473345964,-1.0,0.2991957104557641
2021-12-24,4.569582939147949,4.825782775878906,4.859222888946533,4.543447017669678,3551244.0,-0.34924879635238454,-1.0,0.2991957104557641
2021-12-25,4.571094036102295,4.569602012634277,4.736420154571533,4.503314971923828,3457924.0,-0.3680112571246361,-1.0,0.2991957104557641
2021-12-26,4.497811794281006,4.571180820465088,4.617505073547363,4.401097774505615,3786060.0,-0.37713923103875446,-1.0,0.2991957104557641
2021-12-27,4.544580936431885,4.497118949890137,5.732361793518066,4.43972110748291,15520978.0,-0.40314927588564803,-1.0,0.2991957104557641
2021-12-28,3.95798397064209,4.539811134338379,4.539811134338379,3.938730955123901,7768755.0,-0.32901703275130373,-1.0,0.2991957104557641
2021-12-29,3.7151050567626953,3.9686338901519775,4.019742965698242,3.683190107345581,4638428.0,-0.29788011406225534,-1.0,0.2991957104557641
2021-12-30,3.805349111557007,3.711427927017212,3.8060829639434814,3.614798069000244,3678559.0,-0.326846318659896,-1.0,0.2991957104557641
2021-12-31,3.547276020050049,3.806514024734497,3.86824107170105,3.506427049636841,2630048.0,-0.2876068229724874,-1.0,0.2991957104557641
2022-01-01,3.840740919113159,3.547498941421509,3.8754899501800537,3.542227029800415,3754550.0,-0.352821659827422,-1.0,0.2991957104557641
2022-01-02,3.667541980743408,3.84128999710083,3.8737080097198486,3.63935899734497,2968593.0,-0.3345259820782789,-1.0,0.2991957104557641
2022-01-03,3.652520895004273,3.667195081710816,3.667195081710816,3.569133996963501,3314716.0,-0.34365671579682305,-1.0,0.2991957104557641
2022-01-04,3.5629770755767822,3.652179002761841,3.652231931686402,3.543473958969116,3287689.0,-0.33873551997633333,-1.0,0.2991957104557641
2022-01-05,3.247925043106079,3.561573982238769,3.6423239707946777,3.1307051181793213,4715648.0,-0.28431419768424737,-1.0,0.2991957104557641
2022-01-06,3.043874979019165,3.2438950538635254,3.2438950538635254,2.9642300605773926,4388520.0,-0.24399004729952062,-1.0,0.2991957104557641
2022-01-07,2.696875095367432,3.043639898300171,3.0484819412231445,2.696875095367432,3714873.0,-0.15266717114525974,-1.0,0.2991957104557641
2022-01-08,2.55964994430542,2.6958160400390625,2.8174619674682617,2.4531500339508057,3618057.0,-0.09862146281884696,-1.0,0.2991957104557641
2022-01-09,2.600476026535034,2.559370994567871,2.684818983078003,2.4768710136413574,3654674.0,-0.10916989297973895,-1.0,0.2991957104557641
2022-01-10,3.187849998474121,2.6004180908203125,3.3223509788513184,2.579659938812256,33762557.0,-0.27957774507262534,-1.0,0.2991957104557641
2022-01-11,2.803133964538574,3.1823999881744385,3.1823999881744385,2.72171401977539,12386273.0,-0.18495499479637834,-1.0,0.2991957104557641
2022-01-12,2.88838791847229,2.803359031677246,2.924998998641968,2.729612112045288,4308877.0,-0.21378259015828355,-1.0,0.2991957104557641
2022-01-13,2.5994749069213867,2.8872830867767334,2.907697916030884,2.599271059036255,3309907.0,-0.12952278253906177,-1.0,0.2991957104557641
2022-01-14,2.6373770236968994,2.5996971130371094,2.719213962554932,2.5174500942230225,4074965.0,-0.14414658824958793,-1.0,0.2991957104557641
2022-01-15,2.6924490928649902,2.637104034423828,2.7352681159973145,2.614223003387451,3470721.0,-0.1656225150425708,-1.0,0.2991957104557641
2022-01-16,2.611557006835937,2.6907498836517334,2.691340923309326,2.604433059692383,2220631.0,-0.14573598101511953,-1.0,0.2991957104557641
2022-01-17,2.403937101364136,2.6112871170043945,2.6176300048828125,2.3708760738372803,2823605.0,-0.07699773082353872,0.0,0.40160857908847186
2022-01-18,2.3441879749298096,2.4039618968963623,2.416951894760132,2.1746490001678467,3181933.0,-0.05569902352841982,0.0,0.40160857908847186
2022-01-19,2.1361300945281982,2.3443920612335205,2.345396041870117,2.135857105255127,2673332.0,0.03482023611265665,1.0,0.2991957104557641
2022-01-20,2.116744041442871,2.136141061782837,2.2924649715423584,2.115784883499145,1282299.0,0.04038139463125015,1.0,0.2991957104557641
2022-01-21,1.7151390314102173,2.1171979904174805,2.1171979904174805,1.6751569509506226,4322188.0,0.286756121352587,1.0,0.2991957104557641
2022-01-22,1.475947022438049,1.717115044593811,1.7304999828338623,1.3658599853515625,4302735.0,0.5025364988574158,1.0,0.2991957104557641
2022-01-23,1.958287000656128,1.4778289794921875,1.958287000656128,1.4725830554962158,10209252.0,0.1286563159458565,1.0,0.2991957104557641
2022-01-24,1.958073973655701,1.957772970199585,2.5538671016693115,1.863186955451965,44746375.0,0.1266520182167803,1.0,0.2991957104557641
2022-01-25,2.1167120933532715,1.959527969360352,2.184950113296509,1.9056559801101685,12676758.0,0.037376935006838155,1.0,0.2991957104557641
2022-01-26,1.858082056045532,2.116637945175171,2.194124937057495,1.8416539430618288,9388905.0,0.1788664596218501,1.0,0.2991957104557641
2022-01-27,1.7019890546798706,1.8574130535125728,1.8986209630966189,1.6416770219802856,6629978.0,0.28948841865899333,1.0,0.2991957104557641
2022-01-28,1.6942100524902344,1.7018380165100098,1.76527202129364,1.6056640148162842,3813094.0,0.2974613042658688,1.0,0.2991957104557641
2022-01-29,2.143692970275879,1.6925859451293943,2.2936840057373047,1.69241201877594,15515022.0,0.026292528958548833,0.0,0.40160857908847186
2022-01-30,2.201802968978882,2.1450679302215576,2.2863800525665283,2.0579450130462646,12770962.0,-0.004109181861436079,0.0,0.40160857908847186
2022-01-31,2.3056890964508057,2.2025070190429688,2.8779239654541016,2.1562209129333496,45708513.0,-0.05568153290883726,0.0,0.40160857908847186
2022-02-01,2.442331075668335,2.305114984512329,2.5471420288085938,2.2928450107574463,23992031.0,-0.1156815435222341,-1.0,0.2991957104557641
2022-02-02,2.515592098236084,2.440253973007202,2.8510539531707764,2.1407570838928223,30510009.0,-0.1504780668979651,-1.0,0.2991957104557641
2022-02-03,2.227848052978516,2.513247013092041,2.5773329734802246,2.1807219982147217,18920737.0,-0.0476709404836462,0.0,0.40160857908847186
2022-02-04,2.2654380798339844,2.2320470809936523,2.270498991012573,2.132633924484253,10131818.0,-0.06964900856783289,0.0,0.40160857908847186
2022-02-05,2.2433810234069824,2.26609206199646,2.454694986343384,2.2295000553131104,9158704.0,-0.06663915899935191,0.0,0.40160857908847186
2022-02-06,2.237482070922852,2.243433952331543,2.292078971862793,2.183095932006836,7004083.0,-0.07202348668255087,0.0,0.40160857908847186
2022-02-07,2.2984650135040283,2.237133026123047,2.374258041381836,2.196571111679077,9232101.0,-0.1053047686853357,-1.0,0.2991957104557641
2022-02-08,2.183307886123657,2.298686981201172,2.313508987426758,2.091082096099853,7843021.0,-0.06567053938937395,0.0,0.40160857908847186
2022-02-09,3.2656569480896,2.183401107788086,3.7985761165618896,2.147207975387573,112013032.0,-0.3914528793126283,-1.0,0.2991957104557641
2022-02-10,2.900278091430664,3.272676944732666,3.859008073806762,2.899909019470215,146955697.0,-0.3286698485336361,-1.0,0.2991957104557641
2022-02-11,2.548353910446167,2.898911952972412,2.9461710453033447,2.522686004638672,36561251.0,-0.24774185786855882,-1.0,0.2991957104557641
2022-02-12,2.4217660427093506,2.547956943511963,2.54955792427063,2.391998052597046,22026095.0,-0.21889308834852406,-1.0,0.2991957104557641
2022-02-13,2.4474449157714844,2.421539068222046,2.726958990097046,2.3802928924560547,38887637.0,-0.23725679570345926,-1.0,0.2991957104557641
2022-02-14,2.3397250175476074,2.447077989578247,2.447077989578247,2.2856719493865967,21459111.0,-0.21154006009873316,-1.0,0.2991957104557641
2022-02-15,2.4589591026306152,2.340063095092773,2.5048060417175293,2.338886976242065,16830359.0,-0.25902733752264717,-1.0,0.2991957104557641
2022-02-16,2.3503940105438232,2.459224939346313,2.466826915740967,2.321800947189331,9596233.0,-0.23412191926075848,-1.0,0.2991957104557641
2022-02-17,2.1136460304260254,2.3502769470214844,2.3512539863586426,2.113461971282959,9175080.0,-0.1546357979178083,-1.0,0.2991957104557641
2022-02-18,2.016103982925415,2.114253044128418,2.1841859817504883,2.0124011039733887,6533852.0,-0.11735574564757756,-1.0,0.2991957104557641
2022-02-19,2.1771349906921387,2.0160999298095703,2.3273348808288574,1.948902010917664,23696933.0,-0.18790937837223098,-1.0,0.2991957104557641
2022-02-20,2.036663055419922,2.1767539978027344,2.2351200580596924,1.9439589977264404,41137438.0,-0.13396576229481133,-1.0,0.2991957104557641
2022-02-21,1.8514790534973145,2.0364251136779785,2.101032018661499,1.8514790534973145,13445289.0,-0.04762209263506826,0.0,0.40160857908847186
2022-02-22,1.8669639825820925,1.851246953010559,1.9065619707107544,1.787703037261963,8876764.0,-0.05498778025338891,0.0,0.40160857908847186
2022-02-23,1.8183029890060425,1.866039037704468,1.939857006072998,1.8142640590667725,7730511.0,-0.026669816068032634,0.0,0.40160857908847186
2022-02-24,1.720486044883728,1.817919969558716,1.845746994018555,1.6326860189437866,9108523.0,0.03331677231145883,1.0,0.2991957104557641
2022-02-25,1.824794054031372,1.7208009958267212,1.8522980213165283,1.7198129892349243,7775871.0,-0.023712213494681857,0.0,0.40160857908847186
2022-02-26,1.7890419960021973,1.824774980545044,1.8358299732208248,1.7863110303878784,5731296.0,-0.0015638105884149475,0.0,0.40160857908847186
2022-02-27,1.6853560209274292,1.7885680198669434,1.810912013053894,1.6703159809112549,6003727.0,0.06261586852571242,1.0,0.2991957104557641
2022-02-28,1.8384549617767327,1.685379981994629,1.8412679433822632,1.659512996673584,11086301.0,-0.022540700254530817,0.0,0.40160857908847186
2022-03-01,1.805467963218689,1.839486002922058,1.9390820264816284,1.8050329685211184,12040164.0,-0.0014886548939104134,0.0,0.40160857908847186
2022-03-02,2.203984022140503,1.805364012718201,2.5867669582366943,1.7822270393371582,66935741.0,-0.18360158897020493,-1.0,0.2991957104557641
2022-03-03,1.968179941177368,2.2087810039520264,2.235718011856079,1.9240649938583367,56531737.0,-0.08558118338623961,0.0,0.40160857908847186
2022-03-04,1.811270952224732,1.97212302684784,1.9833430051803589,1.811270952224732,14256329.0,-0.00391119797154723,0.0,0.40160857908847186
2022-03-05,1.8821280002594,1.811432957649231,2.052125930786133,1.7820229530334473,15673855.0,-0.044458074499345863,0.0,0.40160857908847186
2022-03-06,1.7876629829406738,1.8819650411605835,1.8957849740982056,1.7876629829406738,8417079.0,0.006285953744744274,0.0,0.40160857908847186
2022-03-07,1.734848976135254,1.7873810529708862,1.7873810529708862,1.7030199766159058,6028599.0,0.0354641210473355,1.0,0.2991957104557641
2022-03-08,1.8176980018615725,1.7347040176391602,2.0026350021362305,1.73151695728302,13702445.0,-0.014005354635729658,0.0,0.40160857908847186
2022-03-09,1.802786946296692,1.8170650005340576,1.850985050201416,1.7805310487747192,14226166.0,-0.008514703604930087,0.0,0.40160857908847186
2022-03-10,1.6757800579071045,1.802746057510376,1.811642050743103,1.6478790044784546,8201441.0,0.06297716428114836,1.0,0.2991957104557641
2022-03-11,1.6615010499954224,1.675739049911499,1.697090983390808,1.638439059257507,9476849.0,0.0685354888844134,1.0,0.2991957104557641
2022-03-12,1.6554100513458252,1.6613199710845947,1.7579289674758911,1.6550769805908203,10673982.0,0.06961604214671628,1.0,0.2991957104557641
2022-03-13,1.5817290544509888,1.655411958694458,1.6891770362854004,1.579813003540039,7782302.0,0.11724712486448172,1.0,0.2991957104557641
2022-03-14,1.6118940114974976,1.5816609859466553,1.6455069780349731,1.5766559839248655,7919007.0,0.09469297411013697,1.0,0.2991957104557641
2022-03-15,1.5875810384750366,1.611870050430298,1.7261539697647097,1.5639029741287231,13936825.0,0.10961931142597443,1.0,0.2991957104557641
2022-03-16,1.6101889610290527,1.5875099897384644,1.6282869577407837,1.5782270431518557,7726777.0,0.090623133871721,1.0,0.2991957104557641
2022-03-17,1.6510859727859497,1.610105037689209,1.7026489973068235,1.6078879833221436,10406287.0,0.06000538354259577,1.0,0.2991957104557641
2022-03-18,1.635964035987854,1.651010036468506,1.6523849964141846,1.6027209758758545,6475879.0,0.06619868659589588,1.0,0.2991957104557641
2022-03-19,1.7307039499282837,1.6358599662780762,1.8011740446090698,1.6358599662780762,16289963.0,0.002867894425871223,0.0,0.40160857908847186
2022-03-20,1.649394989013672,1.7306710481643677,1.7339719533920288,1.6233960390090942,9044201.0,0.047945422303118206,1.0,0.2991957104557641
2022-03-21,1.6875799894332886,1.6493229866027832,1.7277519702911377,1.6399680376052856,8377184.0,0.01885803337518234,0.0,0.40160857908847186
2022-03-22,1.782564997673035,1.687512993812561,1.9564299583435056,1.6843199729919434,27727659.0,-0.04258307556309385,0.0,0.40160857908847186
2022-03-23,1.8100409507751465,1.7825989723205566,1.83045494556427,1.7331939935684204,11420535.0,-0.06494363841505552,0.0,0.40160857908847186
2022-03-24,1.901911973953247,1.8099240064620967,2.03984808921814,1.805117011070252,28167254.0,-0.11982296420973433,-1.0,0.2991957104557641
2022-03-25,1.835088968276977,1.9020169973373413,1.9294849634170528,1.8175859451293943,7724548.0,-0.09854142690629125,-1.0,0.2991957104557641
2022-03-26,1.898836970329285,1.835193991661072,1.9137890338897705,1.8264260292053225,5638425.0,-0.14001101885985087,-1.0,0.2991957104557641
2022-03-27,1.9944759607315063,1.899021029472351,2.0080831050872803,1.8884259462356567,11110742.0,-0.19355647980975535,-1.0,0.2991957104557641
2022-03-28,1.9764189720153809,1.9945429563522337,2.031569004058838,1.9667069911956787,11175259.0,-0.19961242650821465,-1.0,0.2991957104557641
2022-03-29,1.943740010261536,1.9760340452194207,2.0295510292053223,1.9240009784698489,10120971.0,-0.19983587326320773,-1.0,0.2991957104557641
2022-03-30,1.940086007118225,1.9439120292663568,1.997370958328247,1.9062429666519165,6886091.0,-0.2119018547344359,-1.0,0.2991957104557641
2022-03-31,1.8338929414749143,1.9401639699935915,1.990051031112671,1.82691502571106,8638857.0,-0.17886491286065748,-1.0,0.2991957104557641
2022-04-01,2.0345780849456787,1.833907961845398,2.071050882339477,1.769672989845276,20065970.0,-0.2748647880464594,-1.0,0.2991957104557641
2022-04-02,1.9899590015411377,2.033397912979126,2.057823896408081,1.9753680229187007,9986553.0,-0.2723767841026165,-1.0,0.2991957104557641
2022-04-03,2.093545913696289,1.9898929595947263,2.145211935043335,1.9481300115585327,15372261.0,-0.32437107161761664,-1.0,0.2991957104557641
2022-04-04,1.9813549518585205,2.0931050777435303,2.1213181018829346,1.923159003257752,11266845.0,-0.30194505506199754,-1.0,0.2991957104557641
2022-04-05,1.953541040420532,1.9812990427017207,2.0364320278167725,1.9416630268096924,7727069.0,-0.3079028680948088,-1.0,0.2991957104557641
2022-04-06,1.6986240148544312,1.9535930156707764,1.9535930156707764,1.6872379779815674,7845158.0,-0.21845026377472077,-1.0,0.2991957104557641
2022-04-07,1.8019969463348389,1.6988530158996582,1.8389159440994265,1.659955978393555,8514967.0,-0.2809812855900201,-1.0,0.2991957104557641
2022-04-08,1.6540080308914185,1.8020579814910889,1.822780966758728,1.6470420360565186,7260546.0,-0.2330602367957794,-1.0,0.2991957104557641
2022-04-09,1.6854300498962402,1.6543350219726562,1.6868009567260742,1.6490590572357178,3911341.0,-0.2678603597773216,-1.0,0.2991957104557641
2022-04-10,1.6490670442581177,1.6854490041732788,1.6974129676818848,1.6473959684371948,3821122.0,-0.27278483997436054,-1.0,0.2991957104557641
2022-04-11,1.4799139499664309,1.648151993751526,1.6503679752349854,1.4799139499664309,7710015.0,-0.2080341520540876,-1.0,0.2991957104557641
2022-04-12,1.471321940422058,1.4797680377960205,1.5384269952774048,1.437600016593933,5487124.0,-0.2213966561089738,-1.0,0.2991957104557641
2022-04-13,1.5043799877166748,1.4712790250778198,1.516394019126892,1.443490982055664,7052230.0,-0.2563724929582063,-1.0,0.2991957104557641
2022-04-14,1.4706599712371826,1.504323959350586,1.5794490575790403,1.4668879508972168,7995990.0,-0.2576462999593087,-1.0,0.2991957104557641
2022-04-15,1.5269919633865356,1.4706449508666992,1.555562973022461,1.4702980518341064,4389892.0,-0.3034151304044854,-1.0,0.2991957104557641
2022-04-16,1.494189977645874,1.5269310474395752,1.5269310474395752,1.486369013786316,3069375.0,-0.30750106543718,-1.0,0.2991957104557641
2022-04-17,1.4341490268707275,1.4937219619750977,1.5041710138320925,1.4323689937591553,3230372.0,-0.2968458047075129,-1.0,0.2991957104557641
2022-04-18,1.4607080221176147,1.4340970516204834,1.4607080221176147,1.346752047538757,5283560.0,-0.32884895379671797,-1.0,0.2991957104557641
2022-04-19,1.4472500085830688,1.4606590270996094,1.471276044845581,1.4336830377578735,4444058.0,-0.34126134135634434,-1.0,0.2991957104557641
2022-04-20,1.4556549787521362,1.447275996208191,1.4987740516662598,1.429658055305481,6177669.0,-0.36383798436874404,-1.0,0.2991957104557641
2022-04-21,1.4192670583724976,1.4556410312652588,1.5298559665679932,1.414626955986023,5837067.0,-0.36639351611731386,-1.0,0.2991957104557641
2022-04-22,1.3972920179367063,1.419240951538086,1.445268988609314,1.3853360414505005,3785983.0,-0.3747616472441065,-1.0,0.2991957104557641
2022-04-23,1.374675989151001,1.3974779844284058,1.3989139795303345,1.3691229820251465,2906515.0,-0.3836328044447015,-1.0,0.2991957104557641
2022-04-24,1.3566780090332031,1.374619960784912,1.3854880332946775,1.3489890098571775,3449929.0,-0.39560656847945286,-1.0,0.2991957104557641
2022-04-25,1.310837984085083,1.3566800355911257,1.3566800355911257,1.2403299808502195,5085065.0,-0.39460112558823096,-1.0,0.2991957104557641
2022-04-26,1.2026870250701904,1.3106689453125,1.311493992805481,1.2002370357513428,4278270.0,-0.3586236653919121,-1.0,0.2991957104557641
2022-04-27,1.217947006225586,1.2027839422225952,1.221601963043213,1.193176031112671,2868401.0,-0.38503384916065375,-1.0,0.2991957104557641
2022-04-28,1.2089829444885254,1.2177079916000366,1.2339650392532349,1.1970670223236084,3639372.0,-0.3983690995930755,-1.0,0.2991957104557641
2022-04-29,1.127426028251648,1.2093449831008911,1.2142009735107422,1.1184519529342651,3033372.0,-0.3720861915591642,-1.0,0.2991957104557641
2022-04-30,1.0928549766540527,1.1274149417877195,1.2407009601593018,1.080525040626526,6687465.0,-0.3700666384366043,-1.0,0.2991957104557641
2022-05-01,1.0974349975585938,1.0926719903945925,1.097517967224121,1.056359052658081,4380324.0,-0.39019896533378623,-1.0,0.2991957104557641
2022-05-02,1.0945539474487305,1.0974019765853882,1.120002031326294,1.0852940082550049,3607100.0,-0.4062204518547267,-1.0,0.2991957104557641
2022-05-03,1.057629942893982,1.0948920249938965,1.103556990623474,1.0380719900131226,4098875.0,-0.4026166080771926,-1.0,0.2991957104557641
2022-05-04,1.113036036491394,1.0575259923934937,1.1162350177764893,1.0544899702072144,4528050.0,-0.450152153099882,-1.0,0.2991957104557641
2022-05-05,1.0221799612045288,1.1130479574203491,1.1332110166549685,1.0074009895324707,4067300.0,-0.4176760468511489,-1.0,0.2991957104557641
2022-05-06,0.9776570200920104,1.0222129821777344,1.0222129821777344,0.9572420120239258,3555119.0,-0.4074718104260343,-1.0,0.2991957104557641
2022-05-07,0.959797978401184,0.9776920080184937,1.0294049978256226,0.9502829909324646,3985582.0,-0.4117942842235897,-1.0,0.2991957104557641
2022-05-08,0.915232002735138,0.9572950005531312,0.9573439955711364,0.9089620113372804,2950656.0,-0.3980674785957971,-1.0,0.2991957104557641
2022-05-09,0.7815290093421936,0.9154809713363647,0.9291939735412598,0.7815290093421936,3842632.0,-0.308127769053502,-1.0,0.2991957104557641
2022-05-10,0.785368025302887,0.7804149985313416,0.8350449800491333,0.7664849758148193,4064563.0,-0.32641093738532906,-1.0,0.2991957104557641
2022-05-11,0.5796899795532227,0.7855510115623474,0.8038300275802612,0.5666900277137756,4874832.0,-0.09828013766319846,-1.0,0.2991957104557641
2022-05-12,0.5372719764709473,0.5798829793930054,0.5878639817237854,0.5294619798660278,3328231.0,-0.03881351379221137,0.0,0.40160857908847186
2022-05-13,0.6099860072135925,0.53718101978302,0.6504179835319519,0.5337240099906921,3424291.0,-0.1671280254448294,-1.0,0.2991957104557641
2022-05-14,0.6244379878044128,0.6098939776420593,0.624521017074585,0.5839440226554871,1876788.0,-0.20037776256067133,-1.0,0.2991957104557641
2022-05-15,0.6442890167236328,0.6242939829826355,0.6442890167236328,0.6166660189628601,2081177.0,-0.24080082767959965,-1.0,0.2991957104557641
2022-05-16,0.6083089709281921,0.644074022769928,0.644074022769928,0.6083089709281921,2147039.0,-0.2094141915214109,-1.0,0.2991957104557641
2022-05-17,0.6287400126457214,0.6082299947738647,0.6436190009117126,0.6081929802894592,2499576.0,-0.25133606733398384,-1.0,0.2991957104557641
2022-05-18,0.5676450133323669,0.6287260055541992,0.6332470178604126,0.5674980282783508,2157644.0,-0.18343728799161405,-1.0,0.2991957104557641
2022-05-19,0.5926430225372314,0.5677199959754944,0.5952730178833008,0.5633479952812195,2867625.0,-0.2317868607875972,-1.0,0.2991957104557641
2022-05-20,0.5623980164527893,0.5925670266151428,0.5939239859580994,0.5532389879226685,2375028.0,-0.20270650282979988,-1.0,0.2991957104557641
2022-05-21,0.5833719968795776,0.5622850060462952,0.5834540128707886,0.5602719783782959,1953190.0,-0.2447564501063515,-1.0,0.2991957104557641
2022-05-22,0.5811870098114014,0.5833629965782166,0.6418650150299072,0.5721269845962524,5093430.0,-0.25470950162552436,-1.0,0.2991957104557641
2022-05-23,0.5624480247497559,0.5815680027008057,0.699675977230072,0.5624480247497559,9142058.0,-0.2414509668872755,-1.0,0.2991957104557641
2022-05-24,0.5775719881057739,0.5625230073928833,0.58017498254776,0.5215790271759033,5382951.0,-0.2725569140510111,-1.0,0.2991957104557641
2022-05-25,0.5319439768791199,0.5773019790649414,0.5773019790649414,0.5315619707107544,3355028.0,-0.2204164953926472,-1.0,0.2991957104557641
2022-05-26,0.4818649888038635,0.5335019826889038,0.5367689728736877,0.4647499918937683,3254460.0,-0.14746711371027466,-1.0,0.2991957104557641
2022-05-27,0.4664399921894073,0.4815819859504699,0.4815819859504699,0.4504149854183197,2610469.0,-0.12700841541527125,-1.0,0.2991957104557641
2022-05-28,0.4921320080757141,0.4724409878253937,0.5407360196113586,0.466374009847641,4540770.0,-0.1806846420229623,-1.0,0.2991957104557641
2022-05-29,0.5018249750137329,0.4920910000801086,0.5477489829063416,0.4750950038433075,6698970.0,-0.2053767713475087,-1.0,0.2991957104557641
2022-05-30,0.5166730284690857,0.5018309950828552,0.5385370254516602,0.4992139935493469,4059690.0,-0.23613827655484018,-1.0,0.2991957104557641
2022-05-31,0.5055019855499268,0.5165910124778748,0.5186049938201904,0.4965850114822387,3206812.0,-0.22692229862021984,-1.0,0.2991957104557641
2022-06-01,0.4688369929790497,0.5053880214691162,0.5087829828262329,0.4687570035457611,2409900.0,-0.172986812686524,-1.0,0.2991957104557641
2022-06-02,0.4827530086040497,0.4684540033340454,0.4842559993267059,0.4676379859447479,2140723.0,-0.20254490877953357,-1.0,0.2991957104557641
2022-06-03,0.4771699905395508,0.4828819930553436,0.4847680032253265,0.4655959904193878,1988273.0,-0.19919202841728978,-1.0,0.2991957104557641
2022-06-04,0.4780080020427704,0.4771910011768341,0.5425900220870972,0.4647510051727295,8596300.0,-0.20631427927563117,-1.0,0.2991957104557641
2022-06-05,0.4791130125522613,0.4780299961566925,0.5008929967880249,0.469853013753891,3834752.0,-0.2131406959844467,-1.0,0.2991957104557641
2022-06-06,0.4858410060405731,0.4790909886360168,0.5035859942436218,0.4790909886360168,2276581.0,-0.2287756656051892,-1.0,0.2991957104557641
2022-06-07,0.4672400057315826,0.4858399927616119,0.4859470129013061,0.4542219936847687,2749623.0,-0.19799240987658287,-1.0,0.2991957104557641
2022-06-08,0.4884159862995147,0.4674440026283264,0.5181260108947754,0.4652869999408722,5896374.0,-0.23714950772555984,-1.0,0.2991957104557641
2022-06-09,0.478408008813858,0.4885179996490478,0.5025129914283752,0.4767560064792633,3330876.0,-0.22738954060651068,-1.0,0.2991957104557641
2022-06-10,0.4554589986801147,0.4783079922199249,0.4791510105133056,0.4554589986801147,2243297.0,-0.19425252678393587,-1.0,0.2991957104557641
2022-06-11,0.410874992609024,0.4554179906845093,0.4603550136089325,0.4067949950695038,2186835.0,-0.10908478662044518,-1.0,0.2991957104557641
2022-06-12,0.3781749904155731,0.4106790125370025,0.4111090004444122,0.3720529973506927,2198821.0,-0.0295929193171303,0.0,0.40160857908847186
2022-06-13,0.3356910049915313,0.3774549961090088,0.3774549961090088,0.3273960053920746,2423599.0,0.09911773839678041,1.0,0.2991957104557641
2022-06-14,0.3418799936771393,0.3356789946556091,0.3759750127792358,0.3244450092315674,3892135.0,0.10996751681480212,1.0,0.2991957104557641
2022-06-15,0.3452140092849731,0.3417389988899231,0.3465799987316131,0.3057839870452881,2321245.0,0.11498335503813208,1.0,0.2991957104557641
2022-06-16,0.3188230097293854,0.3451760113239288,0.3505820035934448,0.3174439966678619,1830392.0,0.22853419004152664,1.0,0.2991957104557641
2022-06-17,0.3451650142669678,0.3193149864673614,0.3696500062942505,0.3177030086517334,4287874.0,0.15078616557196206,1.0,0.2991957104557641
2022-06-18,0.3021650016307831,0.3451290130615234,0.3473289906978607,0.2868509888648987,2563712.0,0.33357963329626505,1.0,0.2991957104557641
2022-06-19,0.337334007024765,0.3019919991493225,0.4429289996623993,0.29407399892807,5958065.0,0.21473104558412176,1.0,0.2991957104557641
2022-06-20,0.3289119899272918,0.3373779952526092,0.3419370055198669,0.3254890143871307,3194380.0,0.26267610387574647,1.0,0.2991957104557641
2022-06-21,0.3422420024871826,0.3288969993591308,0.3536289930343628,0.3280459940433502,2440412.0,0.23001311920615372,1.0,0.2991957104557641
2022-06-22,0.3335050046443939,0.3422999978065491,0.4005089998245239,0.3330209851264953,5522706.0,0.2796280876775635,1.0,0.2991957104557641
2022-06-23,0.3432739973068237,0.333516001701355,0.3436059951782226,0.3333179950714111,2526927.0,0.25791323045095654,1.0,0.2991957104557641
2022-06-24,0.3541679978370666,0.3429630100727081,0.3556599915027618,0.3391810059547424,2714836.0,0.2292493415043843,1.0,0.2991957104557641
2022-06-25,0.3697749972343445,0.3539910018444061,0.4359819889068603,0.3532420098781585,9353697.0,0.18753659302491454,1.0,0.2991957104557641
2022-06-26,0.3573519885540008,0.3697670102119446,0.3842040002346039,0.3570950031280517,2822415.0,0.2414851450406369,1.0,0.2991957104557641
2022-06-27,0.3574169874191284,0.3574000000953674,0.3694730103015899,0.350268006324768,2262371.0,0.25608134638391766,1.0,0.2991957104557641
2022-06-28,0.3509980142116546,0.3573260009288788,0.3982430100440979,0.3493779897689819,5246220.0,0.29275365539014575,1.0,0.2991957104557641
2022-06-29,0.3645519912242889,0.350937008857727,0.3916940093040466,0.350937008857727,4358129.0,0.2589745641367737,1.0,0.2991957104557641
2022-06-30,0.3594399988651275,0.3646189868450165,0.3725180029869079,0.3443819880485534,3857831.0,0.2912564475381205,1.0,0.2991957104557641
2022-07-01,0.3856320083141327,0.3595980107784271,0.4216760098934173,0.3589560091495514,11295283.0,0.21406949991665158,1.0,0.2991957104557641
2022-07-02,0.381520003080368,0.3858230113983154,0.4354499876499176,0.3788299858570099,6992158.0,0.23840098428043133,1.0,0.2991957104557641
2022-07-03,0.3709830045700073,0.3815560042858124,0.3830389976501465,0.3666979968547821,1980319.0,0.2892802486744187,1.0,0.2991957104557641
2022-07-04,0.3944160044193268,0.3709529936313629,0.3990949988365173,0.3674559891223907,2770820.0,0.2268254504074796,1.0,0.2991957104557641
2022-07-05,0.3858959972858429,0.3943729996681213,0.3948419988155365,0.3830569982528686,2943037.0,0.26734518801413687,1.0,0.2991957104557641
2022-07-06,0.3905389904975891,0.3858169913291931,0.3940550088882446,0.383089005947113,2807331.0,0.2653998976024231,1.0,0.2991957104557641
2022-07-07,0.4025180041790008,0.3904890120029449,0.4214630126953125,0.3830560147762298,4247222.0,0.2392901352505872,1.0,0.2991957104557641
2022-07-08,0.4121730029582977,0.4024760127067566,0.4444389939308166,0.3961830139160156,6490602.0,0.21829000226026604,1.0,0.2991957104557641
2022-07-09,0.4684439897537231,0.4122059941291809,0.5400310158729553,0.4112780094146728,25435880.0,0.07650803268620959,1.0,0.2991957104557641
2022-07-10,0.4198830127716064,0.4684340059757232,0.4708540141582489,0.4188629984855652,5303444.0,0.210684098589844,1.0,0.2991957104557641
2022-07-11,0.3835169970989227,0.419865995645523,0.4212599992752075,0.3835169970989227,2626804.0,0.33973136456338443,1.0,0.2991957104557641
2022-07-12,0.3710399866104126,0.3835830092430115,0.3835830092430115,0.3674240112304687,2039337.0,0.40027360663856715,1.0,0.2991957104557641
2022-07-13,0.3811100125312805,0.3710770010948181,0.3835099935531616,0.3568859994411468,2497623.0,0.3758553524690861,1.0,0.2991957104557641
2022-07-14,0.4079000055789947,0.3811840116977691,0.4189299941062927,0.3744319975376129,6814153.0,0.29403927120792506,1.0,0.2991957104557641
2022-07-15,0.399058997631073,0.4078530073165893,0.4250980019569397,0.3940120041370392,5124601.0,0.3339214182083043,1.0,0.2991957104557641
2022-07-16,0.6782559752464294,0.3990359902381897,0.6964840292930603,0.3913120031356811,59088970.0,-0.2225227905567917,-1.0,0.2991957104557641
2022-07-17,0.5190439820289612,0.6799830198287964,0.8713449835777283,0.5190439820289612,123340735.0,0.013858990604508684,0.0,0.40160857908847186
2022-07-18,0.5356900095939636,0.5188930034637451,0.5887179970741272,0.5032780170440674,26415780.0,-0.02373021664973368,0.0,0.40160857908847186
2022-07-19,0.5220019817352295,0.5354790091514587,0.5466139912605286,0.5211420059204102,9038702.0,-0.0015733511156988053,0.0,0.40160857908847186
2022-07-20,0.4861640036106109,0.5219669938087463,0.5582759976387024,0.4748879969120025,9485162.0,0.07119761265538808,1.0,0.2991957104557641
2022-07-21,0.5552219748497009,0.4862309992313385,0.6378819942474365,0.4859409928321838,51281398.0,-0.06828823593444566,0.0,0.40160857908847186
2022-07-22,0.5061669945716858,0.5554379820823669,0.5673350095748901,0.5044389963150024,13784220.0,0.018458719899722937,0.0,0.40160857908847186
2022-07-23,0.5231329798698425,0.5058779716491699,0.5269269943237305,0.5010700225830078,8772224.0,-0.018778463098095367,0.0,0.40160857908847186
2022-07-24,0.5191119909286499,0.5235900282859802,0.5329930186271667,0.5163189768791199,5704444.0,-0.014561802595262473,0.0,0.40160857908847186
2022-07-25,0.5047630071640015,0.5191059708595276,0.5309309959411621,0.5041660070419312,6271504.0,0.008885534930669074,0.0,0.40160857908847186
2022-07-26,0.4678280055522918,0.504643976688385,0.5606549978256226,0.451115995645523,18920975.0,0.08500819753692637,1.0,0.2991957104557641
2022-07-27,0.4901129901409149,0.4693439900875091,0.4955250024795532,0.4609110057353973,7558395.0,0.03072113073070669,0.0,0.40160857908847186
2022-07-28,0.5021790266036987,0.4900549948215484,0.507224977016449,0.4782010018825531,7368450.0,0.0018255575023684752,0.0,0.40160857908847186
2022-07-29,0.5269410014152527,0.5023139715194702,0.5347729921340942,0.4998289942741394,12334576.0,-0.051480916375274424,0.0,0.40160857908847186
2022-07-30,0.5048909783363342,0.5269389748573303,0.5413950085639954,0.5030239820480347,8570984.0,-0.01526376618600785,0.0,0.40160857908847186
2022-07-31,0.5311989784240723,0.5054450035095215,0.5691409707069397,0.5034540295600891,21220478.0,-0.07090787960725045,0.0,0.40160857908847186
2022-08-01,0.5248010158538818,0.5313699841499329,0.5658519864082336,0.5171040296554565,8979828.0,-0.0656867656620896,0.0,0.40160857908847186
2022-08-02,0.5153869986534119,0.524573028087616,0.5271729826927185,0.4911530017852783,6552299.0,-0.05478721854049595,0.0,0.40160857908847186
2022-08-03,0.5188220143318176,0.5155929923057556,0.5453019738197327,0.5042279958724976,7472925.0,-0.06682315489059604,0.0,0.40160857908847186
2022-08-04,0.5574250221252441,0.5188310146331787,0.6208400130271912,0.5130400061607361,26906101.0,-0.1389076190194867,-1.0,0.2991957104557641
2022-08-05,0.5729290246963501,0.5573210120201111,0.6351829767227173,0.5500810146331787,31223485.0,-0.17183829841885598,-1.0,0.2991957104557641
2022-08-06,0.5517789721488953,0.5728849768638611,0.5744159817695618,0.5452479720115662,7947621.0,-0.1483672692216912,-1.0,0.2991957104557641
2022-08-07,0.5545250177383423,0.5511729717254639,0.5634599924087524,0.5437260270118713,3878427.0,-0.16038092542328142,-1.0,0.2991957104557641
2022-08-08,0.551272988319397,0.5545880198478699,0.5655789971351624,0.551114022731781,4712622.0,-0.161451916978436,-1.0,0.2991957104557641
2022-08-09,0.5180820226669312,0.5512890219688416,0.5522469878196716,0.5039470195770264,4423864.0,-0.10827307827312879,-1.0,0.2991957104557641
2022-08-10,0.5368430018424988,0.518060028553009,0.5433719754219055,0.5072699785232544,3864899.0,-0.1405179255658907,-1.0,0.2991957104557641
2022-08-11,0.5498660206794739,0.5368790030479431,0.5768910050392151,0.5279340147972107,9289705.0,-0.16484332055568104,-1.0,0.2991957104557641
2022-08-12,0.5583670139312744,0.5469390153884888,0.5845639705657959,0.541737973690033,10938307.0,-0.1843337031445016,-1.0,0.2991957104557641
2022-08-13,0.554967999458313,0.5585070252418518,0.5804749727249146,0.5545769929885864,5755417.0,-0.1863568623213342,-1.0,0.2991957104557641
2022-08-14,0.5345420241355896,0.5550429821014404,0.5572230219841003,0.5211690068244934,5555048.0,-0.15996893951490654,-1.0,0.2991957104557641
2022-08-15,0.5194640159606934,0.5346069931983948,0.539247989654541,0.5152419805526733,3234637.0,-0.14087065849909816,-1.0,0.2991957104557641
2022-08-16,0.5422499775886536,0.5195369720458984,0.5575429797172546,0.5091519951820374,10387471.0,-0.1816370162858913,-1.0,0.2991957104557641
2022-08-17,0.5187429785728455,0.54264897108078,0.5634999871253967,0.5148810148239136,10157756.0,-0.149850966981395,-1.0,0.2991957104557641
2022-08-18,0.484127014875412,0.5188109874725342,0.5243250131607056,0.4837540090084076,4622642.0,-0.09190315245853599,0.0,0.40160857908847186
2022-08-19,0.4313879907131195,0.4840390086174011,0.4851239919662475,0.4257459938526153,4888632.0,0.0183949273777875,0.0,0.40160857908847186
2022-08-20,0.4644890129566192,0.4316500127315521,0.4737490117549896,0.4308570027351379,6751861.0,-0.05825100741610956,0.0,0.40160857908847186
2022-08-21,0.473268985748291,0.4617939889431,0.4824549853801727,0.4503619968891144,7559352.0,-0.07915540977509711,0.0,0.40160857908847186
2022-08-22,0.4441539943218231,0.4731180071830749,0.4773989915847778,0.4363090097904205,3397725.0,-0.021692848026968522,0.0,0.40160857908847186
2022-08-23,0.4486739933490753,0.4439600110054016,0.4590789973735809,0.4371860027313232,4445109.0,-0.03491878711931011,0.0,0.40160857908847186
2022-08-24,0.4527060091495514,0.4485599994659424,0.4756920039653778,0.4363290071487427,4902538.0,-0.04728561070217677,0.0,0.40160857908847186
2022-08-25,0.4629020094871521,0.4526729881763458,0.5145189762115479,0.4514429867267608,10604661.0,-0.07282287624447822,0.0,0.40160857908847186
2022-08-26,0.4310129880905151,0.4628350138664245,0.4729669988155365,0.424439013004303,3643742.0,-0.007066033957996935,0.0,0.40160857908847186
2022-08-27,0.4149999916553497,0.4309299886226654,0.4468930065631866,0.4128130078315735,2828770.0,0.029691282404011983,0.0,0.40160857908847186
2022-08-28,0.4124360084533691,0.4149189889431,0.4296160042285919,0.41143798828125,3252102.0,0.03540311925900154,1.0,0.2991957104557641
2022-08-29,0.4358099997043609,0.4124740064144134,0.4433119893074035,0.4121249914169311,4632999.0,-0.018224043049759293,0.0,0.40160857908847186
2022-08-30,0.4219110012054443,0.4357770085334778,0.444350004196167,0.4192219972610473,2224304.0,0.015056115589309221,0.0,0.40160857908847186
2022-08-31,0.4207580089569092,0.4219549894332886,0.4321320056915283,0.4196130037307739,1607346.0,0.01849078272264578,0.0,0.40160857908847186
2022-09-01,0.4143460094928741,0.4207299947738647,0.4208450019359588,0.398822009563446,1897681.0,0.034849844225892865,1.0,0.2991957104557641
2022-09-02,0.4222649931907654,0.4143269956111908,0.4328739941120147,0.4120129942893982,3045174.0,0.015706157276427633,0.0,0.40160857908847186
2022-09-03,0.4136860072612762,0.4222790002822876,0.4312280118465423,0.4126209914684295,1911318.0,0.038434092081557035,1.0,0.2991957104557641
2022-09-04,0.42289599776268,0.4138759970664978,0.4262549877166748,0.4134950041770935,1716019.0,0.016192439359733864,0.0,0.40160857908847186
2022-09-05,0.424360990524292,0.4224970042705536,0.4301320016384125,0.4147480130195617,2730657.0,0.012482901944155207,0.0,0.40160857908847186
2022-09-06,0.3963989913463592,0.4243029952049255,0.4370410144329071,0.3932270109653473,3752586.0,0.08542357438491402,1.0,0.2991957104557641
2022-09-07,0.405703991651535,0.3959240019321441,0.4138830006122589,0.3821170032024383,2390818.0,0.06088723237583149,1.0,0.2991957104557641
2022-09-08,0.4161809980869293,0.4054799973964691,0.4171589910984039,0.3998590111732483,2458675.0,0.03293946764191493,1.0,0.2991957104557641
2022-09-09,0.4450049996376037,0.4161309897899627,0.4453499913215637,0.4161309897899627,5390887.0,-0.038579277723717414,0.0,0.40160857908847186
2022-09-10,0.5090829730033875,0.444922000169754,0.510316014289856,0.4397749900817871,13925614.0,-0.16781499476934486,-1.0,0.2991957104557641
2022-09-11,0.5182589888572693,0.510899007320404,0.6053739786148071,0.4984770119190216,49882683.0,-0.19093136593879917,-1.0,0.2991957104557641
2022-09-12,0.4800209999084472,0.5181009769439697,0.5206660032272339,0.47256600856781,7519529.0,-0.13286665015814403,-1.0,0.2991957104557641
2022-09-13,0.4373070001602173,0.4802339971065521,0.4809229969978332,0.4328559935092926,4080983.0,-0.05125211195789338,0.0,0.40160857908847186
2022-09-14,0.430319994688034,0.4343929886817932,0.4430840015411377,0.4234040081501007,2700432.0,-0.03801995251726499,0.0,0.40160857908847186
2022-09-15,0.4540939927101135,0.4302540123462677,0.4938820004463196,0.4207949936389923,11705240.0,-0.0920743293765267,0.0,0.40160857908847186
2022-09-16,0.4316200017929077,0.4540860056877136,0.4752910137176513,0.4278590083122253,3832994.0,-0.04779479593812347,0.0,0.40160857908847186
2022-09-17,0.4613069891929626,0.4324339926242828,0.4740900099277496,0.4324339926242828,4771188.0,-0.11420849496740525,-1.0,0.2991957104557641
2022-09-18,0.4307920038700104,0.4613380134105682,0.4741140007972717,0.4281109869480133,3400049.0,-0.05468932300914134,0.0,0.40160857908847186
2022-09-19,0.4401389956474304,0.4307610094547272,0.4482870101928711,0.4188799858093261,3005926.0,-0.07819361256581023,0.0,0.40160857908847186
2022-09-20,0.4214400053024292,0.4401200115680694,0.44200599193573,0.4200550019741058,1400520.0,-0.039385660797048125,0.0,0.40160857908847186
2022-09-21,0.4039680063724518,0.4214980006217956,0.4258579909801483,0.3983550071716308,2240054.0,0.001815332952610417,0.0,0.40160857908847186
2022-09-22,0.4212729930877685,0.4038499891757965,0.4259290099143982,0.399940013885498,1461549.0,-0.04075102555070971,0.0,0.40160857908847186
2022-09-23,0.4029330015182495,0.4212340116500854,0.4268490076065063,0.3938699960708618,2709504.0,0.0031737539448415397,0.0,0.40160857908847186
2022-09-24,0.4002839922904968,0.4030570089817047,0.4115230143070221,0.3988550007343292,1583079.0,0.010767373390159731,0.0,0.40160857908847186
2022-09-25,0.3980720043182373,0.400285005569458,0.4055399894714355,0.3956359922885895,1080971.0,0.01672976522563307,0.0,0.40160857908847186
2022-09-26,0.39546599984169,0.3981060087680816,0.4173449873924255,0.3888790011405945,2672125.0,0.023942716462402192,0.0,0.40160857908847186
2022-09-27,0.3918220102787018,0.3955200016498565,0.4094310104846954,0.3905450105667114,1514622.0,0.03447759779240929,1.0,0.2991957104557641
2022-09-28,0.3943420052528381,0.3917180001735687,0.3964160084724426,0.3811360001564026,1667136.0,0.028932115833210086,0.0,0.40160857908847186
2022-09-29,0.4033370018005371,0.3943530023097992,0.4130420088768005,0.3943530023097992,2965236.0,0.005943994507358729,0.0,0.40160857908847186
2022-09-30,0.4623779952526092,0.403328001499176,0.4997229874134063,0.3990499973297119,29622798.0,-0.12657750670954776,-1.0,0.2991957104557641
2022-10-01,0.4345690011978149,0.4657340049743652,0.5332030057907104,0.4257290065288543,48853846.0,-0.07388377249289446,0.0,0.40160857908847186
2022-10-02,0.4295519888401031,0.4346979856491089,0.4487209916114807,0.4208379983901977,6799940.0,-0.0652260772860037,0.0,0.40160857908847186
2022-10-03,0.4222739934921264,0.4297060072422027,0.4307839870452881,0.4142119884490967,2098238.0,-0.04953232861868203,0.0,0.40160857908847186
2022-10-04,0.4258249998092651,0.4221509993076324,0.4382910132408142,0.4170989990234375,2781575.0,-0.05696567478630786,0.0,0.40160857908847186
2022-10-05,0.4357179999351501,0.425799012184143,0.4413279891014099,0.4216659963130951,4110440.0,-0.08139511103420108,0.0,0.40160857908847186
2022-10-06,0.4279539883136749,0.4357050061225891,0.4415369927883148,0.4260280132293701,2810837.0,-0.06761275115595657,0.0,0.40160857908847186
2022-10-07,0.4216260015964508,0.4279569983482361,0.4291239976882934,0.4181140065193176,1674101.0,-0.06286637198751638,0.0,0.40160857908847186
2022-10-08,0.4156810045242309,0.4216299951076507,0.4219839870929718,0.4117040038108825,864090.0,-0.06438923395677061,0.0,0.40160857908847186
2022-10-09,0.4103559851646423,0.4156450033187866,0.4183819890022278,0.4102559983730316,909212.0,-0.06430122557585141,0.0,0.40160857908847186
2022-10-10,0.3996559977531433,0.4103330075740814,0.4123510122299194,0.3996559977531433,1051161.0,-0.05239255544088363,0.0,0.40160857908847186
2022-10-11,0.3793169856071472,0.3995940089225769,0.4012100100517273,0.3752070069313049,1568270.0,-0.014478619765244033,0.0,0.40160857908847186
2022-10-12,0.3751370012760162,0.3793559968471527,0.384429007768631,0.3751310110092163,1024842.0,-0.01756783748873578,0.0,0.40160857908847186
2022-10-13,0.3792470097541809,0.3751449882984161,0.386588990688324,0.3497020006179809,2082050.0,-0.04209750958671854,0.0,0.40160857908847186
2022-10-14,0.3819450139999389,0.3792369961738586,0.4029150009155273,0.3789870142936706,2269578.0,-0.06021363236258442,0.0,0.40160857908847186
2022-10-15,0.3941670060157776,0.381738007068634,0.4008150100708008,0.3762570023536682,2049580.0,-0.10218576691453617,-1.0,0.2991957104557641
2022-10-16,0.4004049897193908,0.3940980136394501,0.4539979994297027,0.3920339941978454,8972226.0,-0.1301109783085859,-1.0,0.2991957104557641
2022-10-17,0.4004729986190796,0.4004029929637909,0.4099870026111603,0.3959810137748718,1659917.0,-0.14391778680660097,-1.0,0.2991957104557641
2022-10-18,0.3902510106563568,0.4004240036010742,0.402972012758255,0.3897280097007751,1125125.0,-0.13504084129466304,-1.0,0.2991957104557641
2022-10-19,0.3854990005493164,0.3902440071105957,0.4157640039920807,0.3838599920272827,2595512.0,-0.10758596697383889,-1.0,0.2991957104557641
2022-10-20,0.3863269984722137,0.3857290148735046,0.4034819900989532,0.3816510140895843,2114772.0,-0.09488828449053734,0.0,0.40160857908847186
2022-10-21,0.3918400108814239,0.3863010108470917,0.3953250050544739,0.3776620030403137,905628.0,-0.09394861194911543,0.0,0.40160857908847186
2022-10-22,0.3932279944419861,0.3917649984359741,0.4189099967479706,0.3904959857463836,3877901.0,-0.08983329053786035,0.0,0.40160857908847186
2022-10-23,0.3994889855384826,0.3932810127735138,0.4189420044422149,0.3930369913578033,3150064.0,-0.10096645460306011,-1.0,0.2991957104557641
2022-10-24,0.402211993932724,0.399504005908966,0.4154880046844482,0.3973889946937561,1930770.0,-0.10402846131389354,-1.0,0.2991957104557641
2022-10-25,0.4063290059566498,0.4022560119628906,0.4124490022659302,0.3988449871540069,1717529.0,-0.11334028408394552,-1.0,0.2991957104557641
2022-10-26,0.4125140011310577,0.4061970114707947,0.4129729866981506,0.4047879874706268,1403723.0,-0.12388375577865472,-1.0,0.2991957104557641
2022-10-27,0.4024769961833954,0.4126220047473907,0.4162220060825348,0.4006890058517456,1853703.0,-0.10127814286783747,-1.0,0.2991957104557641
2022-10-28,0.4019579887390136,0.4024780094623565,0.403656005859375,0.3947010040283203,976643.0,-0.0993207553090749,-1.0,0.2991957104557641
2022-10-29,0.4045119881629944,0.401978999376297,0.4063099920749664,0.4005680084228515,1332092.0,-0.10491929805270256,-1.0,0.2991957104557641
2022-10-30,0.4077839851379394,0.404569000005722,0.4163329899311065,0.4033840000629425,1675900.0,-0.1138684630372375,-1.0,0.2991957104557641
2022-10-31,0.4028019905090332,0.4077099859714508,0.4087029993534088,0.3999370038509369,1051663.0,-0.10446639475511318,-1.0,0.2991957104557641
2022-11-01,0.4021190106868744,0.4027749896049499,0.412894994020462,0.4018659889698028,1218073.0,-0.10372235346432845,-1.0,0.2991957104557641
2022-11-02,0.3900910019874573,0.4020619988441467,0.4024519920349121,0.3869029879570007,1058420.0,-0.07533066701061225,0.0,0.40160857908847186
2022-11-03,0.3998749852180481,0.3900949954986572,0.4124560058116913,0.3893890082836151,2709284.0,-0.09863532188894307,-1.0,0.2991957104557641
2022-11-04,0.4166350066661834,0.399832010269165,0.4183259904384613,0.3984639942646026,2044970.0,-0.13726997326385473,-1.0,0.2991957104557641
2022-11-05,0.4325389862060547,0.4167599976062774,0.4634169936180115,0.4156889915466308,7258258.0,-0.1727023210127054,-1.0,0.2991957104557641
2022-11-06,0.3936409950256347,0.4326300024986267,0.4335519969463348,0.3928369879722595,3114268.0,-0.09208913219996359,0.0,0.40160857908847186
2022-11-07,0.3884710073471069,0.3933350145816803,0.3993310034275055,0.3861129879951477,2641612.0,-0.08086947083465919,0.0,0.40160857908847186
2022-11-08,0.296860009431839,0.3884789943695068,0.3896909952163696,0.2884730100631714,4840498.0,0.2100139397833684,1.0,0.2991957104557641
2022-11-09,0.2171439975500106,0.2971009910106659,0.2992910146713257,0.2047190070152282,4186701.0,0.6735651398610258,1.0,0.2991957104557641
2022-11-10,0.2520830035209656,0.2169049978256225,0.2595340013504028,0.216060996055603,2113641.0,0.45233388215490156,1.0,0.2991957104557641
2022-11-11,0.23157300055027,0.2520680129528045,0.2567020058631897,0.2236700057983398,2229760.0,0.5985613828577162,1.0,0.2991957104557641
2022-11-12,0.2227730005979538,0.2315720021724701,0.2387149930000305,0.2222529947757721,928072.0,0.6797737993964297,1.0,0.2991957104557641
2022-11-13,0.2062299996614456,0.222804993391037,0.2260790020227432,0.205375000834465,1167823.0,0.83446228253304,1.0,0.2991957104557641
2022-11-14,0.21076700091362,0.2062139958143234,0.2168470025062561,0.197626993060112,1564570.0,0.8074748915360735,1.0,0.2991957104557641
2022-11-15,0.2432270050048828,0.2111019939184188,0.3059220016002655,0.2111019939184188,21660976.0,0.577659930306822,1.0,0.2991957104557641
2022-11-16,0.2323119938373565,0.243259996175766,0.2433940023183822,0.2262990027666092,3657352.0,0.6628481218707095,1.0,0.2991957104557641
2022-11-17,0.2218180000782013,0.2323729991912841,0.2327139973640442,0.2212149947881698,1289236.0,0.751957264546162,1.0,0.2991957104557641
2022-11-18,0.2254299968481063,0.2218330055475235,0.2267359942197799,0.2216950058937072,654745.0,0.7361578704942797,1.0,0.2991957104557641
2022-11-19,0.2210790067911148,0.2254939973354339,0.225718006491661,0.2178770005702972,534518.0,0.7825820504435015,1.0,0.2991957104557641
2022-11-20,0.5926520228385925,0.2210939973592758,0.7919300198554993,0.2207870036363601,57061148.0,-0.3499616701528535,-1.0,0.2991957104557641
2022-11-21,0.5669469833374023,0.5926579833030701,0.876596987247467,0.3582980036735534,367623993.0,-0.33502628073395635,-1.0,0.2991957104557641
2022-11-22,0.5632990002632141,0.5660899877548218,0.7709550261497498,0.5059159994125366,159489787.0,-0.34459679741918736,-1.0,0.2991957104557641
2022-11-23,0.4852550029754638,0.5634009838104248,0.6005650162696838,0.4768620133399963,37779638.0,-0.25089328507935166,-1.0,0.2991957104557641
2022-11-24,0.439520001411438,0.4841809868812561,0.5066279768943787,0.4301210045814514,15610618.0,-0.1825645752016363,-1.0,0.2991957104557641
2022-11-25,0.4411399960517883,0.439505010843277,0.4694939851760864,0.4208300113677978,12828788.0,-0.19543277665714867,-1.0,0.2991957104557641
2022-11-26,0.4032909870147705,0.4408619999885559,0.4561429917812347,0.398377001285553,7444085.0,-0.128822193545765,-1.0,0.2991957104557641
2022-11-27,0.4488230049610138,0.4033870100975036,0.5136889815330505,0.4013279974460602,26721211.0,-0.2280860219564395,-1.0,0.2991957104557641
2022-11-28,0.412225991487503,0.448870986700058,0.4630370140075683,0.4085829854011535,16006902.0,-0.16816395308158053,-1.0,0.2991957104557641
2022-11-29,0.412209004163742,0.4122549891471863,0.4209049940109253,0.4067899882793426,5351136.0,-0.17731160555673198,-1.0,0.2991957104557641
2022-11-30,0.4056529998779297,0.4115070104598999,0.4230329990386963,0.3982149958610534,5918517.0,-0.17225844538600432,-1.0,0.2991957104557641
2022-12-01,0.3847239911556244,0.405690997838974,0.4109880030155182,0.3845759928226471,5145784.0,-0.13366454831226895,-1.0,0.2991957104557641
2022-12-02,0.3827210068702698,0.3847489953041076,0.3877919912338257,0.3776940107345581,4008219.0,-0.1349722747322728,-1.0,0.2991957104557641
2022-12-03,0.3921209871768951,0.3828699886798858,0.4440479874610901,0.3800179958343506,24187584.0,-0.1619966011324276,-1.0,0.2991957104557641
2022-12-04,0.3995279967784881,0.3919810056686401,0.4011889994144439,0.3865750133991241,5396927.0,-0.1840704741966897,-1.0,0.2991957104557641
2022-12-05,0.3911710083484649,0.3995090126991272,0.4029250144958496,0.3858700096607208,5402253.0,-0.1711782693235567,-1.0,0.2991957104557641
2022-12-06,0.3849659860134125,0.391169011592865,0.3927049934864044,0.3818089962005615,2274819.0,-0.16298822307499672,-1.0,0.2991957104557641
2022-12-07,0.3811779916286468,0.3849720060825348,0.4124639928340912,0.3765279948711395,6958484.0,-0.1593676968073474,-1.0,0.2991957104557641
2022-12-08,0.3793190121650696,0.3811570107936859,0.3817079961299896,0.3699460029602051,3023607.0,-0.1589526471079055,-1.0,0.2991957104557641
2022-12-09,0.3777390122413635,0.3786410093307495,0.3916899859905243,0.3754779994487762,4268390.0,-0.15850133163647803,-1.0,0.2991957104557641
2022-12-10,0.3656339943408966,0.3776910006999969,0.384671002626419,0.3601430058479309,3660134.0,-0.13326542238867378,-1.0,0.2991957104557641
2022-12-11,0.3515399992465973,0.3655999898910522,0.3661539852619171,0.3507609963417053,2881435.0,-0.09994016900190544,-1.0,0.2991957104557641
2022-12-12,0.3386130034923553,0.3513239920139313,0.3514040112495422,0.3367800116539001,3084286.0,-0.06454455960398403,0.0,0.40160857908847186
2022-12-13,0.3619720041751861,0.3386690020561218,0.419404000043869,0.3368990123271942,31059320.0,-0.11534188820136068,-1.0,0.2991957104557641
2022-12-14,0.3515599966049194,0.3626419901847839,0.3632490038871765,0.3489350080490112,5288888.0,-0.08351933823686485,0.0,0.40160857908847186
2022-12-15,0.3378430008888244,0.3516010046005249,0.3546580076217651,0.3363150060176849,2776882.0,-0.032584662380371374,0.0,0.40160857908847186
2022-12-16,0.295083999633789,0.3378739953041076,0.3430880010128021,0.290455013513565,3544643.0,0.12376910416289624,1.0,0.2991957104557641
2022-12-17,0.3319770097732544,0.2950530052185058,0.3821650147438049,0.2851159870624542,22223252.0,0.005128997109333535,0.0,0.40160857908847186
2022-12-18,0.3145540058612823,0.3318839967250824,0.3414779901504516,0.3109099864959717,5457796.0,0.07172941797104063,1.0,0.2991957104557641
2022-12-19,0.2959330081939697,0.3145129978656769,0.3259400129318237,0.2941240072250366,4702241.0,0.15471108478927798,1.0,0.2991957104557641
2022-12-20,0.313955008983612,0.2959389984607696,0.332863986492157,0.2951529920101166,6442151.0,0.09958519830212542,1.0,0.2991957104557641
2022-12-21,0.307779997587204,0.3138819932937622,0.321938008069992,0.3055149912834167,2461926.0,0.13428291804419368,1.0,0.2991957104557641
2022-12-22,0.3096140027046203,0.307788997888565,0.3116729855537414,0.2976990044116974,3256468.0,0.14038426580736685,1.0,0.2991957104557641
2022-12-23,0.3032130002975464,0.3096410036087036,0.3125160038471222,0.3027890026569366,2377765.0,0.17543071822286688,1.0,0.2991957104557641
2022-12-24,0.3131589889526367,0.3042509853839874,0.3175120055675506,0.3038310110569,6523638.0,0.14910939805414447,1.0,0.2991957104557641
2022-12-25,0.3034889996051788,0.3131659924983978,0.3143180012702942,0.300119012594223,4412545.0,0.19916671257470872,1.0,0.2991957104557641
2022-12-26,0.3042060136795044,0.303409993648529,0.3075900077819824,0.3019590079784393,2379999.0,0.2092201132798952,1.0,0.2991957104557641
2022-12-27,0.3018620014190674,0.3042080104351043,0.3059650063514709,0.2988680005073547,2292841.0,0.2310527988584638,1.0,0.2991957104557641
2022-12-28,0.2884550094604492,0.3018639981746673,0.3050949871540069,0.2868599891662597,1728046.0,0.30446306306762383,1.0,0.2991957104557641
2022-12-29,0.292490005493164,0.2884339988231659,0.304544985294342,0.2872810065746307,3263764.0,0.2991656478339443,1.0,0.2991957104557641
2022-12-30,0.2986800074577331,0.2925150096416473,0.3026210069656372,0.2909739911556244,2672691.0,0.2848824042824425,1.0,0.2991957104557641
2022-12-31,0.2910929918289184,0.2986100018024444,0.3011449873447418,0.2897740006446838,1525269.0,0.33289525564988254,1.0,0.2991957104557641
2023-01-01,0.2986539900302887,0.2910979986190796,0.3084169924259186,0.288329005241394,2447306.0,0.3139846203011325,1.0,0.2991957104557641
2023-01-02,0.3054980039596557,0.2987230122089386,0.3063389956951141,0.2931770086288452,2571641.0,0.29981884300970507,1.0,0.2991957104557641
2023-01-03,0.311176985502243,0.3054569959640503,0.3290790021419525,0.298128992319107,8991153.0,0.28976109222575946,1.0,0.2991957104557641
2023-01-04,0.3132230043411255,0.3111790120601654,0.3316879868507385,0.3099470138549804,6654836.0,0.2931692060291035,1.0,0.2991957104557641
2023-01-05,0.3159430027008056,0.3132590055465698,0.3258180022239685,0.3084900081157684,4128681.0,0.2940337414661314,1.0,0.2991957104557641
2023-01-06,0.3343499898910522,0.3158310055732727,0.3579620122909546,0.3125190138816833,15711159.0,0.23525753227314858,1.0,0.2991957104557641
2023-01-07,0.3212870061397552,0.3343459963798523,0.3343830108642578,0.3187319934368133,4044091.0,0.2974306000091091,1.0,0.2991957104557641
2023-01-08,0.3238810002803802,0.3212850093841553,0.32430300116539,0.3166199922561645,2614428.0,0.29486582037613873,1.0,0.2991957104557641
2023-01-09,0.3343499898910522,0.323973000049591,0.3469020128250122,0.3234130144119262,7052511.0,0.2663274264314476,1.0,0.2991957104557641
2023-01-10,0.3406710028648376,0.3342469930648803,0.3472940027713775,0.327684998512268,5458227.0,0.25223620097135685,1.0,0.2991957104557641
2023-01-11,0.3349379897117615,0.3405619859695434,0.3416590094566345,0.3253979980945587,3405555.0,0.2828558417671724,1.0,0.2991957104557641
2023-01-12,0.3355210125446319,0.3357000052928924,0.3385500013828277,0.3284229934215545,3340709.0,0.2884083160104306,1.0,0.2991957104557641
2023-01-13,0.3498240113258362,0.3355410099029541,0.3539760112762451,0.332394003868103,4614240.0,0.2428694978747069,1.0,0.2991957104557641
2023-01-14,0.4728229939937591,0.3497830033302307,0.4733499884605407,0.3484300076961517,32984147.0,-0.08195970262346636,0.0,0.40160857908847186
2023-01-15,0.414806991815567,0.4747540056705475,0.4980599880218506,0.3868150115013122,29605934.0,0.048546090763497696,1.0,0.2991957104557641
2023-01-16,0.4862129986286163,0.4148600101470947,0.5557929873466492,0.4094460010528564,68540244.0,-0.10713970648132917,-1.0,0.2991957104557641
2023-01-17,0.4477809965610504,0.4863870143890381,0.4939790070056915,0.4472230076789856,21568939.0,-0.03003539400601815,0.0,0.40160857908847186
2023-01-18,0.3983269929885864,0.4478560090065002,0.4504880011081695,0.3805409967899322,12203140.0,0.09665278461122231,1.0,0.2991957104557641
2023-01-19,0.4245400130748749,0.3983080089092254,0.433348000049591,0.3949759900569916,7959177.0,0.035295814839090625,1.0,0.2991957104557641
2023-01-20,0.4431439936161041,0.4246709942817688,0.4458059966564178,0.4084280133247375,6302800.0,-0.005995570951034215,0.0,0.40160857908847186
2023-01-21,0.4260559976100921,0.4431540071964264,0.4450950026512146,0.4223459959030151,6403861.0,0.03693198669606128,1.0,0.2991957104557641
2023-01-22,0.4322380125522613,0.4258979856967926,0.4402289986610412,0.4178340137004852,6640077.0,0.03225772866840916,1.0,0.2991957104557641
2023-01-23,0.4366329908370971,0.4321979880332947,0.4584870040416717,0.4266169965267181,9339895.0,0.027993565034456498,0.0,0.40160857908847186
2023-01-24,0.4096750020980835,0.4364550113677978,0.4442760050296783,0.403329998254776,5988551.0,0.10144076596132862,1.0,0.2991957104557641
2023-01-25,0.4234969913959503,0.4097720086574554,0.4308899939060211,0.3998900055885315,5370843.0,0.07055416343160797,1.0,0.2991957104557641
2023-01-26,0.4340479969978332,0.4234189987182617,0.4559980034828186,0.4227609932422638,8620028.0,0.04830672866145938,1.0,0.2991957104557641
2023-01-27,0.4295859932899475,0.4340490102767944,0.4357179999351501,0.4194880127906799,4979148.0,0.0645548993188393,1.0,0.2991957104557641
2023-01-28,0.4220550060272217,0.4295470118522644,0.4363870024681091,0.420195996761322,4651264.0,0.09015396136342961,1.0,0.2991957104557641
2023-01-29,0.4379220008850097,0.421999990940094,0.4449270069599151,0.4208300113677978,7006491.0,0.05500001650308319,1.0,0.2991957104557641
2023-01-30,0.4113399982452392,0.4375869929790497,0.4565289914608001,0.4070979952812195,11705529.0,0.12622914248587924,1.0,0.2991957104557641
2023-01-31,0.4195030033588409,0.4113270044326782,0.4279530048370361,0.4063250124454498,4664591.0,0.10494962768676325,1.0,0.2991957104557641
2023-02-01,0.4263820052146911,0.4193559885025024,0.4319199919700622,0.395341008901596,6066964.0,0.08805387680343471,1.0,0.2991957104557641
2023-02-02,0.4404230117797851,0.4263319969177246,0.4710870087146759,0.4263319969177246,13413192.0,0.05224427624334972,1.0,0.2991957104557641
2023-02-03,0.4547879993915558,0.4403989911079407,0.4608519971370697,0.4403989911079407,7330161.0,0.01675973325758918,0.0,0.40160857908847186
2023-02-04,0.4472379982471466,0.4547669887542724,0.4560109972953796,0.4443059861660003,3905514.0,0.030043571198342674,0.0,0.40160857908847186
2023-02-05,0.4318270087242126,0.4472860097885132,0.4569649994373321,0.4250470101833343,6584464.0,0.06254115420529475,1.0,0.2991957104557641
2023-02-06,0.4372409880161285,0.4318000078201294,0.4474819898605346,0.426281988620758,4688959.0,0.04496100160496236,1.0,0.2991957104557641
2023-02-07,0.4677079916000366,0.437269002199173,0.4698919951915741,0.4361140131950378,10857404.0,-0.02986897994771911,0.0,0.40160857908847186
2023-02-08,0.444142997264862,0.4677070081233978,0.4711900055408478,0.4364629983901977,6141613.0,0.01753074689964407,0.0,0.40160857908847186
2023-02-09,0.4049960076808929,0.444225013256073,0.4467569887638092,0.4045349955558777,6291840.0,0.11570250818817694,1.0,0.2991957104557641
2023-02-10,0.462801992893219,0.4049560129642486,0.4726769924163818,0.4040650129318237,26848911.0,-0.02667020675046744,0.0,0.40160857908847186
2023-02-11,0.4431990087032318,0.4626860022544861,0.4724009931087494,0.4288020133972168,6907720.0,0.015126929380240042,0.0,0.40160857908847186
2023-02-12,0.4333890080451965,0.4433070123195648,0.4512549936771393,0.4300360083580017,5845191.0,0.036710357676823326,1.0,0.2991957104557641
2023-02-13,0.4190700054168701,0.433353990316391,0.4333739876747131,0.4087759852409363,5731767.0,0.07460960901404498,1.0,0.2991957104557641
2023-02-14,0.4297449886798858,0.4191370010375976,0.4339379966259002,0.4162079989910126,4431338.0,0.04805461208366339,1.0,0.2991957104557641
2023-02-15,0.4499419927597046,0.4296950101852417,0.4499419927597046,0.4255479872226715,3628617.0,0.0004959807877411501,0.0,0.40160857908847186
2023-02-16,0.4427649974822998,0.4492430090904236,0.5839359760284424,0.4427370131015777,32412806.0,0.015355496681368836,0.0,0.40160857908847186
2023-02-17,0.4598459899425506,0.4426130056381225,0.4630489945411682,0.4406439960002899,8171795.0,-0.024566968592932413,0.0,0.40160857908847186
2023-02-18,0.4545469880104065,0.4601379930973053,0.4653060138225555,0.4527220129966736,4611144.0,-0.0172036406412089,0.0,0.40160857908847186
2023-02-19,0.4781570136547088,0.4545199871063232,0.4896250069141388,0.4508129954338074,11988474.0,-0.0703229033331303,0.0,0.40160857908847186
2023-02-20,0.5108789801597595,0.4783320128917694,0.5343530178070068,0.4666500091552734,20082065.0,-0.13700861989911015,-1.0,0.2991957104557641
2023-02-21,0.4739469885826111,0.5108720064163208,0.5255169868469238,0.4700950086116791,10178402.0,-0.07483693193658417,0.0,0.40160857908847186
2023-02-22,0.4677839875221252,0.4739579856395721,0.4782100021839142,0.4501140117645263,7717689.0,-0.06702884143933702,0.0,0.40160857908847186
2023-02-23,0.5727159976959229,0.4678409993648529,0.6075779795646667,0.4649749994277954,61460844.0,-0.24779171486577622,-1.0,0.2991957104557641
2023-02-24,0.522229015827179,0.5728139877319336,0.6469129920005798,0.5097159743309021,51810607.0,-0.1825163403611622,-1.0,0.2991957104557641
2023-02-25,0.4857339859008789,0.5222449898719788,0.5234130024909973,0.4662089943885803,8988127.0,-0.12594673810420184,-1.0,0.2991957104557641
2023-02-26,0.4920960068702698,0.4855909943580627,0.5108799934387207,0.4780359864234924,6404768.0,-0.14277849227489198,-1.0,0.2991957104557641
2023-02-27,0.4864949882030487,0.4921570122241974,0.5058389902114868,0.4766620099544525,6294150.0,-0.1373772264907334,-1.0,0.2991957104557641
2023-02-28,0.5032640099525452,0.4864259958267212,0.5550900101661682,0.4854809939861297,19671996.0,-0.17209116815515235,-1.0,0.2991957104557641
2023-03-01,0.5112410187721252,0.5032579898834229,0.5170720219612122,0.4931840002536773,7800959.0,-0.19160487203226326,-1.0,0.2991957104557641
2023-03-02,0.4988110065460205,0.5112789869308472,0.5153759717941284,0.4823830127716064,9320972.0,-0.17782531977939126,-1.0,0.2991957104557641
2023-03-03,0.4515120089054107,0.4988720118999481,0.4988720118999481,0.439287006855011,7890384.0,-0.09525510307467952,-1.0,0.2991957104557641
2023-03-04,0.4280340075492859,0.4515509903430938,0.4527899920940399,0.4164159893989563,4617896.0,-0.047473251059465024,0.0,0.40160857908847186
2023-03-05,0.4390830099582672,0.4280599951744079,0.443901002407074,0.4259490072727203,3760160.0,-0.07383914156080759,0.0,0.40160857908847186
2023-03-06,0.4246149957180023,0.4390529990196228,0.4399409890174866,0.4236330091953277,3457709.0,-0.044386749033090624,0.0,0.40160857908847186
2023-03-07,0.4220690131187439,0.424578994512558,0.4333240091800689,0.4143089950084686,4737736.0,-0.039632180938162155,0.0,0.40160857908847186
2023-03-08,0.3917019963264465,0.4220950007438659,0.425152987241745,0.3884530067443847,4772363.0,0.03704275171573622,1.0,0.2991957104557641
2023-03-09,0.3729259967803955,0.3917270004749298,0.4059759974479675,0.3620800077915191,6709225.0,0.09360905768812745,1.0,0.2991957104557641
2023-03-10,0.3753469884395599,0.3729729950428009,0.3765389919281006,0.3392040133476257,6302242.0,0.09335273010836834,1.0,0.2991957104557641
2023-03-11,0.3665319979190826,0.3754040002822876,0.3907049894332886,0.3526569902896881,4211604.0,0.1288829330779584,1.0,0.2991957104557641
2023-03-12,0.386258989572525,0.3665210008621216,0.386258989572525,0.3633590042591095,3314597.0,0.07664548777107033,1.0,0.2991957104557641
2023-03-13,0.4026249945163727,0.3862549960613251,0.4054900109767914,0.3708179891109466,7812361.0,0.036364570362090495,1.0,0.2991957104557641
2023-03-14,0.4181270003318786,0.4025849997997284,0.4382309913635254,0.3907450139522552,8119667.0,-0.00015396456482501958,0.0,0.40160857908847186
2023-03-15,0.4254159927368164,0.4181959927082062,0.4527109861373901,0.3970760107040405,13064710.0,-0.01523940666745507,0.0,0.40160857908847186
2023-03-16,0.4140489995479584,0.4260129928588867,0.4284499883651733,0.4071620106697082,4742694.0,0.013790712964253847,0.0,0.40160857908847186
2023-03-17,0.4522790014743805,0.4140749871730804,0.458525002002716,0.4106869995594024,8143748.0,-0.07154834758448644,0.0,0.40160857908847186
2023-03-18,0.4316509962081909,0.4522329866886139,0.473358005285263,0.4288719892501831,7367587.0,-0.028045726972002714,0.0,0.40160857908847186
2023-03-19,0.442548006772995,0.4316200017929077,0.4596860110759735,0.4316200017929077,5128079.0,-0.05455066777907627,0.0,0.40160857908847186
2023-03-20,0.4235239923000335,0.4424239993095398,0.4611630141735077,0.4221400022506714,5324367.0,-0.014370111174308888,0.0,0.40160857908847186
2023-03-21,0.4273689985275268,0.4235099852085113,0.4317080080509186,0.4108830094337463,3696455.0,-0.025392281736894253,0.0,0.40160857908847186
2023-03-22,0.3962480127811432,0.4273810088634491,0.427825003862381,0.3860589861869812,4745239.0,0.050448324600926964,1.0,0.2991957104557641
2023-03-23,0.4079009890556335,0.3962079882621765,0.4127430021762848,0.3959400057792663,3302261.0,0.023845578808064975,0.0,0.40160857908847186
2023-03-24,0.3941600024700165,0.407941997051239,0.4081920087337494,0.3862830102443695,2964879.0,0.06073095967998941,1.0,0.2991957104557641
2023-03-25,0.3969579935073852,0.3942129909992218,0.4069809913635254,0.3882800042629242,3087808.0,0.05310119362673342,1.0,0.2991957104557641
2023-03-26,0.4022069871425628,0.3969709873199463,0.4081760048866272,0.3963339924812317,2816930.0,0.03949423356938417,1.0,0.2991957104557641
2023-03-27,0.3926439881324768,0.4021370112895965,0.4079470038414001,0.380400002002716,3667397.0,0.0651833648881748,1.0,0.2991957104557641
2023-03-28,0.397812008857727,0.3922930061817169,0.3980120122432709,0.3841210007667541,2907610.0,0.05171842416399452,1.0,0.2991957104557641
2023-03-29,0.4103319942951202,0.3977279961109161,0.4196540117263794,0.3973689973354339,3634158.0,0.01839015530207933,0.0,0.40160857908847186
2023-03-30,0.4049890041351318,0.4104149937629699,0.4227159917354584,0.3973599970340729,3390904.0,0.030175270560922993,0.0,0.40160857908847186
2023-03-31,0.4169389903545379,0.4051209986209869,0.4227930009365082,0.404242992401123,3500460.0,-0.0013894908997050051,0.0,0.40160857908847186
2023-04-01,0.4071060121059418,0.416934996843338,0.4188390076160431,0.4044539928436279,2371674.0,0.022314031240073764,0.0,0.40160857908847186
2023-04-02,0.4033379852771759,0.4090780019760132,0.4157760143280029,0.4002319872379303,2909815.0,0.030876593984074004,0.0,0.40160857908847186
2023-04-03,0.3972119987010956,0.4032480120658874,0.4052850008010864,0.3901450037956238,2659494.0,0.04577774781004184,1.0,0.2991957104557641
2023-04-04,0.4001010060310364,0.3973039984703064,0.4022389948368072,0.3961780071258545,2607045.0,0.03639415580236567,1.0,0.2991957104557641
2023-04-05,0.4027749896049499,0.4000380039215088,0.4062399864196777,0.3962079882621765,3132193.0,0.027581184369590762,0.0,0.40160857908847186
2023-04-06,0.4054079949855804,0.4028509855270386,0.4179739952087402,0.3979600071907043,4547378.0,0.015530202925995263,0.0,0.40160857908847186
2023-04-07,0.396014004945755,0.4054229855537414,0.4056859910488128,0.3937770128250122,2230996.0,0.0356205728466043,1.0,0.2991957104557641
2023-04-08,0.4084300100803375,0.3960039913654327,0.4145030081272125,0.3934049904346466,4465569.0,-0.00078718338179996,0.0,0.40160857908847186
2023-04-09,0.4195489883422851,0.4084750115871429,0.4334279894828796,0.4034279882907867,8298808.0,-0.03437296709028609,0.0,0.40160857908847186
2023-04-10,0.4248790144920349,0.4195429980754852,0.4498310089111328,0.4153560101985931,8167967.0,-0.05297746762300681,0.0,0.40160857908847186
2023-04-11,0.4569920003414154,0.4248130023479461,0.4664230048656463,0.4218530058860779,9663203.0,-0.12805639945319286,-1.0,0.2991957104557641
2023-04-12,0.4748539924621582,0.4566609859466553,0.5169990062713623,0.4177829921245575,35932314.0,-0.17016880432280357,-1.0,0.2991957104557641
2023-04-13,0.4532119929790497,0.4681630134582519,0.498412013053894,0.4444659948348999,14705416.0,-0.13828771036565343,-1.0,0.2991957104557641
2023-04-14,0.4474979937076568,0.4531979858875274,0.45940101146698,0.4363099932670593,5724271.0,-0.13465261383189586,-1.0,0.2991957104557641
2023-04-15,0.4436100125312805,0.4474630057811737,0.4487380087375641,0.4375649988651275,3407122.0,-0.13404668135183945,-1.0,0.2991957104557641
2023-04-16,0.4532650113105774,0.443691998720169,0.4605430066585541,0.4379580020904541,5038411.0,-0.15972198296409054,-1.0,0.2991957104557641
2023-04-17,0.4404850006103515,0.453341007232666,0.4569190144538879,0.4388409852981567,3937841.0,-0.1418804719231589,-1.0,0.2991957104557641
2023-04-18,0.4574039876461029,0.4405040144920349,0.4624789953231811,0.4394190013408661,5391751.0,-0.18083874383459247,-1.0,0.2991957104557641
2023-04-19,0.4196780025959015,0.4573650062084198,0.4583849906921386,0.4186969995498657,3534817.0,-0.11315848600811663,-1.0,0.2991957104557641
2023-04-20,0.4061219990253448,0.419607013463974,0.4212130010128021,0.3986349999904632,3275518.0,-0.08913715988685265,0.0,0.40160857908847186
2023-04-21,0.3925220072269439,0.4061320126056671,0.409637987613678,0.3915109932422638,2742353.0,-0.061958646015561725,0.0,0.40160857908847186
2023-04-22,0.3979040086269378,0.3926120102405548,0.3986159861087799,0.3873679935932159,1979071.0,-0.08044946667936936,0.0,0.40160857908847186
2023-04-23,0.3873179852962494,0.3978669941425323,0.3984459936618805,0.3823170065879822,1742802.0,-0.06048869634167134,0.0,0.40160857908847186
2023-04-24,0.4523670077323913,0.3873020112514496,0.4777899980545044,0.3766059875488281,19015806.0,-0.20423642432879602,-1.0,0.2991957104557641
2023-04-25,0.4092029929161072,0.4523600041866302,0.4885849952697754,0.3964659869670868,22569959.0,-0.12633588961757908,-1.0,0.2991957104557641
2023-04-26,0.3950130045413971,0.4092400074005127,0.4208399951457977,0.3896960020065307,6076700.0,-0.09904477411979104,-1.0,0.2991957104557641
2023-04-27,0.4039640128612518,0.395018994808197,0.4065999984741211,0.3946090042591095,2772597.0,-0.12379571568943591,-1.0,0.2991957104557641
2023-04-28,0.3973160088062286,0.4039190113544464,0.4050430059432983,0.3914470076560974,2369128.0,-0.11359521559607524,-1.0,0.2991957104557641
2023-04-29,0.4025599956512451,0.3973619937896728,0.4126189947128296,0.3950049877166748,3021590.0,-0.13075977072511097,-1.0,0.2991957104557641
2023-04-30,0.3940710127353668,0.402548998594284,0.405241996049881,0.3928489983081817,1989158.0,-0.11691622496214697,-1.0,0.2991957104557641
2023-05-01,0.3835999965667724,0.3940609991550445,0.3940609991550445,0.3769609928131103,2016897.0,-0.09640347545503697,-1.0,0.2991957104557641
2023-05-02,0.3897390067577362,0.3835310041904449,0.3967440128326416,0.3810130059719085,2565882.0,-0.11458720210505541,-1.0,0.2991957104557641
2023-05-03,0.4016830027103424,0.3896790146827698,0.4215660095214844,0.3821800053119659,6153182.0,-0.14565918077613227,-1.0,0.2991957104557641
2023-05-04,0.3905859887599945,0.4015319943428039,0.4026429951190948,0.39028000831604,2075055.0,-0.12847800656971747,-1.0,0.2991957104557641
2023-05-05,0.3845329880714416,0.3906520009040832,0.3949080109596252,0.3825030028820038,2337184.0,-0.12120527690686331,-1.0,0.2991957104557641
2023-05-06,0.3766410052776336,0.3844929933547973,0.3864980041980743,0.3731609880924225,2220802.0,-0.11123259709328429,-1.0,0.2991957104557641
2023-05-07,0.3778679966926574,0.3766579926013946,0.3888280093669891,0.3747900128364563,2025617.0,-0.12226623938236843,-1.0,0.2991957104557641
2023-05-08,0.3356499969959259,0.3777469992637634,0.379391998052597,0.3306280076503753,2844384.0,-0.017579227763351968,0.0,0.40160857908847186
2023-05-09,0.345331996679306,0.3356730043888092,0.3462420105934143,0.3326970040798187,1598620.0,-0.055031730426767095,0.0,0.40160857908847186
2023-05-10,0.3440540134906769,0.345429003238678,0.3526780009269714,0.3331789970397949,2001253.0,-0.061612555087744186,0.0,0.40160857908847186
2023-05-11,0.3241679966449737,0.3440580070018768,0.3623259961605072,0.3183920085430145,4351972.0,-0.012712347283643538,0.0,0.40160857908847186
2023-05-12,0.3366279900074005,0.3241289854049682,0.3367129862308502,0.3144319951534271,1912362.0,-0.05902173163168499,0.0,0.40160857908847186
2023-05-13,0.3322319984436035,0.3366219997406006,0.3442499935626983,0.3313240110874176,1458085.0,-0.05682719534814597,0.0,0.40160857908847186
2023-05-14,0.3333309888839721,0.3322359919548034,0.3405799865722656,0.3293190002441406,996581.0,-0.07021630860265578,0.0,0.40160857908847186
2023-05-15,0.3408820033073425,0.3333840072154999,0.3440900146961212,0.331373006105423,1306393.0,-0.10080881562561685,-1.0,0.2991957104557641
2023-05-16,0.3419899940490722,0.3408769965171814,0.3542859852313995,0.3355909883975982,2281503.0,-0.11385720952996348,-1.0,0.2991957104557641
2023-05-17,0.3445490002632141,0.3419469892978668,0.3463079929351806,0.3373380005359649,1366743.0,-0.12988827783595164,-1.0,0.2991957104557641
2023-05-18,0.3484030067920685,0.3445720076560974,0.3598749935626983,0.3415890038013458,2935927.0,-0.1501620631642968,-1.0,0.2991957104557641
2023-05-19,0.3483299911022186,0.3480249941349029,0.3558340072631836,0.3440229892730713,1595271.0,-0.1604155717951251,-1.0,0.2991957104557641
2023-05-20,0.3517670035362243,0.3483180105686188,0.3605920076370239,0.3446780145168304,2019740.0,-0.17849174094082843,-1.0,0.2991957104557641
2023-05-21,0.3396860063076019,0.3517470061779022,0.3521519899368286,0.3388870060443878,1103580.0,-0.15787063383912797,-1.0,0.2991957104557641
2023-05-22,0.3335959911346435,0.3397150039672851,0.3425059914588928,0.3335959911346435,1280849.0,-0.1499022959409749,-1.0,0.2991957104557641
2023-05-23,0.3374960124492645,0.3336319923400879,0.3393509984016418,0.3328950107097626,1281308.0,-0.1685903672170758,-1.0,0.2991957104557641
2023-05-24,0.3240149915218353,0.3375220000743866,0.3377520143985748,0.3187809884548187,1502078.0,-0.14096779995408454,-1.0,0.2991957104557641
2023-05-25,0.3232150077819824,0.3239809870719909,0.3253909945487976,0.3203819990158081,1115810.0,-0.14712017052139478,-1.0,0.2991957104557641
2023-05-26,0.3271690011024475,0.323168009519577,0.3313049972057342,0.3221290111541748,1365335.0,-0.1659191316791721,-1.0,0.2991957104557641
2023-05-27,0.3301239907741546,0.3272889852523803,0.3305859863758087,0.3262830078601837,1116344.0,-0.18375858402041753,-1.0,0.2991957104557641
2023-05-28,0.3432709872722626,0.3300999999046325,0.3473339974880218,0.3288640081882477,1864323.0,-0.22336458468173548,-1.0,0.2991957104557641
2023-05-29,0.342074990272522,0.343284010887146,0.3577710092067718,0.3378460109233856,2522020.0,-0.22999239581187958,-1.0,0.2991957104557641
2023-05-30,0.3406060039997101,0.3420589864253998,0.3446339964866638,0.3385579884052276,1677932.0,-0.23607758132473808,-1.0,0.2991957104557641
2023-05-31,0.3301930129528045,0.3406110107898712,0.344336986541748,0.3263899981975555,2636669.0,-0.2210634519717108,-1.0,0.2991957104557641
2023-06-01,0.332515001296997,0.3301889896392822,0.3407439887523651,0.3239910006523132,2591233.0,-0.2354420150498075,-1.0,0.2991957104557641
2023-06-02,0.3395009934902191,0.3324539959430694,0.3425979912281036,0.3304510116577148,1830243.0,-0.2604807183378904,-1.0,0.2991957104557641
2023-06-03,0.3404679894447326,0.3394980132579803,0.3456470072269439,0.3349350094795227,1811507.0,-0.272904204098139,-1.0,0.2991957104557641
2023-06-04,0.3407000005245209,0.340489000082016,0.3459010124206543,0.3385230004787445,1706715.0,-0.2842369581490371,-1.0,0.2991957104557641
2023-06-05,0.301948994398117,0.3406929969787597,0.3412370085716247,0.2912139892578125,2597685.0,-0.19985989462852677,-1.0,0.2991957104557641
2023-06-06,0.305213987827301,0.3019729852676391,0.310694009065628,0.2898420095443725,1840182.0,-0.21525539051165674,-1.0,0.2991957104557641
2023-06-07,0.2749029994010925,0.3052369952201843,0.3052369952201843,0.2733660042285919,1771732.0,-0.13331656564450906,-1.0,0.2991957104557641
2023-06-08,0.2793479859828949,0.2749300003051758,0.284278005361557,0.2700299918651581,1672152.0,-0.15243515554396017,-1.0,0.2991957104557641
2023-06-09,0.274275004863739,0.2793470025062561,0.2801119983196258,0.2722479999065399,1420991.0,-0.1418440775443866,-1.0,0.2991957104557641
2023-06-10,0.235835999250412,0.274271011352539,0.274711012840271,0.2223190069198608,2703519.0,-0.0013812489708838714,0.0,0.40160857908847186
2023-06-11,0.2329560071229934,0.235956996679306,0.24549600481987,0.2315810024738311,1918348.0,0.01310974329469845,0.0,0.40160857908847186
2023-06-12,0.2342830002307891,0.2330030053853988,0.2351009994745254,0.2263859957456588,1474135.0,0.010835321173536229,0.0,0.40160857908847186
2023-06-13,0.2314299941062927,0.2342959940433502,0.2395019978284835,0.2292629927396774,1544133.0,0.025357049518498615,0.0,0.40160857908847186
2023-06-14,0.2231940031051635,0.2314279973506927,0.2355310022830963,0.2209839969873428,1597526.0,0.06696625403851036,1.0,0.2991957104557641
2023-06-15,0.2236839979887008,0.2232320010662078,0.2260850071907043,0.2148569971323013,1817330.0,0.06755192247058026,1.0,0.2991957104557641
2023-06-16,0.2318380028009414,0.223688006401062,0.2333589941263198,0.2223410010337829,1739733.0,0.030423713242087903,0.0,0.40160857908847186
2023-06-17,0.2310740053653717,0.2319339960813522,0.2390370070934295,0.2300889939069748,1437053.0,0.03434855367027016,1.0,0.2991957104557641
2023-06-18,0.2403620034456253,0.2310570031404495,0.2482929974794387,0.2295780032873153,3218683.0,-0.006892479356242591,0.0,0.40160857908847186
2023-06-19,0.2296819984912872,0.2403659969568252,0.2403780072927475,0.2271669954061508,2258287.0,0.03994395926272849,1.0,0.2991957104557641
2023-06-20,0.2320529967546463,0.229664996266365,0.2332600057125091,0.2238709926605224,1853077.0,0.02986806036584385,0.0,0.40160857908847186
2023-06-21,0.2406329959630966,0.232023999094963,0.2414249926805496,0.2317849993705749,2757117.0,-0.007389083544481617,0.0,0.40160857908847186
2023-06-22,0.2462480068206787,0.2407599985599517,0.2576709985733032,0.2384719997644424,5780334.0,-0.03333341477350307,0.0,0.40160857908847186
2023-06-23,0.2545439898967743,0.2463240027427673,0.26944100856781,0.2458859980106353,8804272.0,-0.0693603872385446,0.0,0.40160857908847186
2023-06-24,0.2417600005865097,0.2545979917049408,0.2553269863128662,0.2394739985466003,3811263.0,-0.02316514467951332,0.0,0.40160857908847186
2023-06-25,0.2517549991607666,0.2417590022087097,0.2571339905261993,0.2416470050811767,3442469.0,-0.0656842627537203,0.0,0.40160857908847186
2023-06-26,0.2375909984111786,0.2517560124397278,0.2530680000782013,0.235846996307373,3299719.0,-0.012008675802294401,0.0,0.40160857908847186
2023-06-27,0.2382680028676986,0.2380570024251938,0.2416640073060989,0.2355639934539795,3061046.0,-0.016420067564546045,0.0,0.40160857908847186
2023-06-28,0.2205390036106109,0.238658994436264,0.2387100011110305,0.217190995812416,2679636.0,0.06255199070318482,1.0,0.2991957104557641
2023-06-29,0.2516080141067505,0.2205529958009719,0.2559840083122253,0.2205529958009719,11362420.0,-0.07264864789594741,0.0,0.40160857908847186
2023-06-30,0.2398010045289993,0.2515850067138672,0.254925012588501,0.2268279939889907,7325150.0,-0.029756981208272866,0.0,0.40160857908847186
2023-07-01,0.238085001707077,0.2398000061511993,0.2408419996500015,0.2310879975557327,2952216.0,-0.026324374058604806,0.0,0.40160857908847186
2023-07-02,0.2342839986085891,0.2380679994821548,0.2395360022783279,0.2310290038585662,2293085.0,-0.013957944944367234,0.0,0.40160857908847186
2023-07-03,0.2373979985713958,0.234265998005867,0.2424830049276352,0.2325299978256225,3716112.0,-0.030863246798325906,0.0,0.40160857908847186
2023-07-04,0.2383980005979538,0.2371419966220855,0.253381997346878,0.2346460074186325,5593429.0,-0.037681603955941605,0.0,0.40160857908847186
2023-07-05,0.2279980033636093,0.2383850067853927,0.243145003914833,0.2271970063447952,4025179.0,0.004133245781708969,0.0,0.40160857908847186
2023-07-06,0.2225439995527267,0.2279780060052871,0.2328889966011047,0.2209230065345764,3811420.0,0.02712483490601579,0.0,0.40160857908847186
2023-07-07,0.2296620011329651,0.2225520014762878,0.2355819940567016,0.2195650041103363,4552678.0,-0.007139028582002823,0.0,0.40160857908847186
2023-07-08,0.2384469956159591,0.229662999510765,0.2440429925918579,0.2240390032529831,6201076.0,-0.04729626326724677,0.0,0.40160857908847186
2023-07-09,0.2345460057258606,0.2384430021047592,0.2585009932518005,0.23403100669384,8412914.0,-0.03468005532805492,0.0,0.40160857908847186
2023-07-10,0.2317209988832473,0.2345470041036605,0.237428992986679,0.2290239930152893,3363743.0,-0.0259247605049934,0.0,0.40160857908847186
2023-07-11,0.2296410053968429,0.2317309975624084,0.2366710007190704,0.2276580035686493,4122070.0,-0.019734358715917905,0.0,0.40160857908847186
2023-07-12,0.2403009980916977,0.2296379953622818,0.2489520013332367,0.228861004114151,7430608.0,-0.06695339126200296,0.0,0.40160857908847186
2023-07-13,0.2489479929208755,0.2402800023555755,0.249219998717308,0.2358389943838119,6617775.0,-0.10372645498786494,-1.0,0.2991957104557641
2023-07-14,0.2602519989013672,0.2489929944276809,0.2819780111312866,0.2440239936113357,17141282.0,-0.14996966506168619,-1.0,0.2991957104557641
2023-07-15,0.2466890066862106,0.2602419853210449,0.2657209932804107,0.2465959936380386,5053846.0,-0.1117342080670521,-1.0,0.2991957104557641
2023-07-16,0.2501409947872162,0.2466849982738495,0.2530120015144348,0.2416200041770935,5054442.0,-0.13465303781367596,-1.0,0.2991957104557641
2023-07-17,0.244606003165245,0.2501710057258606,0.2639690041542053,0.2407779991626739,4975556.0,-0.12499400709012251,-1.0,0.2991957104557641
2023-07-18,0.234944999217987,0.2445559948682785,0.2456039935350418,0.2331259995698928,3179345.0,-0.09788234778610769,-1.0,0.2991957104557641
2023-07-19,0.2349040061235427,0.234932005405426,0.2424750030040741,0.2338380068540573,3057309.0,-0.10654115446252335,-1.0,0.2991957104557641
2023-07-20,0.2305780053138733,0.2349420040845871,0.2401580065488815,0.2281029969453811,3122238.0,-0.09922796939774711,-1.0,0.2991957104557641
2023-07-21,0.2345169931650161,0.2305600047111511,0.2422900050878524,0.2301419973373413,4548993.0,-0.12465271929028068,-1.0,0.2991957104557641
2023-07-22,0.2361350059509277,0.2345129996538162,0.2423740029335022,0.2312590032815933,4251368.0,-0.1408418622630051,-1.0,0.2991957104557641
2023-07-23,0.2365040034055709,0.2361799925565719,0.2377360016107559,0.2325759977102279,2767180.0,-0.15323368035439575,-1.0,0.2991957104557641
2023-07-24,0.2201610058546066,0.2364740073680877,0.2364740073680877,0.2191489934921264,2946868.0,-0.10089735413548317,-1.0,0.2991957104557641
2023-07-25,0.2177120000123977,0.2202000021934509,0.222812995314598,0.2143300026655197,3280871.0,-0.10157757647717493,-1.0,0.2991957104557641
2023-07-26,0.2184280008077621,0.2177049964666366,0.2205410003662109,0.2150139957666397,2726513.0,-0.11302137571797295,-1.0,0.2991957104557641
2023-07-27,0.2216449975967407,0.218418002128601,0.2278040051460266,0.2180639952421188,4411867.0,-0.13628563846244246,-1.0,0.2991957104557641
2023-07-28,0.2222049981355667,0.2216449975967407,0.2238720059394836,0.2199299931526184,2418171.0,-0.1489218821513656,-1.0,0.2991957104557641
2023-07-29,0.2260369956493377,0.2222349941730499,0.2281299978494644,0.2205159962177276,3222304.0,-0.1745928095964384,-1.0,0.2991957104557641
2023-07-30,0.2198520004749298,0.2260390073060989,0.2298759967088699,0.2187709957361221,2956204.0,-0.16195512385168584,-1.0,0.2991957104557641
2023-07-31,0.2194440066814422,0.2198510020971298,0.2225160002708435,0.2173539996147155,2483925.0,-0.17111857523081636,-1.0,0.2991957104557641
2023-08-01,0.2185599952936172,0.21943099796772,0.21943099796772,0.2143249958753585,2851824.0,-0.17747285025893966,-1.0,0.2991957104557641
2023-08-02,0.2109590023756027,0.2185869961977005,0.2205969989299774,0.2109590023756027,2593789.0,-0.15590634802640269,-1.0,0.2991957104557641
2023-08-03,0.2085659950971603,0.2109369933605194,0.2133270055055618,0.2056490033864975,2647542.0,-0.1547699402863276,-1.0,0.2991957104557641
2023-08-04,0.2072300016880035,0.2085389941930771,0.2106820046901703,0.2055079936981201,2474865.0,-0.15823859591629236,-1.0,0.2991957104557641
2023-08-05,0.2173949927091598,0.2072210013866424,0.2188999950885772,0.2059160023927688,5754989.0,-0.20791472046895726,-1.0,0.2991957104557641
2023-08-06,0.2128169983625412,0.217410996556282,0.2297430038452148,0.2125059962272644,5936857.0,-0.20081278799112767,-1.0,0.2991957104557641
2023-08-07,0.2110269963741302,0.2128559947013855,0.2158830016851425,0.2079990059137344,3353411.0,-0.20314150348451904,-1.0,0.2991957104557641
2023-08-08,0.2118050009012222,0.2110009938478469,0.2156569957733154,0.2096749991178512,3190120.0,-0.21393868484035417,-1.0,0.2991957104557641
2023-08-09,0.2111479938030243,0.2118010073900222,0.2146809995174408,0.2103720009326934,2687159.0,-0.21899891888807713,-1.0,0.2991957104557641
2023-08-10,0.2103089988231659,0.2111459970474243,0.2131980061531067,0.2090509980916977,2796399.0,-0.22598325698025426,-1.0,0.2991957104557641
2023-08-11,0.2093770056962967,0.2102739959955215,0.2117789983749389,0.2085749953985214,2307867.0,-0.2322991513518597,-1.0,0.2991957104557641
2023-08-12,0.2102970033884048,0.2093899995088577,0.2117370069026947,0.2087959945201873,1835468.0,-0.24566983303730164,-1.0,0.2991957104557641
2023-08-13,0.2115920037031173,0.2102970033884048,0.2154439985752105,0.2096620053052902,2941582.0,-0.2600469207128967,-1.0,0.2991957104557641
2023-08-14,0.2141789942979812,0.2116010040044784,0.2175240069627761,0.2114190012216568,3400791.0,-0.2782825509247731,-1.0,0.2991957104557641
2023-08-15,0.1993429958820343,0.2141840010881424,0.2142730057239532,0.1977590024471283,4632345.0,-0.22965456104428272,-1.0,0.2991957104557641
2023-08-16,0.1795949935913086,0.1993589997291565,0.1998060047626495,0.1781370043754577,4195738.0,-0.14983449687597927,-1.0,0.2991957104557641
2023-08-17,0.1648080050945282,0.1795859932899475,0.1853879988193512,0.1524769961833953,4276872.0,-0.07501080406033325,0.0,0.40160857908847186
2023-08-18,0.1669410020112991,0.1648080050945282,0.1685210019350052,0.1604759991168975,3232312.0,-0.089131618375644,0.0,0.40160857908847186
2023-08-19,0.1682669967412948,0.1669999957084655,0.1700270026922226,0.1656119972467422,2299574.0,-0.09913892939617552,-1.0,0.2991957104557641
2023-08-20,0.1686329990625381,0.1683000028133392,0.1687590032815933,0.1661729961633682,1783653.0,-0.10482879157027937,-1.0,0.2991957104557641
2023-08-21,0.1608549952507019,0.1686490029096603,0.1687719970941543,0.1594209969043731,2457315.0,-0.0608663221843194,0.0,0.40160857908847186
2023-08-22,0.157256007194519,0.160859003663063,0.161654993891716,0.1517830044031143,2416660.0,-0.03871935701553022,0.0,0.40160857908847186
2023-08-23,0.1591269969940185,0.1572470068931579,0.1606629937887191,0.1556649953126907,2458586.0,-0.04861288610495968,0.0,0.40160857908847186
2023-08-24,0.1528660058975219,0.1591330021619796,0.1591649949550628,0.1506579965353012,2940649.0,-0.00802136613500518,0.0,0.40160857908847186
2023-08-25,0.146039992570877,0.1528570055961609,0.1528570055961609,0.1437910050153732,2833602.0,0.040771198647671994,1.0,0.2991957104557641
2023-08-26,0.1425119936466217,0.1460559964179992,0.1483449935913086,0.1417890042066574,2047926.0,0.07017593222183836,1.0,0.2991957104557641
2023-08-27,0.1590240001678466,0.1425099968910217,0.1695799976587295,0.141525998711586,13231481.0,-0.04032784166298066,0.0,0.40160857908847186
2023-08-28,0.1479489952325821,0.1590179949998855,0.1620090007781982,0.1470990031957626,5225142.0,0.03370294217595071,1.0,0.2991957104557641
2023-08-29,0.1478320062160492,0.1479420065879821,0.148959994316101,0.1418299973011016,3719040.0,0.03715678113582722,1.0,0.2991957104557641
2023-08-30,0.1447169929742813,0.147825002670288,0.1482439935207367,0.1430130004882812,2811774.0,0.06526773364609376,1.0,0.2991957104557641
2023-08-31,0.1453969925642013,0.1447000056505203,0.1524540036916732,0.1432790011167526,5257291.0,0.06450275966707225,1.0,0.2991957104557641
2023-09-01,0.1441549956798553,0.1454170048236847,0.1508280038833618,0.1432510018348693,3871668.0,0.07967707297274236,1.0,0.2991957104557641
2023-09-02,0.1506710052490234,0.1441590040922165,0.1511259973049163,0.1440230011940002,3768247.0,0.03632766450309352,1.0,0.2991957104557641
2023-09-03,0.156482994556427,0.1506499946117401,0.158840999007225,0.1470880061388015,4648671.0,-0.00011739213053219705,0.0,0.40160857908847186
2023-09-04,0.1515129953622818,0.156477004289627,0.1628990024328231,0.1498650014400482,6293432.0,0.03558093009201023,1.0,0.2991957104557641
2023-09-05,0.1480930000543594,0.1515599936246872,0.1515599936246872,0.1462659984827041,4615602.0,0.06318305772093219,1.0,0.2991957104557641
2023-09-06,0.1456239968538284,0.1480930000543594,0.149727001786232,0.1428910046815872,3389526.0,0.0852491071776663,1.0,0.2991957104557641
2023-09-07,0.1451449990272522,0.1456439942121505,0.1458909958600998,0.139271005988121,3534103.0,0.0906050915321116,1.0,0.2991957104557641
2023-09-08,0.1495240032672882,0.1451620012521743,0.1531870067119598,0.1446810066699981,4419929.0,0.0601696630964762,1.0,0.2991957104557641
2023-09-09,0.1584630012512207,0.1495250016450882,0.1614859998226165,0.1456349939107895,6819235.0,-0.0009777614537226885,0.0,0.40160857908847186
2023-09-10,0.1604309976100921,0.158501997590065,0.1632609963417053,0.1492560058832168,9587359.0,-0.01635826611303998,0.0,0.40160857908847186
2023-09-11,0.1423369944095611,0.160532996058464,0.1627330034971237,0.1401340067386627,6416566.0,0.11040286250923115,1.0,0.2991957104557641
2023-09-12,0.1439760029315948,0.1423320025205612,0.1488139927387237,0.1423320025205612,3300326.0,0.10034960108428173,1.0,0.2991957104557641
2023-09-13,0.1429200023412704,0.1439760029315948,0.1444720029830932,0.1414629966020584,2886382.0,0.11038975353863491,1.0,0.2991957104557641
2023-09-14,0.1455049961805343,0.1429080069065094,0.1459099948406219,0.1424690037965774,2461333.0,0.09327324002078938,1.0,0.2991957104557641
2023-09-15,0.1504530012607574,0.1455039978027343,0.1517419964075088,0.1439300030469894,3995777.0,0.0581329704022987,1.0,0.2991957104557641
2023-09-16,0.1669030040502548,0.1504610031843185,0.1750510036945343,0.1501210033893585,10865887.0,-0.04935017118617274,0.0,0.40160857908847186
2023-09-17,0.1515150070190429,0.1668439954519271,0.1883819997310638,0.1495980024337768,18963396.0,0.04791248893587739,1.0,0.2991957104557641
2023-09-18,0.1571329981088638,0.1515000015497207,0.1594749987125396,0.1483580023050308,4964411.0,0.010060157442135884,0.0,0.40160857908847186
2023-09-19,0.1546420007944107,0.1571419984102249,0.1576450020074844,0.1515589952468872,3322245.0,0.027809788063981038,0.0,0.40160857908847186
2023-09-20,0.1530320048332214,0.1546390056610107,0.154787003993988,0.1504119932651519,2675111.0,0.04019907232406767,1.0,0.2991957104557641
2023-09-21,0.1484799981117248,0.1530250012874603,0.1539279967546463,0.1461810022592544,5580874.0,0.07572927488608375,1.0,0.2991957104557641
2023-09-22,0.164341002702713,0.1484770029783249,0.1645559966564178,0.1479720026254654,7074095.0,-0.02769053789291236,0.0,0.40160857908847186
2023-09-23,0.1605460047721862,0.1642660051584243,0.1642660051584243,0.1545629948377609,4457253.0,-0.0023144014419816464,0.0,0.40160857908847186
2023-09-24,0.1663019955158233,0.1605470031499862,0.1718959957361221,0.1564249992370605,7660463.0,-0.035801374250493026,0.0,0.40160857908847186
2023-09-25,0.1608159989118576,0.1663119941949844,0.1682139933109283,0.1585430055856704,3332795.0,-0.001007555448255832,0.0,0.40160857908847186
2023-09-26,0.157380998134613,0.1608189940452575,0.162661001086235,0.1570129990577697,2465381.0,0.02420936907645195,0.0,0.40160857908847186
2023-09-27,0.1591099947690963,0.1573749929666519,0.164694994688034,0.1570499986410141,3461032.0,0.016089331134418818,0.0,0.40160857908847186
2023-09-28,0.1621599942445755,0.1591179966926574,0.1639100015163421,0.1591179966926574,2738938.0,-7.380053966450639e-07,0.0,0.40160857908847186
2023-09-29,0.1583299934864044,0.1621800065040588,0.1632390022277832,0.156818002462387,2931800.0,0.02682593524483812,0.0,0.40160857908847186
2023-09-30,0.160300999879837,0.1583330035209655,0.162880003452301,0.1582929939031601,2233175.0,0.02059485020289804,0.0,0.40160857908847186
2023-10-01,0.1715130060911178,0.1602820008993148,0.174012005329132,0.1598660051822662,5770002.0,-0.04358474160348477,0.0,0.40160857908847186
2023-10-02,0.1650180071592331,0.1715230047702789,0.1732150018215179,0.1626009941101074,4720053.0,-0.0032877545642018766,0.0,0.40160857908847186
2023-10-03,0.1718460023403167,0.1650020033121109,0.1895609945058822,0.1640429943799972,15143417.0,-0.04097420124969729,0.0,0.40160857908847186
2023-10-04,0.1667889952659607,0.1718119978904724,0.1737799942493438,0.1610500067472458,6389670.0,-0.008626704410427389,0.0,0.40160857908847186
2023-10-05,0.1667259931564331,0.1667809933423996,0.1682340055704116,0.161761000752449,3253803.0,-0.004391520773645817,0.0,0.40160857908847186
2023-10-06,0.1655720025300979,0.1667319983243942,0.169623002409935,0.1632259935140609,2567583.0,0.006004547692634043,0.0,0.40160857908847186
2023-10-07,0.1655649989843368,0.1655579954385757,0.166373997926712,0.163341999053955,2165355.0,0.009986453929522746,0.0,0.40160857908847186
2023-10-08,0.164451003074646,0.1655710041522979,0.1656029969453811,0.1615660041570663,1702987.0,0.0209005831533182,0.0,0.40160857908847186
2023-10-09,0.1533869951963424,0.1644459962844848,0.1648900061845779,0.1523890048265457,2519410.0,0.10927510354222103,1.0,0.2991957104557641
2023-10-10,0.1567219942808151,0.1534270048141479,0.1603689938783645,0.1529210060834884,2683504.0,0.09707778976052622,1.0,0.2991957104557641
2023-10-11,0.1516550034284591,0.1567270010709762,0.1567559987306594,0.1497009992599487,2151420.0,0.1456547912063944,1.0,0.2991957104557641
2023-10-12,0.1443849951028823,0.151647999882698,0.1517439931631088,0.1441799998283386,1936538.0,0.21437502199542996,1.0,0.2991957104557641
2023-10-13,0.1501699984073639,0.1443759948015213,0.1537429988384246,0.1443759948015213,2127394.0,0.17660423896711722,1.0,0.2991957104557641
2023-10-14,0.1558970063924789,0.1501609981060028,0.1588090062141418,0.1486459970474243,3093998.0,0.14532447136900545,1.0,0.2991957104557641
2023-10-15,0.1516550034284591,0.1558880060911178,0.1563829928636551,0.14826300740242,2635124.0,0.18750862819021985,1.0,0.2991957104557641
2023-10-16,0.1576589941978454,0.1516669988632202,0.1594959944486618,0.1511880010366439,3587937.0,0.15002696103311114,1.0,0.2991957104557641
2023-10-17,0.1543750017881393,0.1576640009880066,0.1640660017728805,0.154339000582695,4198177.0,0.18430201176050326,1.0,0.2991957104557641
2023-10-18,0.149847999215126,0.1543859988451004,0.1565530002117157,0.1490339934825897,2316093.0,0.23120825742191656,1.0,0.2991957104557641
2023-10-19,0.1549759954214096,0.149836003780365,0.1592549979686737,0.1456149965524673,3821858.0,0.19913187832365375,1.0,0.2991957104557641
2023-10-20,0.1551910042762756,0.1549919992685318,0.1604969948530197,0.1538970023393631,3097739.0,0.20266897655254715,1.0,0.2991957104557641
2023-10-21,0.1619630008935928,0.1551689952611923,0.16941599547863,0.1546130031347274,6087950.0,0.158738795010062,1.0,0.2991957104557641
2023-10-22,0.16075000166893,0.1619759947061538,0.1645639985799789,0.1588989943265915,2525244.0,0.17458105258279086,1.0,0.2991957104557641
2023-10-23,0.1657769978046417,0.1613049954175949,0.1657769978046417,0.1597959995269775,3157506.0,0.1472209427712419,1.0,0.2991957104557641
2023-10-24,0.1664540022611618,0.1658560037612915,0.1715359985828399,0.1618120074272155,5109301.0,0.1510627391167067,1.0,0.2991957104557641
2023-10-25,0.1728380024433136,0.1664350032806396,0.1776939928531646,0.1625429987907409,6626418.0,0.11687188582047237,1.0,0.2991957104557641
2023-10-26,0.1718609929084777,0.1728779971599578,0.1765040010213852,0.1675300002098083,4521577.0,0.12969606371792003,1.0,0.2991957104557641
2023-10-27,0.1706019937992096,0.1718560010194778,0.1739889979362487,0.168285995721817,2299688.0,0.1465445202799287,1.0,0.2991957104557641
2023-10-28,0.1745689958333969,0.1706060022115707,0.1756269931793213,0.1703789979219436,2291874.0,0.12809783506828373,1.0,0.2991957104557641
2023-10-29,0.1744340062141418,0.1745660006999969,0.1755940020084381,0.1726990044116974,2618252.0,0.13927380173684295,1.0,0.2991957104557641
2023-10-30,0.177836999297142,0.1744319945573806,0.1784600019454956,0.1718019992113113,3730009.0,0.12669432189062257,1.0,0.2991957104557641
2023-10-31,0.1716890037059784,0.1778129935264587,0.1788560003042221,0.1669840067625045,4156222.0,0.17776907909091694,1.0,0.2991957104557641
2023-11-01,0.1931020021438598,0.1717019975185394,0.2109110057353973,0.1697040051221847,24942662.0,0.05248115651566788,1.0,0.2991957104557641
2023-11-02,0.1854420006275177,0.1930519938468933,0.2078910022974014,0.1824660003185272,10464489.0,0.10226950577437854,1.0,0.2991957104557641
2023-11-03,0.1790280044078827,0.1854359954595565,0.1854359954595565,0.1751579940319061,3656183.0,0.14998680798054576,1.0,0.2991957104557641
2023-11-04,0.1823830008506775,0.1790349930524826,0.1841340065002441,0.1780840009450912,3077364.0,0.1397258707983222,1.0,0.2991957104557641
2023-11-05,0.1842419952154159,0.1823589950799942,0.1883610039949417,0.1812510043382644,3159596.0,0.1397952768505318,1.0,0.2991957104557641
2023-11-06,0.1873230040073394,0.1842409968376159,0.1883479952812194,0.179416999220848,3052088.0,0.13567037822823516,1.0,0.2991957104557641
2023-11-07,0.1838880032300949,0.1873210072517395,0.1873980015516281,0.1782169938087463,3400039.0,0.17351251902777132,1.0,0.2991957104557641
2023-11-08,0.1864359974861145,0.1838839948177337,0.1878609955310821,0.1827010065317154,2965939.0,0.17260984597140466,1.0,0.2991957104557641
2023-11-09,0.1858820021152496,0.1864939928054809,0.2019360065460205,0.179649993777275,10839677.0,0.1925767881922315,1.0,0.2991957104557641
2023-11-10,0.2257149964570999,0.1858830004930496,0.2269960045814514,0.185708001255989,21295827.0,-0.011516447590578995,0.0,0.40160857908847186
2023-11-11,0.2139330059289932,0.2255710065364837,0.2372380048036575,0.2103909999132156,15260526.0,0.05435051086589549,1.0,0.2991957104557641
2023-11-12,0.2095129936933517,0.2139029949903488,0.2159270048141479,0.2009319961071014,6914842.0,0.09615978662149333,1.0,0.2991957104557641
2023-11-13,0.195369005203247,0.2095600068569183,0.2166440039873123,0.195369005203247,5883903.0,0.19472043476954332,1.0,0.2991957104557641
2023-11-14,0.1934700012207031,0.1952760070562362,0.2032549977302551,0.1877949982881546,4998822.0,0.22596315515199542,1.0,0.2991957104557641
2023-11-15,0.2154809981584549,0.1934860050678253,0.2228759974241256,0.1930799931287765,8755442.0,0.11456013537740417,1.0,0.2991957104557641
2023-11-16,0.2009020000696182,0.2154330015182495,0.2154330015182495,0.1970379948616027,5946256.0,0.21001579477693166,1.0,0.2991957104557641
2023-11-17,0.1967139989137649,0.2009080052375793,0.2051759958267212,0.188627004623413,4050377.0,0.25234906915654165,1.0,0.2991957104557641
2023-11-18,0.2028400003910064,0.1967480033636093,0.2076990008354187,0.1875270009040832,4599130.0,0.22969257879345295,1.0,0.2991957104557641
2023-11-19,0.2032070010900497,0.2028200030326843,0.2075629979372024,0.1971510052680969,3799218.0,0.24973301936622253,1.0,0.2991957104557641
2023-11-20,0.1979379951953888,0.2031469941139221,0.2065420001745224,0.197175994515419,3669071.0,0.311841993281235,1.0,0.2991957104557641
2023-11-21,0.1810069978237152,0.1979369968175888,0.2023169994354248,0.1810020059347152,5009215.0,0.4758868245815856,1.0,0.2991957104557641
2023-11-22,0.1949039995670318,0.180989995598793,0.1997399926185608,0.1806160062551498,5417127.0,0.4019573408922748,1.0,0.2991957104557641
2023-11-23,0.1972649991512298,0.1948859989643097,0.1983709931373596,0.1925970017910003,3093719.0,0.4187355862528453,1.0,0.2991957104557641
2023-11-24,0.2095829993486404,0.1972440034151077,0.2180559933185577,0.1972240060567855,7104208.0,0.3605233381173546,1.0,0.2991957104557641
2023-11-25,0.2117709964513778,0.2095739990472793,0.2139669954776764,0.2039619982242584,5077104.0,0.37091320760040813,1.0,0.2991957104557641
2023-11-26,0.2188829928636551,0.2117609977722168,0.2274460047483444,0.2054380029439926,9570663.0,0.3451511898640538,1.0,0.2991957104557641
2023-11-27,0.2074699997901916,0.2188670039176941,0.2189220041036605,0.2031490057706833,5897175.0,0.44386718360583566,1.0,0.2991957104557641
2023-11-28,0.217069000005722,0.2074680030345916,0.21943199634552,0.2011629939079284,6406604.0,0.3998449171511668,1.0,0.2991957104557641
2023-11-29,0.217069000005722,0.2170940041542053,0.2188349962234497,0.2122049927711486,4412700.0,0.4170563241534749,1.0,0.2991957104557641
2023-11-30,0.2319439947605133,0.2170750051736831,0.2396720051765442,0.2170629948377609,15218108.0,0.3416210105356088,1.0,0.2991957104557641
2023-12-01,0.2303120046854019,0.2319809943437576,0.2331250011920929,0.2217569947242736,6096813.0,0.36682491423867936,1.0,0.2991957104557641
2023-12-02,0.2306350022554397,0.2302920073270797,0.2328190058469772,0.2256010025739669,4022327.0,0.37541568196741476,1.0,0.2991957104557641
2023-12-03,0.225941002368927,0.2305839955806732,0.2340970039367675,0.224711999297142,4248522.0,0.41539893825575525,1.0,0.2991957104557641
2023-12-04,0.22290900349617,0.225952997803688,0.2311030030250549,0.2200469970703125,5914839.0,0.444110993039721,1.0,0.2991957104557641
2023-12-05,0.2261569947004318,0.22291299700737,0.2274840027093887,0.2187310010194778,5276116.0,0.43036795340676537,1.0,0.2991957104557641
2023-12-06,0.245959997177124,0.2261620014905929,0.2578220069408417,0.2254409939050674,15177528.0,0.32025876606436804,1.0,0.2991957104557641
2023-12-07,0.2524510025978088,0.2459000051021576,0.265408992767334,0.2332790046930313,15175247.0,0.29000254549425397,1.0,0.2991957104557641
2023-12-08,0.27497199177742,0.2524769902229309,0.2873840034008026,0.2524769902229309,21217982.0,0.18354678666267685,1.0,0.2991957104557641
2023-12-09,0.2817339897155761,0.2749289870262146,0.2935520112514496,0.2651489973068237,15861956.0,0.15683580957016224,1.0,0.2991957104557641
2023-12-10,0.2767339944839477,0.2818470001220703,0.2887710034847259,0.2656320035457611,7069803.0,0.18176064130984035,1.0,0.2991957104557641
2023-12-11,0.2838619947433471,0.2768349945545196,0.2920199930667877,0.2599430084228515,12881633.0,0.15299733627735865,1.0,0.2991957104557641
2023-12-12,0.2716990113258362,0.2846499979496002,0.2952269911766052,0.2656770050525665,7729938.0,0.20835976831982947,1.0,0.2991957104557641
2023-12-13,0.2921670079231262,0.2716250121593475,0.2933340072631836,0.2588439881801605,10038902.0,0.12480540428018645,1.0,0.2991957104557641
2023-12-14,0.3406920135021209,0.292136013507843,0.3734680116176605,0.281138002872467,106700843.0,-0.038795808695396505,0.0,0.40160857908847186
2023-12-15,0.3154209852218628,0.3405869901180267,0.3707639873027801,0.3146939873695373,49217525.0,0.03746841745079158,1.0,0.2991957104557641
2023-12-16,0.3142940104007721,0.3154630064964294,0.3308440148830414,0.3121129870414734,12768459.0,0.04022205203852047,1.0,0.2991957104557641
2023-12-17,0.310822993516922,0.3143070042133331,0.3298099935054779,0.3082480132579803,13895142.0,0.048593991517705146,1.0,0.2991957104557641
2023-12-18,0.2946000099182129,0.3107799887657165,0.3109830021858215,0.2730540037155151,10804446.0,0.10566070487042356,1.0,0.2991957104557641
2023-12-19,0.30103400349617,0.2945849895477295,0.3102949857711792,0.2858040034770965,8055876.0,0.079869385161407,1.0,0.2991957104557641
2023-12-20,0.3012799918651581,0.3009989857673645,0.3188869953155517,0.2982749938964844,9585063.0,0.07694879254000205,1.0,0.2991957104557641
2023-12-21,0.3479639887809753,0.3013130128383636,0.3548870086669922,0.3013130128383636,23779784.0,-0.07523395852457745,0.0,0.40160857908847186
2023-12-22,0.380621999502182,0.3482260107994079,0.4639909863471985,0.3384430110454559,88095328.0,-0.16449809508317514,-1.0,0.2991957104557641
2023-12-23,0.4204460084438324,0.3805840015411377,0.4258539974689483,0.3505670130252838,33028011.0,-0.2551697499196723,-1.0,0.2991957104557641
2023-12-24,0.3901439905166626,0.4200400114059448,0.433007001876831,0.3796670138835907,23960046.0,-0.20757598124216076,-1.0,0.2991957104557641
2023-12-25,0.4090979993343353,0.3901500105857849,0.4263759851455688,0.3800469934940338,16707879.0,-0.25499284223537894,-1.0,0.2991957104557641
2023-12-26,0.3784050047397613,0.409074991941452,0.4173170030117035,0.3690800070762634,14649855.0,-0.20325247801379281,-1.0,0.2991957104557641
2023-12-27,0.3774380087852478,0.3783789873123169,0.3876740038394928,0.3637250065803528,9374202.0,-0.20997523395309717,-1.0,0.2991957104557641
2023-12-28,0.3504369854927063,0.3774270117282867,0.3810220062732696,0.3429439961910248,7459464.0,-0.15551427700767284,-1.0,0.2991957104557641
2023-12-29,0.3715789914131164,0.3504889905452728,0.3812749981880188,0.3413429856300354,10704061.0,-0.21228365927924026,-1.0,0.2991957104557641
2023-12-30,0.354790985584259,0.3715910017490387,0.3737620115280151,0.3519310057163238,4734634.0,-0.18369702298902707,-1.0,0.2991957104557641
2023-12-31,0.3366230130195617,0.354669988155365,0.3636940121650696,0.3334049880504608,5009902.0,-0.147395077941999,-1.0,0.2991957104557641
2024-01-01,0.3465659916400909,0.3370310068130493,0.3473969995975494,0.3186759948730469,8028515.0,-0.1787621035444251,-1.0,0.2991957104557641
2024-01-02,0.3459999859333038,0.3466460108757019,0.3686160147190094,0.3361819982528686,8954343.0,-0.18494550050806063,-1.0,0.2991957104557641
2024-01-03,0.3081650137901306,0.3459739983081817,0.3535610139369964,0.2964780032634735,8861127.0,-0.08973818535474118,0.0,0.40160857908847186
2024-01-04,0.3084259927272796,0.3082779943943023,0.3170129954814911,0.2907679975032806,9559842.0,-0.0954509517483666,-1.0,0.2991957104557641
2024-01-05,0.2903870046138763,0.3084279894828796,0.3094080090522766,0.2775050103664398,6067834.0,-0.042382785499577004,0.0,0.40160857908847186
2024-01-06,0.2767930030822754,0.2903850078582763,0.2928189933300018,0.2681590020656585,5257779.0,0.0037551653370847676,0.0,0.40160857908847186
2024-01-07,0.2857399880886078,0.2768140137195587,0.3075149953365326,0.2753730118274688,10578693.0,-0.02916491162297932,0.0,0.40160857908847186
2024-01-08,0.2822619974613189,0.2857890129089355,0.2860490083694458,0.2552869915962219,6082113.0,-0.015055152145871203,0.0,0.40160857908847186
2024-01-09,0.2679249942302704,0.2823759913444519,0.2853739857673645,0.2594810128211975,5048812.0,0.03992234182577639,1.0,0.2991957104557641
2024-01-10,0.2970220148563385,0.2678540050983429,0.2970220148563385,0.2621710002422333,5461902.0,-0.06360970931845542,0.0,0.40160857908847186
2024-01-11,0.3123619854450226,0.2973940074443817,0.320044994354248,0.2870300114154815,7787037.0,-0.11152740856924867,-1.0,0.2991957104557641
2024-01-12,0.2921429872512817,0.3123570084571838,0.3140510022640228,0.2846960127353668,5073177.0,-0.0487283397509581,0.0,0.40160857908847186
2024-01-13,0.3042759895324707,0.2921949923038482,0.3100570142269134,0.2866399884223938,3992985.0,-0.08619350383474407,0.0,0.40160857908847186
2024-01-14,0.3024350106716156,0.3042719960212707,0.3197290003299713,0.3023959994316101,5287366.0,-0.076723954440441,0.0,0.40160857908847186
2024-01-15,0.3036859929561615,0.3024370074272156,0.3182370066642761,0.3017350137233734,3915582.0,-0.07792637257702673,0.0,0.40160857908847186
2024-01-16,0.3078919947147369,0.3038380146026611,0.3142420053482055,0.2974959909915924,4622245.0,-0.08794792426606113,0.0,0.40160857908847186
2024-01-17,0.3045740127563476,0.3079099953174591,0.309249997138977,0.29926198720932,3639750.0,-0.07461860156766144,0.0,0.40160857908847186
2024-01-18,0.2785530090332031,0.3045780062675476,0.3088389933109283,0.274852991104126,4542563.0,0.01806912780227598,0.0,0.40160857908847186
2024-01-19,0.2882170081138611,0.2785579860210418,0.291931003332138,0.2659200131893158,4631019.0,-0.012599259168533338,0.0,0.40160857908847186
2024-01-20,0.2802259922027588,0.2884150147438049,0.2887539863586426,0.2757129967212677,3183429.0,0.018971321807150617,0.0,0.40160857908847186
2024-01-21,0.2816230058670044,0.2803289890289306,0.2907490134239197,0.2791860103607178,2930546.0,0.01792453728689792,0.0,0.40160857908847186
2024-01-22,0.2622730135917663,0.2810499966144562,0.2828409969806671,0.2622730135917663,3159889.0,0.10279252091547442,1.0,0.2991957104557641
2024-01-23,0.2598260045051574,0.2622829973697662,0.2663800120353699,0.2456959933042526,4239508.0,0.1244039056748818,1.0,0.2991957104557641
2024-01-24,0.2652620077133178,0.2601470053195953,0.2656599879264831,0.2551400065422058,2972802.0,0.11362253399052406,1.0,0.2991957104557641
2024-01-25,0.2620980143547058,0.2653999924659729,0.2662740051746368,0.2564359903335571,2648315.0,0.13874526695510278,1.0,0.2991957104557641
2024-01-26,0.2689850032329559,0.2620500028133392,0.2773169875144958,0.2607269883155823,3131610.0,0.12175828007856301,1.0,0.2991957104557641
2024-01-27,0.2731989920139313,0.2690030038356781,0.2731989920139313,0.2668249905109405,2487690.0,0.11523711260246895,1.0,0.2991957104557641
2024-01-28,0.271586000919342,0.2732020020484924,0.2874509990215301,0.2695850133895874,4863989.0,0.13433681174868994,1.0,0.2991957104557641
2024-01-29,0.2785539925098419,0.271575003862381,0.2866120040416717,0.2685779929161072,5606106.0,0.1202567790886236,1.0,0.2991957104557641
2024-01-30,0.267892986536026,0.2785640060901642,0.2795130014419555,0.2673470079898834,3204652.0,0.18288755547476532,1.0,0.2991957104557641
2024-01-31,0.2561700046062469,0.2680630087852478,0.2689599990844726,0.2555760145187378,3267452.0,0.2587614886746642,1.0,0.2991957104557641
2024-02-01,0.2530870139598846,0.2561129927635193,0.2576349973678589,0.2500370144844055,2866177.0,0.2924056715752156,1.0,0.2991957104557641
2024-02-02,0.2699800133705139,0.2530930042266845,0.2813799977302551,0.2530930042266845,7215618.0,0.22466703719031156,1.0,0.2991957104557641
2024-02-03,0.2626630067825317,0.2701059877872467,0.2766009867191314,0.2625510096549988,3111497.0,0.2765791690153344,1.0,0.2991957104557641
2024-02-04,0.2602289915084839,0.2626489996910095,0.2636609971523285,0.2564179897308349,2021598.0,0.31502605809362416,1.0,0.2991957104557641
2024-02-05,0.2596449851989746,0.2602179944515228,0.2658030092716217,0.2570559978485107,1853992.0,0.34483906047698404,1.0,0.2991957104557641
2024-02-06,0.2613680064678192,0.2595619857311249,0.2617329955101013,0.2574650049209595,2044485.0,0.3612958634523956,1.0,0.2991957104557641
2024-02-07,0.2688829898834228,0.261337012052536,0.2695569992065429,0.259781002998352,2973590.0,0.3483769432310202,1.0,0.2991957104557641
2024-02-08,0.2721079885959625,0.2688910067081451,0.2727989852428436,0.2681359946727752,2547628.0,0.35716373170964905,1.0,0.2991957104557641
2024-02-09,0.3016569912433624,0.2720060050487518,0.3089689910411834,0.2717080116271972,10443955.0,0.24848568884448796,1.0,0.2991957104557641
2024-02-10,0.2874029874801636,0.3014670014381408,0.3052600026130676,0.2827909886837005,4775503.0,0.3372907002270096,1.0,0.2991957104557641
2024-02-11,0.2812570035457611,0.2874130010604858,0.2917549908161163,0.280256986618042,2647441.0,0.39381328398686116,1.0,0.2991957104557641
2024-02-12,0.29305100440979,0.2812089920043945,0.2938109934329986,0.2799459993839264,3239510.0,0.3660083616304425,1.0,0.2991957104557641
2024-02-13,0.3043760061264038,0.2930270135402679,0.3168359994888305,0.2892380058765411,7876796.0,0.339316919198595,1.0,0.2991957104557641
2024-02-14,0.3088209927082062,0.3043499886989593,0.3204669952392578,0.2988089919090271,5631895.0,0.3506688793805012,1.0,0.2991957104557641
2024-02-15,0.3402470052242279,0.308771014213562,0.3528090119361877,0.3076609969139099,14238146.0,0.247196588994547,1.0,0.2991957104557641
2024-02-16,0.3289610147476196,0.3402790129184723,0.350827008485794,0.3170079886913299,12800361.0,0.30480002785805543,1.0,0.2991957104557641
2024-02-17,0.3332580029964447,0.3289499878883362,0.339148998260498,0.3123289942741394,4897531.0,0.3064235155513413,1.0,0.2991957104557641
2024-02-18,0.3376489877700805,0.3333519995212555,0.3419899940490722,0.3297739923000335,4694180.0,0.30609888890801296,1.0,0.2991957104557641
2024-02-19,0.3342039883136749,0.337677001953125,0.3444460034370422,0.3276450037956238,4683805.0,0.33414457286745836,1.0,0.2991957104557641
2024-02-20,0.3201999962329864,0.3343099951744079,0.3345769941806793,0.3102520108222961,4485109.0,0.4089849267911807,1.0,0.2991957104557641
2024-02-21,0.310835987329483,0.3202190101146698,0.3207370042800903,0.2997269928455353,3841959.0,0.47146280713907357,1.0,0.2991957104557641
2024-02-22,0.3177419900894165,0.3108330070972442,0.3298360109329223,0.3017469942569732,5493599.0,0.46146396625494807,1.0,0.2991957104557641
2024-02-23,0.3442490100860595,0.3178130090236664,0.3550690114498138,0.3177970051765442,18419901.0,0.36619882891902766,1.0,0.2991957104557641
2024-02-24,0.3531590104103088,0.3441910147666931,0.3635570108890533,0.3369100093841553,9845084.0,0.34610832074548226,1.0,0.2991957104557641
2024-02-25,0.3693380057811737,0.3531590104103088,0.37288698554039,0.3444789946079254,9986195.0,0.3019664412208673,1.0,0.2991957104557641
2024-02-26,0.3600539863109588,0.3693020045757293,0.370059996843338,0.3494110107421875,13348324.0,0.35085306858298887,1.0,0.2991957104557641
2024-02-27,0.3737300038337707,0.3600080013275146,0.3834950029850006,0.3572990000247955,16086223.0,0.3145719229519109,1.0,0.2991957104557641
2024-02-28,0.3674550056457519,0.3742150068283081,0.377916008234024,0.3474059998989105,14013559.0,0.3533514133586231,1.0,0.2991957104557641
2024-02-29,0.3800129890441894,0.3674179911613464,0.4030889868736267,0.365693986415863,17564597.0,0.3223286537770801,1.0,0.2991957104557641
2024-03-01,0.4059779942035675,0.3796519935131073,0.4076020121574402,0.3784149885177612,13968032.0,0.24362382923195175,1.0,0.2991957104557641
2024-03-02,0.4226219952106476,0.40590301156044,0.4344159960746765,0.3903999924659729,16578864.0,0.19847865290570565,1.0,0.2991957104557641
2024-03-03,0.4343990087509155,0.4225139915943146,0.4390699863433838,0.400422990322113,12727538.0,0.16926631106299855,1.0,0.2991957104557641
2024-03-04,0.4013800024986267,0.4341239929199219,0.4471989870071411,0.3992690145969391,23742148.0,0.26971253340677115,1.0,0.2991957104557641
2024-03-05,0.3834049999713897,0.4009209871292114,0.4335469901561737,0.3496469855308532,25993405.0,0.3361161863831904,1.0,0.2991957104557641
2024-03-06,0.4122470021247864,0.3833709955215454,0.418956995010376,0.3680489957332611,14479229.0,0.248143402570891,1.0,0.2991957104557641
2024-03-07,0.4809580147266388,0.4123390018939972,0.5524529814720154,0.4069850146770477,80966755.0,0.07116516200339403,1.0,0.2991957104557641
2024-03-08,0.4827750027179718,0.4845480024814605,0.4949570000171661,0.4543269872665405,45905042.0,0.06598751679168177,1.0,0.2991957104557641
2024-03-09,0.473158985376358,0.4826749861240387,0.5084999799728394,0.4723570048809051,27303299.0,0.08676150307487498,1.0,0.2991957104557641
2024-03-10,0.4850890040397644,0.4728699922561645,0.5048080086708069,0.4710859954357147,23616642.0,0.05733199865441087,1.0,0.2991957104557641
2024-03-11,0.4877710044384002,0.4851700067520141,0.4977729916572571,0.4714170098304748,19014254.0,0.04380090005247805,1.0,0.2991957104557641
2024-03-12,0.5358759760856628,0.4874520003795624,0.5731239914894104,0.487203985452652,74080226.0,-0.0636733834921657,0.0,0.40160857908847186
2024-03-13,0.5346639752388,0.5358999967575073,0.5459690093994141,0.5128629803657532,16928205.0,-0.07383008213721187,0.0,0.40160857908847186
2024-03-14,0.5269659757614136,0.5343890190124512,0.5647450089454651,0.4936580061912536,21627913.0,-0.07354306189092169,0.0,0.40160857908847186
2024-03-15,0.5583429932594299,0.5270900130271912,0.632220983505249,0.4763309955596924,69931732.0,-0.1392707247235398,-1.0,0.2991957104557641
2024-03-16,0.5394420027732849,0.5583410263061523,0.7221459746360779,0.5259950160980225,118528539.0,-0.12285507249179177,-1.0,0.2991957104557641
2024-03-17,0.6115080118179321,0.539605975151062,0.6659250259399414,0.5394300222396851,55523840.0,-0.24135856371063347,-1.0,0.2991957104557641
2024-03-18,0.571927011013031,0.6490409970283508,0.6627339720726013,0.5696210265159607,44263756.0,-0.2025154741732526,-1.0,0.2991957104557641
2024-03-19,0.4849109947681427,0.5720120072364807,0.5855960249900818,0.4757649898529053,23264603.0,-0.06812343597436729,0.0,0.40160857908847186
2024-03-20,0.5299860239028931,0.4849709868431091,0.5370259881019592,0.46492800116539,17151937.0,-0.15819306601163563,-1.0,0.2991957104557641
2024-03-21,0.5177090167999268,0.5299929976463318,0.5459889769554138,0.510811984539032,11537293.0,-0.1482587438675177,-1.0,0.2991957104557641
2024-03-22,0.4901550114154815,0.5177069902420044,0.5288580060005188,0.480226993560791,8278661.0,-0.10893411546985249,-1.0,0.2991957104557641
2024-03-23,0.4891769886016845,0.4901979863643646,0.5073040127754211,0.4860279858112335,8965564.0,-0.117619848576732,-1.0,0.2991957104557641
2024-03-24,0.5100880265235901,0.489190012216568,0.5127930045127869,0.4716799855232239,7243985.0,-0.16522875922675506,-1.0,0.2991957104557641
2024-03-25,0.5412579774856567,0.5102840065956116,0.5503640174865723,0.5059490203857422,16390012.0,-0.22631520803448865,-1.0,0.2991957104557641
2024-03-26,0.5344610214233398,0.5412260293960571,0.5669270157814026,0.5170639753341675,11096011.0,-0.22933446274900837,-1.0,0.2991957104557641
2024-03-27,0.5156450271606445,0.5344610214233398,0.5447810292243958,0.5071489810943604,7762743.0,-0.2135883587705963,-1.0,0.2991957104557641
2024-03-28,0.5445510149002075,0.5156700015068054,0.562021017074585,0.5043579936027527,11001692.0,-0.2687014902501629,-1.0,0.2991957104557641
2024-03-29,0.5365129709243774,0.5446010231971741,0.546654999256134,0.5193390250205994,7983932.0,-0.2723869935338579,-1.0,0.2991957104557641
2024-03-30,0.5310080051422119,0.5365129709243774,0.5727660059928894,0.5287320017814636,12809616.0,-0.27915186885806414,-1.0,0.2991957104557641
2024-03-31,0.5594800114631653,0.5310410261154175,0.5703219771385193,0.5301030278205872,8462503.0,-0.32994030992805967,-1.0,0.2991957104557641
2024-04-01,0.5466150045394897,0.5596500039100647,0.6471539735794067,0.5126389861106873,39474806.0,-0.3272051627480542,-1.0,0.2991957104557641
2024-04-02,0.4821969866752624,0.5466070175170898,0.5466639995574951,0.4633069932460785,15131532.0,-0.24859896302474077,-1.0,0.2991957104557641
2024-04-03,0.4744470119476318,0.4822050034999847,0.5136380195617676,0.4493789970874786,13388704.0,-0.24737438991067723,-1.0,0.2991957104557641
2024-04-04,0.4799889922142029,0.4741509854793548,0.5026569962501526,0.4515799880027771,7701554.0,-0.26792207249730193,-1.0,0.2991957104557641
2024-04-05,0.456070989370346,0.4799889922142029,0.4799889922142029,0.4391979873180389,6717004.0,-0.2407802614099806,-1.0,0.2991957104557641
2024-04-06,0.4677700102329254,0.456061989068985,0.4722369909286499,0.4553059935569763,4445442.0,-0.27168661529036164,-1.0,0.2991957104557641
2024-04-07,0.4848789870738983,0.4677700102329254,0.4883129894733429,0.463681012392044,7985606.0,-0.3094700952480231,-1.0,0.2991957104557641
2024-04-08,0.5015050172805786,0.4845800101757049,0.5098580121994019,0.4693599939346313,7808562.0,-0.3458156750892397,-1.0,0.2991957104557641
2024-04-09,0.4650680124759674,0.5015130043029785,0.5057870149612427,0.4617420136928558,7188102.0,-0.3067505188850846,-1.0,0.2991957104557641
2024-04-10,0.4596819877624511,0.4649049937725067,0.467070996761322,0.4390380084514618,5213853.0,-0.31032496760969397,-1.0,0.2991957104557641
2024-04-11,0.4431419968605041,0.4596819877624511,0.4691849946975708,0.4394479990005493,4659580.0,-0.29574999707452454,-1.0,0.2991957104557641
2024-04-12,0.3673129975795746,0.4431129992008209,0.4537999927997589,0.3499119877815246,7705939.0,-0.15786407475826134,-1.0,0.2991957104557641
2024-04-13,0.2996880114078522,0.3673129975795746,0.3785060048103332,0.2669939994812011,9013288.0,0.03237592919691302,1.0,0.2991957104557641
2024-04-14,0.3245759904384613,0.2995209991931915,0.3273710012435913,0.2802579998970032,8563990.0,-0.051193676583053405,0.0,0.40160857908847186
2024-04-15,0.3036569952964782,0.3248290121555328,0.3412379920482635,0.2949000000953674,7433155.0,0.01229535236790763,0.0,0.40160857908847186
2024-04-16,0.3142110109329223,0.3035269975662231,0.3174940049648285,0.2906189858913421,5527201.0,-0.02482550140033749,0.0,0.40160857908847186
2024-04-17,0.3022150099277496,0.3142859935760498,0.3160139918327331,0.2949190139770508,4819439.0,0.010723816306504215,0.0,0.40160857908847186
2024-04-18,0.3153960108757019,0.3022530078887939,0.317247986793518,0.2971960008144378,5003821.0,-0.033911067927854505,0.0,0.40160857908847186
2024-04-19,0.3219310045242309,0.3153960108757019,0.3295370042324066,0.2928949892520904,6701382.0,-0.05674440799717678,0.0,0.40160857908847186
2024-04-20,0.3496870100498199,0.3217419981956482,0.3525069952011108,0.3187640011310577,5528365.0,-0.13761183583500602,-1.0,0.2991957104557641
2024-04-21,0.3465850055217743,0.3496859967708587,0.3558970093727112,0.3364390134811401,4571066.0,-0.13585403997157916,-1.0,0.2991957104557641
2024-04-22,0.3515720069408417,0.3466359972953796,0.3641879856586456,0.3435260057449341,5061350.0,-0.15426642430713627,-1.0,0.2991957104557641
2024-04-23,0.3559559881687164,0.351622998714447,0.3638649880886078,0.3480490148067474,5100141.0,-0.17073604658143093,-1.0,0.2991957104557641
2024-04-24,0.32532599568367,0.3559559881687164,0.3665759861469269,0.3231270015239715,6090054.0,-0.09579610363710425,-1.0,0.2991957104557641
2024-04-25,0.3234240114688873,0.3250679969787597,0.329241007566452,0.3142229914665222,4574769.0,-0.09270863175292918,0.0,0.40160857908847186
2024-04-26,0.3158580064773559,0.3232769966125488,0.3240289986133575,0.3084070086479187,3611057.0,-0.07291796697644815,0.0,0.40160857908847186
2024-04-27,0.3145450055599212,0.3158580064773559,0.318013995885849,0.3069759905338287,2830547.0,-0.07121358999425728,0.0,0.40160857908847186
2024-04-28,0.3114390075206756,0.3147189915180206,0.3233009874820709,0.308910995721817,2511261.0,-0.06407576848830714,0.0,0.40160857908847186
2024-04-29,0.311594009399414,0.3114410042762756,0.3157919943332672,0.3058690130710602,3359057.0,-0.06632591740026159,0.0,0.40160857908847186
2024-04-30,0.2851360142230987,0.3115499913692474,0.3160310089588165,0.2736240029335022,4273727.0,0.021225678403215483,0.0,0.40160857908847186
2024-05-01,0.287882000207901,0.285178005695343,0.2883769869804382,0.266400009393692,3887026.0,0.01165071657896389,0.0,0.40160857908847186
2024-05-02,0.3069640100002289,0.2876499891281128,0.3152329921722412,0.280360996723175,4902938.0,-0.0523392292943993,0.0,0.40160857908847186
2024-05-03,0.3186070024967193,0.30697101354599,0.3222050070762634,0.3026530146598816,4999783.0,-0.08816593186755142,0.0,0.40160857908847186
2024-05-04,0.308230996131897,0.3186900019645691,0.3229019939899444,0.3059059977531433,4533508.0,-0.05143107525770334,0.0,0.40160857908847186
2024-05-05,0.3066920042037964,0.3081130087375641,0.3111850023269653,0.3015879988670349,3019657.0,-0.03717289227855829,0.0,0.40160857908847186
2024-05-06,0.2978569865226745,0.3066909909248352,0.3140609860420227,0.2960509955883026,3421806.0,-0.0023970745882051954,0.0,0.40160857908847186
2024-05-07,0.2918710112571716,0.2981170117855072,0.306210994720459,0.2918710112571716,2822559.0,0.022343310649052765,0.0,0.40160857908847186
2024-05-08,0.2893719971179962,0.2919600009918213,0.294063001871109,0.2843999862670898,3016358.0,0.03988692817182128,1.0,0.2991957104557641
2024-05-09,0.2973679900169372,0.2892970144748688,0.2987110018730163,0.2798080146312713,2395314.0,0.01717772319221051,0.0,0.40160857908847186
2024-05-10,0.2856099903583526,0.2973679900169372,0.3036249876022339,0.2813720107078552,2910232.0,0.0632513938567835,1.0,0.2991957104557641
2024-05-11,0.2836740016937256,0.2854419946670532,0.2948020100593567,0.283158004283905,2585252.0,0.0795792439370826,1.0,0.2991957104557641
2024-05-12,0.2876189947128296,0.283612996339798,0.2934499979019165,0.283612996339798,2957622.0,0.07016196339675124,1.0,0.2991957104557641
2024-05-13,0.2847920060157776,0.2875759899616241,0.2924329936504364,0.2710919976234436,2942561.0,0.08505196821191714,1.0,0.2991957104557641
2024-05-14,0.2791439890861511,0.2846939861774444,0.2887719869613647,0.2720479965209961,3257994.0,0.11328118744340201,1.0,0.2991957104557641
2024-05-15,0.3017109930515289,0.2790420055389404,0.3041270077228546,0.2748920023441314,4982129.0,0.035727411685067906,1.0,0.2991957104557641
2024-05-16,0.2787860035896301,0.3009630143642425,0.3009749948978424,0.2741020023822784,4964606.0,0.1276272332018387,1.0,0.2991957104557641
2024-05-17,0.2854430079460144,0.2786740064620971,0.2885870039463043,0.2779459953308105,2343035.0,0.10591396458067215,1.0,0.2991957104557641
2024-05-18,0.2828510105609894,0.2855669856071472,0.2908270061016083,0.2810400128364563,1970441.0,0.119584239463992,1.0,0.2991957104557641
2024-05-19,0.2716659903526306,0.2827079892158508,0.2845149934291839,0.2705680131912231,2355717.0,0.16880613935037495,1.0,0.2991957104557641
2024-05-20,0.2912259995937347,0.2716889977455139,0.2924239933490753,0.2676259875297546,3931309.0,0.09025454866969387,1.0,0.2991957104557641
2024-05-21,0.2887350022792816,0.2912810146808624,0.2949219942092895,0.2862220108509063,3437384.0,0.10119313279603438,1.0,0.2991957104557641
2024-05-22,0.2825739979743957,0.2885929942131042,0.2894780039787292,0.2805140018463135,3028741.0,0.12650161074965127,1.0,0.2991957104557641
2024-05-23,0.2804760038852691,0.2825770080089569,0.2878749966621399,0.2752760052680969,3636530.0,0.13683555921537438,1.0,0.2991957104557641
2024-05-24,0.2823309898376465,0.2803109884262085,0.2847639918327331,0.2755990028381347,2889209.0,0.1311566035140712,1.0,0.2991957104557641
2024-05-25,0.2870030105113983,0.2822610139846802,0.2922829985618591,0.2817969918251037,2685091.0,0.11268062341339337,1.0,0.2991957104557641
2024-05-26,0.2926720082759857,0.2871899902820587,0.3343850076198578,0.2846820056438446,24572710.0,0.09222960652080554,1.0,0.2991957104557641
2024-05-27,0.3003450036048889,0.2925589978694916,0.3051080107688904,0.2885529994964599,6052325.0,0.06329824060176777,1.0,0.2991957104557641
2024-05-28,0.2962250113487243,0.30035001039505,0.3006240129470825,0.2879660129547119,3544031.0,0.07684252429811006,1.0,0.2991957104557641
2024-05-29,0.2927480041980743,0.2962279915809631,0.303739994764328,0.2917639911174774,2945074.0,0.0902848710418506,1.0,0.2991957104557641
2024-05-30,0.2902610003948211,0.2927579879760742,0.2978630065917969,0.2867429852485657,2643169.0,0.10007211388152412,1.0,0.2991957104557641
2024-05-31,0.2937999963760376,0.2902489900588989,0.2962589859962463,0.2883050143718719,2471935.0,0.08727611930646803,1.0,0.2991957104557641
2024-06-01,0.293487012386322,0.2937900125980377,0.2960290014743805,0.2913179993629455,2030223.0,0.08435537630778064,1.0,0.2991957104557641
2024-06-02,0.2894119918346405,0.2934960126876831,0.2961969971656799,0.2861129939556122,2024395.0,0.09319157554199817,1.0,0.2991957104557641
2024-06-03,0.2961390018463135,0.289353996515274,0.3053390085697174,0.2889809906482696,4017743.0,0.060296429080719846,1.0,0.2991957104557641
2024-06-04,0.3064140081405639,0.2959359884262085,0.3083339929580688,0.2910990118980407,3790333.0,0.017881522741030904,0.0,0.40160857908847186
2024-06-05,0.367803007364273,0.3064079880714416,0.4215070009231567,0.3033539950847626,62730485.0,-0.16432448044273018,-1.0,0.2991957104557641
2024-06-06,0.3999089896678924,0.3678120076656341,0.4784260094165802,0.3620960116386413,120188411.0,-0.24407136380715622,-1.0,0.2991957104557641
2024-06-07,0.357109010219574,0.3998570144176483,0.4343009889125824,0.3478969931602478,33714485.0,-0.16384057907138616,-1.0,0.2991957104557641
2024-06-08,0.3318510055541992,0.3569880127906799,0.3726119995117187,0.3301399946212768,9767862.0,-0.10858253627592179,-1.0,0.2991957104557641
2024-06-09,0.3700689971446991,0.3317880034446716,0.4146080017089844,0.3310439884662628,37603651.0,-0.21130045241758486,-1.0,0.2991957104557641
2024-06-10,0.347350001335144,0.3701040148735046,0.3944920003414154,0.3448689877986908,21407901.0,-0.1690654248917987,-1.0,0.2991957104557641
2024-06-11,0.3239820003509521,0.347463995218277,0.356139987707138,0.3148489892482757,7600910.0,-0.11678137049224024,-1.0,0.2991957104557641
2024-06-12,0.3660210072994232,0.323870986700058,0.3879370093345642,0.3157140016555786,20956099.0,-0.228004007276479,-1.0,0.2991957104557641
2024-06-13,0.3372299969196319,0.3660529851913452,0.3784630000591278,0.3324370086193084,12671206.0,-0.16833901203616852,-1.0,0.2991957104557641
2024-06-14,0.3236790001392364,0.337224006652832,0.3672730028629303,0.3183439970016479,9238903.0,-0.13853366105047799,-1.0,0.2991957104557641
2024-06-15,0.3351959884166717,0.3236219882965088,0.3492529988288879,0.3227140009403229,5900040.0,-0.1738055558902034,-1.0,0.2991957104557641
2024-06-16,0.3568980097770691,0.3354080021381378,0.3650870025157928,0.3290050029754638,13171241.0,-0.23123415385858315,-1.0,0.2991957104557641
2024-06-17,0.3388290107250213,0.3568980097770691,0.3966880142688751,0.333169013261795,33927665.0,-0.19505601172772258,-1.0,0.2991957104557641
2024-06-18,0.3273220062255859,0.3390749990940094,0.3496890068054199,0.302046000957489,9864131.0,-0.17031538995032727,-1.0,0.2991957104557641
2024-06-19,0.314855009317398,0.327345997095108,0.3353109955787658,0.3124020099639892,4401011.0,-0.13924924384376725,-1.0,0.2991957104557641
2024-06-20,0.2988449931144714,0.314855009317398,0.3253979980945587,0.2986400127410888,5007798.0,-0.09508564054226865,0.0,0.40160857908847186
2024-06-21,0.2907649874687195,0.2988899946212768,0.299793004989624,0.2789359986782074,4035637.0,-0.07178075565415475,0.0,0.40160857908847186
2024-06-22,0.3028959929943084,0.2907649874687195,0.3175979852676391,0.279693990945816,8014735.0,-0.11282211673229192,-1.0,0.2991957104557641
2024-06-23,0.2943199872970581,0.3030439913272857,0.3412050008773803,0.2930710017681122,23508250.0,-0.09150845436645769,0.0,0.40160857908847186
2024-06-24,0.2975969910621643,0.294402003288269,0.3014500141143799,0.2753700017929077,7575522.0,-0.10501971638587516,-1.0,0.2991957104557641
2024-06-25,0.2985059916973114,0.2975260019302368,0.3054220080375671,0.2932470142841339,3894174.0,-0.1105953169585589,-1.0,0.2991957104557641
2024-06-26,0.2864310145378113,0.2985509932041168,0.3048200011253357,0.2834979891777038,3156625.0,-0.07323419192583946,0.0,0.40160857908847186
2024-06-27,0.3029870092868805,0.286422997713089,0.3121840059757232,0.2830320000648498,5794886.0,-0.1270030979391549,-1.0,0.2991957104557641
2024-06-28,0.2904660105705261,0.3030889928340912,0.3317750096321106,0.2904430031776428,15731947.0,-0.09258197040154846,0.0,0.40160857908847186
2024-06-29,0.2844290137290954,0.2904770076274872,0.3016000092029571,0.2843700051307678,2964964.0,-0.0767695285232778,0.0,0.40160857908847186
2024-06-30,0.2988609969615936,0.2844209969043731,0.3029040098190307,0.2818959951400757,3467990.0,-0.12574144852654692,-1.0,0.2991957104557641
2024-07-01,0.2943989932537079,0.2988379895687103,0.3045350015163421,0.2907330095767975,3283056.0,-0.11906744384029755,-1.0,0.2991957104557641
2024-07-02,0.2980780005455017,0.2946310043334961,0.3004190027713775,0.2912630140781402,3148516.0,-0.1376563940672705,-1.0,0.2991957104557641
2024-07-03,0.255167007446289,0.2980580031871795,0.3003619909286499,0.2436390072107315,9041353.0,0.0015309590481599987,0.0,0.40160857908847186
2024-07-04,0.2298450022935867,0.2551279962062835,0.2693409919738769,0.2298240065574646,8809758.0,0.10670125089491575,1.0,0.2991957104557641
2024-07-05,0.2197349965572357,0.2297569960355758,0.2303660064935684,0.1990880072116851,5799991.0,0.15601565306873671,1.0,0.2991957104557641
2024-07-06,0.2391510009765625,0.2200829982757568,0.2412949949502945,0.2194820046424865,2567141.0,0.05725658433542149,1.0,0.2991957104557641
2024-07-07,0.2228689938783645,0.2391930073499679,0.2391930073499679,0.2220509946346283,2146270.0,0.1340995561457122,1.0,0.2991957104557641
2024-07-08,0.2379470020532608,0.2228969931602478,0.2383130043745041,0.2164600044488906,3098990.0,0.059577473331156844,1.0,0.2991957104557641
2024-07-09,0.2386260032653808,0.2379840016365051,0.2429070025682449,0.2333299964666366,3111978.0,0.054263253859767144,1.0,0.2991957104557641
2024-07-10,0.242817997932434,0.238642007112503,0.2463209927082061,0.2361840009689331,1911488.0,0.03101102492200203,0.0,0.40160857908847186
2024-07-11,0.2438440024852752,0.2428919970989227,0.2533360123634338,0.2406689971685409,3751542.0,0.023032908971312598,0.0,0.40160857908847186
2024-07-12,0.2434100061655044,0.2440419942140579,0.256301999092102,0.2399590015411377,5621657.0,0.021094019599914898,0.0,0.40160857908847186
2024-07-13,0.2446800023317337,0.2434210032224655,0.245509997010231,0.2399830073118209,2124818.0,0.01108347885533886,0.0,0.40160857908847186
2024-07-14,0.251455008983612,0.2445639967918396,0.2521300017833709,0.2440659999847412,2111497.0,-0.021900194653466615,0.0,0.40160857908847186
2024-07-15,0.2698470056056976,0.251459002494812,0.2830309867858886,0.250912994146347,9257695.0,-0.09652369128692338,-1.0,0.2991957104557641
2024-07-16,0.2717599868774414,0.2700749933719635,0.2743009924888611,0.2587209939956665,3473162.0,-0.11055521906945168,-1.0,0.2991957104557641
2024-07-17,0.2743479907512665,0.2714239954948425,0.2769039869308471,0.2671490013599396,2947779.0,-0.12628471348281722,-1.0,0.2991957104557641
2024-07-18,0.2747839987277984,0.2743799984455108,0.3101069927215576,0.266629010438919,11074225.0,-0.13076155861665345,-1.0,0.2991957104557641
2024-07-19,0.2865850031375885,0.2748439908027649,0.2896299958229065,0.266194999217987,4031200.0,-0.1706967405487846,-1.0,0.2991957104557641
2024-07-20,0.2900629937648773,0.2866109907627105,0.3072949945926666,0.2855080068111419,8751170.0,-0.1853510882908577,-1.0,0.2991957104557641
2024-07-21,0.296860009431839,0.2902089953422546,0.2991589903831482,0.2802729904651642,4535402.0,-0.20898720891260686,-1.0,0.2991957104557641
2024-07-22,0.2802030146121979,0.2968690097332001,0.3003459870815277,0.2795439958572387,14227003.0,-0.1634343368278184,-1.0,0.2991957104557641
2024-07-23,0.2736299932003021,0.2802779972553253,0.2878170013427734,0.2692559957504272,2450514.0,-0.14471454872183734,-1.0,0.2991957104557641
2024-07-24,0.2654229998588562,0.2736000120639801,0.2844710052013397,0.2638260126113891,2361314.0,-0.11933521253311498,-1.0,0.2991957104557641
2024-07-25,0.2515870034694671,0.265390008687973,0.2660819888114929,0.2415689975023269,4366337.0,-0.07198653423078957,0.0,0.40160857908847186
2024-07-26,0.2641960084438324,0.251579999923706,0.2645510137081146,0.2514069974422455,2347591.0,-0.11845753103487261,-1.0,0.2991957104557641
2024-07-27,0.2712799906730652,0.2640640139579773,0.2912110090255737,0.2639009952545166,10014552.0,-0.14593428383351398,-1.0,0.2991957104557641
2024-07-28,0.2852100133895874,0.2714540064334869,0.2991249859333038,0.2665340006351471,10178531.0,-0.19283820451491435,-1.0,0.2991957104557641
2024-07-29,0.2726590037345886,0.2852370142936706,0.2917839884757995,0.2716580033302307,4916081.0,-0.15994463942348167,-1.0,0.2991957104557641
2024-07-30,0.2606219947338104,0.2722319960594177,0.2741340100765228,0.2592560052871704,2738389.0,-0.12503115164762874,-1.0,0.2991957104557641
2024-07-31,0.2530510127544403,0.2604660093784332,0.2650670111179352,0.2523829936981201,2105005.0,-0.10322688418408106,-1.0,0.2991957104557641
2024-08-01,0.2568849921226501,0.2531700134277344,0.2575620114803314,0.2354670017957687,2948967.0,-0.11970187525450622,-1.0,0.2991957104557641
2024-08-02,0.2324430048465728,0.2569130063056946,0.2577590048313141,0.229772999882698,3620716.0,-0.0287930935062059,0.0,0.40160857908847186
2024-08-03,0.224478006362915,0.2324730008840561,0.2423519939184188,0.2203550040721893,2380980.0,0.0064833538053527505,0.0,0.40160857908847186
2024-08-04,0.2075510025024414,0.2246569991111755,0.2305729985237121,0.2043170034885406,2526177.0,0.08975444128561598,1.0,0.2991957104557641
2024-08-05,0.1918320059776306,0.2075510025024414,0.2094900012016296,0.1778320074081421,5050941.0,0.18238563218154197,1.0,0.2991957104557641
2024-08-06,0.2084500044584274,0.1918289959430694,0.2166839987039566,0.1916649937629699,3259057.0,0.08868776710125345,1.0,0.2991957104557641
2024-08-07,0.2016109973192215,0.208419993519783,0.2190259993076324,0.1972319930791854,3509651.0,0.1275747493419196,1.0,0.2991957104557641
2024-08-08,0.2200420051813125,0.2016019970178604,0.2211930006742477,0.1929560005664825,3659681.0,0.03370320464144873,1.0,0.2991957104557641
2024-08-09,0.2177120000123977,0.220318004488945,0.2228109985589981,0.2150630056858062,2374662.0,0.046970744051927485,1.0,0.2991957104557641
2024-08-10,0.2210689932107925,0.2177210003137588,0.2220019996166229,0.21246899664402,2231042.0,0.030897629695526757,0.0,0.40160857908847186
2024-08-11,0.2035669982433319,0.2211039960384369,0.2322610020637512,0.2026039958000183,3639942.0,0.12212780402821119,1.0,0.2991957104557641
2024-08-12,0.2154410034418106,0.2035599946975708,0.2224559932947158,0.201674997806549,2760744.0,0.06244588420280214,1.0,0.2991957104557641
2024-08-13,0.2141000032424926,0.2154189944267273,0.2172580063343048,0.2063000053167343,2083091.0,0.07307112875354771,1.0,0.2991957104557641
2024-08-14,0.2077970057725906,0.2141000032424926,0.2150409966707229,0.2061969935894012,2154783.0,0.10972785555504001,1.0,0.2991957104557641
2024-08-15,0.205253005027771,0.2077980041503906,0.2124869972467422,0.2002650052309036,2294558.0,0.12694041450466853,1.0,0.2991957104557641
2024-08-16,0.2011200040578842,0.2052479982376098,0.2199379950761795,0.194238007068634,6612465.0,0.15399106584198557,1.0,0.2991957104557641
2024-08-17,0.2050440013408661,0.2011200040578842,0.2068389952182769,0.1993220001459121,2854412.0,0.13597675363564796,1.0,0.2991957104557641
2024-08-18,0.2099169939756393,0.2050440013408661,0.2254299968481063,0.2021079957485199,4580009.0,0.12965351180720278,1.0,0.2991957104557641
2024-08-19,0.2476090043783188,0.2099220007658004,0.3007090091705322,0.2079509943723678,52222111.0,-0.030955068088187508,0.0,0.40160857908847186
2024-08-20,0.2486030012369156,0.2480340003967285,0.281482994556427,0.2366079986095428,58335869.0,-0.02493760289004728,0.0,0.40160857908847186
2024-08-21,0.2463389933109283,0.2534590065479278,0.2697939872741699,0.2417670041322708,13054343.0,-0.010814459550930782,0.0,0.40160857908847186
2024-08-22,0.2495180070400238,0.2463389933109283,0.2636440098285675,0.2454089969396591,8517763.0,-0.017909052145522922,0.0,0.40160857908847186
2024-08-23,0.2670240104198456,0.2495200037956237,0.2755320072174072,0.2493519932031631,10119694.0,-0.06979233248499234,0.0,0.40160857908847186
2024-08-24,0.261583000421524,0.267300009727478,0.2738640010356903,0.2573260068893432,6280465.0,-0.04150236323507908,0.0,0.40160857908847186
2024-08-25,0.2563650012016296,0.261583000421524,0.2646949887275696,0.2472880035638809,4688003.0,-0.01180580185934212,0.0,0.40160857908847186
2024-08-26,0.2428649961948394,0.2563650012016296,0.2836459875106811,0.2426339983940124,14019253.0,0.05576350804870735,1.0,0.2991957104557641
2024-08-27,0.2457599937915802,0.2428800016641616,0.2614650130271911,0.2367019951343536,6683294.0,0.056084852432055424,1.0,0.2991957104557641
2024-08-28,0.2325900048017501,0.2457589954137802,0.2614989876747131,0.2310270071029663,14489845.0,0.130220269336289,1.0,0.2991957104557641
2024-08-29,0.2378399968147277,0.2326080054044723,0.2479310035705566,0.2325470000505447,4773613.0,0.11480053947479571,1.0,0.2991957104557641
2024-08-30,0.2354760020971298,0.2378409951925277,0.2390889972448349,0.2235849946737289,2941853.0,0.13151525148477833,1.0,0.2991957104557641
2024-08-31,0.2282209992408752,0.2354760020971298,0.2361059933900833,0.2276600003242492,1771526.0,0.17292490633111812,1.0,0.2991957104557641
2024-09-01,0.2176340073347091,0.2282209992408752,0.228641003370285,0.2154339998960495,2135416.0,0.23552453827825792,1.0,0.2991957104557641
2024-09-02,0.2314780056476593,0.2176239937543869,0.2323620021343231,0.2167840003967285,2161736.0,0.16732607686729917,1.0,0.2991957104557641
2024-09-03,0.2201189994812011,0.2314780056476593,0.2346400022506714,0.2201070040464401,2216942.0,0.23286821756132742,1.0,0.2991957104557641
2024-09-04,0.2303380072116851,0.2198870033025741,0.2312970012426376,0.2105839997529983,2713377.0,0.18246510344473815,1.0,0.2991957104557641
2024-09-05,0.2154310047626495,0.2303380072116851,0.2311459928750991,0.2136249989271164,2325187.0,0.27079360219003096,1.0,0.2991957104557641
2024-09-06,0.2123049944639206,0.2154310047626495,0.2194900065660476,0.2066359966993332,2314489.0,0.2945925665309262,1.0,0.2991957104557641
2024-09-07,0.2122119963169098,0.2123049944639206,0.2169920057058334,0.2101590037345886,1776956.0,0.2984325708962364,1.0,0.2991957104557641
2024-09-08,0.2142349928617477,0.2121219933032989,0.2177069932222366,0.2101960033178329,2037749.0,0.2882594290615744,1.0,0.2991957104557641
2024-09-09,0.2240950018167495,0.2142290025949478,0.2246599942445755,0.2139849960803985,2410315.0,0.23507105239587256,1.0,0.2991957104557641
2024-09-10,0.2330709993839264,0.2241020053625106,0.2333279997110366,0.2207770049571991,2505077.0,0.18932723570803375,1.0,0.2991957104557641
2024-09-11,0.2198339998722076,0.2330709993839264,0.2330960035324096,0.2181009948253631,2651474.0,0.26588456919393666,1.0,0.2991957104557641
2024-09-12,0.2204850018024444,0.2198339998722076,0.2247499972581863,0.2156990021467209,2671356.0,0.2676831643710561,1.0,0.2991957104557641
2024-09-13,0.2303600013256073,0.2204850018024444,0.2319090068340301,0.2171069979667663,3123046.0,0.21511329371678906,1.0,0.2991957104557641
2024-09-14,0.2413039952516555,0.2303600013256073,0.2518079876899719,0.2268729954957962,18715865.0,0.15868730183960555,1.0,0.2991957104557641
2024-09-15,0.2351119965314865,0.2413039952516555,0.2604010105133056,0.2325229942798614,15882861.0,0.18839786244211026,1.0,0.2991957104557641
2024-09-16,0.2279659956693649,0.2350009977817535,0.2416650056838989,0.2243420034646988,8593492.0,0.2265970013541816,1.0,0.2991957104557641
2024-09-17,0.226169005036354,0.2273509949445724,0.2345499992370605,0.2243870049715042,4420085.0,0.23846462745780161,1.0,0.2991957104557641
2024-09-18,0.2317489981651306,0.2240390032529831,0.2317710071802139,0.2204490005970001,6127002.0,0.212033690497654,1.0,0.2991957104557641
2024-09-19,0.3445810079574585,0.2320840060710907,0.433692991733551,0.2320840060710907,308296277.0,-0.19367164539984544,-1.0,0.2991957104557641
2024-09-20,0.337554007768631,0.3443520069122314,0.3949289917945862,0.325652003288269,241447850.0,-0.18519640765323037,-1.0,0.2991957104557641
2024-09-21,0.3272970020771026,0.3375769853591919,0.337585985660553,0.3048169910907745,73958714.0,-0.16749208980342395,-1.0,0.2991957104557641
2024-09-22,0.2870280146598816,0.3272440135478973,0.3272440135478973,0.2826659977436065,36832881.0,-0.0531574311976188,0.0,0.40160857908847186
2024-09-23,0.2934989929199219,0.2870250046253204,0.2995379865169525,0.279334008693695,29686468.0,-0.08045021265070795,0.0,0.40160857908847186
2024-09-24,0.3738529980182647,0.293505996465683,0.4014660120010376,0.2878020107746124,246378682.0,-0.2894864414371324,-1.0,0.2991957104557641
2024-09-25,0.3364279866218567,0.3738459944725036,0.3740749955177307,0.3345650136470794,48713470.0,-0.21830113792393252,-1.0,0.2991957104557641
2024-09-26,0.3399400115013122,0.3364279866218567,0.349822998046875,0.3304249942302704,40004936.0,-0.23506430443263282,-1.0,0.2991957104557641
2024-09-27,0.3410919904708862,0.3399400115013122,0.3519070148468017,0.3356310129165649,32186579.0,-0.24611411479781647,-1.0,0.2991957104557641
2024-09-28,0.3460929989814758,0.3410919904708862,0.3650859892368316,0.3410860002040863,43245736.0,-0.26666360175240506,-1.0,0.2991957104557641
2024-09-29,0.3392949998378753,0.3460919857025146,0.351375013589859,0.3338150084018707,26673867.0,-0.2625433816612971,-1.0,0.2991957104557641
2024-09-30,0.3103590011596679,0.3392949998378753,0.3403120040893554,0.3071860074996948,20342874.0,-0.20281382244870322,-1.0,0.2991957104557641
2024-10-01,0.2770929932594299,0.3103590011596679,0.3200789988040924,0.2674410045146942,27172397.0,-0.11415039574849595,-1.0,0.2991957104557641
2024-10-02,0.2679460048675537,0.2770749926567077,0.2846840023994446,0.2604149878025055,15162532.0,-0.09131680833222859,0.0,0.40160857908847186
2024-10-03,0.2562279999256134,0.2679449915885925,0.2757250070571899,0.2525140047073364,16442338.0,-0.056984650340764414,0.0,0.40160857908847186
2024-10-04,0.2736589908599853,0.2562209963798523,0.2822740077972412,0.2530980110168457,20680934.0,-0.12439999987203874,-1.0,0.2991957104557641
2024-10-05,0.2574760019779205,0.2736589908599853,0.2774510085582733,0.2525840103626251,15244160.0,-0.07236112045936655,0.0,0.40160857908847186
2024-10-06,0.2619839906692505,0.2574900090694427,0.2627789974212646,0.2549740076065063,14208560.0,-0.0913081433906924,0.0,0.40160857908847186
2024-10-07,0.2602849900722503,0.2619839906692505,0.27326300740242,0.2566019892692566,29171588.0,-0.08886205283204218,0.0,0.40160857908847186
2024-10-08,0.2468689978122711,0.2602919936180115,0.2671540081501007,0.2416429966688156,23146926.0,-0.03988792085071269,0.0,0.40160857908847186
2024-10-09,0.2344360053539276,0.2468689978122711,0.2512930035591125,0.2321929931640625,22207744.0,0.01269773939164023,0.0,0.40160857908847186
2024-10-10,0.2285480052232742,0.2344290018081665,0.2377689927816391,0.2173189967870712,22058913.0,0.041638931851580116,1.0,0.2991957104557641
2024-10-11,0.2491510063409805,0.2285480052232742,0.2654280066490173,0.2232249975204467,60007206.0,-0.04756932032259585,0.0,0.40160857908847186
2024-10-12,0.2466530054807663,0.2491450011730194,0.2537760138511657,0.2417439967393875,23809799.0,-0.041796975980152626,0.0,0.40160857908847186
2024-10-13,0.2546109855175018,0.2466560006141662,0.2599340081214905,0.2419140040874481,34918128.0,-0.0780117244575795,0.0,0.40160857908847186
2024-10-14,0.2595460116863251,0.2547619938850403,0.2637569904327392,0.2506549954414367,29835640.0,-0.10122475447297202,-1.0,0.2991957104557641
2024-10-15,0.2434280067682266,0.2595460116863251,0.2608650028705597,0.2370389997959137,31693857.0,-0.044317934667333775,0.0,0.40160857908847186
2024-10-16,0.2311400026082992,0.2434280067682266,0.2437350004911422,0.2303009927272796,17087612.0,0.0048333642565411734,0.0,0.40160857908847186
2024-10-17,0.2290550023317337,0.2311470061540603,0.2330089956521988,0.2231560051441192,16266568.0,0.013538353404627786,0.0,0.40160857908847186
2024-10-18,0.2348719984292984,0.2290630042552948,0.2364349961280822,0.2273450046777725,15040422.0,-0.01400776221636453,0.0,0.40160857908847186
2024-10-19,0.2415259927511215,0.2348999977111816,0.2416960000991821,0.2314449995756149,15255384.0,-0.04640789366528193,0.0,0.40160857908847186
2024-10-20,0.256877988576889,0.2415259927511215,0.2580649852752685,0.2345480024814605,30298692.0,-0.10807875001667745,-1.0,0.2991957104557641
2024-10-21,0.2472320050001144,0.2568719983100891,0.2584779858589172,0.2412790060043335,26811505.0,-0.07604145339177228,0.0,0.40160857908847186
2024-10-22,0.2477869987487793,0.2472179979085922,0.2726469933986664,0.2433869987726211,76727028.0,-0.07964829595258913,0.0,0.40160857908847186
2024-10-23,0.2452850043773651,0.2477860003709793,0.2495310008525848,0.2329639941453933,32366895.0,-0.07083598711314011,0.0,0.40160857908847186
2024-10-24,0.2644039988517761,0.2473399937152862,0.2727720141410827,0.2468429952859878,87671128.0,-0.14115165600738794,-1.0,0.2991957104557641
2024-10-25,0.2332299947738647,0.2644039988517761,0.2726419866085052,0.2232780009508133,54527577.0,-0.025157014688406365,0.0,0.40160857908847186
2024-10-26,0.2375549972057342,0.2333479970693588,0.244160994887352,0.2306209951639175,20264456.0,-0.03845884963573676,0.0,0.40160857908847186
2024-10-27,0.2518759965896606,0.2374960035085678,0.2570320069789886,0.2356379926204681,37722841.0,-0.08850571791158923,0.0,0.40160857908847186
2024-10-28,0.2454400062561035,0.2518759965896606,0.2532939910888672,0.2341379970312118,39153705.0,-0.059388269373209034,0.0,0.40160857908847186
2024-10-29,0.2486820071935653,0.2454400062561035,0.254487007856369,0.2413109987974167,34358512.0,-0.06029452887382265,0.0,0.40160857908847186
2024-10-30,0.2391539961099624,0.2486820071935653,0.2559889853000641,0.2376080006361007,27417333.0,-0.009557896975659924,0.0,0.40160857908847186
2024-10-31,0.2245029956102371,0.2391539961099624,0.239447996020317,0.2225019931793213,20654055.0,0.07015372873186305,1.0,0.2991957104557641
2024-11-01,0.2207130044698715,0.2245540022850036,0.2334620058536529,0.2174050062894821,22644526.0,0.10660858532444303,1.0,0.2991957104557641
2024-11-02,0.2146549969911575,0.2207130044698715,0.2260469943284988,0.2135030031204223,12763771.0,0.15923314354492768,1.0,0.2991957104557641
2024-11-03,0.2044360041618347,0.2146549969911575,0.2157299965620041,0.1945990025997162,25504261.0,0.24176496630554478,1.0,0.2991957104557641
2024-11-04,0.1969929933547973,0.2044360041618347,0.2080850005149841,0.191781997680664,16034289.0,0.3203886466019305,1.0,0.2991957104557641
2024-11-05,0.209303006529808,0.1969929933547973,0.2124119997024536,0.1969889998435974,16548241.0,0.2692270140787255,1.0,0.2991957104557641
2024-11-06,0.232802003622055,0.209303006529808,0.2354310005903244,0.2092230021953582,53423008.0,0.16276422930231815,1.0,0.2991957104557641
2024-11-07,0.2369589954614639,0.232802003622055,0.2407310009002685,0.2243060022592544,49965398.0,0.1518732055378524,1.0,0.2991957104557641
2024-11-08,0.2312549948692321,0.2369589954614639,0.2481179982423782,0.2235700041055679,66507794.0,0.1894359271157262,1.0,0.2991957104557641
2024-11-09,0.2425930052995681,0.2312549948692321,0.2445030063390731,0.2253469973802566,48226180.0,0.14677821663215357,1.0,0.2991957104557641
2024-11-10,0.2469449937343597,0.2425930052995681,0.2578420042991638,0.2313250005245208,149269230.0,0.13734336115221413,1.0,0.2991957104557641
2024-11-11,0.2494020015001297,0.2469449937343597,0.252249002456665,0.2334900051355362,163495919.0,0.1358414207880284,1.0,0.2991957104557641
2024-11-12,0.2246569991111755,0.2494020015001297,0.2495429962873459,0.2135030031204223,138609612.0,0.2731063342487993,1.0,0.2991957104557641
2024-11-13,0.2160799950361251,0.2245520055294037,0.2271849960088729,0.2024070024490356,103790748.0,0.3403486532509783,1.0,0.2991957104557641
2024-11-14,0.2035609930753708,0.2160799950361251,0.2262089997529983,0.2006890028715133,80781412.0,0.4422845457316499,1.0,0.2991957104557641
2024-11-15,0.212351992726326,0.2035609930753708,0.2137780040502548,0.1976779997348785,56477671.0,0.3968836690910853,1.0,0.2991957104557641
2024-11-16,0.2231480032205581,0.2115830034017563,0.2259330004453659,0.2093729972839355,89602060.0,0.336058195832192,1.0,0.2991957104557641
2024-11-17,0.2188969999551773,0.2231480032205581,0.2378900051116943,0.2077510058879852,139357900.0,0.36664961076394575,1.0,0.2991957104557641
2024-11-18,0.2258179932832718,0.2188969999551773,0.2320879995822906,0.2128809988498687,107885991.0,0.33076599335347656,1.0,0.2991957104557641
2024-11-19,0.2165019959211349,0.2258179932832718,0.2265709936618805,0.2104039937257766,89574725.0,0.3931388605761791,1.0,0.2991957104557641
2024-11-20,0.2010560035705566,0.2165019959211349,0.2165769934654235,0.1957810074090957,64677462.0,0.5073293986573422,1.0,0.2991957104557641
2024-11-21,0.2184029966592788,0.2010550051927566,0.2208459973335266,0.1947750002145767,73346676.0,0.3942136438829632,1.0,0.2991957104557641
2024-11-22,0.225382000207901,0.2184029966592788,0.2280970066785812,0.21247099339962,90893783.0,0.35820060513529456,1.0,0.2991957104557641
2024-11-23,0.2355969995260238,0.225382000207901,0.2378440052270889,0.2220350056886673,93408454.0,0.3034735983606492,1.0,0.2991957104557641
2024-11-24,0.2407670021057129,0.2355969995260238,0.2445439994335174,0.2211010009050369,87905661.0,0.2769272161397731,1.0,0.2991957104557641
2024-11-25,0.2379380017518997,0.2407670021057129,0.2482769936323166,0.2308740019798278,86965727.0,0.2941775970582955,1.0,0.2991957104557641
2024-11-26,0.2421800047159195,0.2379380017518997,0.2470709979534149,0.2256399989128112,71787633.0,0.2743866646054357,1.0,0.2991957104557641
2024-11-27,0.2713559865951538,0.2421800047159195,0.2728210091590881,0.2355220019817352,93988208.0,0.13515829999705653,1.0,0.2991957104557641
2024-11-28,0.2891440093517303,0.2713809907436371,0.3056820034980774,0.2639220058917999,302339218.0,0.061040378087629535,1.0,0.2991957104557641
2024-11-29,0.2864069938659668,0.2891440093517303,0.2927199900150299,0.2761510014533996,103565952.0,0.06644425802405847,1.0,0.2991957104557641
2024-11-30,0.3390530049800873,0.2864069938659668,0.3616400063037872,0.280483990907669,422889511.0,-0.10731877993994943,-1.0,0.2991957104557641
2024-12-01,0.340925008058548,0.3390530049800873,0.3701870143413543,0.3309139907360077,190610570.0,-0.11974739953599561,-1.0,0.2991957104557641
2024-12-02,0.3328079879283905,0.340925008058548,0.3439700007438659,0.3123210072517395,128364950.0,-0.10384287240345223,-1.0,0.2991957104557641
2024-12-03,0.3483990132808685,0.3328090012073517,0.3608219921588897,0.3145360052585602,155511639.0,-0.15091912950326208,-1.0,0.2991957104557641
2024-12-04,0.3616079986095428,0.3484070003032684,0.3852660059928894,0.3450559973716736,151975569.0,-0.18975053526168878,-1.0,0.2991957104557641
2024-12-05,0.3652769923210144,0.3616299927234649,0.3750349879264831,0.3418790102005005,136608161.0,-0.20575359725796477,-1.0,0.2991957104557641
2024-12-06,0.3968600034713745,0.3682020008563995,0.4228929877281189,0.3660449981689453,195486900.0,-0.2808524337298967,-1.0,0.2991957104557641
2024-12-07,0.3867659866809845,0.3968600034713745,0.4059300124645233,0.3865050077438354,71085472.0,-0.2745735383518653,-1.0,0.2991957104557641
2024-12-08,0.3941079974174499,0.3876140117645263,0.3954370021820068,0.3738979995250702,69277546.0,-0.30232155148717443,-1.0,0.2991957104557641
2024-12-09,0.3090510070323944,0.3937009871006012,0.3937009871006012,0.2709459960460663,138281481.0,-0.11938939719659478,-1.0,0.2991957104557641
2024-12-10,0.2989760041236877,0.309035986661911,0.316890001296997,0.2699779868125915,123658887.0,-0.0984008889206207,-1.0,0.2991957104557641
2024-12-11,0.3429889976978302,0.2989760041236877,0.3429889976978302,0.2874920070171356,112300880.0,-0.2259789079027434,-1.0,0.2991957104557641
2024-12-12,0.3320930004119873,0.3429889976978302,0.349137008190155,0.3248000144958496,88450419.0,-0.21209796753030918,-1.0,0.2991957104557641
2024-12-13,0.3268379867076874,0.3320930004119873,0.3338670134544372,0.3187240064144134,67226650.0,-0.20965983646599773,-1.0,0.2991957104557641
2024-12-14,0.3120529949665069,0.3268379867076874,0.3323729932308197,0.30206099152565,57416733.0,-0.17980077152462934,-1.0,0.2991957104557641
2024-12-15,0.3316090106964111,0.3120529949665069,0.33228400349617,0.3054380118846893,60977458.0,-0.23798021995376628,-1.0,0.2991957104557641
2024-12-16,0.3306120038032532,0.3316090106964111,0.3530730009078979,0.3148410022258758,103626310.0,-0.24418569609423474,-1.0,0.2991957104557641
2024-12-17,0.3095729947090149,0.3306120038032532,0.3315359950065613,0.305431991815567,63910279.0,-0.19835203076357025,-1.0,0.2991957104557641
2024-12-18,0.2713940143585205,0.3095690011978149,0.3115569949150085,0.2712729871273041,76268922.0,-0.088964226143231,0.0,0.40160857908847186
2024-12-19,0.2514339983463287,0.2713940143585205,0.2778539955615997,0.2410259991884231,91742843.0,-0.01920346942978457,0.0,0.40160857908847186
2024-12-20,0.2691909968852997,0.2514339983463287,0.2703799903392792,0.221108004450798,88056707.0,-0.08909483842106192,0.0,0.40160857908847186
2024-12-21,0.251908004283905,0.2691909968852997,0.2860170006752014,0.2486300021409988,68345218.0,-0.0306199520149349,0.0,0.40160857908847186
2024-12-22,0.2471449971199035,0.251908004283905,0.2589530050754547,0.2408770024776458,56621115.0,-0.01609719556760606,0.0,0.40160857908847186
2024-12-23,0.2645730078220367,0.2471449971199035,0.2716600000858307,0.2404980063438415,58105915.0,-0.08735552783878331,0.0,0.40160857908847186
2024-12-24,0.2770150005817413,0.2645730078220367,0.282844990491867,0.2584399878978729,52971669.0,-0.13576341144848542,-1.0,0.2991957104557641
2024-12-25,0.2669729888439178,0.2770150005817413,0.2798469960689544,0.2629039883613586,52954532.0,-0.11035815229567514,-1.0,0.2991957104557641
2024-12-26,0.2518860101699829,0.2668899893760681,0.269318014383316,0.2464209944009781,50050860.0,-0.06335012954791673,0.0,0.40160857908847186
2024-12-27,0.2536849975585937,0.2506150007247925,0.2661699950695038,0.2494640052318573,51320805.0,-0.07846048869124699,0.0,0.40160857908847186
2024-12-28,0.2644819915294647,0.253693014383316,0.2662299871444702,0.2504970133304596,40122627.0,-0.12464243757396871,-1.0,0.2991957104557641
2024-12-29,0.2521890103816986,0.2644819915294647,0.264708012342453,0.2495519965887069,35889476.0,-0.08844796779069977,0.0,0.40160857908847186
2024-12-30,0.2495110034942627,0.2521890103816986,0.2610580027103424,0.2430689930915832,45638565.0,-0.08489607532966259,0.0,0.40160857908847186
2024-12-31,0.2430029958486557,0.2495259940624237,0.2539710104465484,0.2399149984121322,29331230.0,-0.06829016993859643,0.0,0.40160857908847186
2025-01-01,0.2503859996795654,0.2430029958486557,0.2513310015201568,0.237307995557785,31642488.0,-0.10675554785361284,-1.0,0.2991957104557641
2025-01-02,0.2588090002536773,0.2503859996795654,0.2625660002231598,0.2501690089702606,39898924.0,-0.14774180050088725,-1.0,0.2991957104557641
2025-01-03,0.2735480070114136,0.2588090002536773,0.2750410139560699,0.2536379992961883,44950259.0,-0.20750702635315854,-1.0,0.2991957104557641
2025-01-04,0.2706609964370727,0.2735480070114136,0.2749809920787811,0.2659400105476379,38373896.0,-0.21332334895620678,-1.0,0.2991957104557641
2025-01-05,0.2711679935455322,0.2706609964370727,0.2728259861469269,0.2617410123348236,37741312.0,-0.23030186490920662,-1.0,0.2991957104557641
2025-01-06,0.2733489871025085,0.2711679935455322,0.2790609896183014,0.2642509937286377,40862218.0,-0.2518353033993417,-1.0,0.2991957104557641
2025-01-07,0.245850995182991,0.2733480036258697,0.2749510109424591,0.244264006614685,49716865.0,-0.18065107166099123,-1.0,0.2991957104557641
2025-01-08,0.2321860045194625,0.245850995182991,0.2475900053977966,0.2222339957952499,39153990.0,-0.1441685159467757,-1.0,0.2991957104557641
2025-01-09,0.214599996805191,0.2321860045194625,0.2361669987440109,0.2099470049142837,42903893.0,-0.08366436658051402,0.0,0.40160857908847186
2025-01-10,0.2192250043153762,0.214598000049591,0.2244269996881485,0.2118310034275055,33861291.0,-0.11326464757437493,-1.0,0.2991957104557641
2025-01-11,0.2158689945936203,0.2191870063543319,0.2219060063362121,0.2122049927711486,26702260.0,-0.10867193705574422,-1.0,0.2991957104557641
2025-01-12,0.212564006447792,0.2158689945936203,0.2180099934339523,0.2091850042343139,23011317.0,-0.10449223932344834,-1.0,0.2991957104557641
2025-01-13,0.2097260057926178,0.212564006447792,0.217967003583908,0.1942449957132339,36102283.0,-0.10104779715035904,-1.0,0.2991957104557641
2025-01-14,0.2198439985513687,0.2097260057926178,0.2198570072650909,0.2091770023107528,18374738.0,-0.1527665636164104,-1.0,0.2991957104557641
2025-01-15,0.2362910062074661,0.2198439985513687,0.2367780059576034,0.2152770012617111,26471965.0,-0.22376859886104894,-1.0,0.2991957104557641
2025-01-16,0.2275130003690719,0.2362930029630661,0.2370000034570694,0.2217870056629181,32564626.0,-0.20405112076854942,-1.0,0.2991957104557641
2025-01-17,0.2406489998102188,0.2275130003690719,0.2420420050621032,0.2274380028247833,28839469.0,-0.2607698392773209,-1.0,0.2991957104557641
2025-01-18,0.2547659873962402,0.2406489998102188,0.2623609900474548,0.2257069945335388,144159773.0,-0.3163510522659574,-1.0,0.2991957104557641
2025-01-19,0.2419890016317367,0.2547659873962402,0.3182669878005981,0.2393500059843063,312704915.0,-0.2934944946635716,-1.0,0.2991957104557641
2025-01-20,0.2308239936828613,0.2420549988746643,0.264503002166748,0.2212380021810531,108726141.0,-0.2725620852414048,-1.0,0.2991957104557641
2025-01-21,0.2244510054588318,0.2308160066604614,0.2324389964342117,0.2176049947738647,48372264.0,-0.2639677117449173,-1.0,0.2991957104557641
2025-01-22,0.2194959968328476,0.2244510054588318,0.2281180024147033,0.2194389998912811,36801940.0,-0.25940705356783433,-1.0,0.2991957104557641
2025-01-23,0.2142509967088699,0.2194869965314865,0.2195750027894973,0.2058209925889969,33122219.0,-0.25617572014351514,-1.0,0.2991957104557641
2025-01-24,0.2099950015544891,0.2142519950866699,0.2222220003604889,0.2068819999694824,35350957.0,-0.25515742240780687,-1.0,0.2991957104557641
2025-01-25,0.2112679928541183,0.2100030034780502,0.2169110029935836,0.2064460068941116,17561592.0,-0.2738631801095433,-1.0,0.2991957104557641
2025-01-26,0.2062959969043731,0.2112679928541183,0.2186170071363449,0.2062959969043731,22699313.0,-0.2699570544968358,-1.0,0.2991957104557641
2025-01-27,0.2012829929590225,0.2062959969043731,0.2063699960708618,0.184140995144844,33515331.0,-0.2644222986198494,-1.0,0.2991957104557641
2025-01-28,0.1849409937858581,0.2012829929590225,0.2040989995002746,0.1823440045118332,23212598.0,-0.21105174049727743,-1.0,0.2991957104557641
2025-01-29,0.1920199990272522,0.1849409937858581,0.1997680068016052,0.1822900027036667,22418896.0,-0.24856915371344843,-1.0,0.2991957104557641
2025-01-30,0.1999360024929046,0.1920289993286132,0.2038719952106475,0.1903959959745407,18272874.0,-0.291428889896447,-1.0,0.2991957104557641
2025-01-31,0.199753999710083,0.1999360024929046,0.2066449970006942,0.1944590061903,26352543.0,-0.30281762005022816,-1.0,0.2991957104557641
2025-02-01,0.1815560013055801,0.1997489929199218,0.2028730064630508,0.1805929988622665,17714715.0,-0.24308048020000306,-1.0,0.2991957104557641
2025-02-02,0.1623100042343139,0.1815560013055801,0.1856860071420669,0.1569669991731643,37662443.0,-0.16192184671203141,-1.0,0.2991957104557641
2025-02-03,0.1601269990205764,0.1623100042343139,0.1638379991054535,0.1236269995570182,82378264.0,-0.15949097809349577,-1.0,0.2991957104557641
2025-02-04,0.1523569971323013,0.1601269990205764,0.1626140028238296,0.143774002790451,27532101.0,-0.12487671316362021,-1.0,0.2991957104557641
2025-02-05,0.1470710039138794,0.1523510068655014,0.1559579968452453,0.1450999975204467,15577858.0,-0.10324331458449706,-1.0,0.2991957104557641
2025-02-06,0.1366019994020462,0.1470710039138794,0.1493390053510666,0.1353289932012558,18497343.0,-0.04105677180231078,0.0,0.40160857908847186
2025-02-07,0.138711005449295,0.1366019994020462,0.1508080065250396,0.1335770040750503,18831799.0,-0.06220468607022765,0.0,0.40160857908847186
2025-02-08,0.1475369930267334,0.138711005449295,0.1483680009841919,0.1377789974212646,14743318.0,-0.12569300642912284,-1.0,0.2991957104557641
2025-02-09,0.1449649930000305,0.1475369930267334,0.1522510051727295,0.1373479962348938,16934977.0,-0.11768008624407877,-1.0,0.2991957104557641
2025-02-10,0.1484729945659637,0.1449649930000305,0.1534589976072311,0.1399949938058853,19449685.0,-0.14622920539833273,-1.0,0.2991957104557641
2025-02-11,0.1471910029649734,0.1484729945659637,0.157817006111145,0.1445070058107376,18181500.0,-0.14582521065374632,-1.0,0.2991957104557641
2025-02-12,0.1523659974336624,0.1471910029649734,0.1544910073280334,0.137021005153656,31674182.0,-0.18383200731649912,-1.0,0.2991957104557641
2025-02-13,0.1467279940843582,0.1523659974336624,0.1550090014934539,0.1445010006427765,16063492.0,-0.15954666706493698,-1.0,0.2991957104557641
2025-02-14,0.1515160053968429,0.1467279940843582,0.1537310034036636,0.1457139998674392,20401045.0,-0.19430355777061653,-1.0,0.2991957104557641
2025-02-15,0.1470610052347183,0.1515160053968429,0.1515160053968429,0.1439069956541061,14156428.0,-0.17641215522301595,-1.0,0.2991957104557641
2025-02-16,0.1453250050544738,0.1470610052347183,0.1483220010995865,0.1423619985580444,11930544.0,-0.17376658609666573,-1.0,0.2991957104557641
2025-02-17,0.1530240029096603,0.1453250050544738,0.1626839935779571,0.1421139985322952,59270409.0,-0.22418380280939243,-1.0,0.2991957104557641
2025-02-18,0.1384499967098236,0.1530240029096603,0.1532710045576095,0.1330679953098297,35632061.0,-0.1484348832828451,-1.0,0.2991957104557641
2025-02-19,0.1355820000171661,0.1384499967098236,0.1413439959287643,0.1343650072813034,16762999.0,-0.1356141937126777,-1.0,0.2991957104557641
2025-02-20,0.1394630074501037,0.1355820000171661,0.140416994690895,0.1350499987602234,18848282.0,-0.16487755829715856,-1.0,0.2991957104557641
2025-02-21,0.1330180019140243,0.1394630074501037,0.1455489993095398,0.1317159980535507,22789567.0,-0.12834542682240335,-1.0,0.2991957104557641
2025-02-22,0.1378290057182312,0.1330180019140243,0.1400800049304962,0.1308200061321258,14858479.0,-0.16429805374003167,-1.0,0.2991957104557641
2025-02-23,0.1348239928483963,0.1378290057182312,0.1382990032434463,0.1322949975728988,12636861.0,-0.15133359377633587,-1.0,0.2991957104557641
2025-02-24,0.1121039986610412,0.1348239928483963,0.1353850066661834,0.1112139970064163,20357843.0,0.017874873789938763,0.0,0.40160857908847186
2025-02-25,0.1155349984765052,0.1121039986610412,0.1172439977526664,0.1049460023641586,28241413.0,-0.01746331216956087,0.0,0.40160857908847186
2025-02-26,0.1151480004191398,0.1155349984765052,0.1173980012536048,0.1098740026354789,15974867.0,-0.01928904050708036,0.0,0.40160857908847186
2025-02-27,0.1165509968996048,0.1151690036058425,0.1200060024857521,0.1135919988155365,15036484.0,-0.03686554342107569,0.0,0.40160857908847186
2025-02-28,0.1198220029473304,0.1165509968996048,0.1209879964590072,0.1078919991850853,23207269.0,-0.06922927800715763,0.0,0.40160857908847186
2025-03-01,0.116127997636795,0.1198220029473304,0.1202640011906623,0.1127460002899169,10923108.0,-0.04857596213784857,0.0,0.40160857908847186
2025-03-02,0.1402080059051513,0.116127997636795,0.1453240066766739,0.1135549992322921,59982591.0,-0.22541535644635036,-1.0,0.2991957104557641
2025-03-03,0.116067998111248,0.1402080059051513,0.1406320035457611,0.114157997071743,31118542.0,-0.07440410976864566,0.0,0.40160857908847186
2025-03-04,0.1228289976716041,0.116067998111248,0.1259389966726303,0.1072029992938041,24941955.0,-0.13661242217482655,-1.0,0.2991957104557641
2025-03-05,0.1226219981908798,0.1228289976716041,0.1244689971208572,0.1174819990992546,16522143.0,-0.1491552710753149,-1.0,0.2991957104557641
2025-03-06,0.1176759973168373,0.1226219981908798,0.1246529966592788,0.1164449974894523,14030235.0,-0.12615516854124684,-1.0,0.2991957104557641
2025-03-07,0.1140379980206489,0.1176759973168373,0.1213999986648559,0.1117430031299591,16371814.0,-0.11125648899207034,-1.0,0.2991957104557641
2025-03-08,0.1121319979429245,0.1140379980206489,0.1143800020217895,0.1097920015454292,10420979.0,-0.10643425788742199,-1.0,0.2991957104557641
2025-03-09,0.1008550003170967,0.1121319979429245,0.1121390014886856,0.0976480022072792,18408834.0,-0.016407536507327975,0.0,0.40160857908847186
2025-03-10,0.1080150008201599,0.1008630022406578,0.1276070028543472,0.0996450036764144,83117369.0,-0.09212581577700724,0.0,0.40160857908847186
2025-03-11,0.1095580011606216,0.1080219969153404,0.1136059984564781,0.1000619977712631,34779220.0,-0.11431988307625104,-1.0,0.2991957104557641
2025-03-12,0.1126599982380867,0.1095580011606216,0.1130290031433105,0.105504997074604,18957364.0,-0.15064879026602104,-1.0,0.2991957104557641
2025-03-13,0.1101770028471946,0.1126599982380867,0.1127090007066726,0.1076539978384971,13861627.0,-0.14309505735067632,-1.0,0.2991957104557641
2025-03-14,0.1118780001997947,0.1101770028471946,0.1142780035734176,0.1099570021033287,13775642.0,-0.16817538334581655,-1.0,0.2991957104557641
2025-03-15,0.1140689998865127,0.1118689998984336,0.1147549971938133,0.1110590025782585,12337959.0,-0.19694741020982118,-1.0,0.2991957104557641
2025-03-16,0.1085069999098777,0.1140689998865127,0.1140699982643127,0.1077039986848831,12083616.0,-0.16732590180713305,-1.0,0.2991957104557641
2025-03-17,0.1135049983859062,0.1085069999098777,0.1148099973797798,0.1085060015320777,13987212.0,-0.2157099277502741,-1.0,0.2991957104557641
2025-03-18,0.1117679998278617,0.1135049983859062,0.1137370020151138,0.1089999973773956,11071017.0,-0.21468298393793506,-1.0,0.2991957104557641
2025-03-19,0.1163970008492469,0.1117679998278617,0.1168050020933151,0.11056599766016,18869768.0,-0.25813166172839597,-1.0,0.2991957104557641
2025-03-20,0.1118760034441948,0.1163970008492469,0.1168690025806427,0.1108900010585784,13129084.0,-0.2386509674379753,-1.0,0.2991957104557641
2025-03-21,0.1097000017762184,0.1118770018219947,0.1131779998540878,0.1079460009932518,13284187.0,-0.23201488791698574,-1.0,0.2991957104557641
2025-03-22,0.1122319996356964,0.1097000017762184,0.1142449975013732,0.1091160029172897,14217669.0,-0.25805586104884914,-1.0,0.2991957104557641
2025-03-23,0.1130530014634132,0.1122319996356964,0.1146259978413581,0.1098800003528595,12612316.0,-0.2716328442299274,-1.0,0.2991957104557641
2025-03-24,0.1162159964442253,0.1130530014634132,0.1192409992218017,0.1108300015330314,22140141.0,-0.3002982963406083,-1.0,0.2991957104557641
2025-03-25,0.1162839978933334,0.1162159964442253,0.1174720004200935,0.1138370037078857,14269525.0,-0.30843236344563807,-1.0,0.2991957104557641
2025-03-26,0.1134520024061203,0.1162839978933334,0.1212339997291565,0.1120110005140304,17379645.0,-0.2999908736923957,-1.0,0.2991957104557641
2025-03-27,0.11039599776268,0.1134520024061203,0.1159690022468566,0.1075799986720085,19997543.0,-0.2879729459543366,-1.0,0.2991957104557641
2025-03-28,0.1020959988236427,0.11039599776268,0.1110870018601417,0.1009090021252632,15623813.0,-0.2366207372853708,-1.0,0.2991957104557641
2025-03-29,0.0966399982571601,0.1020959988236427,0.1032240018248558,0.0949340015649795,12097030.0,-0.19768016832576468,-1.0,0.2991957104557641
2025-03-30,0.0962530001997947,0.0966399982571601,0.0988520011305809,0.0947490036487579,8484602.0,-0.19818733362985064,-1.0,0.2991957104557641
2025-03-31,0.0950269997119903,0.0962530001997947,0.0971880033612251,0.0931020006537437,9318041.0,-0.191448219887743,-1.0,0.2991957104557641
2025-04-01,0.0965429991483688,0.0950139984488487,0.0995299965143203,0.094930000603199,10103018.0,-0.21038131516257963,-1.0,0.2991957104557641
2025-04-02,0.0828529968857765,0.0965429991483688,0.0965429991483688,0.0824680030345916,18360445.0,-0.08280852459920109,0.0,0.40160857908847186
2025-04-03,0.0799200013279914,0.0828529968857765,0.0855429992079734,0.0763659998774528,20088395.0,-0.05113200905293959,0.0,0.40160857908847186
2025-04-04,0.0785989984869957,0.0799200013279914,0.0805710032582283,0.0756350010633468,13525377.0,-0.040812366775333966,0.0,0.40160857908847186
2025-04-05,0.0785719975829124,0.0785989984869957,0.0800060033798217,0.0763199999928474,7563443.0,-0.048842117041406785,0.0,0.40160857908847186
2025-04-06,0.0676859989762306,0.0785719975829124,0.0789569988846778,0.0663390010595321,12314911.0,0.10730063978171532,1.0,0.2991957104557641
2025-04-07,0.0696209967136383,0.0676859989762306,0.0719240009784698,0.062304001301527,19213286.0,0.08087678002866254,1.0,0.2991957104557641
2025-04-08,0.0666769966483116,0.0696209967136383,0.0723529979586601,0.0660049989819526,10278138.0,0.13548530963819755,1.0,0.2991957104557641
2025-04-09,0.0752289965748786,0.0666769966483116,0.0759999975562095,0.0638779997825622,14121474.0,0.01381162805726284,0.0,0.40160857908847186
2025-04-10,0.0689480006694793,0.0752279981970787,0.0752400010824203,0.0653330013155937,17969324.0,0.12258467419757284,1.0,0.2991957104557641
2025-04-11,0.0716570019721984,0.0689480006694793,0.0731929987668991,0.0688880011439323,10046608.0,0.09735656304457285,1.0,0.2991957104557641
2025-04-12,0.0765760019421577,0.0716570019721984,0.0788519978523254,0.0710600018501281,10550229.0,0.03728646022706866,1.0,0.2991957104557641
2025-04-13,0.0696059986948967,0.0765760019421577,0.077404998242855,0.0687289983034133,11911388.0,0.15194049891467382,1.0,0.2991957104557641
2025-04-14,0.0693230032920837,0.0696059986948967,0.0723569989204406,0.0685900002717971,10605674.0,0.16499118264352167,1.0,0.2991957104557641
2025-04-15,0.0687310025095939,0.0693230032920837,0.0722860023379325,0.0685969963669776,9322318.0,0.182374450252626,1.0,0.2991957104557641
2025-04-16,0.0673659965395927,0.0687310025095939,0.069752998650074,0.0661109983921051,8928820.0,0.21963237240163946,1.0,0.2991957104557641
2025-04-17,0.0684290006756782,0.0673659965395927,0.0703869983553886,0.0643830001354217,9716778.0,0.21280221811259026,1.0,0.2991957104557641
2025-04-18,0.0709410011768341,0.0684290006756782,0.0710370019078254,0.0677099972963333,8181732.0,0.17904356858239245,1.0,0.2991957104557641
2025-04-19,0.0718469992280006,0.0709410011768341,0.0750809982419014,0.066951997578144,21678149.0,0.17288692877662992,1.0,0.2991957104557641
2025-04-20,0.0708910003304481,0.0718600004911422,0.0755970031023025,0.0672020018100738,20315500.0,0.19985170319403556,1.0,0.2991957104557641
2025-04-21,0.0742899999022483,0.0708910003304481,0.076724998652935,0.0708350017666816,20703937.0,0.15088715088253185,1.0,0.2991957104557641
2025-04-22,0.0799809992313385,0.0742899999022483,0.080263003706932,0.0723140016198158,21081925.0,0.07221794378375151,1.0,0.2991957104557641
2025-04-23,0.0809329971671104,0.0799989998340606,0.0826399996876716,0.0781010016798973,25405969.0,0.06237957005491197,1.0,0.2991957104557641
2025-04-24,0.0834280028939247,0.0809329971671104,0.0836910009384155,0.0759890004992485,18469142.0,0.03176613004918816,1.0,0.2991957104557641
2025-04-25,0.0833339989185333,0.0834280028939247,0.088637001812458,0.0818210020661354,26725563.0,0.03449373988591736,1.0,0.2991957104557641
2025-04-26,0.0875390022993087,0.0833339989185333,0.0913029983639717,0.0819529965519905,23545847.0,-0.016448050013421728,0.0,0.40160857908847186
2025-04-27,0.0814260020852088,0.0875379964709281,0.087797999382019,0.0811880007386207,15844498.0,0.05657242922904868,1.0,0.2991957104557641
2025-04-28,0.0843959972262382,0.0814270004630088,0.0863759964704513,0.0780320018529892,15808934.0,0.012849059482907058,0.0,0.40160857908847186
2025-04-29,0.0807529985904693,0.0843959972262382,0.0860230028629303,0.0795269981026649,14887652.0,0.05543759048774734,1.0,0.2991957104557641
2025-04-30,0.0837830007076263,0.0807529985904693,0.0867640003561973,0.080546997487545,19375940.0,0.012741616084923229,0.0,0.40160857908847186
2025-05-01,0.084755003452301,0.0837830007076263,0.0868040025234222,0.083525002002716,13315891.0,-0.0036959868091634013,0.0,0.40160857908847186
2025-05-02,0.0840630009770393,0.084755003452301,0.0858059972524643,0.0834230035543441,10232954.0,-0.000392202872616626,0.0,0.40160857908847186
2025-05-03,0.0772759988903999,0.0840630009770393,0.0841140002012252,0.0767339989542961,8940130.0,0.08320704348682059,1.0,0.2991957104557641
2025-05-04,0.0751700028777122,0.0772759988903999,0.0775870010256767,0.0744709968566894,7463366.0,0.10829074858855774,1.0,0.2991957104557641
2025-05-05,0.0748469978570938,0.0751700028777122,0.0772110000252723,0.0734559968113899,7647450.0,0.10833520227470277,1.0,0.2991957104557641
2025-05-06,0.0644439980387687,0.0748469978570938,0.0754550024867057,0.0609529986977577,39522296.0,0.2880936762495805,1.0,0.2991957104557641
2025-05-07,0.0575539991259574,0.0644439980387687,0.0652579963207244,0.0563110001385211,25534014.0,0.4463851587691915,1.0,0.2991957104557641
2025-05-08,0.0745460018515586,0.0575539991259574,0.075263999402523,0.0573530010879039,57773725.0,0.11476929446563638,1.0,0.2991957104557641
2025-05-09,0.07931599766016,0.0745460018515586,0.0800150036811828,0.0699789971113205,31754517.0,0.04697550061231829,1.0,0.2991957104557641
2025-05-10,0.0813660025596618,0.07931599766016,0.0819360017776489,0.0753049999475479,26060976.0,0.01664120960903853,0.0,0.40160857908847186
2025-05-11,0.0930619984865188,0.0813599973917007,0.0969550013542175,0.0764409974217414,98405506.0,-0.12030452773572381,-1.0,0.2991957104557641
2025-05-12,0.1051699966192245,0.0930619984865188,0.1187810003757476,0.0913790017366409,258374924.0,-0.2338211101160002,-1.0,0.2991957104557641
2025-05-13,0.111123003065586,0.1051699966192245,0.1140979975461959,0.0956320017576217,70635371.0,-0.288231024044302,-1.0,0.2991957104557641
2025-05-14,0.1021109968423843,0.1111110001802444,0.1157080009579658,0.1010159999132156,48397045.0,-0.23600693283583518,-1.0,0.2991957104557641
2025-05-15,0.0936290025711059,0.1021109968423843,0.1025139987468719,0.0912349969148635,24626173.0,-0.17529059951194714,-1.0,0.2991957104557641
2025-05-16,0.0878420025110244,0.0936279967427253,0.0979069992899894,0.0878159999847412,23214711.0,-0.1289446109162086,-1.0,0.2991957104557641
2025-05-17,0.0848940014839172,0.0878420025110244,0.088636003434658,0.0835300013422966,13567784.0,-0.10609887428165715,-1.0,0.2991957104557641
2025-05-18,0.0960370004177093,0.0848940014839172,0.1017289981245994,0.0848940014839172,69142079.0,-0.2201508337789029,-1.0,0.2991957104557641
2025-05-19,0.0949599966406822,0.0960370004177093,0.0960370004177093,0.0879530012607574,24253887.0,-0.2222241344172352,-1.0,0.2991957104557641
2025-05-20,0.0917949974536895,0.0949599966406822,0.0955379977822303,0.0886230021715164,14722447.0,-0.2070142496466867,-1.0,0.2991957104557641
2025-05-21,0.0918750017881393,0.0917949974536895,0.0952380001544952,0.0896620005369186,20222618.0,-0.2199959347200212,-1.0,0.2991957104557641
2025-05-22,0.0961799994111061,0.0918750017881393,0.0968850031495094,0.0916299968957901,22514093.0,-0.2658456117567346,-1.0,0.2991957104557641
2025-05-23,0.0883930027484893,0.0961799994111061,0.1030490025877952,0.0878710001707077,38363980.0,-0.21004776893499144,-1.0,0.2991957104557641
2025-05-24,0.0882259979844093,0.0883930027484893,0.0911360010504722,0.0871020033955574,11945080.0,-0.2180277621031404,-1.0,0.2991957104557641
2025-05-25,0.0881170034408569,0.0882259979844093,0.0882259979844093,0.082395002245903,12113992.0,-0.22667841196110838,-1.0,0.2991957104557641
2025-05-26,0.0865200012922287,0.0881170034408569,0.0901940017938613,0.0856750011444091,11962589.0,-0.22132636979550907,-1.0,0.2991957104557641
2025-05-27,0.0875039994716644,0.0865309983491897,0.0899540036916732,0.0839399993419647,12142457.0,-0.23704773237894788,-1.0,0.2991957104557641
2025-05-28,0.0840400010347366,0.0875039994716644,0.0879530012607574,0.0815289989113807,13301538.0,-0.21139228162990428,-1.0,0.2991957104557641
2025-05-29,0.0792919993400573,0.0840400010347366,0.0866539999842643,0.0791380032896995,12128769.0,-0.1641460470658286,-1.0,0.2991957104557641
2025-05-30,0.0667300000786781,0.0792910009622573,0.0797630026936531,0.0666510015726089,19098688.0,-0.005230034651954953,0.0,0.40160857908847186
2025-05-31,0.072732001543045,0.0667409971356391,0.0738409981131553,0.0650660023093223,16720613.0,-0.08185704637989402,0.0,0.40160857908847186
2025-06-01,0.0716480016708374,0.072732001543045,0.0727749988436698,0.068011999130249,9472692.0,-0.06302734443242626,0.0,0.40160857908847186
2025-06-02,0.07167399674654,0.0716480016708374,0.0723069980740547,0.0683190003037452,9736143.0,-0.06125561120772163,0.0,0.40160857908847186
2025-06-03,0.0708879977464675,0.07167399674654,0.0736870020627975,0.070421002805233,10855757.0,-0.046666016360313575,0.0,0.40160857908847186
2025-06-04,0.0669040009379386,0.0708879977464675,0.0724409967660904,0.0665730014443397,8982657.0,0.016757202674187135,0.0,0.40160857908847186
2025-06-05,0.0625080019235611,0.0669389963150024,0.0687889978289604,0.060818001627922,13264393.0,0.09550673933469644,1.0,0.2991957104557641
2025-06-06,0.0634979978203773,0.0625080019235611,0.0662039965391159,0.0622220002114772,7277506.0,0.08530095303264065,1.0,0.2991957104557641
2025-06-07,0.0661830008029937,0.0635050013661384,0.066611997783184,0.063458003103733,5789401.0,0.047542408787436916,1.0,0.2991957104557641
2025-06-08,0.0650850012898445,0.0661830008029937,0.0665690004825592,0.0642030015587806,6698270.0,0.07441036664674391,1.0,0.2991957104557641
2025-06-09,0.0699490010738372,0.0650850012898445,0.0700239986181259,0.06317800283432,10253109.0,0.0055553735563568345,0.0,0.40160857908847186
2025-06-10,0.077405996620655,0.0699490010738372,0.0800490006804466,0.0678320005536079,38724281.0,-0.09003658328261568,0.0,0.40160857908847186
2025-06-11,0.0710659995675087,0.077405996620655,0.0774419978260994,0.0702050030231475,17233962.0,-0.004186241988498075,0.0,0.40160857908847186
2025-06-12,0.0657399967312812,0.0710659995675087,0.0710740014910698,0.0651319995522499,13163132.0,0.08383267315772458,1.0,0.2991957104557641
2025-06-13,0.0639799982309341,0.0657399967312812,0.0657479986548423,0.061439998447895,14100302.0,0.12370470574106981,1.0,0.2991957104557641
2025-06-14,0.0635989978909492,0.0639799982309341,0.0643199980258941,0.0616789981722831,7770921.0,0.14479447678644886,1.0,0.2991957104557641
2025-06-15,0.0674929991364479,0.0635989978909492,0.0692949965596199,0.0631359964609146,27180978.0,0.09047143726506801,1.0,0.2991957104557641
2025-06-16,0.0681769996881485,0.0674929991364479,0.072002001106739,0.0661630034446716,21948572.0,0.09065237434323653,1.0,0.2991957104557641
2025-06-17,0.0653949975967407,0.0681700035929679,0.0691229999065399,0.0631999969482421,12581680.0,0.15074838383234768,1.0,0.2991957104557641
2025-06-18,0.0647850036621093,0.0653949975967407,0.0662489980459213,0.0623590014874935,10275675.0,0.17710642232593415,1.0,0.2991957104557641
2025-06-19,0.0642779991030693,0.0647850036621093,0.0663499981164932,0.0627090036869049,7995475.0,0.21225965645529737,1.0,0.2991957104557641
2025-06-20,0.0617830008268356,0.0642779991030693,0.065869003534317,0.0605509988963604,9971375.0,0.29465324669087534,1.0,0.2991957104557641
2025-06-21,0.0577000007033348,0.0617830008268356,0.0627600029110908,0.0566559992730617,9092987.0,0.41416646977614513,1.0,0.2991957104557641
2025-06-22,0.0557390004396438,0.0577000007033348,0.0587319992482662,0.0527100004255771,13446072.0,0.48959154632328605,1.0,0.2991957104557641
2025-06-23,0.0625189989805221,0.0557390004396438,0.0625699982047081,0.0555099993944168,13368153.0,0.34979768473254885,1.0,0.2991957104557641
2025-06-24,0.0632819980382919,0.0625189989805221,0.0645089969038963,0.0619280003011226,9584468.0,0.3552536101297147,1.0,0.2991957104557641
2025-06-25,0.0614750012755394,0.0632819980382919,0.0642800033092498,0.0610430017113685,8620218.0,0.42046306728489147,1.0,0.2991957104557641
2025-06-26,0.0609970018267631,0.0614750012755394,0.0633720010519027,0.059918001294136,7839207.0,0.45548086189193776,1.0,0.2991957104557641
2025-06-27,0.0618179999291896,0.0609970018267631,0.0623410008847713,0.0600339993834495,6181357.0,0.4585385751767972,1.0,0.2991957104557641
2025-06-28,0.0680010020732879,0.0618179999291896,0.0680150017142295,0.0613240003585815,24755375.0,0.3421369319837763,1.0,0.2991957104557641
2025-06-29,0.068462997674942,0.0680010020732879,0.0687220022082328,0.0652529969811439,12187843.0,0.34739526562235384,1.0,0.2991957104557641
2025-06-30,0.0793540030717849,0.068462997674942,0.0818049982190132,0.0651059970259666,81700923.0,0.16935736068962187,1.0,0.2991957104557641
2025-07-01,0.0700730010867118,0.0793540030717849,0.0831589996814727,0.0676440000534057,81264011.0,0.3342157260060282,1.0,0.2991957104557641
2025-07-02,0.0854479968547821,0.0700730010867118,0.0856269970536232,0.0693759992718696,73094836.0,0.09794521063795161,1.0,0.2991957104557641
2025-07-03,0.0829709991812706,0.0854460000991821,0.0907979980111122,0.0808169990777969,42304905.0,0.13712096626679535,1.0,0.2991957104557641
2025-07-04,0.0765170007944107,0.0829709991812706,0.0829709991812706,0.076102003455162,15113677.0,0.2405576444327117,1.0,0.2991957104557641
2025-07-05,0.0803719982504844,0.0765170007944107,0.0844630002975463,0.0765139982104301,26097297.0,0.18730639933989382,1.0,0.2991957104557641
2025-07-06,0.0811500027775764,0.0803719982504844,0.0829939991235733,0.0778340026736259,16222927.0,0.1832705274964977,1.0,0.2991957104557641
2025-07-07,0.0769980028271675,0.0811500027775764,0.0812619999051094,0.0758880004286766,13453403.0,0.25665881464767915,1.0,0.2991957104557641
2025-07-08,0.0774660035967826,0.0769980028271675,0.0790389999747276,0.0755600035190582,10204307.0,0.2596997615537333,1.0,0.2991957104557641
2025-07-09,0.0794650018215179,0.0774660035967826,0.079874001443386,0.0758799985051155,14753723.0,0.23802889838857827,1.0,0.2991957104557641
2025-07-10,0.0842370018362999,0.0794650018215179,0.0857380032539367,0.0784479975700378,18999711.0,0.1729220551668612,1.0,0.2991957104557641
2025-07-11,0.0830560028553009,0.0842370018362999,0.0899640023708343,0.0820740014314651,29538539.0,0.19845754693750736,1.0,0.2991957104557641
2025-07-12,0.0805749967694282,0.0830560028553009,0.0844810009002685,0.0777560025453567,13297778.0,0.24774089394765048,1.0,0.2991957104557641
2025-07-13,0.0816859975457191,0.0805749967694282,0.0839499980211258,0.0801260024309158,11742384.0,0.23807403190380197,1.0,0.2991957104557641
2025-07-14,0.0811849981546402,0.0816859975457191,0.0869980007410049,0.0792369991540908,16796945.0,0.2520616776118049,1.0,0.2991957104557641
2025-07-15,0.0845709964632988,0.0811849981546402,0.0854069963097572,0.0774890035390853,17184087.0,0.2075220596520437,1.0,0.2991957104557641
2025-07-16,0.0928200036287307,0.0845709964632988,0.0987069979310035,0.0841830000281333,56629327.0,0.1027377817346001,1.0,0.2991957104557641
2025-07-17,0.0928179994225502,0.0928200036287307,0.0946210026741027,0.0888380035758018,25205460.0,0.10372146942872221,1.0,0.2991957104557641
2025-07-18,0.0924400016665458,0.0928099974989891,0.0980089977383613,0.090939000248909,26001136.0,0.10707551407917135,1.0,0.2991957104557641
2025-07-19,0.0940599963068962,0.0924410000443458,0.0958169996738433,0.0897900015115737,10862879.0,0.08783426966603604,1.0,0.2991957104557641
2025-07-20,0.0969659984111785,0.0940599963068962,0.0989720001816749,0.0933320000767707,17334364.0,0.05275304340002112,1.0,0.2991957104557641
2025-07-21,0.1174869984388351,0.0969659984111785,0.1220579966902732,0.0947839990258216,134464948.0,-0.13524527179808693,-1.0,0.2991957104557641
2025-07-22,0.1278930008411407,0.1174869984388351,0.1314609944820404,0.1160890012979507,144601060.0,-0.21231982691686144,-1.0,0.2991957104557641
2025-07-23,0.109214998781681,0.1278930008411407,0.1278939992189407,0.1055120006203651,49757899.0,-0.08086342544633726,0.0,0.40160857908847186
2025-07-24,0.1015290021896362,0.109214000403881,0.1099729984998703,0.0988449975848198,30636068.0,-0.015229046421250017,0.0,0.40160857908847186
2025-07-25,0.1060279980301857,0.1015290021896362,0.1077120006084442,0.0973460003733635,22023485.0,-0.060894865583100005,0.0,0.40160857908847186
2025-07-26,0.1072869971394538,0.1060220003128051,0.1113020032644271,0.1049610003829002,19123409.0,-0.07617824023388603,0.0,0.40160857908847186
2025-07-27,0.1113890036940574,0.1072869971394538,0.1127339974045753,0.1067489981651306,15624365.0,-0.11436191684505108,-1.0,0.2991957104557641
2025-07-28,0.1076209992170333,0.1113890036940574,0.1234060004353523,0.1068729981780052,29713449.0,-0.08830612091497403,0.0,0.40160857908847186
2025-07-29,0.1061049997806549,0.1076219975948333,0.1124579980969429,0.1042409986257553,18270209.0,-0.08000742056201585,0.0,0.40160857908847186
2025-07-30,0.1032880023121833,0.1061049997806549,0.1062240004539489,0.09756900370121,16872056.0,-0.05957525107513947,0.0,0.40160857908847186
2025-07-31,0.0998250022530555,0.1032880023121833,0.1143300011754036,0.0991879999637603,36536134.0,-0.03211247045797257,0.0,0.40160857908847186
2025-08-01,0.096841000020504,0.099831998348236,0.102021999657154,0.0949309989809989,19025579.0,-0.00516245890932646,0.0,0.40160857908847186
2025-08-02,0.0924509987235069,0.096841000020504,0.0988750010728836,0.0901769995689392,12063503.0,0.04035483651491292,1.0,0.2991957104557641
2025-08-03,0.0958390012383461,0.0924509987235069,0.0964789986610412,0.0913299992680549,7793950.0,-0.000527591379595127,0.0,0.40160857908847186
2025-08-04,0.0999580025672912,0.0958390012383461,0.1006060019135475,0.0944570004940033,11966369.0,-0.04610751700415078,0.0,0.40160857908847186
2025-08-05,0.09493900090456,0.0999580025672912,0.1017709970474243,0.0919540002942085,15048224.0,0.0010114922922881617,0.0,0.40160857908847186
2025-08-06,0.096450001001358,0.09493900090456,0.097471997141838,0.0913550034165382,11110732.0,-0.017919597266961972,0.0,0.40160857908847186
2025-08-07,0.1002290025353431,0.096450001001358,0.1003699973225593,0.0956040024757385,12223981.0,-0.058424986465349896,0.0,0.40160857908847186
2025-08-08,0.1006079986691474,0.1002290025353431,0.1016630008816719,0.0976189970970153,13787428.0,-0.06529270187376049,0.0,0.40160857908847186
2025-08-09,0.103823997080326,0.1005899980664253,0.1062040030956268,0.1001280024647712,14093610.0,-0.09802674947529652,-1.0,0.2991957104557641
2025-08-10,0.1049389988183975,0.103823997080326,0.110834002494812,0.1008720025420188,21478653.0,-0.11098709357774293,-1.0,0.2991957104557641
2025-08-11,0.0977879986166954,0.1049389988183975,0.1074400022625923,0.0964090004563331,16434238.0,-0.045500846083733205,0.0,0.40160857908847186
2025-08-12,0.1065969988703727,0.0977879986166954,0.1082929968833923,0.0956630036234855,19640329.0,-0.12673374597152315,-1.0,0.2991957104557641
2025-08-13,0.1124989986419677,0.1065969988703727,0.1164020001888275,0.1064599975943565,48782415.0,-0.17764518454755687,-1.0,0.2991957104557641
2025-08-14,0.1007770001888275,0.1124989986419677,0.1138390004634857,0.0987059995532035,30458350.0,-0.0849211078466312,0.0,0.40160857908847186
2025-08-15,0.0976750031113624,0.1007770001888275,0.1032219976186752,0.0951379984617233,15565514.0,-0.057424530502832305,0.0,0.40160857908847186
2025-08-16,0.0996979996562004,0.0976750031113624,0.1001809984445571,0.096850000321865,9606584.0,-0.0777316262529953,0.0,0.40160857908847186
2025-08-17,0.100332997739315,0.0996979996562004,0.103704996407032,0.0989909991621971,11177542.0,-0.08448489821049596,0.0,0.40160857908847186
2025-08-18,0.095669001340866,0.100332997739315,0.1003860011696815,0.0933829993009567,13479288.0,-0.04102133752673931,0.0,0.40160857908847186
2025-08-19,0.0890109986066818,0.095669001340866,0.0972139984369278,0.0890040025115013,11614791.0,0.03188968200331212,1.0,0.2991957104557641
2025-08-20,0.0935359969735145,0.0890109986066818,0.09443099796772,0.0887420028448104,12240494.0,-0.019234543446016238,0.0,0.40160857908847186
2025-08-21,0.0892719998955726,0.0935359969735145,0.0944499969482421,0.088916003704071,8660138.0,0.025146111192020402,0.0,0.40160857908847186
2025-08-22,0.1020049974322319,0.0892719998955726,0.1038419976830482,0.0862540006637573,20449799.0,-0.1095424027376187,-1.0,0.2991957104557641
2025-08-23,0.1004159972071647,0.1020049974322319,0.1056480035185813,0.0982270017266273,17397003.0,-0.1016549038527387,-1.0,0.2991957104557641
2025-08-24,0.0978460013866424,0.1004170030355453,0.1046110019087791,0.0958169996738433,22528767.0,-0.08578756616705757,0.0,0.40160857908847186
2025-08-25,0.0887070000171661,0.0978460013866424,0.0999569967389106,0.0871239975094795,15442550.0,0.004355628864211182,0.0,0.40160857908847186
2025-08-26,0.0928639993071556,0.0887070000171661,0.0938069969415664,0.0878110006451606,8278737.0,-0.04636383137990706,0.0,0.40160857908847186
2025-08-27,0.0926510021090507,0.0928639993071556,0.0954480022192001,0.0920030027627945,11513444.0,-0.046904199637374105,0.0,0.40160857908847186
2025-08-28,0.0965500026941299,0.0926510021090507,0.1008379980921745,0.0922190025448799,23825294.0,-0.090893347739075,0.0,0.40160857908847186
2025-08-29,0.0905670002102851,0.0965489968657493,0.0972229987382888,0.0883650034666061,21378537.0,-0.035046229249544106,0.0,0.40160857908847186
2025-08-30,0.0900539979338646,0.0905670002102851,0.0920479968190193,0.088697999715805,6519789.0,-0.032055747001099144,0.0,0.40160857908847186
2025-08-31,0.0878890007734298,0.0900539979338646,0.0918869972229003,0.0878740027546882,6927869.0,-0.009234670588869311,0.0,0.40160857908847186
2025-09-01,0.0833379998803138,0.0878890007734298,0.0897379964590072,0.0818110033869743,12186455.0,0.04522996620516517,1.0,0.2991957104557641
2025-09-02,0.0879350006580352,0.0833379998803138,0.0889870002865791,0.0829359963536262,10120691.0,-0.01135356717884297,0.0,0.40160857908847186
2025-09-03,0.0873560011386871,0.0879350006580352,0.0889040008187294,0.0861139968037605,7423497.0,-0.00652361038519984,0.0,0.40160857908847186
2025-09-04,0.0832500010728836,0.0873560011386871,0.0876080021262168,0.0822890028357505,8634667.0,0.04319292535386403,1.0,0.2991957104557641
2025-09-05,0.0859019979834556,0.0832500010728836,0.0870480015873909,0.0831319987773895,7843371.0,0.00852463146720742,0.0,0.40160857908847186
2025-09-06,0.0848859995603561,0.0859019979834556,0.0865179970860481,0.0837880000472068,4840394.0,0.019116080012948053,0.0,0.40160857908847186
2025-09-07,0.0864219963550567,0.0848859995603561,0.0869790017604827,0.0848309993743896,5829636.0,-0.0017027253606315337,0.0,0.40160857908847186
2025-09-08,0.0890759974718093,0.0864219963550567,0.0899650007486343,0.085557997226715,9533315.0,-0.042691399727808596,0.0,0.40160857908847186
2025-09-09,0.0899169966578483,0.0890759974718093,0.093759998679161,0.0875630006194114,14871027.0,-0.06290763425185728,0.0,0.40160857908847186
2025-09-10,0.0912619978189468,0.0899169966578483,0.0928160026669502,0.0888480022549629,10718160.0,-0.0861739202344065,0.0,0.40160857908847186
2025-09-11,0.0935999974608421,0.0912619978189468,0.0938759967684745,0.0896369963884353,10647223.0,-0.11768827805734718,-1.0,0.2991957104557641
2025-09-12,0.0992740020155906,0.0935999974608421,0.1043429970741272,0.0928879976272583,75214859.0,-0.17922242329652402,-1.0,0.2991957104557641
2025-09-13,0.0985649973154068,0.0992740020155906,0.1006179973483085,0.096450999379158,20767154.0,-0.18507867108253998,-1.0,0.2991957104557641
2025-09-14,0.094148002564907,0.0985649973154068,0.0991190001368522,0.0936179980635643,14923039.0,-0.15851341659220525,-1.0,0.2991957104557641
2025-09-15,0.0913309976458549,0.094148002564907,0.0952240005135536,0.0889730006456375,11109661.0,-0.14393693702659893,-1.0,0.2991957104557641
2025-09-16,0.0927840024232864,0.0913309976458549,0.0952259972691536,0.0891570001840591,12476611.0,-0.16881954078804123,-1.0,0.2991957104557641
2025-09-17,0.0959300026297569,0.0927840024232864,0.0967079997062683,0.0903389975428581,11786758.0,-0.20787099878863044,-1.0,0.2991957104557641
2025-09-18,0.0973910018801689,0.0959070026874542,0.0988079980015754,0.0949259996414184,14434549.0,-0.23169140998932142,-1.0,0.2991957104557641
2025-09-19,0.0920900031924247,0.0973910018801689,0.0981540009379386,0.0913029983639717,9020501.0,-0.19915100024182614,-1.0,0.2991957104557641
2025-09-20,0.0923710018396377,0.0920900031924247,0.0941750034689903,0.0912569984793663,4806467.0,-0.21377957716135065,-1.0,0.2991957104557641
2025-09-21,0.0899309962987899,0.0923710018396377,0.093019999563694,0.0896530002355575,6579255.0,-0.20356715196323452,-1.0,0.2991957104557641
2025-09-22,0.0822310000658035,0.0899309962987899,0.0900859981775283,0.0795980021357536,12957571.0,-0.13802885239168633,-1.0,0.2991957104557641
2025-09-23,0.0800620019435882,0.0822310000658035,0.082406997680664,0.0790930017828941,7453182.0,-0.12231578077684728,-1.0,0.2991957104557641
2025-09-24,0.0804829970002174,0.0800620019435882,0.0821029990911483,0.0784910023212432,7657454.0,-0.1333068510874361,-1.0,0.2991957104557641
2025-09-25,0.0736479982733726,0.0804829970002174,0.080484002828598,0.0733729973435401,9484633.0,-0.058315805804468435,0.0,0.40160857908847186
2025-09-26,0.0772299990057945,0.0736479982733726,0.0773480013012886,0.0734189972281456,5871796.0,-0.1092920425883221,-1.0,0.2991957104557641
2025-09-27,0.0757469981908798,0.0772299990057945,0.077344998717308,0.0750909969210624,3889499.0,-0.0987848356110557,-1.0,0.2991957104557641
2025-09-28,0.0845490023493766,0.0757469981908798,0.0894529968500137,0.0737330019474029,37736151.0,-0.20353991158114082,-1.0,0.2991957104557641
2025-09-29,0.0795570015907287,0.0845490023493766,0.0856340005993843,0.0782859995961189,18683693.0,-0.16297515366933377,-1.0,0.2991957104557641
2025-09-30,0.0783659964799881,0.0795570015907287,0.0795800015330314,0.0755119994282722,7027677.0,-0.1584164829081401,-1.0,0.2991957104557641
2025-10-01,0.0828310027718544,0.0783659964799881,0.0833270028233528,0.0779239982366561,9434445.0,-0.2131426047968643,-1.0,0.2991957104557641
2025-10-02,0.0850130021572113,0.0828310027718544,0.0856909975409507,0.0822099968791008,9147066.0,-0.24633257168641032,-1.0,0.2991957104557641
2025-10-03,0.0842979997396469,0.0850130021572113,0.0859310030937194,0.082685999572277,8540613.0,-0.25288559967460655,-1.0,0.2991957104557641
2025-10-04,0.0824709981679916,0.0842979997396469,0.0847930014133453,0.0813089981675148,6751822.0,-0.24790985997468645,-1.0,0.2991957104557641
2025-10-05,0.0825399979948997,0.0824709981679916,0.085888996720314,0.0818329975008964,8488440.0,-0.2587230296129445,-1.0,0.2991957104557641
2025-10-06,0.0851600021123886,0.0825399979948997,0.0861769989132881,0.0821290016174316,7275747.0,-0.29083015096830467,-1.0,0.2991957104557641
2025-10-07,0.0791329964995384,0.0851600021123886,0.0857419967651367,0.0789109990000724,8626902.0,-0.24475879464518188,-1.0,0.2991957104557641
2025-10-08,0.0808669999241828,0.0791329964995384,0.0820979997515678,0.0777219980955123,6898527.0,-0.26935044865685076,-1.0,0.2991957104557641
2025-10-09,0.0789389982819557,0.0808669999241828,0.0812899991869926,0.0763920024037361,6856820.0,-0.2594645736866963,-1.0,0.2991957104557641
2025-10-10,0.057023998349905,0.0789389982819557,0.0803790017962455,0.0303600002080202,19314654.0,0.023878129780613978,0.0,0.40160857908847186
2025-10-11,0.0575110018253326,0.057023998349905,0.0629270002245903,0.0556380003690719,11193209.0,0.013097457072137234,0.0,0.40160857908847186
2025-10-12,0.0636480003595352,0.0575110018253326,0.064871996641159,0.0562850013375282,9546998.0,-0.09020561365916419,0.0,0.40160857908847186
2025-10-13,0.0675769969820976,0.0636480003595352,0.0683650001883506,0.0623989999294281,10786476.0,-0.1512625997364291,-1.0,0.2991957104557641
2025-10-14,0.0639939978718757,0.0675769969820976,0.0678820013999939,0.059944000095129,9337986.0,-0.11011527805962613,-1.0,0.2991957104557641
2025-10-15,0.0614719986915588,0.0639939978718757,0.0660450011491775,0.0608469992876052,6273080.0,-0.07967751932518656,0.0,0.40160857908847186
2025-10-16,0.0589979998767375,0.0614719986915588,0.0638689994812011,0.0582460016012191,6715437.0,-0.047391967654543274,0.0,0.40160857908847186
2025-10-17,0.0580770000815391,0.0589979998767375,0.0599000006914138,0.0542499981820583,9286831.0,-0.03760525186264507,0.0,0.40160857908847186
2025-10-18,0.0587089993059635,0.0580770000815391,0.0601599998772144,0.0575519986450672,3477296.0,-0.05421495450036571,0.0,0.40160857908847186
2025-10-19,0.0597280003130435,0.0587089993059635,0.0612820014357566,0.0574419982731342,3990155.0,-0.07676467367877894,0.0,0.40160857908847186
2025-10-20,0.0601879991590976,0.0597280003130435,0.0621539987623691,0.058177001774311,5019709.0,-0.09171158486198147,0.0,0.40160857908847186
2025-10-21,0.0576529987156391,0.0601940006017684,0.0617329999804496,0.0573999993503093,5267429.0,-0.0586238823821937,0.0,0.40160857908847186
2025-10-22,0.0563319995999336,0.0576529987156391,0.0588329993188381,0.0547109991312027,5405196.0,-0.043016730608711064,0.0,0.40160857908847186
2025-10-23,0.0579320006072521,0.0563319995999336,0.0586749985814094,0.0561250001192092,3413694.0,-0.07566738822248366,0.0,0.40160857908847186
2025-10-24,0.0584469996392726,0.0579320006072521,0.0589599981904029,0.0566489994525909,3585942.0,-0.0902409405786008,0.0,0.40160857908847186
2025-10-25,0.0604909993708133,0.0584469996392726,0.0642630010843277,0.0579920001327991,16175010.0,-0.1278015445350202,-1.0,0.2991957104557641
2025-10-26,0.0640000030398368,0.0604909993708133,0.0646879971027374,0.059808000922203,7184577.0,-0.1830532641545014,-1.0,0.2991957104557641
2025-10-27,0.060819000005722,0.0640000030398368,0.064871996641159,0.060488998889923,6214205.0,-0.1471466602517363,-1.0,0.2991957104557641
2025-10-28,0.05918899923563,0.060819000005722,0.0627439990639686,0.057753998786211,5310498.0,-0.1293393753257877,-1.0,0.2991957104557641
2025-10-29,0.0589459985494613,0.05918899923563,0.0610789991915226,0.0573169998824596,6865836.0,-0.13163529234233068,-1.0,0.2991957104557641
2025-10-30,0.054967001080513,0.0589459985494613,0.0595749989151954,0.0524200014770031,5528402.0,-0.07509792212749412,0.0,0.40160857908847186
2025-10-31,0.055597998201847,0.054967001080513,0.0566379986703395,0.0546859987080097,3716011.0,-0.09074683092683819,0.0,0.40160857908847186
2025-11-01,0.057897001504898,0.055597998201847,0.0585389994084835,0.0549260005354881,4207230.0,-0.13248746123953162,-1.0,0.2991957104557641
2025-11-02,0.0580199994146823,0.057897001504898,0.0580229982733726,0.0555210001766681,3125830.0,-0.14106126752650477,-1.0,0.2991957104557641
2025-11-03,0.0496639981865882,0.0580199994146823,0.0580950006842613,0.0482090003788471,7495898.0,0.00010951910569136775,0.0,0.40160857908847186
2025-11-04,0.0493770018219947,0.0496639981865882,0.05095100030303,0.0458620004355907,9240604.0,0.003561207206921369,0.0,0.40160857908847186
2025-11-05,0.0519229993224144,0.0493770018219947,0.0563200004398822,0.0462369993329048,9184684.0,-0.050065714357051413,0.0,0.40160857908847186
2025-11-06,0.0556400008499622,0.0519229993224144,0.0602030009031295,0.0506090000271797,25791015.0,-0.11957900889336054,-1.0,0.2991957104557641
2025-11-07,0.0598130002617836,0.0556400008499622,0.0619550012052059,0.0545470006763935,12846102.0,-0.1883751322720023,-1.0,0.2991957104557641
2025-11-08,0.0590239986777305,0.0598130002617836,0.0612219981849193,0.0572389997541904,7957620.0,-0.18494699875991938,-1.0,0.2991957104557641
2025-11-09,0.0591370016336441,0.0590239986777305,0.0603489987552166,0.0560440011322498,4731370.0,-0.19410122515601838,-1.0,0.2991957104557641
2025-11-10,0.0588329993188381,0.0591370016336441,0.0609770007431507,0.0575940012931823,4894508.0,-0.1979458775144194,-1.0,0.2991957104557641
2025-11-11,0.0547359995543956,0.0588329993188381,0.0596200004220008,0.054586999118328,4460851.0,-0.14387069284574194,-1.0,0.2991957104557641
2025-11-12,0.053626999258995,0.0547359995543956,0.0571499988436698,0.0524009987711906,4777896.0,-0.13294433692929966,-1.0,0.2991957104557641
2025-11-13,0.0522029995918273,0.053626999258995,0.0563419982790946,0.0500550009310245,5566538.0,-0.11620859929212052,-1.0,0.2991957104557641
2025-11-14,0.0499299988150596,0.0522029995918273,0.0522600002586841,0.0486110001802444,6556410.0,-0.08126500552265122,0.0,0.40160857908847186
2025-11-15,0.0509429983794689,0.0499299988150596,0.0533480010926723,0.0499299988150596,5575957.0,-0.10676022787577313,-1.0,0.2991957104557641
2025-11-16,0.0495290011167526,0.0509429983794689,0.0513070002198219,0.0474600009620189,4266645.0,-0.08880595334530772,0.0,0.40160857908847186
2025-11-17,0.0470909997820854,0.0495290011167526,0.0502449981868267,0.0463979989290237,4874369.0,-0.04651499282803933,0.0,0.40160857908847186
2025-11-18,0.0481900013983249,0.0470909997820854,0.0490299984812736,0.0461740009486675,4041207.0,-0.07319986744259435,0.0,0.40160857908847186
2025-11-19,0.0469679981470108,0.0481900013983249,0.048879999667406,0.0444720014929771,5441124.0,-0.054163174966981836,0.0,0.40160857908847186
2025-11-20,0.04746900126338,0.0469679981470108,0.0535780005156993,0.0465580001473426,12069335.0,-0.0691207990621519,0.0,0.40160857908847186
2025-11-21,0.0449899993836879,0.04746900126338,0.0490310005843639,0.0435369983315467,8420239.0,-0.021064396661529674,0.0,0.40160857908847186
2025-11-22,0.0450159981846809,0.0449899993836879,0.046264000236988,0.0432940013706684,3946343.0,-0.02472312051417219,0.0,0.40160857908847186
2025-11-23,0.0446720011532306,0.0450159981846809,0.0455310009419918,0.0445870012044906,2927011.0,-0.02028748798424564,0.0,0.40160857908847186
2025-11-24,0.0464010015130043,0.0446720011532306,0.0469430014491081,0.0439300015568733,3762397.0,-0.06009168492206937,0.0,0.40160857908847186
2025-11-25,0.0464229993522167,0.0464010015130043,0.046688999980688,0.0446429997682571,2651676.0,-0.06341616098569906,0.0,0.40160857908847186
2025-11-26,0.0472900010645389,0.0464229993522167,0.0478419996798038,0.0453820005059242,3114442.0,-0.08375386039008165,0.0,0.40160857908847186
2025-11-27,0.0487819984555244,0.0472900010645389,0.0552310012280941,0.0471509993076324,31977413.0,-0.11618461163415958,-1.0,0.2991957104557641
2025-11-28,0.0475419983267784,0.0487819984555244,0.0495489984750747,0.046969000250101,7992933.0,-0.0994101008050653,-1.0,0.2991957104557641
2025-11-29,0.0484319999814033,0.0475419983267784,0.0510889999568462,0.0471500009298324,7816349.0,-0.12429347254636741,-1.0,0.2991957104557641
2025-11-30,0.0478449985384941,0.0484319999814033,0.0515800006687641,0.0478379987180233,8765545.0,-0.12046057849333758,-1.0,0.2991957104557641
2025-12-01,0.0438459999859333,0.0478449985384941,0.0478589981794357,0.0427800007164478,5946212.0,-0.04481309921790758,0.0,0.40160857908847186
2025-12-02,0.0464319996535778,0.0438459999859333,0.0473489984869957,0.0431680008769035,4525869.0,-0.10401500732710602,-1.0,0.2991957104557641
2025-12-03,0.0474560000002384,0.0464319996535778,0.047834999859333,0.0455660000443458,3807422.0,-0.12972609017296977,-1.0,0.2991957104557641
2025-12-04,0.0455159991979599,0.0474560000002384,0.04780999943614,0.0447969995439052,4304080.0,-0.0976325492662215,-1.0,0.2991957104557641
2025-12-05,0.0443460009992122,0.0455159991979599,0.0461909994482994,0.0433470010757446,4002179.0,-0.07826736895771255,0.0,0.40160857908847186
2025-12-06,0.0456460006535053,0.0443460009992122,0.0500949993729591,0.0441639982163906,12545268.0,-0.11057651776033788,-1.0,0.2991957104557641
2025-12-07,0.0445819981396198,0.0456460006535053,0.0464180000126361,0.0434940010309219,4143224.0,-0.09522407362625288,0.0,0.40160857908847186
2025-12-08,0.0448619984090328,0.0445819981396198,0.0459770001471042,0.0443729981780052,3053341.0,-0.10687424377526085,-1.0,0.2991957104557641
2025-12-09,0.045703999698162,0.0448619984090328,0.047139998525381,0.0439219996333122,3721069.0,-0.13011169075150852,-1.0,0.2991957104557641
2025-12-10,0.0450070016086101,0.045703999698162,0.046764999628067,0.0443460009992122,4225025.0,-0.12345999246780733,-1.0,0.2991957104557641
2025-12-11,0.0447609983384609,0.0450070016086101,0.0455669984221458,0.0432900004088878,3345244.0,-0.12559967898384827,-1.0,0.2991957104557641
2025-12-12,0.0437549985945224,0.0447609983384609,0.0448860004544258,0.0427699983119964,2577527.0,-0.11064089660516231,-1.0,0.2991957104557641
2025-12-13,0.0442989990115165,0.0437549985945224,0.0442989990115165,0.0436340011656284,1668341.0,-0.1272481962207715,-1.0,0.2991957104557641
2025-12-14,0.0419950000941753,0.0442989990115165,0.0443029999732971,0.0418590009212493,2093981.0,-0.08502128203476914,0.0,0.40160857908847186
2025-12-15,0.0406499989330768,0.0419950000941753,0.0429009981453418,0.0397030003368854,3231900.0,-0.058673865007572996,0.0,0.40160857908847186
2025-12-16,0.0414780005812644,0.0406499989330768,0.0435750000178813,0.0402750000357627,5706445.0,-0.0818302870641582,0.0,0.40160857908847186
2025-12-17,0.0391630008816719,0.0414780005812644,0.0416079983115196,0.0389790013432502,3053485.0,-0.031315450361267726,0.0,0.40160857908847186
2025-12-18,0.0375679992139339,0.0391630008816719,0.0402389988303184,0.0368449985980987,2766923.0,0.00522887572545104,0.0,0.40160857908847186
2025-12-19,0.0397320017218589,0.0375679992139339,0.0397530011832714,0.0371549986302852,2798623.0,-0.057139907079175975,0.0,0.40160857908847186
2025-12-20,0.0405719988048076,0.0397320017218589,0.0438040010631084,0.0394230000674724,6952280.0,-0.0862085927341778,0.0,0.40160857908847186
2025-12-21,0.0393380001187324,0.0405719988048076,0.0409649983048439,0.0387759990990161,2399385.0,-0.06739269287975036,0.0,0.40160857908847186
2025-12-22,0.0399120002985,0.0393380001187324,0.0402199998497962,0.039156999439001,1958414.0,-0.09117793952302236,0.0,0.40160857908847186
2025-12-23,0.0403309985995292,0.0399120002985,0.0421900004148483,0.03897700086236,4618872.0,-0.11078710771345972,-1.0,0.2991957104557641
2025-12-24,0.0405599996447563,0.0403309985995292,0.0408090017735958,0.039326999336481,1751550.0,-0.12771433117169856,-1.0,0.2991957104557641
2025-12-25,0.040277000516653,0.0405599996447563,0.0420089997351169,0.0402409993112087,2575656.0,-0.13288990042106869,-1.0,0.2991957104557641
2025-12-26,0.0415039993822574,0.040277000516653,0.0418840013444423,0.0401430018246173,2433498.0,-0.17060552629464926,-1.0,0.2991957104557641
2025-12-27,0.0421460010111331,0.0415039993822574,0.0421909987926483,0.0409939996898174,1959544.0,-0.19582375884133207,-1.0,0.2991957104557641
2025-12-28,0.0424979999661445,0.0421429984271526,0.0465329997241497,0.0415299981832504,12399273.0,-0.21607854667613963,-1.0,0.2991957104557641
2025-12-29,0.0419019982218742,0.0424979999661445,0.0437109991908073,0.0419019982218742,4512152.0,-0.21612329688338816,-1.0,0.2991957104557641
2025-12-30,0.0379920005798339,0.0419019982218742,0.0420610010623931,0.0372599996626377,14543672.0,-0.14812905394473583,-1.0,0.2991957104557641
2025-12-31,0.0355160012841224,0.0379920005798339,0.0380400009453296,0.0354419983923435,7604488.0,-0.10128536297192015,-1.0,0.2991957104557641
2026-01-01,0.0372640006244182,0.0355160012841224,0.0380030013620853,0.0350439995527267,7216674.0,-0.15621981992814338,-1.0,0.2991957104557641
2026-01-02,0.0374320000410079,0.0372640006244182,0.0376200005412101,0.0361069999635219,7517255.0,-0.17357140685440584,-1.0,0.2991957104557641
2026-01-03,0.0375120006501674,0.0374369993805885,0.0381570011377334,0.0368579998612403,6746695.0,-0.18896204383889592,-1.0,0.2991957104557641
2026-01-04,0.037771001458168,0.0375120006501674,0.0386190004646778,0.0374290011823177,6396923.0,-0.2111532617715861,-1.0,0.2991957104557641
2026-01-05,0.0382339991629123,0.0377550013363361,0.0386740006506443,0.0364970006048679,6833434.0,-0.23496346311408103,-1.0,0.2991957104557641
2026-01-06,0.0380420014262199,0.0382339991629123,0.038952998816967,0.0364239998161792,6651054.0,-0.2454819950347748,-1.0,0.2991957104557641
2026-01-07,0.036796998232603,0.0380429998040199,0.0380439981818199,0.0361139997839927,3963003.0,-0.2344815429457237,-1.0,0.2991957104557641
2026-01-08,0.036201000213623,0.0368079990148544,0.037161000072956,0.0351499989628791,3605513.0,-0.23512904011748978,-1.0,0.2991957104557641
2026-01-09,0.0362440012395381,0.036201998591423,0.0371549986302852,0.0358290001749992,4387088.0,-0.2499793324588152,-1.0,0.2991957104557641
2026-01-10,0.0357830002903938,0.0362440012395381,0.0364090017974376,0.035615000873804,2247726.0,-0.2538024406725955,-1.0,0.2991957104557641
2026-01-11,0.0351850017905235,0.0357830002903938,0.0381040014326572,0.034825000911951,6385438.0,-0.2539576922688034,-1.0,0.2991957104557641
2026-01-12,0.0347959995269775,0.0351860001683235,0.0360109992325305,0.0345540009438991,3593283.0,-0.25779003896213076,-1.0,0.2991957104557641
2026-01-13,0.0365509986877441,0.0347959995269775,0.0368410013616085,0.0347939990460872,3577295.0,-0.3061569540529851,-1.0,0.2991957104557641
2026-01-14,0.0362389981746673,0.0365479998290538,0.0373869985342025,0.0359110012650489,5360165.0,-0.31373740797281463,-1.0,0.2991957104557641
2026-01-15,0.0343950018286705,0.0362389981746673,0.0364169999957084,0.0338689982891082,4761142.0,-0.28945162906573385,-1.0,0.2991957104557641
2026-01-16,0.0355420000851154,0.0343919992446899,0.0357449986040592,0.0341849997639656,5123314.0,-0.32570884490740964,-1.0,0.2991957104557641
2026-01-17,0.0356840007007122,0.0355420000851154,0.0364940017461776,0.0353030003607273,4107566.0,-0.34321143070813087,-1.0,0.2991957104557641
2026-01-18,0.0344510003924369,0.0356840007007122,0.0379960015416145,0.0344429984688758,8419822.0,-0.3353077637742525,-1.0,0.2991957104557641
2026-01-19,0.0320589989423751,0.0344510003924369,0.0344510003924369,0.0315140001475811,6966947.0,-0.2981806734625313,-1.0,0.2991957104557641
2026-01-20,0.0300450008362531,0.0320589989423751,0.0321739986538887,0.0299869999289512,3878832.0,-0.26383343721658487,-1.0,0.2991957104557641
2026-01-21,0.028176000341773,0.030044000595808,0.0308010000735521,0.0264449995011091,18459099.0,-0.22839030698673768,-1.0,0.2991957104557641
2026-01-22,0.0269399993121624,0.028176000341773,0.0285190008580684,0.0265190005302429,5389455.0,-0.20590430352626415,-1.0,0.2991957104557641
2026-01-23,0.0266640000045299,0.0269460007548332,0.0278590004891157,0.0263730008155107,5194191.0,-0.21088241622008783,-1.0,0.2991957104557641
2026-01-24,0.0272090006619691,0.0266640000045299,0.0273090004920959,0.026495000347495,2564729.0,-0.23945892958764672,-1.0,0.2991957104557641
2026-01-25,0.0251059997826814,0.0272109992802143,0.0276180002838373,0.02445700019598,4695202.0,-0.18750497197203453,-1.0,0.2991957104557641
2026-01-26,0.0257070008665323,0.0251049995422363,0.0260610003024339,0.024940000846982,3211583.0,-0.2190916176188976,-1.0,0.2991957104557641
2026-01-27,0.0254590008407831,0.0257070008665323,0.0257670003920793,0.0247120000422,4091092.0,-0.22329532563804977,-1.0,0.2991957104557641
2026-01-28,0.0251739993691444,0.0254590008407831,0.0258140005171298,0.025017000734806,3547805.0,-0.22763315427058864,-1.0,0.2991957104557641
2026-01-29,0.0240109991282224,0.0251739993691444,0.0251899994909763,0.0232960004359483,3503480.0,-0.20216252146781777,-1.0,0.2991957104557641
2026-01-30,0.0268910005688667,0.0240109991282224,0.0282170008867979,0.0235670004040002,28747064.0,-0.3010277759220139,-1.0,0.2991957104557641
2026-01-31,0.0225770007818937,0.0268920008093118,0.0274609997868537,0.0213980004191398,16939653.0,-0.17657076759136237,-1.0,0.2991957104557641
2026-02-01,0.0212590005248785,0.0225770007818937,0.0226750001311302,0.0209379997104406,4690592.0,-0.13344938841955212,-1.0,0.2991957104557641
2026-02-02,0.0220279991626739,0.021255999803543,0.0221069995313882,0.0204850006848573,3563075.0,-0.1732141765815236,-1.0,0.2991957104557641
2026-02-03,0.0211839992552995,0.0220279991626739,0.0221730004996061,0.0203440003097057,3047769.0,-0.14936977950022756,-1.0,0.2991957104557641
2026-02-04,0.0211529992520809,0.0211839992552995,0.021739000454545,0.0205090008676052,2788550.0,-0.15752933993121215,-1.0,0.2991957104557641
2026-02-05,0.0176710002124309,0.0211529992520809,0.0213709995150566,0.0175730008631944,4945052.0,0.003823341717749392,0.0,0.40160857908847186
2026-02-06,0.0207899995148181,0.0176710002124309,0.0211650002747774,0.016321999952197,5124265.0,-0.15487612278352675,-1.0,0.2991957104557641
2026-02-07,0.0205370001494884,0.0207899995148181,0.0216300003230571,0.0198139995336532,4641738.0,-0.15139596237632785,-1.0,0.2991957104557641
2026-02-08,0.0196899995207786,0.0205359999090433,0.0205460004508495,0.0194450002163648,2082089.0,-0.12123537731288662,-1.0,0.2991957104557641
2026-02-09,0.0208509992808103,0.0196899995207786,0.0209599994122982,0.0191430002450943,4004652.0,-0.1775394185163066,-1.0,0.2991957104557641
2026-02-10,0.0200730003416538,0.0208509992808103,0.0208669994026422,0.0198049992322921,2482446.0,-0.151750811479678,-1.0,0.2991957104557641
2026-02-11,0.0203409995883703,0.0200730003416538,0.0206240005791187,0.0195049997419118,2617485.0,-0.1694468511077033,-1.0,0.2991957104557641
2026-02-12,0.0207310002297163,0.0203419998288154,0.0210880003869533,0.0201159995049238,2467458.0,-0.1912866089148765,-1.0,0.2991957104557641
2026-02-13,0.0212420001626014,0.0207310002297163,0.0212440006434917,0.0202660001814365,2184981.0,-0.21799972347935975,-1.0,0.2991957104557641
2026-02-14,0.0216620005667209,0.0212420001626014,0.0219480004161596,0.0209740009158849,2098853.0,-0.24216371794435246,-1.0,0.2991957104557641
2026-02-15,0.0205210000276565,0.0216620005667209,0.021688999608159,0.0202350001782178,2713322.0,-0.20838714301268002,-1.0,0.2991957104557641
2026-02-16,0.0206300001591444,0.0205210000276565,0.0210790000855922,0.0204590000212192,2225147.0,-0.22166142415878964,-1.0,0.2991957104557641
2026-02-17,0.0203850008547306,0.0206279996782541,0.0207390002906322,0.0202929992228746,2541471.0,-0.22127640369060697,-1.0,0.2991957104557641
2026-02-18,0.0187619999051094,0.0203850008547306,0.0203959997743368,0.0187180005013942,2790742.0,-0.16187806376685815,-1.0,0.2991957104557641
2026-02-19,0.0172499995678663,0.0187619999051094,0.0187890008091926,0.0171949993818998,3553196.0,-0.0932970819611414,0.0,0.40160857908847186
2026-02-20,0.0192690007388591,0.0172419995069503,0.0211120005697011,0.01702699996531,15043068.0,-0.19572892536572795,-1.0,0.2991957104557641
2026-02-21,0.0178369991481304,0.0192690007388591,0.0193140003830194,0.0174899995326995,5444621.0,-0.13675572085686688,-1.0,0.2991957104557641
2026-02-22,0.0161039996892213,0.0178389996290206,0.0181089993566274,0.0158660002052783,5863050.0,-0.04832260474747642,0.0,0.40160857908847186
2026-02-23,0.0158060006797313,0.0161070004105567,0.0170530006289482,0.0152449999004602,7895390.0,-0.03502827766786733,0.0,0.40160857908847186
2026-02-24,0.0154029997065663,0.0158060006797313,0.0160399992018938,0.0153519995510578,3364128.0,-0.014883447498904401,0.0,0.40160857908847186
2026-02-25,0.0160900000482797,0.0154029997065663,0.0166640002280473,0.0153500000014901,3552441.0,-0.06415670072409255,0.0,0.40160857908847186
2026-02-26,0.0156640000641345,0.0160900000482797,0.0162010006606578,0.0152040002867579,3762653.0,-0.044891954110837316,0.0,0.40160857908847186
2026-02-27,0.0153489997610449,0.0156640000641345,0.0172099992632865,0.0151519998908042,8442316.0,-0.02978816248881919,0.0,0.40160857908847186
2026-02-28,0.01583700068295,0.0153459999710321,0.01583700068295,0.0142540000379085,4958935.0,-0.06090369990032431,0.0,0.40160857908847186
2026-03-01,0.0145960003137588,0.0158380009233951,0.0162170007824897,0.0142980003729462,4076837.0,0.02957999727992089,0.0,0.40160857908847186
2026-03-02,0.0148369995877146,0.0145920002833008,0.0156900007277727,0.0144959995523095,2892339.0,0.0208305518254338,0.0,0.40160857908847186
2026-03-03,0.015344999730587,0.0148369995877146,0.0155170001089572,0.0144370002672076,3007123.0,-0.004938482941353135,0.0,0.40160857908847186
2026-03-04,0.0160009991377592,0.0153419999405741,0.0164100006222724,0.0149529995396733,4640433.0,-0.0433937207866741,0.0,0.40160857908847186
2026-03-05,0.0158649999648332,0.0160009991377592,0.0166280008852481,0.0154769998043775,19295088.0,-0.03337929237564626,0.0,0.40160857908847186
2026-03-06,0.0153219997882843,0.0158649999648332,0.0166929997503757,0.0153209995478391,24302299.0,0.003756867303608382,0.0,0.40160857908847186
2026-03-07,0.015018000267446,0.0153219997882843,0.0155220003798604,0.0149560002610087,13785358.0,0.026557694418544713,0.0,0.40160857908847186
2026-03-08,0.0147860003635287,0.015018000267446,0.0152439996600151,0.0146719999611377,17304274.0,0.04554347420095942,1.0,0.2991957104557641
2026-03-09,0.0150399999693036,0.0147860003635287,0.0155739998444914,0.0147540001198649,20344196.0,0.02928440778689441,0.0,0.40160857908847186
2026-03-10,0.0153999999165534,0.0150399999693036,0.0155689995735883,0.0150399999693036,19923834.0,0.00648944930956678,0.0,0.40160857908847186
2026-03-11,0.015982000157237,0.0153999999165534,0.0173649992793798,0.0153280002996325,31666038.0,-0.027501657217469937,0.0,0.40160857908847186
2026-03-12,0.0156929995864629,0.015982000157237,0.015982000157237,0.0154999997466802,22763425.0,-0.007324104403914379,0.0,0.40160857908847186
2026-03-13,0.0159309990704059,0.0156929995864629,0.0167900007218122,0.0156479999423027,18192071.0,-0.021020283421743072,0.0,0.40160857908847186
2026-03-14,0.0161620005965232,0.0159309990704059,0.0168919991701841,0.0155220003798604,19006718.0,-0.03247591012547098,0.0,0.40160857908847186
2026-03-15,0.0160969998687505,0.0161620005965232,0.016907999292016,0.0158990006893873,16643375.0,-0.025715193416785114,0.0,0.40160857908847186
2026-03-16,0.0166079998016357,0.0160969998687505,0.0169309992343187,0.0160590000450611,15125805.0,-0.05284350209872857,0.0,0.40160857908847186
2026-03-17,0.0163080003112554,0.0166079998016357,0.0168539993464946,0.0161789990961551,18639106.0,-0.03493303185182475,0.0,0.40160857908847186
2026-03-18,0.015421999618411,0.0163070000708103,0.0164979994297027,0.0152749996632337,18046160.0,0.021250101378409592,0.0,0.40160857908847186
2026-03-19,0.0150309996679425,0.015421999618411,0.0154820000752806,0.0148360002785921,15655220.0,0.05110689666966085,1.0,0.2991957104557641
2026-03-20,0.0146279996261,0.0150309996679425,0.0152639998123049,0.0144570004194974,20077821.0,0.08394434069357243,1.0,0.2991957104557641
2026-03-21,0.0145340003073215,0.0146300001069903,0.0151239996775984,0.0145330000668764,11690884.0,0.09524430965058896,1.0,0.2991957104557641
2026-03-22,0.0139800002798438,0.0145230004563927,0.0146040003746747,0.0137409996241331,20245094.0,0.14479386860663973,1.0,0.2991957104557641
2026-03-23,0.0145549997687339,0.0139800002798438,0.0151239996775984,0.0137750003486871,19970776.0,0.10422106446940968,1.0,0.2991957104557641
2026-03-24,0.0146890003234148,0.0145549997687339,0.0153559995815157,0.0144969997927546,17505259.0,0.09814100688844912,1.0,0.2991957104557641
2026-03-25,0.0146430004388093,0.0146890003234148,0.0148970000445842,0.0145530002191662,20709455.0,0.1068662928210932,1.0,0.2991957104557641
2026-03-26,0.0138039998710155,0.014644999988377,0.014763000421226,0.0137590002268552,22425439.0,0.18109560970189426,1.0,0.2991957104557641
2026-03-27,0.0134549997746944,0.0138039998710155,0.0140930004417896,0.0134199997410178,20402797.0,0.2198346481905562,1.0,0.2991957104557641
2026-03-28,0.0128880003467202,0.0134549997746944,0.0134690003469586,0.0128650004044175,19216085.0,0.28277754006338013,1.0,0.2991957104557641
2026-03-29,0.012377000413835,0.0128880003467202,0.0128880003467202,0.0122079998254776,22904774.0,0.3460046285458766,1.0,0.2991957104557641
2026-03-30,0.0125630004331469,0.012377000413835,0.0128640001639723,0.0123709999024868,19134460.0,0.3365885351511455,1.0,0.2991957104557641
2026-03-31,0.0131400004029273,0.0125630004331469,0.0133360000327229,0.0123939998447895,23753276.0,0.28746189790423304,1.0,0.2991957104557641
2026-04-01,0.0152190001681447,0.0131409997120499,0.0156580004841089,0.0130510004237294,40769828.0,0.11497755423275405,1.0,0.2991957104557641
2026-04-02,0.0195649992674589,0.0152040002867579,0.0259620007127523,0.0150189995765686,145460395.0,-0.13679239652798897,-1.0,0.2991957104557641
2026-04-03,0.018623000010848,0.0195649992674589,0.0228369999676942,0.017162999138236,78156619.0,-0.09545320935469373,-1.0,0.2991957104557641
2026-04-04,0.019285999238491,0.0186219997704029,0.0224130004644393,0.0184850003570318,62215456.0,-0.12824390468039087,-1.0,0.2991957104557641
2026-04-05,0.0171990003436803,0.0192740000784397,0.0192789994180202,0.0168750006705522,28924677.0,-0.02040455484362784,0.0,0.40160857908847186
2026-04-06,0.0167859997600317,0.0171980001032352,0.0173840001225471,0.0163310002535581,24683384.0,0.007614242505613388,0.0,0.40160857908847186
2026-04-07,0.0167340002954006,0.0167859997600317,0.0170079991221427,0.0160690005868673,17034481.0,0.014271071882472237,0.0,0.40160857908847186
2026-04-08,0.0162109993398189,0.0167280007153749,0.0169970002025365,0.0161479990929365,13938018.0,0.05309863114936702,1.0,0.2991957104557641
2026-04-09,0.0161479990929365,0.0162109993398189,0.0171310007572174,0.0161359999328851,17314367.0,0.0633341416369368,1.0,0.2991957104557641
2026-04-10,0.0157130006700754,0.0161479990929365,0.0162669997662305,0.0155589999631047,19291066.0,0.1008658742038281,1.0,0.2991957104557641
2026-04-11,0.0160239990800619,0.0157140009105205,0.0162940006703138,0.0152139998972415,20039259.0,0.08364217589606185,1.0,0.2991957104557641
2026-04-12,0.0173429995775222,0.0160239990800619,0.020966999232769,0.0155950002372264,73694990.0,0.0027514942886631213,0.0,0.40160857908847186
2026-04-13,0.0168319996446371,0.0173429995775222,0.0176919996738433,0.0162690002471208,32996255.0,0.03342222266732275,1.0,0.2991957104557641
2026-04-14,0.0165090002119541,0.0168319996446371,0.0172760002315044,0.0162630006670951,22528815.0,0.05322474033650408,1.0,0.2991957104557641
2026-04-15,0.0174739994108676,0.0165090002119541,0.0183019991964101,0.0164190009236335,27947192.0,0.006200315292731146,0.0,0.40160857908847186
2026-04-16,0.0175669994205236,0.0174749996513128,0.0176480002701282,0.0166710000485181,23115722.0,0.00754080321710527,0.0,0.40160857908847186
2026-04-17,0.018122000619769,0.0175669994205236,0.02008300088346,0.0173390004783868,35833636.0,-0.017251167236684913,0.0,0.40160857908847186
2026-04-18,0.0165619999170303,0.018122000619769,0.0187190007418394,0.016364000737667,19305497.0,0.10935425020940928,1.0,0.2991957104557641
2026-04-19,0.015786999836564,0.0165619999170303,0.0167030002921819,0.015786999836564,16648429.0,0.21359347297253312,1.0,0.2991957104557641
2026-04-20,0.0166139993816614,0.015786999836564,0.0169190000742673,0.0157820004969835,14345460.0,0.1860780499245852,1.0,0.2991957104557641
2026-04-21,0.0164439994841814,0.0166139993816614,0.0168609991669654,0.0161739997565746,12945254.0,0.23156056357930255,1.0,0.2991957104557641
2026-04-22,0.0165289994329214,0.0164439994841814,0.0171380005776882,0.0164190009236335,11238812.0,0.26264070837088005,1.0,0.2991957104557641
2026-04-23,0.01672999933362,0.0165289994329214,0.0168890003114938,0.0162460003048181,12514584.0,0.2806822160802087,1.0,0.2991957104557641
2026-04-24,0.0167219992727041,0.01672999933362,0.0171460006386041,0.0165630001574754,15164377.0,0.310156596784981,1.0,0.2991957104557641
2026-04-25,0.0165660008788108,0.0167219992727041,0.0175240002572536,0.0164720006287097,17963381.0,0.34999390095059824,1.0,0.2991957104557641
2026-04-26,0.0171150006353855,0.0165660008788108,0.0174809992313385,0.0165209993720054,18941322.0,0.3276858323123139,1.0,0.2991957104557641
2026-04-27,0.0168760009109973,0.0171150006353855,0.0173509996384382,0.0163429994136095,12347807.0,0.3635561661542119,1.0,0.2991957104557641
2026-04-28,0.0169440004974603,0.0168760009109973,0.0171930007636547,0.0167989991605281,10691941.0,0.3727997030749828,1.0,0.2991957104557641
2026-04-29,0.0167139992117881,0.0169440004974603,0.0172830000519752,0.0163610000163316,9967796.0,0.4072578381491265,1.0,0.2991957104557641
2026-04-30,0.0164429992437362,0.0167139992117881,0.0168670006096363,0.0162630006670951,9327371.0,0.44354748349186623,1.0,0.2991957104557641
2026-05-01,0.0167890004813671,0.0164429992437362,0.0174279995262622,0.0164139997214078,13924598.0,0.4234561757518624,1.0,0.2991957104557641
2026-05-02,0.017162000760436,0.0167890004813671,0.0172419995069503,0.0166960004717111,13359767.0,0.40106225008218865,1.0,0.2991957104557641
2026-05-03,0.0168699994683265,0.017162999138236,0.017162999138236,0.0167539995163679,13606440.0,0.4306702537492527,1.0,0.2991957104557641
2026-05-04,0.0169990006834268,0.0168699994683265,0.0172099992632865,0.0166880004107952,13881129.0,0.42244208038356257,1.0,0.2991957104557641
2026-05-05,0.0172380004078149,0.0169990006834268,0.0174950007349252,0.0169810000807046,13753636.0,0.413729815941968,1.0,0.2991957104557641
2026-05-06,0.0182399991899728,0.0172380004078149,0.0185189992189407,0.0171649996191263,20280466.0,0.34923595101876487,1.0,0.2991957104557641
2026-05-07,0.0183310005813837,0.0182399991899728,0.018800999969244,0.0177769996225833,17645747.0,0.35010531994950467,1.0,0.2991957104557641
2026-05-08,0.0188900008797645,0.0183310005813837,0.0190420001745224,0.0181000009179115,11342123.0,0.31636111518403937,1.0,0.2991957104557641
2026-05-09,0.0186219997704029,0.0188900008797645,0.0192729998379945,0.0185449998825788,11480670.0,0.33824578136674455,1.0,0.2991957104557641
2026-05-10,0.019378000870347,0.0186219997704029,0.0199110005050897,0.0182819999754428,13943654.0,0.29372220883194333,1.0,0.2991957104557641
2026-05-11,0.0193140003830194,0.019378000870347,0.0194189995527267,0.0187960006296634,17632913.0,0.30355568816076645,1.0,0.2991957104557641
2026-05-12,0.0197829995304346,0.0193140003830194,0.0204470008611679,0.0188539996743202,21017085.0,0.2776942659470908,1.0,0.2991957104557641
2026-05-13,0.018147999420762,0.0197829995304346,0.0198919996619224,0.0179360006004571,16115050.0,0.4015852787034746,1.0,0.2991957104557641
2026-05-14,0.0181889999657869,0.0181409996002912,0.0185570009052753,0.0176899991929531,13744899.0,0.4100039925162402,1.0,0.2991957104557641
2026-05-15,0.0169549994170665,0.0181889999657869,0.0183029994368553,0.0164839997887611,12363761.0,0.5242517532814123,1.0,0.2991957104557641
2026-05-16,0.0162889994680881,0.0169539991766214,0.0170709993690252,0.0159499999135732,12754466.0,0.6016752686364595,1.0,0.2991957104557641
2026-05-17,0.0237029995769262,0.0162889994680881,0.0245069991797208,0.0161080006510019,82516915.0,0.09897747435434638,1.0,0.2991957104557641
2026-05-18,0.0213149990886449,0.0237280000001192,0.0268500000238418,0.0206519998610019,129659938.0,0.2237582676455619,1.0,0.2991957104557641
2026-05-19,0.0216390006244182,0.0213149990886449,0.0219999998807907,0.0197689998894929,44231909.0,0.20597211552118266,1.0,0.2991957104557641
2026-05-20,0.0346020013093948,0.0216279998421669,0.0387080013751983,0.0213510002940893,203079337.0,-0.2578581331760555,-1.0,0.2991957104557641
2026-05-21,0.0409349985420703,0.0346160009503364,0.0478789992630481,0.0302530005574226,242543218.0,-0.3857533037096829,-1.0,0.2991957104557641
2026-05-22,0.0341020002961158,0.0409349985420703,0.0464610010385513,0.0337859988212585,135728119.0,-0.2728606498300338,-1.0,0.2991957104557641
2026-05-23,0.033925000578165,0.0340990014374256,0.0367409996688365,0.031139999628067,67455887.0,-0.28010410092961524,-1.0,0.2991957104557641
2026-05-24,0.0363180004060268,0.0339239984750747,0.0409549996256828,0.03226999938488,106871680.0,-0.3395423817542432,-1.0,0.2991957104557641
2026-05-25,0.034510001540184,0.0363209992647171,0.0392059981822967,0.0341060012578964,44444154.0,-0.3160533489937301,-1.0,0.2991957104557641
2026-05-26,0.0321660004556179,0.034510001540184,0.0355009995400905,0.0320530012249946,27967718.0,-0.2762865022071369,-1.0,0.2991957104557641
2026-05-27,0.0311440005898475,0.0321660004556179,0.0327380001544952,0.0306410007178783,22900944.0,-0.261986675499638,-1.0,0.2991957104557641
2026-05-28,0.0286139994859695,0.0311420001089572,0.03184499964118,0.0274759996682405,27971310.0,-0.2040937016990735,-1.0,0.2991957104557641
2026-05-29,0.0260930005460977,0.0286229997873306,0.0295839998871088,0.0260869991034269,23352010.0,-0.13404579110234863,-1.0,0.2991957104557641
2026-05-30,0.0249230004847049,0.0260930005460977,0.0269540008157491,0.0248860009014606,19754045.0,-0.09725707514419872,-1.0,0.2991957104557641
2026-05-31,0.0250400006771087,0.0249230004847049,0.0257389992475509,0.0239509996026754,28906086.0,-0.10527034882120714,-1.0,0.2991957104557641
2026-06-01,0.0233340002596378,0.0250400006771087,0.0255960002541542,0.0232069995254278,19816831.0,-0.04135464177727757,0.0,0.40160857908847186
2026-06-02,0.0219780001789331,0.0233379993587732,0.0234939996153116,0.0216509997844696,16341800.0,0.018039326788282743,0.0,0.40160857908847186
2026-06-03,0.0218540001660585,0.0219780001789331,0.0230000000447034,0.0209860000759363,55805946.0,0.02433906152396785,0.0,0.40160857908847186
2026-06-04,0.0197620000690221,0.0218529999256134,0.022019999101758,0.0193690005689859,27890377.0,0.13637914701748405,1.0,0.2991957104557641
2026-06-05,0.0184289999306201,0.0197620000690221,0.0200599990785121,0.0174410007894039,20135375.0,0.22388286772763694,1.0,0.2991957104557641
2026-06-06,0.0233110003173351,0.0184289999306201,0.0266709998250007,0.0175999999046325,78877078.0,-0.03456927240419965,0.0,0.40160857908847186
2026-06-07,0.025925999507308,0.0232950001955032,0.0324690006673336,0.0225230008363723,122098870.0,-0.13688960085969532,-1.0,0.2991957104557641
2026-06-08,0.0227700006216764,0.025942999869585,0.0278810001909732,0.022724000737071,32319428.0,-0.018308118739903498,0.0,0.40160857908847186
2026-06-09,0.0226429998874664,0.0227729994803667,0.0248060002923011,0.0213970001786947,25117471.0,-0.014264900091870623,0.0,0.40160857908847186
2026-06-10,0.0203740000724792,0.0226429998874664,0.0231219995766878,0.0200939998030662,16313618.0,0.097095240600654,1.0,0.2991957104557641
2026-06-11,0.0241439994424581,0.0203750003129243,0.0279229991137981,0.0203629992902278,55491875.0,-0.07808486289491848,0.0,0.40160857908847186
2026-06-12,0.022741999477148,0.0241439994424581,0.0253219995647668,0.0225019995123147,21727870.0,-0.02296273079739927,0.0,0.40160857908847186
2026-06-13,0.0229749996215105,0.0227409992367029,0.0239940006285905,0.0221980009227991,13555928.0,-0.035066639019528445,0.0,0.40160857908847186
2026-06-14,0.0232469998300075,0.0229749996215105,0.0245009995996952,0.0223570000380277,17736697.0,-0.049343731466292284,0.0,0.40160857908847186
2026-06-15,0.0249279998242855,0.0232469998300075,0.027165999636054,0.0230490006506443,30164669.0,-0.11852510052216737,-1.0,0.2991957104557641
2026-06-16,0.0232629999518394,0.0249269995838403,0.025195000693202,0.0232079997658729,18381810.0,-0.05787355811744383,0.0,0.40160857908847186
2026-06-17,0.0241609998047351,0.0232629999518394,0.0245149992406368,0.0231909994035959,13323512.0,-0.09709474699140452,-1.0,0.2991957104557641
2026-06-18,0.0224029999226331,0.0241640005260705,0.0248869992792606,0.0222650002688169,14774515.0,-0.028163081679604508,0.0,0.40160857908847186
2026-06-19,0.0224459990859031,0.0224029999226331,0.0236409995704889,0.0216509997844696,12299770.0,-0.031868114764205605,0.0,0.40160857908847186
2026-06-20,0.022011000663042,0.0224409997463226,0.0225230008363723,0.0218039993196725,7894374.0,-0.014621985588469652,0.0,0.40160857908847186
2026-06-21,0.0212760008871555,0.022011000663042,0.0223570000380277,0.0212740004062652,8213072.0,0.017766448702932088,0.0,0.40160857908847186
2026-06-22,0.0238019991666078,0.0212760008871555,0.025569999590516,0.0212600007653236,36508858.0,-0.09542393862207635,-1.0,0.2991957104557641
2026-06-23,0.0229889992624521,0.0237969998270273,0.0250470004975795,0.0221570003777742,25879062.0,-0.06805697965301909,0.0,0.40160857908847186
2026-06-24,0.0219429992139339,0.0229889992624521,0.0235510002821683,0.0206119995564222,13085663.0,-0.026860755449784855,0.0,0.40160857908847186
2026-06-25,0.0223670005798339,0.0219429992139339,0.0229850001633167,0.0211989991366863,13248326.0,-0.05095819170779309,0.0,0.40160857908847186
2026-06-26,0.0222379993647336,0.0223670005798339,0.0227680001407861,0.0217090006917715,11519771.0,-0.051443449520412,0.0,0.40160857908847186
2026-06-27,0.0217969994992017,0.0222379993647336,0.023242000490427,0.0216520000249147,12487254.0,-0.0387968876512263,0.0,0.40160857908847186
2026-06-28,0.0217269994318485,0.0217969994992017,0.0224070008844137,0.0214949995279312,7982963.0,-0.04222566061879369,0.0,0.40160857908847186
2026-06-29,0.0218739993870258,0.0217259991914033,0.022206999361515,0.0215700007975101,10803433.0,-0.05565251540126856,0.0,0.40160857908847186
2026-06-30,0.0203740000724792,0.0218739993870258,0.0218959990888834,0.0199229996651411,9599495.0,0.00840531876885104,0.0,0.40160857908847186
2026-07-01,0.021841999143362,0.0203729998320341,0.0228380002081394,0.0200309995561838,17126745.0,-0.06606676903455137,0.0,0.40160857908847186
2026-07-02,0.0219989996403455,0.021841999143362,0.0222689993679523,0.021536000072956,10467154.0,-0.07980758614511635,0.0,0.40160857908847186
2026-07-03,0.0222139991819858,0.0219989996403455,0.0224600005894899,0.0218829996883869,9190536.0,-0.09618226749426691,-1.0,0.2991957104557641
2026-07-04,0.0221519991755485,0.0222139991819858,0.0231810007244348,0.0220059994608163,10376235.0,-0.09678721447764396,-1.0,0.2991957104557641
2026-07-05,0.0222200006246566,0.0221519991755485,0.0223140008747577,0.0215949993580579,7659595.0,-0.10454125469684915,-1.0,0.2991957104557641
2026-07-06,0.0220410004258155,0.0222200006246566,0.0224590003490448,0.0212609991431236,8104266.0,-0.10255746250878356,-1.0,0.2991957104557641
2026-07-07,0.0215590000152587,0.0220410004258155,0.0222810003906488,0.0213670004159212,8880604.0,-0.08768959136110577,0.0,0.40160857908847186
2026-07-08,0.0217179991304874,0.0215590000152587,0.0221599992364645,0.0209040008485317,8320558.0,-0.09943072808861844,-1.0,0.2991957104557641
2026-07-09,0.0218250006437301,0.0217179991304874,0.0219899993389844,0.0216109994798898,6221534.0,-0.10719582190018985,0.0,0.40160857908847186
2026-07-10,0.0220059994608163,0.0218250006437301,0.0221319999545812,0.0218180008232593,6243438.0,-0.11835708531830705,0.0,0.40160857908847186
2026-07-11,0.0215830001980066,0.0220059994608163,0.0221919994801282,0.0215809997171163,7041877.0,-0.10456345780801171,0.0,0.40160857908847186
2026-07-12,0.0214050002396106,0.0215819999575614,0.0217279996722936,0.0213280003517866,6148262.0,-0.10058564640828203,0.0,0.40160857908847186
2026-07-13,0.0211520008742809,0.0214050002396106,0.0216799993067979,0.0208119992166757,6056570.0,-0.09315469260410715,0.0,0.40160857908847186
2026-07-14,0.0214959997683763,0.0211520008742809,0.0218230001628398,0.021136000752449,6294721.0,-0.11180790447212746,0.0,0.40160857908847186
2026-07-15,0.0213610008358955,0.0214959997683763,0.0216240007430315,0.0212370008230209,6332379.0,-0.11044242376679722,0.0,0.40160857908847186
2026-07-16,0.0210250001400709,0.0213610008358955,0.0214000009000301,0.0209079999476671,6218900.0,-0.10023583021689277,0.0,0.40160857908847186
2026-07-17,0.0208800006657838,0.0210250001400709,0.0218499992042779,0.0206799991428852,8175856.0,-0.09807390342268077,0.0,0.40160857908847186
2026-07-18,0.0214479994028806,0.0208800006657838,0.0214809998869895,0.0207269992679357,5830528.0,-0.12750285152610194,0.0,0.40160857908847186
2026-07-19,0.0209100004285573,0.0214479994028806,0.0215099994093179,0.0208279993385076,5668328.0,-0.11005671792751832,0.0,0.40160857908847186
2026-07-20,0.021026000380516,0.0209100004285573,0.021366000175476,0.0206059999763965,7167883.0,-0.1207148398936663,0.0,0.40160857908847186
2026-07-21,0.0211219992488622,0.021026000380516,0.0213050004094839,0.0210139993578195,4854860.0,-0.13127491074706973,0.0,0.40160857908847186
2026-07-22,0.0206819996237754,0.0211219992488622,0.0212520007044076,0.0205700006335973,5539898.0,-0.11905948996796423,0.0,0.40160857908847186
2026-07-23,0.020151000469923,0.0206819996237754,0.0208190008997917,0.0199929997324943,5976597.0,-0.10148380988528341,0.0,0.40160857908847186
2026-07-24,0.0198570005595684,0.0201479997485876,0.0204160008579492,0.0196630004793405,5234838.0,-0.09369178940938679,0.0,0.40160857908847186
2026-07-25,0.0195879992097616,0.0198570005595684,0.0200720001012086,0.0195020008832216,4855216.0,-0.08666185442111006,0.0,0.40160857908847186
2026-07-26,0.019675999879837,0.0195879992097616,0.0200609993189573,0.0194899998605251,4658859.0,-0.09722865874834732,0.0,0.40160857908847186
2026-07-27,0.0183230005204677,0.019675999879837,0.0197790004312992,0.0181660000234842,6621713.0,-0.03291787050320759,0.0,0.40160857908847186
2026-07-28,0.0179750006645917,0.0183230005204677,0.0183879993855953,0.0177430007606744,6304233.0,-0.015377866526149586,0.0,0.40160857908847186
2026-07-29,0.0172320008277893,0.0179760009050369,0.0181269999593496,0.0169510003179311,5750351.0,0.02953802566226904,0.0,0.40160857908847186
2026-07-30,0.0171900000423192,0.0172329992055892,0.0182429999113082,0.0171830002218484,5497368.0,0.03525887570999484,0.0,0.40160857908847186
2026-07-31,0.0169810000807046,0.0171900000423192,0.0173959992825984,0.0165309999138116,4484567.0,0.053334120663464574,0.0,0.40160857908847186
2026-08-01,0.0168089997023344,0.0169810000807046,0.017467999830842,0.0167089998722076,4744996.0,0.07212656867380557,0.0,0.40160857908847186
2026-08-02,0.0171610005199909,0.0168089997023344,0.0178999993950128,0.0168079994618892,6498948.0,0.05729766847698962,0.0,0.40160857908847186
2026-08-03,0.017017999663949,0.0171610005199909,0.0172869991511106,0.016567999497056,6085216.0,0.0772123964593599,0.0,0.40160857908847186
2026-08-04,0.0169050004333257,0.017017999663949,0.0170799996703863,0.0167059991508722,4946825.0,0.10129545561974171,0.0,0.40160857908847186
2026-08-05,0.0199299994856119,0.0169050004333257,0.0226489994674921,0.0168159995228052,63990230.0,-0.08232559991334606,0.0,0.40160857908847186
2026-08-06,0.0186720006167888,0.0199280008673667,0.0201069992035627,0.0183669999241828,16608591.0,-0.027331496890835288,0.0,0.40160857908847186
2026-08-07,0.0183109994977712,0.0186720006167888,0.0189919993281364,0.0176640003919601,8758593.0,-0.012233024838759876,0.0,0.40160857908847186
2026-08-08,0.0179740004241466,0.0183109994977712,0.0185429994016885,0.0177660007029771,7819519.0,0.012573735315376977,0.0,0.40160857908847186
2026-08-10,0.018200000748038292,0.01818603277206421,0.018381383270025253,0.018087051808834076,13142758.0,0.0,0.0,0.40160857908847186
