Date,Close,Open,High,Low,Volume,pct_change,epoch_signal,weight
2021-11-29,0.009759999811649323,0.011571000330150127,0.014166000299155712,0.009734000079333782,288507.0,-0.733595474937127,-1.0,0.410752688172043
2021-11-30,0.009730000048875809,0.009757000021636486,0.01071999967098236,0.009681999683380127,222752.0,-0.74563901071536,-1.0,0.410752688172043
2021-12-01,0.007410000078380108,0.009716999717056751,0.009959000162780285,0.007406999822705984,174280.0,-0.6786738183037776,-1.0,0.410752688172043
2021-12-02,0.007110000122338533,0.007410000078380108,0.007772999815642834,0.00687299994751811,152956.0,-0.6777587765795929,-1.0,0.410752688172043
2021-12-03,0.0059079998172819614,0.007048000115901232,0.007096999790519476,0.0058120000176131725,48574.0,-0.6246637507997682,-1.0,0.410752688172043
2021-12-04,0.0052200001664459705,0.005909999832510948,0.005932999774813652,0.004788000136613846,28690.0,-0.587522017361976,-1.0,0.410752688172043
2021-12-05,0.004774999804794788,0.00522099994122982,0.005404999945312738,0.004772000014781952,22350.0,-0.5612989762524148,-1.0,0.410752688172043
2021-12-06,0.004751000087708235,0.004784000106155872,0.0047969999723136425,0.004404000006616116,16580.0,-0.5712737644881402,-1.0,0.410752688172043
2021-12-07,0.00520200002938509,0.004755999892950058,0.00534699996933341,0.004736000206321478,12779.0,-0.6207487779064657,-1.0,0.410752688172043
2021-12-08,0.00507500022649765,0.0052109998650848866,0.005272999871522188,0.00482900021597743,11788.0,-0.6236133837663106,-1.0,0.410752688172043
2021-12-09,0.0050130002200603485,0.005065999925136566,0.005348999984562397,0.004929000046104193,10500.0,-0.6312991794161547,-1.0,0.410752688172043
2021-12-10,0.005338999908417463,0.005005999933928251,0.00548599986359477,0.004984000232070684,15490.0,-0.6662245633669558,-1.0,0.410752688172043
2021-12-11,0.005379000212997198,0.005332000087946653,0.00544800003990531,0.005200000014156103,10775.0,-0.6811273203322317,-1.0,0.410752688172043
2021-12-12,0.005830999929457903,0.005377999972552061,0.00583800021559,0.005355000030249357,9184.0,-0.7183506579180854,-1.0,0.410752688172043
2021-12-13,0.005450000055134296,0.005828999914228916,0.005874999798834324,0.005404999945312738,14531.0,-0.7110959620563483,-1.0,0.410752688172043
2021-12-14,0.005508000031113625,0.005448999814689159,0.00558099988847971,0.005338000133633614,12759.0,-0.7265844299808993,-1.0,0.410752688172043
2021-12-15,0.005905999802052975,0.005508000031113625,0.005936000030487776,0.00531500019133091,15539.0,7.150554842060648,1.0,0.410752688172043
2021-12-16,0.005981000140309334,0.0059090000577270985,0.006213000044226646,0.005828999914228916,14740.0,20.37042729887074,1.0,0.410752688172043
2021-12-17,0.006010999903082848,0.005981000140309334,0.006171000190079212,0.005828999914228916,9230.0,33.683596737399824,1.0,0.410752688172043
2021-12-18,0.0050650001503527164,0.006012000143527985,0.006016999948769808,0.004891999997198582,24031.0,53.30925197293852,1.0,0.410752688172043
2021-12-19,0.004964999854564667,0.0050650001503527164,0.005187000147998333,0.004951999988406897,24565.0,65.5192404757055,1.0,0.410752688172043
2021-12-20,0.0042849997989833355,0.004964000079780817,0.004993999842554331,0.004201999865472317,14700.0,91.23227075950395,1.0,0.410752688172043
2021-12-21,0.004095999989658594,0.004288000054657459,0.004356999881565571,0.004081999883055687,13894.0,109.73445942011074,1.0,0.410752688172043
2021-12-22,0.0039470000192523,0.004093000199645758,0.004120000172406435,0.003945999778807163,6746.0,130.2592394794497,1.0,0.410752688172043
2021-12-23,0.0029120000544935465,0.00394799979403615,0.003955000080168247,0.002810999983921647,24032.0,201.7087655794387,1.0,0.410752688172043
2021-12-24,0.0028089999686926603,0.0029150000773370266,0.0029269999358803034,0.0027920000720769167,25082.0,239.19039166537192,1.0,0.410752688172043
2021-12-25,0.0026569999754428864,0.0028019999153912067,0.0028359999414533377,0.0026360000483691692,7890.0,287.22707454035026,1.0,0.410752688172043
2021-12-26,0.002647999906912446,0.0026549999602138996,0.0027179999742656946,0.0026140001136809587,6128.0,321.18452247984743,1.0,0.410752688172043
2021-12-27,0.002704000100493431,0.002644000109285116,0.002739999908953905,0.0026320000179111958,3546.0,345.8655426458032,1.0,0.410752688172043
2021-12-28,0.0025400000158697367,0.0027000000700354576,0.002701000077649951,0.0025210001040250063,1275.0,399.02127005760235,1.0,0.410752688172043
2021-12-29,0.0023990001063793898,0.002535999985411763,0.0025579999200999737,0.002397000091150403,1064.0,453.5336998542397,1.0,0.410752688172043
2021-12-30,0.0024220000486820936,0.002400999888777733,0.0024530000519007444,0.002380999969318509,801.0,484.52334070759616,1.0,0.410752688172043
2021-12-31,0.002377999946475029,0.002420000033453107,0.0024649999104440212,0.002355000004172325,382.0,530.4412539183893,1.0,0.410752688172043
2022-01-01,0.002423000056296587,0.002377999946475029,0.002429000101983547,0.0023719999007880688,474.0,555.8934198513958,1.0,0.410752688172043
2022-01-02,0.0023590000346302986,0.002423000056296587,0.002429000101983547,0.0023320000618696213,2117.0,604.737461025649,1.0,0.410752688172043
2022-01-03,0.0019209999591112137,0.0023590000346302986,0.002365000080317259,0.0019209999591112137,9308.0,784.829342678422,1.0,0.410752688172043
2022-01-04,0.0015069999499246478,0.001921999966725707,0.001927000004798174,0.0015069999499246478,16668.0,1056.0733246422424,1.0,0.410752688172043
2022-01-05,0.0014009999576956034,0.0015069999499246478,0.0015290000010281801,0.001357999979518354,9019.0,1193.46093245317,1.0,0.410752688172043
2022-01-06,0.0013200000394135714,0.0014009999576956034,0.0014029999729245901,0.0012890000361949205,2154.0,1324.3756360596074,1.0,0.410752688172043
2022-01-07,0.0012469999492168427,0.0013200000394135714,0.0013259999686852098,0.0012240000069141388,1708.0,1461.0381174606323,1.0,0.410752688172043
2022-01-08,0.0012440000427886844,0.0012469999492168427,0.0012829999905079603,0.0012440000427886844,0.0,1524.0954405692785,1.0,0.410752688172043
2022-01-09,0.0011980000417679548,0.0012440000427886844,0.0012440000427886844,0.0011940000113099813,0.0,1641.3935795827517,1.0,0.410752688172043
2022-01-10,0.0011739999754354358,0.0011980000417679548,0.0012400000123307109,0.0011360000353306532,331.0,1736.5018178882824,1.0,0.410752688172043
2022-01-11,0.0012750000460073352,0.0011739999754354358,0.0012910000514239073,0.0011630000080913305,381.0,1653.8309503001626,1.0,0.410752688172043
2022-01-12,0.0013370000524446368,0.0012750000460073352,0.0013439999893307686,0.0012600000482052565,0.0,1625.0088989586775,1.0,0.410752688172043
2022-01-13,0.0013299999991431832,0.0013370000524446368,0.0013439999893307686,0.0013099999632686377,0.0,1680.1627903361991,1.0,0.410752688172043
2022-01-14,0.0013229999458417296,0.0013299999991431832,0.001344999996945262,0.0012880000285804272,0.0,1734.641231372968,1.0,0.410752688172043
2022-01-15,0.0013229999458417296,0.0013229999458417296,0.0013229999458417296,0.0013229999458417296,0.0,1780.2707505786202,1.0,0.410752688172043
2022-01-16,0.0013229999458417296,0.0013229999458417296,0.0013229999458417296,0.0013229999458417296,0.0,1829.4117409984863,1.0,0.410752688172043
2022-01-17,0.0013000000035390258,0.0013229999458417296,0.0013729999773204327,0.0012880000285804272,0.0,1908.0763123147044,1.0,0.410752688172043
2022-01-18,0.0012929999502375722,0.0013000000035390258,0.0013129999861121178,0.001285000005736947,0.0,1970.4558515172414,1.0,0.410752688172043
2022-01-19,0.0012659999774768949,0.0012929999502375722,0.001294999965466559,0.0012420000275596976,86.0,2071.81435443212,1.0,0.410752688172043
2022-01-20,0.0012039999710395932,0.0012659999774768949,0.001307999948039651,0.0012039999710395932,93.0,2234.95865681587,1.0,0.410752688172043
2022-01-21,0.0010290000354871154,0.0012039999710395932,0.0012039999710395932,0.001019999966956675,373.0,2677.3973748884755,1.0,0.410752688172043
2022-01-22,0.0009640000062063336,0.0010290000354871154,0.0010479999473318458,0.0009159999899566174,340.0,2923.990514234898,1.0,0.410752688172043
2022-01-23,0.0009629999985918403,0.0009640000062063336,0.0009640000062063336,0.0009629999985918403,0.0,2998.0863460617093,1.0,0.410752688172043
2022-01-24,0.0009960000170394778,0.0009629999985918403,0.0010079999919980764,0.0009089999948628247,274.0,2968.4700462101887,1.0,0.410752688172043
2022-01-25,0.0004529999860096723,0.0009960000170394778,0.0010049999691545963,0.0004309999931138009,18499.0,6683.398751996248,1.0,0.410752688172043
2022-01-26,0.00044100001105107367,0.0004529999860096723,0.0004689999914262444,0.0004309999931138009,17802.0,7044.588161243601,1.0,0.410752688172043
2022-01-27,0.00044100001105107367,0.00044100001105107367,0.00044100001105107367,0.00044100001105107367,0.0,7213.407084725097,1.0,0.410752688172043
2022-01-28,0.00044100001105107367,0.00044100001105107367,0.00044100001105107367,0.00044100001105107367,0.0,7372.126336192327,1.0,0.410752688172043
2022-01-29,0.00045399999362416565,0.00044100001105107367,0.00045399999362416565,0.00044100001105107367,60.0,7310.311269061008,1.0,0.410752688172043
2022-01-30,0.00043899999582208693,0.00045399999362416565,0.0004569999873638153,0.00043700000969693065,0.0,7720.876290727254,1.0,0.410752688172043
2022-01-31,0.00043899999582208693,0.00043899999582208693,0.00043899999582208693,0.00043899999582208693,0.0,7866.028179096515,1.0,0.410752688172043
2022-02-01,0.0004490000137593597,0.00043899999582208693,0.00045200000749900937,0.00043899999582208693,133.0,7836.045211867236,1.0,0.410752688172043
2022-02-02,0.0004290000069886446,0.0004490000137593597,0.00044999999227002263,0.00042699999175965786,121.0,8356.589334457327,1.0,0.410752688172043
2022-02-03,0.0004290000069886446,0.0004290000069886446,0.0004290000069886446,0.0004290000069886446,0.0,8503.51608928681,1.0,0.410752688172043
2022-02-04,0.0004290000069886446,0.0004290000069886446,0.0004290000069886446,0.0004290000069886446,0.0,8647.989023858056,1.0,0.410752688172043
2022-02-05,0.0004949999856762588,0.0004290000069886446,0.0005019999807700515,0.0004290000069886446,0.0,7617.743817200511,1.0,0.410752688172043
2022-02-06,0.0004949999856762588,0.0004949999856762588,0.0004949999856762588,0.0004949999856762588,0.0,7745.036507961189,1.0,0.410752688172043
2022-02-07,0.0004900000058114529,0.0004949999856762588,0.0004970000009052455,0.00048099999548867345,0.0,7965.978096448627,1.0,0.410752688172043
2022-02-08,0.0004900000058114529,0.0004900000058114529,0.0004900000058114529,0.0004900000058114529,0.0,8120.759559721272,1.0,0.410752688172043
2022-02-09,0.0004900000058114529,0.0004900000058114529,0.0004900000058114529,0.0004900000058114529,0.0,8262.848554308735,1.0,0.410752688172043
2022-02-10,0.0004910000134259462,0.0004900000058114529,0.0005000000237487257,0.0004729999927803874,0.0,8383.35645986165,1.0,0.410752688172043
2022-02-11,0.0004670000053010881,0.0004910000134259462,0.0004910000134259462,0.00046499999007210135,0.0,8960.051927706732,1.0,0.410752688172043
2022-02-12,0.0004670000053010881,0.0004670000053010881,0.0004670000053010881,0.0004670000053010881,0.0,9097.681560542047,1.0,0.410752688172043
2022-02-13,0.00046099998871795833,0.0004670000053010881,0.00046800001291558146,0.0004600000102072954,0.0,9343.417765280554,1.0,0.410752688172043
2022-02-14,0.0004579999949783087,0.00046099998871795833,0.0004619999963324517,0.00044800000614486635,0.0,9546.129427911019,1.0,0.410752688172043
2022-02-15,0.0004579999949783087,0.0004579999949783087,0.0004579999949783087,0.0004579999949783087,0.0,9690.2427890459,1.0,0.410752688172043
2022-02-16,0.0004579999949783087,0.0004579999949783087,0.0004579999949783087,0.0004579999949783087,0.0,9826.925906694418,1.0,0.410752688172043
2022-02-17,0.0004579999949783087,0.0004579999949783087,0.0004579999949783087,0.0004579999949783087,0.0,9972.923373977597,1.0,0.410752688172043
2022-02-18,0.00046499999007210135,0.0004579999949783087,0.00046499999007210135,0.0004579999949783087,0.0,9967.889724269678,1.0,0.410752688172043
2022-02-19,0.00046499999007210135,0.00046499999007210135,0.00046499999007210135,0.00046499999007210135,0.0,10105.855925685315,1.0,0.410752688172043
2022-02-20,0.0004349999944679439,0.00046499999007210135,0.00046499999007210135,0.00043399998685345054,0.0,10956.023911143231,1.0,0.410752688172043
2022-02-21,0.0004349999944679439,0.0004349999944679439,0.0004349999944679439,0.0004349999944679439,0.0,11134.054639944276,1.0,0.410752688172043
2022-02-22,0.0004349999944679439,0.0004349999944679439,0.0004349999944679439,0.0004349999944679439,0.0,11297.520563468535,1.0,0.410752688172043
2022-02-23,0.0004349999944679439,0.0004349999944679439,0.0004349999944679439,0.0004349999944679439,0.0,11454.010340022396,1.0,0.410752688172043
2022-02-24,0.0004349999944679439,0.0004349999944679439,0.0004349999944679439,0.0004349999944679439,0.0,11611.7438927695,1.0,0.410752688172043
2022-02-25,0.0004349999944679439,0.0004349999944679439,0.0004349999944679439,0.0004349999944679439,0.0,11766.017391214265,1.0,0.410752688172043
2022-02-26,0.0004349999944679439,0.0004349999944679439,0.0004349999944679439,0.0004349999944679439,0.0,11915.600331797774,1.0,0.410752688172043
2023-11-23,3.4566149711608887,2.3446590900421143,4.370053768157959,2.1500799655914307,39214992.0,0.5049220859559101,1.0,0.410752688172043
2023-11-24,5.902253150939941,3.457062005996704,6.165596961975098,3.123806953430176,79555411.0,-0.1208193398588927,0.0,0.17849462365591395
2023-11-25,5.975337028503418,5.866304874420166,7.27434778213501,5.774639129638672,49098619.0,-0.13341182432944668,0.0,0.17849462365591395
2023-11-26,4.932967185974121,5.994729042053223,6.21589994430542,4.9293742179870605,20595207.0,0.05023346237995726,0.0,0.17849462365591395
2023-11-27,4.089147090911865,4.933777809143066,5.4052228927612305,4.035114765167236,22320660.0,0.2701150460435769,1.0,0.410752688172043
2023-11-28,4.810380935668945,4.122891902923584,5.585701942443848,4.094139099121094,17717133.0,0.0795525327272138,0.0,0.17849462365591395
2023-11-29,4.322224140167236,4.80713415145874,5.260818004608154,4.322224140167236,11389541.0,0.20341517223928463,1.0,0.410752688172043
2023-11-30,4.777825832366943,4.322385787963867,5.177577018737793,4.307025909423828,7552999.0,0.09067143115884677,0.0,0.17849462365591395
2023-12-01,5.346282958984375,4.777780055999756,5.412470817565918,4.763439178466797,11248773.0,-0.024826710510035693,0.0,0.17849462365591395
2023-12-02,6.248917102813721,5.346546173095703,6.516785144805908,5.115361213684082,16386129.0,-0.16561897167583775,0.0,0.17849462365591395
2023-12-03,6.7458720207214355,6.257317066192627,7.349037170410156,5.8693671226501465,22361462.0,-0.22983094697632472,0.0,0.17849462365591395
2023-12-04,6.464716911315918,6.736921787261963,7.476955890655518,6.125356197357178,101416157.0,-0.19778903351424204,0.0,0.17849462365591395
2023-12-05,6.27641487121582,6.465085983276367,6.63480281829834,5.542758941650391,19377908.0,-0.17505810568231536,0.0,0.17849462365591395
2023-12-06,5.784128189086914,6.279352188110352,6.303840160369873,5.481502056121826,19567603.0,-0.1052111896090839,0.0,0.17849462365591395
2023-12-07,5.505953788757324,5.787588119506836,6.085960865020752,5.433574199676514,11296376.0,-0.059449364485719955,0.0,0.17849462365591395
2023-12-08,6.33024787902832,5.505248069763184,6.349366188049316,5.457972049713135,11126813.0,-0.18350481595832505,0.0,0.17849462365591395
2023-12-09,6.501777172088623,6.3310160636901855,6.738697052001953,6.049951076507568,9256868.0,-0.20809464039710132,0.0,0.17849462365591395
2023-12-10,6.335751056671143,6.502467155456543,6.502467155456543,6.041901111602783,4074634.0,-0.1887334685120692,0.0,0.17849462365591395
2023-12-11,5.891419887542725,6.3293070793151855,6.3293070793151855,5.63642692565918,6821587.0,-0.1294283009702416,0.0,0.17849462365591395
2023-12-12,5.969535827636719,5.891242027282715,6.267402172088623,5.683642864227295,8825246.0,-0.14069316058936016,0.0,0.17849462365591395
2023-12-13,6.175424098968506,5.9679179191589355,6.24610710144043,5.55632209777832,8662431.0,-0.16776524997737227,0.0,0.17849462365591395
2023-12-14,5.953240871429443,6.174771785736084,6.589232921600342,5.932582855224609,9029113.0,-0.1352827280600067,0.0,0.17849462365591395
2023-12-15,5.629477024078369,5.955711841583252,5.96081018447876,5.544404029846191,7082312.0,-0.08367630196976263,0.0,0.17849462365591395
2023-12-16,5.452498912811279,5.629786014556885,5.730706214904785,5.267049789428711,5096265.0,-0.04991836467279808,0.0,0.17849462365591395
2023-12-17,5.481486797332764,5.452925205230713,5.6904988288879395,5.125184059143066,6002163.0,-0.048798058791959885,0.0,0.17849462365591395
2023-12-18,5.2084879875183105,5.481297969818115,5.515567779541016,5.020258903503418,7537661.0,0.009785025296024067,0.0,0.17849462365591395
2023-12-19,5.346898078918457,5.209514141082764,5.428871154785156,4.972124099731445,5357037.0,-0.008427992716903211,0.0,0.17849462365591395
2023-12-20,5.187376022338867,5.346305847167969,5.433210849761963,5.080174922943115,3770858.0,0.03028905125260063,0.0,0.17849462365591395
2023-12-21,4.742105960845947,5.188025951385498,5.192470073699951,4.4165358543396,8454870.0,0.13800497007395568,0.0,0.17849462365591395
2023-12-22,4.587296962738037,4.742187023162842,4.798902988433838,4.1732001304626465,7855783.0,0.187219172834373,1.0,0.410752688172043
2023-12-23,4.464022159576416,4.586935997009277,4.627147197723389,4.381843090057373,3637128.0,0.23395031436790373,1.0,0.410752688172043
2023-12-24,4.468544006347656,4.46383810043335,4.553019046783447,4.204521179199219,4414614.0,0.24756817737045703,1.0,0.410752688172043
2023-12-25,4.812324047088623,4.468752861022949,4.82081413269043,4.426225185394287,3233728.0,0.17022880116043876,0.0,0.17849462365591395
2023-12-26,4.453478813171387,4.807822227478027,4.807822227478027,4.295744895935059,4458948.0,0.27697710024227096,1.0,0.410752688172043
2023-12-27,4.980982780456543,4.4543609619140625,5.064083099365234,4.451320171356201,4604806.0,0.1522765157132225,0.0,0.17849462365591395
2023-12-28,5.557971000671387,4.980157852172852,5.591397762298584,4.979848861694336,7371809.0,0.038561731136184794,0.0,0.17849462365591395
2023-12-29,5.02663516998291,5.55875301361084,5.676140785217285,4.872447967529297,3222512.0,0.15605405704861974,0.0,0.17849462365591395
2023-12-30,4.735314846038818,5.027167797088623,5.028680801391602,4.62188720703125,2006461.0,0.2353460282326145,1.0,0.410752688172043
2023-12-31,4.708835124969482,4.734529972076416,5.14935302734375,4.708835124969482,1609328.0,0.25024571590808653,1.0,0.410752688172043
2024-01-01,5.0647292137146,4.708715915679932,5.065255165100098,4.606470108032227,1691220.0,0.16662024080519403,0.0,0.17849462365591395
2024-01-02,5.1419291496276855,5.065834045410156,5.345040798187256,4.906276226043701,2862500.0,0.15060137226498935,0.0,0.17849462365591395
2024-01-03,5.213037014007568,5.143204212188721,5.254971027374268,4.615501880645752,4137906.0,0.13695582082106666,0.0,0.17849462365591395
2024-01-04,5.851762771606445,5.212907791137695,6.558917045593262,5.183416843414307,7936420.0,0.0125873846717723,0.0,0.17849462365591395
2024-01-05,5.509677886962891,5.851906776428223,6.01976203918457,5.013306140899658,4698217.0,0.07642649987304495,0.0,0.17849462365591395
2024-01-06,5.180085182189941,5.509632110595703,5.513331890106201,4.996737003326416,2092488.0,0.1474100206832864,0.0,0.17849462365591395
2024-01-07,5.016653060913086,5.180388927459717,5.290922164916992,5.008938789367676,1476057.0,0.1881172711645806,1.0,0.410752688172043
2024-01-08,5.222499847412109,5.016695976257324,5.314111232757568,4.848466873168945,2788406.0,0.14272008809481776,0.0,0.17849462365591395
2024-01-09,4.715843200683594,5.222653865814209,5.223512172698975,4.672418117523193,2259769.0,0.266836350316164,1.0,0.410752688172043
2024-01-10,4.825846195220947,4.7112507820129395,4.883411884307861,4.628786087036133,4164612.0,0.2391000112399272,1.0,0.410752688172043
2024-01-11,4.926792144775391,4.823916912078857,5.095049858093262,4.810506820678711,2478780.0,0.2168282212871804,1.0,0.410752688172043
2024-01-12,4.66476583480835,4.926933765411377,4.982034206390381,4.595658779144287,1419717.0,0.28832856797780265,1.0,0.410752688172043
2024-01-13,4.586866855621338,4.66476583480835,4.695887088775635,4.514243125915527,1932820.0,0.3123080424246708,1.0,0.410752688172043
2024-01-14,4.504262924194336,4.58690881729126,4.664086818695068,4.502387046813965,1719655.0,0.3384761133601293,1.0,0.410752688172043
2024-01-15,4.663226127624512,4.504642963409424,4.7081217765808105,4.483438968658447,2526006.0,0.29380164995990316,1.0,0.410752688172043
2024-01-16,5.145810127258301,4.663140773773193,5.1960129737854,4.6449971199035645,3434986.0,0.17174476957065105,0.0,0.17849462365591395
2024-01-17,5.612865924835205,5.1477789878845215,5.640696048736572,4.941026210784912,4901200.0,0.07372721089410185,0.0,0.17849462365591395
2024-01-18,5.152637004852295,5.613603115081787,5.679512023925781,4.817612171173096,5067861.0,0.1690893587995652,0.0,0.17849462365591395
2024-01-19,4.9905548095703125,5.152667999267578,5.242115020751953,4.925844192504883,3140058.0,0.2065494996201634,1.0,0.410752688172043
2024-01-20,5.039287090301514,4.9905548095703125,5.137213230133057,4.905545234680176,1449673.0,0.19523175072173188,1.0,0.410752688172043
2024-01-21,4.756671905517578,5.039287090301514,5.043656826019287,4.756671905517578,1425499.0,0.2682409776844682,1.0,0.410752688172043
2024-01-22,4.343679904937744,4.756735801696777,4.8219170570373535,4.343679904937744,2294387.0,0.3922149603528103,1.0,0.410752688172043
2024-01-23,4.796305179595947,4.343679904937744,4.80682897567749,4.327213764190674,3528060.0,0.26261773203692745,1.0,0.410752688172043
2024-01-24,4.8847479820251465,4.796361923217773,4.8847479820251465,4.623961925506592,2306736.0,0.24136973413539467,1.0,0.410752688172043
2024-01-25,4.632922172546387,4.884749889373779,4.911487102508545,4.610795974731445,1625877.0,0.3129374925279532,1.0,0.410752688172043
2024-01-26,4.948604106903076,4.632397174835205,5.052914142608643,4.592497825622559,3222285.0,0.2305528190125619,1.0,0.410752688172043
2024-01-27,4.993745803833008,4.94860315322876,5.042232990264893,4.902681827545166,1099984.0,0.22014926621127306,1.0,0.410752688172043
2024-01-28,4.747881889343262,4.99376916885376,5.056183815002441,4.661005973815918,2346016.0,0.28344134747007893,1.0,0.410752688172043
2024-01-29,4.9301252365112305,4.749329090118408,5.087035179138184,4.744576930999756,2650582.0,0.23389275664408166,1.0,0.410752688172043
2024-01-30,5.731244087219238,4.9301252365112305,5.778316974639893,4.924163818359375,5291013.0,0.057091790824627786,0.0,0.17849462365591395
2024-01-31,5.2624030113220215,5.731133937835693,5.973930835723877,5.249256134033203,4561798.0,0.14864196111154376,0.0,0.17849462365591395
2024-02-01,5.037840843200684,5.262612819671631,5.2713799476623535,4.860527992248535,2854189.0,0.1968922682451154,1.0,0.410752688172043
2024-02-02,5.077877998352051,5.037886142730713,5.291560173034668,5.030301094055176,1770909.0,0.1844020756272066,0.0,0.17849462365591395
2024-02-03,4.966498851776123,5.078106880187988,5.0794548988342285,4.902276992797852,1084125.0,0.20684027973051847,1.0,0.410752688172043
2024-02-04,4.815509796142578,4.966494083404541,5.000462055206299,4.81120491027832,1513164.0,0.2403734507022246,1.0,0.410752688172043
2024-02-05,4.804534912109375,4.815558910369873,4.892983913421631,4.792508125305176,1263579.0,0.2384132663555272,1.0,0.410752688172043
2024-02-06,4.955838203430176,4.804534912109375,4.981113910675049,4.776004791259766,1726997.0,0.1961686128323208,1.0,0.410752688172043
2024-02-07,5.162046909332275,4.955987930297852,5.169608116149902,4.840798854827881,3228631.0,0.14313076058830126,0.0,0.17849462365591395
2024-02-08,5.126165866851807,5.162002086639404,5.290363788604736,5.119826793670654,1438117.0,0.14594533352082525,0.0,0.17849462365591395
2024-02-09,5.045229911804199,5.126359939575195,5.2568511962890625,5.01223611831665,3800118.0,0.15885154475707916,0.0,0.17849462365591395
2024-02-10,4.763885021209717,5.0452561378479,5.1347150802612305,4.732787132263184,2511337.0,0.2223097705874701,1.0,0.410752688172043
2024-02-11,4.941691875457764,4.763868808746338,4.955748081207275,4.750342845916748,1856752.0,0.17373147699855554,0.0,0.17849462365591395
2024-02-12,5.4888200759887695,4.941518783569336,5.523677825927734,4.940280914306641,2805513.0,0.049921054781191576,0.0,0.17849462365591395
2024-02-13,5.532333850860596,5.491093158721924,5.834558010101318,5.40325403213501,3381848.0,0.0356277712067525,0.0,0.17849462365591395
2024-02-14,6.280406951904297,5.532333850860596,6.32246208190918,5.419112205505371,5866610.0,-0.09507075806137881,0.0,0.17849462365591395
2024-02-15,5.375687122344971,6.288943767547607,6.325623035430908,5.294322967529297,4830746.0,0.0504901677765829,0.0,0.17849462365591395
2024-02-16,5.769482135772705,5.3777971267700195,6.122629165649414,5.3777971267700195,2909420.0,-0.028575447809524878,0.0,0.17849462365591395
2024-02-17,5.655611991882324,5.769394874572754,5.808621883392334,5.520956039428711,2066799.0,-0.015424442396513466,0.0,0.17849462365591395
2024-02-18,5.628403186798096,5.654507160186768,5.703815937042236,5.2393951416015625,3414768.0,-0.01581129521340561,0.0,0.17849462365591395
2024-02-19,5.732035160064697,5.628224849700928,5.816939830780029,5.353180885314941,4325389.0,-0.03921053863011441,0.0,0.17849462365591395
2024-02-20,5.589402198791504,5.732344150543213,5.756330966949463,5.238046169281006,2880162.0,-0.01994656309451205,0.0,0.17849462365591395
2024-02-21,5.034748077392578,5.5894060134887695,5.5894060134887695,5.020410060882568,5593536.0,0.08360358422660527,0.0,0.17849462365591395
2024-02-22,5.683855056762695,5.036111831665039,5.842688083648682,4.967912197113037,5795086.0,-0.04620394415070263,0.0,0.17849462365591395
2024-02-23,5.071547031402588,5.68573522567749,5.694766044616699,5.071547031402588,4641546.0,0.0634581065840618,0.0,0.17849462365591395
2024-02-24,6.025742053985596,5.071547031402588,6.2034101486206055,5.04207181930542,5557628.0,-0.11175319715685678,0.0,0.17849462365591395
2024-02-25,6.896152019500732,6.025742053985596,6.937516212463379,5.904760837554932,11845896.0,-0.23113036128470968,0.0,0.17849462365591395
2024-02-26,6.579848766326904,6.89767599105835,7.614255905151367,6.500054836273193,12788658.0,-0.20158737785107791,0.0,0.17849462365591395
2024-02-27,6.410398960113525,6.566152095794678,7.315101146697998,6.399834156036377,9794447.0,-0.1878688846050444,0.0,0.17849462365591395
2024-02-28,7.072793960571289,6.419281005859375,7.090664863586426,6.2934250831604,6003370.0,-0.271458106796545,-1.0,0.410752688172043
2024-02-29,7.973939895629883,7.072634220123291,8.038186073303223,6.807340145111084,10737898.0,-0.3625554992966713,-1.0,0.410752688172043
2024-03-01,8.5719575881958,7.974239826202393,8.814340591430664,7.9552130699157715,15231202.0,-0.4162889429475929,-1.0,0.410752688172043
2024-03-02,8.483113288879395,8.574020385742188,8.588147163391113,7.911738872528076,5407578.0,-0.41927281315107984,-1.0,0.410752688172043
2024-03-03,8.344383239746094,8.48351001739502,8.87346363067627,8.33694839477539,6436350.0,-0.41865096439842825,-1.0,0.410752688172043
2024-03-04,8.5933198928833,8.344361305236816,8.802427291870117,8.004871368408203,8078010.0,-0.44457822323154317,-1.0,0.410752688172043
2024-03-05,8.25671672821045,8.592665672302246,8.606470108032227,7.974400043487549,6346498.0,-0.43090778505287924,-1.0,0.410752688172043
2024-03-06,9.070865631103516,8.257536888122559,9.089831352233887,7.959054946899414,7411579.0,-0.49153121361833463,-1.0,0.410752688172043
2024-03-07,9.384493827819824,9.070865631103516,9.478360176086426,8.839362144470215,6189518.0,-0.5182463907895435,-1.0,0.410752688172043
2024-03-08,9.008634567260742,9.384268760681152,9.40831470489502,8.990801811218262,5590010.0,-0.5076503650362102,-1.0,0.410752688172043
2024-03-09,8.55827808380127,9.008634567260742,9.020362854003906,8.43226432800293,5860752.0,-0.491287184710397,-1.0,0.410752688172043
2024-03-10,8.86443042755127,8.558309555053711,9.05886459350586,8.34945011138916,4999420.0,-0.5185593601203977,-1.0,0.410752688172043
2024-03-11,7.9871320724487305,8.863015174865723,9.110857963562012,7.942438125610352,8964832.0,-0.4751639509556714,-1.0,0.410752688172043
2024-03-12,7.895318984985352,7.987130165100098,8.362717628479004,7.360671043395996,8589842.0,-0.47860692409998035,-1.0,0.410752688172043
2024-03-13,7.598404884338379,7.895318984985352,7.970462799072266,7.344225883483887,5485646.0,-0.46742701566669353,-1.0,0.410752688172043
2024-03-14,7.48002815246582,7.598365783691406,7.997803211212158,7.105298042297363,5817700.0,-0.4676808714444347,-1.0,0.410752688172043
2024-03-15,6.649415016174316,7.480030059814453,7.48749303817749,6.018815040588379,8209737.0,-0.4093401464579566,-1.0,0.410752688172043
2024-03-16,5.711368083953857,6.648563861846924,6.735077857971191,5.627892971038818,5014905.0,-0.31959839724245426,-1.0,0.410752688172043
2024-03-17,6.0035080909729,5.7113871574401855,6.627476215362549,5.697326183319092,5753525.0,-0.36032339523269696,-1.0,0.410752688172043
2024-03-18,5.7354631423950195,5.993875026702881,6.25734806060791,5.351150989532471,5213418.0,-0.3377263279136287,-1.0,0.410752688172043
2024-03-19,5.904994964599609,5.746851921081543,6.114777088165283,5.328573226928711,4994726.0,-0.3643346101875769,-1.0,0.410752688172043
2024-03-20,6.136044025421143,5.904994964599609,6.197837829589844,5.576128959655762,3461605.0,-0.39609195611507353,-1.0,0.410752688172043
2024-03-21,6.2517499923706055,6.136044025421143,6.25770378112793,5.831851005554199,2209069.0,-0.4150736435553919,-1.0,0.410752688172043
2024-03-22,5.776267051696777,6.251984119415283,6.322646141052246,5.726982116699219,2727673.0,-0.3741865588213239,-1.0,0.410752688172043
2024-03-23,5.185454845428467,5.7855939865112305,5.793615818023682,5.1705241203308105,3153243.0,-0.309213326497755,-1.0,0.410752688172043
2024-03-24,5.23317813873291,5.181480884552002,5.526127815246582,5.052677154541016,3589075.0,-0.321933514508917,-1.0,0.410752688172043
2024-03-25,6.062962055206299,5.234695911407471,6.311245918273926,5.177986145019531,6503834.0,-0.4221467098088624,-1.0,0.410752688172043
2024-03-26,5.751926898956299,6.062962055206299,6.238285064697266,5.4885101318359375,3948375.0,-0.39798196850879647,-1.0,0.410752688172043
2024-03-27,5.29957389831543,5.751926898956299,5.823063850402832,5.18434476852417,4216110.0,-0.3531251135953426,-1.0,0.410752688172043
2024-03-28,5.204751968383789,5.2995710372924805,5.584715843200684,4.925939083099365,5148050.0,-0.3478256462105708,-1.0,0.410752688172043
2024-03-29,4.991884231567383,5.205083847045898,5.235674858093262,4.89523983001709,2983146.0,-0.32692688977929607,-1.0,0.410752688172043
2024-03-30,4.871006965637207,4.991882801055908,4.9937591552734375,4.780801773071289,3032879.0,-0.31689184109339696,-1.0,0.410752688172043
2024-03-31,5.3990631103515625,4.870974063873291,5.4969611167907715,4.780949115753174,3472075.0,-0.3910860380882079,-1.0,0.410752688172043
2024-04-01,4.945897102355957,5.399319171905518,5.614309787750244,4.923234939575195,3738516.0,-0.34213867527690556,-1.0,0.410752688172043
2024-04-02,4.8024702072143555,4.946221828460693,4.983920097351074,4.59411096572876,6617982.0,-0.3291418042550693,-1.0,0.410752688172043
2024-04-03,5.169861793518066,4.8024702072143555,5.181093215942383,4.802091121673584,3176381.0,-0.3842942574782387,-1.0,0.410752688172043
2024-04-04,5.458953857421875,5.1698479652404785,5.45912504196167,5.146451950073242,3053231.0,-0.4254398808795784,-1.0,0.410752688172043
2024-04-05,5.433693885803223,5.458955764770508,5.514138221740723,5.339745998382568,3912312.0,-0.43232310435048366,-1.0,0.410752688172043
2024-04-06,5.430027961730957,5.433693885803223,5.482044219970703,5.37194299697876,2039650.0,-0.44134665914218285,-1.0,0.410752688172043
2024-04-07,5.467744827270508,5.430027961730957,5.5537261962890625,5.422080039978027,2600972.0,-0.45426599110546284,-1.0,0.410752688172043
2024-04-08,6.035881996154785,5.467747211456299,6.1187920570373535,5.436263084411621,5496681.0,-0.5153222514090546,-1.0,0.410752688172043
2024-04-09,5.450436115264893,6.035882949829102,6.035882949829102,5.436938762664795,3159785.0,-0.47278106935393,-1.0,0.410752688172043
2024-04-10,5.259890079498291,5.450436115264893,5.477203845977783,5.250196933746338,2773947.0,-0.46345976352974266,-1.0,0.410752688172043
2024-04-11,4.785818099975586,5.259891986846924,5.263299942016602,4.5895891189575195,4742896.0,-0.41988219313984804,-1.0,0.410752688172043
2024-04-12,4.161849021911621,4.785689830780029,4.860057830810547,4.106216907501221,2908021.0,-0.3418061166770211,-1.0,0.410752688172043
2024-04-13,3.896433115005493,4.1629958152771,4.182390213012695,3.779850959777832,3203030.0,-0.3061490936120781,-1.0,0.410752688172043
2024-04-14,4.238675117492676,3.896533966064453,4.238968849182129,3.768336057662964,2457437.0,-0.3716234105479175,-1.0,0.410752688172043
2024-04-15,3.9378929138183594,4.244970798492432,4.41146993637085,3.9162979125976562,2193867.0,-0.3326941582079709,-1.0,0.410752688172043
2024-04-16,3.9306180477142334,3.9378929138183594,4.050632953643799,3.8362491130828857,2864535.0,-0.3405516547453471,-1.0,0.410752688172043
2024-04-17,3.451098918914795,3.9328370094299316,3.9352729320526123,3.451098918914795,2022232.0,-0.2572738440994329,-1.0,0.410752688172043
2024-04-18,3.2807230949401855,3.451098918914795,3.570683002471924,3.2784969806671143,1985356.0,-0.22644670414672635,0.0,0.17849462365591395
2024-04-19,3.1002609729766846,3.2807259559631348,3.284691095352173,2.8795909881591797,2957792.0,-0.1891662846418885,0.0,0.17849462365591395
2024-04-20,3.329195022583008,3.1002728939056396,3.3436570167541504,2.997498035430908,1439471.0,-0.25219227851022497,-1.0,0.410752688172043
2024-04-21,3.1549079418182373,3.3295950889587402,3.3692378997802734,3.152087926864624,1546763.0,-0.21846670583311856,0.0,0.17849462365591395
2024-04-22,3.158597946166992,3.154844045639038,3.2691650390625,3.039086103439331,1536334.0,-0.22739140917169195,0.0,0.17849462365591395
2024-04-23,3.0003600120544434,3.158597946166992,3.1968109607696533,2.8053390979766846,1883543.0,-0.19407169123943957,0.0,0.17849462365591395
2024-04-24,3.0079190731048584,2.9730169773101807,3.132533073425293,2.3870880603790283,8073176.0,-0.2035123635268038,0.0,0.17849462365591395
2024-04-25,3.2601230144500732,3.007967948913574,3.4910950660705566,2.995147943496704,3630367.0,-0.2730614956251417,-1.0,0.410752688172043
2024-04-26,2.721846103668213,3.2601230144500732,3.274635076522827,2.676547050476074,3664405.0,-0.13618362161570308,0.0,0.17849462365591395
2024-04-27,3.0615339279174805,2.7218449115753174,3.1163599491119385,2.5971291065216064,3596551.0,-0.23961220191530533,-1.0,0.410752688172043
2024-04-28,2.8679211139678955,3.0615320205688477,3.1285109519958496,2.843635082244873,1757187.0,-0.19525922724502348,0.0,0.17849462365591395
2024-04-29,2.695596933364868,2.867928981781006,2.904416084289551,2.641998052597046,1179204.0,-0.15021034372862088,0.0,0.17849462365591395
2024-04-30,2.625231981277466,2.6956191062927246,2.9405341148376465,2.537781000137329,2715482.0,-0.13342915395549754,0.0,0.17849462365591395
2024-05-01,2.9739060401916504,2.6252338886260986,2.9815330505371094,2.495414972305298,2457796.0,-0.24182879319426773,-1.0,0.410752688172043
2024-05-02,3.4848830699920654,2.973906993865967,3.5912890434265137,2.9738900661468506,4598812.0,-0.36036617348553956,-1.0,0.410752688172043
2024-05-03,3.3542768955230713,3.459496021270752,3.496596097946167,3.305919885635376,2028851.0,-0.3419094079616821,-1.0,0.410752688172043
2024-05-04,3.4163079261779785,3.354275941848755,3.4530138969421387,3.3034110069274902,1278518.0,-0.36057266760016854,-1.0,0.410752688172043
2024-05-05,3.388856887817383,3.4163129329681396,3.455678939819336,3.2925360202789307,927294.0,-0.3621965909751749,-1.0,0.410752688172043
2024-05-06,3.135848045349121,3.388861894607544,3.394929885864258,3.0248610973358154,2129864.0,-0.3169682691807807,-1.0,0.410752688172043
2024-05-07,3.009852886199951,3.135852098464966,3.1420230865478516,3.009852886199951,927915.0,-0.29405264655138746,-1.0,0.410752688172043
2024-05-08,2.9893970489501953,3.009850025177002,3.0686581134796143,2.9892170429229736,1024191.0,-0.2948333290869323,-1.0,0.410752688172043
2024-05-09,3.188441038131714,2.989398956298828,3.1942501068115234,2.9829471111297607,955998.0,-0.3450831081387763,-1.0,0.410752688172043
2024-05-10,2.968086004257202,3.188378095626831,3.200958013534546,2.9545300006866455,1200929.0,-0.30241064808056045,-1.0,0.410752688172043
2024-05-11,2.9065101146698,2.9680769443511963,2.981847047805786,2.879560947418213,1112358.0,-0.2938228037464862,-1.0,0.410752688172043
2024-05-12,3.1317200660705566,2.9065070152282715,3.2420589923858643,2.886975049972534,2159174.0,-0.3515953981306884,-1.0,0.410752688172043
2024-05-13,2.8026299476623535,3.1370389461517334,3.138279914855957,2.8022780418395996,1660990.0,-0.28161074377321527,-1.0,0.410752688172043
2024-05-14,2.6965270042419434,2.8026299476623535,2.810879945755005,2.6744749546051025,1307671.0,-0.2592868794532819,-1.0,0.410752688172043
2024-05-15,2.7723920345306396,2.6965301036834717,2.7833030223846436,2.5994811058044434,1671622.0,-0.2857574717788697,-1.0,0.410752688172043
2024-05-16,2.766606092453003,2.772490978240967,2.845853090286255,2.7085390090942383,1468328.0,-0.290523151945825,-1.0,0.410752688172043
2024-05-17,2.8152410984039307,2.766606092453003,2.878237009048462,2.7494170665740967,1715068.0,-0.30939200528866473,-1.0,0.410752688172043
2024-05-18,2.7745161056518555,2.8152410984039307,2.855894088745117,2.77093505859375,799835.0,-0.30587680589996447,-1.0,0.410752688172043
2024-05-19,2.6638588905334473,2.7745189666748047,2.8257980346679688,2.61849308013916,1209240.0,-0.28366114838685763,-1.0,0.410752688172043
2024-05-20,2.632862091064453,2.6638588905334473,2.777466058731079,2.5901029109954834,1413834.0,-0.2821434361173612,-1.0,0.410752688172043
2024-05-21,2.673063039779663,2.633009910583496,2.8292040824890137,2.6136128902435303,1777249.0,-0.30037361114135436,-1.0,0.410752688172043
2024-05-22,2.5130550861358643,2.673063039779663,2.6935958862304688,2.49080491065979,1693382.0,-0.2645188128740667,-1.0,0.410752688172043
2024-05-23,2.4997880458831787,2.5130538940429688,2.620605945587158,2.456191062927246,1167686.0,-0.2692086718039684,-1.0,0.410752688172043
2024-05-24,2.380728006362915,2.499788999557495,2.5359129905700684,2.309861898422241,1639749.0,-0.24148956001158753,-1.0,0.410752688172043
2024-05-25,2.317924976348877,2.3807408809661865,2.403963088989258,2.262063980102539,1194035.0,-0.22976774780701656,0.0,0.17849462365591395
2024-05-26,2.428802967071533,2.3181169033050537,2.460891008377075,2.2775049209594727,919337.0,-0.2721965260826274,-1.0,0.410752688172043
2024-05-27,2.674238920211792,2.428807020187378,2.707580089569092,2.428173065185547,2053036.0,-0.34682322048574626,-1.0,0.410752688172043
2024-05-28,2.637166976928711,2.6742379665374756,2.678709030151367,2.585753917694092,1705618.0,-0.34534415362792875,-1.0,0.410752688172043
2024-05-29,2.6389989852905273,2.637166976928711,2.649358034133911,2.621098041534424,1178904.0,-0.35404120525989147,-1.0,0.410752688172043
2024-05-30,2.620203971862793,2.64432692527771,2.6496589183807373,2.6197969913482666,848571.0,-0.3572883602722732,-1.0,0.410752688172043
2024-05-31,2.6380128860473633,2.626322031021118,2.646256923675537,2.6159470081329346,1292998.0,-0.36902836813536477,-1.0,0.410752688172043
2024-06-01,2.586441993713379,2.6379220485687256,2.640465021133423,2.5812621116638184,908147.0,-0.36388146161962376,-1.0,0.410752688172043
2024-06-02,2.584444999694824,2.5864429473876953,2.6128480434417725,2.5777950286865234,715932.0,-0.3708876759945363,-1.0,0.410752688172043
2024-06-03,2.6410679817199707,2.5843420028686523,2.641305923461914,2.5837481021881104,760897.0,-0.39197253788862574,-1.0,0.410752688172043
2024-06-04,2.672131061553955,2.6410679817199707,2.6754510402679443,2.637026071548462,1327281.0,-0.4065903133553987,-1.0,0.410752688172043
2024-06-05,2.7565929889678955,2.672131061553955,2.7602150440216064,2.672131061553955,1272808.0,-0.4321385366096402,-1.0,0.410752688172043
2024-06-06,2.746748924255371,2.7557449340820312,2.7699220180511475,2.734067916870117,1499778.0,-0.4376862358682691,-1.0,0.410752688172043
2024-06-07,2.737391948699951,2.7405550479888916,2.7556300163269043,2.729227066040039,1567635.0,-0.44335424105033416,-1.0,0.410752688172043
2024-06-08,2.737251043319702,2.737339973449707,2.759474992752075,2.7336599826812744,1378491.0,-0.4511442962178112,-1.0,0.410752688172043
2024-06-09,2.738992929458618,2.7372570037841797,2.765768051147461,2.7360949516296387,1506591.0,-0.45928730761703274,-1.0,0.410752688172043
2024-06-10,2.7068440914154053,2.7389960289001465,2.740596055984497,2.7014529705047607,1071327.0,-0.46028900793763994,-1.0,0.410752688172043
2024-06-11,2.4386839866638184,2.706855058670044,2.707552909851074,2.4345688819885254,1417801.0,-0.40761423777072964,-1.0,0.410752688172043
2024-06-12,2.467602014541626,2.438694953918457,2.491485118865967,2.41451096534729,1054519.0,-0.4213232166021539,-1.0,0.410752688172043
2024-06-13,2.449445962905884,2.4676389694213867,2.471971035003662,2.4088010787963867,761755.0,-0.42348457699911174,-1.0,0.410752688172043
2024-06-14,2.4409608840942383,2.4494481086730957,2.4570019245147705,2.413861036300659,973565.0,-0.42790862234042887,-1.0,0.410752688172043
2024-06-15,2.4390640258789062,2.4409689903259277,2.453866958618164,2.430811882019043,669416.0,-0.43402519121807825,-1.0,0.410752688172043
2024-06-16,2.308806896209717,2.439079999923706,2.4467599391937256,2.301234006881714,1218194.0,-0.408728301258799,-1.0,0.410752688172043
2024-06-17,2.0093390941619873,2.3088040351867676,2.320406913757324,2.0092520713806152,1447041.0,-0.32664224288927546,-1.0,0.410752688172043
2024-06-18,1.592005968093872,2.0095698833465576,2.0275940895080566,1.5397289991378784,2794664.0,-0.15451650580036705,0.0,0.17849462365591395
2024-06-19,1.6501660346984863,1.5920579433441162,1.7647700309753418,1.5874780416488647,1222781.0,-0.1896677751149521,0.0,0.17849462365591395
2024-06-20,1.7996419668197632,1.6501660346984863,1.8063499927520752,1.6397160291671753,994367.0,-0.26270720657732516,-1.0,0.410752688172043
2024-06-21,1.7086130380630493,1.7996389865875244,1.802888035774231,1.70238196849823,1478418.0,-0.2290420081870129,0.0,0.17849462365591395
2024-06-22,1.610975980758667,1.7084310054779053,1.7084310054779053,1.606376051902771,525244.0,-0.1873910009318131,0.0,0.17849462365591395
2024-06-23,1.4540380239486694,1.610977053642273,1.6196060180664062,1.4535959959030151,707452.0,-0.10381946176700448,0.0,0.17849462365591395
2024-06-24,1.3962949514389038,1.4540719985961914,1.4818209409713745,1.324666976928711,1030211.0,-0.07031315215944463,0.0,0.17849462365591395
2024-06-25,1.421278953552246,1.396285057067871,1.4383100271224976,1.3610570430755615,991936.0,-0.09071614075622444,0.0,0.17849462365591395
2024-06-26,1.2501989603042603,1.4214370250701904,1.4232759475708008,1.226554036140442,1333946.0,0.03132821260629324,0.0,0.17849462365591395
2024-06-27,1.2742769718170166,1.2501879930496216,1.2773669958114624,1.206347942352295,942063.0,0.008358424049748462,0.0,0.17849462365591395
2024-06-28,1.2957030534744263,1.2742749452590942,1.303807020187378,1.2678929567337036,507013.0,-0.012211850920967418,0.0,0.17849462365591395
2024-06-29,1.285904049873352,1.2957079410552979,1.308608055114746,1.282912015914917,507480.0,-0.008752952283048152,0.0,0.17849462365591395
2024-06-30,1.3185570240020752,1.2859050035476685,1.3210179805755615,1.2769620418548584,594781.0,-0.037670222914577375,0.0,0.17849462365591395
2024-07-01,1.4005850553512573,1.3185410499572754,1.428076982498169,1.3185410499572754,749818.0,-0.09881873594307607,0.0,0.17849462365591395
2024-07-02,1.3229260444641113,1.400581955909729,1.434417963027954,1.3138500452041626,855511.0,-0.05018783301425674,0.0,0.17849462365591395
2024-07-03,1.5385149717330933,1.3229459524154663,1.5567840337753296,1.2638390064239502,1588789.0,-0.18887972593629165,0.0,0.17849462365591395
2024-07-04,1.3839290142059326,1.5384379625320435,1.5392190217971802,1.3825269937515259,1123648.0,-0.10322875883238243,0.0,0.17849462365591395
2024-07-05,1.2859770059585571,1.3836150169372559,1.383870005607605,1.2480440139770508,816172.0,-0.03884954199070732,0.0,0.17849462365591395
2024-07-06,1.351282000541687,1.2860549688339233,1.3512870073318481,1.2706689834594727,678968.0,-0.0896595643094105,0.0,0.17849462365591395
2024-07-07,1.3573700189590454,1.3512760400772095,1.4178379774093628,1.3430240154266357,1010774.0,-0.09771555006733766,0.0,0.17849462365591395
2024-07-08,1.346379041671753,1.357442021369934,1.3595949411392212,1.3071390390396118,768653.0,-0.09451206213586366,0.0,0.17849462365591395
2024-07-09,1.3355519771575928,1.3463369607925415,1.3594850301742554,1.3310329914093018,579183.0,-0.08791955092659019,0.0,0.17849462365591395
2024-07-10,1.3430910110473633,1.3355460166931152,1.3603830337524414,1.3351069688796997,611462.0,-0.09453149946531574,0.0,0.17849462365591395
2024-07-11,1.386441946029663,1.3430969715118408,1.5109889507293701,1.3416659832000732,1336555.0,-0.1250925005499257,0.0,0.17849462365591395
2024-07-12,1.4196399450302124,1.3864580392837524,1.4308370351791382,1.3624980449676514,976404.0,-0.1487508516042996,0.0,0.17849462365591395
2024-07-13,1.460405945777893,1.419664978981018,1.4619489908218384,1.4035990238189697,514488.0,-0.17501622197691172,0.0,0.17849462365591395
2024-07-14,1.4776580333709717,1.46042799949646,1.4884979724884033,1.4583139419555664,523870.0,-0.1867799358641394,0.0,0.17849462365591395
2024-07-15,1.584501028060913,1.4776630401611328,1.5847690105438232,1.469635009765625,609122.0,-0.24485082297880653,-1.0,0.410752688172043
2024-07-16,1.7535810470581055,1.5845040082931519,1.7798969745635986,1.5838420391082764,1146806.0,-0.32085606609928463,-1.0,0.410752688172043
2024-07-17,1.718940019607544,1.753587007522583,1.8317769765853882,1.718940019607544,904878.0,-0.30998513776426745,-1.0,0.410752688172043
2024-07-18,1.6826989650726318,1.718991994857788,1.7765920162200928,1.6722359657287598,751035.0,-0.29851722643351664,-1.0,0.410752688172043
2024-07-19,1.6898319721221924,1.6826449632644653,1.720123052597046,1.615949034690857,805502.0,-0.3058692398098802,-1.0,0.410752688172043
2024-07-20,1.7454860210418701,1.6898150444030762,1.749479055404663,1.6459009647369385,899298.0,-0.3333178238898507,-1.0,0.410752688172043
2024-07-21,1.7480829954147339,1.7454869747161865,1.7537399530410767,1.710116982460022,648210.0,-0.3394990384521298,-1.0,0.410752688172043
2024-07-22,1.7188550233840942,1.7480829954147339,1.789870023727417,1.7188550233840942,743844.0,-0.333390834740791,-1.0,0.410752688172043
2024-07-23,1.6613420248031616,1.7188550233840942,1.7631169557571411,1.659101963043213,748820.0,-0.31420718873906933,-1.0,0.410752688172043
2024-07-24,1.5749520063400269,1.6613290309906006,1.6618629693984985,1.5748369693756104,583146.0,-0.2797802768270321,-1.0,0.410752688172043
2024-07-25,1.5118999481201172,1.5749579668045044,1.5751930475234985,1.5062479972839355,866147.0,-0.2535578130818188,-1.0,0.410752688172043
2024-07-26,1.5266879796981812,1.5118999481201172,1.5581170320510864,1.5115699768066406,543404.0,-0.2656104923116157,-1.0,0.410752688172043
2024-07-27,1.5105799436569214,1.5266879796981812,1.5280920267105103,1.4998019933700562,621030.0,-0.26268843195907154,-1.0,0.410752688172043
2024-07-28,1.5001369714736938,1.5105799436569214,1.510707974433899,1.4962379932403564,517605.0,-0.26294440287641685,-1.0,0.410752688172043
2024-07-29,1.4851239919662476,1.5001369714736938,1.5628199577331543,1.481369972229004,931246.0,-0.2602794453542155,-1.0,0.410752688172043
2024-07-30,1.4377340078353882,1.4851239919662476,1.485321044921875,1.4303940534591675,556109.0,-0.23951702899835778,-1.0,0.410752688172043
2024-07-31,1.41498601436615,1.4377340078353882,1.4472399950027466,1.4059200286865234,891045.0,-0.23154011731890248,0.0,0.17849462365591395
2024-08-01,1.359212040901184,1.41498601436615,1.4208910465240479,1.357998013496399,906994.0,-0.20358965800259474,0.0,0.17849462365591395
2024-08-02,1.2854490280151367,1.359212040901184,1.36552894115448,1.2798680067062378,998819.0,-0.1597284640387254,0.0,0.17849462365591395
2024-08-03,1.202543020248413,1.2854499816894531,1.2882250547409058,1.2025070190429688,843577.0,-0.1029293801970464,0.0,0.17849462365591395
2024-08-04,0.8968430161476135,1.202543020248413,1.2038860321044922,0.8541690111160278,1932595.0,0.20573508923463255,1.0,0.410752688172043
2024-08-05,0.9101709723472595,0.8968430161476135,1.0485899448394775,0.7008129954338074,2425366.0,0.19141540360016818,1.0,0.410752688172043
2024-08-06,0.8255159854888916,0.9101399779319763,0.9255579710006714,0.8212440013885498,1101385.0,0.3195731025244825,1.0,0.410752688172043
2024-08-07,0.8034060001373291,0.8255159854888916,0.8344939947128296,0.8011630177497864,661110.0,0.3674614787572981,1.0,0.410752688172043
2024-08-08,1.1227519512176514,0.8034060001373291,1.1432470083236694,0.8025580048561096,1897521.0,-0.01750095677471944,0.0,0.17849462365591395
2024-08-09,1.1246440410614014,1.1227519512176514,1.1849579811096191,1.090433955192566,1107671.0,-0.016381205963722674,0.0,0.17849462365591395
2024-08-10,1.1339319944381714,1.1246470212936401,1.1346160173416138,1.1194119453430176,680092.0,-0.022437715512417866,0.0,0.17849462365591395
2024-08-11,1.029338002204895,1.1339319944381714,1.215698003768921,1.027904987335205,2358849.0,0.07865682485429545,0.0,0.17849462365591395
2024-08-12,1.0921770334243774,1.0293320417404175,1.2392339706420898,1.013651967048645,2784702.0,0.016702402662817844,0.0,0.17849462365591395
2024-08-13,1.193215012550354,1.0921770334243774,1.2099469900131226,1.0902119874954224,1418953.0,-0.07049218759570805,0.0,0.17849462365591395
2024-08-14,1.163599967956543,1.1932120323181152,1.1961450576782227,1.1509469747543335,1493005.0,-0.0477141734669152,0.0,0.17849462365591395
2024-08-15,1.1505099534988403,1.16360604763031,1.166780948638916,1.1492459774017334,806496.0,-0.037809315059903245,0.0,0.17849462365591395
2024-08-16,1.1563069820404053,1.1505099534988403,1.3022279739379883,1.1505019664764404,1176180.0,-0.04296848962891768,0.0,0.17849462365591395
2024-08-17,1.179298996925354,1.156309962272644,1.1847660541534424,1.1496130228042603,597509.0,-0.06253954313882885,0.0,0.17849462365591395
2024-08-18,1.253983974456787,1.1812629699707031,1.2664639949798584,1.1788020133972168,879513.0,-0.11904101635093026,0.0,0.17849462365591395
2024-08-19,1.2054619789123535,1.2539889812469482,1.2546939849853516,1.1955779790878296,1370126.0,-0.08277076004778368,0.0,0.17849462365591395
2024-08-20,1.1998859643936157,1.2166039943695068,1.2233459949493408,1.1742299795150757,636940.0,-0.07701337962258248,0.0,0.17849462365591395
2024-08-21,1.1535199880599976,1.1994160413742065,1.1995149850845337,1.1381570100784302,761781.0,-0.03871300926551795,0.0,0.17849462365591395
2024-08-22,1.1592700481414795,1.1535160541534424,1.1715999841690063,1.1411930322647095,983096.0,-0.04253399410860925,0.0,0.17849462365591395
2024-08-23,1.2198339700698853,1.1592680215835571,1.2278800010681152,1.157641053199768,698946.0,-0.08956213024490546,0.0,0.17849462365591395
2024-08-24,1.2345679998397827,1.2198339700698853,1.247385025024414,1.217373013496399,726875.0,-0.10016184445003522,0.0,0.17849462365591395
2024-08-25,1.2319740056991577,1.2345679998397827,1.2372349500656128,1.227560043334961,408648.0,-0.09830506855804624,0.0,0.17849462365591395
2024-08-26,1.2802000045776367,1.2319740056991577,1.3078529834747314,1.2312469482421875,738951.0,-0.1327414878385556,0.0,0.17849462365591395
2024-08-27,1.2798490524291992,1.2802029848098755,1.326064944267273,1.2784370183944702,855566.0,-0.13134172305894165,0.0,0.17849462365591395
2024-08-28,1.254776954650879,1.2799129486083984,1.28199303150177,1.25108802318573,466655.0,-0.11254885612380582,0.0,0.17849462365591395
2024-08-29,1.1753770112991333,1.2547730207443237,1.2582659721374512,1.1627589464187622,1324681.0,-0.04999933129894893,0.0,0.17849462365591395
2024-08-30,1.1118589639663696,1.175376057624817,1.183784008026123,1.1115349531173706,578323.0,0.009899974155970406,0.0,0.17849462365591395
2024-08-31,1.0747979879379272,1.1118589639663696,1.1280839443206787,1.0747970342636108,438387.0,0.04896886196603734,0.0,0.17849462365591395
2024-09-01,0.9965940117835999,1.074794054031372,1.0759810209274292,0.9923880100250244,557696.0,0.1358130393588851,0.0,0.17849462365591395
2024-09-02,1.0359870195388794,0.9965940117835999,1.0387190580368042,0.990676999092102,549151.0,0.0969112052858606,0.0,0.17849462365591395
2024-09-03,0.9986439943313599,1.035984992980957,1.0372060537338257,0.9923279881477356,622842.0,0.14239518972821127,0.0,0.17849462365591395
2024-09-04,1.006003975868225,0.99863600730896,1.134423017501831,0.9752879738807678,1097832.0,0.13698816018668802,0.0,0.17849462365591395
2024-09-05,1.0090759992599487,1.006003975868225,1.0292600393295288,1.0056430101394653,416236.0,0.13657780038091288,0.0,0.17849462365591395
2024-09-06,1.0289939641952515,1.0090759992599487,1.1092710494995117,1.008363962173462,777256.0,0.11613334456183949,0.0,0.17849462365591395
2024-09-07,0.9942219853401184,1.0289939641952515,1.088731050491333,0.9725810289382935,899065.0,0.15618797269665538,0.0,0.17849462365591395
2024-09-08,1.0296380519866943,0.9942219853401184,1.0710489749908447,0.9931409955024719,659931.0,0.11752860362420373,0.0,0.17849462365591395
2024-09-09,0.9458990097045898,1.0296380519866943,1.0582690238952637,0.8780360221862793,1538204.0,0.21931697303793504,1.0,0.410752688172043
2024-09-10,0.9221659898757935,0.9458990097045898,1.0008970499038696,0.9221609830856323,896252.0,0.2545546852230458,1.0,0.410752688172043
2024-09-11,0.8987709879875183,0.9221640229225159,0.9236369729042053,0.8787209987640381,672777.0,0.29298131738356886,1.0,0.410752688172043
2024-09-12,0.8921759724617004,0.8987709879875183,0.9616129994392395,0.8838480114936829,863533.0,0.3066509359545764,1.0,0.410752688172043
2024-09-13,0.9043650031089783,0.8921759724617004,0.9572640061378479,0.8856459856033325,1048170.0,0.2950617703191516,1.0,0.410752688172043
2024-09-14,0.9048439860343933,0.9043650031089783,0.9053059816360474,0.8909450173377991,480409.0,0.30048041188172947,1.0,0.410752688172043
2024-09-15,0.9013329744338989,0.9048439860343933,0.9618719816207886,0.8996220231056213,674998.0,0.31087953180985667,1.0,0.410752688172043
2024-09-16,0.8768110275268555,0.9013329744338989,0.9026169776916504,0.8699759840965271,570027.0,0.3576727602409213,1.0,0.410752688172043
2024-09-17,0.9122509956359863,0.8768110275268555,0.9319890141487122,0.8706340193748474,703466.0,0.3129315459336723,1.0,0.410752688172043
2024-09-18,0.9153670072555542,0.9122509956359863,0.9201679825782776,0.8983960151672363,645796.0,0.315984594852769,1.0,0.410752688172043
2024-09-19,0.9583039879798889,0.9210579991340637,0.983834981918335,0.9200609922409058,928295.0,0.2621567986725308,1.0,0.410752688172043
2024-09-20,0.9316920042037964,0.9583039879798889,0.960964024066925,0.9010409712791443,828100.0,0.30383873449232224,1.0,0.410752688172043
2024-09-21,1.2616159915924072,0.9297389984130859,1.3399770259857178,0.9260159730911255,2817832.0,-0.034344392357992595,0.0,0.17849462365591395
2024-09-22,1.194777011871338,1.2616159915924072,1.4095380306243896,1.1721969842910767,1546949.0,0.02615840781005597,0.0,0.17849462365591395
2024-09-23,1.1556990146636963,1.194777011871338,1.2247250080108643,1.1507940292358398,780924.0,0.07619621736602179,0.0,0.17849462365591395
2024-09-24,1.0835939645767212,1.1556990146636963,1.1662230491638184,1.0371530055999756,738785.0,0.16547980488413466,0.0,0.17849462365591395
2024-09-25,1.1898560523986816,1.0837409496307373,1.254560947418213,1.0837409496307373,827449.0,0.07440838137329533,0.0,0.17849462365591395
2024-09-26,1.244554042816162,1.1898560523986816,1.2755039930343628,1.1579539775848389,727950.0,0.03611607432846377,0.0,0.17849462365591395
2024-09-27,1.2051390409469604,1.244554042816162,1.2838510274887085,1.2016099691390991,929279.0,0.08076412615544312,0.0,0.17849462365591395
2024-09-28,1.339128017425537,1.2051390409469604,1.3400059938430786,1.204295039176941,641021.0,-0.018916697627210554,0.0,0.17849462365591395
2024-09-29,1.3607970476150513,1.339128017425537,1.3685940504074097,1.339128017425537,718295.0,-0.029560153569730106,0.0,0.17849462365591395
2024-09-30,1.2601720094680786,1.3611520528793335,1.3613070249557495,1.2518329620361328,744269.0,0.053738163793925306,0.0,0.17849462365591395
2024-10-01,1.1407530307769775,1.2601720094680786,1.2752660512924194,1.1384199857711792,941696.0,0.17044615665571886,0.0,0.17849462365591395
2024-10-02,1.058771014213562,1.1407530307769775,1.1537959575653076,1.0457160472869873,699074.0,0.27054165459407636,1.0,0.410752688172043
2024-10-03,1.076612949371338,1.0587660074234009,1.0835219621658325,1.0311919450759888,596403.0,0.25788652412981244,1.0,0.410752688172043
2024-10-04,1.0672119855880737,1.0790480375289917,1.11210298538208,1.0411159992218018,769287.0,0.2771805397476403,1.0,0.410752688172043
2024-10-05,1.1827030181884766,1.0672119855880737,1.2086379528045654,1.067199945449829,802921.0,0.1559622721386956,0.0,0.17849462365591395
2024-10-06,1.2031079530715942,1.182703971862793,1.2170640230178833,1.1801789999008179,575574.0,0.13774195394968786,0.0,0.17849462365591395
2024-10-07,1.085245966911316,1.2031079530715942,1.207955002784729,1.0766149759292603,690423.0,0.26376126241661724,1.0,0.410752688172043
2024-10-08,0.9818800091743469,1.085245966911316,1.112799048423767,0.9814069867134094,776334.0,0.399857597809145,1.0,0.410752688172043
2024-10-09,0.9618279933929443,0.9829760193824768,1.0022870302200317,0.9594380259513855,811820.0,0.43163482106696116,1.0,0.410752688172043
2024-10-10,0.9019420146942139,0.9606099724769592,0.9991530179977417,0.8271579742431641,1153226.0,0.5296113672347045,1.0,0.410752688172043
2024-10-11,0.9591609835624695,0.9017080068588257,0.9791449904441833,0.9017080068588257,686945.0,0.440879523080698,1.0,0.410752688172043
2024-10-12,1.0526000261306763,0.959164023399353,1.0630589723587036,0.9591599702835083,580906.0,0.31343023900323014,1.0,0.410752688172043
2024-10-13,0.9700800180435181,1.0526000261306763,1.055999994277954,0.9549009799957275,688780.0,0.4266837862305444,1.0,0.410752688172043
2024-10-14,0.9988719820976257,0.9700800180435181,1.0079489946365356,0.9673870205879211,655790.0,0.3860875193061154,1.0,0.410752688172043
2024-10-15,1.1104910373687744,0.9988719820976257,1.110785961151123,0.9934279918670654,825651.0,0.24612083107125873,1.0,0.410752688172043
2024-10-16,1.1018869876861572,1.1413450241088867,1.1574510335922241,1.09688401222229,806831.0,0.25372825715365793,1.0,0.410752688172043
2024-10-17,1.0884350538253784,1.1018869876861572,1.1055690050125122,1.064939022064209,587998.0,0.26818130507601623,1.0,0.410752688172043
2024-10-18,1.1348810195922852,1.0884350538253784,1.248458981513977,1.052433967590332,1190865.0,0.21469005668206048,1.0,0.410752688172043
2024-10-19,1.1908520460128784,1.1348810195922852,1.348065972328186,1.1295150518417358,1203929.0,0.15508471822373965,0.0,0.17849462365591395
2024-10-20,1.4914629459381104,1.1908539533615112,1.5280630588531494,1.1900819540023804,1756268.0,-0.08177963564546956,0.0,0.17849462365591395
2024-10-21,1.4539730548858643,1.469177007675171,1.4942909479141235,1.379791021347046,1377399.0,-0.06131518172551853,0.0,0.17849462365591395
2024-10-22,1.3553980588912964,1.4539730548858643,1.4652420282363892,1.3552629947662354,990465.0,0.004541994820935639,0.0,0.17849462365591395
2024-10-23,1.301774024963379,1.355394959449768,1.3602410554885864,1.2985399961471558,822399.0,0.043782540994235196,0.0,0.17849462365591395
2024-10-24,1.1635229587554932,1.3004510402679443,1.3033260107040405,1.1181039810180664,1419693.0,0.16847725139425695,0.0,0.17849462365591395
2024-10-25,1.100801944732666,1.172984004020691,1.1729949712753296,1.097262978553772,778353.0,0.23753377179836832,1.0,0.410752688172043
2024-10-26,1.0958060026168823,1.100801944732666,1.1108789443969727,1.089264988899231,1203186.0,0.2444604255602433,1.0,0.410752688172043
2024-10-27,1.0879039764404297,1.0958060026168823,1.1945339441299438,1.0557260513305664,1111545.0,0.2537133553672015,1.0,0.410752688172043
2024-10-28,1.0713449716567993,1.0879030227661133,1.0970690250396729,1.0685709714889526,645422.0,0.27332756317640533,1.0,0.410752688172043
2024-10-29,1.1276140213012695,1.0713449716567993,1.129183053970337,1.0704900026321411,924356.0,0.20957790095284184,1.0,0.410752688172043
2024-10-30,1.0996719598770142,1.1332930326461792,1.1332939863204956,1.0887449979782104,830704.0,0.24081520713699242,1.0,0.410752688172043
2024-10-31,1.1919920444488525,1.0996710062026978,1.1982059478759766,1.0930269956588745,893760.0,0.1435253638674048,0.0,0.17849462365591395
2024-11-01,1.2777249813079834,1.1919920444488525,1.3932509422302246,1.1796950101852417,1808842.0,0.06477164217821488,0.0,0.17849462365591395
2024-11-02,1.3326209783554077,1.2777249813079834,1.3884700536727905,1.254938006401062,1406652.0,0.018455328088084998,0.0,0.17849462365591395
2024-11-03,1.2560149431228638,1.3326040506362915,1.3823349475860596,1.2515560388565063,1223354.0,0.0782027350505866,0.0,0.17849462365591395
2024-11-04,1.2405149936676025,1.2675399780273438,1.2814300060272217,1.239029049873352,689827.0,0.09064039297302294,0.0,0.17849462365591395
2024-11-05,1.2658159732818604,1.2405149936676025,1.2730000019073486,1.222601056098938,653109.0,0.06671696114969954,0.0,0.17849462365591395
2024-11-06,1.2588659524917603,1.2658159732818604,1.3037159442901611,1.2231049537658691,1597532.0,0.06911401614948436,0.0,0.17849462365591395
2024-11-07,1.2285200357437134,1.2701929807662964,1.3917889595031738,1.2284890413284302,2028626.0,0.09192886690033136,0.0,0.17849462365591395
2024-11-08,1.235772967338562,1.2370829582214355,1.2551319599151611,1.2006820440292358,799933.0,0.08188854115442526,0.0,0.17849462365591395
2024-11-09,1.389896035194397,1.2334680557250977,1.3962680101394653,1.2191439867019653,1008499.0,-0.043071083738536735,0.0,0.17849462365591395
2024-11-10,1.3881080150604248,1.3898990154266357,1.4960579872131348,1.3750859498977661,1810189.0,-0.047338552859196706,0.0,0.17849462365591395
2024-11-11,1.4014990329742432,1.3881080150604248,1.4022899866104126,1.3354599475860596,1435146.0,-0.06213490024976415,0.0,0.17849462365591395
2024-11-12,1.5749059915542603,1.4420230388641357,1.9824140071868896,1.442020058631897,3402293.0,-0.17146076304354363,0.0,0.17849462365591395
2024-11-13,1.4124809503555298,1.4907840490341187,1.5973639488220215,1.335690975189209,1851359.0,-0.08182684917178153,0.0,0.17849462365591395
2024-11-14,1.330693006515503,1.4124979972839355,1.4279470443725586,1.3304109573364258,918960.0,-0.03140733148380519,0.0,0.17849462365591395
2024-11-15,1.3646429777145386,1.330693006515503,1.3765809535980225,1.279675006866455,1162274.0,-0.06265830572255013,0.0,0.17849462365591395
2024-11-16,1.3287080526351929,1.394901990890503,1.407425045967102,1.3179099559783936,992183.0,-0.043725767463815984,0.0,0.17849462365591395
2024-11-17,1.225674033164978,1.3287080526351929,1.3413710594177246,1.2180700302124023,1001909.0,0.03414322918862004,0.0,0.17849462365591395
2024-11-18,1.2369049787521362,1.225674033164978,1.3073090314865112,1.2092690467834473,1419524.0,0.027928970623737368,0.0,0.17849462365591395
2024-11-19,1.147475004196167,1.2369049787521362,1.28997802734375,1.1371920108795166,1831829.0,0.1107493571992324,0.0,0.17849462365591395
2024-11-20,1.0691859722137451,1.147475004196167,1.2065620422363281,1.0667860507965088,1393700.0,0.19133647256493302,1.0,0.410752688172043
2024-11-21,1.1141810417175293,1.0691829919815063,1.1438870429992676,1.0548839569091797,1201688.0,0.1433975675563478,0.0,0.17849462365591395
2024-11-22,1.1457539796829224,1.1141810417175293,1.2531379461288452,1.082698941230774,1046850.0,0.11269500546960025,0.0,0.17849462365591395
2024-11-23,1.185379981994629,1.1457539796829224,1.262410044670105,1.1085989475250244,1660420.0,0.07518570329999048,0.0,0.17849462365591395
2024-11-24,1.282567024230957,1.1853810548782349,1.349632978439331,1.1818569898605347,1378733.0,-0.008380203081369147,0.0,0.17849462365591395
2024-11-25,1.1636430025100708,1.2831510305404663,1.3932470083236694,1.1511240005493164,2043567.0,0.09114755494552543,0.0,0.17849462365591395
2024-11-26,1.307366967201233,1.1636420488357544,1.390110969543457,1.1337449550628662,1165744.0,-0.03188935351254471,0.0,0.17849462365591395
2024-11-27,1.3135709762573242,1.3073689937591553,1.4480969905853271,1.2915740013122559,1456689.0,-0.039619132287344885,0.0,0.17849462365591395
2024-11-28,1.2570559978485107,1.3135709762573242,1.425220012664795,1.2220779657363892,1379839.0,0.001069092506557833,0.0,0.17849462365591395
2024-11-29,1.534190058708191,1.257058024406433,1.5700570344924927,1.2489789724349976,2198289.0,-0.1844406542125661,0.0,0.17849462365591395
2024-11-30,1.4524999856948853,1.5341709852218628,1.5916759967803955,1.4517719745635986,1278309.0,-0.1430788303573237,0.0,0.17849462365591395
2024-12-01,1.424914002418518,1.4523539543151855,1.5276819467544556,1.417593002319336,1357064.0,-0.13112339134482445,0.0,0.17849462365591395
2024-12-02,1.3224589824676514,1.421152949333191,1.421152949333191,1.2943249940872192,1787642.0,-0.06785748358749073,0.0,0.17849462365591395
2024-12-03,1.3199130296707153,1.322464942932129,1.4260849952697754,1.2991410493850708,1891468.0,-0.07085674880870302,0.0,0.17849462365591395
2024-12-04,1.521388053894043,1.3202060461044312,1.5951210260391235,1.30765700340271,2243825.0,-0.2003296320994863,0.0,0.17849462365591395
2024-12-05,1.767827033996582,1.5225050449371338,1.8897039890289307,1.5225050449371338,5052005.0,-0.31863124405890875,-1.0,0.410752688172043
2024-12-06,2.4676029682159424,1.8317159414291382,2.489881992340088,1.8155430555343628,12486482.0,-0.5201933020621953,-1.0,0.410752688172043
2024-12-07,2.5005440711975098,2.468859910964966,2.7600979804992676,2.4044039249420166,5028840.0,-0.5347760141785566,-1.0,0.410752688172043
2024-12-08,2.3357040882110596,2.4823288917541504,2.4897749423980713,2.2439730167388916,3013734.0,-0.5102367794057496,-1.0,0.410752688172043
2024-12-09,2.0667779445648193,2.323137044906616,2.3536369800567627,1.9390710592269897,3081650.0,-0.45380288037993444,-1.0,0.410752688172043
2024-12-10,2.1648149490356445,2.0667290687561035,2.2863659858703613,1.8518719673156738,5212160.0,-0.4856739154303073,-1.0,0.410752688172043
2024-12-11,2.17718505859375,2.168639898300171,2.3445370197296143,2.092348098754883,8410878.0,-0.4959920369327997,-1.0,0.410752688172043
2024-12-12,1.8621870279312134,2.177551031112671,2.191680908203125,1.8246359825134277,7430629.0,-0.4177605912150927,-1.0,0.410752688172043
2024-12-13,1.8018269538879395,1.8621870279312134,1.8932230472564697,1.7182990312576294,2609034.0,-0.405114852017263,-1.0,0.410752688172043
2024-12-14,1.6808539628982544,1.8011820316314697,1.8560839891433716,1.6381269693374634,1582035.0,-0.3686838072023737,-1.0,0.410752688172043
2024-12-15,1.800449013710022,1.6800869703292847,1.806488037109375,1.6302950382232666,1473237.0,-0.4179112092128692,-1.0,0.410752688172043
2024-12-16,1.745887041091919,1.800449013710022,2.0731430053710938,1.72461998462677,2443094.0,-0.4069640636307214,-1.0,0.410752688172043
2024-12-17,1.7158559560775757,1.7458469867706299,1.8555129766464233,1.6940350532531738,1476493.0,-0.403629686721066,-1.0,0.410752688172043
2024-12-18,1.4888919591903687,1.7158130407333374,1.7279399633407593,1.4649349451065063,2198925.0,-0.3183035392100183,-1.0,0.410752688172043
2024-12-19,1.326416015625,1.488368034362793,1.6609840393066406,1.3100520372390747,2342295.0,-0.24008701266071855,-1.0,0.410752688172043
2024-12-20,1.2824870347976685,1.3263930082321167,1.3504970073699951,1.1396369934082031,3026588.0,-0.21938338425949228,0.0,0.17849462365591395
2024-12-21,1.2039079666137695,1.2824889421463013,1.3601059913635254,1.1886450052261353,1624820.0,-0.17306026242435701,0.0,0.17849462365591395
2024-12-22,1.1464029550552368,1.2039079666137695,1.2459429502487183,1.1098270416259766,1241159.0,-0.13607301693495277,0.0,0.17849462365591395
2024-12-23,1.0968810319900513,1.1464029550552368,1.2180390357971191,1.0620839595794678,1973345.0,-0.10127665131284183,0.0,0.17849462365591395
2024-12-24,1.1378459930419922,1.0970460176467896,1.1967639923095703,1.0485860109329224,2180415.0,-0.13891493659266527,0.0,0.17849462365591395
2024-12-25,1.0882149934768677,1.1378459930419922,1.141150951385498,1.0516200065612793,1235364.0,-0.1055328837539687,0.0,0.17849462365591395
2024-12-26,1.0796539783477783,1.0882149934768677,1.1028369665145874,1.0613280534744263,1769046.0,-0.10485056480430228,0.0,0.17849462365591395
2024-12-27,1.037837028503418,1.079511046409607,1.0912959575653076,1.0368859767913818,1659051.0,-0.0749571693727155,0.0,0.17849462365591395
2024-12-28,1.0573610067367554,1.037837028503418,1.0722049474716187,1.0319770574569702,816712.0,-0.09849147737997267,0.0,0.17849462365591395
2024-12-29,0.9287890195846558,1.0573639869689941,1.0798120498657227,0.9282670021057129,1397684.0,0.020745430998019586,0.0,0.17849462365591395
2024-12-30,1.0045289993286133,0.9287859797477722,1.0464529991149902,0.9287819862365723,1755069.0,-0.06211535494742839,0.0,0.17849462365591395
2024-12-31,1.0013630390167236,1.0045289993286133,1.0211410522460938,0.970229983329773,857660.0,-0.06450993485058315,0.0,0.17849462365591395
2025-01-01,0.9693189859390259,1.0013619661331177,1.0014029741287231,0.9088490009307861,1132588.0,-0.03774474987714129,0.0,0.17849462365591395
2025-01-02,1.044255018234253,0.9693189859390259,1.1056879758834839,0.9654250144958496,1322493.0,-0.11220827968893518,0.0,0.17849462365591395
2025-01-03,1.108451008796692,1.0442670583724976,1.1363630294799805,1.0239750146865845,1087905.0,-0.1697731191550855,0.0,0.17849462365591395
2025-01-04,1.1135540008544922,1.108451008796692,1.1233940124511719,1.0797230005264282,880134.0,-0.1795849038103968,0.0,0.17849462365591395
2025-01-05,1.0956640243530273,1.1139769554138184,1.1232529878616333,1.0930750370025635,667407.0,-0.17215363005027262,0.0,0.17849462365591395
2025-01-06,1.2213250398635864,1.0956640243530273,1.2418299913406372,1.0906720161437988,1357408.0,-0.2641349010351247,-1.0,0.410752688172043
2025-01-07,1.3027830123901367,1.2213200330734253,1.4799489974975586,1.1465890407562256,3669204.0,-0.31740748702741595,-1.0,0.410752688172043
2025-01-08,1.199970006942749,1.3027830123901367,1.3434829711914062,1.1516649723052979,1543279.0,-0.2656201936680639,-1.0,0.410752688172043
2025-01-09,1.1051119565963745,1.199970006942749,1.2009379863739014,1.1018919944763184,935072.0,-0.20842744439423785,0.0,0.17849462365591395
2025-01-10,1.0900919437408447,1.105111002922058,1.1305320262908936,1.0848779678344727,880281.0,-0.20328950844747806,0.0,0.17849462365591395
2025-01-11,1.110144019126892,1.0899800062179565,1.1288599967956543,1.0611989498138428,1276166.0,-0.2237603697865497,0.0,0.17849462365591395
2025-01-12,1.1405709981918335,1.110144019126892,1.1822019815444946,1.1016440391540527,1239071.0,-0.2508757877712224,-1.0,0.410752688172043
2025-01-13,1.0871670246124268,1.1405830383300781,1.1420420408248901,0.9888629913330078,1497479.0,-0.22007572083897617,0.0,0.17849462365591395
2025-01-14,1.0862270593643188,1.0871670246124268,1.0957549810409546,1.082563042640686,612281.0,-0.22571620376002277,0.0,0.17849462365591395
2025-01-15,1.0906120538711548,1.0862289667129517,1.1057360172271729,1.0724940299987793,761839.0,-0.2352315534694277,0.0,0.17849462365591395
2025-01-16,1.035776972770691,1.0906189680099487,1.109758973121643,1.029850959777832,968185.0,-0.2010891417586725,0.0,0.17849462365591395
2025-01-17,1.1455739736557007,1.0357789993286133,1.187298059463501,1.03391695022583,1404444.0,-0.2845792396431013,-1.0,0.410752688172043
2025-01-18,1.0668749809265137,1.1455739736557007,1.147258996963501,1.0665940046310425,994797.0,-0.2383201137220592,0.0,0.17849462365591395
2025-01-19,0.9335520267486572,1.066877007484436,1.075508952140808,0.9335460066795349,2459244.0,-0.13608885811371457,0.0,0.17849462365591395
2025-01-20,0.9018290042877197,0.933663010597229,0.9723640084266663,0.9013490080833435,1227153.0,-0.11194188558089713,0.0,0.17849462365591395
2025-01-21,0.9036700129508972,0.9018279910087585,0.9181150197982788,0.883080005645752,1013147.0,-0.12029325517467544,0.0,0.17849462365591395
2025-01-22,0.8765649795532227,0.9036700129508972,0.9083489775657654,0.8765649795532227,936803.0,-0.10014981424423079,0.0,0.17849462365591395
2025-01-23,0.8231390118598938,0.8765580058097839,0.8765609860420227,0.8153550028800964,944578.0,-0.04773665931242832,0.0,0.17849462365591395
2025-01-24,0.8109819889068604,0.8231390118598938,0.8381010293960571,0.7818769812583923,976155.0,-0.03953940876806638,0.0,0.17849462365591395
2025-01-25,0.8685299754142761,0.8109850287437439,0.9490349888801575,0.8109790086746216,1225457.0,-0.10944110821695617,0.0,0.17849462365591395
2025-01-26,0.822750985622406,0.8685280084609985,0.8685500025749207,0.822750985622406,933972.0,-0.06627480762883012,0.0,0.17849462365591395
2025-01-27,0.7385010123252869,0.822750985622406,0.8285539746284485,0.7382019758224487,1030848.0,0.03524471235846087,0.0,0.17849462365591395
2025-01-28,0.6422010064125061,0.7385089993476868,0.7508090138435364,0.6407300233840942,1738515.0,0.18755774932477556,1.0,0.410752688172043
2025-01-29,0.6976739764213562,0.6421999931335449,0.7982339859008789,0.6162170171737671,2077627.0,0.08846447146401518,0.0,0.17849462365591395
2025-01-30,0.9972530007362366,0.697700023651123,1.041214942932129,0.6876519918441772,4675064.0,-0.24569212121455303,-1.0,0.410752688172043
2025-01-31,1.5275739431381226,0.9966340065002441,1.6425340175628662,0.9901570081710815,24622528.0,-0.5168150125558474,-1.0,0.410752688172043
2025-02-01,1.3773679733276367,1.5275249481201172,2.0981099605560303,1.3141709566116333,29500312.0,-0.47296138598483206,-1.0,0.410752688172043
2025-02-02,1.0102169513702393,1.3773280382156372,1.4295710325241089,0.9889469742774963,8032181.0,-0.28901397433691023,-1.0,0.410752688172043
2025-02-03,1.128363013267517,1.0102169513702393,1.2663110494613647,0.6136090159416199,7867243.0,-0.3714943397016755,-1.0,0.410752688172043
2025-02-04,1.2140439748764038,1.1285099983215332,1.5496799945831299,1.089426040649414,8596905.0,-0.4242793582706854,-1.0,0.410752688172043
2025-02-05,1.1579170227050781,1.2135670185089111,1.3381400108337402,1.157122015953064,2944207.0,-0.4045764702202614,-1.0,0.410752688172043
2025-02-06,1.083894968032837,1.1579170227050781,1.226580023765564,1.078086018562317,1729958.0,-0.37161882821917,-1.0,0.410752688172043
2025-02-07,1.007308006286621,1.0839120149612427,1.1371519565582275,1.0057590007781982,1688601.0,-0.3306187469842961,-1.0,0.410752688172043
2025-02-08,1.0091220140457153,1.0073089599609375,1.0621180534362793,0.991815984249115,1515873.0,-0.3383135741106009,-1.0,0.410752688172043
2025-02-09,1.006659984588623,1.0091220140457153,1.0540879964828491,0.9642620086669922,1760878.0,-0.343195831151567,-1.0,0.410752688172043
2025-02-10,1.0255450010299683,1.0066239833831787,1.0477759838104248,0.9887570142745972,1941183.0,-0.3617147397097925,-1.0,0.410752688172043
2025-02-11,1.0031019449234009,1.0255440473556519,1.0348869562149048,1.0007400512695312,1251363.0,-0.3541461582897812,-1.0,0.410752688172043
2025-02-12,0.9681659936904907,1.0031009912490845,1.0032039880752563,0.9062600135803223,2691000.0,-0.3371463604712984,-1.0,0.410752688172043
2025-02-13,0.9362519979476929,0.9681649804115295,0.969622015953064,0.9250389933586121,1403671.0,-0.32073899333123507,-1.0,0.410752688172043
2025-02-14,0.9262480139732361,0.9362639784812927,0.9509789943695068,0.9184319972991943,1429511.0,-0.3195428802095025,-1.0,0.410752688172043
2025-02-15,0.8513479828834534,0.9262480139732361,0.9264159798622131,0.8332440257072449,1322031.0,-0.26524636032115734,-1.0,0.410752688172043
2025-02-16,0.7977169752120972,0.8513380289077759,0.8603079915046692,0.7865419983863831,1042255.0,-0.2222872814122318,0.0,0.17849462365591395
2025-02-17,0.8748810291290283,0.7977169752120972,0.8800020217895508,0.7751970291137695,1564070.0,-0.2980971029223531,-1.0,0.410752688172043
2025-02-18,0.9454470276832581,0.8748810291290283,0.965258002281189,0.8596979975700378,3093317.0,-0.358370913744966,-1.0,0.410752688172043
2025-02-19,0.9717519879341125,0.9454479813575745,0.9717540144920349,0.9252189993858337,1428585.0,-0.3836724149714599,-1.0,0.410752688172043
2025-02-20,0.9022409915924072,0.9717479944229126,0.971750020980835,0.8709999918937683,1592338.0,-0.34356448581601606,-1.0,0.410752688172043
2025-02-21,0.9513170123100281,0.9022449851036072,0.9706130027770996,0.8230950236320496,2728797.0,-0.3850016061745542,-1.0,0.410752688172043
2025-02-22,1.0217100381851196,0.9513170123100281,1.0964219570159912,0.928974986076355,3658074.0,-0.43533079922517515,-1.0,0.410752688172043
2025-02-23,0.9856230020523071,1.0217100381851196,1.041172981262207,0.9840779900550842,1804113.0,-0.4221446190400158,-1.0,0.410752688172043
2025-02-24,0.8942720293998718,0.9856230020523071,0.9864190220832825,0.8942720293998718,1501678.0,-0.36939074636287494,-1.0,0.410752688172043
2025-02-25,0.8872920274734497,0.8943679928779602,0.9121059775352478,0.839576005935669,2071284.0,-0.37105806752387605,-1.0,0.410752688172043
2025-02-26,0.8868510127067566,0.8870750069618225,0.9126009941101074,0.8725219964981079,1111249.0,-0.3773037986900096,-1.0,0.410752688172043
2025-02-27,0.8288930058479309,0.8871579766273499,0.8986009955406189,0.8288919925689697,1255906.0,-0.34026139385642773,-1.0,0.410752688172043
2025-02-28,0.8099769949913025,0.8288949728012085,0.8309599757194519,0.7714809775352478,1625142.0,-0.33124069907689113,-1.0,0.410752688172043
2025-03-01,0.8213289976119995,0.8099769949913025,0.8279139995574951,0.8021559715270996,1280717.0,-0.34720240408099295,-1.0,0.410752688172043
2025-03-02,0.8737170100212097,0.8213269710540771,0.8756120204925537,0.8102480173110962,994120.0,-0.39337861872348423,-1.0,0.410752688172043
2025-03-03,0.8075559735298157,0.8737130165100098,0.8756729960441589,0.8053269982337952,1477200.0,-0.3503591461808882,-1.0,0.410752688172043
2025-03-04,0.7770619988441467,0.8075550198554993,0.8110460042953491,0.7508209943771362,1292759.0,-0.33122465495226827,-1.0,0.410752688172043
2025-03-05,0.7916280031204224,0.7770609855651855,0.7961159944534302,0.7521229982376099,1282661.0,-0.34996703496966347,-1.0,0.410752688172043
2025-03-06,0.7652369737625122,0.7916309833526611,0.791737973690033,0.7501659989356995,935034.0,-0.3339301386579092,-1.0,0.410752688172043
2025-03-07,0.7553079724311829,0.7652369737625122,0.7659100294113159,0.7541459798812866,557754.0,-0.33103886669766147,-1.0,0.410752688172043
2025-03-08,0.6930760145187378,0.7553099989891052,0.7580400109291077,0.6912440061569214,1353085.0,-0.2762366350471058,-1.0,0.410752688172043
2025-03-09,0.6139000058174133,0.6930760145187378,0.6940270066261292,0.600820004940033,1409052.0,-0.18724286570316578,0.0,0.17849462365591395
2025-03-10,0.5675089955329895,0.6139039993286133,0.6237450242042542,0.5617380142211914,1101167.0,-0.12454081838930166,0.0,0.17849462365591395
2025-03-11,0.5636489987373352,0.567546010017395,0.5894359946250916,0.4947420060634613,1892823.0,-0.12246196656559057,0.0,0.17849462365591395
2025-03-12,0.55240398645401,0.5636489987373352,0.5782740116119385,0.5460559725761414,1186661.0,-0.10814962135234872,0.0,0.17849462365591395
2025-03-13,0.5467410087585449,0.55240398645401,0.5669329762458801,0.5304399728775024,1517560.0,-0.10246025507916327,0.0,0.17849462365591395
2025-03-14,0.5660920143127441,0.5467410087585449,0.5697600245475769,0.5463160276412964,622418.0,-0.13737153960243365,0.0,0.17849462365591395
2025-03-15,0.6041939854621887,0.5660840272903442,0.6041989922523499,0.5546680092811584,759334.0,-0.19637761292803524,0.0,0.17849462365591395
2025-03-16,0.6708850264549255,0.6041899919509888,0.6708850264549255,0.6021869778633118,1322615.0,-0.281643857169443,-1.0,0.410752688172043
2025-03-17,0.6260570287704468,0.670881986618042,0.6825569868087769,0.6117050051689148,1138751.0,-0.2348737554456718,0.0,0.17849462365591395
2025-03-18,0.6041309833526611,0.6260340213775635,0.6267129778862,0.5770180225372314,1040104.0,-0.21144212481211463,0.0,0.17849462365591395
2025-03-19,0.6185449957847595,0.6041300296783447,0.62540602684021,0.5835080146789551,1458188.0,-0.2340629732521903,0.0,0.17849462365591395
2025-03-20,0.6120719909667969,0.6185430288314819,0.6203510165214539,0.5992689728736877,772452.0,-0.23033466124498397,0.0,0.17849462365591395
2025-03-21,0.6063100099563599,0.612076997756958,0.6165270209312439,0.5984339714050293,619521.0,-0.22730151576590701,0.0,0.17849462365591395
2025-03-22,0.6027029752731323,0.6063050031661987,0.6143400073051453,0.5990930199623108,564089.0,-0.2269758627438332,0.0,0.17849462365591395
2025-03-23,0.605292022228241,0.602707028388977,0.6231970191001892,0.6026319861412048,660665.0,-0.23457084088805144,0.0,0.17849462365591395
2025-03-24,0.6272609829902649,0.6052979826927185,0.6339579820632935,0.6049010157585144,758759.0,-0.26629311078781426,-1.0,0.410752688172043
2025-03-25,0.6247349977493286,0.6272609829902649,0.6347749829292297,0.6170409917831421,723846.0,-0.26820828734136076,-1.0,0.410752688172043
2025-03-26,0.6106510162353516,0.6247320175170898,0.6381379961967468,0.6067829728126526,765455.0,-0.2555908934754899,-1.0,0.410752688172043
2025-03-27,0.5997470021247864,0.6106510162353516,0.6134660243988037,0.5901430249214172,1178326.0,-0.24606869131376227,-1.0,0.410752688172043
2025-03-28,0.6045839786529541,0.5997459888458252,0.6149610280990601,0.5845609903335571,1084660.0,-0.2562352828964984,-1.0,0.410752688172043
2025-03-29,0.578590989112854,0.6045820116996765,0.6067540049552917,0.5766689777374268,682666.0,-0.22652012016491546,0.0,0.17849462365591395
2025-03-30,0.5739200115203857,0.5785899758338928,0.5804269909858704,0.5734689831733704,487745.0,-0.22387180565605036,0.0,0.17849462365591395
2025-03-31,0.5494329929351807,0.5739210247993469,0.5772759914398193,0.549202024936676,734703.0,-0.19269445930283213,0.0,0.17849462365591395
2025-04-01,0.5590450167655945,0.5494329929351807,0.5618630051612854,0.5480239987373352,634002.0,-0.21025609626696778,0.0,0.17849462365591395
2025-04-02,0.5525609850883484,0.5590459704399109,0.5686990022659302,0.5525609850883484,651360.0,-0.204649998274812,0.0,0.17849462365591395
2025-04-03,0.4813219904899597,0.5525580048561096,0.5539299845695496,0.46718600392341614,1306335.0,-0.08878674995676056,0.0,0.17849462365591395
2025-04-04,0.4852510094642639,0.4813219904899597,0.49292299151420593,0.4803929924964905,555835.0,-0.09832847916037156,0.0,0.17849462365591395
2025-04-05,0.4661850035190582,0.4852510094642639,0.4871180057525635,0.4453440010547638,718693.0,-0.06318078320705382,0.0,0.17849462365591395
2025-04-06,0.41869398951530457,0.46614599227905273,0.4665110111236572,0.4148719906806946,851776.0,0.042599839804758934,0.0,0.17849462365591395
2025-04-07,0.4581669867038727,0.41869398951530457,0.4605709910392761,0.37602299451828003,1228012.0,-0.0492343447875205,0.0,0.17849462365591395
2025-04-08,0.4462459981441498,0.4581669867038727,0.480664998292923,0.44548800587654114,842787.0,-0.025602701951286656,0.0,0.17849462365591395
2025-04-09,0.466033011674881,0.44624799489974976,0.46813300251960754,0.44222700595855713,536722.0,-0.07053680984513669,0.0,0.17849462365591395
2025-04-10,0.43397200107574463,0.4660319983959198,0.4740830063819885,0.43344101309776306,1006991.0,-0.005180490262126441,0.0,0.17849462365591395
2025-04-11,0.4651409983634949,0.43397200107574463,0.4677810072898865,0.43277600407600403,630162.0,-0.07554738253761842,0.0,0.17849462365591395
2025-04-12,0.5031930208206177,0.46514400839805603,0.5144050121307373,0.459289014339447,788151.0,-0.14999970018624564,0.0,0.17849462365591395
2025-04-13,0.45662298798561096,0.5031930208206177,0.5036640167236328,0.4552539885044098,1167105.0,-0.06731793792359755,0.0,0.17849462365591395
2025-04-14,0.46759501099586487,0.45662400126457214,0.47025999426841736,0.4483659863471985,838749.0,-0.09319772803530013,0.0,0.17849462365591395
2025-04-15,0.48158401250839233,0.46759501099586487,0.4823099970817566,0.46595901250839233,511239.0,-0.12390422628027303,0.0,0.17849462365591395
2025-04-16,0.47644099593162537,0.48158401250839233,0.48427700996398926,0.47640401124954224,636857.0,-0.11877184858915868,0.0,0.17849462365591395
2025-04-17,0.44219499826431274,0.47644099593162537,0.47735700011253357,0.4332920014858246,1288423.0,-0.0542960815803422,0.0,0.17849462365591395
2025-04-18,0.45736101269721985,0.44219499826431274,0.4577980041503906,0.4383780062198639,977740.0,-0.0898357043522234,0.0,0.17849462365591395
2025-04-19,0.45684900879859924,0.45736101269721985,0.4677619934082031,0.45026400685310364,984472.0,-0.09285398352955147,0.0,0.17849462365591395
2025-04-20,0.4549809992313385,0.45646101236343384,0.45838800072669983,0.4501059949398041,933513.0,-0.0930327478283481,0.0,0.17849462365591395
2025-04-21,0.46585801243782043,0.4549809992313385,0.4721289873123169,0.45480701327323914,948052.0,-0.11852375457514176,0.0,0.17849462365591395
2025-04-22,0.5021770000457764,0.4658530056476593,0.5082709789276123,0.4638409912586212,1339517.0,-0.1873171750514622,0.0,0.17849462365591395
2025-04-23,0.524366021156311,0.5021770000457764,0.5394089818000793,0.502131998538971,1098446.0,-0.22705164716411336,0.0,0.17849462365591395
2025-04-24,0.5224140286445618,0.5243669748306274,0.5313799977302551,0.5140060186386108,795930.0,-0.22932641979588275,0.0,0.17849462365591395
2025-04-25,0.5380169749259949,0.5224140286445618,0.5400800108909607,0.513746976852417,812400.0,-0.25706576307486834,-1.0,0.410752688172043
2025-04-26,0.5048589706420898,0.5380280017852783,0.5400300025939941,0.49774599075317383,1072130.0,-0.2127222033174163,0.0,0.17849462365591395
2025-04-27,0.5164039731025696,0.504859983921051,0.5181840062141418,0.49610599875450134,687906.0,-0.23441041838299811,0.0,0.17849462365591395
2025-04-28,0.5075790286064148,0.5164070129394531,0.529604971408844,0.4971950054168701,905480.0,-0.2235655060932138,0.0,0.17849462365591395
2025-04-29,0.5053790211677551,0.5075790286064148,0.510558009147644,0.5044170022010803,429373.0,-0.2224387910500171,0.0,0.17849462365591395
2025-04-30,0.5005120038986206,0.5053799748420715,0.5199170112609863,0.5004420280456543,530868.0,-0.21735867179195417,0.0,0.17849462365591395
2025-05-01,0.41762399673461914,0.5005120038986206,0.5023580193519592,0.4086979925632477,1362735.0,-0.06211153148287705,0.0,0.17849462365591395
2025-05-02,0.407710999250412,0.41767698526382446,0.43170100450515747,0.3952760100364685,1533009.0,-0.038025042596253424,0.0,0.17849462365591395
2025-05-03,0.39376100897789,0.4077729880809784,0.411967009305954,0.39262300729751587,543751.0,-0.002287421674450252,0.0,0.17849462365591395
2025-05-04,0.4013040065765381,0.39375799894332886,0.40192899107933044,0.3921310007572174,478143.0,-0.019774334237123957,0.0,0.17849462365591395
2025-05-05,0.4098060131072998,0.4013040065765381,0.41345399618148804,0.3953840136528015,643187.0,-0.038709974892561394,0.0,0.17849462365591395
2025-05-06,0.4181770086288452,0.4098060131072998,0.4282589852809906,0.4043259918689728,721145.0,-0.05687910874434354,0.0,0.17849462365591395
2025-05-07,0.4200719892978668,0.41816699504852295,0.42688900232315063,0.4115230143070221,692000.0,-0.059710652666789675,0.0,0.17849462365591395
2025-05-08,0.4394559860229492,0.42006999254226685,0.439875990152359,0.4171000123023987,709460.0,-0.10002505046126589,0.0,0.17849462365591395
2025-05-09,0.4790329933166504,0.4394479990005493,0.4895080029964447,0.43682101368904114,1152319.0,-0.17447947472160968,0.0,0.17849462365591395
2025-05-10,0.4520939886569977,0.4789919853210449,0.47913599014282227,0.44568100571632385,1002803.0,-0.12481418910790193,0.0,0.17849462365591395
2025-05-11,0.45643699169158936,0.45209500193595886,0.4606640040874481,0.4500400125980377,652504.0,-0.13281204101608468,0.0,0.17849462365591395
2025-05-12,0.43032601475715637,0.4564329981803894,0.4603370130062103,0.4299960136413574,662152.0,-0.07919156286502589,0.0,0.17849462365591395
2025-05-13,0.4271700084209442,0.43032601475715637,0.43081900477409363,0.41777101159095764,804695.0,-0.0715057594668968,0.0,0.17849462365591395
2025-05-14,0.41299301385879517,0.4271700084209442,0.42846500873565674,0.41125398874282837,826080.0,-0.03859881354832555,0.0,0.17849462365591395
2025-05-15,0.4189000129699707,0.41299301385879517,0.43317800760269165,0.41137900948524475,903948.0,-0.051365347922706674,0.0,0.17849462365591395
2025-05-16,0.408394992351532,0.41890400648117065,0.41929200291633606,0.4078710079193115,690161.0,-0.02578384147683934,0.0,0.17849462365591395
2025-05-17,0.41139501333236694,0.408392995595932,0.4130629897117615,0.4077560007572174,522409.0,-0.03160236000884514,0.0,0.17849462365591395
2025-05-18,0.4145529866218567,0.4113839864730835,0.4168590009212494,0.41007301211357117,507243.0,-0.03758105165464859,0.0,0.17849462365591395
2025-05-19,0.40389400720596313,0.4145529866218567,0.41498398780822754,0.40195798873901367,791239.0,-0.01052465277913636,0.0,0.17849462365591395
2025-05-20,0.42751699686050415,0.40389400720596313,0.4281800091266632,0.40249601006507874,794803.0,-0.06468004882657562,0.0,0.17849462365591395
2025-05-21,0.42307600378990173,0.42753100395202637,0.4299060106277466,0.4215250015258789,892832.0,-0.05403965532726476,0.0,0.17849462365591395
2025-05-22,0.4162150025367737,0.42307600378990173,0.42503198981285095,0.409743994474411,1905321.0,-0.03797579648032229,0.0,0.17849462365591395
2025-05-23,0.41058099269866943,0.4162279963493347,0.4262549877166748,0.409851998090744,1104783.0,-0.024395139946509884,0.0,0.17849462365591395
2025-05-24,0.4002920091152191,0.4105370044708252,0.4142119884490967,0.40013399720191956,1020879.0,0.001277797237890069,0.0,0.17849462365591395
2025-05-25,0.4072360098361969,0.4002920091152191,0.40865400433540344,0.38270100951194763,1718033.0,-0.014914309848955797,0.0,0.17849462365591395
2025-05-26,0.40318700671195984,0.4072360098361969,0.42049500346183777,0.39168500900268555,2700239.0,-0.004547900367576025,0.0,0.17849462365591395
2025-05-27,0.3888840079307556,0.40318700671195984,0.40380001068115234,0.36727800965309143,1914664.0,0.03363660115370734,0.0,0.17849462365591395
2025-05-28,0.39823201298713684,0.3888840079307556,0.4100649952888489,0.3746879994869232,1162545.0,0.010075482542281088,0.0,0.17849462365591395
2025-05-29,0.4037869870662689,0.3982349932193756,0.41768598556518555,0.393094003200531,1101999.0,-0.0032334066398820097,0.0,0.17849462365591395
2025-05-30,0.40985000133514404,0.40378499031066895,0.4099070131778717,0.3914780020713806,1061409.0,-0.017451672125979322,0.0,0.17849462365591395
2025-05-31,0.4102199971675873,0.40987300872802734,0.4158700108528137,0.3892509937286377,1700517.0,-0.018126520209021266,0.0,0.17849462365591395
2025-06-01,0.42424100637435913,0.4102199971675873,0.4252760112285614,0.4083560109138489,780185.0,-0.051028217630103415,0.0,0.17849462365591395
2025-06-02,0.4140540063381195,0.42423999309539795,0.4251680076122284,0.40204399824142456,2975269.0,-0.027345447954139297,0.0,0.17849462365591395
2025-06-03,0.41422298550605774,0.4140540063381195,0.4264630079269409,0.39928099513053894,3639606.0,-0.02742177106209468,0.0,0.17849462365591395
2025-06-04,0.4109779894351959,0.41422298550605774,0.41423299908638,0.3947429955005646,2203479.0,-0.019097167008684614,0.0,0.17849462365591395
2025-06-05,0.41320401430130005,0.4109559953212738,0.4205929934978485,0.405131995677948,970587.0,-0.023613294261047076,0.0,0.17849462365591395
2025-06-06,0.3991590142250061,0.41320401430130005,0.4133949875831604,0.3897629976272583,961915.0,0.012394877376046678,0.0,0.17849462365591395
2025-06-07,0.3990490138530731,0.3991580009460449,0.40075600147247314,0.39347898960113525,755587.0,0.013972238914234216,0.0,0.17849462365591395
2025-06-08,0.4181239902973175,0.3990490138530731,0.4215250015258789,0.3989199995994568,893897.0,-0.03170904927940058,0.0,0.17849462365591395
2025-06-09,0.42169299721717834,0.4181239902973175,0.42169299721717834,0.4157310128211975,716216.0,-0.03927318399137492,0.0,0.17849462365591395
2025-06-10,0.4195980131626129,0.42169299721717834,0.4224019944667816,0.4177210032939911,598040.0,-0.031393848483359514,0.0,0.17849462365591395
2025-06-11,0.4202499985694885,0.41957300901412964,0.42518800497055054,0.4152750074863434,725983.0,-0.029306683085887044,0.0,0.17849462365591395
2025-06-12,0.4190390110015869,0.4202499985694885,0.4219439923763275,0.41854000091552734,632927.0,-0.023852317015859777,0.0,0.17849462365591395
2025-06-13,0.4106679856777191,0.4190390110015869,0.4198009967803955,0.4088670015335083,657327.0,-0.0006736519924259256,0.0,0.17849462365591395
2025-06-14,0.40676000714302063,0.4106679856777191,0.41166800260543823,0.4060460031032562,497133.0,0.01192829312788275,0.0,0.17849462365591395
2025-06-15,0.4028579890727997,0.40676000714302063,0.40730398893356323,0.4022580087184906,444363.0,0.024398706640307286,0.0,0.17849462365591395
2025-06-16,0.41528400778770447,0.4028579890727997,0.4171859920024872,0.4020960032939911,617886.0,-0.005273257764552994,0.0,0.17849462365591395
2025-06-17,0.4075540006160736,0.4153609871864319,0.41554000973701477,0.4057309925556183,701342.0,0.015002487499648979,0.0,0.17849462365591395
2025-06-18,0.4065450131893158,0.4075540006160736,0.4079490005970001,0.4056369960308075,627323.0,0.01859100703041571,0.0,0.17849462365591395
2025-06-19,0.4038360118865967,0.4065150022506714,0.4072229862213135,0.4022189974784851,661289.0,0.026437614725099277,0.0,0.17849462365591395
2025-06-20,0.39002400636672974,0.4038969874382019,0.4042010009288788,0.389164000749588,746437.0,0.06442737573362739,0.0,0.17849462365591395
2025-06-21,0.38789400458335876,0.39008399844169617,0.3904869854450226,0.38733500242233276,663855.0,0.07252300417044807,0.0,0.17849462365591395
2025-06-22,0.3431659936904907,0.3878459930419922,0.38828200101852417,0.3346729874610901,1092483.0,0.21668122536618048,1.0,0.410752688172043
2025-06-23,0.32765498757362366,0.3431659936904907,0.3449670076370239,0.3191559910774231,1665989.0,0.28313924451637734,1.0,0.410752688172043
2025-06-24,0.3376390039920807,0.32765498757362366,0.3395169973373413,0.3252750039100647,946949.0,0.25296723181249875,1.0,0.410752688172043
2025-06-25,0.33398500084877014,0.3376159965991974,0.33773699402809143,0.3289929926395416,677807.0,0.27558074940019656,1.0,0.410752688172043
2025-06-26,0.3211919963359833,0.33400699496269226,0.3347649872303009,0.319815993309021,748190.0,0.33597780573943226,1.0,0.410752688172043
2025-06-27,0.3293739855289459,0.3211919963359833,0.3305090069770813,0.3153350055217743,844297.0,0.31340038520608443,1.0,0.410752688172043
2025-06-28,0.325998991727829,0.32925599813461304,0.3295130133628845,0.32154399156570435,734821.0,0.3377948872265341,1.0,0.410752688172043
2025-06-29,0.32396399974823,0.3260209858417511,0.33052000403404236,0.3211669921875,737809.0,0.3576496861174336,1.0,0.410752688172043
2025-06-30,0.31878700852394104,0.32396399974823,0.3260659873485565,0.3171370029449463,829026.0,0.39227663484493874,1.0,0.410752688172043
2025-07-01,0.31588199734687805,0.3188230097293854,0.32148000597953796,0.31515100598335266,785041.0,0.42429636796252285,1.0,0.410752688172043
2025-07-02,0.3203260004520416,0.31588199734687805,0.3213669955730438,0.31488800048828125,863101.0,0.4271927516645291,1.0,0.410752688172043
2025-07-03,0.3235650062561035,0.3203260004520416,0.3299640119075775,0.3197149932384491,915765.0,0.4310304563127156,1.0,0.410752688172043
2025-07-04,0.31711098551750183,0.32361701130867004,0.32502099871635437,0.3151719868183136,776032.0,0.4781910968786578,1.0,0.410752688172043
2025-07-05,0.3147979974746704,0.31711098551750183,0.3179149925708771,0.31425899267196655,876506.0,0.5075691743179209,1.0,0.410752688172043
2025-07-06,0.31696099042892456,0.3148530125617981,0.31797900795936584,0.3147900104522705,959002.0,0.5154377469759449,1.0,0.410752688172043
2025-07-07,0.32282400131225586,0.31696099042892456,0.3234269917011261,0.30820098519325256,1083926.0,0.5052589493435913,1.0,0.410752688172043
2025-07-08,0.3234570026397705,0.32282400131225586,0.3243330121040344,0.3123050034046173,1011810.0,0.5187248557181119,1.0,0.410752688172043
2025-07-09,0.33858299255371094,0.3234570026397705,0.3390659987926483,0.3226819932460785,1064721.0,0.4648646912023422,1.0,0.410752688172043
2025-07-10,0.36020800471305847,0.33858299255371094,0.3606390058994293,0.33279499411582947,1307844.0,0.38823306582448447,1.0,0.410752688172043
2025-07-11,0.41495800018310547,0.36020800471305847,0.4164449870586395,0.35770899057388306,2736802.0,0.2131285393718529,1.0,0.410752688172043
2025-07-12,0.4211120009422302,0.41495800018310547,0.4211159944534302,0.4042940139770508,1663089.0,0.20298380996964752,1.0,0.410752688172043
2025-07-13,0.40862300992012024,0.4211120009422302,0.4282410144805908,0.40824800729751587,1276190.0,0.24739287975598553,1.0,0.410752688172043
2025-07-14,0.41491198539733887,0.40862300992012024,0.42147600650787354,0.40768998861312866,1262573.0,0.23584898140591323,1.0,0.410752688172043
2025-07-15,0.4464159905910492,0.41494300961494446,0.45239999890327454,0.41163700819015503,2086868.0,0.15381695465828601,0.0,0.17849462365591395
2025-07-16,0.4420489966869354,0.4463759958744049,0.45050498843193054,0.42542600631713867,1699334.0,0.1703956672175209,0.0,0.17849462365591395
2025-07-17,0.43890899419784546,0.4420489966869354,0.44515299797058105,0.4355039894580841,1044364.0,0.18363963454523582,0.0,0.17849462365591395
2025-07-18,0.4522779881954193,0.43887001276016235,0.4611639976501465,0.43515899777412415,1322893.0,0.15342961362500462,0.0,0.17849462365591395
2025-07-19,0.45140600204467773,0.4522800147533417,0.46365800499916077,0.4415859878063202,1257000.0,0.16055792161312238,0.0,0.17849462365591395
2025-07-20,0.46430501341819763,0.45140600204467773,0.4686630070209503,0.4506230056285858,1003620.0,0.13361210720052547,0.0,0.17849462365591395
2025-07-21,0.4772079885005951,0.46430501341819763,0.48285800218582153,0.4629330039024353,1168657.0,0.10780638245232498,0.0,0.17849462365591395
2025-07-22,0.47549501061439514,0.4772079885005951,0.48287099599838257,0.46506598591804504,1029911.0,0.11611416630869821,0.0,0.17849462365591395
2025-07-23,0.4679799973964691,0.47549501061439514,0.4763740003108978,0.46216100454330444,1036044.0,0.13772834834784728,0.0,0.17849462365591395
2025-07-24,0.4675680100917816,0.4679509997367859,0.4712809920310974,0.44589900970458984,1404796.0,0.14231319856975932,0.0,0.17849462365591395
2025-07-25,0.46223199367523193,0.4676240086555481,0.4776270091533661,0.4539540112018585,1072447.0,0.15901400156695408,0.0,0.17849462365591395
2025-07-26,0.4550729990005493,0.46223199367523193,0.4636310040950775,0.4510059952735901,896031.0,0.18084045960379744,0.0,0.17849462365591395
2025-07-27,0.4445970058441162,0.4550729990005493,0.4554849863052368,0.44255998730659485,1212246.0,0.21177494966242935,1.0,0.410752688172043
2025-07-28,0.4434010088443756,0.4443559944629669,0.4633359909057617,0.44302499294281006,1275307.0,0.21708746866531117,1.0,0.410752688172043
2025-07-29,0.44405800104141235,0.4434010088443756,0.4482179880142212,0.43825700879096985,1087365.0,0.21729243780246205,1.0,0.410752688172043
2025-07-30,0.4505380094051361,0.44405800104141235,0.45092299580574036,0.44369399547576904,881336.0,0.20175102446148138,1.0,0.410752688172043
2025-07-31,0.4574500024318695,0.4505380094051361,0.46099498867988586,0.4500809907913208,947036.0,0.18540288925279294,1.0,0.410752688172043
2025-08-01,0.45343801379203796,0.4574500024318695,0.4576770067214966,0.44438400864601135,1000270.0,0.19756784281421555,1.0,0.410752688172043
2025-08-02,0.4439460039138794,0.45343801379203796,0.45719200372695923,0.4327639937400818,1109188.0,0.22440191667263037,1.0,0.410752688172043
2025-08-03,0.4488239884376526,0.4439460039138794,0.4497019946575165,0.43875399231910706,914888.0,0.21161130126876818,1.0,0.410752688172043
2025-08-04,0.4307030141353607,0.44873499870300293,0.45017799735069275,0.4251039922237396,803417.0,0.2639401323466396,1.0,0.410752688172043
2025-08-05,0.42211800813674927,0.4307030141353607,0.4307030141353607,0.4191249907016754,551674.0,0.2916131318416913,1.0,0.410752688172043
2025-08-06,0.4179550111293793,0.42211800813674927,0.4237610101699829,0.4163439869880676,557449.0,0.3068376667460767,1.0,0.410752688172043
2025-08-07,0.43379199504852295,0.4179550111293793,0.4449479877948761,0.4164470136165619,816316.0,0.2609183439102404,1.0,0.410752688172043
2025-08-08,0.41732001304626465,0.43379199504852295,0.4351229965686798,0.41732001304626465,698684.0,0.3133783756376404,1.0,0.410752688172043
2025-08-09,0.43412700295448303,0.4173699915409088,0.4345659911632538,0.4155600070953369,793954.0,0.26425374439390475,1.0,0.410752688172043
2025-08-10,0.4189260005950928,0.43412700295448303,0.44041699171066284,0.41000598669052124,633386.0,0.31263142313597236,1.0,0.410752688172043
2025-08-11,0.4213240146636963,0.4189260005950928,0.42351898550987244,0.4049830138683319,819065.0,0.30774533123880465,1.0,0.410752688172043
2025-08-12,0.42583799362182617,0.4213240146636963,0.42592498660087585,0.41670700907707214,676851.0,0.29612753954809856,1.0,0.410752688172043
2025-08-13,0.41663599014282227,0.42583799362182617,0.4261839985847473,0.40994301438331604,1399265.0,0.32729441143388543,1.0,0.410752688172043
2025-08-14,0.4100779891014099,0.41663599014282227,0.4187830090522766,0.4100640118122101,698451.0,0.3509290215836556,1.0,0.410752688172043
2025-08-15,0.4243229925632477,0.4100779891014099,0.4259670078754425,0.4094710052013397,915163.0,0.3072321281645721,1.0,0.410752688172043
2025-08-16,0.42404600977897644,0.4243200123310089,0.4250499904155731,0.42221999168395996,469079.0,0.30979785453436914,1.0,0.410752688172043
2025-08-17,0.4306040108203888,0.4240500032901764,0.4308969974517822,0.42268800735473633,455452.0,0.29125750762623576,1.0,0.410752688172043
2025-08-18,0.4366939961910248,0.4306040108203888,0.4370869994163513,0.4270089864730835,498432.0,0.27438643522189166,1.0,0.410752688172043
2025-08-19,0.44797199964523315,0.4366939961910248,0.45027101039886475,0.43356600403785706,670163.0,0.2428454753221113,1.0,0.410752688172043
2025-08-20,0.43738698959350586,0.44797199964523315,0.45316100120544434,0.4322049915790558,676553.0,0.2735564617867903,1.0,0.410752688172043
2025-08-21,0.4359619915485382,0.43740200996398926,0.4394710063934326,0.4354560077190399,480173.0,0.27681125035764015,1.0,0.410752688172043
2025-08-22,0.4413839876651764,0.4359619915485382,0.4413909912109375,0.4351069927215576,528694.0,0.25872979378812344,1.0,0.410752688172043
2025-08-23,0.5153130292892456,0.4413839876651764,0.5153170228004456,0.4401229918003082,2440534.0,0.07399002597083845,0.0,0.17849462365591395
2025-08-24,0.5318899750709534,0.5155820250511169,0.5735909938812256,0.5108050107955933,3781762.0,0.035875379031860256,0.0,0.17849462365591395
2025-08-25,0.5011860132217407,0.5319479703903198,0.5323969721794128,0.4999539852142334,1347516.0,0.09866979068897935,0.0,0.17849462365591395
2025-08-26,0.5103740096092224,0.5011860132217407,0.5110290050506592,0.4948520064353943,498132.0,0.07735276585326599,0.0,0.17849462365591395
2025-08-27,0.4970859885215759,0.5103740096092224,0.5227100253105164,0.4850809872150421,930312.0,0.10465519832813865,0.0,0.17849462365591395
2025-08-28,0.4824259877204895,0.49685099720954895,0.5135899782180786,0.4805710017681122,925652.0,0.1373063409620562,0.0,0.17849462365591395
2025-08-29,0.44539499282836914,0.48241299390792847,0.48644500970840454,0.43796199560165405,762554.0,0.23102040390642928,1.0,0.410752688172043
2025-08-30,0.45004600286483765,0.4452809989452362,0.45276299118995667,0.4381510019302368,277933.0,0.21655875486747905,1.0,0.410752688172043
2025-08-31,0.4387179911136627,0.45004600286483765,0.4521239995956421,0.43420401215553284,381493.0,0.24638935056776778,1.0,0.410752688172043
2025-09-01,0.4341300129890442,0.4386399984359741,0.4394420087337494,0.41155698895454407,829857.0,0.2576334327573397,1.0,0.410752688172043
2025-09-02,0.4373660087585449,0.4342620074748993,0.4485679864883423,0.43389201164245605,261532.0,0.2459426691263237,1.0,0.410752688172043
2025-09-03,0.4524970054626465,0.4373660087585449,0.45641300082206726,0.4370099902153015,284051.0,0.20285078344358026,1.0,0.410752688172043
2025-09-04,0.45404601097106934,0.45242199301719666,0.46462300419807434,0.44933900237083435,324761.0,0.1971487339912393,1.0,0.410752688172043
2025-09-05,0.5425029993057251,0.4540179967880249,0.5499460101127625,0.4529019892215729,1378498.0,-0.0011170445536206129,0.0,0.17849462365591395
2025-09-06,0.5317879915237427,0.5427449941635132,0.562811017036438,0.5095000267028809,1386239.0,0.015811258781187238,0.0,0.17849462365591395
2025-09-07,0.5540779829025269,0.5318149924278259,0.5557129979133606,0.5183799862861633,746049.0,-0.028751264777744666,0.0,0.17849462365591395
2025-09-08,0.5491520166397095,0.5541290044784546,0.5682380199432373,0.5430709719657898,559871.0,-0.023829129913285747,0.0,0.17849462365591395
2025-09-09,0.5879700183868408,0.5491269826889038,0.6141530275344849,0.5491269826889038,2608383.0,-0.09274874070684805,0.0,0.17849462365591395
2025-09-10,0.5864689946174622,0.5879300236701965,0.5920640230178833,0.570734977722168,354357.0,-0.09476576803373978,0.0,0.17849462365591395
2025-09-11,0.5984920263290405,0.5864689946174622,0.6046180129051208,0.5802749991416931,672275.0,-0.11746409616478722,0.0,0.17849462365591395
2025-09-12,0.6155329942703247,0.5984920263290405,0.6155329942703247,0.5969930291175842,280250.0,-0.14684655699853347,0.0,0.17849462365591395
2025-09-13,0.7650529742240906,0.6155329942703247,0.7818350195884705,0.6154080033302307,5122580.0,-0.32031829148434016,-1.0,0.410752688172043
2025-09-14,0.8573709726333618,0.765051007270813,0.8800380229949951,0.7199919819831848,4315477.0,-0.4010527345371528,-1.0,0.410752688172043
2025-09-15,0.7575330138206482,0.8573539853096008,0.8970019817352295,0.7567269802093506,3784740.0,-0.32865013255939735,-1.0,0.410752688172043
2025-09-16,0.740336000919342,0.7575100064277649,0.7575410008430481,0.7364739775657654,1170743.0,-0.31943054781124813,-1.0,0.410752688172043
2025-09-17,0.7461529970169067,0.740336000919342,0.7468889951705933,0.7399420142173767,418900.0,-0.3311986466850479,-1.0,0.410752688172043
2025-09-18,0.7428230047225952,0.7461310029029846,0.7483779788017273,0.7423520088195801,170920.0,-0.3348297063571292,-1.0,0.410752688172043
2025-09-19,0.737155020236969,0.7428230047225952,0.7447130084037781,0.7368599772453308,283054.0,-0.33600557603740083,-1.0,0.410752688172043
2025-09-20,0.7162839770317078,0.7371770143508911,0.7383620142936707,0.7159690260887146,162885.0,-0.32272139893342117,-1.0,0.410752688172043
2025-09-21,0.6890529990196228,0.7162839770317078,0.7163699865341187,0.6889600157737732,163944.0,-0.3014896359754894,-1.0,0.410752688172043
2025-09-22,0.6617130041122437,0.6890529990196228,0.689287006855011,0.661620020866394,217911.0,-0.2775822973761992,-1.0,0.410752688172043
2025-09-23,0.6624680161476135,0.6617130041122437,0.6639649868011475,0.6564260125160217,146885.0,-0.28338876129751617,-1.0,0.410752688172043
2025-09-24,0.6574329733848572,0.6624680161476135,0.6632630228996277,0.6530029773712158,189904.0,-0.28299101264385607,-1.0,0.410752688172043
2025-09-25,0.639689028263092,0.6574329733848572,0.6576700210571289,0.6395220160484314,182623.0,-0.2680236680601098,-1.0,0.410752688172043
2025-09-26,0.6409909725189209,0.639689028263092,0.6510800123214722,0.589011013507843,4280531.0,-0.2740441686213389,-1.0,0.410752688172043
2025-09-27,0.6176360249519348,0.6409429907798767,0.6409429907798767,0.6160339713096619,1227183.0,-0.2514430015276842,-1.0,0.410752688172043
2025-09-28,0.6115009784698486,0.6176360249519348,0.6187130212783813,0.6104609966278076,450769.0,-0.24858006396674198,-1.0,0.410752688172043
2025-09-29,0.5971099734306335,0.6115009784698486,0.6197320222854614,0.5962740182876587,939893.0,-0.23484263447649278,0.0,0.17849462365591395
2025-09-30,0.6121730208396912,0.5971099734306335,0.6180149912834167,0.5968530178070068,666864.0,-0.2582309514966978,-1.0,0.410752688172043
2025-10-01,0.6150929927825928,0.6121730208396912,0.6153669953346252,0.6062260270118713,506935.0,-0.266265726555654,-1.0,0.410752688172043
2025-10-02,0.6462690234184265,0.6150929927825928,0.6471160054206848,0.6148520112037659,991506.0,-0.30654188473854793,-1.0,0.410752688172043
2025-10-03,0.6483160257339478,0.6462690234184265,0.6546639800071716,0.6373119950294495,496563.0,-0.31365329773627215,-1.0,0.410752688172043
2025-10-04,0.6273919939994812,0.6483160257339478,0.6519100069999695,0.6267200112342834,473237.0,-0.2953959637446575,-1.0,0.410752688172043
2025-10-05,0.5958070158958435,0.6273919939994812,0.6273919939994812,0.5942360162734985,397383.0,-0.26179171713817984,-1.0,0.410752688172043
2025-10-06,0.591517984867096,0.5958409905433655,0.596996009349823,0.5765380263328552,1242632.0,-0.26026061992474314,-1.0,0.410752688172043
2025-10-07,0.5824260115623474,0.591517984867096,0.5953419804573059,0.5782150030136108,1343718.0,-0.25227677109831786,-1.0,0.410752688172043
2025-10-08,0.5760819911956787,0.5824260115623474,0.5824260115623474,0.5760819911956787,229758.0,-0.24756856148009035,-1.0,0.410752688172043
2025-10-09,0.5469319820404053,0.5760819911956787,0.5772550106048584,0.5381569862365723,2218203.0,-0.2099504548371407,0.0,0.17849462365591395
2025-10-10,0.510466992855072,0.5469319820404053,0.5479120016098022,0.47512000799179077,1161316.0,-0.15522298465341117,0.0,0.17849462365591395
2025-10-11,0.5099650025367737,0.5104339718818665,0.5140330195426941,0.5072370171546936,607551.0,-0.1561204977916322,0.0,0.17849462365591395
2025-10-12,0.5161070227622986,0.5099480152130127,0.5163710117340088,0.5094259977340698,173779.0,-0.16809848326117424,0.0,0.17849462365591395
2025-10-13,0.5187249779701233,0.5161169767379761,0.5250939726829529,0.5159609913825989,229229.0,-0.1743349587251367,0.0,0.17849462365591395
2025-10-14,0.5096949934959412,0.5187249779701233,0.5189409852027893,0.509361982345581,134032.0,-0.16151674857222215,0.0,0.17849462365591395
2025-10-15,0.48431700468063354,0.5096949934959412,0.5113019943237305,0.48296400904655457,454872.0,-0.11875529421229121,0.0,0.17849462365591395
2025-10-16,0.46598300337791443,0.48431500792503357,0.4844990074634552,0.46598300337791443,313565.0,-0.08485834171752286,0.0,0.17849462365591395
2025-10-17,0.47381600737571716,0.46598300337791443,0.5245029926300049,0.46598300337791443,2335272.0,-0.10150078674395271,0.0,0.17849462365591395
2025-10-18,0.48356300592422485,0.47381600737571716,0.48492300510406494,0.47126200795173645,350040.0,-0.12246492436613261,0.0,0.17849462365591395
2025-10-19,0.49093300104141235,0.48356300592422485,0.49660301208496094,0.48127299547195435,307085.0,-0.13851651064139298,0.0,0.17849462365591395
2025-10-20,0.4912849962711334,0.49093300104141235,0.49306198954582214,0.4879179894924164,212284.0,-0.14185721496081977,0.0,0.17849462365591395
2025-10-21,0.5004069805145264,0.4912869930267334,0.5007609724998474,0.48917898535728455,267690.0,-0.160400780434332,0.0,0.17849462365591395
2025-10-22,0.48945000767707825,0.5004069805145264,0.501891016960144,0.4886919856071472,320809.0,-0.14439648275184275,0.0,0.17849462365591395
2025-10-23,0.49653300642967224,0.48945000767707825,0.4995970129966736,0.4891679883003235,290547.0,-0.159367280931126,0.0,0.17849462365591395
2025-10-24,0.5019159913063049,0.49653300642967224,0.503574013710022,0.4961149990558624,213019.0,-0.17121755619717144,0.0,0.17849462365591395
2025-10-25,0.49656999111175537,0.5019159913063049,0.5021010041236877,0.49650999903678894,131566.0,-0.16491704600627566,0.0,0.17849462365591395
2025-10-26,0.49494799971580505,0.49656999111175537,0.49735701084136963,0.4948039948940277,127436.0,-0.16481605829239118,0.0,0.17849462365591395
2025-10-27,0.4831629991531372,0.49494799971580505,0.4986819922924042,0.47864601016044617,648403.0,-0.1468268967018987,0.0,0.17849462365591395
2025-10-28,0.4763000011444092,0.48312199115753174,0.4849280118942261,0.47628799080848694,172233.0,-0.13682766085319437,0.0,0.17849462365591395
2025-10-29,0.47776299715042114,0.47641101479530334,0.4806169867515564,0.47460201382637024,201466.0,-0.1419158023923421,0.0,0.17849462365591395
2025-10-30,0.47545599937438965,0.47776299715042114,0.484017014503479,0.4749760031700134,535197.0,-0.1401379280897932,0.0,0.17849462365591395
2025-10-31,0.4734160006046295,0.47545599937438965,0.47613900899887085,0.4708839952945709,265621.0,-0.13854445744377286,0.0,0.17849462365591395
2025-11-01,0.46595901250839233,0.47340500354766846,0.47379499673843384,0.4633699953556061,298160.0,-0.12665395874115548,0.0,0.17849462365591395
2025-11-02,0.45788899064064026,0.4659369885921478,0.4659369885921478,0.45763298869132996,308389.0,-0.11304670630665693,0.0,0.17849462365591395
2025-11-03,0.4066689908504486,0.45788899064064026,0.4585599899291992,0.40146198868751526,418043.0,-0.0016250791994336805,0.0,0.17849462365591395
2025-11-04,0.36309200525283813,0.4066689908504486,0.42085298895835876,0.3315359950065613,4159420.0,0.11949910635875066,0.0,0.17849462365591395
2025-11-05,0.356795996427536,0.36309200525283813,0.382097989320755,0.34109899401664734,1035157.0,0.140813801393281,0.0,0.17849462365591395
2025-11-06,0.34915998578071594,0.3565939962863922,0.362280011177063,0.3449380099773407,370944.0,0.1675385101797919,0.0,0.17849462365591395
2025-11-07,0.476485013961792,0.34915998578071594,0.48574098944664,0.33823299407958984,2521991.0,-0.14702952556138385,0.0,0.17849462365591395
2025-11-08,0.4522779881954193,0.476485013961792,0.4994780123233795,0.44351500272750854,1602237.0,-0.10362339994610989,0.0,0.17849462365591395
2025-11-09,0.4420129954814911,0.4522779881954193,0.4602780044078827,0.43162301182746887,1175632.0,-0.08451520665077018,0.0,0.17849462365591395
2025-11-10,0.44968199729919434,0.4417720139026642,0.47918999195098877,0.4395120143890381,1531483.0,-0.10188250158760784,0.0,0.17849462365591395
2025-11-11,0.41758498549461365,0.44968199729919434,0.44991999864578247,0.4163219928741455,435268.0,-0.033692863005485824,0.0,0.17849462365591395
2025-11-12,0.3921099901199341,0.41758498549461365,0.42993199825286865,0.3909919857978821,1835356.0,0.02922689950459446,0.0,0.17849462365591395
2025-11-13,0.387364000082016,0.39211100339889526,0.3931800127029419,0.3839080035686493,141389.0,0.04215593086887944,0.0,0.17849462365591395
2025-11-14,0.37219101190567017,0.387364000082016,0.38975098729133606,0.3721889853477478,279869.0,0.08550931854608679,0.0,0.17849462365591395
2025-11-15,0.3601509928703308,0.37220099568367004,0.40189000964164734,0.35540199279785156,3389532.0,0.12313302486130652,0.0,0.17849462365591395
2025-11-16,0.4046489894390106,0.3601570129394531,0.4046489894390106,0.3597550094127655,472524.0,-0.001257350602165545,0.0,0.17849462365591395
2025-11-17,0.4003390073776245,0.40461400151252747,0.4121690094470978,0.39526501297950745,339073.0,0.008875637844290612,0.0,0.17849462365591395
2025-11-18,0.4193960130214691,0.4003390073776245,0.4203290045261383,0.39882799983024597,229649.0,-0.037700963602796206,0.0,0.17849462365591395
2025-11-19,0.4059309959411621,0.4193960130214691,0.4198090136051178,0.40564200282096863,128181.0,-0.005924007136565831,0.0,0.17849462365591395
2025-11-20,0.4024749994277954,0.4059939980506897,0.4059939980506897,0.40244799852371216,116502.0,0.0025836130899730345,0.0,0.17849462365591395
2025-11-21,0.39513298869132996,0.4024749994277954,0.40409401059150696,0.39505401253700256,162796.0,0.022043551210129568,0.0,0.17849462365591395
2025-11-22,0.3933750092983246,0.3951379954814911,0.3953549861907959,0.3926149904727936,106196.0,0.027357547953253465,0.0,0.17849462365591395
2025-11-23,0.398158997297287,0.3933750092983246,0.4001629948616028,0.38601699471473694,184616.0,0.014367623263477217,0.0,0.17849462365591395
2025-11-24,0.39860999584198,0.398158997297287,0.4012959897518158,0.394665002822876,105202.0,0.013133184859863901,0.0,0.17849462365591395
2025-11-25,0.39008399844169617,0.39860999584198,0.39945000410079956,0.38965898752212524,165618.0,0.034830862575197206,0.0,0.17849462365591395
2025-11-26,0.3838360011577606,0.39008399844169617,0.3923409879207611,0.38132500648498535,174262.0,0.05125077359294189,0.0,0.17849462365591395
2025-11-27,0.37840500473976135,0.3838360011577606,0.3843249976634979,0.36939001083374023,171921.0,0.06614440778389974,0.0,0.17849462365591395
2025-11-28,0.39120998978614807,0.3775089979171753,0.39789798855781555,0.3769780099391937,283176.0,0.03068076034163274,0.0,0.17849462365591395
2025-11-29,0.3910839855670929,0.39120998978614807,0.3937720060348511,0.3889029920101166,106917.0,0.029367065552308096,0.0,0.17849462365591395
2025-11-30,0.3893299996852875,0.3910839855670929,0.3917889893054962,0.38829800486564636,69971.0,0.031539808684375246,0.0,0.17849462365591395
2025-12-01,0.37842199206352234,0.3893490135669708,0.3902049958705902,0.3772999942302704,179720.0,0.05916716962045124,0.0,0.17849462365591395
2025-12-02,0.3940190076828003,0.37842199206352234,0.3960829973220825,0.3780359923839569,171544.0,0.0146640457833171,0.0,0.17849462365591395
2025-12-03,0.39490100741386414,0.39402100443840027,0.3965579867362976,0.3926819860935211,133437.0,0.008864916444067677,0.0,0.17849462365591395
2025-12-04,0.4068799912929535,0.39490100741386414,0.40727001428604126,0.3942919969558716,189391.0,-0.024743740091489653,0.0,0.17849462365591395
2025-12-05,0.4191800057888031,0.4068570137023926,0.4314189851284027,0.4068570137023926,404757.0,-0.05734649499591808,0.0,0.17849462365591395
2025-12-06,0.41818198561668396,0.4191800057888031,0.4211919903755188,0.41722598671913147,122115.0,-0.05892452080423326,0.0,0.17849462365591395
2025-12-07,0.40977901220321655,0.41818198561668396,0.418956995010376,0.4089049994945526,136598.0,-0.043290201415764784,0.0,0.17849462365591395
2025-12-08,0.40672799944877625,0.40977901220321655,0.41056299209594727,0.4051789939403534,106798.0,-0.039640770557661215,0.0,0.17849462365591395
2025-12-09,0.42594000697135925,0.40672799944877625,0.4359680116176605,0.3929089903831482,797499.0,-0.08693348973467291,0.0,0.17849462365591395
2025-12-10,0.39597898721694946,0.42578399181365967,0.42578399181365967,0.39412298798561096,289342.0,-0.020956303168678553,0.0,0.17849462365591395
2025-12-11,0.40121200680732727,0.39597898721694946,0.4402430057525635,0.3918739855289459,1544988.0,-0.03706335197229012,0.0,0.17849462365591395
2025-12-12,0.40390101075172424,0.40121200680732727,0.4111909866333008,0.40021398663520813,334515.0,-0.04680855493123541,0.0,0.17849462365591395
2025-12-13,0.4055579900741577,0.40390101075172424,0.4081130027770996,0.39868199825286865,162619.0,-0.054527581757351194,0.0,0.17849462365591395
2025-12-14,0.40965500473976135,0.4055579900741577,0.40966400504112244,0.4002929925918579,172889.0,-0.06830451622718552,0.0,0.17849462365591395
2025-12-15,0.4128499925136566,0.40974101424217224,0.42546701431274414,0.40974101424217224,264917.0,-0.07997326918665462,0.0,0.17849462365591395
2025-12-16,0.41218701004981995,0.4128499925136566,0.413222998380661,0.40966901183128357,128128.0,-0.08277866852255092,0.0,0.17849462365591395
2025-12-17,0.4123010039329529,0.41218701004981995,0.41416800022125244,0.41207098960876465,118917.0,-0.08746457467588209,0.0,0.17849462365591395
2025-12-18,0.43054598569869995,0.4123010039329529,0.4310620129108429,0.4114289879798889,270712.0,-0.1307480259129581,0.0,0.17849462365591395
2025-12-19,0.42423900961875916,0.4305739998817444,0.43254899978637695,0.4237549901008606,181326.0,-0.12246753985020085,0.0,0.17849462365591395
2025-12-20,0.4288249909877777,0.42423900961875916,0.43030300736427307,0.42271798849105835,147121.0,-0.13745695060613236,0.0,0.17849462365591395
2025-12-21,0.42576900124549866,0.4288249909877777,0.4323689937591553,0.4246470034122467,137317.0,-0.13649137611749845,0.0,0.17849462365591395
2025-12-22,0.4463779926300049,0.42576900124549866,0.452008992433548,0.42520299553871155,419274.0,-0.18192384731352657,0.0,0.17849462365591395
2025-12-23,0.4458959996700287,0.4463779926300049,0.447035014629364,0.4449709951877594,135984.0,-0.18636795967060726,0.0,0.17849462365591395
2025-12-24,0.4447140097618103,0.4458959996700287,0.446025013923645,0.4402430057525635,145917.0,-0.18968943400793795,0.0,0.17849462365591395
2025-12-25,0.4421960115432739,0.4447140097618103,0.4458500146865845,0.43813198804855347,183877.0,-0.19051398407729161,0.0,0.17849462365591395
2025-12-26,0.4404970109462738,0.4421530067920685,0.44235900044441223,0.43963301181793213,99867.0,-0.19284064164494472,0.0,0.17849462365591395
2025-12-27,0.44143998622894287,0.4404970109462738,0.4420360028743744,0.4396730065345764,101726.0,-0.20011498284778242,0.0,0.17849462365591395
2025-12-28,0.44221699237823486,0.44144099950790405,0.44262000918388367,0.440762996673584,93814.0,-0.20712713766444846,0.0,0.17849462365591395
2025-12-29,0.43924400210380554,0.44221699237823486,0.44362199306488037,0.4387420117855072,221872.0,-0.20733729507323959,0.0,0.17849462365591395
2025-12-30,0.4207470118999481,0.43924400210380554,0.4394800066947937,0.41904300451278687,280487.0,-0.17767060430484033,0.0,0.17849462365591395
2025-12-31,0.38145700097084045,0.4207470118999481,0.42117899656295776,0.3781430125236511,399255.0,-0.09719982614031501,0.0,0.17849462365591395
2026-01-01,0.3863840103149414,0.38145700097084045,0.386694997549057,0.3789699971675873,156135.0,-0.11295039270616555,0.0,0.17849462365591395
2026-01-02,0.3922730088233948,0.38636699318885803,0.39329099655151367,0.3822129964828491,218890.0,-0.13075923549433216,0.0,0.17849462365591395
2026-01-03,0.39300599694252014,0.3922730088233948,0.3933889865875244,0.3917140066623688,93130.0,-0.13734254026655845,0.0,0.17849462365591395
2026-01-04,0.38835400342941284,0.39300599694252014,0.39677900075912476,0.386339008808136,224724.0,-0.1318948189249681,0.0,0.17849462365591395
2026-01-05,0.3949120044708252,0.38835400342941284,0.39699798822402954,0.38804998993873596,253825.0,-0.15135972896511912,0.0,0.17849462365591395
2026-01-06,0.3966340124607086,0.3947660028934479,0.39675799012184143,0.38975900411605835,266000.0,-0.1604213552623702,0.0,0.17849462365591395
2026-01-07,0.40022000670433044,0.3966520130634308,0.4006049931049347,0.3961249887943268,197910.0,-0.17341902395963876,0.0,0.17849462365591395
2026-01-08,0.3984139859676361,0.40022000670433044,0.40377500653266907,0.3984139859676361,195144.0,-0.1753293390469024,0.0,0.17849462365591395
2026-01-09,0.3979929983615875,0.3984200060367584,0.39921799302101135,0.39708399772644043,166520.0,-0.18062730551991607,0.0,0.17849462365591395
2026-01-10,0.3954409956932068,0.3979929983615875,0.39874300360679626,0.3949489891529083,172426.0,-0.18140929040669168,0.0,0.17849462365591395
2026-01-11,0.3913230001926422,0.3954409956932068,0.39633700251579285,0.3912160098552704,180851.0,-0.17880701262071802,0.0,0.17849462365591395
2026-01-12,0.3915179967880249,0.3913230001926422,0.3930700123310089,0.39045900106430054,148427.0,-0.18549127271839416,0.0,0.17849462365591395
2026-01-13,0.39943501353263855,0.3915179967880249,0.3997650146484375,0.39014101028442383,275086.0,-0.208342754760746,0.0,0.17849462365591395
2026-01-14,0.4005889892578125,0.39943501353263855,0.40130001306533813,0.3965719938278198,250591.0,-0.2170339411942046,0.0,0.17849462365591395
2026-01-15,0.39740800857543945,0.4005889892578125,0.4007300138473511,0.39393600821495056,307361.0,-0.2169101868389072,0.0,0.17849462365591395
2026-01-16,0.39793500304222107,0.3960610032081604,0.40152299404144287,0.39564499258995056,211516.0,-0.2239910870833861,0.0,0.17849462365591395
2026-01-17,0.3980979919433594,0.39793500304222107,0.40070998668670654,0.3970330059528351,89529.0,-0.23102360018677734,0.0,0.17849462365591395
2026-01-18,0.3979859948158264,0.3980979919433594,0.3991909921169281,0.3976379930973053,119927.0,-0.23746114435578738,0.0,0.17849462365591395
2026-01-19,0.3950349986553192,0.3979859948158264,0.3984740078449249,0.3947109878063202,156107.0,-0.23829294055931954,0.0,0.17849462365591395
2026-01-20,0.3854590058326721,0.3950349986553192,0.39550599455833435,0.38510701060295105,245599.0,-0.22564787247088533,0.0,0.17849462365591395
2026-01-21,0.37707599997520447,0.3854590058326721,0.3854590058326721,0.3758920133113861,201162.0,-0.21470343426217062,0.0,0.17849462365591395
2026-01-22,0.38612601161003113,0.37707599997520447,0.3955639898777008,0.37645798921585083,419993.0,-0.23965176628887527,-1.0,0.410752688172043
2026-01-23,0.39130300283432007,0.38612601161003113,0.3946189880371094,0.3858239948749542,254661.0,-0.2560672747050456,-1.0,0.410752688172043
2026-01-24,0.3915430009365082,0.39130300283432007,0.39193299412727356,0.390065997838974,135029.0,-0.26317840355230593,-1.0,0.410752688172043
2026-01-25,0.39616501331329346,0.3915430009365082,0.3984229862689972,0.39088401198387146,245465.0,-0.2784970376525825,-1.0,0.410752688172043
2026-01-26,0.39650601148605347,0.39616501331329346,0.3983500003814697,0.3954859972000122,130300.0,-0.28588342667772276,-1.0,0.410752688172043
2026-01-27,0.39610201120376587,0.39650601148605347,0.3981029987335205,0.39542800188064575,133143.0,-0.2918591178816837,-1.0,0.410752688172043
2026-01-28,0.3957200050354004,0.39610201120376587,0.3978390097618103,0.3946309983730316,205157.0,-0.2978863101391938,-1.0,0.410752688172043
2026-01-29,0.37821099162101746,0.39572200179100037,0.39609500765800476,0.3777259886264801,270269.0,-0.27177974180128517,-1.0,0.410752688172043
2026-01-30,0.38199201226234436,0.37821099162101746,0.382858008146286,0.37399500608444214,259186.0,-0.2854501414527629,-1.0,0.410752688172043
2026-01-31,0.3966119885444641,0.38199201226234436,0.3975450098514557,0.3687480092048645,288056.0,-0.3185439245012783,-1.0,0.410752688172043
2026-02-01,0.4016300141811371,0.3966119885444641,0.40338099002838135,0.3951370120048523,196035.0,-0.33392643445231784,-1.0,0.410752688172043
2026-02-02,0.4016300141811371,0.3966119885444641,0.40338099002838135,0.3951370120048523,196035.0,-0.3407911301173311,-1.0,0.410752688172043
2026-02-03,0.41942599415779114,0.42564401030540466,0.4293479919433594,0.41162699460983276,184963.0,-0.3758695350866395,-1.0,0.410752688172043
2026-02-04,0.41510599851608276,0.41994500160217285,0.4222629964351654,0.40806299448013306,192634.0,-0.3763942843578079,-1.0,0.410752688172043
2026-02-05,0.37912699580192566,0.41510599851608276,0.4262320101261139,0.3627139925956726,749317.0,-0.3235659235989507,-1.0,0.410752688172043
2026-02-06,0.39605098962783813,0.37912699580192566,0.39686301350593567,0.3730219900608063,395103.0,-0.3591855688318352,-1.0,0.410752688172043
2026-02-07,0.3772040009498596,0.39605098962783813,0.3963260054588318,0.37506499886512756,205504.0,-0.33348765810994213,-1.0,0.410752688172043
2026-02-08,0.3717690110206604,0.3772040009498596,0.3808859884738922,0.3696120083332062,133369.0,-0.32997468439535926,-1.0,0.410752688172043
2026-02-09,0.372965008020401,0.3717690110206604,0.37419599294662476,0.36537501215934753,166938.0,-0.3384039142661911,-1.0,0.410752688172043
2026-02-10,0.3747990131378174,0.372965008020401,0.3811439871788025,0.37296199798583984,180321.0,-0.34794475518663126,-1.0,0.410752688172043
2026-02-11,0.3434549868106842,0.3747990131378174,0.37649598717689514,0.34005001187324524,272813.0,-0.29406623132711446,-1.0,0.410752688172043
2026-02-12,0.31832098960876465,0.3434549868106842,0.34473198652267456,0.2759459912776947,669843.0,-0.24329428765630448,-1.0,0.410752688172043
2026-02-13,0.3194260001182556,0.31832098960876465,0.31987300515174866,0.31715500354766846,111206.0,-0.250481859723345,-1.0,0.410752688172043
2026-02-14,0.3188920021057129,0.3194260001182556,0.32056498527526855,0.3171229958534241,107291.0,-0.254136327404427,-1.0,0.410752688172043
2026-02-15,0.29166001081466675,0.31889399886131287,0.31996798515319824,0.29134801030158997,176153.0,-0.1886058848243743,0.0,0.17849462365591395
2026-02-16,0.2892560064792633,0.2916730046272278,0.29983600974082947,0.28903698921203613,183135.0,-0.1857454700415126,0.0,0.17849462365591395
2026-02-17,0.29554399847984314,0.2892560064792633,0.2958739995956421,0.2737269997596741,515303.0,-0.20717329037176013,0.0,0.17849462365591395
2026-02-18,0.29973098635673523,0.29554399847984314,0.300121009349823,0.29329800605773926,126930.0,-0.2225308960711086,0.0,0.17849462365591395
2026-02-19,0.29868900775909424,0.29973098635673523,0.3014400005340576,0.29816100001335144,118508.0,-0.22385705873618872,0.0,0.17849462365591395
2026-02-20,0.30056700110435486,0.29868900775909424,0.305851012468338,0.2982630133628845,228176.0,-0.23264417845265523,0.0,0.17849462365591395
2026-02-21,0.3006260097026825,0.30056801438331604,0.3017739951610565,0.30009400844573975,93760.0,-0.23608653486934023,0.0,0.17849462365591395
2026-02-22,0.3048979938030243,0.3006260097026825,0.3055399954319,0.30010300874710083,112281.0,-0.2504254697654568,-1.0,0.410752688172043
2026-02-23,0.30212700366973877,0.3048979938030243,0.3052070140838623,0.3016059994697571,114721.0,-0.24748413001616387,-1.0,0.410752688172043
2026-02-24,0.30424100160598755,0.30212700366973877,0.3055030107498169,0.30174899101257324,104193.0,-0.2571292865457834,-1.0,0.410752688172043
2026-02-25,0.2907769978046417,0.30424100160598755,0.33689799904823303,0.2907769978046417,683664.0,-0.22623168602957483,0.0,0.17849462365591395
2026-02-26,0.2786619961261749,0.29049599170684814,0.2905080020427704,0.26713699102401733,382675.0,-0.19595437170818078,0.0,0.17849462365591395
2026-02-27,0.27663901448249817,0.2786619961261749,0.281264990568161,0.27583399415016174,188842.0,-0.1931221547177277,0.0,0.17849462365591395
2026-02-28,0.28148001432418823,0.27663901448249817,0.2819199860095978,0.2760629951953888,215790.0,-0.20999537419548978,0.0,0.17849462365591395
2026-03-01,0.27706998586654663,0.28148001432418823,0.2819649875164032,0.2769849896430969,105056.0,-0.2007230175372527,0.0,0.17849462365591395
2026-03-02,0.2835580110549927,0.27706998586654663,0.2856670022010803,0.2710169851779938,202418.0,-0.22235679870752412,0.0,0.17849462365591395
2026-03-03,0.2784999907016754,0.2835580110549927,0.28366899490356445,0.27777099609375,136629.0,-0.21120163294693833,0.0,0.17849462365591395
2026-03-04,0.25096699595451355,0.2784999907016754,0.30691200494766235,0.249890998005867,1142599.0,-0.1262577823954041,0.0,0.17849462365591395
2026-03-05,0.26113298535346985,0.25096699595451355,0.2872200012207031,0.25017601251602173,874904.0,-0.1619594109323536,0.0,0.17849462365591395
2026-03-06,0.26256099343299866,0.26111599802970886,0.2629849910736084,0.2570529878139496,116619.0,-0.1679325876676129,0.0,0.17849462365591395
2026-03-07,0.27007800340652466,0.26256099343299866,0.27102500200271606,0.26220500469207764,170652.0,-0.19297504135466054,0.0,0.17849462365591395
2026-03-08,0.2642419934272766,0.27007898688316345,0.2702069878578186,0.26409101486206055,118684.0,-0.17636600186679194,0.0,0.17849462365591395
2026-03-09,0.2642279863357544,0.2642419934272766,0.26507899165153503,0.26333099603652954,99914.0,-0.17769180549461328,0.0,0.17849462365591395
2026-03-10,0.2628819942474365,0.2642279863357544,0.26546698808670044,0.26256099343299866,110284.0,-0.17482371601172544,0.0,0.17849462365591395
2026-03-11,0.2601360082626343,0.2628819942474365,0.2637369930744171,0.26006200909614563,102502.0,-0.1663352628577067,0.0,0.17849462365591395
2026-03-12,0.2587429881095886,0.2601360082626343,0.26148998737335205,0.25825899839401245,109713.0,-0.16050796898418646,0.0,0.17849462365591395
2026-03-13,0.25797998905181885,0.2587429881095886,0.2627139985561371,0.2579750120639801,96073.0,-0.15649726941969236,0.0,0.17849462365591395
2026-03-14,0.2594490051269531,0.25797998905181885,0.26124200224876404,0.25701600313186646,107288.0,-0.1603009026419234,0.0,0.17849462365591395
2026-03-15,0.26208099722862244,0.2594490051269531,0.2631930112838745,0.25944799184799194,103301.0,-0.16781977852211247,0.0,0.17849462365591395
2026-03-16,0.2651970088481903,0.26208099722862244,0.26621800661087036,0.2618809938430786,116401.0,-0.17722783672909173,0.0,0.17849462365591395
2026-03-17,0.26187801361083984,0.2651750147342682,0.2655479907989502,0.26058000326156616,176174.0,-0.16589826425520926,0.0,0.17849462365591395
2026-03-18,0.2486959993839264,0.26187700033187866,0.26194700598716736,0.2462719976902008,163798.0,-0.1185771976790704,0.0,0.17849462365591395
2026-03-19,0.24794399738311768,0.24869400262832642,0.24879999458789825,0.24574999511241913,113413.0,-0.11256818220062935,0.0,0.17849462365591395
2026-03-20,0.24736399948596954,0.24794399738311768,0.2485080063343048,0.24656599760055542,107223.0,-0.10657955458874022,0.0,0.17849462365591395
2026-03-21,0.23880800604820251,0.24736499786376953,0.24736499786376953,0.23604999482631683,125219.0,-0.06858825597496447,0.0,0.17849462365591395
2026-03-22,0.2380709946155548,0.23880800604820251,0.23881499469280243,0.23645800352096558,90039.0,-0.059327611329204395,0.0,0.17849462365591395
2026-03-23,0.23162400722503662,0.2380709946155548,0.23865799605846405,0.2312690019607544,114503.0,-0.025470888014235867,0.0,0.17849462365591395
2026-03-24,0.21626900136470795,0.23162400722503662,0.23249700665473938,0.21626600623130798,218413.0,0.050933560898478544,0.0,0.17849462365591395
2026-03-25,0.21782100200653076,0.21626900136470795,0.22093500196933746,0.21105599403381348,198951.0,0.050104671183608264,0.0,0.17849462365591395
2026-03-26,0.2172289937734604,0.21782100200653076,0.2261669933795929,0.21722400188446045,224175.0,0.0605845585066316,0.0,0.17849462365591395
2026-03-27,0.20970900356769562,0.2172289937734604,0.2172289937734604,0.2052209973335266,175190.0,0.10690855170190663,0.0,0.17849462365591395
2026-03-28,0.20117400586605072,0.20970900356769562,0.20973800122737885,0.20089900493621826,128634.0,0.16207117593967577,0.0,0.17849462365591395
2026-03-29,0.21055400371551514,0.20117400586605072,0.22173699736595154,0.2011599987745285,274150.0,0.11742796753430125,0.0,0.17849462365591395
2026-03-30,0.21674300730228424,0.21055300533771515,0.2168560028076172,0.21049199998378754,145947.0,0.09205162723672418,0.0,0.17849462365591395
2026-03-31,0.2199610024690628,0.21674300730228424,0.22305400669574738,0.21671299636363983,124965.0,0.08037375555922154,0.0,0.17849462365591395
2026-04-01,0.20028500258922577,0.2199610024690628,0.22016100585460663,0.20017500221729279,183935.0,0.19284018572414385,1.0,0.410752688172043
2026-04-02,0.20202100276947021,0.20028500258922577,0.20438499748706818,0.19935999810695648,96439.0,0.18820466054441595,1.0,0.410752688172043
2026-04-03,0.20420099794864655,0.20202100276947021,0.2094630002975464,0.1907770037651062,250001.0,0.18087895886387054,0.0,0.17849462365591395
2026-04-04,0.20638300478458405,0.20420099794864655,0.20791000127792358,0.20196500420570374,128787.0,0.17399627186221958,0.0,0.17849462365591395
2026-04-05,0.20210200548171997,0.20638300478458405,0.20664100348949432,0.20158900320529938,141971.0,0.20431324245165247,1.0,0.410752688172043
2026-04-06,0.19918300211429596,0.20201699435710907,0.21092599630355835,0.19863100349903107,308417.0,0.2279584260459846,1.0,0.410752688172043
2026-04-07,0.2072560042142868,0.19918300211429596,0.20741400122642517,0.19262899458408356,348276.0,0.18540998954272217,1.0,0.410752688172043
2026-04-08,0.19871599972248077,0.2072560042142868,0.20730699598789215,0.19869600236415863,154337.0,0.2429908818474241,1.0,0.410752688172043
2026-04-09,0.1990949958562851,0.19871599972248077,0.2000270038843155,0.19661599397659302,128307.0,0.24783390823973453,1.0,0.410752688172043
2026-04-10,0.1979849934577942,0.1990949958562851,0.20295000076293945,0.1976729929447174,133353.0,0.262988640028184,1.0,0.410752688172043
2026-04-11,0.19959600269794464,0.1979849934577942,0.20113199949264526,0.19639000296592712,124222.0,0.2603105405912062,1.0,0.410752688172043
2026-04-12,0.19920599460601807,0.19959600269794464,0.20056800544261932,0.19646699726581573,126837.0,0.2705750278949656,1.0,0.410752688172043
2026-04-13,0.19916599988937378,0.19931699335575104,0.20015999674797058,0.19645600020885468,135370.0,0.2773921307952258,1.0,0.410752688172043
2026-04-14,0.19931800663471222,0.19916599988937378,0.20511600375175476,0.1985349953174591,199494.0,0.28320290800680126,1.0,0.410752688172043
2026-04-15,0.1983889937400818,0.19931800663471222,0.20001700520515442,0.19589699804782867,160612.0,0.29554947446579055,1.0,0.410752688172043
2026-04-16,0.19750000536441803,0.1983889937400818,0.20106899738311768,0.1971690058708191,153271.0,0.30754563460864753,1.0,0.410752688172043
2026-04-17,0.19760699570178986,0.19750000536441803,0.1989160031080246,0.19489499926567078,158420.0,0.3127469077868217,1.0,0.410752688172043
2026-04-18,0.19879299402236938,0.19760699570178986,0.20162299275398254,0.19735999405384064,200957.0,0.31085850042099356,1.0,0.410752688172043
2026-04-19,0.19946500658988953,0.19879299402236938,0.20342299342155457,0.19724200665950775,225622.0,0.31206093298986776,1.0,0.410752688172043
2026-04-20,0.20093099772930145,0.19946500658988953,0.20169900357723236,0.19823500514030457,138558.0,0.30769680566309987,1.0,0.410752688172043
2026-04-21,0.19926799833774567,0.20093099772930145,0.20190200209617615,0.19842399656772614,181013.0,0.3240003087948697,1.0,0.410752688172043
2026-04-22,0.20078299939632416,0.19926799833774567,0.2105959951877594,0.1989459991455078,275295.0,0.3193823215691853,1.0,0.410752688172043
2026-04-23,0.20035000145435333,0.20078299939632416,0.20231400430202484,0.19569000601768494,250360.0,0.3276086303226498,1.0,0.410752688172043
2026-04-24,0.1996230036020279,0.20035000145435333,0.20160700380802155,0.19920499622821808,109267.0,0.33774242748899735,1.0,0.410752688172043
2026-04-25,0.199972003698349,0.1996230036020279,0.20097100734710693,0.1994429975748062,84108.0,0.3404725698502013,1.0,0.410752688172043
2026-04-26,0.2003989964723587,0.199972003698349,0.20074400305747986,0.19955100119113922,79142.0,0.3425930328386496,1.0,0.410752688172043
2026-04-27,0.2013150006532669,0.2003999948501587,0.2050040066242218,0.20013000071048737,119375.0,0.34123763850272043,1.0,0.410752688172043
2026-04-28,0.21140600740909576,0.2013150006532669,0.21222500503063202,0.20069900155067444,228537.0,0.2810045298696174,1.0,0.410752688172043
2026-04-29,0.20303599536418915,0.21140600740909576,0.22531799972057343,0.2028689980506897,307048.0,0.3389269392455694,1.0,0.410752688172043
2026-04-30,0.20295299589633942,0.20303599536418915,0.20342999696731567,0.20066900551319122,85493.0,0.3444887149949102,1.0,0.410752688172043
2026-05-01,0.2061389982700348,0.20295299589633942,0.20892000198364258,0.20291399955749512,117329.0,0.32835283939597343,1.0,0.410752688172043
2026-05-02,0.20579400658607483,0.2061389982700348,0.20812800526618958,0.20431700348854065,87158.0,0.33504347269250495,1.0,0.410752688172043
2026-05-03,0.20474499464035034,0.20579400658607483,0.20695899426937103,0.20372700691223145,96143.0,0.3469742850586104,1.0,0.410752688172043
2026-05-04,0.20942899584770203,0.20474499464035034,0.20984500646591187,0.20195800065994263,121368.0,0.32137211336127963,1.0,0.410752688172043
2026-05-05,0.21298600733280182,0.20942899584770203,0.21491500735282898,0.20942799746990204,127403.0,0.30415197072067746,1.0,0.410752688172043
2026-05-06,0.22739699482917786,0.21298600733280182,0.22986100614070892,0.21298600733280182,181099.0,0.2251687953652338,1.0,0.410752688172043
2026-05-07,0.22287000715732574,0.22739699482917786,0.2314939945936203,0.21956700086593628,170855.0,0.2535967091897192,1.0,0.410752688172043
2026-05-08,0.21418499946594238,0.22287000715732574,0.22459299862384796,0.20850299298763275,244122.0,0.3089341810901698,1.0,0.410752688172043
2026-05-09,0.20481200516223907,0.21418499946594238,0.21529200673103333,0.2002449929714203,216786.0,0.3740613289166218,1.0,0.410752688172043
2026-05-10,0.21546700596809387,0.204817995429039,0.21601900458335876,0.2035669982433319,163527.0,0.310691419718819,1.0,0.410752688172043
2026-05-11,0.20931899547576904,0.2154030054807663,0.2159309983253479,0.20726299285888672,277725.0,0.354791618742517,1.0,0.410752688172043
2026-05-12,0.21425199508666992,0.20931899547576904,0.21940000355243683,0.20900599658489227,223915.0,0.3292596224674061,1.0,0.410752688172043
2026-05-13,0.21907000243663788,0.21425199508666992,0.2208620011806488,0.21367000043392181,249740.0,0.30539453009610723,1.0,0.410752688172043
2026-05-14,0.20937100052833557,0.21917499601840973,0.21924200654029846,0.20899100601673126,217447.0,0.3721346372260743,1.0,0.410752688172043
2026-05-15,0.21335400640964508,0.20937100052833557,0.21335500478744507,0.2087409943342209,123342.0,0.3525733587787535,1.0,0.410752688172043
2026-05-16,0.2173299938440323,0.21335400640964508,0.21738600730895996,0.21326600015163422,118962.0,0.33452195268950813,1.0,0.410752688172043
2026-05-17,0.22137600183486938,0.2173299938440323,0.22327199578285217,0.2171040028333664,145372.0,0.3164004217239439,1.0,0.410752688172043
2026-05-18,0.2285420000553131,0.22053000330924988,0.23284800350666046,0.20712099969387054,403369.0,0.278893145250207,0.0,0.17849462365591395
2026-05-19,0.23506300151348114,0.22855600714683533,0.23630400002002716,0.22414299845695496,201594.0,0.24679548458615447,0.0,0.17849462365591395
2026-05-20,0.23242999613285065,0.23506399989128113,0.23960399627685547,0.225832000374794,208796.0,0.2645943107186413,0.0,0.17849462365591395
2026-05-21,0.2404879927635193,0.23242999613285065,0.24093900620937347,0.2313160002231598,131354.0,0.22539632694548065,0.0,0.17849462365591395
2026-05-22,0.2374510020017624,0.2404879927635193,0.2406499981880188,0.23619399964809418,95393.0,0.2445628621582136,0.0,0.17849462365591395
2026-05-23,0.23677100241184235,0.2374510020017624,0.24336400628089905,0.2337930053472519,152364.0,0.2517862879651638,0.0,0.17849462365591395
2026-05-24,0.2558610141277313,0.23677100241184235,0.25762999057769775,0.23676800727844238,179072.0,0.16075345091593585,0.0,0.17849462365591395
2026-05-25,0.2843810021877289,0.2558610141277313,0.29107001423835754,0.25493600964546204,323423.0,0.04501574226470145,0.0,0.17849462365591395
2026-05-26,0.28714698553085327,0.2843810021877289,0.31863999366760254,0.2843779921531677,314054.0,0.03548716688362818,0.0,0.17849462365591395
2026-05-27,0.27811700105667114,0.28714698553085327,0.2873319983482361,0.2750970125198364,160733.0,0.07018747566185293,0.0,0.17849462365591395
2026-05-28,0.279805988073349,0.27811700105667114,0.28368499875068665,0.2737880051136017,148476.0,0.06473907347348072,0.0,0.17849462365591395
2026-05-29,0.27245599031448364,0.2798050045967102,0.2804419994354248,0.27120599150657654,127438.0,0.09496981118411461,0.0,0.17849462365591395
2026-05-30,0.2793560028076172,0.27245599031448364,0.2826150059700012,0.27241599559783936,146220.0,0.06903788777907652,0.0,0.17849462365591395
2026-05-31,0.3059290051460266,0.2793560028076172,0.30819499492645264,0.2766900062561035,308960.0,-0.02421575400715071,0.0,0.17849462365591395
2026-06-01,0.3091470003128052,0.3059299886226654,0.3091470003128052,0.296858012676239,127071.0,-0.03495554998698184,0.0,0.17849462365591395
2026-06-02,0.318897008895874,0.3091470003128052,0.3288609981536865,0.30461201071739197,223103.0,-0.06557237076283962,0.0,0.17849462365591395
2026-06-03,0.3445189893245697,0.318897008895874,0.3532809913158417,0.31856000423431396,189197.0,-0.1374356129691593,0.0,0.17849462365591395
2026-06-04,0.3504199981689453,0.3445189893245697,0.35673001408576965,0.3346810042858124,226849.0,-0.1546746298929977,0.0,0.17849462365591395
2026-06-05,0.36316099762916565,0.3504199981689453,0.378493994474411,0.35041800141334534,359663.0,-0.18768318241937273,0.0,0.17849462365591395
2026-06-06,0.33171001076698303,0.36316099762916565,0.36874300241470337,0.33143699169158936,184534.0,-0.1127129288611493,0.0,0.17849462365591395
2026-06-07,0.3251579999923706,0.33171001076698303,0.3330880105495453,0.31740400195121765,128555.0,-0.09662320262416059,0.0,0.17849462365591395
2026-06-08,0.3396889865398407,0.3251579999923706,0.34217798709869385,0.3245140016078949,123408.0,-0.13786853967185797,0.0,0.17849462365591395
2026-06-09,0.3383930027484894,0.3396889865398407,0.3451870083808899,0.33791500329971313,117262.0,-0.13720529601728565,0.0,0.17849462365591395
2026-06-10,0.32326099276542664,0.3383930027484894,0.33990201354026794,0.3220359981060028,134517.0,-0.0987537899290291,0.0,0.17849462365591395
2026-06-11,0.3215849995613098,0.3232629895210266,0.3245390057563782,0.3204909861087799,77336.0,-0.09597632329711067,0.0,0.17849462365591395
2026-06-12,0.3214989900588989,0.3215849995613098,0.3255600035190582,0.31918400526046753,88850.0,-0.09772894118643836,0.0,0.17849462365591395
2026-06-13,0.2899309992790222,0.3214989900588989,0.3243350088596344,0.2899309992790222,107951.0,0.0005221546612619262,0.0,0.17849462365591395
2026-06-14,0.2941100001335144,0.2899309992790222,0.2963559925556183,0.2899309992790222,89030.0,-0.013991937755280794,0.0,0.17849462365591395
2026-06-15,0.28595900535583496,0.2941110134124756,0.29750800132751465,0.28228500485420227,143216.0,0.014426931506714808,0.0,0.17849462365591395
2026-06-16,0.28518399596214294,0.28595900535583496,0.2871609926223755,0.28380200266838074,105431.0,0.017574253505738605,0.0,0.17849462365591395
2026-06-17,0.2919430136680603,0.28518399596214294,0.2977539896965027,0.28487300872802734,144190.0,-0.006123635512582006,0.0,0.17849462365591395
2026-06-18,0.283594012260437,0.29193899035453796,0.2925339937210083,0.28309398889541626,144420.0,0.023686921164137047,0.0,0.17849462365591395
2026-06-19,0.2875629961490631,0.283594012260437,0.29148000478744507,0.2822049856185913,129859.0,0.009790972352529227,0.0,0.17849462365591395
2026-06-20,0.2882780134677887,0.2875629961490631,0.28933200240135193,0.28662601113319397,95161.0,0.007468542609044454,0.0,0.17849462365591395
2026-06-21,0.2963100075721741,0.2882780134677887,0.2979530096054077,0.2847520112991333,111229.0,-0.020349364974879203,0.0,0.17849462365591395
2026-06-22,0.3053080141544342,0.2963100075721741,0.30661898851394653,0.29449599981307983,116304.0,-0.05051683172047425,0.0,0.17849462365591395
2026-06-23,0.3175179958343506,0.3053080141544342,0.3187820017337799,0.3053080141544342,134376.0,-0.08938081683755289,0.0,0.17849462365591395
2026-06-24,0.310606986284256,0.3175179958343506,0.3175239861011505,0.30751898884773254,131804.0,-0.07103951486483995,0.0,0.17849462365591395
2026-06-25,0.31414398550987244,0.310606986284256,0.31459298729896545,0.3100380003452301,112100.0,-0.08382737315454118,0.0,0.17849462365591395
2026-06-26,0.29587799310684204,0.31414398550987244,0.31516098976135254,0.2956179976463318,175616.0,-0.028069553199013598,0.0,0.17849462365591395
2026-06-27,0.2993929982185364,0.2958790063858032,0.30399900674819946,0.29517701268196106,108077.0,-0.040676819987850645,0.0,0.17849462365591395
2026-06-28,0.2914299964904785,0.2993929982185364,0.3006669878959656,0.2911509871482849,125422.0,-0.014916388879458026,0.0,0.17849462365591395
2026-06-29,0.2875959873199463,0.2914299964904785,0.2918449938297272,0.28584998846054077,124315.0,-0.0018415582463758027,0.0,0.17849462365591395
2026-06-30,0.28401699662208557,0.2875959873199463,0.2878040075302124,0.2834889888763428,121834.0,0.011094446826971867,0.0,0.17849462365591395
2026-07-01,0.28622499108314514,0.28401699662208557,0.28659000992774963,0.2834399938583374,112004.0,0.003408279724349401,0.0,0.17849462365591395
2026-07-02,0.2824009954929352,0.28622499108314514,0.29018399119377136,0.28195199370384216,159372.0,0.01760242458104011,0.0,0.17849462365591395
2026-07-03,0.2783780097961426,0.2824009954929352,0.2827740013599396,0.27815499901771545,111076.0,0.03350493226795253,0.0,0.17849462365591395
2026-07-04,0.2787489891052246,0.2783690094947815,0.2802630066871643,0.2777650058269501,101589.0,0.033365217993172484,0.0,0.17849462365591395
2026-07-05,0.28060299158096313,0.2787489891052246,0.2807759940624237,0.2784990072250366,102965.0,0.02759906086512479,0.0,0.17849462365591395
2026-07-06,0.280036985874176,0.28060299158096313,0.2812590003013611,0.2784759998321533,128516.0,0.03091252662432598,0.0,0.17849462365591395
2026-07-07,0.27789801359176636,0.280036985874176,0.28104299306869507,0.2777020037174225,98152.0,0.04053644656999009,0.0,0.17849462365591395
2026-07-08,0.2749210000038147,0.27789801359176636,0.2782270014286041,0.27393099665641785,75751.0,0.05415874280170576,0.0,0.17849462365591395
2026-07-09,0.2741999924182892,0.2749210000038147,0.275534987449646,0.2740190029144287,69730.0,0.05964163148854406,0.0,0.17849462365591395
2026-07-10,0.27213001251220703,0.2741999924182892,0.2744849920272827,0.27190101146698,109567.0,0.07108697923420092,0.0,0.17849462365591395
2026-07-11,0.2706649899482727,0.27213001251220703,0.2724609971046448,0.2702760100364685,152463.0,0.08093097754444459,0.0,0.17849462365591395
2026-07-12,0.27987098693847656,0.2706649899482727,0.2813259959220886,0.27066001296043396,140440.0,0.0478959811831316,0.0,0.17849462365591395
2026-07-13,0.2782590091228485,0.27987098693847656,0.280117005109787,0.2775009870529175,136135.0,0.05714103243494635,0.0,0.17849462365591395
2026-07-14,0.2769800126552582,0.2782610058784485,0.27863600850105286,0.2765749990940094,136845.0,0.065898947288799,0.0,0.17849462365591395
2026-07-15,0.2737720012664795,0.2769800126552582,0.2772029936313629,0.27349498867988586,154572.0,0.08361489139291739,0.0,0.17849462365591395
2026-07-16,0.28187501430511475,0.2737720012664795,0.28696098923683167,0.2714509963989258,218810.0,0.05621185567250109,0.0,0.17849462365591395
2026-07-17,0.27953600883483887,0.28187501430511475,0.2842249870300293,0.2781899869441986,110418.0,0.07005348292644906,0.0,0.17849462365591395
2026-07-18,0.2893899977207184,0.27953699231147766,0.2928699851036072,0.2793869972229004,111038.0,0.036418635972440445,0.0,0.17849462365591395
2026-07-19,0.28908199071884155,0.2893899977207184,0.2911680042743683,0.2871539890766144,115661.0,0.040934077834558685,0.0,0.17849462365591395
2026-07-20,0.28128600120544434,0.28908199071884155,0.28908199071884155,0.2780579924583435,104975.0,0.07676252480295367,0.0,0.17849462365591395
2026-07-21,0.2855919897556305,0.28128600120544434,0.28714099526405334,0.2795479893684387,61573.0,0.06725303429810854,0.0,0.17849462365591395
2026-07-22,0.2840059995651245,0.2855919897556305,0.2886829972267151,0.28293800354003906,115496.0,0.08236457281791792,0.0,0.17849462365591395
2026-07-23,0.28846800327301025,0.2840059995651245,0.2887679934501648,0.283627986907959,42346.0,0.07499729173916982,0.0,0.17849462365591395
2026-07-24,0.29611098766326904,0.2884080111980438,0.29629600048065186,0.28523901104927063,49625.0,0.05512535633639685,0.0,0.17849462365591395
2026-07-25,0.30400699377059937,0.2962009906768799,0.3057880103588104,0.29271700978279114,71670.0,0.03326456736356098,0.0,0.17849462365591395
2026-07-26,0.30611300468444824,0.30400699377059937,0.30668899416923523,0.3010520040988922,40560.0,0.032694830368610206,0.0,0.17849462365591395
2026-07-27,0.3064900040626526,0.30611300468444824,0.3084779977798462,0.30364400148391724,41796.0,0.04189941273086525,0.0,0.17849462365591395
2026-07-28,0.3089430034160614,0.3064909875392914,0.3094780147075653,0.305323988199234,39683.0,0.05044013803432568,0.0,0.17849462365591395
2026-07-29,0.3249779939651489,0.3089430034160614,0.3309429883956909,0.3079400062561035,69079.0,-0.0027808825239452606,0.0,0.17849462365591395
2026-07-30,0.32407426834106445,0.32498177886009216,0.325429767370224,0.3239264488220215,66956.0,0.0,0.0,0.17849462365591395
