Date,Close,Open,High,Low,Volume,pct_change,epoch_signal,weight
2023-11-13,0.0022869999520480633,0.0025220001116394997,0.0029750000685453415,0.002047999994829297,2312900.0,0.7379954152991867,1.0,0.3743362831858407
2023-11-14,0.001930000027641654,0.0022899999748915434,0.0027149999514222145,0.0015140000032261014,713969.0,1.0705958129505535,1.0,0.3743362831858407
2023-11-15,0.00184299994725734,0.001930000027641654,0.002211000071838498,0.0016870000399649143,326429.0,1.179302571710603,1.0,0.3743362831858407
2023-11-16,0.0018520000157877803,0.00184299994725734,0.00203300011344254,0.0016850000247359276,244854.0,1.1776703031368208,1.0,0.3743362831858407
2023-11-17,0.0023109999019652605,0.001851000008173287,0.0027379998937249184,0.0017920000245794654,799086.0,0.7446009867766276,1.0,0.3743362831858407
2023-11-18,0.002073999959975481,0.002311999909579754,0.0025259999092668295,0.001943000010214746,387411.0,0.9472473327705143,1.0,0.3743362831858407
2023-11-19,0.002343999920412898,0.002073999959975481,0.002515000058338046,0.0020129999611526728,350398.0,0.7214455203049431,1.0,0.3743362831858407
2023-11-20,0.004705000203102827,0.002343999920412898,0.008155999705195427,0.0022690000478178263,6776759.0,-0.15327508733094453,0.0,0.25132743362831855
2023-11-21,0.006444999948143959,0.004705000203102827,0.007164999842643738,0.004366000182926655,2578388.0,-0.3961174965213502,-1.0,0.3743362831858407
2023-11-22,0.004738000221550465,0.006262000184506178,0.006417000200599432,0.004273999948054552,1105300.0,-0.19133509149245853,0.0,0.25132743362831855
2023-11-23,0.004004999995231628,0.004738000221550465,0.004914000164717436,0.003283000085502863,779215.0,-0.054227675993858915,0.0,0.25132743362831855
2023-11-24,0.003978999797254801,0.004021999891847372,0.005332000087946653,0.0038789999671280384,621810.0,-0.059397019776120635,0.0,0.25132743362831855
2023-11-25,0.0041809999383986,0.003978000022470951,0.0049149999395012856,0.0038920000661164522,391379.0,-0.11618033246197466,0.0,0.25132743362831855
2023-11-26,0.003938999958336353,0.0041809999383986,0.004381999839097261,0.003840999910607934,193836.0,-0.06793948172174374,0.0,0.25132743362831855
2023-11-27,0.004631000105291605,0.003938999958336353,0.0050940001383423805,0.003823000006377697,384357.0,-0.21564655483647616,0.0,0.25132743362831855
2023-11-28,0.004112999886274338,0.004631000105291605,0.004728000145405531,0.003848999971523881,353311.0,-0.12478724091331082,0.0,0.25132743362831855
2023-11-29,0.004224000032991171,0.004112999886274338,0.004987000022083521,0.003976999782025814,265024.0,-0.15757899818302504,0.0,0.25132743362831855
2023-11-30,0.003973999992012978,0.004224000032991171,0.0043390002101659775,0.0038530000019818544,235667.0,-0.11382509446061845,0.0,0.25132743362831855
2023-12-01,0.003717999905347824,0.0040259999223053455,0.004069000016897917,0.0036989999935030937,262785.0,-0.06196511516219059,0.0,0.25132743362831855
2023-12-02,0.0036989999935030937,0.003717999905347824,0.0038159999530762434,0.0035490000154823065,247706.0,-0.06640615907064676,0.0,0.25132743362831855
2023-12-03,0.00304599991068244,0.0036989999935030937,0.003780999919399619,0.0029929999727755785,216771.0,0.12839494029380188,1.0,0.3743362831858407
2023-12-04,0.004087999928742647,0.00304599991068244,0.004224999807775021,0.0024240000639110804,563799.0,-0.16967064482191066,0.0,0.25132743362831855
2023-12-05,0.003558000084012747,0.004087999928742647,0.004300999920815229,0.0033829999156296253,469531.0,-0.055361824332335316,0.0,0.25132743362831855
2023-12-06,0.004048999864608049,0.003558000084012747,0.0046270000748336315,0.0035570000763982534,466343.0,-0.1809761996565467,0.0,0.25132743362831855
2023-12-07,0.003790999995544553,0.004048999864608049,0.004124999977648258,0.003656999906525016,427675.0,-0.13594398594192236,0.0,0.25132743362831855
2023-12-08,0.004238000139594078,0.003790999995544553,0.004238000139594078,0.003594999900087714,500357.0,-0.2388294522933233,0.0,0.25132743362831855
2023-12-09,0.005148000083863735,0.004238000139594078,0.005468000192195177,0.003585000056773424,694087.0,-0.38805892520906526,-1.0,0.3743362831858407
2023-12-10,0.005044999998062849,0.005148000083863735,0.005770999938249588,0.003828000044450164,1271669.0,-0.38997207395820604,-1.0,0.3743362831858407
2023-12-11,0.005690000019967556,0.005044999998062849,0.006374000106006861,0.004261999856680632,1918704.0,-0.47387362773324165,-1.0,0.3743362831858407
2023-12-12,0.0053519997745752335,0.005688999779522419,0.006275999825447798,0.005098000168800354,874709.0,-0.4559170546768888,-1.0,0.3743362831858407
2023-12-13,0.005458999890834093,0.0053530000150203705,0.006161999888718128,0.004614000208675861,729880.0,-0.4818731294091657,-1.0,0.3743362831858407
2023-12-14,0.005797999911010265,0.005429999902844429,0.006331999786198139,0.004391000140458345,1065496.0,-0.5278661870489677,-1.0,0.3743362831858407
2023-12-15,0.004827999975532293,0.005789999850094318,0.005903000012040138,0.004600999876856804,1233769.0,-0.44711719499468305,-1.0,0.3743362831858407
2023-12-16,0.004619999788701534,0.004821000155061483,0.0050479997880756855,0.004606999922543764,545508.0,-0.43623570996132366,-1.0,0.3743362831858407
2023-12-17,0.004772999789565802,0.004619999788701534,0.005506000015884638,0.004505000077188015,864920.0,-0.4681779863408323,-1.0,0.3743362831858407
2023-12-18,0.0043299999088048935,0.004774000030010939,0.005367999896407127,0.004118999931961298,1012656.0,-0.4271887350705352,-1.0,0.3743362831858407
2023-12-19,0.004321000073105097,0.004327999893575907,0.004532999824732542,0.004197999835014343,466087.0,-0.4388136266631353,-1.0,0.3743362831858407
2023-12-20,0.004486000165343285,0.004321000073105097,0.005003000143915415,0.004162999801337719,850090.0,-0.47280936727762984,-1.0,0.3743362831858407
2023-12-21,0.004255000036209822,0.004486000165343285,0.004598999861627817,0.0038850000128149986,779355.0,-0.45732294178583294,-1.0,0.3743362831858407
2023-12-22,0.0036780000664293766,0.004255000036209822,0.004399999976158142,0.0035620001144707203,838449.0,-0.38414529983145707,-1.0,0.3743362831858407
2023-12-23,0.003587000072002411,0.0036780000664293766,0.003871999913826585,0.0035780000034719706,393411.0,-0.37967915926736867,-1.0,0.3743362831858407
2023-12-24,0.0034729999024420977,0.0035880000796169043,0.004000000189989805,0.0032919999212026596,553749.0,-0.3685247079833573,-1.0,0.3743362831858407
2023-12-25,0.003114999970421195,0.0034729999024420977,0.0035019998904317617,0.0030670000705868006,552354.0,-0.3016999812111479,-1.0,0.3743362831858407
2023-12-26,0.002621999941766262,0.0031159999780356884,0.0031169999856501818,0.002452000044286251,819566.0,-0.17211010057005327,0.0,0.25132743362831855
2023-12-27,0.0028359999414533377,0.002621999941766262,0.003470999887213111,0.002612000098451972,797007.0,-0.23806736675977677,0.0,0.25132743362831855
2023-12-28,0.002873999997973442,0.0028349999338388443,0.003936000168323517,0.0027409999165683985,1244398.0,-0.25294173590261787,0.0,0.25132743362831855
2023-12-29,0.002732000080868602,0.0028750000055879354,0.003037000074982643,0.0026229999493807554,882025.0,-0.21758121884049214,0.0,0.25132743362831855
2023-12-30,0.0025820001028478146,0.002733000088483095,0.0028929999098181725,0.0025500000920146704,798145.0,-0.17525178019686344,0.0,0.25132743362831855
2023-12-31,0.002254999941214919,0.002583000110462308,0.0027099999133497477,0.0021430000197142363,599875.0,-0.05638981988556972,0.0,0.25132743362831855
2024-01-01,0.0023739999160170555,0.002271000063046813,0.0025059999898076057,0.002182000083848834,433404.0,-0.10720300481713547,0.0,0.25132743362831855
2024-01-02,0.002188999904319644,0.0023739999160170555,0.002500999951735139,0.0021089999936521053,397212.0,-0.030389511837208494,0.0,0.25132743362831855
2024-01-03,0.0024510000366717577,0.002188999904319644,0.0028099999763071537,0.002076999982818961,643957.0,-0.1373743707879544,0.0,0.25132743362831855
2024-01-04,0.0024049999192357063,0.0024510000366717577,0.0024510000366717577,0.002247000113129616,343681.0,-0.12388014551339252,0.0,0.25132743362831855
2024-01-05,0.0020729999523609877,0.0024059999268501997,0.002461999887600541,0.001905999961309135,521813.0,0.023812678558506772,1.0,0.3743362831858407
2024-01-06,0.002085000043734908,0.0020719999447464943,0.0023060000967234373,0.001979999942705035,220415.0,0.025365138032428517,1.0,0.3743362831858407
2024-01-07,0.0019920000340789557,0.0020830000285059214,0.002124000107869506,0.001867000013589859,413293.0,0.10219284050033296,1.0,0.3743362831858407
2024-01-08,0.002094999887049198,0.0019920000340789557,0.002265000017359853,0.001841000048443675,737500.0,0.06941858517645563,1.0,0.3743362831858407
2024-01-09,0.0028890001121908426,0.002094999887049198,0.0033970000222325325,0.002088000066578388,1247698.0,-0.2197599362592527,0.0,0.25132743362831855
2024-01-10,0.00291300006210804,0.0028840000741183758,0.0031169999856501818,0.002426000079140067,655947.0,-0.22274757719676644,0.0,0.25132743362831855
2024-01-11,0.002678999910131097,0.0029140000697225332,0.0029380000196397305,0.002471999963745475,584824.0,-0.14555971330344916,0.0,0.25132743362831855
2024-01-12,0.002403999911621213,0.0026809999253600836,0.002795000094920397,0.0023950000759214163,466844.0,-0.02827670226355962,0.0,0.25132743362831855
2024-01-13,0.0023580000270158052,0.0024049999192357063,0.0024049999192357063,0.002242000075057149,373614.0,0.006168543217780673,0.0,0.25132743362831855
2024-01-14,0.002219999907538295,0.0023580000270158052,0.0025909999385476112,0.0021559998858720064,383642.0,0.08719292132458674,1.0,0.3743362831858407
2024-01-15,0.002191999927163124,0.002219999907538295,0.0025100000202655792,0.0021230001002550125,478463.0,0.11299356993621723,1.0,0.3743362831858407
2024-01-16,0.0023300000466406345,0.002191999927163124,0.002469999948516488,0.0021349999587982893,301348.0,0.05515995051563127,1.0,0.3743362831858407
2024-01-17,0.0022090000566095114,0.0023300000466406345,0.002337000099942088,0.0021440000273287296,435555.0,0.12485079062142207,1.0,0.3743362831858407
2024-01-18,0.002090000081807375,0.0022090000566095114,0.002230999991297722,0.0020349998958408833,399858.0,0.20021744168412933,1.0,0.3743362831858407
2024-01-19,0.0020779999904334545,0.002090000081807375,0.002294000005349517,0.001986999996006489,324194.0,0.22007612970278334,1.0,0.3743362831858407
2024-01-20,0.002004999900236726,0.0020779999904334545,0.0021100000012665987,0.0019759999122470617,223235.0,0.2835752190125702,1.0,0.3743362831858407
2024-01-21,0.0020469999872148037,0.002002999885007739,0.002128999913111329,0.0019839999731630087,269494.0,0.27175024251425745,1.0,0.3743362831858407
2024-01-22,0.0018230000277981162,0.002050000010058284,0.0021869998890906572,0.0017770000267773867,451893.0,0.44604296501489454,1.0,0.3743362831858407
2024-01-23,0.0018469999777153134,0.0018210000125691295,0.0021510000806301832,0.0017330000409856439,282714.0,0.4475439483889048,1.0,0.3743362831858407
2024-01-24,0.0019970000721514225,0.0018479999853298068,0.0019970000721514225,0.001740999985486269,191387.0,0.35920922032421615,1.0,0.3743362831858407
2024-01-25,0.0017559999832883477,0.0019829999655485153,0.0019920000340789557,0.0016169999726116657,401263.0,0.581215068359197,1.0,0.3743362831858407
2024-01-26,0.0017859999788925052,0.0017549999756738544,0.0020959998946636915,0.0016830000095069408,299414.0,0.5916217229310211,1.0,0.3743362831858407
2024-01-27,0.0017930000321939588,0.0017859999788925052,0.001986999996006489,0.001706999959424138,347300.0,0.6283526562911969,1.0,0.3743362831858407
2024-01-28,0.0018309999722987413,0.0017960000550374389,0.0020290000829845667,0.001689000055193901,355456.0,0.6272777154274494,1.0,0.3743362831858407
2024-01-29,0.0017719999887049198,0.0018319999799132347,0.001867000013589859,0.001706999959424138,180105.0,0.7232967486296952,1.0,0.3743362831858407
2024-01-30,0.0018599999602884054,0.0017719999887049198,0.0018820000113919377,0.0017320000333711505,242164.0,0.7153348336306097,1.0,0.3743362831858407
2024-01-31,0.0017729999963194132,0.0018609999679028988,0.00202700006775558,0.0017450000159442425,353646.0,0.865289959032527,1.0,0.3743362831858407
2024-02-01,0.0018840000266209245,0.0017729999963194132,0.0020409999415278435,0.0017259999876841903,263306.0,0.8040315301154113,1.0,0.3743362831858407
2024-02-02,0.0018500000005587935,0.0018840000266209245,0.0019259999971836805,0.001756999990902841,231408.0,0.9048771492563813,1.0,0.3743362831858407
2024-02-03,0.0017960000550374389,0.0018489999929443002,0.0018720000516623259,0.0017549999756738544,214532.0,1.020588618559417,1.0,0.3743362831858407
2024-02-04,0.0017430000007152557,0.0017960000550374389,0.001838000025600195,0.0017089999746531248,284691.0,1.1324127667139203,1.0,0.3743362831858407
2024-02-05,0.0018260000506415963,0.0017430000007152557,0.0018720000516623259,0.001740999985486269,401582.0,1.084349737420166,1.0,0.3743362831858407
2024-02-06,0.002065999899059534,0.001825000043027103,0.0020699999295175076,0.0017719999887049198,393480.0,0.8768371937945457,1.0,0.3743362831858407
2024-02-07,0.0023270000237971544,0.0020699999295175076,0.0025909999385476112,0.0020630001090466976,562667.0,0.6909500943706787,1.0,0.3743362831858407
2024-02-08,0.0024250000715255737,0.002326000016182661,0.0025679999962449074,0.0021150000393390656,481028.0,0.6539737084764563,1.0,0.3743362831858407
2024-02-09,0.002400999888777733,0.0024309998843818903,0.00254100002348423,0.002271000063046813,457562.0,0.6967741485173772,1.0,0.3743362831858407
2024-02-10,0.0022670000325888395,0.002400999888777733,0.0024739999789744616,0.0022009999956935644,209089.0,0.8337710746065393,1.0,0.3743362831858407
2024-02-11,0.002314999932423234,0.0022670000325888395,0.0023819999769330025,0.002259999979287386,179474.0,0.8277047449332223,1.0,0.3743362831858407
2024-02-12,0.0022269999608397484,0.002314999932423234,0.002329000039026141,0.002185000106692314,199961.0,0.9350430982388509,1.0,0.3743362831858407
2024-02-13,0.002182000083848834,0.0022269999608397484,0.0022609999869018793,0.0021619999315589666,290909.0,1.0090512496972364,1.0,0.3743362831858407
2024-02-14,0.0020069999154657125,0.002182000083848834,0.002188999904319644,0.0019829999655485153,350649.0,1.2221656949359065,1.0,0.3743362831858407
2024-02-15,0.002319999970495701,0.0020069999154657125,0.002589999930933118,0.001959000015631318,521421.0,0.9478546503414673,1.0,0.3743362831858407
2024-02-16,0.0020910000894218683,0.002320999978110194,0.002320999978110194,0.002090000081807375,139860.0,1.1915024522022781,1.0,0.3743362831858407
2024-02-17,0.002087000058963895,0.0020910000894218683,0.002111000008881092,0.0019710001070052385,259564.0,1.2218930459400494,1.0,0.3743362831858407
2024-02-18,0.0027459999546408653,0.0020860000513494015,0.002845000009983778,0.0020840000361204147,937829.0,0.7022528962772842,1.0,0.3743362831858407
2024-02-19,0.002767999889329076,0.0027660001069307327,0.002819000044837594,0.0024349999148398638,815399.0,0.7029444360214622,1.0,0.3743362831858407
2024-02-20,0.004530000034719706,0.002768999896943569,0.004811999853700399,0.002768999896943569,2059182.0,0.04046256631362912,1.0,0.3743362831858407
2024-02-21,0.004069000016897917,0.004530000034719706,0.004832000005990267,0.003028000006452203,1194955.0,0.15977791788387463,1.0,0.3743362831858407
2024-02-22,0.0034910000395029783,0.004071999806910753,0.004215999972075224,0.003037000074982643,724941.0,0.35717167243248044,1.0,0.3743362831858407
2024-02-23,0.0033539999276399612,0.0034920000471174717,0.0036810000892728567,0.0030690000858157873,455457.0,0.41880796785177593,1.0,0.3743362831858407
2024-02-24,0.0037750001065433025,0.0033539999276399612,0.0037769998889416456,0.0032450000289827585,383126.0,0.26322693747919035,1.0,0.3743362831858407
2024-02-25,0.00447099981829524,0.003774000098928809,0.004569000098854303,0.003771000076085329,733740.0,0.06680938205889674,1.0,0.3743362831858407
2024-02-26,0.003965000156313181,0.00447099981829524,0.004472000058740377,0.0036329999566078186,561171.0,0.2037314668496527,1.0,0.3743362831858407
2024-02-27,0.004025000147521496,0.003963000141084194,0.004182000178843737,0.0038330000825226307,417768.0,0.1900902993191764,1.0,0.3743362831858407
2024-02-28,0.003341000061482191,0.004025000147521496,0.00405499991029501,0.0032019999343901873,389025.0,0.4382941676605889,1.0,0.3743362831858407
2024-02-29,0.0031590000726282597,0.003346000099554658,0.003488000016659498,0.0031129999551922083,294635.0,0.5223027616813287,1.0,0.3743362831858407
2024-03-01,0.0033650000113993883,0.003157000057399273,0.0038219999987632036,0.0030720001086592674,333127.0,0.4313116218470562,1.0,0.3743362831858407
2024-03-02,0.003131000092253089,0.0033680000342428684,0.0038469999562948942,0.0030330000445246696,472195.0,0.5394079238118071,1.0,0.3743362831858407
2024-03-03,0.0032599999103695154,0.003131000092253089,0.0035639998968690634,0.003063000040128827,423603.0,0.4769032725581491,1.0,0.3743362831858407
2024-03-04,0.0036879999097436666,0.0032649999484419823,0.003944000229239464,0.0030900000128895044,633385.0,0.30333640357421215,1.0,0.3743362831858407
2024-03-05,0.0033539999276399612,0.0036849998869001865,0.003942999988794327,0.003135999897494912,952634.0,0.433823957525288,1.0,0.3743362831858407
2024-03-06,0.0032689999788999557,0.0033539999276399612,0.003507999936118722,0.0031159999780356884,657340.0,0.47090437142498554,1.0,0.3743362831858407
2024-03-07,0.003496000077575445,0.0032689999788999557,0.003619000082835555,0.0030960000585764647,753655.0,0.37356326101565424,1.0,0.3743362831858407
2024-03-08,0.003788999980315566,0.003496000077575445,0.004335000179708004,0.0034940000623464584,864525.0,0.26389789157016713,1.0,0.3743362831858407
2024-03-09,0.004495999775826931,0.0037899999879300594,0.004614000208675861,0.003425000002607703,1022505.0,0.05778373981057521,1.0,0.3743362831858407
2024-03-10,0.00469100009649992,0.004495999775826931,0.005446000024676323,0.00405400013551116,1749040.0,0.005537662261084973,0.0,0.25132743362831855
2024-03-11,0.005181000102311373,0.00469100009649992,0.005336000118404627,0.004658999852836132,1335284.0,-0.10055536895295535,0.0,0.25132743362831855
2024-03-12,0.004466999787837267,0.005183999892324209,0.005268000066280365,0.004226000048220158,916175.0,0.03438350871138809,1.0,0.3743362831858407
2024-03-13,0.005034000147134066,0.004468999803066254,0.005131999962031841,0.004443999845534563,951832.0,-0.0930897431969822,0.0,0.25132743362831855
2024-03-14,0.007880999706685543,0.005034999921917915,0.00928799994289875,0.005034999921917915,5954237.0,-0.43584106850917653,-1.0,0.3743362831858407
2024-03-15,0.006905000191181898,0.00786800030618906,0.009828999638557434,0.0063229999504983425,4491122.0,-0.36992957988255015,-1.0,0.3743362831858407
2024-03-16,0.005915999878197908,0.006936000194400549,0.007938999682664871,0.00547999981790781,2456387.0,-0.27761769219689536,-1.0,0.3743362831858407
2024-03-17,0.007360000163316727,0.005913000088185072,0.008150000125169754,0.005382999777793884,2034846.0,-0.43365243271781223,-1.0,0.3743362831858407
2024-03-18,0.006413999944925308,0.006905000191181898,0.007625000085681677,0.006275999825447798,1105154.0,-0.36386667718057714,-1.0,0.3743362831858407
2024-03-19,0.005607000086456537,0.006413999944925308,0.006471000146120787,0.00482900021597743,1639321.0,-0.28483065986740946,-1.0,0.3743362831858407
2024-03-20,0.005752000026404858,0.0056039998307824135,0.006269000004976988,0.005166999995708466,1261950.0,-0.3147087200050787,-1.0,0.3743362831858407
2024-03-21,0.005212999880313873,0.005752000026404858,0.00609799986705184,0.005061000119894743,1533313.0,-0.2551357433582665,0.0,0.25132743362831855
2024-03-22,0.004848000127822161,0.0052189999260008335,0.005288000218570232,0.004222000017762184,1255808.0,-0.20984756674912697,0.0,0.25132743362831855
2024-03-23,0.005770999938249588,0.0048489999026060104,0.007300000172108412,0.004550000187009573,1385896.0,-0.34793086906344756,-1.0,0.3743362831858407
2024-03-24,0.005175999831408262,0.005770999938249588,0.006430999841541052,0.005042000208050013,1225148.0,-0.2838318207887723,-1.0,0.3743362831858407
2024-03-25,0.005927999969571829,0.0051750000566244125,0.008004999719560146,0.004982000216841698,3274234.0,-0.38831507926985814,-1.0,0.3743362831858407
2024-03-26,0.005570000037550926,0.005927999969571829,0.006922000087797642,0.005570000037550926,2305315.0,-0.3622817069277601,-1.0,0.3743362831858407
2024-03-27,0.005667999852448702,0.005570000037550926,0.006304999813437462,0.0054410002194345,1549760.0,-0.38722571529606475,-1.0,0.3743362831858407
2024-03-28,0.005456000100821257,0.005667999852448702,0.006146000232547522,0.00521400012075901,1346290.0,-0.3773202244748685,-1.0,0.3743362831858407
2024-03-29,0.005357000045478344,0.005456000100821257,0.005929999984800816,0.0053079999051988125,1045163.0,-0.3796519465008312,-1.0,0.3743362831858407
2024-03-30,0.004922000225633383,0.00535399978980422,0.0055229999125003815,0.004761999938637018,1183789.0,-0.3381432466580857,-1.0,0.3743362831858407
2024-03-31,0.004881000146269798,0.004922000225633383,0.005020999815315008,0.004772000014781952,966355.0,-0.34640351459994795,-1.0,0.3743362831858407
2024-04-01,0.004492000211030245,0.004881000146269798,0.004885000176727772,0.0044200001284480095,950174.0,-0.301854847483166,-1.0,0.3743362831858407
2024-04-02,0.004387000110000372,0.004492000211030245,0.004521000199019909,0.00405499991029501,835349.0,-0.2972211485823838,-1.0,0.3743362831858407
2024-04-03,0.0044999998062849045,0.004387000110000372,0.005206999834626913,0.0043379999697208405,1040812.0,-0.3271969417180942,-1.0,0.3743362831858407
2024-04-04,0.004509999882429838,0.004505999851971865,0.004896999802440405,0.004404999781399965,976819.0,-0.34001711685426295,-1.0,0.3743362831858407
2024-04-05,0.00432599987834692,0.004509999882429838,0.00457100011408329,0.004137000069022179,723168.0,-0.32321479144164905,-1.0,0.3743362831858407
2024-04-06,0.004315999802201986,0.0043230000883340836,0.004476000089198351,0.004139999859035015,636650.0,-0.3302036495082009,-1.0,0.3743362831858407
2024-04-07,0.004269000142812729,0.004315000027418137,0.0043299999088048935,0.004025000147521496,726017.0,-0.3329979555834967,-1.0,0.3743362831858407
2024-04-08,0.004215000197291374,0.004269000142812729,0.004668000154197216,0.0041519999504089355,832469.0,-0.33498331591376207,-1.0,0.3743362831858407
2024-04-09,0.004515999928116798,0.004215000197291374,0.004664999898523092,0.00406799977645278,907510.0,-0.3911295093666389,-1.0,0.3743362831858407
2024-04-10,0.004100999794900417,0.004515999928116798,0.004569000098854303,0.0040870001539587975,639877.0,-0.34029390786365915,-1.0,0.3743362831858407
2024-04-11,0.004786999896168709,0.004100999794900417,0.0050760000012815,0.004036999773234129,1182646.0,-0.44565773415776183,-1.0,0.3743362831858407
2024-04-12,0.004011000040918589,0.004786999896168709,0.004918000195175409,0.003976000007241964,1047058.0,-0.34744793281842057,-1.0,0.3743362831858407
2024-04-13,0.0033179998863488436,0.004011000040918589,0.004017999861389399,0.0029849999118596315,1238252.0,-0.21068274832744913,0.0,0.25132743362831855
2024-04-14,0.0036909999325871468,0.0033179998863488436,0.0037090000696480274,0.0031769999768584967,748397.0,-0.29414914390623453,-1.0,0.3743362831858407
2024-04-15,0.003286000108346343,0.0036929999478161335,0.003914999775588512,0.0032850001007318497,847978.0,-0.2010319517760126,0.0,0.25132743362831855
2024-04-16,0.0030320000369101763,0.003286000108346343,0.0034749999176710844,0.0029750000685453415,1046830.0,-0.12651416184065384,0.0,0.25132743362831855
2024-04-17,0.0033360000234097242,0.0030249999836087227,0.003926000092178583,0.002870999975129962,2654420.0,-0.20311478508775574,0.0,0.25132743362831855
2024-04-18,0.0034570000134408474,0.0033360000234097242,0.003461000043898821,0.0033130000811070204,843721.0,-0.2288834272437947,0.0,0.25132743362831855
2024-04-19,0.0032399999909102917,0.0034570000134408474,0.0034990001004189253,0.0032289999071508646,720598.0,-0.17407407143069087,0.0,0.25132743362831855
2024-04-20,0.0032140000257641077,0.0032399999909102917,0.003360999980941415,0.003031000029295683,668124.0,-0.1664097485730035,0.0,0.25132743362831855
2024-04-21,0.0032140000257641077,0.0032140000257641077,0.0033019999973475933,0.0031300000846385956,627499.0,-0.16584404235852818,0.0,0.25132743362831855
2024-04-22,0.00303900009021163,0.0032140000257641077,0.0032289999071508646,0.003020999953150749,718084.0,-0.1194322569201557,0.0,0.25132743362831855
2024-04-23,0.002982999896630645,0.00303900009021163,0.0031610000878572464,0.0029269999358803034,642042.0,-0.10268792762533728,0.0,0.25132743362831855
2024-04-24,0.002675000112503767,0.002982999896630645,0.0035570000763982534,0.0026650000363588333,1123428.0,0.001580246436963339,0.0,0.25132743362831855
2024-04-25,0.002732000080868602,0.0026759998872876167,0.0028089999686926603,0.0026050000451505184,557915.0,-0.017161949760878693,0.0,0.25132743362831855
2024-04-26,0.0026050000451505184,0.002732000080868602,0.0029200001154094934,0.002581000095233321,712378.0,0.033257700616442565,1.0,0.3743362831858407
2024-04-27,0.0026340000331401825,0.0026050000451505184,0.0026569999754428864,0.002481000032275915,534401.0,0.024418427848505366,1.0,0.3743362831858407
2024-04-28,0.0027030000928789377,0.0026340000331401825,0.0028119999915361404,0.0026310000102967024,613048.0,-0.0020095894225589457,0.0,0.25132743362831855
2024-04-29,0.002526999916881323,0.0027030000928789377,0.0027030000928789377,0.0025110000278800726,515020.0,0.06873946484649168,1.0,0.3743362831858407
2024-04-30,0.002727000042796135,0.002526999916881323,0.0027729999274015427,0.0023640000727027655,525945.0,-0.01378473020178127,0.0,0.25132743362831855
2024-05-01,0.00253499997779727,0.002727000042796135,0.002733000088483095,0.0024659999180585146,558574.0,0.05690335996873616,1.0,0.3743362831858407
2024-05-02,0.002518000081181526,0.00253499997779727,0.002623999956995249,0.0024850000627338886,582454.0,0.05958910322865432,1.0,0.3743362831858407
2024-05-03,0.002753000007942319,0.002518000081181526,0.002756000030785799,0.0024949999060481787,539300.0,-0.03738071350678753,0.0,0.25132743362831855
2024-05-04,0.002624999964609742,0.0027540000155568123,0.0027719999197870493,0.0025470000691711903,512674.0,0.002380964495249491,0.0,0.25132743362831855
2024-05-05,0.002546000061556697,0.002624999964609742,0.002626999979838729,0.0025239998940378428,492059.0,0.024583991274978192,1.0,0.3743362831858407
2024-05-06,0.0027979998849332333,0.002546000061556697,0.0030219999607652426,0.0025400000158697367,1272217.0,-0.07615825760789555,0.0,0.25132743362831855
2024-05-07,0.0027030000928789377,0.0027979998849332333,0.0028200000524520874,0.002368000103160739,897978.0,-0.0518195616683923,0.0,0.25132743362831855
2024-05-08,0.0023719999007880688,0.002698000054806471,0.002698000054806471,0.0023449999280273914,983526.0,0.07463019863010412,1.0,0.3743362831858407
2024-05-09,0.002314999932423234,0.0023719999007880688,0.0024369999300688505,0.0022750000935047865,579413.0,0.09495388915372059,1.0,0.3743362831858407
2024-05-10,0.002196999965235591,0.0023169999476522207,0.002348999958485365,0.002032000105828047,669014.0,0.14909796116097318,1.0,0.3743362831858407
2024-05-11,0.0021180000621825457,0.002196999965235591,0.0022140000946819782,0.002013999968767166,604648.0,0.18810623921648026,1.0,0.3743362831858407
2024-05-12,0.002094999887049198,0.0021180000621825457,0.002119000069797039,0.00203000009059906,619608.0,0.19992412594997838,1.0,0.3743362831858407
2024-05-13,0.0020379999186843634,0.002094999887049198,0.0021039999555796385,0.002015999983996153,514998.0,0.2323133699206414,1.0,0.3743362831858407
2024-05-14,0.0019130000146105886,0.0020379999186843634,0.0020520000252872705,0.0018919999711215496,521423.0,0.3127880913372601,1.0,0.3743362831858407
2024-05-15,0.0021100000012665987,0.0019109999993816018,0.0021299999207258224,0.0019079999765381217,474889.0,0.18886255895763931,1.0,0.3743362831858407
2024-05-16,0.002056000055745244,0.0021100000012665987,0.0021750000305473804,0.0020039998926222324,580167.0,0.22489605907482366,1.0,0.3743362831858407
2024-05-17,0.002059000078588724,0.002056000055745244,0.002124000107869506,0.0018609999679028988,608755.0,0.22572735878075162,1.0,0.3743362831858407
2024-05-18,0.0022619999945163727,0.002059000078588724,0.002322999993339181,0.0019940000493079424,529085.0,0.11487220033361728,1.0,0.3743362831858407
2024-05-19,0.0021810000762343407,0.0022619999945163727,0.0023089998867362738,0.0021279999054968357,463502.0,0.15507894662727195,1.0,0.3743362831858407
2024-05-20,0.0026910000015050173,0.002179000061005354,0.0027050001081079245,0.0020039998926222324,851899.0,-0.06949089669624242,0.0,0.25132743362831855
2024-05-21,0.0023590000346302986,0.0026910000015050173,0.002756000030785799,0.0023590000346302986,697860.0,0.057478113883927325,1.0,0.3743362831858407
2024-05-22,0.0022619999945163727,0.0023590000346302986,0.002400000113993883,0.0022350000217556953,529588.0,0.09835423370926594,1.0,0.3743362831858407
2024-05-23,0.0021669999696314335,0.0022619999945163727,0.002340999897569418,0.0021540001034736633,536598.0,0.14530982822144206,1.0,0.3743362831858407
2024-05-24,0.0021559998858720064,0.0021669999696314335,0.0022189998999238014,0.0021440000273287296,475899.0,0.14995157076213625,1.0,0.3743362831858407
2024-05-25,0.002506999997422099,0.0021559998858720064,0.002658999990671873,0.002094999887049198,649982.0,-0.016245420038360783,0.0,0.25132743362831855
2024-05-26,0.0024160000029951334,0.002506999997422099,0.002575000049546361,0.0023560000117868185,418106.0,0.015756697269288876,1.0,0.3743362831858407
2024-05-27,0.003386999946087599,0.0024160000029951334,0.0035019998904317617,0.002283999929204583,1095549.0,-0.28526852803448605,-1.0,0.3743362831858407
2024-05-28,0.0030900000128895044,0.0033889999613165855,0.00585100008174777,0.0030040000565350056,17813215.0,-0.22572815814131247,0.0,0.25132743362831855
2024-05-29,0.004170999862253666,0.0030900000128895044,0.004889999981969595,0.0030519999563694,12252441.0,-0.4390324774324117,-1.0,0.3743362831858407
2024-05-30,0.004044000059366226,0.004170999862253666,0.005820999853312969,0.004031000193208456,15429396.0,-0.4339931284917791,-1.0,0.3743362831858407
2024-05-31,0.003776000114157796,0.004141000099480152,0.004352999851107597,0.0034469999372959137,4718176.0,-0.4056481298124075,-1.0,0.3743362831858407
2024-06-01,0.0037799999117851257,0.0037750001065433025,0.004029999952763319,0.003409000113606453,1962839.0,-0.4170694899143005,-1.0,0.3743362831858407
2024-06-02,0.0036909999325871468,0.0037799999117851257,0.004040999803692102,0.003504999913275242,918254.0,-0.4140230410874498,-1.0,0.3743362831858407
2024-06-03,0.003352999920025468,0.0036909999325871468,0.0038870000280439854,0.0033470001071691513,927240.0,-0.36484286393124477,-1.0,0.3743362831858407
2024-06-04,0.0032939999364316463,0.003350999904796481,0.003378000110387802,0.002985999919474125,796686.0,-0.3629808864698252,-1.0,0.3743362831858407
2024-06-05,0.002822000067681074,0.0032939999364316463,0.003473999910056591,0.0025889999233186245,1170892.0,-0.2643434843176242,0.0,0.25132743362831855
2024-06-06,0.003011000109836459,0.0028260000981390476,0.003519000019878149,0.0026859999634325504,1141449.0,-0.3190498699235183,-1.0,0.3743362831858407
2024-06-07,0.00278700003400445,0.003011000109836459,0.003103999886661768,0.0027119999285787344,875417.0,-0.2720341255731889,0.0,0.25132743362831855
2024-06-08,0.0029909999575465918,0.002781999995931983,0.003662999952211976,0.002756000030785799,1281136.0,-0.32885017454372617,-1.0,0.3743362831858407
2024-06-09,0.002891999902203679,0.0029899999499320984,0.003056999994441867,0.0027979998849332333,376098.0,-0.31401669596750004,-1.0,0.3743362831858407
2024-06-10,0.0029279999434947968,0.002891999902203679,0.002974000060930848,0.002761000068858266,476509.0,-0.33072526844488903,-1.0,0.3743362831858407
2024-06-11,0.0026700000744313,0.0029279999434947968,0.0030010000336915255,0.0026420000940561295,485621.0,-0.2732975987852155,-1.0,0.3743362831858407
2024-06-12,0.0026650000363588333,0.0026700000744313,0.0029440000653266907,0.002644999884068966,437415.0,-0.2794559164112347,-1.0,0.3743362831858407
2024-06-13,0.0022299999836832285,0.0026650000363588333,0.0026660000439733267,0.0021689999848604202,879447.0,-0.14335506463651126,0.0,0.25132743362831855
2024-06-14,0.002088000066578388,0.002228999976068735,0.0024129999801516533,0.002056000055745244,487470.0,-0.08839474837767693,0.0,0.25132743362831855
2024-06-15,0.002025000052526593,0.002088000066578388,0.0020979999098926783,0.0020119999535381794,368039.0,-0.0638384044473359,0.0,0.25132743362831855
2024-06-16,0.0019630000460892916,0.002025000052526593,0.0021460000425577164,0.0019539999775588512,381096.0,-0.037095373739432044,0.0,0.25132743362831855
2024-06-17,0.0017960000550374389,0.001962000038474798,0.002515000058338046,0.0017460000235587358,1228406.0,0.05126287933584672,1.0,0.3743362831858407
2024-06-18,0.0015490000369027257,0.0017960000550374389,0.0019630000460892916,0.0015320000238716602,778242.0,0.22018601902645407,1.0,0.3743362831858407
2024-06-19,0.0017559999832883477,0.0015490000369027257,0.0020169999916106462,0.0015219999477267265,681628.0,0.07702165475076038,1.0,0.3743362831858407
2024-06-20,0.0017359999474138021,0.0017559999832883477,0.0018269999418407679,0.0016969999996945262,453507.0,0.08822532017963708,1.0,0.3743362831858407
2024-06-21,0.0017600000137463212,0.0017359999474138021,0.0017659999430179596,0.001643999945372343,193640.0,0.07209451998027551,1.0,0.3743362831858407
2024-06-22,0.0016899999463930726,0.0017600000137463212,0.0017679999582469463,0.001639000023715198,317438.0,0.11550568753992616,1.0,0.3743362831858407
2024-06-23,0.0017460000235587358,0.001690999954007566,0.001765000051818788,0.0016570000443607569,206921.0,0.07895968957999722,1.0,0.3743362831858407
2024-06-24,0.0017590000061318278,0.0017460000235587358,0.0018319999799132347,0.0016680000117048621,237354.0,0.06721277599941927,1.0,0.3743362831858407
2024-06-25,0.001981999957934022,0.0017600000137463212,0.0022009999956935644,0.0017529999604448676,552471.0,-0.05815977738946565,0.0,0.25132743362831855
2024-06-26,0.0019330000504851341,0.001981999957934022,0.002051000017672777,0.0018649999983608723,394999.0,-0.03892914736923389,0.0,0.25132743362831855
2024-06-27,0.001908999984152615,0.0019330000504851341,0.0019940000493079424,0.0018840000266209245,235590.0,-0.030727642612997617,0.0,0.25132743362831855
2024-06-28,0.0019839999731630087,0.001908999984152615,0.0020000000949949026,0.0018469999777153134,311412.0,-0.07278682462749522,0.0,0.25132743362831855
2024-06-29,0.002491000108420849,0.0019839999731630087,0.002607000060379505,0.0019509999547153711,699293.0,-0.2701908996641617,0.0,0.25132743362831855
2024-06-30,0.0022960000205785036,0.002492000116035342,0.002552000107243657,0.00229199999012053,531004.0,-0.21582990811735508,0.0,0.25132743362831855
2024-07-01,0.002177000045776367,0.0022950000129640102,0.0023169999476522207,0.0021440000273287296,408876.0,-0.1796467373803402,0.0,0.25132743362831855
2024-07-02,0.002065999899059534,0.002177000045776367,0.0021840000990778208,0.0020020001102238894,339910.0,-0.141544884260953,0.0,0.25132743362831855
2024-07-03,0.0020210000220686197,0.002065999899059534,0.0021269998978823423,0.001970000099390745,217608.0,-0.12806442345604438,0.0,0.25132743362831855
2024-07-04,0.0019450000254437327,0.0020210000220686197,0.0020469999872148037,0.0018970000091940165,311591.0,-0.09904184369263454,0.0,0.25132743362831855
2024-07-05,0.001816999982111156,0.0019450000254437327,0.0019470000406727195,0.001753999968059361,252772.0,-0.039913433526230266,0.0,0.25132743362831855
2024-07-06,0.002053000032901764,0.001816999982111156,0.002125999890267849,0.001765000051818788,275235.0,-0.15785105216808493,0.0,0.25132743362831855
2024-07-07,0.002041999949142337,0.002053000032901764,0.0021329999435693026,0.0018909999635070562,301634.0,-0.1623296917964657,0.0,0.25132743362831855
2024-07-08,0.0019340000580996275,0.002041999949142337,0.0021959999576210976,0.0018609999679028988,529914.0,-0.1249295182241193,0.0,0.25132743362831855
2024-07-09,0.0018789999885484576,0.0019330000504851341,0.0019549999851733446,0.0018269999418407679,217958.0,-0.10745560499224995,0.0,0.25132743362831855
2024-07-10,0.0019229999743402004,0.0018789999885484576,0.001981999957934022,0.0017810000572353601,132173.0,-0.13528812784281397,0.0,0.25132743362831855
2024-07-11,0.0018449999624863267,0.0019229999743402004,0.001934999949298799,0.0017640000442042947,173033.0,-0.10555553688117492,0.0,0.25132743362831855
2024-07-12,0.0018520000157877803,0.0018449999624863267,0.0018629999831318855,0.001782999956049025,104592.0,-0.11557530703497977,0.0,0.25132743362831855
2024-07-13,0.0018060000147670507,0.001851000008173287,0.001888000057078898,0.0018029999919235706,74640.0,-0.09988171562312008,0.0,0.25132743362831855
2024-07-14,0.0018110000528395176,0.0018060000147670507,0.001838000025600195,0.001800999976694584,61070.0,-0.11009741188077435,0.0,0.25132743362831855
2024-07-15,0.001984999980777502,0.0018119999440386891,0.0019859999883919954,0.0018110000528395176,180648.0,-0.19602701453957272,0.0,0.25132743362831855
2024-07-16,0.0019030000548809767,0.0019839999731630087,0.002001000102609396,0.00184599997010082,137898.0,-0.16700905550232806,0.0,0.25132743362831855
2024-07-17,0.0018939999863505363,0.0019030000548809767,0.0020020001102238894,0.0018729999428614974,150849.0,-0.16999855657069451,0.0,0.25132743362831855
2024-07-18,0.0019150000298395753,0.0018939999863505363,0.002051000017672777,0.0018570000538602471,274174.0,-0.1869095808316221,0.0,0.25132743362831855
2024-07-19,0.0018400000408291817,0.0019160000374540687,0.0019359999569132924,0.001769999973475933,227902.0,-0.1616230458158701,0.0,0.25132743362831855
2024-07-20,0.0018810000037774444,0.0018390000332146883,0.001905999961309135,0.0017800000496208668,222570.0,-0.18698951795679186,0.0,0.25132743362831855
2024-07-21,0.001841000048443675,0.0018810000037774444,0.001888000057078898,0.0018100000452250242,101785.0,-0.17707770100239273,0.0,0.25132743362831855
2024-07-22,0.002047999994829297,0.001841000048443675,0.002111000008881092,0.0018390000332146883,469218.0,-0.2712735281241549,0.0,0.25132743362831855
2024-07-23,0.0018560000462457538,0.002047999994829297,0.0022330000065267086,0.0018560000462457538,189064.0,-0.2050842716956776,0.0,0.25132743362831855
2024-07-24,0.0018619999755173922,0.0018560000462457538,0.0019259999971836805,0.0018500000005587935,91131.0,-0.21667805186021305,0.0,0.25132743362831855
2024-07-25,0.0018189999973401427,0.0018619999755173922,0.0019120000069960952,0.001749000046402216,90760.0,-0.2079564223163419,0.0,0.25132743362831855
2024-07-26,0.001782999956049025,0.0018189999973401427,0.0018420000560581684,0.0017500000540167093,103389.0,-0.20146074967373523,0.0,0.25132743362831855
2024-07-27,0.0017930000321939588,0.001782999956049025,0.0018159999744966626,0.0016899999463930726,108181.0,-0.21596614831618668,0.0,0.25132743362831855
2024-07-28,0.0017849999712780118,0.0017930000321939588,0.001854000031016767,0.001756999990902841,98123.0,-0.22254901024355833,0.0,0.25132743362831855
2024-07-29,0.001686000032350421,0.0017849999712780118,0.0018179999897256494,0.0016830000095069408,101788.0,-0.18727759956708015,0.0,0.25132743362831855
2024-07-30,0.0017190000507980585,0.001686000032350421,0.001765000051818788,0.0016769999638199806,61070.0,-0.2141044226012611,0.0,0.25132743362831855
2024-07-31,0.0017030000453814864,0.0017190000507980585,0.001740999985486269,0.00165200000628829,53603.0,-0.21811778618321,0.0,0.25132743362831855
2024-08-01,0.0016370000084862113,0.0017030000453814864,0.0017419999931007624,0.0016139999497681856,79036.0,-0.19779808859968168,0.0,0.25132743362831855
2024-08-02,0.0018080000299960375,0.0016370000084862113,0.001943000010214746,0.0016280000563710928,176976.0,-0.2862656045435035,-1.0,0.3743362831858407
2024-08-03,0.001643999945372343,0.0018080000299960375,0.0018129999516531825,0.0015719999792054296,192989.0,-0.2265538389788329,0.0,0.25132743362831855
2024-08-04,0.0016599999507889152,0.001643999945372343,0.0017049999441951513,0.001623000018298626,169411.0,-0.24553667404386628,0.0,0.25132743362831855
2024-08-05,0.0016159999649971724,0.0016599999507889152,0.0017190000507980585,0.0013599999947473407,304164.0,-0.23628767824606642,0.0,0.25132743362831855
2024-08-06,0.0016870000399649143,0.0016159999649971724,0.0018609999679028988,0.0015460000140592456,232573.0,-0.2801907841751451,-1.0,0.3743362831858407
2024-08-07,0.0014669999945908785,0.0016870000399649143,0.0017010000301524997,0.00145800004247576,209808.0,-0.1825463231551122,0.0,0.25132743362831855
2024-08-08,0.0015200000489130616,0.0014669999945908785,0.0015719999792054296,0.0014029999729245901,305242.0,-0.22169560411233213,0.0,0.25132743362831855
2024-08-09,0.0015379999531432986,0.0015200000489130616,0.0016949999844655395,0.0014309999532997608,400122.0,-0.241665662534597,0.0,0.25132743362831855
2024-08-10,0.0015829999465495348,0.0015379999531432986,0.0019259999971836805,0.0015150000108405948,976630.0,-0.27376096183033427,-1.0,0.3743362831858407
2024-08-11,0.0015109999803826213,0.0015829999465495348,0.0016540000215172768,0.0015069999499246478,150249.0,-0.24869140799651335,0.0,0.25132743362831855
2024-08-12,0.001538999960757792,0.0015109999803826213,0.0016240000259131193,0.001429000054486096,146719.0,-0.2724909762306918,-1.0,0.3743362831858407
2024-08-13,0.0015259999781847,0.001538999960757792,0.0017590000061318278,0.0014550000196322799,301832.0,-0.275259136966172,-1.0,0.3743362831858407
2024-08-14,0.0015369999455288053,0.0015259999781847,0.0016449999529868364,0.001484000007621944,220838.0,-0.28918492997649475,-1.0,0.3743362831858407
2024-08-15,0.00152299995534122,0.0015369999455288053,0.0015770000172778964,0.001500000013038516,157886.0,-0.2916193925570213,-1.0,0.3743362831858407
2024-08-16,0.0015200000489130616,0.00152299995534122,0.001563000027090311,0.0014949999749660492,56687.0,-0.2990879435986722,-1.0,0.3743362831858407
2024-08-17,0.001512999995611608,0.0015200000489130616,0.001563000027090311,0.0014680000022053719,92871.0,-0.3040617676980126,-1.0,0.3743362831858407
2024-08-18,0.0014700000174343586,0.001512999995611608,0.001534000039100647,0.0014329999685287476,127090.0,-0.292238724315879,-1.0,0.3743362831858407
2024-08-19,0.0013689999468624592,0.0014700000174343586,0.0014720000326633453,0.0013389999512583017,119595.0,-0.24815722052552405,0.0,0.25132743362831855
2024-08-20,0.001231999951414764,0.0013620000099763274,0.0013719999697059393,0.0010590000310912728,483341.0,-0.1716351512315581,0.0,0.25132743362831855
2024-08-21,0.0011360000353306532,0.0012339999666437507,0.0012969999806955457,0.001108999946154654,287035.0,-0.10785454296339182,0.0,0.25132743362831855
2024-08-22,0.00120599998626858,0.0011360000353306532,0.0012740000383928418,0.0010999999940395355,175894.0,-0.16589400632295093,0.0,0.25132743362831855
2024-08-23,0.0012959999730810523,0.0012100000167265534,0.0013040000339969993,0.0011599999852478504,177964.0,-0.23041174061120742,0.0,0.25132743362831855
2024-08-24,0.0012910000514239073,0.0012959999730810523,0.001491999952122569,0.0012570000253617764,258654.0,-0.23537078016199053,0.0,0.25132743362831855
2024-08-25,0.001310999970883131,0.0012910000514239073,0.001348000019788742,0.0012420000275596976,111557.0,-0.25516606120095925,0.0,0.25132743362831855
2024-08-26,0.0012629999546334147,0.001310999970883131,0.0013119999784976244,0.001218999968841672,44021.0,-0.23418265413821124,0.0,0.25132743362831855
2024-08-27,0.0011950000189244747,0.0012629999546334147,0.0012669999850913882,0.0011820000363513827,68510.0,-0.1974705337725227,0.0,0.25132743362831855
2024-08-28,0.0012929999502375722,0.001196000026538968,0.00139999995008111,0.0011899999808520079,144794.0,-0.26666312221845395,0.0,0.25132743362831855
2024-08-29,0.0014319999609142542,0.0012929999502375722,0.0015439999988302588,0.0012610000558197498,256899.0,-0.34781295683056346,-1.0,0.3743362831858407
2024-08-30,0.0013150000013411045,0.0014319999609142542,0.0014449999434873462,0.0013020000187680125,147157.0,-0.2985482192503958,-1.0,0.3743362831858407
2024-08-31,0.0012570000253617764,0.0013150000013411045,0.0013269999762997031,0.0012550000101327896,102520.0,-0.27439069857678466,-1.0,0.3743362831858407
2024-09-01,0.0012039999710395932,0.0012570000253617764,0.0012860000133514404,0.0011759999906644225,277307.0,-0.24671547421343867,0.0,0.25132743362831855
2024-09-02,0.0012939999578520656,0.0012039999710395932,0.0013200000394135714,0.0011879999656230211,117523.0,-0.30506179912549464,-1.0,0.3743362831858407
2024-09-03,0.0012130000395700336,0.0012939999578520656,0.001307999948039651,0.0011889999732375145,124305.0,-0.26453948188037846,0.0,0.25132743362831855
2024-09-04,0.0010550000006332994,0.0012130000395700336,0.0012509999796748161,0.001053999993018806,234738.0,-0.15850926258181539,0.0,0.25132743362831855
2024-09-05,0.0011050000321120024,0.0010550000006332994,0.001129999989643693,0.0009919999865815043,212305.0,-0.20172770700286174,0.0,0.25132743362831855
2024-09-06,0.0011220000451430678,0.0011050000321120024,0.0011840000515803695,0.000999000039882958,211143.0,-0.2188057366510271,0.0,0.25132743362831855
2024-09-07,0.0010349999647587538,0.0011220000451430678,0.0011239999439567327,0.0010130000300705433,85139.0,-0.1574439773356897,0.0,0.25132743362831855
2024-09-08,0.0010379999876022339,0.0010349999647587538,0.0011350000277161598,0.00101500004529953,221905.0,-0.16441144646885347,0.0,0.25132743362831855
2024-09-09,0.0010000000474974513,0.0010379999876022339,0.0010529999854043126,0.0009110000100918114,264535.0,-0.1357273155363595,0.0,0.25132743362831855
2024-09-10,0.0009919999865815043,0.0010000000474974513,0.0010300000431016088,0.0009730000165291131,170922.0,-0.13152949859423058,0.0,0.25132743362831855
2024-09-11,0.0009159999899566174,0.0009919999865815043,0.0010239999974146485,0.000914999982342124,147632.0,-0.06168121357544087,0.0,0.25132743362831855
2024-09-12,0.0008699999889358878,0.0009159999899566174,0.0009519999730400741,0.0008229999803006649,340568.0,-0.013975954554863874,0.0,0.25132743362831855
2024-09-13,0.0008490000036545098,0.0008699999889358878,0.0009840000420808792,0.0008290000259876251,254894.0,0.009369306440484127,1.0,0.3743362831858407
2024-09-14,0.0008299999753944576,0.0008490000036545098,0.0008590000215917826,0.0008040000102482736,281253.0,0.031681300729723263,1.0,0.3743362831858407
2024-09-15,0.0008060000254772604,0.0008299999753944576,0.0008459999808110297,0.0008060000254772604,94048.0,0.06259865750133481,1.0,0.3743362831858407
2024-09-16,0.000813000020571053,0.0008069999748840928,0.0008379999781027436,0.0007830000249668956,211559.0,0.05319800450631295,1.0,0.3743362831858407
2024-09-17,0.000818000000435859,0.000813000020571053,0.0008559999987483025,0.0007880000048317015,298929.0,0.046038006419830184,1.0,0.3743362831858407
2024-09-18,0.000813000020571053,0.000818000000435859,0.0008340000058524311,0.0007999999797903001,238036.0,0.051884125895845054,1.0,0.3743362831858407
2024-09-19,0.0008140000281855464,0.000813000020571053,0.0008270000107586384,0.0007919999770820141,229381.0,0.0496984194494866,1.0,0.3743362831858407
2024-09-20,0.0008019999950192869,0.0008140000281855464,0.000826000003144145,0.0007750000222586095,222847.0,0.06466787867747206,1.0,0.3743362831858407
2024-09-21,0.0008079999824985862,0.0008019999950192869,0.000813000020571053,0.0007859999896027148,58809.0,0.05470861577005628,1.0,0.3743362831858407
2024-09-22,0.0008030000026337802,0.0008079999824985862,0.0008239999879151583,0.0007970000151544809,144208.0,0.05892674576112249,1.0,0.3743362831858407
2024-09-23,0.0008490000036545098,0.0008030000026337802,0.0008590000215917826,0.0007970000151544809,142079.0,-0.001900638432516987,0.0,0.25132743362831855
2024-09-24,0.0008769999840296805,0.0008490000036545098,0.0009549999958835542,0.0008440000237897038,217549.0,-0.03843162088547871,0.0,0.25132743362831855
2024-09-25,0.0008529999759048223,0.0008769999840296805,0.000901999999769032,0.0008529999759048223,174482.0,-0.015560028558045263,0.0,0.25132743362831855
2024-09-26,0.0009239999926649034,0.0008529999759048223,0.0009820000268518925,0.0008510000188834965,159201.0,-0.09799291003882807,0.0,0.25132743362831855
2024-09-27,0.0009459999855607748,0.0009239999926649034,0.0010049999691545963,0.0009069999796338379,126320.0,-0.12461559365919314,0.0,0.25132743362831855
2024-09-28,0.0009219999774359167,0.0009459999855607748,0.000977999996393919,0.000893999997060746,129933.0,-0.10809009801172853,0.0,0.25132743362831855
2024-09-29,0.0009270000155083835,0.0009219999774359167,0.0009480000007897615,0.0008970000199042261,140408.0,-0.11986369988858915,0.0,0.25132743362831855
2024-09-30,0.0009660000214353204,0.0009270000155083835,0.000981000019237399,0.0009190000128000975,102551.0,-0.15887918324826283,0.0,0.25132743362831855
2024-10-01,0.0009180000051856041,0.0009660000214353204,0.0009820000268518925,0.0009169999975711107,73465.0,-0.12054367701561751,0.0,0.25132743362831855
2024-10-02,0.0008789999992586672,0.0009180000051856041,0.0009200000204145908,0.0008750000270083547,43319.0,-0.08790981460688413,0.0,0.25132743362831855
2024-10-03,0.0008479999960400164,0.0008789999992586672,0.0008929999894462526,0.000838999985717237,91042.0,-0.059015861893437944,0.0,0.25132743362831855
2024-10-04,0.0008249999955296516,0.0008500000112690032,0.0008539999835193157,0.0008239999879151583,20355.0,-0.03628098597453851,0.0,0.25132743362831855
2024-10-05,0.0008740000193938613,0.0008249999955296516,0.0009250000002793968,0.0008169999928213656,128176.0,-0.09512171739889429,0.0,0.25132743362831855
2024-10-06,0.0009200000204145908,0.0008740000193938613,0.0009640000062063336,0.0008079999824985862,248141.0,-0.14584982118975076,0.0,0.25132743362831855
2024-10-07,0.0008399999933317304,0.0009200000204145908,0.0009340000106021762,0.0008169999928213656,171977.0,-0.06764068536623485,0.0,0.25132743362831855
2024-10-08,0.0008420000085607171,0.0008399999933317304,0.0008839999791234732,0.0008140000281855464,149671.0,-0.07492983123737783,0.0,0.25132743362831855
2024-10-09,0.0008559999987483025,0.0008479999960400164,0.0008820000221021473,0.0008149999775923789,178621.0,-0.09608644784707318,0.0,0.25132743362831855
2024-10-10,0.0008340000058524311,0.0008529999759048223,0.0008570000063627958,0.0008040000102482736,86070.0,-0.07793765747641901,0.0,0.25132743362831855
2024-10-11,0.0008169999928213656,0.0008340000058524311,0.0008430000161752105,0.0008009999874047935,180637.0,-0.06403693494064201,0.0,0.25132743362831855
2024-10-12,0.0008040000102482736,0.0008169999928213656,0.0008290000259876251,0.0007919999770820141,125908.0,-0.054189294614840386,0.0,0.25132743362831855
2024-10-13,0.0008079999824985862,0.0008040000102482736,0.0008270000107586384,0.0007960000075399876,103957.0,-0.06286564225547252,0.0,0.25132743362831855
2024-10-14,0.0008030000026337802,0.0008079999824985862,0.0008210000232793391,0.0007949999999254942,70513.0,-0.06164384022026786,0.0,0.25132743362831855
2024-10-15,0.000977999996393919,0.0008030000026337802,0.0011480000102892518,0.0007939999923110008,749052.0,-0.2377765372503709,0.0,0.25132743362831855
2024-10-16,0.0009549999958835542,0.0009919999865815043,0.0010029999539256096,0.0009330000029876828,248804.0,-0.22463112591652482,0.0,0.25132743362831855
2024-10-17,0.0008989999769255519,0.0009549999958835542,0.0010059999767690897,0.0008730000117793679,185885.0,-0.1759024977685493,0.0,0.25132743362831855
2024-10-18,0.0008640000014565885,0.0008989999769255519,0.0009030000073835254,0.0008290000259876251,178606.0,-0.13836279758291462,0.0,0.25132743362831855
2024-10-19,0.0008549999911338091,0.0008640000014565885,0.0008820000221021473,0.0008270000107586384,127617.0,-0.12573098734775245,0.0,0.25132743362831855
2024-10-20,0.0008759999764151871,0.0008549999911338091,0.0009500000160187483,0.0008410000009462237,227202.0,-0.1453922573358584,0.0,0.25132743362831855
2024-10-21,0.000838999985717237,0.0008820000221021473,0.00088900001719594,0.0008329999982379377,88333.0,-0.0881189578173256,0.0,0.25132743362831855
2024-10-22,0.000830999983008951,0.000838999985717237,0.0008720000041648746,0.0008159999852068722,89616.0,-0.05994965900059042,0.0,0.25132743362831855
2024-10-23,0.0008650000090710819,0.000830999983008951,0.0009250000002793968,0.000830999983008951,245600.0,-0.07698372027479619,0.0,0.25132743362831855
2024-10-24,0.0008709999965503812,0.0008670000243000686,0.0008960000122897327,0.0008529999759048223,122935.0,-0.05184740338849633,0.0,0.25132743362831855
2024-10-25,0.0008270000107586384,0.0008720000041648746,0.0008800000068731606,0.0007939999923110008,259136.0,0.028580837738824173,1.0,0.3743362831858407
2024-10-26,0.0007970000151544809,0.0008270000107586384,0.0008360000210814178,0.0007929999846965075,74959.0,0.09039578194378874,1.0,0.3743362831858407
2024-10-27,0.0008099999977275729,0.0007970000151544809,0.0008319999906234443,0.0007800000021234155,70095.0,0.08942199949339083,1.0,0.3743362831858407
2024-10-28,0.0008009999874047935,0.0008099999977275729,0.0008479999960400164,0.0007960000075399876,113248.0,0.12822042179910298,1.0,0.3743362831858407
2024-10-29,0.000813000020571053,0.0008009999874047935,0.0008319999906234443,0.0007939999923110008,85536.0,0.13278538672594864,1.0,0.3743362831858407
2024-10-30,0.0008040000102482736,0.000813000020571053,0.0008239999879151583,0.0007820000173524022,79318.0,0.15855380290869153,1.0,0.3743362831858407
2024-10-31,0.0007919999770820141,0.0008040000102482736,0.0008219999726861715,0.0007830000249668956,82383.0,0.18764351141973942,1.0,0.3743362831858407
2024-11-01,0.0007919999770820141,0.0007919999770820141,0.0008120000129565597,0.0007830000249668956,44380.0,0.20072891066631102,1.0,0.3743362831858407
2024-11-02,0.0007820000173524022,0.0007919999770820141,0.0007949999999254942,0.000770999991800636,14249.0,0.22616830087727371,1.0,0.3743362831858407
2024-11-03,0.000775999971665442,0.0007820000173524022,0.0008069999748840928,0.0007689999765716493,48627.0,0.2445232358021752,1.0,0.3743362831858407
2024-11-04,0.0007350000087171793,0.000775999971665442,0.000783999974373728,0.0007340000011026859,69502.0,0.32204697960775075,1.0,0.3743362831858407
2024-11-05,0.0007200000109151006,0.0007350000087171793,0.0007670000195503235,0.0007009999826550484,90236.0,0.3588067925046701,1.0,0.3743362831858407
2024-11-06,0.0007200000109151006,0.0007200000109151006,0.0007689999765716493,0.0007140000234358013,101101.0,0.36445704387136324,1.0,0.3743362831858407
2024-11-07,0.0006970000104047358,0.0007210000185295939,0.0007680000271648169,0.0006960000027902424,110174.0,0.41603623235899645,1.0,0.3743362831858407
2024-11-08,0.0006960000027902424,0.0006900000153109431,0.0007130000158213079,0.0006350000039674342,137641.0,0.42264236108579456,1.0,0.3743362831858407
2024-11-09,0.0006479999865405262,0.0006859999848529696,0.0007210000185295939,0.0006479999865405262,62567.0,0.5346521040808202,1.0,0.3743362831858407
2024-11-10,0.0007110000005923212,0.0006479999865405262,0.0007210000185295939,0.0005970000056549907,185056.0,0.4039445026831156,1.0,0.3743362831858407
2024-11-11,0.0006680000224150717,0.0007110000005923212,0.0007120000082068145,0.0006559999892488122,137578.0,0.5003401718011571,1.0,0.3743362831858407
2024-11-12,0.0006430000066757202,0.0006680000224150717,0.000678999989759177,0.000623999978415668,142547.0,0.5650360286736218,1.0,0.3743362831858407
2024-11-13,0.000818000000435859,0.0006430000066757202,0.0008500000112690032,0.0006009999779053032,435391.0,0.23152366547988723,1.0,0.3743362831858407
2024-11-14,0.0006900000153109431,0.000818000000435859,0.000818000000435859,0.0006810000049881637,123954.0,0.46426214774300373,1.0,0.3743362831858407
2024-11-15,0.0006319999811239541,0.0006890000076964498,0.0006900000153109431,0.0006120000034570694,369052.0,0.6039269684063592,1.0,0.3743362831858407
2024-11-16,0.0006820000126026571,0.0006319999811239541,0.0007210000185295939,0.0006319999811239541,175326.0,0.4894027919705178,1.0,0.3743362831858407
2024-11-17,0.0006980000180192292,0.0006820000126026571,0.0007609999738633633,0.000645000021904707,336959.0,0.45731305703860115,1.0,0.3743362831858407
2024-11-18,0.0006890000076964498,0.0006980000180192292,0.0007210000185295939,0.0006539999740198255,213574.0,0.47855915189311593,1.0,0.3743362831858407
2024-11-19,0.0006980000180192292,0.0006890000076964498,0.0007060000207275152,0.000666000007186085,90634.0,0.4629785943417319,1.0,0.3743362831858407
2024-11-20,0.0007239999831654131,0.0006980000180192292,0.0007340000011026859,0.0006769999745301902,98649.0,0.4129206684891278,1.0,0.3743362831858407
2024-11-21,0.0006539999740198255,0.0007239999831654131,0.0007389999809674919,0.000653000024612993,236047.0,0.5708229625816964,1.0,0.3743362831858407
2024-11-22,0.0006290000164881349,0.0006539999740198255,0.0006939999875612557,0.0006230000290088356,134390.0,0.6412775902328506,1.0,0.3743362831858407
2024-11-23,0.0006249999860301614,0.0006290000164881349,0.0006559999892488122,0.0006210000137798488,131942.0,0.6616000297447505,1.0,0.3743362831858407
2024-11-24,0.0006270000012591481,0.0006249999860301614,0.000666000007186085,0.0006089999806135893,123897.0,0.6624619297676847,1.0,0.3743362831858407
2024-11-25,0.0006169999833218753,0.0006270000012591481,0.0006370000191964209,0.0006099999882280827,129974.0,0.6938264731896681,1.0,0.3743362831858407
2024-11-26,0.000666000007186085,0.0006169999833218753,0.0006689999718219042,0.0005869999877177179,145139.0,0.5714577986954572,1.0,0.3743362831858407
2024-11-27,0.0006399999838322401,0.000666000007186085,0.0006699999794363976,0.0006009999779053032,209491.0,0.6374645239180411,1.0,0.3743362831858407
2024-11-28,0.000623999978415668,0.0006399999838322401,0.0006469999789260328,0.0006130000110715628,89270.0,0.6819639214590707,1.0,0.3743362831858407
2024-11-29,0.0007360000163316727,0.000623999978415668,0.000742000003810972,0.0006230000290088356,290486.0,0.4243144390857992,1.0,0.3743362831858407
2024-11-30,0.0009159999899566174,0.0007360000163316727,0.0012989999959245324,0.0007350000087171793,1265509.0,0.13765383927938038,1.0,0.3743362831858407
2024-12-01,0.0010219999821856618,0.0009110000100918114,0.001062000053934753,0.0008829999715089798,411259.0,0.012164219533785093,1.0,0.3743362831858407
2024-12-02,0.0009889999637380242,0.0010160000529140234,0.0010860000038519502,0.000981000019237399,265790.0,0.038353744271194735,1.0,0.3743362831858407
2024-12-03,0.0009260000078938901,0.0009889999637380242,0.000994000001810491,0.0008570000063627958,282823.0,0.102714497042984,1.0,0.3743362831858407
2024-12-04,0.0015620000194758177,0.0009260000078938901,0.001636000000871718,0.0009260000078938901,1761969.0,-0.3588784878878945,-1.0,0.3743362831858407
2024-12-05,0.0015399999683722854,0.0015620000194758177,0.0017350000562146306,0.0014049999881535769,1074776.0,-0.3631493391997494,-1.0,0.3743362831858407
2024-12-06,0.001623000018298626,0.0014990000054240227,0.00164899998344481,0.0012760000536218286,803959.0,-0.41023918421923394,-1.0,0.3743362831858407
2024-12-07,0.0020779999904334545,0.001623000018298626,0.002142000012099743,0.001567999948747456,1824712.0,-0.5555276049311123,-1.0,0.3743362831858407
2024-12-08,0.0019180000526830554,0.0021430000197142363,0.0021430000197142363,0.0016759999562054873,839548.0,-0.533699892421497,-1.0,0.3743362831858407
2024-12-09,0.0016070000128820539,0.002004999900236726,0.0020520000252872705,0.0014669999945908785,760456.0,-0.45669514869757183,-1.0,0.3743362831858407
2024-12-10,0.0013989999424666166,0.0016070000128820539,0.001617999980226159,0.0012740000383928418,683615.0,-0.38798815176564355,-1.0,0.3743362831858407
2024-12-11,0.0017369999550282955,0.0013989999424666166,0.0018599999602884054,0.0013920000055804849,508458.0,-0.5222300628565985,-1.0,0.3743362831858407
2024-12-12,0.0015719999792054296,0.0017369999550282955,0.0017369999550282955,0.001554999966174364,446486.0,-0.4865544719597987,-1.0,0.3743362831858407
2024-12-13,0.0012669999850913882,0.0015719999792054296,0.0015719999792054296,0.0011650000233203173,809210.0,-0.37558297664834916,-1.0,0.3743362831858407
2024-12-14,0.0011940000113099813,0.001290000043809414,0.0013070000568404794,0.001164000015705824,333549.0,-0.3506357642401668,-1.0,0.3743362831858407
2024-12-15,0.001247999956831336,0.0011940000113099813,0.0012939999578520656,0.0011790000135079026,175894.0,-0.3920818576551616,-1.0,0.3743362831858407
2024-12-16,0.0011289999820291996,0.001247999956831336,0.001297999988310039,0.0010809999657794833,175309.0,-0.3394999513303518,-1.0,0.3743362831858407
2024-12-17,0.0010789999505504966,0.0011289999820291996,0.001171999960206449,0.0010460000485181808,232744.0,-0.31982472323356953,-1.0,0.3743362831858407
2024-12-18,0.0009970000246539712,0.0010789999505504966,0.0010930000571534038,0.0009899999713525176,179331.0,-0.2750980406570443,-1.0,0.3743362831858407
2024-12-19,0.00101200002245605,0.0009970000246539712,0.0010789999505504966,0.0009850000496953726,180753.0,-0.2978126295384484,-1.0,0.3743362831858407
2024-12-20,0.0008989999769255519,0.00101200002245605,0.0010209999745711684,0.0008210000232793391,285371.0,-0.22158457049484728,0.0,0.25132743362831855
2024-12-21,0.0008980000275187194,0.0008989999769255519,0.0009130000253207982,0.0008650000090710819,89235.0,-0.23279006410697411,0.0,0.25132743362831855
2024-12-22,0.0008360000210814178,0.0008980000275187194,0.0009159999899566174,0.0008319999906234443,104002.0,-0.18785343817725308,0.0,0.25132743362831855
2024-12-23,0.0008370000286959112,0.0008360000210814178,0.0008699999889358878,0.0008099999977275729,89984.0,-0.20180300736536463,0.0,0.25132743362831855
2024-12-24,0.0008759999764151871,0.0008370000286959112,0.0008800000068731606,0.0008340000058524311,45488.0,-0.25132314606616685,0.0,0.25132743362831855
2024-12-25,0.0008449999731965363,0.0008759999764151871,0.0008880000095814466,0.0008420000085607171,26666.0,-0.23738566914442608,0.0,0.25132743362831855
2024-12-26,0.0008229999803006649,0.0008449999731965363,0.0009059999720193446,0.0008149999775923789,43115.0,-0.23025514743352105,0.0,0.25132743362831855
2024-12-27,0.0008650000090710819,0.0008229999803006649,0.0008989999769255519,0.0007919999770820141,71812.0,-0.28200211129553016,-1.0,0.3743362831858407
2024-12-28,0.0008200000156648457,0.0008650000090710819,0.0008699999889358878,0.0007999999797903001,48103.0,-0.25629159060709833,0.0,0.25132743362831855
2024-12-29,0.0007789999945089221,0.0008200000156648457,0.0008510000188834965,0.0007789999945089221,50218.0,-0.23059866610239174,0.0,0.25132743362831855
2024-12-30,0.0007740000146441162,0.0007789999945089221,0.0008570000063627958,0.0007740000146441162,62770.0,-0.2389006507847448,0.0,0.25132743362831855
2024-12-31,0.0007609999738633633,0.0007740000146441162,0.0007830000249668956,0.0007489999989047647,61011.0,-0.23915897662848645,0.0,0.25132743362831855
2025-01-01,0.0007559999939985573,0.0007609999738633633,0.0007609999738633633,0.0007469999836757779,30890.0,-0.24732443017894779,0.0,0.25132743362831855
2025-01-02,0.000805000017862767,0.0007559999939985573,0.0008239999879151583,0.0007360000163316727,112161.0,-0.30736873556496874,-1.0,0.3743362831858407
2025-01-03,0.0008030000026337802,0.000805000017862767,0.0008290000259876251,0.0007849999819882214,56492.0,-0.31954036458766644,-1.0,0.3743362831858407
2025-01-04,0.0008459999808110297,0.0008030000026337802,0.0008640000014565885,0.0007900000200606883,50377.0,-0.368740584843394,-1.0,0.3743362831858407
2025-01-05,0.0008510000188834965,0.0008459999808110297,0.0009139999747276306,0.0007849999819882214,112705.0,-0.3878325123437578,-1.0,0.3743362831858407
2025-01-06,0.0008950000046752393,0.0008510000188834965,0.0009549999958835542,0.0008420000085607171,59941.0,-0.42729812638793424,-1.0,0.3743362831858407
2025-01-07,0.0007970000151544809,0.0008950000046752393,0.0008950000046752393,0.0007800000021234155,69738.0,-0.3686837153385569,-1.0,0.3743362831858407
2025-01-08,0.000737000023946166,0.0007970000151544809,0.0008019999950192869,0.0007350000087171793,89875.0,-0.3254595050242393,-1.0,0.3743362831858407
2025-01-09,0.0007319999858736992,0.000737000023946166,0.0007559999939985573,0.0007169999880716205,33126.0,-0.329079721863087,-1.0,0.3743362831858407
2025-01-10,0.0007009999826550484,0.0007319999858736992,0.0007379999733529985,0.0006639999919570982,106228.0,-0.3074179600327213,-1.0,0.3743362831858407
2025-01-11,0.0006929999799467623,0.0007009999826550484,0.000707999977748841,0.0006779999821446836,54226.0,-0.3089334725588134,-1.0,0.3743362831858407
2025-01-12,0.0006810000049881637,0.0006929999799467623,0.000707999977748841,0.0006719999946653843,12768.0,-0.30660126193057924,-1.0,0.3743362831858407
2025-01-13,0.0006430000066757202,0.0006810000049881637,0.0006980000180192292,0.0006350000039674342,58482.0,-0.2761911593221267,-1.0,0.3743362831858407
2025-01-14,0.0006849999772384763,0.0006430000066757202,0.0007089999853633344,0.0006339999963529408,81308.0,-0.3317186252779155,-1.0,0.3743362831858407
2025-01-15,0.0006590000120922923,0.0006849999772384763,0.000691999972332269,0.0006590000120922923,49912.0,-0.31569873132514953,-1.0,0.3743362831858407
2025-01-16,0.0006699999794363976,0.0006590000120922923,0.000678999989759177,0.0006409999914467335,58057.0,-0.3383310522037279,-1.0,0.3743362831858407
2025-01-17,0.0006960000027902424,0.0006699999794363976,0.0006980000180192292,0.0006600000197067857,34333.0,-0.3738244548188465,-1.0,0.3743362831858407
2025-01-18,0.0006300000241026282,0.0006960000027902424,0.0007280000136233866,0.0006270000012591481,67761.0,-0.31951662247784235,-1.0,0.3743362831858407
2025-01-19,0.0005859999801032245,0.0006300000241026282,0.0007120000082068145,0.0005729999975301325,105176.0,-0.2795531878750385,-1.0,0.3743362831858407
2025-01-20,0.0006009999779053032,0.0005859999801032245,0.000615999975707382,0.0005729999975301325,38093.0,-0.3079715372539918,-1.0,0.3743362831858407
2025-01-21,0.0006309999735094607,0.0006009999779053032,0.0006699999794363976,0.0005660000024363399,69164.0,-0.3525428329279804,-1.0,0.3743362831858407
2025-01-22,0.0006709999870508909,0.0006309999735094607,0.0007660000119358301,0.0005949999904260039,113947.0,-0.4035699643953013,-1.0,0.3743362831858407
2025-01-23,0.0006559999892488122,0.0006709999870508909,0.0006709999870508909,0.000610999995842576,53225.0,-0.4022311419880244,-1.0,0.3743362831858407
2025-01-24,0.0005789999850094318,0.0006559999892488122,0.0007040000054985285,0.0005610000225715339,98567.0,-0.33568847180475303,-1.0,0.3743362831858407
2025-01-25,0.0005709999823011458,0.0005789999850094318,0.0006319999811239541,0.0005489999894052744,63559.0,-0.3387199253651914,-1.0,0.3743362831858407
2025-01-26,0.0005629999795928597,0.0005709999823011458,0.0005970000056549907,0.0005370000144466758,52445.0,-0.3420797400150455,-1.0,0.3743362831858407
2025-01-27,0.0004990000161342323,0.0005629999795928597,0.0005629999795928597,0.0004920000210404396,65002.0,-0.26908364188217626,0.0,0.25132743362831855
2025-01-28,0.0005150000215508044,0.0004990000161342323,0.0005430000019259751,0.0004879999905824661,39214.0,-0.30339808501221843,-1.0,0.3743362831858407
2025-01-29,0.0005579999997280538,0.0005150000215508044,0.0006329999887384474,0.0004939999780617654,216110.0,-0.36889051542011314,-1.0,0.3743362831858407
2025-01-30,0.0005600000149570405,0.0005579999997280538,0.0006300000241026282,0.0005300000193528831,79635.0,-0.38258930077831865,-1.0,0.3743362831858407
2025-01-31,0.0005050000036135316,0.0005600000149570405,0.0005619999719783664,0.0005050000036135316,38822.0,-0.3269126948172674,-1.0,0.3743362831858407
2025-02-01,0.00047900000936351717,0.0005050000036135316,0.0005089999758638442,0.0004720000142697245,28174.0,-0.3012431323398758,-1.0,0.3743362831858407
2025-02-02,0.00042299999040551484,0.00047900000936351717,0.0004870000120718032,0.00042299999040551484,72818.0,-0.21824627225302348,0.0,0.25132743362831855
2025-02-03,0.00042100000428035855,0.00042299999040551484,0.0005050000036135316,0.000371000001905486,199525.0,-0.22397970681866097,0.0,0.25132743362831855
2025-02-04,0.00039599998854100704,0.00042100000428035855,0.0005239999736659229,0.00038400001358240843,304696.0,-0.18319556439705068,0.0,0.25132743362831855
2025-02-05,0.0003589999978430569,0.00039599998854100704,0.0004440000047907233,0.0003499999875202775,107601.0,-0.10616610713956541,0.0,0.25132743362831855
2025-02-06,0.0003370000049471855,0.0003589999978430569,0.0003980000037699938,0.0003220000071451068,97835.0,-0.05354735137403365,0.0,0.25132743362831855
2025-02-07,0.0003420000139158219,0.0003370000049471855,0.00035700001171790063,0.00032900000223889947,24854.0,-0.0734317192330536,0.0,0.25132743362831855
2025-02-08,0.0003429999924264848,0.0003420000139158219,0.00035099999513477087,0.00031800000579096377,29862.0,-0.08050620301916185,0.0,0.25132743362831855
2025-02-09,0.00031800000579096377,0.0003429999924264848,0.0003429999924264848,0.00031599999056197703,25403.0,-0.010791894411970633,0.0,0.25132743362831855
2025-02-10,0.0003260000084992498,0.00031800000579096377,0.0003769999893847853,0.00030399998649954796,77637.0,-0.04001675336878249,0.0,0.25132743362831855
2025-02-11,0.00031800000579096377,0.0003260000084992498,0.0003589999978430569,0.00030499999411404133,48570.0,-0.01979704205412735,0.0,0.25132743362831855
2025-02-12,0.0003220000071451068,0.00031900001340545714,0.0003490000090096146,0.00031800000579096377,35488.0,-0.03903163957698842,0.0,0.25132743362831855
2025-02-13,0.0003169999981764704,0.0003220000071451068,0.0003480000013951212,0.0003129999968223274,43385.0,-0.03039861514509096,0.0,0.25132743362831855
2025-02-14,0.0003169999981764704,0.0003169999981764704,0.00032699998700991273,0.0003100000030826777,16357.0,-0.03706623743065276,0.0,0.25132743362831855
2025-02-15,0.0003009999927598983,0.0003169999981764704,0.00031800000579096377,0.0003000000142492354,13684.0,0.00815466428976882,1.0,0.3743362831858407
2025-02-16,0.000311999989207834,0.0003009999927598983,0.0003260000084992498,0.000299000006634742,38745.0,-0.03416371531032325,0.0,0.25132743362831855
2025-02-17,0.0003020000003743917,0.000311999989207834,0.0003169999981764704,0.0003020000003743917,5584.0,-0.009256469103844095,0.0,0.25132743362831855
2025-02-18,0.0002749999985098839,0.0003020000003743917,0.0003150000120513141,0.0002629999944474548,66497.0,0.08223141580428246,1.0,0.3743362831858407
2025-02-19,0.0005259999888949096,0.0002749999985098839,0.0006719999946653843,0.0002749999985098839,537438.0,-0.448323524765484,-1.0,0.3743362831858407
2025-02-20,0.00038300000596791506,0.0005259999888949096,0.0006810000049881637,0.0003490000090096146,1038614.0,-0.2533230556907624,0.0,0.25132743362831855
2025-02-21,0.0004720000142697245,0.00038300000596791506,0.000598000013269484,0.00036700000055134296,425468.0,-0.4081279048790435,-1.0,0.3743362831858407
2025-02-22,0.0004670000053010881,0.0004720000142697245,0.0005259999888949096,0.00042100000428035855,217165.0,-0.4155635630935967,-1.0,0.3743362831858407
2025-02-23,0.00045399999362416565,0.0004670000053010881,0.0004910000134259462,0.0004349999944679439,89072.0,-0.4125450432629844,-1.0,0.3743362831858407
2025-02-24,0.0004030000127386302,0.00045399999362416565,0.00045900000259280205,0.0004030000127386302,48726.0,-0.3504962964507016,-1.0,0.3743362831858407
2025-02-25,0.0003859999997075647,0.0004030000127386302,0.0004030000127386302,0.00035799999022856355,34671.0,-0.334667919776436,-1.0,0.3743362831858407
2025-02-26,0.0003440000000409782,0.0003859999997075647,0.00039500001003034413,0.0003440000000409782,52765.0,-0.26446881375355963,0.0,0.25132743362831855
2025-02-27,0.0003490000090096146,0.0003440000000409782,0.000387999985832721,0.0003319999959785491,61264.0,-0.28627248334336425,-1.0,0.3743362831858407
2025-02-28,0.0003589999978430569,0.0003490000090096146,0.0003859999997075647,0.0003260000084992498,91876.0,-0.3172955120198083,-1.0,0.3743362831858407
2025-03-01,0.00033400001120753586,0.0003589999978430569,0.0003640000068116933,0.00033099998836405575,11414.0,-0.2768780856030128,-1.0,0.3743362831858407
2025-03-02,0.0003659999929368496,0.00033400001120753586,0.0003819999983534217,0.0003279999946244061,33344.0,-0.35221061687080696,-1.0,0.3743362831858407
2025-03-03,0.0003169999981764704,0.0003659999929368496,0.0003870000073220581,0.0003169999981764704,31007.0,-0.2630484597893105,0.0,0.25132743362831855
2025-03-04,0.000299000006634742,0.0003169999981764704,0.00031800000579096377,0.0002840000088326633,19679.0,-0.22856492868871492,0.0,0.25132743362831855
2025-03-05,0.00032500000088475645,0.000299000006634742,0.00036899998667649925,0.0002969999914057553,41745.0,-0.30174825182653,-1.0,0.3743362831858407
2025-03-06,0.00030700000934302807,0.00032500000088475645,0.0003330000035930425,0.0003060000017285347,9660.0,-0.2711726589644794,0.0,0.25132743362831855
2025-03-07,0.00030399998649954796,0.00030700000934302807,0.0003209999995306134,0.0003009999927598983,9015.0,-0.2754933856668502,-1.0,0.3743362831858407
2025-03-08,0.0003009999927598983,0.00030399998649954796,0.00030899999546818435,0.0003009999927598983,2320.0,-0.2794472757025263,-1.0,0.3743362831858407
2025-03-09,0.00024900000425986946,0.0003009999927598983,0.00030300000798888505,0.00024900000425986946,51717.0,-0.13709384072533248,0.0,0.25132743362831855
2025-03-10,0.0002610000083222985,0.00024900000425986946,0.00029200001154094934,0.00024900000425986946,38063.0,-0.18425638022645882,0.0,0.25132743362831855
2025-03-11,0.0002469999890308827,0.0002610000083222985,0.0002789999998640269,0.0002460000105202198,19974.0,-0.1449208270265658,0.0,0.25132743362831855
2025-03-12,0.00024900000425986946,0.0002469999890308827,0.0002680000034160912,0.0002469999890308827,9612.0,-0.1581781788748591,0.0,0.25132743362831855
2025-03-13,0.0002519999979995191,0.00024900000425986946,0.0002849999873433262,0.0002460000105202198,40919.0,-0.17505410299232527,0.0,0.25132743362831855
2025-03-14,0.0002680000034160912,0.0002519999979995191,0.0002789999998640269,0.0002500000118743628,26638.0,-0.23227612658625993,0.0,0.25132743362831855
2025-03-15,0.00027799999224953353,0.0002680000034160912,0.00028300000121816993,0.0002640000020619482,11055.0,-0.26847610521680276,0.0,0.25132743362831855
2025-03-16,0.0002479999966453761,0.00027799999224953353,0.00027799999224953353,0.00024300000222865492,28747.0,-0.18786655504152658,0.0,0.25132743362831855
2025-03-17,0.0002500000118743628,0.0002479999966453761,0.00025400001322850585,0.00024500000290572643,2449.0,-0.20181821806567804,0.0,0.25132743362831855
2025-03-18,0.0002460000105202198,0.0002500000118743628,0.00025099999038502574,0.00024300000222865492,5538.0,-0.1963230191520835,0.0,0.25132743362831855
2025-03-19,0.0002460000105202198,0.0002460000105202198,0.0002500000118743628,0.0002410000015515834,24732.0,-0.20399116426674443,0.0,0.25132743362831855
2025-03-20,0.0002530000056140125,0.0002460000105202198,0.00029200001154094934,0.00023700000019744039,57643.0,-0.23392024644993406,0.0,0.25132743362831855
2025-03-21,0.0002460000105202198,0.0002530000056140125,0.0002530000056140125,0.00023799999326001853,12817.0,-0.2205284889167112,0.0,0.25132743362831855
2025-03-22,0.0002519999979995191,0.0002460000105202198,0.0002640000020619482,0.00024300000222865492,11451.0,-0.24765511659307446,0.0,0.25132743362831855
2025-03-23,0.00025099999038502574,0.0002519999979995191,0.00025499999173916876,0.0002500000118743628,788.0,-0.25398403362324234,0.0,0.25132743362831855
2025-03-24,0.0002770000137388706,0.00025099999038502574,0.00029200001154094934,0.00024900000425986946,24982.0,-0.33401709859983736,-1.0,0.3743362831858407
2025-03-25,0.00028199999360367656,0.0002770000137388706,0.00028899998869746923,0.0002579999854788184,31485.0,-0.3546099140896563,-1.0,0.3743362831858407
2025-03-26,0.00025499999173916876,0.00028199999360367656,0.0002840000088326633,0.00025499999173916876,43572.0,-0.29233509201059565,-1.0,0.3743362831858407
2025-03-27,0.0002629999944474548,0.00025499999173916876,0.0002739999908953905,0.00024900000425986946,15481.0,-0.2925164040529635,-1.0,0.3743362831858407
2025-03-28,0.00022200000239536166,0.0002629999944474548,0.0002640000020619482,0.00022200000239536166,43517.0,-0.1450655296214183,0.0,0.25132743362831855
2025-03-29,0.00022600000374950469,0.00022200000239536166,0.00025400001322850585,0.00020799999765586108,68940.0,-0.15446501863049011,0.0,0.25132743362831855
2025-03-30,0.00022400000307243317,0.00022600000374950469,0.00023600000713486224,0.0002229999954579398,14240.0,-0.14143670177113402,0.0,0.25132743362831855
2025-03-31,0.00022200000239536166,0.00022400000307243317,0.00022600000374950469,0.00021399999968707561,8836.0,-0.13073301804025103,0.0,0.25132743362831855
2025-04-01,0.00021899999410379678,0.00022200000239536166,0.00024300000222865492,0.00021800000104121864,14350.0,-0.11457033958970063,0.0,0.25132743362831855
2025-04-02,0.00020799999765586108,0.00021899999410379678,0.00021899999410379678,0.00020799999765586108,22127.0,-0.06348338439976536,0.0,0.25132743362831855
2025-04-03,0.00020500000391621143,0.00020799999765586108,0.0002099999983329326,0.0002010000025620684,15096.0,-0.046341484670770795,0.0,0.25132743362831855
2025-04-04,0.0001990000018849969,0.00020500000391621143,0.00020599999697878957,0.0001990000018849969,6120.0,-0.014275937256343503,0.0,0.25132743362831855
2025-04-05,0.00019799999427050352,0.0001990000018849969,0.00020500000391621143,0.0001939999929163605,11997.0,-0.008149652368231397,0.0,0.25132743362831855
2025-04-06,0.00018099999579135329,0.00019799999427050352,0.0001990000018849969,0.00017699999443721026,17159.0,0.0885233789021709,1.0,0.3743362831858407
2025-04-07,0.00018400000408291817,0.00018099999579135329,0.00019799999427050352,0.00017100000695791095,41324.0,0.07176380906265654,1.0,0.3743362831858407
2025-04-08,0.00018000000272877514,0.00018400000408291817,0.00019500000053085387,0.00017699999443721026,34339.0,0.09861109247208417,1.0,0.3743362831858407
2025-04-09,0.0001849999971454963,0.00018000000272877514,0.00019700000120792538,0.00016999999934341758,43457.0,0.07764129260967996,1.0,0.3743362831858407
2025-04-10,0.00016900000628083944,0.0001849999971454963,0.00019099999917671084,0.00016900000628083944,39431.0,0.19069387325722234,1.0,0.3743362831858407
2025-04-11,0.00017699999443721026,0.00016900000628083944,0.00018400000408291817,0.00016900000628083944,40993.0,0.1413713732068828,1.0,0.3743362831858407
2025-04-12,0.00017600000137463212,0.00017699999443721026,0.00018000000272877514,0.0001740000006975606,63685.0,0.15302168187246587,1.0,0.3743362831858407
2025-04-13,0.0001829999964684248,0.00017600000137463212,0.0001939999929163605,0.0001740000006975606,74146.0,0.11264284118335803,1.0,0.3743362831858407
2025-04-14,0.00017699999443721026,0.00018400000408291817,0.00018400000408291817,0.00017600000137463212,53555.0,0.15254240689447793,1.0,0.3743362831858407
2025-04-15,0.00017100000695791095,0.00017699999443721026,0.00020500000391621143,0.00016799999866634607,26608.0,0.19603928795694606,1.0,0.3743362831858407
2025-04-16,0.00016399999731220305,0.00017100000695791095,0.00017299999308306724,0.0001630000042496249,66617.0,0.24958427419990403,1.0,0.3743362831858407
2025-04-17,0.00016900000628083944,0.00016399999731220305,0.00017100000695791095,0.0001630000042496249,72899.0,0.214496991581463,1.0,0.3743362831858407
2025-04-18,0.0001610000035725534,0.00016900000628083944,0.00017100000695791095,0.00015999999595806003,74750.0,0.27752678760209065,1.0,0.3743362831858407
2025-04-19,0.00016700000560376793,0.0001610000035725534,0.00017100000695791095,0.00015700000221841037,80577.0,0.23462161849089067,1.0,0.3743362831858407
2025-04-20,0.0001500000071246177,0.00016700000560376793,0.00016799999866634607,0.00014400000509340316,77789.0,0.38257568481618487,1.0,0.3743362831858407
2025-04-21,0.00015300000086426735,0.0001500000071246177,0.00015799999528098851,0.0001429999974789098,85978.0,0.36200236211390296,1.0,0.3743362831858407
2025-04-22,0.00015999999595806003,0.00015199999324977398,0.00016999999934341758,0.00014899999951012433,90535.0,0.3090909367891575,1.0,0.3743362831858407
2025-04-23,0.00017499999376013875,0.00015999999595806003,0.0001939999929163605,0.00015999999595806003,36078.0,0.2045454942324975,1.0,0.3743362831858407
2025-04-24,0.0001720000000204891,0.00017499999376013875,0.00017600000137463212,0.00016900000628083944,21243.0,0.2345401648627394,1.0,0.3743362831858407
2025-04-25,0.00017899999511428177,0.0001720000000204891,0.000195999993593432,0.00016700000560376793,41444.0,0.19159474665055773,1.0,0.3743362831858407
2025-04-26,0.00017600000137463212,0.00017899999511428177,0.000195999993593432,0.00017100000695791095,26836.0,0.21526341544512012,1.0,0.3743362831858407
2025-04-27,0.0001740000006975606,0.00017600000137463212,0.000195999993593432,0.00017100000695791095,25235.0,0.2324973780132681,1.0,0.3743362831858407
2025-04-28,0.00017299999308306724,0.0001740000006975606,0.00017899999511428177,0.0001720000000204891,21014.0,0.24566478508024725,1.0,0.3743362831858407
2025-04-29,0.00016199999663513154,0.00017299999308306724,0.00017699999443721026,0.00015999999595806003,28075.0,0.33599890142020405,1.0,0.3743362831858407
2025-04-30,0.00016799999866634607,0.00016199999663513154,0.00017600000137463212,0.00016199999663513154,31054.0,0.29166667322867756,1.0,0.3743362831858407
2025-05-01,0.00016500000492669642,0.00016900000628083944,0.00017100000695791095,0.00015900000289548188,32188.0,0.3191459607083548,1.0,0.3743362831858407
2025-05-02,0.0001630000042496249,0.00016500000492669642,0.00016599999798927456,0.00016199999663513154,21690.0,0.33965416883345867,1.0,0.3743362831858407
2025-05-03,0.00016500000492669642,0.0001630000042496249,0.00016700000560376793,0.00016199999663513154,23266.0,0.32685945770313185,1.0,0.3743362831858407
2025-05-04,0.00015500000154133886,0.00016500000492669642,0.00016599999798927456,0.00015500000154133886,20718.0,0.41598238241888325,1.0,0.3743362831858407
2025-05-05,0.00015700000221841037,0.00015500000154133886,0.00015999999595806003,0.00015300000086426735,23222.0,0.3999710208765801,1.0,0.3743362831858407
2025-05-06,0.00014800000644754618,0.00015700000221841037,0.00015799999528098851,0.00014699999883305281,25853.0,0.48848272719469404,1.0,0.3743362831858407
2025-05-07,0.00015500000154133886,0.00014800000644754618,0.00015700000221841037,0.00014800000644754618,26968.0,0.4225806218556501,1.0,0.3743362831858407
2025-05-08,0.00017299999308306724,0.00015500000154133886,0.00018099999579135329,0.00015199999324977398,35422.0,0.2725959441723053,1.0,0.3743362831858407
2025-05-09,0.00018699999782256782,0.00017299999308306724,0.00019700000120792538,0.00017299999308306724,34965.0,0.1728245091636106,1.0,0.3743362831858407
2025-05-10,0.0005099999834783375,0.00018699999782256782,0.0007389999809674919,0.00018699999782256782,679046.0,-0.5855169219947697,-1.0,0.3743362831858407
2025-05-11,0.0003859999997075647,0.0005099999834783375,0.00076299998909235,0.0003100000030826777,572610.0,-0.46567357676322757,-1.0,0.3743362831858407
2025-05-12,0.00028300000121816993,0.0003859999997075647,0.000387999985832721,0.0002809999859891832,165079.0,-0.279633799582367,-1.0,0.3743362831858407
2025-05-13,0.00027799999224953353,0.00028300000121816993,0.0003009999927598983,0.00027600000612437725,74167.0,-0.27534334359831864,-1.0,0.3743362831858407
2025-05-14,0.00025099999038502574,0.00027799999224953353,0.0002859999949578196,0.00024300000222865492,106338.0,-0.20418323780790318,0.0,0.25132743362831855
2025-05-15,0.00026000000070780516,0.00025099999038502574,0.00026599998818710446,0.0002469999890308827,50857.0,-0.23924825513378342,0.0,0.25132743362831855
2025-05-16,0.0002469999890308827,0.00026000000070780516,0.0002640000020619482,0.00024399999529123306,43501.0,-0.2066617246210865,0.0,0.25132743362831855
2025-05-17,0.00023600000713486224,0.0002469999890308827,0.00025599999935366213,0.00023600000713486224,28617.0,-0.17623269194498317,0.0,0.25132743362831855
2025-05-18,0.0002280000044265762,0.00023600000713486224,0.00023600000713486224,0.00021100000594742596,42221.0,-0.15410687677140772,0.0,0.25132743362831855
2025-05-19,0.00020799999765586108,0.0002280000044265762,0.00022899999748915434,0.00020799999765586108,46070.0,-0.07790646000801334,0.0,0.25132743362831855
2025-05-20,0.00020900000527035445,0.00020799999765586108,0.00021300000662449747,0.00020700000459328294,30314.0,-0.08753808507978623,0.0,0.25132743362831855
2025-05-21,0.00019200000679120421,0.00020900000527035445,0.00021100000594742596,0.00018400000408291817,58818.0,-0.011008561376489872,0.0,0.25132743362831855
2025-05-22,0.00020399999630171806,0.00019200000679120421,0.00020900000527035445,0.00019099999917671084,61279.0,-0.07464347985376467,0.0,0.25132743362831855
2025-05-23,0.00025599999935366213,0.00020399999630171806,0.0002969999914057553,0.00020300000323913991,172690.0,-0.2711292621105137,0.0,0.25132743362831855
2025-05-24,0.00025099999038502574,0.00025599999935366213,0.0002589999930933118,0.0002390000008745119,131800.0,-0.26575513416992846,0.0,0.25132743362831855
2025-05-25,0.0002119999990100041,0.00025099999038502574,0.00025400001322850585,0.00020300000323913991,160324.0,-0.13732846984445346,0.0,0.25132743362831855
2025-05-26,0.00021600000036414713,0.00021100000594742596,0.00022699999681208283,0.00020300000323913991,99455.0,-0.16014309952866307,0.0,0.25132743362831855
2025-05-27,0.00021300000662449747,0.00021600000036414713,0.00021800000104121864,0.00020799999765586108,101131.0,-0.15300898972328622,0.0,0.25132743362831855
2025-05-28,0.0001939999929163605,0.00021300000662449747,0.00021699999342672527,0.00019299999985378236,110435.0,-0.07087625472257059,0.0,0.25132743362831855
2025-05-29,0.0001939999929163605,0.0001939999929163605,0.00020799999765586108,0.00019299999985378236,104875.0,-0.07263351788444766,0.0,0.25132743362831855
2025-05-30,0.00018200000340584666,0.0001939999929163605,0.0001939999929163605,0.00017800000205170363,112102.0,-0.011613405773570397,0.0,0.25132743362831855
2025-05-31,0.0001829999964684248,0.00018200000340584666,0.00019299999985378236,0.00018000000272877514,47460.0,-0.01378537546804685,0.0,0.25132743362831855
2025-06-01,0.00018000000272877514,0.0001829999964684248,0.00018400000408291817,0.00017800000205170363,59716.0,0.004292914144892046,0.0,0.25132743362831855
2025-06-02,0.00018899999849963933,0.00018000000272877514,0.00019200000679120421,0.00017899999511428177,107302.0,-0.0419672846345052,0.0,0.25132743362831855
2025-06-03,0.00020300000323913991,0.00018899999849963933,0.00021100000594742596,0.00017699999443721026,132609.0,-0.10904614191327276,0.0,0.25132743362831855
2025-06-04,0.00019700000120792538,0.00020300000323913991,0.00020399999630171806,0.000195999993593432,104094.0,-0.08375635287291572,0.0,0.25132743362831855
2025-06-05,0.00020700000459328294,0.00019700000120792538,0.0002099999983329326,0.000195999993593432,107651.0,-0.13109356643545417,0.0,0.25132743362831855
2025-06-06,0.00023400000645779073,0.00020700000459328294,0.00024900000425986946,0.00020599999697878957,131609.0,-0.23659676069627086,0.0,0.25132743362831855
2025-06-07,0.00023999999393709004,0.00023400000645779073,0.0002460000105202198,0.00023099999816622585,106783.0,-0.25975377144587186,0.0,0.25132743362831855
2025-06-08,0.0002209999947808683,0.00023999999393709004,0.00024300000222865492,0.0002209999947808683,87830.0,-0.20053474219261294,0.0,0.25132743362831855
2025-06-09,0.00020199999562464654,0.0002209999947808683,0.0002229999954579398,0.00019999999494757503,117451.0,-0.12792527557313493,0.0,0.25132743362831855
2025-06-10,0.0001990000018849969,0.00020199999562464654,0.00020900000527035445,0.0001990000018849969,84552.0,-0.11569210749596069,0.0,0.25132743362831855
2025-06-11,0.00021899999410379678,0.0001990000018849969,0.00022400000307243317,0.0001990000018849969,101024.0,-0.19883767253556678,0.0,0.25132743362831855
2025-06-12,0.00020300000323913991,0.00021899999410379678,0.00021899999410379678,0.00020300000323913991,97700.0,-0.1370353949232676,0.0,0.25132743362831855
2025-06-13,0.00019299999985378236,0.00020300000323913991,0.00020300000323913991,0.00019099999917671084,101412.0,-0.0929109765713548,0.0,0.25132743362831855
2025-06-14,0.0001939999929163605,0.00019299999985378236,0.00020399999630171806,0.00019200000679120421,109493.0,-0.09864101847644607,0.0,0.25132743362831855
2025-06-15,0.0001939999929163605,0.0001939999929163605,0.0001990000018849969,0.00019099999917671084,110626.0,-0.10074973358879062,0.0,0.25132743362831855
2025-06-16,0.0001900000061141327,0.0001939999929163605,0.00020700000459328294,0.00018899999849963933,111533.0,-0.08385170642192917,0.0,0.25132743362831855
2025-06-17,0.00017899999511428177,0.0001900000061141327,0.00019200000679120421,0.0001720000000204891,119756.0,-0.02932958363946676,0.0,0.25132743362831855
2025-06-18,0.00017100000695791095,0.00017899999511428177,0.00018000000272877514,0.00016999999934341758,112861.0,0.0152843803469438,1.0,0.3743362831858407
2025-06-19,0.00016999999934341758,0.00016999999934341758,0.00017299999308306724,0.00016900000628083944,104153.0,0.019385028511754387,1.0,0.3743362831858407
2025-06-20,0.00016399999731220305,0.00016999999934341758,0.00017299999308306724,0.00015999999595806003,91481.0,0.05709535991202513,1.0,0.3743362831858407
2025-06-21,0.00015799999528098851,0.00016399999731220305,0.00016700000560376793,0.000155999994603917,82274.0,0.09939588869197845,1.0,0.3743362831858407
2025-06-22,0.0001500000071246177,0.00015799999528098851,0.00015900000289548188,0.0001500000071246177,57792.0,0.16242418386381055,1.0,0.3743362831858407
2025-06-23,0.0001610000035725534,0.0001500000071246177,0.00018000000272877514,0.00014899999951012433,71824.0,0.08512137283044588,1.0,0.3743362831858407
2025-06-24,0.00015999999595806003,0.0001610000035725534,0.0001610000035725534,0.00015700000221841037,48529.0,0.09360797929818028,1.0,0.3743362831858407
2025-06-25,0.00017800000205170363,0.00015999999595806003,0.00018899999849963933,0.00015799999528098851,72294.0,-0.01864148441662691,0.0,0.25132743362831855
2025-06-26,0.0001720000000204891,0.00017800000205170363,0.00018699999782256782,0.00016999999934341758,71893.0,0.01545982936879528,1.0,0.3743362831858407
2025-06-27,0.00017600000137463212,0.0001720000000204891,0.00017899999511428177,0.0001720000000204891,59715.0,-0.007360546201323279,0.0,0.25132743362831855
2025-06-28,0.0001740000006975606,0.00017600000137463212,0.00017800000205170363,0.00017299999308306724,64385.0,0.004963421434738375,0.0,0.25132743362831855
2025-06-29,0.00016599999798927456,0.0001740000006975606,0.00017499999376013875,0.00016399999731220305,64140.0,0.05558599180663409,1.0,0.3743362831858407
2025-06-30,0.00016799999866634607,0.00016599999798927456,0.00017100000695791095,0.0001610000035725534,66730.0,0.04477814518389244,1.0,0.3743362831858407
2025-07-01,0.00015999999595806003,0.00016799999866634607,0.00016799999866634607,0.00015900000289548188,63461.0,0.09957389055947448,1.0,0.3743362831858407
2025-07-02,0.0001610000035725534,0.00015999999595806003,0.00016199999663513154,0.00015799999528098851,62023.0,0.09472047036850509,1.0,0.3743362831858407
2025-07-03,0.0001610000035725534,0.0001610000035725534,0.00016500000492669642,0.00015799999528098851,62015.0,0.09740257069806693,1.0,0.3743362831858407
2025-07-04,0.000155999994603917,0.0001610000035725534,0.0001630000042496249,0.0001539999939268455,66367.0,0.13621798576418984,1.0,0.3743362831858407
2025-07-05,0.00015500000154133886,0.000155999994603917,0.0001610000035725534,0.00015500000154133886,75398.0,0.1483870836553069,1.0,0.3743362831858407
2025-07-06,0.00015999999595806003,0.00015500000154133886,0.0001610000035725534,0.00014800000644754618,82045.0,0.11562502759489673,1.0,0.3743362831858407
2025-07-07,0.0001500000071246177,0.0001610000035725534,0.00016199999663513154,0.00014699999883305281,82233.0,0.1957575180790781,1.0,0.3743362831858407
2025-07-08,0.0001500000071246177,0.0001500000071246177,0.00016900000628083944,0.00014899999951012433,76652.0,0.20151509330749331,1.0,0.3743362831858407
2025-07-09,0.00015100000018719584,0.0001500000071246177,0.00015300000086426735,0.0001500000071246177,89558.0,0.19882600649951085,1.0,0.3743362831858407
2025-07-10,0.00016900000628083944,0.00015100000018719584,0.0001849999971454963,0.00015100000018719584,123055.0,0.07369549482114653,1.0,0.3743362831858407
2025-07-11,0.00018699999782256782,0.00016900000628083944,0.0001990000018849969,0.00016599999798927456,82934.0,-0.029047144116920956,0.0,0.25132743362831855
2025-07-12,0.00017899999511428177,0.00018699999782256782,0.000195999993593432,0.00017899999511428177,88254.0,0.016251932637031938,1.0,0.3743362831858407
2025-07-13,0.00018099999579135329,0.00017899999511428177,0.00018400000408291817,0.00017899999511428177,79109.0,0.006529406508784603,0.0,0.25132743362831855
2025-07-14,0.00020900000527035445,0.00018099999579135329,0.00023299999884329736,0.00018000000272877514,116417.0,-0.13027405401618894,0.0,0.25132743362831855
2025-07-15,0.00019299999985378236,0.00020900000527035445,0.00020900000527035445,0.00018699999782256782,110036.0,-0.05817239672491017,0.0,0.25132743362831855
2025-07-16,0.00020199999562464654,0.00019299999985378236,0.00020900000527035445,0.00018899999849963933,127141.0,-0.1012601051821886,0.0,0.25132743362831855
2025-07-17,0.0001939999929163605,0.00020199999562464654,0.00020399999630171806,0.0001939999929163605,83845.0,-0.06419865232075984,0.0,0.25132743362831855
2025-07-18,0.00018099999579135329,0.0001939999929163605,0.000195999993593432,0.00017699999443721026,93841.0,0.004645931100590036,0.0,0.25132743362831855
2025-07-19,0.00017899999511428177,0.00018099999579135329,0.00018600000475998968,0.00017499999376013875,88517.0,0.01650587058568306,1.0,0.3743362831858407
2025-07-20,0.00018000000272877514,0.00017899999511428177,0.0001829999964684248,0.00017699999443721026,85421.0,0.011489885250506699,1.0,0.3743362831858407
2025-07-21,0.00019700000120792538,0.00018000000272877514,0.0002280000044265762,0.00017899999511428177,140767.0,-0.0771804384494046,0.0,0.25132743362831855
2025-07-22,0.00017800000205170363,0.00019799999427050352,0.00019799999427050352,0.00015700000221841037,117876.0,0.0203013168732495,1.0,0.3743362831858407
2025-07-23,0.00017899999511428177,0.00017800000205170363,0.00018899999849963933,0.0001720000000204891,88762.0,0.010538373135446215,1.0,0.3743362831858407
2025-07-24,0.00019099999917671084,0.00017899999511428177,0.00021800000104121864,0.00017800000205170363,176867.0,-0.057710608671777935,0.0,0.25132743362831855
2025-07-25,0.000195999993593432,0.00019099999917671084,0.00021300000662449747,0.00018699999782256782,154834.0,-0.0871984840197591,0.0,0.25132743362831855
2025-07-26,0.00019099999917671084,0.000195999993593432,0.000195999993593432,0.0001900000061141327,74327.0,-0.06853878511385472,0.0,0.25132743362831855
2025-07-27,0.0001880000054370612,0.00019099999917671084,0.0002010000025620684,0.0001880000054370612,87650.0,-0.05971956131015139,0.0,0.25132743362831855
2025-07-28,0.0001849999971454963,0.0001880000054370612,0.00019299999985378236,0.00018099999579135329,104524.0,-0.04889433223487467,0.0,0.25132743362831855
2025-07-29,0.00017600000137463212,0.0001849999971454963,0.00019500000053085387,0.00017499999376013875,98568.0,-0.0032283115506096956,0.0,0.25132743362831855
2025-07-30,0.00017299999308306724,0.00017600000137463212,0.0001849999971454963,0.00017299999308306724,106099.0,0.011166622502405115,1.0,0.3743362831858407
2025-07-31,0.00016500000492669642,0.00017299999308306724,0.0001740000006975606,0.00016399999731220305,101921.0,0.05881539804890816,1.0,0.3743362831858407
2025-08-01,0.00016500000492669642,0.00016500000492669642,0.00017100000695791095,0.00016399999731220305,84508.0,0.05702476288516736,1.0,0.3743362831858407
2025-08-02,0.000155999994603917,0.00016500000492669642,0.00016500000492669642,0.00015300000086426735,82256.0,0.1178613461583765,1.0,0.3743362831858407
2025-08-03,0.00016700000560376793,0.000155999994603917,0.00017100000695791095,0.00015300000086426735,97453.0,0.04246049889873216,1.0,0.3743362831858407
2025-08-04,0.00017299999308306724,0.00016700000560376793,0.00017600000137463212,0.00016700000560376793,86934.0,0.003678444060527755,0.0,0.25132743362831855
2025-08-05,0.00017899999511428177,0.00017299999308306724,0.0001829999964684248,0.0001720000000204891,83565.0,-0.034027396889331075,0.0,0.25132743362831855
2025-08-06,0.00017600000137463212,0.00017800000205170363,0.00018099999579135329,0.00017499999376013875,78894.0,-0.017303724731042896,0.0,0.25132743362831855
2025-08-07,0.0001720000000204891,0.00017600000137463212,0.00018099999579135329,0.0001720000000204891,42696.0,0.006078226158452039,0.0,0.25132743362831855
2025-08-08,0.00016500000492669642,0.0001720000000204891,0.00017299999308306724,0.00016399999731220305,16749.0,0.04958674806908923,1.0,0.3743362831858407
2025-08-09,0.00017100000695791095,0.00016500000492669642,0.00017299999308306724,0.00016500000492669642,17353.0,0.012626222870455938,1.0,0.3743362831858407
2025-08-10,0.00017800000205170363,0.00017100000695791095,0.00017899999511428177,0.00016900000628083944,15010.0,-0.028217579104318043,0.0,0.25132743362831855
2025-08-11,0.00018099999579135329,0.00017800000205170363,0.0002010000025620684,0.00017499999376013875,53115.0,-0.04570565187703084,0.0,0.25132743362831855
2025-08-12,0.00018200000340584666,0.00018099999579135329,0.0001900000061141327,0.00017699999443721026,26279.0,-0.055319697103562,0.0,0.25132743362831855
2025-08-13,0.00018099999579135329,0.00018200000340584666,0.00018400000408291817,0.00018099999579135329,16672.0,-0.05562529109769572,0.0,0.25132743362831855
2025-08-14,0.00017800000205170363,0.00018099999579135329,0.00018099999579135329,0.00017800000205170363,8516.0,-0.04456078622911997,0.0,0.25132743362831855
2025-08-15,0.00017499999376013875,0.00017800000205170363,0.00017899999511428177,0.00017499999376013875,5957.0,-0.0332467165510874,0.0,0.25132743362831855
2025-08-16,0.00018000000272877514,0.00017499999376013875,0.00018099999579135329,0.0001720000000204891,14923.0,-0.06376263861378871,0.0,0.25132743362831855
2025-08-17,0.00018099999579135329,0.00018000000272877514,0.00018099999579135329,0.00017800000205170363,19937.0,-0.0705675301887382,0.0,0.25132743362831855
2025-08-18,0.0001880000054370612,0.00018099999579135329,0.0001880000054370612,0.00017899999511428177,22861.0,-0.10795456920343932,0.0,0.25132743362831855
2025-08-19,0.00018200000340584666,0.0001880000054370612,0.0001880000054370612,0.00018200000340584666,19487.0,-0.08104397196917396,0.0,0.25132743362831855
2025-08-20,0.0001880000054370612,0.00018200000340584666,0.0001900000061141327,0.00018099999579135329,18865.0,-0.11460350655267516,0.0,0.25132743362831855
2025-08-21,0.0001880000054370612,0.0001880000054370612,0.00019099999917671084,0.00018699999782256782,23307.0,-0.1187137592759485,0.0,0.25132743362831855
2025-08-22,0.00018600000475998968,0.0001880000054370612,0.0001900000061141327,0.0001829999964684248,21647.0,-0.11180354249226349,0.0,0.25132743362831855
2025-08-23,0.0001880000054370612,0.00018600000475998968,0.00020199999562464654,0.0001720000000204891,35772.0,-0.12681337229775058,0.0,0.25132743362831855
2025-08-24,0.00019200000679120421,0.0001880000054370612,0.0001939999929163605,0.0001880000054370612,22045.0,-0.15104169867697465,0.0,0.25132743362831855
2025-08-25,0.0001939999929163605,0.00019200000679120421,0.00019799999427050352,0.0001900000061141327,22281.0,-0.1661199327573293,0.0,0.25132743362831855
2025-08-26,0.00019299999985378236,0.0001939999929163605,0.0001990000018849969,0.00019099999917671084,21315.0,-0.16792275125048628,0.0,0.25132743362831855
2025-08-27,0.00019099999917671084,0.00019299999985378236,0.000195999993593432,0.0001900000061141327,15820.0,-0.16527843576538018,0.0,0.25132743362831855
2025-08-28,0.00019299999985378236,0.00019099999917671084,0.00019500000053085387,0.0001900000061141327,17168.0,-0.18075836130738546,0.0,0.25132743362831855
2025-08-29,0.00019200000679120421,0.00019299999985378236,0.00019299999985378236,0.00018899999849963933,18213.0,-0.1828835531944829,0.0,0.25132743362831855
2025-08-30,0.0001939999929163605,0.00019200000679120421,0.00019700000120792538,0.00019099999917671084,18482.0,-0.1983364286044621,0.0,0.25132743362831855
2025-08-31,0.0001939999929163605,0.0001939999929163605,0.00019700000120792538,0.00019299999985378236,18298.0,-0.2054826330386395,0.0,0.25132743362831855
2025-09-01,0.00018400000408291817,0.0001939999929163605,0.00019500000053085387,0.00018099999579135329,44630.0,-0.16872531566727025,0.0,0.25132743362831855
2025-09-02,0.0001849999971454963,0.00018400000408291817,0.0001900000061141327,0.00017800000205170363,32596.0,-0.1805896676409013,0.0,0.25132743362831855
2025-09-03,0.0001849999971454963,0.0001849999971454963,0.00018600000475998968,0.0001829999964684248,17291.0,-0.18857492577110832,0.0,0.25132743362831855
2025-09-04,0.00016999999934341758,0.0001849999971454963,0.00018600000475998968,0.00016900000628083944,27650.0,-0.12352940834301457,0.0,0.25132743362831855
2025-09-05,0.00014699999883305281,0.00016999999934341758,0.00016999999934341758,0.0001429999974789098,25626.0,0.009740267614672808,1.0,0.3743362831858407
2025-09-06,0.00015100000018719584,0.00014699999883305281,0.00015999999595806003,0.00013600000238511711,48718.0,-0.021372668801362252,0.0,0.25132743362831855
2025-09-07,0.00014899999951012433,0.00015100000018719584,0.00020199999562464654,0.00014200000441633165,41442.0,-0.012965219359868085,0.0,0.25132743362831855
2025-09-08,0.00014699999883305281,0.00014899999951012433,0.00016799999866634607,0.00014699999883305281,56748.0,-0.004174388353615285,0.0,0.25132743362831855
2025-09-09,0.00013800000306218863,0.00014699999883305281,0.00014699999883305281,0.0001289999927394092,32034.0,0.05747692078758107,1.0,0.3743362831858407
2025-09-10,0.00014899999951012433,0.00013800000306218863,0.00016199999663513154,0.00013699999544769526,20456.0,-0.025320312603906582,0.0,0.25132743362831855
2025-09-11,0.00015300000086426735,0.00014899999951012433,0.000155999994603917,0.00014800000644754618,18125.0,-0.05614973618060908,0.0,0.25132743362831855
2025-09-12,0.00015100000018719584,0.00015300000086426735,0.000155999994603917,0.00014800000644754618,26475.0,-0.0487658026593314,0.0,0.25132743362831855
2025-09-13,0.00015500000154133886,0.00015100000018719584,0.0001610000035725534,0.00014800000644754618,25457.0,-0.07873900960212171,0.0,0.25132743362831855
2025-09-14,0.00015199999324977398,0.00015500000154133886,0.0001610000035725534,0.00015100000018719584,19304.0,-0.0657894281636666,0.0,0.25132743362831855
2025-09-15,0.00015500000154133886,0.00015199999324977398,0.00015999999595806003,0.0001500000071246177,18261.0,-0.08973607533006667,0.0,0.25132743362831855
2025-09-16,0.0001539999939268455,0.00015500000154133886,0.000155999994603917,0.00015300000086426735,19728.0,-0.0900235716124216,0.0,0.25132743362831855
2025-09-17,0.00015300000086426735,0.0001539999939268455,0.00015700000221841037,0.00015199999324977398,19559.0,-0.09061200227781138,0.0,0.25132743362831855
2025-09-18,0.00014699999883305281,0.00015300000086426735,0.0001539999939268455,0.00014699999883305281,21360.0,-0.059833011101851505,0.0,0.25132743362831855
2025-09-19,0.00017800000205170363,0.00014699999883305281,0.00022200000239536166,0.00014699999883305281,63169.0,-0.23250766537733075,0.0,0.25132743362831855
2025-09-20,0.00017600000137463212,0.00017800000205170363,0.00019799999427050352,0.00017499999376013875,28586.0,-0.23631198552102484,0.0,0.25132743362831855
2025-09-21,0.00017100000695791095,0.00017600000137463212,0.00017600000137463212,0.00016700000560376793,19040.0,-0.22900055970717495,0.0,0.25132743362831855
2025-09-22,0.00016999999934341758,0.00017100000695791095,0.00017100000695791095,0.00016799999866634607,21778.0,-0.24010694556613296,0.0,0.25132743362831855
2025-09-23,0.00016999999934341758,0.00016999999934341758,0.00017100000695791095,0.00016900000628083944,18747.0,-0.2553475871457594,0.0,0.25132743362831855
2025-09-24,0.00016999999934341758,0.00016999999934341758,0.00017100000695791095,0.00016799999866634607,22957.0,-0.26925133035827337,0.0,0.25132743362831855
2025-09-25,0.00014699999883305281,0.00016999999934341758,0.00017100000695791095,0.00014699999883305281,24413.0,-0.16434754608945712,0.0,0.25132743362831855
2025-09-26,0.00013699999544769526,0.00014699999883305281,0.00015799999528098851,0.00013600000238511711,24226.0,-0.11330454410943473,0.0,0.25132743362831855
2025-09-27,0.00014000000373926014,0.00013699999544769526,0.00014200000441633165,0.00013600000238511711,18742.0,-0.1436688493924722,0.0,0.25132743362831855
2025-09-28,0.00013600000238511711,0.00014000000373926014,0.00014000000373926014,0.00013499999477062374,16805.0,-0.1296791550062882,0.0,0.25132743362831855
2025-09-29,0.00015100000018719584,0.00013600000238511711,0.00016199999663513154,0.00013600000238511711,66378.0,-0.2311860294500101,0.0,0.25132743362831855
2025-09-30,0.00016799999866634607,0.00015100000018719584,0.00017499999376013875,0.00014200000441633165,29318.0,-0.32521644084214896,-1.0,0.3743362831858407
2025-10-01,0.00016500000492669642,0.00016799999866634607,0.0001939999929163605,0.00015199999324977398,58368.0,-0.3292011183583477,-1.0,0.3743362831858407
2025-10-02,0.00016199999663513154,0.00016500000492669642,0.00017100000695791095,0.00015999999595806003,33438.0,-0.3327721478704901,-1.0,0.3743362831858407
2025-10-03,0.00015300000086426735,0.00016199999663513154,0.00016199999663513154,0.00015199999324977398,19447.0,-0.3095662500363149,-1.0,0.3743362831858407
2025-10-04,0.0001539999939268455,0.00015100000018719584,0.00015900000289548188,0.00015100000018719584,20095.0,-0.3310212198200976,-1.0,0.3743362831858407
2025-10-05,0.00016500000492669642,0.0001539999939268455,0.00018000000272877514,0.00015199999324977398,28883.0,-0.3943526308206316,-1.0,0.3743362831858407
2025-10-06,0.00014200000441633165,0.00016500000492669642,0.00016599999798927456,0.00013899999612476677,35725.0,-0.31402050361764144,-1.0,0.3743362831858407
2025-10-07,0.00014099999680183828,0.00014200000441633165,0.00014200000441633165,0.00013899999612476677,16514.0,-0.32704704644855104,-1.0,0.3743362831858407
2025-10-08,0.00014000000373926014,0.00014099999680183828,0.0001429999974789098,0.00013800000306218863,18410.0,-0.34025975364061745,-1.0,0.3743362831858407
2025-10-09,0.00014099999680183828,0.00014000000373926014,0.0001449999981559813,0.00013800000306218863,17101.0,-0.36266922653406974,-1.0,0.3743362831858407
2025-10-10,0.00014000000373926014,0.00014099999680183828,0.0001429999974789098,0.00013099999341648072,29732.0,-0.3756493632540357,-1.0,0.3743362831858407
2025-10-11,0.00013499999477062374,0.00014000000373926014,0.00014099999680183828,0.00013299999409355223,19241.0,-0.3695285899039749,-1.0,0.3743362831858407
2025-10-12,0.00013800000306218863,0.00013499999477062374,0.00014099999680183828,0.00013499999477062374,16639.0,-0.40036232746298733,-1.0,0.3743362831858407
2025-10-13,0.0001340000017080456,0.00013800000306218863,0.00013899999612476677,0.0001340000017080456,18025.0,-0.399423340876833,-1.0,0.3743362831858407
2025-10-14,0.00013299999409355223,0.0001340000017080456,0.00013499999477062374,0.0001320000010309741,18144.0,-0.4068694144092216,-1.0,0.3743362831858407
2025-10-15,0.0001320000010309741,0.00013299999409355223,0.00013499999477062374,0.00013099999341648072,15462.0,-0.41339531572248944,-1.0,0.3743362831858407
2025-10-16,0.0001250000059371814,0.0001320000010309741,0.00013299999409355223,0.00011899999663000926,30544.0,-0.39454547809309815,-1.0,0.3743362831858407
2025-10-17,0.00011999999696854502,0.0001250000059371814,0.00012799999967683107,0.0001140000022132881,29500.0,-0.3827651302247068,-1.0,0.3743362831858407
2025-10-18,0.00012099999730708078,0.00011999999696854502,0.00012399999832268804,0.00011700000322889537,19893.0,-0.4023290563602631,-1.0,0.3743362831858407
2025-10-19,0.00012199999764561653,0.00012099999730708078,0.00012700000661425292,0.00011999999696854502,17867.0,-0.4221311298425999,-1.0,0.3743362831858407
2025-10-20,0.00012199999764561653,0.00012199999764561653,0.0001250000059371814,0.00012099999730708078,16542.0,-0.43405363309064815,-1.0,0.3743362831858407
2025-10-21,0.00011800000356743112,0.00012199999764561653,0.0001230000052601099,0.00011700000322889537,17527.0,-0.42796611241902394,-1.0,0.3743362831858407
2025-10-22,0.00011700000322889537,0.00011800000356743112,0.00011999999696854502,0.00011700000322889537,18159.0,-0.4358974456459693,-1.0,0.3743362831858407
2025-10-23,0.00011800000356743112,0.00011700000322889537,0.00011899999663000926,0.00011600000289035961,17535.0,-0.45531588201865797,-1.0,0.3743362831858407
2025-10-24,0.00011800000356743112,0.00011800000356743112,0.00011899999663000926,0.0001140000022132881,17730.0,-0.470146390861393,-1.0,0.3743362831858407
2025-10-25,0.00011700000322889537,0.00011800000356743112,0.00011899999663000926,0.00011600000289035961,18095.0,-0.4807692417499208,-1.0,0.3743362831858407
2025-10-26,0.00011700000322889537,0.00011700000322889537,0.00011899999663000926,0.00011600000289035961,18563.0,-0.4966977576844767,-1.0,0.3743362831858407
2025-10-27,0.00011800000356743112,0.00011700000322889537,0.00011899999663000926,0.00011500000255182385,17360.0,-0.5165639566436574,-1.0,0.3743362831858407
2025-10-28,0.00011700000322889537,0.00011800000356743112,0.00011800000356743112,0.00011500000255182385,21343.0,-0.5277777892416665,-1.0,0.3743362831858407
2025-10-29,0.00011500000255182385,0.00011600000289035961,0.00011800000356743112,0.0001140000022132881,26431.0,-0.5353755031051372,-1.0,0.3743362831858407
2025-10-30,0.00011200000153621659,0.00011500000255182385,0.00011500000255182385,0.0001049999991664663,28849.0,-0.5375405899654636,-1.0,0.3743362831858407
2025-10-31,0.00010900000052060932,0.00011200000153621659,0.00011300000187475234,0.0001049999991664663,27273.0,-0.5394078416411318,-1.0,0.3743362831858407
2025-11-01,0.00010599999950500205,0.00010900000052060932,0.0001140000022132881,0.00010299999848939478,17250.0,-0.5415951943709996,-1.0,0.3743362831858407
2025-11-02,0.00010800000018207356,0.00010599999950500205,0.00010900000052060932,0.00010199999815085903,11446.0,-0.5643939396491289,-1.0,0.3743362831858407
2025-11-03,7.899999764049426e-05,0.00010800000018207356,0.00010900000052060932,7.79999973019585e-05,26897.0,-0.41484463020957424,-1.0,0.3743362831858407
2025-11-04,5.8000001445179805e-05,7.899999764049426e-05,8.70000003487803e-05,5.500000042957254e-05,77905.0,-0.20885581783132912,0.0,0.25132743362831855
2025-11-05,5.2999999752501026e-05,5.8000001445179805e-05,6.299999949987978e-05,5.199999941396527e-05,31895.0,-0.13807889657843345,0.0,0.25132743362831855
2025-11-06,5.6000000768108293e-05,5.2999999752501026e-05,6.900000153109431e-05,5.199999941396527e-05,37407.0,-0.1903409192415194,0.0,0.25132743362831855
2025-11-07,6.600000051548705e-05,5.6000000768108293e-05,7.200000254670158e-05,5.400000009103678e-05,17547.0,-0.321625349249721,-1.0,0.3743362831858407
2025-11-08,8.600000001024455e-05,6.600000051548705e-05,0.00010599999950500205,6.600000051548705e-05,18157.0,-0.4923361515491214,-1.0,0.3743362831858407
2025-11-09,7.699999696342275e-05,8.600000001024455e-05,8.800000068731606e-05,7.300000288523734e-05,11337.0,-0.4442148528002848,-1.0,0.3743362831858407
2025-11-10,7.000000186963007e-05,7.699999696342275e-05,7.699999696342275e-05,6.70000008540228e-05,14302.0,-0.3990259897860488,-1.0,0.3743362831858407
2025-11-11,6.900000153109431e-05,7.000000186963007e-05,7.000000186963007e-05,6.800000119255856e-05,9295.0,-0.40085640295951064,-1.0,0.3743362831858407
2025-11-12,5.0999999075429514e-05,6.900000153109431e-05,7.000000186963007e-05,4.600000102072954e-05,29179.0,-0.19518715108921184,0.0,0.25132743362831855
2025-11-13,4.8000001697801054e-05,5.0999999075429514e-05,5.2999999752501026e-05,4.5000000682193786e-05,21797.0,-0.1500947269703892,0.0,0.25132743362831855
2025-11-14,4.70000013592653e-05,4.8000001697801054e-05,4.999999873689376e-05,4.600000102072954e-05,8890.0,-0.13636366275129622,0.0,0.25132743362831855
2025-11-15,4.8000001697801054e-05,4.70000013592653e-05,5.0999999075429514e-05,4.600000102072954e-05,12804.0,-0.16619321325431385,0.0,0.25132743362831855
2025-11-16,4.5000000682193786e-05,4.8000001697801054e-05,4.999999873689376e-05,3.9999998989515007e-05,13918.0,-0.12373738986533792,0.0,0.25132743362831855
2025-11-17,3.899999865097925e-05,4.5000000682193786e-05,4.999999873689376e-05,2.4000000848900527e-05,23099.0,-0.002913721140417698,0.0,0.25132743362831855
2025-11-18,2.9000000722589903e-05,3.899999865097925e-05,3.9999998989515007e-05,2.700000004551839e-05,13083.0,0.3307209657266539,1.0,0.3743362831858407
2025-11-19,3.099999958067201e-05,2.9000000722589903e-05,3.7999998312443495e-05,2.099999983329326e-05,17710.0,0.23093842971496867,1.0,0.3743362831858407
2025-11-20,2.9999999242136255e-05,3.099999958067201e-05,3.099999958067201e-05,2.8000000384054147e-05,10596.0,0.2583333625474063,1.0,0.3743362831858407
2025-11-21,2.9000000722589903e-05,2.9999999242136255e-05,3.199999991920777e-05,2.8000000384054147e-05,11038.0,0.28918491751159814,1.0,0.3743362831858407
2025-11-22,3.099999958067201e-05,2.9000000722589903e-05,3.099999958067201e-05,2.9000000722589903e-05,9872.0,0.1964809522468334,1.0,0.3743362831858407
2025-11-23,3.199999991920777e-05,3.099999958067201e-05,3.199999991920777e-05,2.9000000722589903e-05,11910.0,0.15625000096892191,1.0,0.3743362831858407
2025-11-24,3.400000059627928e-05,3.199999991920777e-05,3.600000127335079e-05,3.199999991920777e-05,6727.0,0.08489302735072306,1.0,0.3743362831858407
2025-11-25,3.400000059627928e-05,3.400000059627928e-05,3.5000000934815034e-05,3.300000025774352e-05,4983.0,0.07553473800848039,1.0,0.3743362831858407
2025-11-26,3.400000059627928e-05,3.400000059627928e-05,3.400000059627928e-05,2.5999999706982635e-05,14104.0,0.06885024631596535,1.0,0.3743362831858407
2025-11-27,6.299999949987978e-05,3.400000059627928e-05,8.199999865610152e-05,3.400000059627928e-05,21055.0,-0.4383116849838115,-1.0,0.3743362831858407
2025-11-28,6.800000119255856e-05,6.299999949987978e-05,7.500000356230885e-05,4.70000013592653e-05,18645.0,-0.494986641261805,-1.0,0.3743362831858407
2025-11-29,4.8000001697801054e-05,6.800000119255856e-05,6.800000119255856e-05,4.600000102072954e-05,13112.0,-0.29687502756044454,-1.0,0.3743362831858407
2025-11-30,4.8999998398358e-05,4.8000001697801054e-05,5.0999999075429514e-05,4.600000102072954e-05,12127.0,-0.3228200164698528,-1.0,0.3743362831858407
2025-12-01,4.400000034365803e-05,4.8999998398358e-05,4.8999998398358e-05,4.3000000005122274e-05,12150.0,-0.256714883421421,0.0,0.25132743362831855
2025-12-02,4.199999966658652e-05,4.400000034365803e-05,4.400000034365803e-05,3.7999998312443495e-05,11771.0,-0.23322510388949388,0.0,0.25132743362831855
2025-12-03,5.8000001445179805e-05,4.199999966658652e-05,8.199999865610152e-05,3.7000001611886546e-05,13364.0,-0.4592476642765355,-1.0,0.3743362831858407
2025-12-04,4.999999873689376e-05,5.8000001445179805e-05,5.999999848427251e-05,4.999999873689376e-05,2073.0,-0.38409089544848823,-1.0,0.3743362831858407
2025-12-05,5.0999999075429514e-05,4.999999873689376e-05,5.900000178371556e-05,3.7000001611886546e-05,15210.0,-0.40953653272650886,-1.0,0.3743362831858407
2025-12-06,4.199999966658652e-05,5.0999999075429514e-05,5.0999999075429514e-05,3.7999998312443495e-05,15379.0,-0.29383116482365507,-1.0,0.3743362831858407
2025-12-07,4.099999932805076e-05,4.199999966658652e-05,4.3000000005122274e-05,3.099999958067201e-05,13369.0,-0.2876940029870469,-1.0,0.3743362831858407
2025-12-08,3.899999865097925e-05,4.099999932805076e-05,5.400000009103678e-05,3.5000000934815034e-05,13307.0,-0.26107223605313784,0.0,0.25132743362831855
2025-12-09,3.5000000934815034e-05,3.899999865097925e-05,7.400000322377309e-05,3.400000059627928e-05,18802.0,-0.18506495792885502,0.0,0.25132743362831855
2025-12-10,3.7000001611886546e-05,3.5000000934815034e-05,4.70000013592653e-05,3.300000025774352e-05,15377.0,-0.23832927343407742,0.0,0.25132743362831855
2025-12-11,3.7999998312443495e-05,3.7000001611886546e-05,4.3000000005122274e-05,2.9999999242136255e-05,12960.0,-0.26854063833562986,0.0,0.25132743362831855
2025-12-12,3.5000000934815034e-05,3.7999998312443495e-05,3.9999998989515007e-05,2.099999983329326e-05,12686.0,-0.21428573681215946,0.0,0.25132743362831855
2025-12-13,3.9999998989515007e-05,3.5000000934815034e-05,6.500000017695129e-05,2.700000004551839e-05,13811.0,-0.3227272562943566,-1.0,0.3743362831858407
2025-12-14,3.899999865097925e-05,3.9999998989515007e-05,5.999999848427251e-05,2.9999999242136255e-05,17219.0,-0.315850792190689,-1.0,0.3743362831858407
2025-12-15,3.5000000934815034e-05,3.899999865097925e-05,5.900000178371556e-05,3.199999991920777e-05,15122.0,-0.24675326759231783,0.0,0.25132743362831855
2025-12-16,3.9999998989515007e-05,3.5000000934815034e-05,5.6000000768108293e-05,3.400000059627928e-05,14639.0,-0.35170452922833273,-1.0,0.3743362831858407
2025-12-17,4.3000000005122274e-05,3.9999998989515007e-05,4.8000001697801054e-05,3.7000001611886546e-05,8399.0,-0.4101479914203692,-1.0,0.3743362831858407
2025-12-18,4.3000000005122274e-05,4.3000000005122274e-05,4.70000013592653e-05,3.9999998989515007e-05,8578.0,-0.4260042282850929,-1.0,0.3743362831858407
2025-12-19,4.400000034365803e-05,4.3000000005122274e-05,4.8999998398358e-05,4.099999932805076e-05,9515.0,-0.4545454587734774,-1.0,0.3743362831858407
2025-12-20,4.099999932805076e-05,4.400000034365803e-05,4.400000034365803e-05,3.9999998989515007e-05,10929.0,-0.4296008770562063,-1.0,0.3743362831858407
2025-12-21,4.099999932805076e-05,4.099999932805076e-05,4.3000000005122274e-05,3.9999998989515007e-05,14025.0,-0.44678491258211045,-1.0,0.3743362831858407
2025-12-22,3.7000001611886546e-05,4.099999932805076e-05,4.199999966658652e-05,3.7000001611886546e-05,13048.0,-0.4035626798648599,-1.0,0.3743362831858407
2025-12-23,3.899999865097925e-05,3.7999998312443495e-05,3.899999865097925e-05,3.600000127335079e-05,12063.0,-0.4504661809238325,-1.0,0.3743362831858407
2025-12-24,3.7999998312443495e-05,3.899999865097925e-05,3.899999865097925e-05,3.7000001611886546e-05,11892.0,-0.4515549977562896,-1.0,0.3743362831858407
2025-12-25,3.7000001611886546e-05,3.7999998312443495e-05,3.899999865097925e-05,3.7000001611886546e-05,11883.0,-0.45208847482732856,-1.0,0.3743362831858407
2025-12-26,3.7999998312443495e-05,3.7000001611886546e-05,3.899999865097925e-05,3.7000001611886546e-05,12051.0,-0.4820573909024067,-1.0,0.3743362831858407
2025-12-27,3.7000001611886546e-05,3.7999998312443495e-05,3.899999865097925e-05,3.7000001611886546e-05,12632.0,-0.4840295050168933,-1.0,0.3743362831858407
2025-12-28,3.7999998312443495e-05,3.7000001611886546e-05,3.899999865097925e-05,3.5000000934815034e-05,13081.0,-0.51315787040196,-1.0,0.3743362831858407
2025-12-29,2.300000051036477e-05,3.7999998312443495e-05,3.7999998312443495e-05,1.9999999494757503e-05,21037.0,-0.2065217523375667,0.0,0.25132743362831855
2025-12-30,1.8999999156221747e-05,2.300000051036477e-05,2.300000051036477e-05,1.8999999156221747e-05,8807.0,-0.049043013531192975,0.0,0.25132743362831855
2025-12-31,1.4999999621068127e-05,1.8999999156221747e-05,1.9999999494757503e-05,1.4000000192027073e-05,7026.0,0.18787882660121477,1.0,0.3743362831858407
2026-01-01,1.5999999959603883e-05,1.4999999621068127e-05,1.700000029813964e-05,1.4999999621068127e-05,6347.0,0.0994318294859072,1.0,0.3743362831858407
2026-01-02,1.2000000424450263e-05,1.5999999959603883e-05,1.5999999959603883e-05,1.1000000085914508e-05,12350.0,0.4526514740979364,1.0,0.3743362831858407
2026-01-03,1.2000000424450263e-05,1.2000000424450263e-05,1.4000000192027073e-05,9.999999747378752e-06,8609.0,0.43749995865933333,1.0,0.3743362831858407
2026-01-04,1.2999999853491317e-05,1.2000000424450263e-05,1.4999999621068127e-05,1.1000000085914508e-05,8319.0,0.3111888349780422,1.0,0.3743362831858407
2026-01-05,1.8000000636675395e-05,1.2999999853491317e-05,1.9999999494757503e-05,1.2999999853491317e-05,11672.0,-0.0719697239559656,0.0,0.25132743362831855
2026-01-06,2.8000000384054147e-05,1.8000000636675395e-05,3.199999991920777e-05,1.700000029813964e-05,12261.0,-0.42451299146870947,-1.0,0.3743362831858407
2026-01-07,2.9000000722589903e-05,2.8000000384054147e-05,3.400000059627928e-05,2.4000000848900527e-05,9978.0,-0.4655172519479709,-1.0,0.3743362831858407
2026-01-08,1.9999999494757503e-05,2.9000000722589903e-05,2.9999999242136255e-05,1.8999999156221747e-05,14953.0,-0.24431815804729695,0.0,0.25132743362831855
2026-01-09,2.4000000848900527e-05,1.9999999494757503e-05,2.4000000848900527e-05,1.9999999494757503e-05,9750.0,-0.39109850329388657,-1.0,0.3743362831858407
2026-01-10,2.099999983329326e-05,2.4000000848900527e-05,2.4000000848900527e-05,2.099999983329326e-05,6193.0,-0.32467531560568813,-1.0,0.3743362831858407
2026-01-11,2.2000000171829015e-05,2.099999983329326e-05,2.300000051036477e-05,2.099999983329326e-05,12117.0,-0.3750000014093409,-1.0,0.3743362831858407
2026-01-12,2.2000000171829015e-05,2.2000000171829015e-05,2.700000004551839e-05,2.099999983329326e-05,10589.0,-0.39462810049748004,-1.0,0.3743362831858407
2026-01-13,2.4000000848900527e-05,2.2000000171829015e-05,2.9000000722589903e-05,2.2000000171829015e-05,11408.0,-0.4649621377196791,-1.0,0.3743362831858407
2026-01-14,2.300000051036477e-05,2.4000000848900527e-05,2.499999936844688e-05,1.9999999494757503e-05,13203.0,-0.46047431826435575,-1.0,0.3743362831858407
2026-01-15,1.9999999494757503e-05,2.300000051036477e-05,2.499999936844688e-05,1.9999999494757503e-05,11566.0,-0.3988636181737419,-1.0,0.3743362831858407
2026-01-16,2.099999983329326e-05,1.9999999494757503e-05,2.099999983329326e-05,1.9999999494757503e-05,10968.0,-0.4469696894233844,-1.0,0.3743362831858407
2026-01-17,2.499999936844688e-05,2.099999983329326e-05,2.700000004551839e-05,1.9999999494757503e-05,12633.0,-0.5554545309026299,-1.0,0.3743362831858407
2026-01-18,2.099999983329326e-05,2.499999936844688e-05,2.499999936844688e-05,1.9999999494757503e-05,8906.0,-0.4902597319634836,-1.0,0.3743362831858407
2026-01-19,2.2000000171829015e-05,2.099999983329326e-05,2.300000051036477e-05,2.099999983329326e-05,9228.0,-0.533057850898011,-1.0,0.3743362831858407
2026-01-20,2.099999983329326e-05,2.2000000171829015e-05,2.4000000848900527e-05,2.099999983329326e-05,15706.0,-0.5303030221005166,-1.0,0.3743362831858407
2026-01-21,2.2000000171829015e-05,2.099999983329326e-05,2.2000000171829015e-05,2.099999983329326e-05,12312.0,-0.5712809908813912,-1.0,0.3743362831858407
2026-01-22,2.2000000171829015e-05,2.2000000171829015e-05,2.2000000171829015e-05,2.099999983329326e-05,12809.0,-0.5898760322464125,-1.0,0.3743362831858407
2026-01-23,2.2000000171829015e-05,2.2000000171829015e-05,2.2000000171829015e-05,2.099999983329326e-05,12229.0,-0.6084710736114339,-1.0,0.3743362831858407
2026-01-24,2.099999983329326e-05,2.2000000171829015e-05,2.2000000171829015e-05,2.099999983329326e-05,12701.0,-0.6093073519016613,-1.0,0.3743362831858407
2026-01-25,2.2000000171829015e-05,2.099999983329326e-05,2.2000000171829015e-05,2.099999983329326e-05,13435.0,-0.646694213594814,-1.0,0.3743362831858407
2026-01-26,2.2000000171829015e-05,2.2000000171829015e-05,2.2000000171829015e-05,2.099999983329326e-05,11790.0,-0.6663223126829533,-1.0,0.3743362831858407
2026-01-27,2.099999983329326e-05,2.2000000171829015e-05,2.2000000171829015e-05,1.9999999494757503e-05,12531.0,-0.6699134128358224,-1.0,0.3743362831858407
2026-01-28,2.099999983329326e-05,2.099999983329326e-05,2.099999983329326e-05,2.099999983329326e-05,14420.0,-0.6861471787883597,-1.0,0.3743362831858407
2026-01-29,2.099999983329326e-05,2.099999983329326e-05,2.099999983329326e-05,1.9999999494757503e-05,11647.0,-0.7012986937758244,-1.0,0.3743362831858407
2026-01-30,1.8000000636675395e-05,2.099999983329326e-05,2.2000000171829015e-05,1.8000000636675395e-05,10896.0,-0.6666666729826018,-1.0,0.3743362831858407
2026-01-31,1.2999999853491317e-05,1.8000000636675395e-05,1.8999999156221747e-05,1.1000000085914508e-05,12267.0,-0.5489510358639141,-1.0,0.3743362831858407
2026-02-01,1.4000000192027073e-05,1.2999999853491317e-05,1.4999999621068127e-05,1.2999999853491317e-05,7638.0,-0.5941558422575483,-1.0,0.3743362831858407
2026-02-02,1.4000000192027073e-05,1.2999999853491317e-05,1.4999999621068127e-05,1.2999999853491317e-05,7638.0,-0.6006493493838201,-1.0,0.3743362831858407
2026-02-03,9.999999747378752e-06,1.2999999853491317e-05,1.2999999853491317e-05,9.000000318337698e-06,11006.0,-0.4340908851133209,-1.0,0.3743362831858407
2026-02-04,9.999999747378752e-06,9.999999747378752e-06,1.1000000085914508e-05,9.999999747378752e-06,13588.0,-0.4136363404855887,-1.0,0.3743362831858407
2026-02-05,1.1000000085914508e-05,9.999999747378752e-06,1.1000000085914508e-05,9.999999747378752e-06,10222.0,-0.45867768355880434,-1.0,0.3743362831858407
2026-02-06,1.2000000424450263e-05,1.1000000085914508e-05,1.2000000424450263e-05,9.999999747378752e-06,12458.0,-0.5037878902713974,-1.0,0.3743362831858407
2026-02-07,1.2000000424450263e-05,1.2000000424450263e-05,1.2999999853491317e-05,1.2000000424450263e-05,18301.0,-0.5132575875281823,-1.0,0.3743362831858407
2026-02-08,1.2000000424450263e-05,1.2000000424450263e-05,1.2000000424450263e-05,1.2000000424450263e-05,8839.0,-0.5284091029667853,-1.0,0.3743362831858407
2026-02-09,1.1000000085914508e-05,1.2000000424450263e-05,1.2000000424450263e-05,1.1000000085914508e-05,8966.0,-0.49793388361420393,-1.0,0.3743362831858407
2026-02-10,1.2000000424450263e-05,1.1000000085914508e-05,1.2000000424450263e-05,1.1000000085914508e-05,8742.0,-0.5549242547690248,-1.0,0.3743362831858407
2026-02-11,1.2000000424450263e-05,1.2000000424450263e-05,1.2000000424450263e-05,1.2000000424450263e-05,5165.0,-0.570075770207628,-1.0,0.3743362831858407
2026-02-12,1.1000000085914508e-05,1.2000000424450263e-05,1.2999999853491317e-05,1.1000000085914508e-05,4349.0,-0.5454545463941062,-1.0,0.3743362831858407
2026-02-13,3.999999989900971e-06,1.1000000085914508e-05,1.1000000085914508e-05,1.9999999949504854e-06,15048.0,0.2500000103351671,1.0,0.3743362831858407
2026-02-14,6.000000212225132e-06,3.999999989900971e-06,1.4999999621068127e-05,3.999999989900971e-06,17136.0,-0.1704545712924622,0.0,0.25132743362831855
2026-02-15,4.999999873689376e-06,6.000000212225132e-06,1.8000000636675395e-05,3.000000106112566e-06,30911.0,-0.009090879325627218,0.0,0.25132743362831855
2026-02-16,3.999999989900971e-06,4.999999873689376e-06,7.999999979801942e-06,3.000000106112566e-06,12104.0,0.2386363726796349,1.0,0.3743362831858407
2026-02-17,3.999999989900971e-06,3.999999989900971e-06,9.000000318337698e-06,3.999999989900971e-06,17329.0,0.23863637267963486,1.0,0.3743362831858407
2026-02-18,3.000000106112566e-06,3.999999989900971e-06,4.999999873689376e-06,3.000000106112566e-06,1194.0,0.6590908574150758,1.0,0.3743362831858407
2026-02-19,1.9999999949504854e-06,3.000000106112566e-06,3.999999989900971e-06,1.9999999949504854e-06,2819.0,1.5113636531582828,1.0,0.3743362831858407
2026-02-20,1.9999999949504854e-06,1.9999999949504854e-06,1.9999999949504854e-06,1.9999999949504854e-06,497.0,1.5340909258855555,1.0,0.3743362831858407
2026-02-21,3.000000106112566e-06,1.9999999949504854e-06,3.000000106112566e-06,1.9999999949504854e-06,0.0,0.6969696429971599,1.0,0.3743362831858407
2026-02-22,1.9999999949504854e-06,3.000000106112566e-06,3.000000106112566e-06,1.9999999949504854e-06,0.0,1.5681818336845688,1.0,0.3743362831858407
2026-02-23,1.9999999949504854e-06,1.9999999949504854e-06,3.000000106112566e-06,1.9999999949504854e-06,0.0,1.5909091064118415,1.0,0.3743362831858407
2026-02-24,3.000000106112566e-06,1.9999999949504854e-06,3.000000106112566e-06,1.9999999949504854e-06,79.0,0.734848428579244,1.0,0.3743362831858407
2026-02-25,3.000000106112566e-06,3.000000106112566e-06,3.000000106112566e-06,3.000000106112566e-06,0.0,0.7424241850066498,1.0,0.3743362831858407
2026-02-26,3.000000106112566e-06,3.000000106112566e-06,7.000000096013537e-06,3.000000106112566e-06,0.0,0.7499999414340555,1.0,0.3743362831858407
2026-02-27,3.999999989900971e-06,3.000000106112566e-06,3.999999989900971e-06,3.000000106112566e-06,0.0,0.3125000058135315,1.0,0.3743362831858407
2026-02-28,3.000000106112566e-06,3.999999989900971e-06,3.999999989900971e-06,3.000000106112566e-06,0.0,0.7575756978614613,1.0,0.3743362831858407
2026-03-01,3.000000106112566e-06,3.000000106112566e-06,3.000000106112566e-06,3.000000106112566e-06,0.0,0.765151454288867,1.0,0.3743362831858407
2026-03-02,3.000000106112566e-06,3.000000106112566e-06,3.000000106112566e-06,3.000000106112566e-06,0.0,0.7727272107162726,1.0,0.3743362831858407
2026-03-03,3.000000106112566e-06,3.000000106112566e-06,3.000000106112566e-06,3.000000106112566e-06,0.0,0.7803029671436785,1.0,0.3743362831858407
2026-03-04,3.000000106112566e-06,3.000000106112566e-06,3.000000106112566e-06,3.000000106112566e-06,0.0,0.7878787235710841,1.0,0.3743362831858407
2026-03-05,3.000000106112566e-06,3.000000106112566e-06,3.000000106112566e-06,3.000000106112566e-06,0.0,0.7878787235710841,1.0,0.3743362831858407
2026-03-06,3.000000106112566e-06,3.000000106112566e-06,3.000000106112566e-06,3.000000106112566e-06,0.0,0.7878787235710841,1.0,0.3743362831858407
2026-03-07,3.999999989900971e-06,3.000000106112566e-06,3.999999989900971e-06,3.000000106112566e-06,0.0,0.33522727595701246,1.0,0.3743362831858407
2026-03-08,3.999999989900971e-06,3.999999989900971e-06,3.999999989900971e-06,3.999999989900971e-06,44.0,0.3295454584211422,1.0,0.3743362831858407
2026-03-09,3.000000106112566e-06,3.999999989900971e-06,3.999999989900971e-06,3.000000106112566e-06,113.0,0.7727272107162726,1.0,0.3743362831858407
2026-03-10,3.000000106112566e-06,3.000000106112566e-06,3.000000106112566e-06,3.000000106112566e-06,0.0,0.7727272107162726,1.0,0.3743362831858407
2026-03-11,3.000000106112566e-06,3.000000106112566e-06,3.000000106112566e-06,3.000000106112566e-06,0.0,0.7727272107162726,1.0,0.3743362831858407
2026-03-12,3.000000106112566e-06,3.000000106112566e-06,3.000000106112566e-06,3.000000106112566e-06,0.0,0.7727272107162726,1.0,0.3743362831858407
2026-03-13,6.000000212225132e-06,3.000000106112566e-06,7.999999979801942e-06,1.9999999949504854e-06,1094.0,-0.12121215279179723,0.0,0.25132743362831855
2026-03-14,7.000000096013537e-06,6.000000212225132e-06,7.000000096013537e-06,6.000000212225132e-06,0.0,-0.25649351746143867,0.0,0.25132743362831855
2026-03-15,6.000000212225132e-06,7.000000096013537e-06,7.000000096013537e-06,6.000000212225132e-06,0.0,-0.1401515473053671,0.0,0.25132743362831855
2026-03-16,7.000000096013537e-06,6.000000212225132e-06,7.000000096013537e-06,6.000000212225132e-06,0.0,-0.2727272845388921,-1.0,0.3743362831858407
2026-03-17,6.000000212225132e-06,7.000000096013537e-06,7.000000096013537e-06,6.000000212225132e-06,0.0,-0.16287882003263984,0.0,0.25132743362831855
2026-03-18,9.999999747378752e-06,6.000000212225132e-06,9.999999747378752e-06,6.000000212225132e-06,311.0,-0.5090908979289284,-1.0,0.3743362831858407
2026-03-19,1.2999999853491317e-05,9.999999747378752e-06,1.4000000192027073e-05,9.999999747378752e-06,0.0,-0.636363633183585,-1.0,0.3743362831858407
2026-03-20,1.8999999156221747e-05,1.2999999853491317e-05,1.8999999156221747e-05,1.2999999853491317e-05,157.0,-0.7679425731964851,-1.0,0.3743362831858407
2026-03-21,1.4999999621068127e-05,1.8999999156221747e-05,1.8999999156221747e-05,1.4999999621068127e-05,0.0,-0.7227272648725457,-1.0,0.3743362831858407
2026-03-22,1.2000000424450263e-05,1.4999999621068127e-05,1.4999999621068127e-05,1.2000000424450263e-05,0.0,-0.6685606175441247,-1.0,0.3743362831858407
2026-03-23,7.000000096013537e-06,1.2000000424450263e-05,1.2000000424450263e-05,9.999999974752427e-07,1509.0,-0.4415584491516253,-1.0,0.3743362831858407
2026-03-24,3.999999989900971e-06,7.000000096013537e-06,7.000000096013537e-06,1.9999999949504854e-06,799.0,-0.02272727014348094,0.0,0.25132743362831855
2026-03-25,4.999999873689376e-06,3.999999989900971e-06,9.000000318337698e-06,3.000000106112566e-06,0.0,-0.22272725247034472,0.0,0.25132743362831855
2026-03-26,3.999999989900971e-06,4.999999873689376e-06,4.999999873689376e-06,3.999999989900971e-06,0.0,-0.028409087679351182,0.0,0.25132743362831855
2026-03-27,3.999999989900971e-06,3.999999989900971e-06,3.999999989900971e-06,3.999999989900971e-06,0.0,-0.028409087679351182,0.0,0.25132743362831855
2026-03-28,3.999999989900971e-06,3.999999989900971e-06,3.999999989900971e-06,3.999999989900971e-06,0.0,-0.028409087679351182,0.0,0.25132743362831855
2026-03-29,3.999999989900971e-06,3.999999989900971e-06,3.999999989900971e-06,3.999999989900971e-06,0.0,-0.02272727014348094,0.0,0.25132743362831855
2026-03-30,4.999999873689376e-06,3.999999989900971e-06,4.999999873689376e-06,3.999999989900971e-06,0.0,-0.21818179833829687,0.0,0.25132743362831855
2026-03-31,3.999999989900971e-06,4.999999873689376e-06,4.999999873689376e-06,3.999999989900971e-06,0.0,-0.02272727014348094,0.0,0.25132743362831855
2026-04-01,3.999999989900971e-06,3.999999989900971e-06,3.999999989900971e-06,3.999999989900971e-06,0.0,-0.02272727014348094,0.0,0.25132743362831855
2026-04-02,3.999999989900971e-06,3.999999989900971e-06,3.999999989900971e-06,3.999999989900971e-06,0.0,-0.0170454526076107,0.0,0.25132743362831855
2026-04-03,3.999999989900971e-06,3.999999989900971e-06,3.999999989900971e-06,3.999999989900971e-06,0.0,-0.011363635071740458,0.0,0.25132743362831855
2026-04-04,3.999999989900971e-06,3.999999989900971e-06,3.999999989900971e-06,3.999999989900971e-06,0.0,-0.005681817535870218,0.0,0.25132743362831855
2026-04-05,3.999999989900971e-06,3.999999989900971e-06,3.999999989900971e-06,3.999999989900971e-06,0.0,2.2709107321878203e-17,0.0,0.25132743362831855
2026-04-06,3.999999989900971e-06,3.999999989900971e-06,3.999999989900971e-06,3.999999989900971e-06,0.0,0.005681817535870263,0.0,0.25132743362831855
2026-04-07,3.999999989900971e-06,3.999999989900971e-06,3.999999989900971e-06,3.999999989900971e-06,0.0,0.017045455191402516,1.0,0.3743362831858407
2026-04-08,3.999999989900971e-06,3.999999989900971e-06,3.999999989900971e-06,3.999999989900971e-06,0.0,0.02272727272727276,1.0,0.3743362831858407
2026-04-09,3.999999989900971e-06,3.999999989900971e-06,3.999999989900971e-06,3.999999989900971e-06,0.0,0.028409090263143,1.0,0.3743362831858407
2026-04-10,3.999999989900971e-06,3.999999989900971e-06,3.999999989900971e-06,3.999999989900971e-06,0.0,0.028409090263143,1.0,0.3743362831858407
2026-04-11,3.999999989900971e-06,3.999999989900971e-06,3.999999989900971e-06,3.999999989900971e-06,0.0,0.028409090263143,1.0,0.3743362831858407
2026-04-12,3.999999989900971e-06,3.999999989900971e-06,3.999999989900971e-06,3.999999989900971e-06,0.0,0.02272727272727276,1.0,0.3743362831858407
2026-04-13,3.999999989900971e-06,3.999999989900971e-06,3.999999989900971e-06,3.999999989900971e-06,0.0,0.02272727272727276,1.0,0.3743362831858407
2026-04-14,3.999999989900971e-06,3.999999989900971e-06,3.999999989900971e-06,3.999999989900971e-06,0.0,0.02272727272727276,1.0,0.3743362831858407
2026-04-15,3.999999989900971e-06,3.999999989900971e-06,3.999999989900971e-06,3.999999989900971e-06,0.0,0.02272727272727276,1.0,0.3743362831858407
2026-04-16,3.999999989900971e-06,3.999999989900971e-06,3.999999989900971e-06,3.999999989900971e-06,0.0,0.02272727272727276,1.0,0.3743362831858407
2026-04-17,3.999999989900971e-06,3.999999989900971e-06,3.999999989900971e-06,3.999999989900971e-06,0.0,0.02272727272727276,1.0,0.3743362831858407
2026-04-18,3.000000106112566e-06,3.999999989900971e-06,3.999999989900971e-06,3.000000106112566e-06,0.0,0.37121206838793586,1.0,0.3743362831858407
2026-04-19,3.000000106112566e-06,3.000000106112566e-06,3.000000106112566e-06,3.000000106112566e-06,0.0,0.3787878248153417,1.0,0.3743362831858407
2026-04-20,3.000000106112566e-06,3.000000106112566e-06,3.000000106112566e-06,3.000000106112566e-06,0.0,0.38636358124274744,1.0,0.3743362831858407
2026-04-21,3.000000106112566e-06,3.000000106112566e-06,3.000000106112566e-06,3.000000106112566e-06,0.0,0.39393933767015316,1.0,0.3743362831858407
2026-04-22,3.000000106112566e-06,3.000000106112566e-06,3.000000106112566e-06,3.000000106112566e-06,0.0,0.4015150940975589,1.0,0.3743362831858407
2026-04-23,3.000000106112566e-06,3.000000106112566e-06,3.000000106112566e-06,3.000000106112566e-06,0.0,0.4090908505249646,1.0,0.3743362831858407
2026-04-24,3.000000106112566e-06,3.000000106112566e-06,3.000000106112566e-06,3.000000106112566e-06,0.0,0.41666660695237034,1.0,0.3743362831858407
2026-04-25,3.000000106112566e-06,3.000000106112566e-06,3.000000106112566e-06,3.000000106112566e-06,0.0,0.41666660695237034,1.0,0.3743362831858407
2026-04-26,3.999999989900971e-06,3.000000106112566e-06,6.000000212225132e-06,3.000000106112566e-06,202.0,0.05681817794249418,1.0,0.3743362831858407
2026-04-27,3.999999989900971e-06,3.999999989900971e-06,3.999999989900971e-06,3.999999989900971e-06,0.0,0.05113636040662394,1.0,0.3743362831858407
2026-04-28,3.999999989900971e-06,3.999999989900971e-06,3.999999989900971e-06,3.999999989900971e-06,0.0,0.0454545428707537,1.0,0.3743362831858407
2026-04-29,3.999999989900971e-06,3.999999989900971e-06,3.999999989900971e-06,3.000000106112566e-06,0.0,0.03977272533488347,1.0,0.3743362831858407
2026-04-30,3.000000106112566e-06,3.999999989900971e-06,3.999999989900971e-06,3.000000106112566e-06,0.0,0.38636358124274733,1.0,0.3743362831858407
2026-05-01,4.999999873689376e-06,3.000000106112566e-06,4.999999873689376e-06,3.000000106112566e-06,0.0,-0.1772727090828328,0.0,0.25132743362831855
2026-05-02,4.999999873689376e-06,4.999999873689376e-06,4.999999873689376e-06,4.999999873689376e-06,0.0,-0.1863636173469285,0.0,0.25132743362831855
2026-05-03,4.999999873689376e-06,4.999999873689376e-06,4.999999873689376e-06,4.999999873689376e-06,0.0,-0.1954545256110242,0.0,0.25132743362831855
2026-05-04,3.999999989900971e-06,4.999999873689376e-06,4.999999873689376e-06,3.999999989900971e-06,0.0,2.5837917966791742e-09,0.0,0.25132743362831855
2026-05-05,3.999999989900971e-06,3.999999989900971e-06,3.999999989900971e-06,3.999999989900971e-06,0.0,-0.011363633779844564,0.0,0.25132743362831855
2026-05-06,3.999999989900971e-06,3.999999989900971e-06,3.999999989900971e-06,3.999999989900971e-06,0.0,-0.02272727014348093,0.0,0.25132743362831855
2026-05-07,3.999999989900971e-06,3.999999989900971e-06,3.999999989900971e-06,3.999999989900971e-06,0.0,-0.0340909065071173,0.0,0.25132743362831855
2026-05-08,3.999999989900971e-06,3.999999989900971e-06,3.999999989900971e-06,3.999999989900971e-06,0.0,-0.04545454287075366,0.0,0.25132743362831855
2026-05-09,3.999999989900971e-06,3.999999989900971e-06,3.999999989900971e-06,3.999999989900971e-06,0.0,-0.056818179234390025,0.0,0.25132743362831855
2026-05-10,3.999999989900971e-06,3.999999989900971e-06,3.999999989900971e-06,3.999999989900971e-06,0.0,-0.06818181559802637,0.0,0.25132743362831855
2026-05-11,3.999999989900971e-06,3.999999989900971e-06,3.999999989900971e-06,3.999999989900971e-06,0.0,-0.07954545196166274,0.0,0.25132743362831855
2026-05-12,4.999999873689376e-06,3.999999989900971e-06,4.999999873689376e-06,3.999999989900971e-06,37.0,-0.27727270825601935,-1.0,0.3743362831858407
2026-05-13,4.999999873689376e-06,4.999999873689376e-06,4.999999873689376e-06,4.999999873689376e-06,0.0,-0.2909090716856797,-1.0,0.3743362831858407
2026-05-14,3.999999989900971e-06,4.999999873689376e-06,4.999999873689376e-06,3.999999989900971e-06,0.0,-0.12499999612431231,0.0,0.25132743362831855
2026-05-15,3.999999989900971e-06,3.999999989900971e-06,3.999999989900971e-06,3.999999989900971e-06,0.0,-0.13636363248794867,0.0,0.25132743362831855
2026-05-16,4.999999873689376e-06,3.999999989900971e-06,4.999999873689376e-06,3.999999989900971e-06,0.0,-0.3227272537105649,-1.0,0.3743362831858407
2026-05-17,4.999999873689376e-06,4.999999873689376e-06,4.999999873689376e-06,4.999999873689376e-06,0.0,-0.33636361714022517,-1.0,0.3743362831858407
2026-05-18,4.999999873689376e-06,4.999999873689376e-06,4.999999873689376e-06,4.999999873689376e-06,0.0,-0.3499999805698854,-1.0,0.3743362831858407
2026-05-19,4.999999873689376e-06,4.999999873689376e-06,4.999999873689376e-06,4.999999873689376e-06,0.0,-0.36363634399954575,-1.0,0.3743362831858407
2026-05-20,4.999999873689376e-06,4.999999873689376e-06,4.999999873689376e-06,4.999999873689376e-06,0.0,-0.37727270742920604,-1.0,0.3743362831858407
2026-05-21,6.000000212225132e-06,4.999999873689376e-06,7.000000096013537e-06,4.999999873689376e-06,0.0,-0.4962121364277832,-1.0,0.3743362831858407
2026-05-22,4.999999873689376e-06,6.000000212225132e-06,6.000000212225132e-06,4.999999873689376e-06,0.0,-0.40909089048760805,-1.0,0.3743362831858407
2026-05-23,4.999999873689376e-06,4.999999873689376e-06,4.999999873689376e-06,4.999999873689376e-06,0.0,-0.4227272539172684,-1.0,0.3743362831858407
2026-05-24,3.999999989900971e-06,4.999999873689376e-06,4.999999873689376e-06,3.999999989900971e-06,0.0,-0.28977272016729994,-1.0,0.3743362831858407
2026-05-25,3.999999989900971e-06,3.999999989900971e-06,3.999999989900971e-06,3.999999989900971e-06,0.0,-0.3011363565309363,-1.0,0.3743362831858407
2026-05-26,3.000000106112566e-06,3.999999989900971e-06,3.999999989900971e-06,3.000000106112566e-06,0.0,-0.07575760216966843,0.0,0.25132743362831855
2026-05-27,3.999999989900971e-06,3.000000106112566e-06,3.999999989900971e-06,3.000000106112566e-06,0.0,-0.3181818117223388,-1.0,0.3743362831858407
2026-05-28,3.999999989900971e-06,3.999999989900971e-06,3.999999989900971e-06,3.999999989900971e-06,0.0,-0.32954544808597513,-1.0,0.3743362831858407
2026-05-29,3.999999989900971e-06,3.999999989900971e-06,3.999999989900971e-06,3.999999989900971e-06,0.0,-0.3409090844496115,-1.0,0.3743362831858407
2026-05-30,3.999999989900971e-06,3.999999989900971e-06,3.999999989900971e-06,3.999999989900971e-06,0.0,-0.35227272081324784,-1.0,0.3743362831858407
2026-05-31,3.999999989900971e-06,3.999999989900971e-06,3.999999989900971e-06,3.999999989900971e-06,0.0,-0.3636363571768842,-1.0,0.3743362831858407
2026-06-01,3.999999989900971e-06,3.999999989900971e-06,3.999999989900971e-06,3.999999989900971e-06,0.0,-0.3749999935405206,-1.0,0.3743362831858407
2026-06-02,3.999999989900971e-06,3.999999989900971e-06,3.999999989900971e-06,3.999999989900971e-06,4.0,-0.38636362990415696,-1.0,0.3743362831858407
2026-06-03,3.999999989900971e-06,3.999999989900971e-06,3.999999989900971e-06,3.999999989900971e-06,0.0,-0.3977272662677933,-1.0,0.3743362831858407
2026-06-04,3.999999989900971e-06,3.999999989900971e-06,3.999999989900971e-06,3.999999989900971e-06,0.0,-0.40909090263142966,-1.0,0.3743362831858407
2026-06-05,3.999999989900971e-06,3.999999989900971e-06,3.999999989900971e-06,3.999999989900971e-06,0.0,-0.420454538995066,-1.0,0.3743362831858407
2026-06-06,3.999999989900971e-06,3.999999989900971e-06,3.999999989900971e-06,3.999999989900971e-06,0.0,-0.4374999935405206,-1.0,0.3743362831858407
2026-06-07,3.999999989900971e-06,3.999999989900971e-06,3.999999989900971e-06,3.999999989900971e-06,0.0,-0.45454544808597513,-1.0,0.3743362831858407
2026-06-08,3.000000106112566e-06,3.999999989900971e-06,3.999999989900971e-06,3.000000106112566e-06,0.0,-0.2803030498250118,-1.0,0.3743362831858407
2026-06-09,3.000000106112566e-06,3.000000106112566e-06,3.000000106112566e-06,3.000000106112566e-06,0.0,-0.2878788079749453,-1.0,0.3743362831858407
2026-06-10,3.000000106112566e-06,3.000000106112566e-06,3.000000106112566e-06,3.000000106112566e-06,0.0,-0.2954545661248788,-1.0,0.3743362831858407
2026-06-11,3.000000106112566e-06,3.000000106112566e-06,3.000000106112566e-06,3.000000106112566e-06,0.0,-0.30303032427481225,-1.0,0.3743362831858407
2026-06-12,3.000000106112566e-06,3.000000106112566e-06,3.000000106112566e-06,3.000000106112566e-06,0.0,-0.3106060824247458,-1.0,0.3743362831858407
2026-06-13,3.000000106112566e-06,3.000000106112566e-06,3.000000106112566e-06,3.000000106112566e-06,0.0,-0.3181818405746793,-1.0,0.3743362831858407
2026-06-14,3.000000106112566e-06,3.000000106112566e-06,3.000000106112566e-06,3.000000106112566e-06,0.0,-0.3257575987246128,-1.0,0.3743362831858407
2026-06-15,3.000000106112566e-06,3.000000106112566e-06,3.000000106112566e-06,3.000000106112566e-06,0.0,-0.3333333568745463,-1.0,0.3743362831858407
2026-06-16,3.000000106112566e-06,3.000000106112566e-06,3.000000106112566e-06,3.000000106112566e-06,0.0,-0.3381539593954726,-1.0,0.3743362831858407
2026-06-17,3.000000106112566e-06,3.000000106112566e-06,3.000000106112566e-06,3.000000106112566e-06,0.0,-0.34601800496280916,0.0,0.25132743362831855
2026-06-18,1.9999999949504854e-06,3.000000106112566e-06,3.000000106112566e-06,1.9999999949504854e-06,0.0,-0.019479993371299433,0.0,0.25132743362831855
2026-06-19,1.9999999949504854e-06,1.9999999949504854e-06,1.9999999949504854e-06,1.9999999949504854e-06,0.0,-0.01995511516084332,0.0,0.25132743362831855
2026-06-20,1.9999999949504854e-06,1.9999999949504854e-06,1.9999999949504854e-06,1.9999999949504854e-06,0.0,-0.020453993039864404,0.0,0.25132743362831855
2026-06-21,1.9999999949504854e-06,1.9999999949504854e-06,1.9999999949504854e-06,1.9999999949504854e-06,0.0,-0.020978454399860926,0.0,0.25132743362831855
2026-06-22,1.9999999949504854e-06,1.9999999949504854e-06,1.9999999949504854e-06,1.9999999949504854e-06,0.0,-0.021530518989330952,0.0,0.25132743362831855
2026-06-23,1.9999999949504854e-06,1.9999999949504854e-06,1.9999999949504854e-06,1.9999999949504854e-06,12.0,-0.022112424907961517,0.0,0.25132743362831855
2026-06-24,1.9999999949504854e-06,1.9999999949504854e-06,1.9999999949504854e-06,1.9999999949504854e-06,0.0,-0.02272665893318267,0.0,0.25132743362831855
2026-06-25,1.9999999949504854e-06,1.9999999949504854e-06,1.9999999949504854e-06,1.9999999949504854e-06,0.0,-0.02337599204555932,0.0,0.25132743362831855
2026-06-26,1.9999999949504854e-06,1.9999999949504854e-06,1.9999999949504854e-06,1.9999999949504854e-06,0.0,-0.024063521223369886,0.0,0.25132743362831855
2026-06-27,1.9999999949504854e-06,1.9999999949504854e-06,1.9999999949504854e-06,1.9999999949504854e-06,0.0,-0.02479271883619928,0.0,0.25132743362831855
2026-06-28,1.9999999949504854e-06,1.9999999949504854e-06,1.9999999949504854e-06,1.9999999949504854e-06,0.0,-0.025567491299830505,0.0,0.25132743362831855
2026-06-29,1.9999999949504854e-06,1.9999999949504854e-06,1.9999999949504854e-06,1.9999999949504854e-06,0.0,-0.026392249083696005,0.0,0.25132743362831855
2026-06-30,1.9999999949504854e-06,1.9999999949504854e-06,1.9999999949504854e-06,1.9999999949504854e-06,0.0,-0.027271990719819207,0.0,0.25132743362831855
2026-07-01,1.9999999949504854e-06,1.9999999949504854e-06,1.9999999949504854e-06,1.9999999949504854e-06,0.0,-0.02821240419291642,0.0,0.25132743362831855
2026-07-02,1.9999999949504854e-06,1.9999999949504854e-06,1.9999999949504854e-06,1.9999999949504854e-06,0.0,-0.029219990056949148,0.0,0.25132743362831855
2026-07-03,1.9999999949504854e-06,1.9999999949504854e-06,1.9999999949504854e-06,1.9999999949504854e-06,0.0,-0.030302211910910228,0.0,0.25132743362831855
2026-07-04,1.9999999949504854e-06,1.9999999949504854e-06,1.9999999949504854e-06,1.9999999949504854e-06,0.0,-0.031467681599791394,0.0,0.25132743362831855
2026-07-05,1.9999999949504854e-06,1.9999999949504854e-06,1.9999999949504854e-06,1.9999999949504854e-06,0.0,-0.03272638886378305,0.0,0.25132743362831855
2026-07-06,1.9999999949504854e-06,1.9999999949504854e-06,1.9999999949504854e-06,1.9999999949504854e-06,0.0,-0.03408998839977401,0.0,0.25132743362831855
2026-07-07,1.9999999949504854e-06,1.9999999949504854e-06,1.9999999949504854e-06,1.9999999949504854e-06,0.0,-0.03557216180845983,0.0,0.25132743362831855
2026-07-08,1.9999999949504854e-06,1.9999999949504854e-06,1.9999999949504854e-06,1.9999999949504854e-06,0.0,-0.037189078254298916,0.0,0.25132743362831855
2026-07-09,1.9999999949504854e-06,1.9999999949504854e-06,1.9999999949504854e-06,1.9999999949504854e-06,0.0,-0.038959986742598866,0.0,0.25132743362831855
2026-07-10,1.9999999949504854e-06,1.9999999949504854e-06,1.9999999949504854e-06,1.9999999949504854e-06,0.0,-0.04090798607972881,0.0,0.25132743362831855
2026-07-11,1.9999999949504854e-06,1.9999999949504854e-06,1.9999999949504854e-06,1.9999999949504854e-06,0.0,-0.043061037978661905,0.0,0.25132743362831855
2026-07-12,1.9999999949504854e-06,1.9999999949504854e-06,1.9999999949504854e-06,1.9999999949504854e-06,0.0,-0.04545331786636534,0.0,0.25132743362831855
2026-07-13,1.9999999949504854e-06,1.9999999949504854e-06,1.9999999949504854e-06,1.9999999949504854e-06,0.0,-0.04812704244673977,0.0,0.25132743362831855
2026-07-14,1.9999999949504854e-06,1.9999999949504854e-06,1.9999999949504854e-06,1.9999999949504854e-06,0.0,-0.05113498259966101,0.0,0.25132743362831855
2026-07-15,1.9999999949504854e-06,1.9999999949504854e-06,1.9999999949504854e-06,1.9999999949504854e-06,0.0,-0.054543981439638414,0.0,0.25132743362831855
2026-07-16,1.9999999949504854e-06,1.9999999949504854e-06,1.9999999949504854e-06,1.9999999949504854e-06,0.0,-0.058439980113898296,0.0,0.25132743362831855
2026-07-17,1.9999999949504854e-06,1.9999999949504854e-06,1.9999999949504854e-06,1.9999999949504854e-06,0.0,-0.06293536319958279,0.0,0.25132743362831855
2026-07-18,1.9999999949504854e-06,1.9999999949504854e-06,1.9999999949504854e-06,1.9999999949504854e-06,0.0,-0.06817997679954801,0.0,0.25132743362831855
2026-07-19,1.9999999949504854e-06,1.9999999949504854e-06,1.9999999949504854e-06,1.9999999949504854e-06,0.0,-0.07437815650859783,0.0,0.25132743362831855
2026-07-20,9.999999974752427e-07,1.9999999949504854e-06,1.9999999949504854e-06,9.999999974752427e-07,0.0,0.9363680556810848,0.0,0.25132743362831855
2026-07-21,9.999999974752427e-07,9.999999974752427e-07,9.999999974752427e-07,9.999999974752427e-07,0.0,1.0404089507567609,0.0,0.25132743362831855
2026-07-22,1.9999999949504854e-06,9.999999974752427e-07,1.9999999949504854e-06,9.999999974752427e-07,0.0,0.02273003480067798,0.0,0.25132743362831855
2026-07-23,1.9999999949504854e-06,1.9999999949504854e-06,1.9999999949504854e-06,1.9999999949504854e-06,0.0,0.02597718262934626,0.0,0.25132743362831855
2026-07-24,1.9999999949504854e-06,1.9999999949504854e-06,1.9999999949504854e-06,1.9999999949504854e-06,0.0,0.03030671306757064,0.0,0.25132743362831855
2026-07-25,1.9999999949504854e-06,1.9999999949504854e-06,1.9999999949504854e-06,1.9999999949504854e-06,0.0,0.03636805568108477,0.0,0.25132743362831855
2026-07-26,1.9999999949504854e-06,1.9999999949504854e-06,1.9999999949504854e-06,1.9999999949504854e-06,0.0,0.04546006960135596,0.0,0.25132743362831855
2026-07-27,1.9999999949504854e-06,1.9999999949504854e-06,1.9999999949504854e-06,1.9999999949504854e-06,0.0,0.06061342613514128,0.0,0.25132743362831855
2026-07-28,1.9999999949504854e-06,1.9999999949504854e-06,1.9999999949504854e-06,1.9999999949504854e-06,0.0,0.09092013920271191,0.0,0.25132743362831855
2026-07-29,1.9999999949504854e-06,1.9999999949504854e-06,1.9999999949504854e-06,1.9999999949504854e-06,0.0,0.18184027840542383,0.0,0.25132743362831855
2026-07-30,2.363680550843128e-06,2.372091557845124e-06,2.372091557845124e-06,2.363680550843128e-06,23.0,0.0,0.0,0.25132743362831855
