Date,Close,Open,High,Low,Volume,pct_change,epoch_signal,weight
2023-09-21,7.834136962890625,9.225711822509766,9.532713890075684,7.740289211273193,4287144.0,0.1895812376939768,1.0,0.27574750830564787
2023-09-22,8.771443367004395,7.837899208068848,9.39169216156006,7.31840181350708,2131368.0,0.07631038983964264,1.0,0.27574750830564787
2023-09-23,9.139249801635742,8.771443367004395,9.98848819732666,8.16332721710205,1431806.0,0.04506691051990822,1.0,0.27574750830564787
2023-09-24,8.55073356628418,9.139249801635742,9.233152389526367,8.158102989196777,886529.0,0.13112472293389918,1.0,0.27574750830564787
2023-09-25,9.612506866455078,8.549781799316406,10.107463836669922,8.326455116271973,2047138.0,0.017025301937764484,0.0,0.44850498338870437
2023-09-26,9.04092502593994,9.612836837768556,9.612836837768556,8.784065246582031,903911.0,0.09264117783949659,1.0,0.27574750830564787
2023-09-27,7.7745771408081055,9.039828300476074,9.085618019104004,7.698064804077148,1021029.0,0.2863628920841089,1.0,0.27574750830564787
2023-09-28,7.35610294342041,7.774871826171875,8.366400718688965,6.872979164123535,1577328.0,0.3791411537928629,1.0,0.27574750830564787
2023-09-29,7.715993881225586,7.355481147766113,8.963336944580078,6.788084983825684,1689186.0,0.3296140853851037,1.0,0.27574750830564787
2023-09-30,7.924256801605225,7.715301990509033,8.328068733215332,7.381322860717773,627599.0,0.30762753503591017,1.0,0.27574750830564787
2023-10-01,7.632073879241943,7.923451900482178,8.19583797454834,7.311999797821045,919293.0,0.3693156293125012,1.0,0.27574750830564787
2023-10-02,7.666056156158447,7.6317620277404785,8.508747100830078,7.014770984649658,2490310.0,0.37388708984849195,1.0,0.27574750830564787
2023-10-03,8.281866073608398,7.665103912353516,8.387042999267578,7.25030517578125,769824.0,0.2815080586054672,1.0,0.27574750830564787
2023-10-04,9.273947715759276,8.28267765045166,9.558075904846191,7.99537992477417,1184276.0,0.1511969902274781,1.0,0.27574750830564787
2023-10-05,8.02859878540039,9.275321006774902,9.436637878417969,8.012930870056152,607005.0,0.33714434009634703,1.0,0.27574750830564787
2023-10-06,8.302069664001465,8.028528213500977,8.383023262023926,7.6267828941345215,639573.0,0.29849897113871776,1.0,0.27574750830564787
2023-10-07,7.65465497970581,8.302309036254883,8.432929992675781,7.421706199645996,526939.0,0.4170153665299503,1.0,0.27574750830564787
2023-10-08,7.375502109527588,7.656243801116943,8.032037734985352,7.351809024810791,436078.0,0.4779565287408505,1.0,0.27574750830564787
2023-10-09,6.590428829193115,7.375700950622559,7.761527061462402,6.372521877288818,959767.0,0.6636155174276258,1.0,0.27574750830564787
2023-10-10,6.415658950805664,6.5983991622924805,6.885119915008545,5.662893772125244,972713.0,0.7207926498824135,1.0,0.27574750830564787
2023-10-11,5.483224868774414,6.415530204772949,6.515082836151123,5.391388893127441,922260.0,1.0279601683835031,1.0,0.27574750830564787
2023-10-12,5.50320291519165,5.483698844909668,5.7598419189453125,4.913122177124023,932211.0,1.0385118067490806,1.0,0.27574750830564787
2023-10-13,5.477489948272705,5.50399923324585,6.287844181060791,5.42666482925415,608445.0,1.0665304497890578,1.0,0.27574750830564787
2023-10-14,6.195336818695068,5.4596991539001465,6.277780055999756,5.33581018447876,491135.0,0.8379831459659968,1.0,0.27574750830564787
2023-10-15,5.40318489074707,6.195336818695068,6.203729152679443,5.303168773651123,563975.0,1.1203982325909425,1.0,0.27574750830564787
2023-10-16,6.14606523513794,5.404397010803223,6.235840797424316,5.264066219329834,485643.0,0.8751700937923246,1.0,0.27574750830564787
2023-10-17,6.287425994873047,6.145113945007324,6.483948230743408,5.878280162811279,437108.0,0.8443576779162717,1.0,0.27574750830564787
2023-10-18,5.173158168792725,6.287425994873047,6.309737205505371,5.080838203430176,545069.0,1.2557296315194724,1.0,0.27574750830564787
2023-10-19,5.873754978179932,5.173275947570801,5.984480857849121,5.172529220581055,542490.0,1.0010003119784883,1.0,0.27574750830564787
2023-10-20,6.097092151641846,5.873973846435547,6.894519805908203,5.861827850341797,618307.0,0.9434083168948274,1.0,0.27574750830564787
2023-10-21,6.400956153869629,6.097159862518311,6.526349067687988,6.0473809242248535,503619.0,0.8630133708564348,1.0,0.27574750830564787
2023-10-22,5.799729824066162,6.400643825531006,6.445601940155029,5.799448013305664,427985.0,1.0696906556632813,1.0,0.27574750830564787
2023-10-23,5.696147918701172,5.772905826568604,6.166090965270996,5.542835235595703,719704.0,1.1207554546808431,1.0,0.27574750830564787
2023-10-24,6.948474884033203,5.700648784637451,8.212844848632812,5.533379077911377,2248815.0,0.7469501453030871,1.0,0.27574750830564787
2023-10-25,8.024129867553711,7.055662155151367,8.612052917480469,6.908278942108154,1484963.0,0.5181256102716962,1.0,0.27574750830564787
2023-10-26,8.707972526550293,8.023061752319336,9.051697731018066,7.285613059997559,1143127.0,0.40160948836101834,1.0,0.27574750830564787
2023-10-27,9.15310764312744,8.709035873413086,9.945393562316896,8.072132110595703,1094771.0,0.33407839955284985,1.0,0.27574750830564787
2023-10-28,8.092421531677246,9.153194427490234,9.41573715209961,8.088522911071777,946995.0,0.5110751456870144,1.0,0.27574750830564787
2023-10-29,9.267635345458984,8.092615127563477,9.622699737548828,7.83756685256958,927912.0,0.31911799119381706,1.0,0.27574750830564787
2023-10-30,8.638448715209961,9.268117904663086,9.758293151855469,8.533365249633789,736550.0,0.4204236524159602,1.0,0.27574750830564787
2023-10-31,8.828250885009766,8.637887001037598,10.2213773727417,7.863195896148682,1578039.0,0.3949019645587846,1.0,0.27574750830564787
2023-11-01,8.070926666259766,8.82828140258789,8.883073806762695,7.547526836395264,788504.0,0.5312202833756924,1.0,0.27574750830564787
2023-11-02,7.870034217834473,8.071137428283691,8.130912780761719,7.190700054168701,705730.0,0.5755818000326562,1.0,0.27574750830564787
2023-11-03,7.8373799324035645,7.868867874145508,7.873353958129883,7.032383918762207,629992.0,0.5868642732688104,1.0,0.27574750830564787
2023-11-04,7.045506000518799,7.839095115661621,8.150333404541016,6.809051990509033,602872.0,0.7713370251713666,1.0,0.27574750830564787
2023-11-05,7.860568046569824,7.045762062072754,7.860568046569824,6.7836527824401855,633375.0,0.5955421471483122,1.0,0.27574750830564787
2023-11-06,9.26498031616211,7.859080791473389,9.85401439666748,7.850871086120605,1450109.0,0.36041776804010767,1.0,0.27574750830564787
2023-11-07,10.235628128051758,9.264802932739258,10.59076690673828,8.568385124206543,1431569.0,0.2349886496906674,1.0,0.27574750830564787
2023-11-08,11.850186347961426,10.23545265197754,11.888593673706056,9.888715744018556,2073475.0,0.06613178690396984,1.0,0.27574750830564787
2023-11-09,13.146478652954102,11.842008590698242,13.355650901794434,10.630219459533691,2274392.0,-0.041222400346554666,0.0,0.44850498338870437
2023-11-10,11.102333068847656,13.13931655883789,13.250179290771484,11.087943077087402,1318286.0,0.13778122640965693,1.0,0.27574750830564787
2023-11-11,10.197162628173828,11.101325035095217,11.190230369567873,9.968873977661133,925501.0,0.24227100475191576,1.0,0.27574750830564787
2023-11-12,9.842510223388672,10.20803165435791,10.931767463684082,9.701836585998535,792339.0,0.29072147810969207,1.0,0.27574750830564787
2023-11-13,9.978052139282228,9.847496032714844,10.733094215393066,9.717162132263184,838140.0,0.27600088225027747,1.0,0.27574750830564787
2023-11-14,15.10325813293457,9.9729642868042,15.248451232910156,9.967973709106444,2875742.0,-0.16044549773369826,-1.0,0.27574750830564787
2023-11-15,16.176206588745117,15.107049942016602,16.20830535888672,13.98888874053955,2538051.0,-0.2192729167856465,-1.0,0.27574750830564787
2023-11-16,13.814531326293944,16.170711517333984,16.553510665893555,12.811957359313965,1978705.0,-0.08740713349779383,0.0,0.44850498338870437
2023-11-17,13.889392852783203,13.806597709655762,14.63664436340332,12.105220794677734,1287433.0,-0.0921300065922153,0.0,0.44850498338870437
2023-11-18,13.27886199951172,13.901963233947754,14.339641571044922,12.644485473632812,1402439.0,-0.048981210552717626,0.0,0.44850498338870437
2023-11-19,14.541060447692873,13.108007431030272,15.578374862670898,12.821660995483398,1360763.0,-0.13165206330160256,-1.0,0.27574750830564787
2023-11-20,12.327613830566406,14.538101196289062,15.36523723602295,12.034890174865724,1483816.0,0.025922739160539648,1.0,0.27574750830564787
2023-11-21,12.09388542175293,12.32812213897705,12.86997890472412,11.594915390014648,1065063.0,0.04647460235903247,1.0,0.27574750830564787
2023-11-22,11.956632614135742,12.086772918701172,13.105948448181152,11.623941421508787,1312606.0,0.05941058011921834,1.0,0.27574750830564787
2023-11-23,12.599827766418455,11.956143379211426,12.60524845123291,11.544492721557615,925409.0,0.005881512286362512,0.0,0.44850498338870437
2023-11-24,12.520201683044434,12.601473808288574,13.57254695892334,12.440780639648438,1296423.0,0.015129532386025591,0.0,0.44850498338870437
2023-11-25,12.771787643432615,12.518654823303224,12.806976318359377,12.35194969177246,827033.0,-0.002057037679171064,0.0,0.44850498338870437
2023-11-26,12.157803535461426,12.772347450256348,13.691652297973633,12.015766143798828,842996.0,0.05303341302158898,1.0,0.27574750830564787
2023-11-27,12.44960880279541,12.15980339050293,12.461294174194336,10.950551986694336,1103491.0,0.032304525948223126,1.0,0.27574750830564787
2023-11-28,12.880303382873535,12.449007987976074,12.886604309082031,11.399746894836426,846461.0,0.003008948462772771,0.0,0.44850498338870437
2023-11-29,12.54555606842041,12.875404357910156,14.287717819213867,12.142823219299316,1335635.0,0.03543884133477849,1.0,0.27574750830564787
2023-11-30,14.38103199005127,12.546717643737791,14.38103199005127,12.482664108276367,1022912.0,-0.09277270875575995,0.0,0.44850498338870437
2023-12-01,15.580138206481934,14.380210876464844,16.15070152282715,13.791130065917969,1526751.0,-0.16007264851277692,-1.0,0.27574750830564787
2023-12-02,17.39462661743164,15.579639434814451,18.443958282470703,15.579639434814451,1819211.0,-0.24721776903738876,-1.0,0.27574750830564787
2023-12-03,16.972816467285156,17.3958740234375,17.9403076171875,15.861059188842772,1527817.0,-0.22597976488027158,-1.0,0.27574750830564787
2023-12-04,17.12885284423828,16.98609161376953,17.845069885253906,15.247057914733888,1778580.0,-0.2283298949731963,-1.0,0.27574750830564787
2023-12-05,17.011882781982422,17.13091278076172,17.13311004638672,15.344175338745115,1527114.0,-0.21612619764900673,-1.0,0.27574750830564787
2023-12-06,16.30594825744629,17.007396697998047,17.56044578552246,16.000593185424805,999984.0,-0.17539159034095433,-1.0,0.27574750830564787
2023-12-07,16.467857360839844,16.30414581298828,16.46998405456543,15.17350959777832,901249.0,-0.17669723293489845,-1.0,0.27574750830564787
2023-12-08,17.592653274536133,16.468299865722656,18.473182678222656,16.217884063720703,1019122.0,-0.2246512220732838,-1.0,0.27574750830564787
2023-12-09,15.82347297668457,17.592288970947266,17.73532485961914,15.776195526123049,869061.0,-0.1298682419887145,-1.0,0.27574750830564787
2023-12-10,15.214695930480955,15.823777198791504,15.96062469482422,15.190274238586426,761137.0,-0.08391683850970345,0.0,0.44850498338870437
2023-12-11,13.932731628417969,15.215383529663086,15.215383529663086,13.362312316894531,1494072.0,0.011880704077040631,0.0,0.44850498338870437
2023-12-12,13.45806121826172,13.93148422241211,15.339118003845217,13.25745964050293,1520320.0,0.0602695386879304,1.0,0.27574750830564787
2023-12-13,14.031625747680664,13.456721305847168,14.535133361816406,12.320547103881836,2442653.0,0.025693639446825744,1.0,0.27574750830564787
2023-12-14,13.737191200256348,14.030967712402344,14.517393112182615,13.207317352294922,2303545.0,0.06052449207199853,1.0,0.27574750830564787
2023-12-15,12.235684394836426,13.739694595336914,13.77410888671875,11.938217163085938,2401417.0,0.20800967737266396,1.0,0.27574750830564787
2023-12-16,11.485247611999512,12.234448432922363,12.608025550842283,11.34317398071289,2219955.0,0.3069004886949954,1.0,0.27574750830564787
2023-12-17,12.378626823425291,11.521110534667969,12.664142608642578,11.365253448486328,1077777.0,0.23398329204642884,1.0,0.27574750830564787
2023-12-18,11.202953338623049,12.379362106323242,12.390096664428713,10.65494155883789,1079096.0,0.39041726745378613,1.0,0.27574750830564787
2023-12-19,11.08246898651123,11.218740463256836,11.474495887756348,10.63647174835205,720413.0,0.4323149837227246,1.0,0.27574750830564787
2023-12-20,11.817275047302246,11.081960678100586,12.564821243286133,11.081960678100586,754768.0,0.3636123482124568,1.0,0.27574750830564787
2023-12-21,11.144968032836914,11.8266019821167,11.828791618347168,10.84842014312744,1187364.0,0.4725037995044767,1.0,0.27574750830564787
2023-12-22,12.502559661865234,11.146733283996582,12.58301067352295,10.812549591064451,1014226.0,0.33256151951168844,1.0,0.27574750830564787
2023-12-23,12.652441024780272,12.501548767089844,12.691598892211914,11.917123794555664,753100.0,0.3358630596420509,1.0,0.27574750830564787
2023-12-24,10.989603996276855,12.649592399597168,12.650750160217283,10.893179893493652,580633.0,0.5618344996980648,1.0,0.27574750830564787
2023-12-25,10.371696472167969,10.985795021057127,11.198780059814451,9.659568786621094,1341249.0,0.6799419663262298,1.0,0.27574750830564787
2023-12-26,10.975061416625977,10.37244701385498,10.994903564453123,9.738219261169434,794585.0,0.6148906868872468,1.0,0.27574750830564787
2023-12-27,11.352898597717283,10.97568416595459,11.35346221923828,8.884255409240723,1847165.0,0.5886571745482747,1.0,0.27574750830564787
2023-12-28,10.355005264282228,11.348992347717283,12.113897323608398,10.353211402893066,737069.0,0.773092661092633,1.0,0.27574750830564787
2023-12-29,11.847650527954102,10.356063842773438,12.181751251220703,10.249589920043944,789361.0,0.5755775336151917,1.0,0.27574750830564787
2023-12-30,12.8956298828125,11.848410606384276,13.594023704528809,11.840062141418455,975250.0,0.46783050327337694,1.0,0.27574750830564787
2023-12-31,11.791794776916504,12.895329475402832,13.125959396362305,11.720437049865724,595948.0,0.635208377367377,1.0,0.27574750830564787
2024-01-01,11.37889003753662,11.791486740112305,12.008506774902344,11.27716827392578,483567.0,0.7238913505515921,1.0,0.27574750830564787
2024-01-02,11.126948356628418,11.382972717285156,11.665932655334473,11.115384101867676,613342.0,0.7940215409977048,1.0,0.27574750830564787
2024-01-03,11.102148056030272,11.12832736968994,11.2163667678833,9.393596649169922,1107477.0,0.8270458333484269,1.0,0.27574750830564787
2024-01-04,11.076976776123049,11.10285472869873,11.461812019348145,10.919588088989258,515685.0,0.8584005587543267,1.0,0.27574750830564787
2024-01-05,10.379302978515623,11.091575622558594,11.11375617980957,10.268985748291016,579719.0,1.0090768487683262,1.0,0.27574750830564787
2024-01-06,9.56393337249756,10.371553421020508,10.39502239227295,9.56393337249756,536166.0,1.2159616056688938,1.0,0.27574750830564787
2024-01-07,9.320284843444824,9.566323280334473,10.538825988769531,9.29814624786377,473229.0,1.3109413430296541,1.0,0.27574750830564787
2024-01-08,9.043806076049805,9.320362091064451,9.573237419128418,8.8374662399292,474902.0,1.4170531194130425,1.0,0.27574750830564787
2024-01-09,11.844265937805176,9.0419340133667,13.276833534240724,8.342823028564453,2343825.0,0.8759465927111292,1.0,0.27574750830564787
2024-01-10,11.97267246246338,11.844268798828123,13.142271995544434,10.83754062652588,1619467.0,0.8912852014160006,1.0,0.27574750830564787
2024-01-11,11.182296752929688,11.95391845703125,13.171571731567385,9.990859031677246,1908379.0,1.0607295376353405,1.0,0.27574750830564787
2024-01-12,10.81767463684082,11.182296752929688,13.151309967041016,10.556294441223145,1242911.0,1.1702848541017483,1.0,0.27574750830564787
2024-01-13,10.462642669677734,10.815631866455078,11.133397102355955,10.325325965881348,491576.0,1.2847923415403413,1.0,0.27574750830564787
2024-01-14,10.106133460998535,10.46264362335205,11.041939735412598,10.106133460998535,513009.0,1.4111515677486395,1.0,0.27574750830564787
2024-01-15,12.255608558654783,10.106125831604004,13.356992721557615,10.052154541015623,1762084.0,1.0216414098338669,1.0,0.27574750830564787
2024-01-16,13.693692207336426,12.255595207214355,14.039559364318848,11.873238563537598,1226169.0,0.835211887431265,1.0,0.27574750830564787
2024-01-17,12.837119102478027,13.693692207336426,14.15385913848877,11.987876892089844,1189257.0,0.9876595535434466,1.0,0.27574750830564787
2024-01-18,11.35146713256836,12.837119102478027,12.837119102478027,10.889518737792969,598951.0,1.2835260541056406,1.0,0.27574750830564787
2024-01-19,11.065390586853027,11.35146713256836,11.441465377807615,10.396034240722656,657946.0,1.3823067637275472,1.0,0.27574750830564787
2024-01-20,13.053192138671877,11.065390586853027,13.802606582641602,10.927309036254885,1112629.0,1.051754228509978,1.0,0.27574750830564787
2024-01-21,12.725708961486816,13.053192138671877,13.615336418151855,12.702972412109377,524363.0,1.1370526773693632,1.0,0.27574750830564787
2024-01-22,12.419801712036133,12.725708961486816,12.775575637817385,11.287287712097168,722708.0,1.221497295696079,1.0,0.27574750830564787
2024-01-23,11.970595359802246,12.42055606842041,13.60275936126709,11.490633964538574,803793.0,1.3407811689943618,1.0,0.27574750830564787
2024-01-24,11.411615371704102,11.970595359802246,12.20921516418457,11.332538604736328,412018.0,1.4992664582368365,1.0,0.27574750830564787
2024-01-25,12.56899642944336,11.411615371704102,13.072282791137695,10.425827026367188,1950429.0,1.304465218211313,1.0,0.27574750830564787
2024-01-26,12.241182327270508,12.568991661071776,12.985907554626465,12.048990249633787,659202.0,1.4080075283660365,1.0,0.27574750830564787
2024-01-27,14.082530975341797,12.241182327270508,14.468879699707031,12.150176048278809,1113243.0,1.1256722501742902,1.0,0.27574750830564787
2024-01-28,14.60544490814209,14.08010482788086,15.20211410522461,13.403749465942385,1505299.0,1.08439854637223,1.0,0.27574750830564787
2024-01-29,14.416993141174316,14.60544490814209,14.972776412963867,12.87497615814209,841385.0,1.1451038094021966,1.0,0.27574750830564787
2024-01-30,13.781659126281738,14.416993141174316,14.63931655883789,13.474456787109377,555572.0,1.277887171501623,1.0,0.27574750830564787
2024-01-31,12.716171264648438,13.781659126281738,13.788808822631836,12.209657669067385,698850.0,1.502638706072331,1.0,0.27574750830564787
2024-02-01,12.740412712097168,12.716171264648438,12.869050979614258,11.485519409179688,778859.0,1.5268895864203538,1.0,0.27574750830564787
2024-02-02,13.093328475952148,12.740412712097168,13.172103881835938,11.827347755432127,585336.0,1.4837329455140236,1.0,0.27574750830564787
2024-02-03,15.054381370544434,13.093328475952148,16.20806884765625,12.220762252807615,1648547.0,1.183696669459487,1.0,0.27574750830564787
2024-02-04,15.31991481781006,15.054367065429688,17.867412567138672,13.914819717407228,1568723.0,1.1638901064415152,1.0,0.27574750830564787
2024-02-05,16.208904266357422,15.319913864135742,16.302555084228516,15.295767784118652,545244.0,1.0606958605663346,1.0,0.27574750830564787
2024-02-06,15.943814277648926,16.208904266357422,16.262447357177734,14.61594295501709,1610563.0,1.1102995748765228,1.0,0.27574750830564787
2024-02-07,17.656618118286133,15.94397258758545,17.849323272705078,14.745967864990234,3036471.0,0.9182909143834768,1.0,0.27574750830564787
2024-02-08,17.593406677246094,17.656618118286133,18.124786376953125,15.541619300842283,2181572.0,0.9389255479206619,1.0,0.27574750830564787
2024-02-09,18.407346725463867,17.59273910522461,19.31950759887696,17.143680572509766,2395513.0,0.8683173078199368,1.0,0.27574750830564787
2024-02-10,18.371824264526367,18.4073543548584,18.6357421875,17.34629249572754,1480595.0,0.8859821766335123,1.0,0.27574750830564787
2024-02-11,17.975521087646484,18.371824264526367,18.496431350708008,17.364469528198242,1164312.0,0.943245883061237,1.0,0.27574750830564787
2024-02-12,20.02138328552246,17.979726791381836,21.1119384765625,17.930091857910156,2908687.0,0.7543762607703085,1.0,0.27574750830564787
2024-02-13,22.845792770385746,20.02426719665528,23.61953926086425,19.876665115356445,3773951.0,0.5423566305211813,1.0,0.27574750830564787
2024-02-14,25.34341812133789,22.845394134521484,27.15870857238769,22.756786346435547,3198903.0,0.3929895136685889,1.0,0.27574750830564787
2024-02-15,24.176498413085938,25.30093574523925,26.81241035461425,23.18376541137696,3580483.0,0.4624363761688439,1.0,0.27574750830564787
2024-02-16,24.42060089111328,24.17639541625977,25.238082885742188,22.762357711791992,2049097.0,0.4512910818289787,1.0,0.27574750830564787
2024-02-17,23.44374084472656,24.42060279846192,24.42677497863769,21.207149505615234,1811789.0,0.5151112770835607,1.0,0.27574750830564787
2024-02-18,24.9160270690918,23.42181205749512,25.309471130371094,23.416889190673828,1449490.0,0.4296096324125888,1.0,0.27574750830564787
2024-02-19,27.24354362487793,24.91360664367676,27.47958755493164,24.773941040039062,2333740.0,0.3093949768501765,1.0,0.27574750830564787
2024-02-20,25.31655502319336,27.24354362487793,31.71739196777344,23.79232406616211,1795974.0,0.41475579216542907,1.0,0.27574750830564787
2024-02-21,25.592676162719727,25.315149307250977,25.681001663208008,24.412017822265625,2003360.0,0.40500350863743106,1.0,0.27574750830564787
2024-02-22,22.76298713684082,25.564271926879883,26.10546493530273,22.76298713684082,1832855.0,0.5896417312741035,1.0,0.27574750830564787
2024-02-23,26.26716041564941,22.761859893798828,26.33605194091797,21.38507652282715,2231515.0,0.38343515541427536,1.0,0.27574750830564787
2024-02-24,27.30170249938965,26.26569175720215,28.07483291625977,23.91813850402832,2010800.0,0.33436048356257625,1.0,0.27574750830564787
2024-02-25,27.76203727722168,27.30170249938965,29.66951370239257,26.304304122924805,2531647.0,0.3149628250344686,1.0,0.27574750830564787
2024-02-26,31.189577102661133,27.76203727722168,31.310171127319336,26.42484474182129,3269445.0,0.17103261262414013,1.0,0.27574750830564787
2024-02-27,32.62799072265625,31.190853118896484,33.55946731567383,31.059223175048828,4213516.0,0.11921574223737302,1.0,0.27574750830564787
2024-02-28,32.155738830566406,32.63290786743164,34.488956451416016,30.7852840423584,3745434.0,0.13601999916409607,1.0,0.27574750830564787
2024-02-29,28.89957618713379,32.15571212768555,34.711273193359375,28.54791259765625,4224423.0,0.26502839980953524,1.0,0.27574750830564787
2024-03-01,32.21958541870117,28.8995418548584,33.88312530517578,26.653928756713867,3843285.0,0.13396641049152397,1.0,0.27574750830564787
2024-03-02,30.211530685424805,32.23749542236328,32.461917877197266,30.185636520385746,2784575.0,0.20998853632988185,1.0,0.27574750830564787
2024-03-03,29.798847198486328,30.200883865356445,31.62607955932617,27.92922592163086,2869479.0,0.22672758709554647,1.0,0.27574750830564787
2024-03-04,29.59260368347168,29.79885482788086,29.98522186279297,25.839155197143555,4060330.0,0.2342052520342185,1.0,0.27574750830564787
2024-03-05,28.824987411499023,29.612592697143555,29.745664596557617,26.265300750732425,4469358.0,0.26707342311980437,1.0,0.27574750830564787
2024-03-06,32.252079010009766,28.824987411499023,32.955894470214844,28.60378837585449,3955903.0,0.13024116050185328,1.0,0.27574750830564787
2024-03-07,33.52899169921875,32.252079010009766,36.03436279296875,31.94839859008789,3397584.0,0.08448204021457902,1.0,0.27574750830564787
2024-03-08,33.39592742919922,33.52898406982422,34.00777816772461,30.328048706054688,3031232.0,0.08660575163621866,1.0,0.27574750830564787
2024-03-09,33.6097297668457,33.39592742919922,36.093482971191406,33.06572723388672,2425207.0,0.07735415601117451,1.0,0.27574750830564787
2024-03-10,31.47681999206543,33.6097297668457,35.05133819580078,30.71628189086914,2620506.0,0.1532667022016521,1.0,0.27574750830564787
2024-03-11,36.886226654052734,31.560134887695312,36.99059295654297,30.887977600097656,3107400.0,-0.01315469753967123,0.0,0.44850498338870437
2024-03-12,35.08781433105469,36.886226654052734,39.35527038574219,34.3311767578125,3960241.0,0.0394745142675983,1.0,0.27574750830564787
2024-03-13,35.69400787353516,35.08781433105469,36.961647033691406,34.40203094482422,2757639.0,0.025196883811264868,1.0,0.27574750830564787
2024-03-14,33.97467803955078,35.71342086791992,36.87052536010742,33.80088424682617,2924547.0,0.08083283433567598,1.0,0.27574750830564787
2024-03-15,32.47115707397461,33.98797607421875,34.478519439697266,30.816547393798828,3146867.0,0.13532523452738388,1.0,0.27574750830564787
2024-03-16,29.361684799194336,32.452613830566406,32.92441940307617,27.29861068725586,4131344.0,0.26134373613966166,1.0,0.27574750830564787
2024-03-17,33.738853454589844,29.361242294311523,34.497806549072266,29.02325820922852,3134417.0,0.10051512472950731,1.0,0.27574750830564787
2024-03-18,33.83817672729492,33.49634552001953,35.01487731933594,30.15768051147461,3332642.0,0.09903547807691991,1.0,0.27574750830564787
2024-03-19,31.815502166748047,33.83817672729492,36.3349494934082,29.63066864013672,4720311.0,0.1725270635163528,1.0,0.27574750830564787
2024-03-20,37.39366149902344,31.815502166748047,37.429683685302734,30.600658416748047,3804152.0,-0.0018572652639201603,0.0,0.44850498338870437
2024-03-21,42.11415481567383,37.39366149902344,43.504981994628906,36.79097366333008,4393223.0,-0.11461414282929143,0.0,0.44850498338870437
2024-03-22,39.57881546020508,42.11415481567383,43.39214706420898,38.99568939208984,2955457.0,-0.05778898224579527,0.0,0.44850498338870437
2024-03-23,41.61365509033203,39.57881546020508,42.35303115844727,39.31216430664063,2412700.0,-0.1051568251707855,0.0,0.44850498338870437
2024-03-24,40.81730270385742,41.61365509033203,42.061798095703125,37.88426971435547,2175511.0,-0.0877600466755345,0.0,0.44850498338870437
2024-03-25,42.94034576416016,40.81730270385742,43.33736801147461,39.12141799926758,2288377.0,-0.13350922268465898,-1.0,0.27574750830564787
2024-03-26,41.29647064208984,42.94034576416016,43.41617965698242,40.80589294433594,2128494.0,-0.09946697503750222,0.0,0.44850498338870437
2024-03-27,38.854740142822266,41.29647064208984,42.6290168762207,37.6099967956543,2840808.0,-0.042382917527852226,0.0,0.44850498338870437
2024-03-28,40.17181396484375,38.854740142822266,42.21426773071289,38.57828140258789,2453567.0,-0.07340525203868786,0.0,0.44850498338870437
2024-03-29,40.14541244506836,40.17181396484375,41.67543029785156,38.78659057617188,2360049.0,-0.0700397585017817,0.0,0.44850498338870437
2024-03-30,42.29004669189453,40.14541244506836,42.48941802978516,39.39411544799805,1885729.0,-0.11523337785669802,0.0,0.44850498338870437
2024-03-31,42.92909240722656,42.29004669189453,44.01693344116211,42.00178909301758,1585283.0,-0.12712791737088136,-1.0,0.27574750830564787
2024-04-01,42.089054107666016,42.92909240722656,42.97933578491211,41.77560806274414,2034108.0,-0.10836671578545984,0.0,0.44850498338870437
2024-04-02,40.46803283691406,42.08969879150391,42.40012741088867,40.04829406738281,2440092.0,-0.06927944852136314,0.0,0.44850498338870437
2024-04-03,42.49976348876953,40.46803283691406,42.60334014892578,39.94431686401367,2121881.0,-0.11015757855591327,0.0,0.44850498338870437
2024-04-04,46.920372009277344,42.49976348876953,53.960716247558594,41.84231948852539,4978836.0,-0.19345861670622846,-1.0,0.27574750830564787
2024-04-05,44.10347366333008,46.920372009277344,47.59632110595703,42.826171875,3216633.0,-0.14024246979429525,-1.0,0.27574750830564787
2024-04-06,48.5963134765625,44.10347366333008,49.042476654052734,43.15125274658203,3096176.0,-0.22053451290812995,-1.0,0.27574750830564787
2024-04-07,46.59954452514648,48.5963134765625,50.22286605834961,46.1634635925293,2314825.0,-0.18773567776469813,-1.0,0.27574750830564787
2024-04-08,50.72476577758789,46.59954452514648,51.100982666015625,46.3561897277832,2494943.0,-0.25511484340034435,-1.0,0.27574750830564787
2024-04-09,48.66588592529297,50.72476577758789,51.720699310302734,47.39488983154297,2886751.0,-0.22281372359615165,-1.0,0.27574750830564787
2024-04-10,46.9470100402832,48.66588592529297,49.08382415771485,45.480125427246094,2875163.0,-0.1930388554874015,-1.0,0.27574750830564787
2024-04-11,43.31134033203125,46.9470100402832,48.11933517456055,43.256927490234375,2837543.0,-0.12299278610958013,-1.0,0.27574750830564787
2024-04-12,38.984413146972656,43.31134033203125,44.66344833374024,36.147499084472656,3768122.0,-0.01983996039177292,0.0,0.44850498338870437
2024-04-13,36.29010009765625,38.984710693359375,41.79253387451172,31.913345336914062,3883904.0,0.057127481587276874,1.0,0.27574750830564787
2024-04-14,40.17923355102539,36.29010009765625,40.77360153198242,36.29010009765625,3304195.0,-0.041645702367263386,0.0,0.44850498338870437
2024-04-15,34.94499969482422,40.17923355102539,40.179237365722656,34.75995635986328,2829564.0,0.10978482637692591,1.0,0.27574750830564787
2024-04-16,34.030601501464844,34.94499969482422,35.091522216796875,33.20207214355469,2814975.0,0.1452797605566956,1.0,0.27574750830564787
2024-04-17,33.31059646606445,34.030601501464844,36.11203384399414,32.95952606201172,2504456.0,0.1769728991662197,1.0,0.27574750830564787
2024-04-18,33.58231735229492,33.31059646606445,33.79075622558594,32.236778259277344,2429745.0,0.17340964304723822,1.0,0.27574750830564787
2024-04-19,34.75947189331055,33.58231735229492,35.666587829589844,30.5241641998291,2698511.0,0.13914770560000164,1.0,0.27574750830564787
2024-04-20,38.177921295166016,34.75947189331055,38.60931396484375,34.492923736572266,2319717.0,0.04134402660529963,1.0,0.27574750830564787
2024-04-21,36.70179748535156,38.177921295166016,38.42542266845703,36.37693405151367,1946354.0,0.08920672201265571,1.0,0.27574750830564787
2024-04-22,37.99214172363281,36.70179748535156,38.13698196411133,36.495338439941406,1853529.0,0.05834088694969793,1.0,0.27574750830564787
2024-04-23,33.808319091796875,37.99214172363281,38.59737777709961,32.56551742553711,3217555.0,0.19533429337451316,1.0,0.27574750830564787
2024-04-24,30.749542236328125,33.808319091796875,35.12898635864258,30.49121284484864,2686391.0,0.32169500576819815,1.0,0.27574750830564787
2024-04-25,30.08307456970215,30.749547958374023,31.706775665283203,27.672607421875,2881608.0,0.35788925553865925,1.0,0.27574750830564787
2024-04-26,27.97322654724121,30.07988166809082,30.091846466064453,27.13618850708008,2688837.0,0.4695639803529959,1.0,0.27574750830564787
2024-04-27,30.442079544067383,27.972108840942383,30.58472442626953,27.5084171295166,2128747.0,0.35524581192174665,1.0,0.27574750830564787
2024-04-28,29.015525817871094,30.442079544067383,31.109350204467773,28.69731903076172,2007061.0,0.4280893410531515,1.0,0.27574750830564787
2024-04-29,32.038475036621094,29.03573989868164,32.03850173950195,27.362627029418945,2387578.0,0.2978963954412536,1.0,0.27574750830564787
2024-04-30,30.96159172058105,32.03849411010742,33.22355651855469,28.760433197021484,2987470.0,0.34850591993474095,1.0,0.27574750830564787
2024-05-01,35.55359649658203,30.960315704345703,35.880279541015625,29.56120491027832,2910455.0,0.17779326455581076,1.0,0.27574750830564787
2024-05-02,35.60771942138672,35.55359649658203,36.235294342041016,32.76008224487305,2687197.0,0.18278701180713947,1.0,0.27574750830564787
2024-05-03,38.89379501342773,35.60771942138672,39.16375732421875,34.561668395996094,2696000.0,0.08600693583343935,1.0,0.27574750830564787
2024-05-04,37.19540023803711,38.89377975463867,39.03468322753906,37.09313583374024,2001086.0,0.14136840234991938,1.0,0.27574750830564787
2024-05-05,33.79108810424805,37.19540023803711,37.34073638916016,33.38633346557617,2002276.0,0.2650884509782157,1.0,0.27574750830564787
2024-05-06,33.13915252685547,33.79108047485352,35.60710144042969,32.98651123046875,2149561.0,0.2996145224203381,1.0,0.27574750830564787
2024-05-07,32.465091705322266,33.13915252685547,34.951934814453125,32.464107513427734,2109576.0,0.33665994172431574,1.0,0.27574750830564787
2024-05-08,32.18416213989258,32.465091705322266,32.54812240600586,30.983247756958008,2063874.0,0.3649124071365803,1.0,0.27574750830564787
2024-05-09,32.993648529052734,32.18416213989258,33.64385223388672,32.11009216308594,2051220.0,0.34788445316927114,1.0,0.27574750830564787
2024-05-10,30.974353790283203,32.993656158447266,32.995174407958984,30.039457321166992,1979646.0,0.45086703322326016,1.0,0.27574750830564787
2024-05-11,30.596738815307617,30.974353790283203,31.210073471069336,30.404760360717773,1692058.0,0.48339886644020724,1.0,0.27574750830564787
2024-05-12,31.608680725097656,30.5964584350586,33.42798614501953,29.93983459472656,2071095.0,0.4493831406423228,1.0,0.27574750830564787
2024-05-13,29.76065826416016,31.608680725097656,31.6871337890625,29.018802642822266,2327380.0,0.5538510331129505,1.0,0.27574750830564787
2024-05-14,27.340410232543945,29.76065826416016,29.90741920471192,25.85745429992676,2683959.0,0.7076078595761193,1.0,0.27574750830564787
2024-05-15,28.827016830444336,27.341716766357425,29.313980102539062,27.326330184936523,2237929.0,0.6348460659160352,1.0,0.27574750830564787
2024-05-16,27.22895240783692,28.820850372314453,29.01155662536621,26.640857696533203,2351561.0,0.748873120837518,1.0,0.27574750830564787
2024-05-17,27.0653018951416,27.22895240783692,28.002037048339844,26.23771476745605,2338794.0,0.7769264716244,1.0,0.27574750830564787
2024-05-18,28.18577003479004,27.0653018951416,29.302875518798828,27.063751220703125,2276399.0,0.7203929877866124,1.0,0.27574750830564787
2024-05-19,28.02737045288086,28.20334815979004,28.542600631713867,27.24407768249512,1603793.0,0.7442341436493017,1.0,0.27574750830564787
2024-05-20,37.97945022583008,28.02779006958008,39.55027389526367,27.070859909057617,4637628.0,0.29308719664943816,1.0,0.27574750830564787
2024-05-21,43.97423553466797,37.97943878173828,44.14030838012695,35.92142868041992,3925615.0,0.11911008707417116,1.0,0.27574750830564787
2024-05-22,40.19195175170898,43.97404861450195,44.014442443847656,38.21824264526367,2363096.0,0.22707296826403528,1.0,0.27574750830564787
2024-05-23,44.24928665161133,40.19195175170898,47.59684753417969,40.16876983642578,3717886.0,0.11473132948783878,1.0,0.27574750830564787
2024-05-24,43.03157424926758,44.24928665161133,44.86969375610352,40.240142822265625,2711992.0,0.14613197601554626,1.0,0.27574750830564787
2024-05-25,42.72188568115234,43.03157806396485,43.292179107666016,42.627288818359375,1458770.0,0.15273574293982992,1.0,0.27574750830564787
2024-05-26,41.42126083374024,42.72188568115234,43.78226089477539,41.352664947509766,1583393.0,0.18590540529593924,1.0,0.27574750830564787
2024-05-27,40.47968673706055,41.42126083374024,43.29827499389648,40.41631317138672,1979227.0,0.21184076366145485,1.0,0.27574750830564787
2024-05-28,38.044090270996094,40.47968673706055,40.77370834350586,37.66493225097656,2671745.0,0.2872587113925129,1.0,0.27574750830564787
2024-05-29,39.99332427978516,38.044090270996094,41.13100814819336,35.96438980102539,2616879.0,0.224279279709539,1.0,0.27574750830564787
2024-05-30,38.79053115844727,39.99332809448242,40.19486999511719,35.8410758972168,2429321.0,0.26217966971309103,1.0,0.27574750830564787
2024-05-31,39.49180603027344,38.81844711303711,39.74250411987305,37.48131561279297,1881414.0,0.23922372102354303,1.0,0.27574750830564787
2024-06-01,39.88545989990234,39.49180603027344,40.2505989074707,38.19969940185547,1744609.0,0.22484392329808014,1.0,0.27574750830564787
2024-06-02,37.78670120239258,39.88545989990234,40.3036994934082,37.57057189941406,1743595.0,0.29244058961827846,1.0,0.27574750830564787
2024-06-03,40.6383171081543,37.78670120239258,41.91291427612305,37.68232727050781,2299615.0,0.20254217138468,1.0,0.27574750830564787
2024-06-04,40.96933364868164,40.6383171081543,42.18145751953125,40.455787658691406,2084819.0,0.19407605531380678,1.0,0.27574750830564787
2024-06-05,39.97743606567383,40.96933364868164,41.78503036499024,36.34151840209961,3241920.0,0.22456179483731883,1.0,0.27574750830564787
2024-06-06,40.21277618408203,39.97743606567383,41.47475814819336,39.95772552490234,2301550.0,0.22065005539627822,1.0,0.27574750830564787
2024-06-07,41.238868713378906,40.212772369384766,41.82024002075195,39.6722297668457,2177218.0,0.19534588877105233,1.0,0.27574750830564787
2024-06-08,48.001251220703125,41.23646926879883,48.36826705932617,41.21755599975586,3306600.0,0.02802350531005899,1.0,0.27574750830564787
2024-06-09,48.19613265991211,48.01406097412109,49.851524353027344,46.06604766845703,2242438.0,0.02471047865118848,1.0,0.27574750830564787
2024-06-10,46.81879425048828,48.19913101196289,51.9859504699707,43.907562255859375,3874287.0,0.055558523314924314,1.0,0.27574750830564787
2024-06-11,46.09311676025391,46.78854370117188,46.82291412353516,42.30989837646485,3293291.0,0.07241676081508916,1.0,0.27574750830564787
2024-06-12,50.154441833496094,46.099876403808594,52.87789535522461,45.70531845092773,4171376.0,-0.015399953001529923,0.0,0.44850498338870437
2024-06-13,53.40980911254883,50.14396286010742,58.15473937988281,43.2840576171875,10159043.0,-0.07602678654541523,0.0,0.44850498338870437
2024-06-14,48.704551696777344,53.41042709350586,54.06709289550781,45.19264221191406,3330652.0,0.013391384061581952,0.0,0.44850498338870437
2024-06-15,49.43357467651367,48.56793975830078,51.025169372558594,48.52704620361328,2070314.0,-0.002711870128533251,0.0,0.44850498338870437
2024-06-16,45.81705856323242,49.52303695678711,54.051490783691406,45.430419921875,2722093.0,0.07501930352739253,1.0,0.27574750830564787
2024-06-17,44.61142349243164,45.8174934387207,46.06600570678711,42.34055709838867,2780339.0,0.10260275557356562,1.0,0.27574750830564787
2024-06-18,45.96617889404297,44.60935592651367,49.08551406860352,40.45183563232422,4303021.0,0.06845616645883011,1.0,0.27574750830564787
2024-06-19,51.38756942749024,45.96846771240234,52.003700256347656,45.75007629394531,2555000.0,-0.046889777584743844,0.0,0.44850498338870437
2024-06-20,51.34576416015625,51.38756942749024,52.46159744262695,48.59550476074219,2613456.0,-0.04905366419538592,0.0,0.44850498338870437
2024-06-21,50.40743255615234,51.344276428222656,56.32699203491211,48.349647521972656,3790575.0,-0.034230558304340054,0.0,0.44850498338870437
2024-06-22,55.07344055175781,50.40433883666992,55.42141342163086,48.80669403076172,3091916.0,-0.12075452094997509,-1.0,0.27574750830564787
2024-06-23,47.103271484375,55.09563446044922,55.51980972290039,46.98859786987305,2551316.0,0.025566080645638183,1.0,0.27574750830564787
2024-06-24,50.30944442749024,47.11040496826172,50.3609504699707,44.57263946533203,3359338.0,-0.043618522263185654,0.0,0.44850498338870437
2024-06-25,54.50473785400391,50.30718612670898,54.59909057617188,49.5971565246582,2771152.0,-0.12178881004201689,-1.0,0.27574750830564787
2024-06-26,47.74274063110352,54.50094604492188,54.77984237670898,45.36798477172852,3083742.0,-0.0008151892360153686,0.0,0.44850498338870437
2024-06-27,49.71941757202149,47.75027847290039,51.645904541015625,45.487396240234375,2940761.0,-0.04383549919183885,0.0,0.44850498338870437
2024-06-28,47.79266357421875,49.72160339355469,49.72825241088867,46.05167007446289,2040592.0,-0.007676133682438409,0.0,0.44850498338870437
2024-06-29,48.274864196777344,47.79276657104492,48.753868103027344,47.41975784301758,1630301.0,-0.02018315949510243,0.0,0.44850498338870437
2024-06-30,49.55053329467773,48.26667404174805,49.81420135498047,47.94190216064453,1566754.0,-0.04792070767481261,0.0,0.44850498338870437
2024-07-01,52.285888671875,49.66154098510742,54.98680877685547,49.64756774902344,3425574.0,-0.10066165790003442,0.0,0.44850498338870437
2024-07-02,54.52040481567383,52.28903198242188,57.55964660644531,52.28903198242188,2640702.0,-0.1414417310723496,-1.0,0.27574750830564787
2024-07-03,48.26436233520508,54.45639419555664,54.51000213623047,47.941314697265625,2873602.0,-0.032581293469271494,0.0,0.44850498338870437
2024-07-04,47.02793884277344,48.25252914428711,51.75688171386719,43.614891052246094,3845686.0,-0.0087633553273471,0.0,0.44850498338870437
2024-07-05,44.8487548828125,47.02759552001953,48.53855895996094,42.99831771850586,3619661.0,0.038411668654554885,1.0,0.27574750830564787
2024-07-06,46.35955810546875,44.81943893432617,46.96971130371094,44.11448669433594,2091383.0,0.0025076499573833313,0.0,0.44850498338870437
2024-07-07,40.95396041870117,46.35709762573242,46.38077545166016,40.807762145996094,2319190.0,0.13386555728653313,1.0,0.27574750830564787
2024-07-08,41.814151763916016,40.950225830078125,45.245216369628906,38.119998931884766,4080633.0,0.10983781974551077,1.0,0.27574750830564787
2024-07-09,42.39440155029297,41.83532333374024,43.745338439941406,41.37360000610352,2030689.0,0.09420308593340584,1.0,0.27574750830564787
2024-07-10,42.97965240478516,42.34501647949219,45.62558364868164,41.281829833984375,2065505.0,0.07782994671153905,1.0,0.27574750830564787
2024-07-11,44.27926635742188,42.97968673706055,45.52349090576172,41.6654052734375,2141243.0,0.04402461554070605,1.0,0.27574750830564787
2024-07-12,52.75859069824219,44.35038375854492,56.85115814208984,42.235450744628906,4539769.0,-0.12789940205673922,-1.0,0.27574750830564787
2024-07-13,47.59719467163086,52.76145935058594,57.74987030029297,47.489967346191406,4725033.0,-0.03716687742899678,0.0,0.44850498338870437
2024-07-14,52.44076156616211,47.60000228881836,55.22263717651367,45.62223052978516,3235950.0,-0.13029706170582384,-1.0,0.27574750830564787
2024-07-15,54.74040222167969,52.442195892333984,56.27622985839844,52.428199768066406,2495577.0,-0.17127456954926223,-1.0,0.27574750830564787
2024-07-16,55.817161560058594,54.76004409790039,58.09840393066406,52.23165512084961,3992304.0,-0.19125167530895157,-1.0,0.27574750830564787
2024-07-17,55.6582145690918,55.80443572998047,60.86587142944336,55.49850845336914,3471537.0,-0.19289524773119826,-1.0,0.27574750830564787
2024-07-18,70.08216094970703,55.64122772216797,76.85791778564453,54.685794830322266,28048479.0,-0.36435007950161163,-1.0,0.27574750830564787
2024-07-19,71.5511703491211,70.08219146728516,74.44384765625,64.66649627685547,26665291.0,-0.3831585190234382,-1.0,0.27574750830564787
2024-07-20,64.20539855957031,71.5511703491211,78.69544219970703,63.08738327026367,241012270.0,-0.31734239061006303,-1.0,0.27574750830564787
2024-07-21,62.36915969848633,64.20542907714844,76.02449035644531,60.6494369506836,211072670.0,-0.3009351540271223,-1.0,0.27574750830564787
2024-07-22,61.84909057617188,62.36915969848633,65.4388656616211,61.79115676879883,111121353.0,-0.2991031653719848,-1.0,0.27574750830564787
2024-07-23,60.329044342041016,61.84909057617188,63.81773376464844,57.166202545166016,79753514.0,-0.28520644486624064,-1.0,0.27574750830564787
2024-07-24,58.79836654663086,60.32781219482422,66.275390625,58.57622528076172,81559594.0,-0.26907438056627525,-1.0,0.27574750830564787
2024-07-25,60.14054870605469,58.79551315307617,63.070709228515625,57.641693115234375,81063516.0,-0.28855920179001415,-1.0,0.27574750830564787
2024-07-26,62.17855453491211,60.12677383422852,64.29561614990234,59.778900146484375,63841091.0,-0.3160265091495461,-1.0,0.27574750830564787
2024-07-27,60.65316009521485,62.17426681518555,62.62360382080078,59.63556289672852,54206208.0,-0.3023025130304037,-1.0,0.27574750830564787
2024-07-28,56.41180038452149,60.64128875732422,60.64224243164063,55.38948059082031,49132863.0,-0.25151330174288034,-1.0,0.27574750830564787
2024-07-29,56.12174224853516,56.405372619628906,58.9243392944336,55.19465255737305,55543507.0,-0.249757566996492,-1.0,0.27574750830564787
2024-07-30,53.91499710083008,56.12174224853516,56.54132461547852,53.37525177001953,35166106.0,-0.2211102359360836,-1.0,0.27574750830564787
2024-07-31,51.16438674926758,53.91499710083008,54.86744689941406,50.36853790283203,58244744.0,-0.17953956035383584,-1.0,0.27574750830564787
2024-08-01,47.74968719482422,51.16370391845703,51.16891479492188,43.7973518371582,84717394.0,-0.11834525851723202,-1.0,0.27574750830564787
2024-08-02,44.78949737548828,47.74968719482422,51.23155975341797,44.3278923034668,64658297.0,-0.054672114748241255,0.0,0.44850498338870437
2024-08-03,42.59116744995117,44.78949737548828,48.26848983764648,41.590797424316406,59382838.0,0.0010379551286383258,0.0,0.44850498338870437
2024-08-04,37.55176544189453,42.59106063842773,43.25401306152344,36.70647048950195,49555292.0,0.14462350705952295,1.0,0.27574750830564787
2024-08-05,32.52158737182617,37.55176544189453,37.55181503295898,29.558082580566406,92127706.0,0.3328972310049927,1.0,0.27574750830564787
2024-08-06,35.739540100097656,32.521217346191406,38.28424072265625,32.462257385253906,52695551.0,0.22177349502375354,1.0,0.27574750830564787
2024-08-07,32.197391510009766,35.74020767211914,37.95344543457031,31.88794136047364,44773240.0,0.3662003820169306,1.0,0.27574750830564787
2024-08-08,39.31254959106445,32.19770431518555,40.09968948364258,32.1231575012207,53826720.0,0.126143805537588,1.0,0.27574750830564787
2024-08-09,38.62166213989258,39.31254959106445,40.631649017333984,37.04040145874024,41618185.0,0.15340322029132286,1.0,0.27574750830564787
2024-08-10,37.96977996826172,38.62166213989258,39.16870880126953,37.367671966552734,28123892.0,0.18034926883260066,1.0,0.27574750830564787
2024-08-11,33.79936599731445,37.96977996826172,38.84930038452149,33.79936599731445,29429068.0,0.335074333332945,1.0,0.27574750830564787
2024-08-12,36.62252807617188,33.79936599731445,37.55040740966797,33.66494369506836,33119474.0,0.23912475546585668,1.0,0.27574750830564787
2024-08-13,42.92620086669922,36.62252807617188,44.40041732788086,35.07904052734375,75795752.0,0.06059116442662781,1.0,0.27574750830564787
2024-08-14,44.60525894165039,42.92620086669922,48.9099235534668,41.20611953735352,105045321.0,0.023715522969921667,1.0,0.27574750830564787
2024-08-15,42.41561508178711,44.60525894165039,48.22573471069336,42.31360626220703,95436282.0,0.07994267479714322,1.0,0.27574750830564787
2024-08-16,49.5057258605957,42.41561508178711,50.50023651123047,42.3626823425293,100596710.0,-0.07419758077968926,0.0,0.44850498338870437
2024-08-17,56.0767822265625,49.5057258605957,62.96578979492188,46.795047760009766,222998749.0,-0.18347687730498088,-1.0,0.27574750830564787
2024-08-18,51.672119140625,56.0767822265625,59.99550247192383,51.64944839477539,125538507.0,-0.11175672431082583,0.0,0.44850498338870437
2024-08-19,51.083534240722656,51.672119140625,53.81570053100586,48.7070541381836,66473963.0,-0.09906107731866315,0.0,0.44850498338870437
2024-08-20,49.15435028076172,51.1098861694336,52.72660827636719,48.49286651611328,53500289.0,-0.06161634925850778,0.0,0.44850498338870437
2024-08-21,46.877925872802734,48.53843688964844,49.58835983276367,43.86845779418945,64818593.0,-0.014144373922376214,0.0,0.44850498338870437
2024-08-22,46.67791366577149,46.877925872802734,48.669681549072266,45.4117431640625,48411978.0,-0.009229240986540817,0.0,0.44850498338870437
2024-08-23,51.07867813110352,46.67791366577149,51.10453796386719,45.7372932434082,55923474.0,-0.09543119843909986,0.0,0.44850498338870437
2024-08-24,49.23989868164063,51.07896041870117,52.96164321899414,48.15522766113281,53488191.0,-0.06191909831039925,0.0,0.44850498338870437
2024-08-25,45.368412017822266,49.23989868164063,49.24968719482422,44.401798248291016,58032975.0,0.018749452715071908,0.0,0.44850498338870437
2024-08-26,42.60112380981445,45.368412017822266,46.91566467285156,42.49135971069336,43202804.0,0.08615287813390742,1.0,0.27574750830564787
2024-08-27,39.95780563354492,42.60112380981445,44.0376091003418,38.89757537841797,40679254.0,0.16389201860409372,1.0,0.27574750830564787
2024-08-28,40.5821647644043,39.95780563354492,42.89255905151367,38.72298049926758,42747672.0,0.1525333578518953,1.0,0.27574750830564787
2024-08-29,41.81467056274414,40.5821647644043,44.68028259277344,40.44694519042969,41748235.0,0.12281562574880196,1.0,0.27574750830564787
2024-08-30,40.628211975097656,41.81467056274414,42.344871520996094,38.3399772644043,26819197.0,0.1615324509536787,1.0,0.27574750830564787
2024-08-31,40.10474395751953,40.628211975097656,40.63101196289063,39.35926818847656,18941044.0,0.18277543430712587,1.0,0.27574750830564787
2024-09-01,36.692649841308594,40.10474395751953,40.11770248413086,36.65963745117188,20849037.0,0.3040543016550446,1.0,0.27574750830564787
2024-09-02,38.89878845214844,36.692649841308594,39.374977111816406,36.2193603515625,20259118.0,0.23827648413445077,1.0,0.27574750830564787
2024-09-03,36.64217758178711,38.89878845214844,39.9367561340332,36.64217758178711,18290125.0,0.3221449836149718,1.0,0.27574750830564787
2024-09-04,36.87187957763672,36.64217758178711,38.04872131347656,34.77702713012695,47600299.0,0.3200029809942297,1.0,0.27574750830564787
2024-09-05,36.1804313659668,36.87187957763672,37.58620834350586,35.771968841552734,22257446.0,0.35339461574786024,1.0,0.27574750830564787
2024-09-06,38.0839958190918,36.1804313659668,38.8557014465332,35.83906555175781,39285161.0,0.29303099021385676,1.0,0.27574750830564787
2024-09-07,39.68862533569336,38.0839958190918,40.80350112915039,37.83775329589844,39132224.0,0.24708400980631226,1.0,0.27574750830564787
2024-09-08,39.38028335571289,39.68862533569336,40.438236236572266,38.436893463134766,24168507.0,0.2647425685563045,1.0,0.27574750830564787
2024-09-09,40.71186828613281,39.38028335571289,41.39168167114258,38.67890167236328,24896708.0,0.23034495577347078,1.0,0.27574750830564787
2024-09-10,41.39929962158203,40.71186828613281,41.400634765625,39.65594100952149,23959043.0,0.2179825947969281,1.0,0.27574750830564787
2024-09-11,39.34344100952149,41.39929962158203,41.40229797363281,37.61441802978516,23539441.0,0.29230221327823414,1.0,0.27574750830564787
2024-09-12,39.95044708251953,39.34344100952149,40.44856262207031,39.15903472900391,21810158.0,0.28181295162140607,1.0,0.27574750830564787
2024-09-13,41.6297607421875,39.95044708251953,42.114166259765625,38.96016311645508,20691478.0,0.23838735479460152,1.0,0.27574750830564787
2024-09-14,41.7001953125,41.6297607421875,41.94715881347656,40.4539909362793,16881124.0,0.24613585745344885,1.0,0.27574750830564787
2024-09-15,39.56778717041016,41.7001953125,42.16328811645508,39.2358512878418,19067780.0,0.3233333756718926,1.0,0.27574750830564787
2024-09-16,38.147579193115234,39.56778717041016,40.235107421875,37.8051643371582,20732293.0,0.3823608782085154,1.0,0.27574750830564787
2024-09-17,39.7297248840332,38.147579193115234,40.478614807128906,37.447227478027344,22608944.0,0.33832849552096395,1.0,0.27574750830564787
2024-09-18,41.056617736816406,39.7297248840332,41.05803680419922,38.03771209716797,21403767.0,0.3040959286260792,1.0,0.27574750830564787
2024-09-19,38.48332595825195,41.056617736816406,43.24768829345703,37.94432067871094,84827090.0,0.4020066403709836,1.0,0.27574750830564787
2024-09-20,37.45528411865234,38.48332595825195,40.2989616394043,36.48641204833984,58814679.0,0.4515578169298254,1.0,0.27574750830564787
2024-09-21,37.29155731201172,37.45528411865234,37.49934005737305,36.36687088012695,22764009.0,0.468868140851404,1.0,0.27574750830564787
2024-09-22,34.629547119140625,37.29155731201172,37.364376068115234,33.69708633422852,25112458.0,0.5914192884444402,1.0,0.27574750830564787
2024-09-23,36.80150985717773,34.629547119140625,37.16862869262695,33.966854095458984,31866436.0,0.5061790647599542,1.0,0.27574750830564787
2024-09-24,37.47880935668945,36.80150985717773,37.69213104248047,35.96818923950195,26468128.0,0.48743667023697235,1.0,0.27574750830564787
2024-09-25,40.003509521484375,37.47880935668945,41.81643295288086,37.47415542602539,43470111.0,0.399804669714611,1.0,0.27574750830564787
2024-09-26,40.03633880615234,40.003509521484375,43.96062469482422,39.32792282104492,47761438.0,0.4052735716066741,1.0,0.27574750830564787
2024-09-27,43.50761032104492,40.03633880615234,45.00039291381836,40.0361557006836,34118972.0,0.29879122268859837,1.0,0.27574750830564787
2024-09-28,42.29986953735352,43.50761032104492,43.88677597045898,40.75529098510742,21375617.0,0.3417374931040269,1.0,0.27574750830564787
2024-09-29,42.5201530456543,42.29986953735352,43.66862487792969,41.59430313110352,23393235.0,0.3380631427168939,1.0,0.27574750830564787
2024-09-30,46.02376174926758,42.5201530456543,47.28382873535156,40.74665832519531,49467207.0,0.23805768006398073,1.0,0.27574750830564787
2024-10-01,44.08097076416016,46.02376174926758,47.37392807006836,42.166534423828125,38525430.0,0.2962925961358461,1.0,0.27574750830564787
2024-10-02,44.21064376831055,44.08097076416016,46.75226974487305,41.78219985961914,27404165.0,0.29556800601678246,1.0,0.27574750830564787
2024-10-03,48.462215423583984,44.21064376831055,48.74816131591797,43.43748474121094,40339325.0,0.1829562728366198,1.0,0.27574750830564787
2024-10-04,46.59428024291992,48.462215423583984,51.51991271972656,45.574310302734375,40701969.0,0.2316064507966606,1.0,0.27574750830564787
2024-10-05,43.86360931396485,46.59428024291992,46.67740249633789,42.74749755859375,24877476.0,0.31061596104559214,1.0,0.27574750830564787
2024-10-06,45.67744064331055,43.86360931396485,46.03928756713867,42.99897384643555,21735004.0,0.2597633244163595,1.0,0.27574750830564787
2024-10-07,49.73246383666992,45.67744064331055,50.10546875,44.43354415893555,43903728.0,0.15598463525922435,1.0,0.27574750830564787
2024-10-08,47.70328903198242,49.73246383666992,51.95209884643555,47.63323211669922,36564849.0,0.20391163806911528,1.0,0.27574750830564787
2024-10-09,46.02880859375,47.69420623779297,49.080448150634766,45.51667785644531,27474468.0,0.246071445186709,1.0,0.27574750830564787
2024-10-10,50.06501388549805,46.8497428894043,51.47118377685547,46.846954345703125,39676629.0,0.14325128727236705,1.0,0.27574750830564787
2024-10-11,56.296871185302734,50.06501388549805,57.45563125610352,49.32554626464844,55281122.0,0.012393145021561502,0.0,0.44850498338870437
2024-10-12,61.97311019897461,56.296871185302734,64.3299789428711,55.84485626220703,69121708.0,-0.08555038030017109,0.0,0.44850498338870437
2024-10-13,63.508785247802734,61.97311019897461,64.39424133300781,59.87594223022461,51001279.0,-0.11249060064382588,0.0,0.44850498338870437
2024-10-14,62.20710372924805,63.508785247802734,66.7620620727539,61.93547439575195,54915163.0,-0.09848317596702778,0.0,0.44850498338870437
2024-10-15,58.45790863037109,62.20710372924805,62.74640655517578,57.7572135925293,47096116.0,-0.045097715857890006,0.0,0.44850498338870437
2024-10-16,58.29546356201172,58.45790863037109,59.6818962097168,56.11496353149414,35518900.0,-0.047492090626785714,0.0,0.44850498338870437
2024-10-17,55.09246063232422,58.29546356201172,58.743282318115234,55.09246063232422,25076238.0,0.003402504462439316,0.0,0.44850498338870437
2024-10-18,59.44073867797852,55.09246063232422,62.24070739746094,54.99908065795898,52558758.0,-0.07497493526633908,0.0,0.44850498338870437
2024-10-19,58.12999725341797,59.44073867797852,59.84916687011719,57.77528381347656,21359317.0,-0.059234361811311136,0.0,0.44850498338870437
2024-10-20,57.22871017456055,58.12999725341797,58.311279296875,56.42669677734375,21411808.0,-0.04921234207792493,0.0,0.44850498338870437
2024-10-21,55.60091018676758,56.3778076171875,59.05083847045898,54.25363159179688,32957285.0,-0.025957576276546792,0.0,0.44850498338870437
2024-10-22,54.742801666259766,55.60091018676758,56.74101257324219,53.71568298339844,23559148.0,-0.01498466627676408,0.0,0.44850498338870437
2024-10-23,53.38224411010742,54.742801666259766,54.88465118408203,51.7303466796875,24101241.0,0.006640789510241937,0.0,0.44850498338870437
2024-10-24,54.257469177246094,53.44223785400391,55.13145446777344,52.14022064208984,20623767.0,-0.012339398151711648,0.0,0.44850498338870437
2024-10-25,52.592529296875,54.322208404541016,56.28048706054688,50.10163497924805,29278076.0,0.016907549038562206,0.0,0.44850498338870437
2024-10-26,51.35797119140625,52.592529296875,54.27899169921875,50.004512786865234,21357491.0,0.039384600757188165,1.0,0.27574750830564787
2024-10-27,52.9150505065918,51.35797119140625,54.122188568115234,50.93438720703125,18079096.0,0.006541046135993458,0.0,0.44850498338870437
2024-10-28,59.44115447998047,52.9150505065918,59.44115447998047,51.28230285644531,32918443.0,-0.10803870008354326,0.0,0.44850498338870437
2024-10-29,60.010501861572266,59.44115447998047,62.70455551147461,58.620338439941406,40840666.0,-0.12028895898309472,-1.0,0.27574750830564787
2024-10-30,56.43144989013672,60.010501861572266,60.06059646606445,55.733001708984375,24357216.0,-0.06919010659343418,0.0,0.44850498338870437
2024-10-31,53.213134765625,56.43122482299805,56.55257415771485,52.71831512451172,19924027.0,-0.0160344516828214,0.0,0.44850498338870437
2024-11-01,48.9673080444336,53.213134765625,53.3046875,48.81508255004883,25248551.0,0.06658904893178674,1.0,0.27574750830564787
2024-11-02,48.03041458129883,48.9673080444336,50.41852569580078,47.42789459228516,18266483.0,0.08458425214345901,1.0,0.27574750830564787
2024-11-03,48.3048210144043,48.03041458129883,48.82583236694336,45.65011596679688,22560035.0,0.07537042552199699,1.0,0.27574750830564787
2024-11-04,47.35899353027344,48.3048210144043,50.70174789428711,47.1664924621582,28818815.0,0.09396542491375262,1.0,0.27574750830564787
2024-11-05,46.313594818115234,47.35899353027344,48.35551071166992,45.67874526977539,26583911.0,0.11667665842225265,1.0,0.27574750830564787
2024-11-06,56.6596908569336,46.313594818115234,56.68605422973633,46.30694961547852,49421666.0,-0.09181554163933972,0.0,0.44850498338870437
2024-11-07,59.448822021484375,56.56737518310547,60.99788284301758,55.78701019287109,36801939.0,-0.13878584682659445,-1.0,0.27574750830564787
2024-11-08,54.44321823120117,59.58258056640625,60.7237434387207,54.04562759399414,29056731.0,-0.06366814589802475,0.0,0.44850498338870437
2024-11-09,57.72651290893555,54.41769027709961,59.2667121887207,54.04067611694336,37977932.0,-0.12268604230449656,-1.0,0.27574750830564787
2024-11-10,57.42301559448242,57.72651290893555,59.51682662963867,54.419708251953125,45806897.0,-0.12326823865305077,-1.0,0.27574750830564787
2024-11-11,66.10808563232422,57.42301559448242,72.9793930053711,57.42113876342773,214982408.0,-0.2440102066801014,-1.0,0.27574750830564787
2024-11-12,61.49433517456055,66.10808563232422,67.05439758300781,58.571136474609375,97141164.0,-0.19190244128350237,-1.0,0.27574750830564787
2024-11-13,56.438133239746094,61.49433517456055,61.7017936706543,54.151329040527344,96704993.0,-0.12318248758235101,-1.0,0.27574750830564787
2024-11-14,52.82697677612305,56.438133239746094,58.3648681640625,52.17192459106445,78102378.0,-0.06623270234425138,0.0,0.44850498338870437
2024-11-15,57.154544830322266,52.82697677612305,57.154544830322266,51.82090759277344,56446822.0,-0.14080124153081802,-1.0,0.27574750830564787
2024-11-16,57.77838897705078,57.33598327636719,58.90956115722656,54.868778228759766,62447109.0,-0.15451931204375252,-1.0,0.27574750830564787
2024-11-17,57.52831268310547,57.77838897705078,60.06084060668945,54.5873908996582,57403454.0,-0.15571922109554878,-1.0,0.27574750830564787
2024-11-18,61.45210266113281,57.52831268310547,61.459320068359375,57.12366485595703,68147780.0,-0.21554417214865737,-1.0,0.27574750830564787
2024-11-19,60.85606384277344,61.45210266113281,61.924781799316406,58.21102523803711,55990266.0,-0.2135025481971178,-1.0,0.27574750830564787
2024-11-20,65.1122055053711,60.85606384277344,68.37439727783203,60.10633087158203,118000833.0,-0.2708373716427403,-1.0,0.27574750830564787
2024-11-21,69.1626968383789,65.1122055053711,71.93866729736328,63.57555389404297,91058064.0,-0.31979018963927963,-1.0,0.27574750830564787
2024-11-22,65.89275360107422,69.1626968383789,70.23025512695312,64.54281616210938,62184471.0,-0.29264622603705454,-1.0,0.27574750830564787
2024-11-23,66.10834503173828,65.89275360107422,69.3329086303711,63.80074691772461,67692388.0,-0.30271581627996547,-1.0,0.27574750830564787
2024-11-24,70.83428955078125,66.10834503173828,71.09229278564453,62.749000549316406,59701286.0,-0.35767987110010185,-1.0,0.27574750830564787
2024-11-25,67.7735824584961,70.83379364013672,72.83255004882812,66.48480224609375,68915150.0,-0.33764342474450904,-1.0,0.27574750830564787
2024-11-26,64.58426666259766,67.7735824584961,69.83026885986328,62.29927062988281,64326928.0,-0.31394606774825395,-1.0,0.27574750830564787
2024-11-27,70.80655670166016,64.58426666259766,71.04967498779297,64.01557159423828,56829215.0,-0.38399709553804356,-1.0,0.27574750830564787
2024-11-28,67.35111999511719,70.80655670166016,71.35784912109375,66.27828979492188,48242184.0,-0.36222137712996666,-1.0,0.27574750830564787
2024-11-29,67.74317169189453,67.35120391845703,68.38727569580078,66.58736419677734,49938609.0,-0.375604888839347,-1.0,0.27574750830564787
2024-11-30,66.89414978027344,67.74317169189453,69.50809478759766,66.35646057128906,48000092.0,-0.3774735197147678,-1.0,0.27574750830564787
2024-12-01,66.25032806396484,66.89414978027344,67.32286834716797,64.7241439819336,47327301.0,-0.38052001397174257,-1.0,0.27574750830564787
2024-12-02,58.32571029663086,65.54138946533203,65.78297424316406,56.31862258911133,83590857.0,-0.30446890546380895,-1.0,0.27574750830564787
2024-12-03,59.48845672607422,58.32624053955078,60.825801849365234,56.008907318115234,82285597.0,-0.3256209253970458,-1.0,0.27574750830564787
2024-12-04,60.03491973876953,59.48845672607422,63.73062896728516,59.01847839355469,66932580.0,-0.33969627643663153,-1.0,0.27574750830564787
2024-12-05,57.73533630371094,60.03491973876953,60.30943298339844,56.5964469909668,74151340.0,-0.3209887097117072,-1.0,0.27574750830564787
2024-12-06,58.84490585327149,58.118797302246094,60.81066131591797,56.6853141784668,63857928.0,-0.34148043815077944,-1.0,0.27574750830564787
2024-12-07,60.92345428466797,58.84490585327149,62.175437927246094,58.64286804199219,54665150.0,-0.3720971259780327,-1.0,0.27574750830564787
2024-12-08,59.90918350219727,60.84153747558594,60.84495162963867,58.04313278198242,44218044.0,-0.3696552371875355,-1.0,0.27574750830564787
2024-12-09,52.41249084472656,60.0160026550293,60.0268783569336,47.329227447509766,77524509.0,-0.28718741447448853,-1.0,0.27574750830564787
2024-12-10,52.08872985839844,52.41249084472656,54.02886581420898,48.33921432495117,76734320.0,-0.29034033323112524,-1.0,0.27574750830564787
2024-12-11,55.56623840332031,52.08872985839844,56.93953323364258,50.73880386352539,48327279.0,-0.342811887887403,-1.0,0.27574750830564787
2024-12-12,53.870872497558594,55.56623840332031,57.52267074584961,53.257442474365234,47362153.0,-0.33038467782871733,-1.0,0.27574750830564787
2024-12-13,52.06803131103516,53.870872497558594,54.51948547363281,51.936134338378906,38044831.0,-0.31480008341992033,-1.0,0.27574750830564787
2024-12-14,50.650821685791016,52.79438781738281,53.26720428466797,49.43758773803711,40383857.0,-0.3031997211223247,-1.0,0.27574750830564787
2024-12-15,51.14326477050781,50.650821685791016,51.381717681884766,49.07828140258789,37741823.0,-0.3187026656129033,-1.0,0.27574750830564787
2024-12-16,49.54111862182617,51.14326477050781,52.22987365722656,48.9853515625,43825942.0,-0.30526182319244327,-1.0,0.27574750830564787
2024-12-17,45.98363494873047,49.54111862182617,49.6683464050293,45.39265060424805,46263144.0,-0.2600675776581246,-1.0,0.27574750830564787
2024-12-18,43.48452377319336,45.98315048217773,46.92389678955078,42.49715805053711,51358750.0,-0.2257885910242655,-1.0,0.27574750830564787
2024-12-19,40.67819213867188,43.48452377319336,44.45711898803711,38.9671516418457,59653857.0,-0.18031179838284997,-1.0,0.27574750830564787
2024-12-20,41.6662483215332,40.677467346191406,42.50052261352539,36.26603317260742,56434257.0,-0.20784268532219957,-1.0,0.27574750830564787
2024-12-21,39.09178924560547,41.6662483215332,43.71501922607422,38.72177505493164,49684555.0,-0.16294898467263638,-1.0,0.27574750830564787
2024-12-22,39.02027130126953,39.09178924560547,40.75313568115234,38.04750061035156,36359888.0,-0.1698215048114776,-1.0,0.27574750830564787
2024-12-23,41.737117767333984,39.02027130126953,42.46611785888672,38.11760330200195,38507452.0,-0.2331223209668163,-1.0,0.27574750830564787
2024-12-24,42.05068206787109,41.737117767333984,42.64098358154297,40.4421272277832,41718741.0,-0.24804453635594811,-1.0,0.27574750830564787
2024-12-25,40.05754089355469,42.04751586914063,42.0477294921875,39.7466049194336,35772801.0,-0.21971557580662018,-1.0,0.27574750830564787
2024-12-26,37.37173843383789,40.05754089355469,40.34565734863281,36.94980239868164,43990510.0,-0.17252704711378583,-1.0,0.27574750830564787
2024-12-27,37.55708312988281,37.371620178222656,39.38305282592773,37.29305648803711,36811137.0,-0.18564147888270982,-1.0,0.27574750830564787
2024-12-28,38.44321060180664,37.55708312988281,38.70489501953125,36.86431503295898,33305317.0,-0.2141197905761258,-1.0,0.27574750830564787
2024-12-29,37.00968551635742,38.44321060180664,39.23515319824219,36.2001838684082,34376100.0,-0.19352907923020832,-1.0,0.27574750830564787
2024-12-30,37.74967193603516,37.00968551635742,39.884395599365234,36.85892868041992,49259163.0,-0.2172880152421272,-1.0,0.27574750830564787
2024-12-31,37.51678466796875,37.74967193603516,39.0141487121582,36.66073989868164,48119530.0,-0.2206958314023728,-1.0,0.27574750830564787
2025-01-01,38.04741668701172,37.51678466796875,38.47460174560547,36.906211853027344,32525679.0,-0.24015794413217356,-1.0,0.27574750830564787
2025-01-02,40.193660736083984,38.04745864868164,40.215702056884766,37.88075256347656,38402900.0,-0.2883914473077096,-1.0,0.27574750830564787
2025-01-03,43.69411087036133,40.19913101196289,45.12464141845703,40.09565734863281,83777905.0,-0.35372598684116163,-1.0,0.27574750830564787
2025-01-04,45.05058288574219,43.69411087036133,45.50497817993164,43.08844757080078,39796333.0,-0.381811501342041,-1.0,0.27574750830564787
2025-01-05,44.18301773071289,45.05058288574219,45.93784713745117,44.11954879760742,31484061.0,-0.37816786760597215,-1.0,0.27574750830564787
2025-01-06,44.42955017089844,44.18301773071289,45.70975875854492,43.17234420776367,36152979.0,-0.3904325008948128,-1.0,0.27574750830564787
2025-01-07,42.26193237304688,44.42935943603516,47.32891082763672,41.40502548217773,46584314.0,-0.3668608582165077,-1.0,0.27574750830564787
2025-01-08,43.87160873413086,42.26193237304688,44.005149841308594,40.26815414428711,43582412.0,-0.39684185229778635,-1.0,0.27574750830564787
2025-01-09,37.62005615234375,43.87160873413086,43.9056396484375,37.594085693359375,38001606.0,-0.30211576427668835,-1.0,0.27574750830564787
2025-01-10,41.351837158203125,37.61981964111328,42.07546615600586,37.47370910644531,45362623.0,-0.37066418535500517,-1.0,0.27574750830564787
2025-01-11,39.60263442993164,41.35110855102539,41.81279373168945,39.21769332885742,29140463.0,-0.3483503131489754,-1.0,0.27574750830564787
2025-01-12,38.44802474975586,39.60263442993164,39.6608772277832,38.091758728027344,28294623.0,-0.3342856577080745,-1.0,0.27574750830564787
2025-01-13,37.83549118041992,38.44802474975586,39.34189224243164,34.32667541503906,31652812.0,-0.3292764661288822,-1.0,0.27574750830564787
2025-01-14,37.66930770874024,37.83549118041992,38.54969024658203,36.91820907592773,22228198.0,-0.3311041220484342,-1.0,0.27574750830564787
2025-01-15,39.79642105102539,37.66930770874024,39.8263053894043,36.778587341308594,23895022.0,-0.3729907451466212,-1.0,0.27574750830564787
2025-01-16,38.20965576171875,39.79684448242188,39.9059944152832,37.8160400390625,22772906.0,-0.35355956437452407,-1.0,0.27574750830564787
2025-01-17,41.039676666259766,38.20965576171875,41.23293685913086,38.19969177246094,24514859.0,-0.40567063679091137,-1.0,0.27574750830564787
2025-01-18,38.734649658203125,41.039676666259766,41.32707214355469,37.89754104614258,25441081.0,-0.37756149046308524,-1.0,0.27574750830564787
2025-01-19,34.10879135131836,38.734649658203125,39.52314758300781,33.83356475830078,34488474.0,-0.29892502402158627,-1.0,0.27574750830564787
2025-01-20,36.14474868774414,34.10879135131836,37.5996208190918,33.196929931640625,38623680.0,-0.3450078335475158,-1.0,0.27574750830564787
2025-01-21,40.012489318847656,36.14474868774414,40.76608276367188,35.11050033569336,30582706.0,-0.4163454970156129,-1.0,0.27574750830564787
2025-01-22,41.357608795166016,40.012489318847656,43.500587463378906,39.89601135253906,122067828.0,-0.44362796337466365,-1.0,0.27574750830564787
2025-01-23,41.707157135009766,41.355594635009766,43.51084518432617,40.297950744628906,51964228.0,-0.456512177727261,-1.0,0.27574750830564787
2025-01-24,41.62031936645508,41.707157135009766,42.262939453125,40.37888717651367,43375723.0,-0.4637846407962591,-1.0,0.27574750830564787
2025-01-25,41.464298248291016,41.62066268920898,42.27667617797852,39.82693862915039,36282782.0,-0.4708193762277592,-1.0,0.27574750830564787
2025-01-26,39.55965423583984,41.46449661254883,42.110965728759766,39.54782485961914,32884522.0,-0.45392757703329195,-1.0,0.27574750830564787
2025-01-27,37.61540985107422,39.55965423583984,39.572872161865234,35.451114654541016,49185733.0,-0.4346039662306546,-1.0,0.27574750830564787
2025-01-28,35.63731384277344,37.61540985107422,40.03341674804688,35.18722915649414,43174201.0,-0.41102939470180316,-1.0,0.27574750830564787
2025-01-29,36.48027801513672,35.63731384277344,38.18198776245117,35.550514221191406,21610587.0,-0.4327436616289633,-1.0,0.27574750830564787
2025-01-30,37.72379684448242,36.4820671081543,39.57442855834961,36.27182769775391,23590682.0,-0.459595368384608,-1.0,0.27574750830564787
2025-01-31,38.473514556884766,37.72379684448242,39.89836883544922,37.26886367797852,20654677.0,-0.4778680674013084,-1.0,0.27574750830564787
2025-02-01,34.96110916137695,38.472923278808594,38.89250946044922,34.70429611206055,19570744.0,-0.4331903859757308,-1.0,0.27574750830564787
2025-02-02,29.672243118286133,34.96110916137695,35.67827224731445,28.45722007751465,27721344.0,-0.3389184820376432,-1.0,0.27574750830564787
2025-02-03,28.375337600708008,29.672243118286133,29.70905876159668,24.186378479003903,41341347.0,-0.3152279178072464,-1.0,0.27574750830564787
2025-02-04,24.60472869873047,28.375337600708008,28.38569450378418,23.48711395263672,27745011.0,-0.21585214894430912,-1.0,0.27574750830564787
2025-02-05,23.26312828063965,24.60472869873047,25.291358947753903,22.963409423828125,21048493.0,-0.17544492668400738,-1.0,0.27574750830564787
2025-02-06,21.72812461853028,23.26312828063965,23.89272117614746,21.612409591674805,19035846.0,-0.12087270261585446,-1.0,0.27574750830564787
2025-02-07,20.35337829589844,21.72812461853028,23.03801155090332,19.8537654876709,20307921.0,-0.06398859237807648,0.0,0.44850498338870437
2025-02-08,21.12461853027344,20.35337829589844,21.30660057067871,20.113300323486328,18406212.0,-0.10086397678381978,0.0,0.44850498338870437
2025-02-09,20.380231857299805,21.12461853027344,21.66050720214844,19.194297790527344,18902106.0,-0.0700585161096371,0.0,0.44850498338870437
2025-02-10,23.46378898620605,20.380231857299805,26.755035400390625,19.509218215942383,51585355.0,-0.1951046600432509,-1.0,0.27574750830564787
2025-02-11,24.71380043029785,23.46378898620605,28.64573097229004,23.205223083496094,59039736.0,-0.23909516429996167,-1.0,0.27574750830564787
2025-02-12,27.56865119934082,24.71380043029785,28.04351043701172,24.70283317565918,47373487.0,-0.32230528941720177,-1.0,0.27574750830564787
2025-02-13,26.20417594909668,27.56865119934082,27.991918563842773,25.27531814575196,21157919.0,-0.29114255355260454,-1.0,0.27574750830564787
2025-02-14,26.61349105834961,26.20417594909668,27.494014739990234,25.96415328979492,18007492.0,-0.30486183297904634,-1.0,0.27574750830564787
2025-02-15,26.72283172607422,26.611387252807617,26.89543914794922,25.83568382263184,16419325.0,-0.3112972479736619,-1.0,0.27574750830564787
2025-02-16,25.671274185180664,26.72283172607422,27.518442153930664,25.58842086791992,19161310.0,-0.28612292954748575,-1.0,0.27574750830564787
2025-02-17,25.07857322692871,25.671274185180664,26.416975021362305,24.544511795043945,18895649.0,-0.27191412892900135,-1.0,0.27574750830564787
2025-02-18,23.78834724426269,25.07828140258789,25.16603279113769,23.241247177124023,20557528.0,-0.23471968881323427,-1.0,0.27574750830564787
2025-02-19,24.0428466796875,23.78834724426269,24.73730087280273,23.53874397277832,20151872.0,-0.24456911183577995,-1.0,0.27574750830564787
2025-02-20,23.7724838256836,24.0428466796875,24.49616813659668,23.12154769897461,21211192.0,-0.23819188968363025,-1.0,0.27574750830564787
2025-02-21,22.296485900878903,23.7724838256836,24.91546440124512,22.159557342529297,26525574.0,-0.19010351680975968,-1.0,0.27574750830564787
2025-02-22,23.969715118408203,22.296485900878903,24.03524208068848,22.235546112060547,19233231.0,-0.2501324054396583,-1.0,0.27574750830564787
2025-02-23,23.42203521728516,23.970766067504883,24.02606964111328,23.035823822021484,18512128.0,-0.23592399018804974,-1.0,0.27574750830564787
2025-02-24,19.211957931518555,23.42203521728516,23.502197265625,19.210346221923828,29304191.0,-0.06969347669474102,0.0,0.44850498338870437
2025-02-25,19.31900787353516,19.211503982543945,19.74829292297364,17.675256729125977,37256571.0,-0.07605333429900626,0.0,0.44850498338870437
2025-02-26,18.0576286315918,19.31900787353516,19.4867000579834,17.137060165405273,35218016.0,-0.007751823530768549,0.0,0.44850498338870437
2025-02-27,18.02619743347168,18.0576286315918,18.48063468933105,17.380996704101562,23576085.0,-0.0011193180797594625,0.0,0.44850498338870437
2025-02-28,17.760793685913086,18.02619743347168,18.18692207336425,16.62557029724121,26339682.0,0.020539111195926107,1.0,0.27574750830564787
2025-03-01,17.72428321838379,17.76078987121582,18.079721450805664,17.12786293029785,19295152.0,0.028047804128214865,1.0,0.27574750830564787
2025-03-02,18.899282455444336,17.72428321838379,19.34112548828125,17.00369644165039,30802591.0,-0.03206956646434654,0.0,0.44850498338870437
2025-03-03,15.730015754699709,18.899282455444336,18.901216506958008,15.24074363708496,29302375.0,0.17151589072722612,1.0,0.27574750830564787
2025-03-04,14.293764114379885,15.730010032653809,15.818655014038086,13.380720138549805,34879283.0,0.2984505946360491,1.0,0.27574750830564787
2025-03-05,14.57198715209961,14.293764114379885,15.09228515625,14.155155181884766,21943882.0,0.2806048607799931,1.0,0.27574750830564787
2025-03-06,14.21603298187256,14.572303771972656,15.010379791259766,13.921998977661133,18169150.0,0.3197393292974029,1.0,0.27574750830564787
2025-03-07,13.787492752075195,14.213885307312012,14.375624656677246,13.384822845458984,21821955.0,0.36778476299696683,1.0,0.27574750830564787
2025-03-08,13.475865364074709,13.787492752075195,13.828113555908203,13.367939949035645,17001478.0,0.40837870318627084,1.0,0.27574750830564787
2025-03-09,11.947978973388672,13.476391792297363,13.610520362854004,11.552090644836426,21102095.0,0.5995101499510782,1.0,0.27574750830564787
2025-03-10,11.128535270690918,11.948293685913086,12.629694938659668,10.612788200378418,25264879.0,0.7302238550948441,1.0,0.27574750830564787
2025-03-11,16.44154167175293,11.127222061157228,21.08521842956543,10.296735763549805,171840910.0,0.17655859175683553,1.0,0.27574750830564787
2025-03-12,15.497273445129396,16.442041397094727,17.731395721435547,15.0316162109375,148304755.0,0.25615155632808273,1.0,0.27574750830564787
2025-03-13,14.833301544189451,15.497273445129396,15.544119834899902,14.10376262664795,40717996.0,0.3194307700525469,1.0,0.27574750830564787
2025-03-14,18.334566116333008,14.833301544189451,19.82855796813965,14.54982566833496,111937390.0,0.07025642388590721,1.0,0.27574750830564787
2025-03-15,17.865421295166016,18.33436584472656,19.433090209960938,16.724090576171875,91824083.0,0.1014998371969274,1.0,0.27574750830564787
2025-03-16,17.458833694458008,17.865453720092773,19.96769142150879,17.203874588012695,75139523.0,0.1312533675897563,1.0,0.27574750830564787
2025-03-17,17.534440994262695,17.45878028869629,18.04951286315918,17.001129150390625,35523326.0,0.13058259679771025,1.0,0.27574750830564787
2025-03-18,16.625215530395508,17.534440994262695,17.796361923217773,16.3142147064209,30521542.0,0.19934372028282102,1.0,0.27574750830564787
2025-03-19,19.1779727935791,16.625215530395508,19.63149642944336,16.215612411499023,52925559.0,0.043475724366740943,1.0,0.27574750830564787
2025-03-20,22.843870162963867,19.1779727935791,23.012645721435547,18.85077667236328,126425923.0,-0.12546257619051293,-1.0,0.27574750830564787
2025-03-21,22.91779327392578,22.843870162963867,24.56893539428711,22.007644653320312,106202840.0,-0.12906485000711587,-1.0,0.27574750830564787
2025-03-22,25.003944396972656,22.91805458068848,27.931690216064453,22.395322799682617,128772866.0,-0.20348017884622532,-1.0,0.27574750830564787
2025-03-23,24.18514060974121,25.003944396972656,25.1152572631836,23.760238647460938,48356268.0,-0.1775037995492126,-1.0,0.27574750830564787
2025-03-24,23.421384811401367,24.17615127563477,25.63252258300781,23.300546646118164,51487024.0,-0.15134013117865056,-1.0,0.27574750830564787
2025-03-25,22.339942932128903,23.421384811401367,23.51644325256348,22.10104751586914,34461954.0,-0.11052001959749372,0.0,0.44850498338870437
2025-03-26,24.867319107055664,22.339942932128903,25.8596305847168,21.89956283569336,88522877.0,-0.2036787704121104,-1.0,0.27574750830564787
2025-03-27,22.463876724243164,24.863807678222656,25.572738647460938,22.42044448852539,50479671.0,-0.12061374235713956,-1.0,0.27574750830564787
2025-03-28,20.28515243530273,22.463876724243164,22.701732635498047,20.1721248626709,30792606.0,-0.026959029126707647,0.0,0.44850498338870437
2025-03-29,19.08778190612793,20.28275680541992,20.80779266357422,18.7585506439209,27585061.0,0.033790281226474296,1.0,0.27574750830564787
2025-03-30,18.773191452026367,19.087520599365234,19.460697174072266,18.495813369750977,22764204.0,0.0523913246773885,1.0,0.27574750830564787
2025-03-31,20.11344718933105,18.773191452026367,21.22304344177246,18.30725860595703,46773287.0,-0.01688354336966643,0.0,0.44850498338870437
2025-04-01,19.2259578704834,20.11344718933105,21.03420829772949,19.06479454040528,36369407.0,0.02930741103621341,1.0,0.27574750830564787
2025-04-02,17.21739387512207,19.2259578704834,19.34781074523925,16.903369903564453,38128926.0,0.15063180918437716,1.0,0.27574750830564787
2025-04-03,16.986679077148438,17.217334747314453,17.67061996459961,16.166967391967773,23579687.0,0.1674089456563426,1.0,0.27574750830564787
2025-04-04,17.362319946289062,16.986679077148438,18.369977951049805,16.656911849975586,32075811.0,0.1426307861007857,1.0,0.27574750830564787
2025-04-05,16.779016494750977,17.362319946289062,17.5524845123291,16.50400733947754,16892661.0,0.18354206993578526,1.0,0.27574750830564787
2025-04-06,14.814356803894045,16.778881072998047,16.779699325561523,14.153997421264648,23607535.0,0.3429510091810916,1.0,0.27574750830564787
2025-04-07,15.443299293518066,14.813831329345703,16.39518928527832,13.872082710266112,40178707.0,0.2890744714174239,1.0,0.27574750830564787
2025-04-08,13.84228801727295,15.443303108215332,15.844786643981934,13.815875053405762,23539131.0,0.4412414669589436,1.0,0.27574750830564787
2025-04-09,15.87991428375244,13.84228801727295,15.955378532409668,13.39326286315918,37867194.0,0.2568586098728528,1.0,0.27574750830564787
2025-04-10,15.488320350646973,15.87987232208252,16.906824111938477,15.1893892288208,38686610.0,0.28884428561883896,1.0,0.27574750830564787
2025-04-11,15.88743495941162,15.488320350646973,16.4766788482666,15.39569091796875,24866750.0,0.25524548553918464,1.0,0.27574750830564787
2025-04-12,17.32516860961914,15.88743495941162,18.24473190307617,15.506406784057615,32396474.0,0.14887454276139048,1.0,0.27574750830564787
2025-04-13,15.652111053466797,17.32516860961914,18.13785171508789,15.515949249267578,29323072.0,0.2727203596936197,1.0,0.27574750830564787
2025-04-14,15.435233116149902,15.652156829833984,16.603384017944336,15.432613372802734,20227822.0,0.29237575099516183,1.0,0.27574750830564787
2025-04-15,15.230929374694824,15.435233116149902,15.859807014465332,15.140235900878906,15883049.0,0.3108320412728353,1.0,0.27574750830564787
2025-04-16,14.885263442993164,15.230929374694824,15.564071655273438,14.833954811096191,15899482.0,0.34298149372983333,1.0,0.27574750830564787
2025-04-17,15.31008529663086,14.885263442993164,16.09607696533203,14.836799621582031,16126208.0,0.3070323340510041,1.0,0.27574750830564787
2025-04-18,16.052173614501953,15.31008529663086,16.530847549438477,15.188085556030272,18327731.0,0.2474454285729501,1.0,0.27574750830564787
2025-04-19,16.747060775756836,16.052173614501953,16.7517032623291,16.00485610961914,11247836.0,0.19667887826253502,1.0,0.27574750830564787
2025-04-20,17.07131576538086,16.747060775756836,17.394088745117188,16.274860382080078,17688156.0,0.17383219791232857,1.0,0.27574750830564787
2025-04-21,17.434978485107422,17.07131576538086,18.43124961853028,17.071256637573242,23773147.0,0.1484039096931784,1.0,0.27574750830564787
2025-04-22,18.74025535583496,17.43486785888672,18.8032283782959,17.01138687133789,19774821.0,0.0676848045934162,1.0,0.27574750830564787
2025-04-23,18.95966529846192,18.74025535583496,19.437122344970703,18.50194931030273,23943315.0,0.05439528839051225,1.0,0.27574750830564787
2025-04-24,18.926448822021484,18.95966529846192,18.972412109375,17.62299919128418,18429765.0,0.05484711925927114,1.0,0.27574750830564787
2025-04-25,18.5288028717041,18.926448822021484,19.459606170654297,18.20786666870117,19346705.0,0.07637793514873743,1.0,0.27574750830564787
2025-04-26,21.290489196777344,18.52906990051269,22.018966674804688,18.52830696105957,48126489.0,-0.06582814493615777,0.0,0.44850498338870437
2025-04-27,19.90927124023437,21.290489196777344,21.52840232849121,19.661245346069336,23324666.0,-0.002903639488416302,0.0,0.44850498338870437
2025-04-28,20.136558532714844,19.90885353088379,21.02213859558105,19.01495742797852,20714041.0,-0.01604141373019509,0.0,0.44850498338870437
2025-04-29,20.337251663208008,20.136558532714844,21.05768775939941,19.91533470153809,16723908.0,-0.02704227354641018,0.0,0.44850498338870437
2025-04-30,19.91167259216309,20.33721351623535,20.717363357543945,19.105302810668945,13264371.0,-0.006464319211994321,0.0,0.44850498338870437
2025-05-01,21.05766868591309,19.91193962097168,21.764453887939453,19.84597396850586,17902954.0,-0.0620761848122304,0.0,0.44850498338870437
2025-05-02,20.03518295288086,21.05815887451172,21.40604019165039,19.63322639465332,14672240.0,-0.015245945223825039,0.0,0.44850498338870437
2025-05-03,18.588478088378903,20.03518295288086,20.052568435668945,18.493825912475582,8931254.0,0.06177048083283813,1.0,0.27574750830564787
2025-05-04,18.02467918395996,18.588478088378903,18.67595291137696,17.838706970214844,8804516.0,0.09788220015611604,1.0,0.27574750830564787
2025-05-05,17.891319274902344,18.02467918395996,18.4429874420166,17.66974449157715,9088370.0,0.11073466037895896,1.0,0.27574750830564787
2025-05-06,17.564373016357422,17.891319274902344,17.975027084350586,16.770984649658203,11283051.0,0.1360280714037319,1.0,0.27574750830564787
2025-05-07,17.666349411010742,17.564373016357422,18.17113304138184,17.35500717163086,11830075.0,0.1337207444410478,1.0,0.27574750830564787
2025-05-08,22.879676818847656,17.666231155395508,22.9189682006836,17.666231155395508,31735070.0,-0.12478240445562785,-1.0,0.27574750830564787
2025-05-09,24.3005599975586,22.879676818847656,26.62317657470703,22.63155174255371,63269860.0,-0.1766498399935763,-1.0,0.27574750830564787
2025-05-10,26.24985313415528,24.3005599975586,26.439416885375977,24.04823875427246,29500029.0,-0.23731815270932755,-1.0,0.27574750830564787
2025-05-11,24.52791786193848,26.24985313415528,26.252002716064453,23.94829368591309,21607355.0,-0.1822201354262502,-1.0,0.27574750830564787
2025-05-12,23.995677947998047,24.52807807922364,26.058837890625,22.967491149902344,28129095.0,-0.1608768514995064,-1.0,0.27574750830564787
2025-05-13,25.29888153076172,23.995677947998047,25.873565673828125,22.799392700195312,23083491.0,-0.201578390949744,-1.0,0.27574750830564787
2025-05-14,23.65036392211914,25.29888153076172,25.630937576293945,23.41335868835449,16137362.0,-0.14383115104573627,-1.0,0.27574750830564787
2025-05-15,21.75797271728516,23.65036392211914,23.88770294189453,21.17396354675293,18389800.0,-0.06468085818397493,0.0,0.44850498338870437
2025-05-16,21.351551055908203,21.758041381835938,22.4893856048584,21.11090660095215,14638059.0,-0.04161876497532959,0.0,0.44850498338870437
2025-05-17,20.664884567260746,21.351551055908203,21.37197494506836,20.21858787536621,15900527.0,-0.004045718326309353,0.0,0.44850498338870437
2025-05-18,22.052614212036133,20.664884567260746,22.41144180297852,20.634262084960938,16671641.0,-0.06361033569216896,0.0,0.44850498338870437
2025-05-19,21.305200576782227,22.05130386352539,22.201330184936523,20.104394912719727,16175417.0,-0.02756831755282217,0.0,0.44850498338870437
2025-05-20,21.348527908325195,21.305200576782227,21.84889030456543,20.590518951416016,13768988.0,-0.02615143526031042,0.0,0.44850498338870437
2025-05-21,22.80171585083008,21.348527908325195,24.361024856567383,21.111377716064453,37244039.0,-0.08747430253781552,0.0,0.44850498338870437
2025-05-22,24.1938533782959,22.80171585083008,24.68092155456543,22.46494483947754,23836293.0,-0.14063156232318197,-1.0,0.27574750830564787
2025-05-23,22.25921440124512,24.192901611328125,25.021329879760746,22.14866065979004,26962122.0,-0.0661646743807289,0.0,0.44850498338870437
2025-05-24,21.96782684326172,22.25921440124512,22.707029342651367,21.877498626708984,11883322.0,-0.052911897346451665,0.0,0.44850498338870437
2025-05-25,21.84649658203125,21.96782684326172,22.01350784301757,20.52310371398925,14876146.0,-0.04639417232188743,0.0,0.44850498338870437
2025-05-26,22.542842864990234,21.84606170654297,22.885873794555664,21.71059799194336,16228644.0,-0.07574340303251711,0.0,0.44850498338870437
2025-05-27,22.77206993103028,22.542842864990234,23.984525680541992,21.788074493408203,17122462.0,-0.08524091784772674,0.0,0.44850498338870437
2025-05-28,24.80541038513184,22.77206993103028,25.102407455444336,22.24510765075684,37985724.0,-0.16092534160732724,-1.0,0.27574750830564787
2025-05-29,24.318458557128903,24.80541038513184,25.648113250732425,23.25381851196289,43447314.0,-0.14419907597753634,-1.0,0.27574750830564787
2025-05-30,20.43486213684082,24.318330764770508,24.58014678955078,20.433996200561523,33237794.0,0.0230283922956086,1.0,0.27574750830564787
2025-05-31,21.646350860595703,20.43598365783692,22.673831939697266,20.065597534179688,21340334.0,-0.03089043158385875,0.0,0.44850498338870437
2025-06-01,21.89596176147461,21.646350860595703,22.20193672180176,20.81319236755371,13212811.0,-0.040046163675099875,0.0,0.44850498338870437
2025-06-02,22.48461532592773,21.895883560180664,22.49234390258789,20.853515625,14608585.0,-0.06268422346422405,0.0,0.44850498338870437
2025-06-03,22.32820510864257,22.48461532592773,23.117305755615234,21.7732162475586,14984083.0,-0.05321382551567269,0.0,0.44850498338870437
2025-06-04,21.924070358276367,22.32820510864257,22.77425575256348,21.740673065185547,11313372.0,-0.03398965438073266,0.0,0.44850498338870437
2025-06-05,19.99971008300781,21.924070358276367,21.926225662231445,19.60041618347168,15188103.0,0.06166510043314009,1.0,0.27574750830564787
2025-06-06,19.05945205688477,19.99971008300781,20.297420501708984,18.936466217041016,16658834.0,0.11802557561290195,1.0,0.27574750830564787
2025-06-07,19.13920783996582,19.0594425201416,19.4404411315918,18.873130798339844,20950398.0,0.1170888525744869,1.0,0.27574750830564787
2025-06-08,18.69579124450684,19.13920783996582,19.211889266967773,18.69436264038086,11016423.0,0.1471902133519862,1.0,0.27574750830564787
2025-06-09,20.475799560546875,18.69579124450684,20.91339111328125,18.37571907043457,19808375.0,0.04857828611610583,1.0,0.27574750830564787
2025-06-10,21.32876205444336,20.475799560546875,22.35744285583496,20.188539505004883,26683853.0,0.007669604267991233,0.0,0.44850498338870437
2025-06-11,20.330717086791992,21.32876205444336,22.370943069458008,20.099504470825195,26725732.0,0.05801499099654134,1.0,0.27574750830564787
2025-06-12,18.74106407165528,20.330717086791992,20.330717086791992,18.68350982666016,18135333.0,0.15203891587920307,1.0,0.27574750830564787
2025-06-13,18.372602462768555,18.74106407165528,19.31045913696289,17.53208351135254,26337065.0,0.17892021564797012,1.0,0.27574750830564787
2025-06-14,17.953052520751953,18.372602462768555,18.52756690979004,17.66433334350586,11070643.0,0.21037062560348757,1.0,0.27574750830564787
2025-06-15,18.19551086425781,17.953052520751953,18.29574203491211,17.84560203552246,7859006.0,0.19591087462381493,1.0,0.27574750830564787
2025-06-16,17.390485763549805,18.19551086425781,18.96843719482422,17.390085220336914,14351021.0,0.2543155069575653,1.0,0.27574750830564787
2025-06-17,16.338428497314453,17.390485763549805,17.454185485839844,15.9273099899292,19612180.0,0.33851038590501786,1.0,0.27574750830564787
2025-06-18,16.8609676361084,16.338428497314453,16.94949722290039,15.945232391357422,13577541.0,0.2998924480958966,1.0,0.27574750830564787
2025-06-19,16.49956703186035,16.8609676361084,17.161083221435547,16.303346633911133,10412275.0,0.330829485192444,1.0,0.27574750830564787
2025-06-20,15.717379570007324,16.499685287475586,16.7623233795166,15.465645790100098,11462656.0,0.40040246857073203,1.0,0.27574750830564787
2025-06-21,14.509881019592283,15.717379570007324,15.985896110534668,14.164822578430176,12455488.0,0.5211496479719114,1.0,0.27574750830564787
2025-06-22,14.613973617553713,14.509881019592283,14.929937362670898,13.842196464538574,20242449.0,0.5137916755185059,1.0,0.27574750830564787
2025-06-23,16.81049346923828,14.613973617553713,16.885770797729492,14.613973617553713,23174481.0,0.31714621903615847,1.0,0.27574750830564787
2025-06-24,17.37783432006836,16.81049346923828,17.407302856445312,16.723127365112305,17057707.0,0.2754246523726978,1.0,0.27574750830564787
2025-06-25,16.442846298217773,17.37783432006836,17.47644805908203,16.396486282348633,12789871.0,0.3497407479105731,1.0,0.27574750830564787
2025-06-26,16.691722869873047,16.442846298217773,17.00227165222168,16.294443130493164,13627738.0,0.33140645807593605,1.0,0.27574750830564787
2025-06-27,16.740251541137695,16.691722869873047,16.978500366210938,16.403322219848633,9197757.0,0.32927707449038046,1.0,0.27574750830564787
2025-06-28,17.005992889404297,16.740251541137695,17.020240783691406,16.567846298217773,6866778.0,0.31030303142699817,1.0,0.27574750830564787
2025-06-29,17.928735733032227,17.005992889404297,18.284337997436523,16.746936798095703,12310161.0,0.24469601714366482,1.0,0.27574750830564787
2025-06-30,16.92975616455078,17.928735733032227,17.928848266601562,16.837692260742188,11418151.0,0.32070731744579684,1.0,0.27574750830564787
2025-07-01,16.266130447387695,16.92975616455078,17.05984115600586,16.188228607177734,9983937.0,0.3786593999881358,1.0,0.27574750830564787
2025-07-02,17.766733169555664,16.266130447387695,18.0730209350586,16.176603317260742,11642160.0,0.2649298060100944,1.0,0.27574750830564787
2025-07-03,17.702672958374023,17.766733169555664,18.464189529418945,17.563444137573242,15046525.0,0.27311489024828084,1.0,0.27574750830564787
2025-07-04,17.046955108642578,17.702672958374023,17.828933715820312,16.660497665405273,10799585.0,0.3272052898775799,1.0,0.27574750830564787
2025-07-05,17.072206497192383,17.046955108642578,17.517980575561523,16.845380783081055,8947573.0,0.329928354772789,1.0,0.27574750830564787
2025-07-06,17.3841552734375,17.072206497192383,17.709625244140625,16.916645050048828,10461838.0,0.3096191916156976,1.0,0.27574750830564787
2025-07-07,17.245784759521484,17.3841552734375,17.91167640686035,17.09046745300293,9600209.0,0.32366550342638867,1.0,0.27574750830564787
2025-07-08,17.444080352783203,17.245784759521484,17.647520065307617,17.03420639038086,13004162.0,0.31140100256710185,1.0,0.27574750830564787
2025-07-09,18.47325134277344,17.444080352783203,18.56092834472656,17.35095977783203,15247039.0,0.2405425118419281,1.0,0.27574750830564787
2025-07-10,19.60431671142578,18.47325134277344,19.635326385498047,18.342321395874023,17302624.0,0.16939638012541405,1.0,0.27574750830564787
2025-07-11,18.752424240112305,19.60431671142578,20.582897186279297,18.531503677368164,23783543.0,0.2234658028651617,1.0,0.27574750830564787
2025-07-12,18.56113052368164,18.752424240112305,19.25440216064453,17.9447078704834,17704667.0,0.23684326929666996,1.0,0.27574750830564787
2025-07-13,19.083324432373047,18.56113052368164,19.37339782714844,18.516735076904297,12704672.0,0.20209044766258857,1.0,0.27574750830564787
2025-07-14,21.73635482788086,19.083324432373047,24.74961471557617,19.0346794128418,102631852.0,0.05239000567787022,1.0,0.27574750830564787
2025-07-15,23.82223320007324,21.73635482788086,23.881650924682617,21.238075256347656,78999456.0,-0.04382801487052968,0.0,0.44850498338870437
2025-07-16,23.32335090637207,23.82223320007324,24.598451614379883,23.278806686401367,34023952.0,-0.02818832014526608,0.0,0.44850498338870437
2025-07-17,22.997455596923828,23.32335090637207,23.99489974975586,22.216646194458008,25108660.0,-0.018564930720014767,0.0,0.44850498338870437
2025-07-18,22.594890594482425,22.997455596923828,23.89777946472168,21.96149635314941,37708838.0,-0.005131784780213063,0.0,0.44850498338870437
2025-07-19,23.10593032836914,22.594989776611328,23.30154228210449,21.92466354370117,13122307.0,-0.03133030126808793,0.0,0.44850498338870437
2025-07-20,27.131425857543945,23.10593032836914,29.603174209594727,22.94426727294922,82074278.0,-0.1808840593510337,-1.0,0.27574750830564787
2025-07-21,27.236629486083984,27.131425857543945,29.12803268432617,26.170005798339844,54809142.0,-0.1900465271187467,-1.0,0.27574750830564787
2025-07-22,29.454973220825195,27.236629486083984,31.319366455078125,26.19432830810547,67798877.0,-0.2566854201117566,-1.0,0.27574750830564787
2025-07-23,29.83186721801757,29.454973220825195,30.87492561340332,28.39725875854492,46835639.0,-0.27082890823662886,-1.0,0.27574750830564787
2025-07-24,27.167076110839844,29.83212661743164,29.86396598815918,26.83497428894043,38748768.0,-0.20329217381516315,-1.0,0.27574750830564787
2025-07-25,28.995962142944336,27.167076110839844,29.1655502319336,26.27975845336914,32884393.0,-0.25838357246368016,-1.0,0.27574750830564787
2025-07-26,29.3232536315918,28.995962142944336,30.866491317749023,28.75742721557617,23509082.0,-0.27177073903152776,-1.0,0.27574750830564787
2025-07-27,29.06804656982422,29.3232536315918,29.82833480834961,28.62420082092285,15955001.0,-0.270207330438641,-1.0,0.27574750830564787
2025-07-28,26.92035675048828,29.06804656982422,30.137317657470703,26.77899742126465,25598723.0,-0.21674918242815638,-1.0,0.27574750830564787
2025-07-29,26.13405418395996,26.92095375061035,29.48023796081543,25.677021026611328,28059891.0,-0.19714956535057393,-1.0,0.27574750830564787
2025-07-30,26.487594604492188,26.13405418395996,27.51610374450684,24.74401092529297,24717737.0,-0.21263070701662887,-1.0,0.27574750830564787
2025-07-31,24.00292205810547,26.487594604492188,27.1784896850586,23.91743469238281,19323934.0,-0.13806684945407743,-1.0,0.27574750830564787
2025-08-01,23.07789802551269,24.00292205810547,24.55457878112793,22.527189254760746,18442368.0,-0.10996419216603341,0.0,0.44850498338870437
2025-08-02,21.904693603515625,23.07789802551269,23.336257934570312,21.41667366027832,12412109.0,-0.06719452703503911,0.0,0.44850498338870437
2025-08-03,23.318723678588867,21.904693603515625,23.338037490844727,21.679946899414062,13681235.0,-0.1289490734591149,-1.0,0.27574750830564787
2025-08-04,23.79750633239746,23.31863212585449,24.062349319458008,23.19780158996582,12617500.0,-0.15221166007769785,-1.0,0.27574750830564787
2025-08-05,22.715002059936523,23.79750633239746,23.858583450317383,22.3198471069336,11817623.0,-0.1175082779779401,-1.0,0.27574750830564787
2025-08-06,22.458715438842773,22.715002059936523,22.857276916503903,22.000417709350582,11380690.0,-0.11349747570099919,0.0,0.44850498338870437
2025-08-07,23.572385787963867,22.458715438842773,23.630104064941406,21.889110565185547,12355277.0,-0.16212891174011088,-1.0,0.27574750830564787
2025-08-08,24.188390731811523,23.572385787963867,24.69365119934082,22.92465209960937,16273435.0,-0.190335837961206,-1.0,0.27574750830564787
2025-08-09,27.08648681640625,24.188390731811523,27.608402252197266,24.028051376342773,31691197.0,-0.2845033899924894,-1.0,0.27574750830564787
2025-08-10,26.775503158569336,27.08648681640625,28.25913619995117,25.777944564819336,20549507.0,-0.2835599565196595,-1.0,0.27574750830564787
2025-08-11,24.83726119995117,26.775503158569336,27.401222229003903,24.673852920532227,16664292.0,-0.23482812140363493,-1.0,0.27574750830564787
2025-08-12,26.465740203857425,24.83726119995117,26.73971366882324,24.11223793029785,18368262.0,-0.2897045976422183,-1.0,0.27574750830564787
2025-08-13,26.932641983032227,26.465740203857425,27.228515625,25.417585372924805,29324481.0,-0.3098348669303062,-1.0,0.27574750830564787
2025-08-14,24.681915283203125,26.93069839477539,27.39737892150879,24.15792655944824,26054484.0,-0.25403587327393484,-1.0,0.27574750830564787
2025-08-15,23.84190559387207,24.681915283203125,25.27374649047852,23.44717788696289,14759592.0,-0.23447836371932895,-1.0,0.27574750830564787
2025-08-16,24.45265769958496,23.84190559387207,24.540283203125,23.37662696838379,9205806.0,-0.2596418309596037,-1.0,0.27574750830564787
2025-08-17,24.197309494018555,24.45265769958496,25.36894798278809,24.194555282592773,12828074.0,-0.2579277363311987,-1.0,0.27574750830564787
2025-08-18,23.48353576660156,24.197309494018555,24.23245048522949,22.810577392578125,13183862.0,-0.2415738714350563,-1.0,0.27574750830564787
2025-08-19,22.098154067993164,23.48353576660156,23.89146423339844,22.088510513305664,14883390.0,-0.1996589110508372,-1.0,0.27574750830564787
2025-08-20,22.881277084350582,22.098154067993164,23.0295639038086,21.722978591918945,14642097.0,-0.23364562404592898,-1.0,0.27574750830564787
2025-08-21,21.598651885986328,22.881277084350582,22.943628311157227,21.533082962036133,13001915.0,-0.1942230441961829,-1.0,0.27574750830564787
2025-08-22,24.43751335144043,21.598651885986328,24.904333114624023,21.02548789978028,25158247.0,-0.29427177588534315,-1.0,0.27574750830564787
2025-08-23,23.29981231689453,24.43751335144043,24.450822830200195,23.114213943481445,12437934.0,-0.2664431033446593,-1.0,0.27574750830564787
2025-08-24,22.92411422729492,23.30000114440918,24.10112953186035,22.419984817504883,17955299.0,-0.2619914506557872,-1.0,0.27574750830564787
2025-08-25,20.351205825805664,22.92411422729492,23.07350730895996,19.996612548828125,18328940.0,-0.17595507838315994,-1.0,0.27574750830564787
2025-08-26,21.14969825744629,20.351205825805664,21.43596076965332,20.24125289916992,11697511.0,-0.21433566982100552,-1.0,0.27574750830564787
2025-08-27,20.3144474029541,21.14969825744629,21.328048706054688,20.3144474029541,10851279.0,-0.18958263322372348,-1.0,0.27574750830564787
2025-08-28,20.2894344329834,20.3144474029541,20.6050968170166,19.64019012451172,15461580.0,-0.1955720750079326,-1.0,0.27574750830564787
2025-08-29,19.386838912963867,20.288965225219727,20.403610229492188,19.09193420410156,12904021.0,-0.16485590641811604,-1.0,0.27574750830564787
2025-08-30,19.448205947875977,19.386838912963867,19.84840202331543,19.002927780151367,6585737.0,-0.17430180770632497,-1.0,0.27574750830564787
2025-08-31,18.84395217895508,19.448205947875977,19.810258865356445,18.82366752624512,6160495.0,-0.15414935857718692,-1.0,0.27574750830564787
2025-09-01,18.221569061279297,18.84395217895508,19.30657768249512,17.91840362548828,10734852.0,-0.1318119984015636,-1.0,0.27574750830564787
2025-09-02,18.18550109863281,18.221569061279297,18.93604850769043,18.12468338012696,10012495.0,-0.13688129781369004,-1.0,0.27574750830564787
2025-09-03,18.95690155029297,18.18550109863281,19.210975646972656,18.03548812866211,11109736.0,-0.1793901373742781,-1.0,0.27574750830564787
2025-09-04,18.534603118896484,18.95690155029297,19.097795486450195,18.10326766967773,10824342.0,-0.16832292042861619,-1.0,0.27574750830564787
2025-09-05,18.81376838684082,18.534603118896484,19.252700805664062,18.409143447875977,9885259.0,-0.18804474464911147,-1.0,0.27574750830564787
2025-09-06,18.796764373779297,18.81376838684082,18.911211013793945,18.48365592956543,5596582.0,-0.19506075938251277,-1.0,0.27574750830564787
2025-09-07,19.17656517028809,18.796764373779297,19.57712745666504,18.790828704833984,9687736.0,-0.21888410855579404,-1.0,0.27574750830564787
2025-09-08,20.259092330932617,19.17656517028809,20.53668212890625,18.95271682739257,14108821.0,-0.26873044654138434,-1.0,0.27574750830564787
2025-09-09,20.01306533813477,20.259092330932617,20.77051544189453,19.7834415435791,11614397.0,-0.26802931495810256,-1.0,0.27574750830564787
2025-09-10,20.966386795043945,20.01306533813477,21.324296951293945,19.83805656433105,15061685.0,-0.31021218228801417,-1.0,0.27574750830564787
2025-09-11,21.19011878967285,20.966386795043945,21.2834587097168,20.58851432800293,12469756.0,-0.3267705568452762,-1.0,0.27574750830564787
2025-09-12,22.237173080444336,21.19011878967285,22.245967864990234,20.73666763305664,13910795.0,-0.36796324244305934,-1.0,0.27574750830564787
2025-09-13,23.24329948425293,22.237173080444336,23.56078338623047,21.86123847961425,21965545.0,-0.4050983113358447,-1.0,0.27574750830564787
2025-09-14,22.752384185791016,23.24329948425293,24.032100677490234,22.53655815124512,22164715.0,-0.4016946310543053,-1.0,0.27574750830564787
2025-09-15,21.772798538208008,22.752384185791016,23.0898551940918,21.28595352172852,17686990.0,-0.3839267878193138,-1.0,0.27574750830564787
2025-09-16,21.57870101928711,21.772798538208008,21.77434730529785,20.911714553833008,11920030.0,-0.38740557991807617,-1.0,0.27574750830564787
2025-09-17,20.89000129699707,21.57870101928711,21.97906875610352,19.890527725219727,15618352.0,-0.3749924379718578,-1.0,0.27574750830564787
2025-09-18,21.36076164245605,20.89000129699707,21.62349319458008,20.766157150268555,11418691.0,-0.39626446149950206,-1.0,0.27574750830564787
2025-09-19,20.198116302490234,21.36076164245605,21.5150203704834,20.07266998291016,8750473.0,-0.3689935984144361,-1.0,0.27574750830564787
2025-09-20,20.011451721191406,20.198116302490234,20.46027374267578,19.93535423278809,8893083.0,-0.37092271902815294,-1.0,0.27574750830564787
2025-09-21,19.57356071472168,20.011451721191406,20.07103538513184,19.410249710083008,7339017.0,-0.3651046194570965,-1.0,0.27574750830564787
2025-09-22,17.85308265686035,19.57356071472168,19.574281692504883,17.35820198059082,12950896.0,-0.31115256385032314,-1.0,0.27574750830564787
2025-09-23,17.13843536376953,17.85308265686035,17.90410804748535,17.105247497558594,8891570.0,-0.2895913552643412,-1.0,0.27574750830564787
2025-09-24,16.93732261657715,17.13843536376953,17.441184997558594,16.539011001586914,11010730.0,-0.288550705337992,-1.0,0.27574750830564787
2025-09-25,15.353800773620604,16.93732261657715,16.95262336730957,15.330277442932127,12936790.0,-0.22208746788768435,-1.0,0.27574750830564787
2025-09-26,16.224382400512695,15.353800773620604,16.268468856811523,15.353800773620604,8984193.0,-0.27090090630785457,-1.0,0.27574750830564787
2025-09-27,16.093353271484375,16.224382400512695,16.298738479614258,15.813581466674805,6347250.0,-0.27218029773244157,-1.0,0.27574750830564787
2025-09-28,16.224332809448242,16.093353271484375,16.279254913330078,15.652276992797852,6001171.0,-0.28527207188841974,-1.0,0.27574750830564787
2025-09-29,15.897013664245604,16.224332809448242,16.229341506958008,15.446587562561035,9283587.0,-0.2773337723239237,-1.0,0.27574750830564787
2025-09-30,15.636594772338867,15.894606590270996,15.897400856018066,15.237256050109863,7425223.0,-0.2722904804550322,-1.0,0.27574750830564787
2025-10-01,17.6624698638916,15.636688232421877,17.688526153564453,15.530010223388672,16102952.0,-0.3635903867204727,-1.0,0.27574750830564787
2025-10-02,19.76578140258789,17.6624698638916,20.66856384277344,17.660114288330078,64809376.0,-0.4399590417282158,-1.0,0.27574750830564787
2025-10-03,19.476850509643555,19.76578140258789,19.879159927368164,18.39167213439941,24871137.0,-0.4401467742580209,-1.0,0.27574750830564787
2025-10-04,19.031801223754883,19.476850509643555,19.54068374633789,18.278535842895508,13853434.0,-0.43568788989745544,-1.0,0.27574750830564787
2025-10-05,18.685285568237305,19.031768798828125,19.55723762512207,18.45441055297852,9935865.0,-0.4340154055993267,-1.0,0.27574750830564787
2025-10-06,19.09936141967773,18.685285568237305,19.42023277282715,18.49713706970215,10034002.0,-0.4551797883104456,-1.0,0.27574750830564787
2025-10-07,17.814189910888672,19.09936141967773,19.858043670654297,17.764209747314453,21003713.0,-0.42487810443470014,-1.0,0.27574750830564787
2025-10-08,18.774572372436523,17.814189910888672,19.0086612701416,17.72175407409668,12351794.0,-0.4637108975806571,-1.0,0.27574750830564787
2025-10-09,17.526107788085938,18.774572372436523,18.85664749145508,17.09857940673828,12660619.0,-0.43431216470784084,-1.0,0.27574750830564787
2025-10-10,12.174009323120115,17.52606773376465,18.018672943115234,4.569005966186523,37986863.0,-0.1920852632560637,-1.0,0.27574750830564787
2025-10-11,12.516036033630373,12.214030265808104,13.413536071777344,12.062078475952148,19580005.0,-0.22112932440434857,-1.0,0.27574750830564787
2025-10-12,14.28372859954834,12.516077041625977,14.644698143005373,12.391779899597168,18007548.0,-0.3254805539915977,-1.0,0.27574750830564787
2025-10-13,14.726146697998049,14.283821105957031,14.919004440307615,14.10142707824707,26971275.0,-0.3539959480323028,-1.0,0.27574750830564787
2025-10-14,14.102635383605955,14.726146697998049,14.72966766357422,13.304582595825195,14872448.0,-0.3314081730178919,-1.0,0.27574750830564787
2025-10-15,13.52425765991211,14.102635383605955,14.457464218139648,13.334501266479492,7891314.0,-0.3094653681898097,-1.0,0.27574750830564787
2025-10-16,12.796087265014648,13.52425765991211,13.861193656921388,12.786123275756836,10380956.0,-0.27625759093351127,-1.0,0.27574750830564787
2025-10-17,12.277180671691896,12.793871879577637,13.116754531860352,11.663376808166504,16451087.0,-0.2514032659852975,-1.0,0.27574750830564787
2025-10-18,12.391923904418944,12.277217864990234,12.61884593963623,12.210046768188477,6065072.0,-0.26428947470191066,-1.0,0.27574750830564787
2025-10-19,12.589449882507324,12.391923904418944,13.07000732421875,12.243037223815918,9409460.0,-0.2824039085316707,-1.0,0.27574750830564787
2025-10-20,12.770977020263672,12.589367866516112,13.2500638961792,12.282366752624512,8832966.0,-0.2992632346988511,-1.0,0.27574750830564787
2025-10-21,12.180173873901367,12.7705078125,13.11559009552002,12.13046646118164,9291078.0,-0.27154903977567063,-1.0,0.27574750830564787
2025-10-22,11.819844245910645,12.179658889770508,12.27622890472412,11.343144416809082,10294455.0,-0.25516284789912996,-1.0,0.27574750830564787
2025-10-23,11.985498428344728,11.81989860534668,12.222614288330078,11.778190612792969,6848221.0,-0.27104451477842406,-1.0,0.27574750830564787
2025-10-24,12.175474166870115,11.986002922058104,12.257662773132324,11.832124710083008,8015426.0,-0.28829414930836655,-1.0,0.27574750830564787
2025-10-25,12.458560943603516,12.174810409545898,12.764087677001951,12.091880798339844,5659502.0,-0.30988499625069305,-1.0,0.27574750830564787
2025-10-26,13.96100902557373,12.456809043884276,14.840479850769045,12.20180606842041,38061212.0,-0.390366303819572,-1.0,0.27574750830564787
2025-10-27,13.719651222229004,13.96100902557373,14.099876403808594,13.336933135986328,19451571.0,-0.3857038397636743,-1.0,0.27574750830564787
2025-10-28,13.144152641296388,13.719651222229004,14.30988597869873,12.933222770690918,18211960.0,-0.36487500675643125,-1.0,0.27574750830564787
2025-10-29,13.261037826538086,13.144152641296388,14.437737464904783,12.960027694702148,25410128.0,-0.37682569503054886,-1.0,0.27574750830564787
2025-10-30,12.16781234741211,13.261037826538086,13.816107749938965,11.69073486328125,16967238.0,-0.32649497395569516,-1.0,0.27574750830564787
2025-10-31,12.26422119140625,12.168767929077148,12.418708801269531,11.936314582824709,7131714.0,-0.33756103809024435,-1.0,0.27574750830564787
2025-11-01,13.258345603942873,12.263978004455566,13.275629043579102,11.948158264160156,14726140.0,-0.39371263357826225,-1.0,0.27574750830564787
2025-11-02,12.329965591430664,13.258345603942873,13.271318435668944,11.88364028930664,9751596.0,-0.353959943013424,-1.0,0.27574750830564787
2025-11-03,10.602367401123049,12.328985214233398,12.346275329589844,10.284406661987305,16010428.0,-0.25260081673252716,-1.0,0.27574750830564787
2025-11-04,9.851408004760742,10.60102653503418,10.9463472366333,9.322961807250977,16206472.0,-0.19893778851308128,-1.0,0.27574750830564787
2025-11-05,10.233853340148926,9.85206127166748,10.43348789215088,9.341418266296388,11198052.0,-0.23274406277241835,-1.0,0.27574750830564787
2025-11-06,9.424286842346191,10.23184585571289,10.23184585571289,9.28524112701416,13621143.0,-0.16996019446214858,-1.0,0.27574750830564787
2025-11-07,10.222107887268066,9.424725532531738,10.61121940612793,9.17834186553955,18733365.0,-0.23879763384325708,-1.0,0.27574750830564787
2025-11-08,10.115401268005373,10.222161293029783,10.428680419921877,9.784503936767578,13195883.0,-0.2349327696071127,-1.0,0.27574750830564787
2025-11-09,10.043864250183104,10.115433692932127,10.862787246704102,9.746044158935549,25039833.0,-0.23450891820318495,-1.0,0.27574750830564787
2025-11-10,10.382210731506348,10.044699668884276,10.51401710510254,9.924450874328612,14830444.0,-0.26537825094309825,-1.0,0.27574750830564787
2025-11-11,9.74264907836914,10.3822660446167,10.540793418884276,9.735769271850586,13243442.0,-0.2224219704527433,-1.0,0.27574750830564787
2025-11-12,9.416893005371094,9.742623329162598,10.161444664001465,9.18634796142578,11439028.0,-0.20074235880823454,-1.0,0.27574750830564787
2025-11-13,9.015074729919434,9.41737937927246,9.783153533935549,8.674243927001953,11191265.0,-0.16970440703840362,-1.0,0.27574750830564787
2025-11-14,8.4940824508667,9.015881538391112,9.015881538391112,8.398113250732422,8414589.0,-0.12268950783307378,-1.0,0.27574750830564787
2025-11-15,8.954248428344727,8.493375778198242,9.03501319885254,8.489810943603516,7021416.0,-0.1720107284971447,-1.0,0.27574750830564787
2025-11-16,8.45313835144043,8.954340934753418,8.954368591308594,8.22204875946045,9610640.0,-0.1265858369951112,-1.0,0.27574750830564787
2025-11-17,8.446090698242188,8.452437400817871,8.797170639038086,8.207043647766113,15906804.0,-0.12924344778934974,-1.0,0.27574750830564787
2025-11-18,8.59646224975586,8.446117401123047,8.798127174377441,8.27168083190918,9039034.0,-0.14830243127780057,-1.0,0.27574750830564787
2025-11-19,8.235567092895508,8.595523834228516,8.597359657287598,7.811430931091309,8936026.0,-0.11508258709027894,0.0,0.44850498338870437
2025-11-20,7.7164411544799805,8.231414794921875,8.387701988220215,7.657969951629639,11634593.0,-0.05938476243385275,0.0,0.44850498338870437
2025-11-21,7.235330104827881,7.7223381996154785,7.897507190704346,6.978323936462402,12627418.0,-0.0013351592428064295,0.0,0.44850498338870437
2025-11-22,7.248994827270508,7.236063003540039,7.347972869873047,6.99889612197876,6481352.0,-0.008089200515397599,0.0,0.44850498338870437
2025-11-23,7.109780788421631,7.2489190101623535,7.394567012786865,7.108331203460693,13776795.0,0.00664193401819484,0.0,0.44850498338870437
2025-11-24,7.515464782714844,7.109626770019531,7.578195095062256,7.0640058517456055,6106203.0,-0.052258505666526706,0.0,0.44850498338870437
2025-11-25,7.627065181732178,7.515577793121338,7.704497814178467,7.32981014251709,5246506.0,-0.07112539504964088,0.0,0.44850498338870437
2025-11-26,7.758828163146973,7.627904891967773,7.80659294128418,7.472025871276855,6283947.0,-0.09352527393838451,0.0,0.44850498338870437
2025-11-27,9.346604347229004,7.758790016174316,9.47577953338623,7.723817825317383,35729763.0,-0.2543583908399059,-1.0,0.27574750830564787
2025-11-28,9.989554405212402,9.342733383178713,11.708422660827637,8.549354553222656,114194266.0,-0.30970386415953555,-1.0,0.27574750830564787
2025-11-29,9.46928882598877,9.990008354187012,10.668758392333984,9.350690841674805,38214424.0,-0.27896978044987464,-1.0,0.27574750830564787
2025-11-30,8.907687187194824,9.46746826171875,9.498828887939451,8.78403091430664,16512994.0,-0.24031071490558034,-1.0,0.27574750830564787
2025-12-01,8.100929260253906,8.906965255737305,8.931382179260254,8.044914245605469,16187551.0,-0.1709491995128412,-1.0,0.27574750830564787
2025-12-02,8.686055183410645,8.099588394165039,9.279129981994627,7.948746204376221,17065363.0,-0.23369457668458068,-1.0,0.27574750830564787
2025-12-03,8.422647476196289,8.685968399047852,8.820833206176758,8.416423797607422,12313482.0,-0.2161948131378707,-1.0,0.27574750830564787
2025-12-04,8.044827461242676,8.421610832214355,8.519125938415527,7.980368137359619,9112287.0,-0.1851699088306736,-1.0,0.27574750830564787
2025-12-05,7.81841516494751,8.044754028320312,8.248370170593262,7.654084205627441,7500295.0,-0.16688471787170492,-1.0,0.27574750830564787
2025-12-06,8.07844352722168,7.818336009979248,8.078920364379883,7.730557918548584,5330671.0,-0.19978697912650034,-1.0,0.27574750830564787
2025-12-07,7.848626136779785,8.077896118164062,8.182307243347168,7.742018222808838,6852409.0,-0.1819674925869712,-1.0,0.27574750830564787
2025-12-08,7.91195011138916,7.848556995391846,8.215910911560059,7.842994213104248,5453395.0,-0.19439540541728326,-1.0,0.27574750830564787
2025-12-09,8.246843338012695,7.912038803100586,8.375515937805176,7.822193145751953,6265261.0,-0.23369299984571518,-1.0,0.27574750830564787
2025-12-10,7.87373685836792,8.246580123901367,8.247160911560059,7.744676113128662,6641557.0,-0.20360723576527207,-1.0,0.27574750830564787
2025-12-11,7.840808868408203,7.87283992767334,7.979817867279053,7.523490905761719,6054652.0,-0.2062916211723487,-1.0,0.27574750830564787
2025-12-12,7.630570888519287,7.8407769203186035,7.939878940582275,7.434210777282715,5533591.0,-0.19021565263814336,-1.0,0.27574750830564787
2025-12-13,7.728510856628418,7.630560874938965,7.75542688369751,7.62361478805542,3629105.0,-0.20667004031486366,-1.0,0.27574750830564787
2025-12-14,7.366382122039795,7.728146076202393,7.728146076202393,7.344164848327637,3565711.0,-0.1738210148298167,-1.0,0.27574750830564787
2025-12-15,7.020544052124023,7.365630149841309,7.567309856414795,6.904398918151856,6523865.0,-0.13901666092329143,-1.0,0.27574750830564787
2025-12-16,7.038900852203369,7.020544052124023,7.056540966033936,6.899823188781738,4315917.0,-0.14656050943289892,-1.0,0.27574750830564787
2025-12-17,6.426680088043213,7.039320945739746,7.039320945739746,6.359527111053467,5167261.0,-0.06984280348438249,0.0,0.44850498338870437
2025-12-18,6.226593017578125,6.4274420738220215,6.709650993347168,6.189220905303955,5926509.0,-0.04450782324773063,0.0,0.44850498338870437
2025-12-19,6.571333885192871,6.226590156555176,6.655707836151123,6.094976902008057,5656193.0,-0.09955827332915296,0.0,0.44850498338870437
2025-12-20,6.583154201507568,6.572251796722412,6.593729019165039,6.490685939788818,3307120.0,-0.10642732343612132,0.0,0.44850498338870437
2025-12-21,6.325681209564209,6.583151817321777,6.590836048126221,6.233671188354492,4822377.0,-0.07469527181205092,0.0,0.44850498338870437
2025-12-22,6.2095561027526855,6.325691223144531,6.402098178863525,6.104273796081543,5002657.0,-0.0616608331912441,0.0,0.44850498338870437
2025-12-23,6.099485874176025,6.2096710205078125,6.245931148529053,5.939812183380127,4654141.0,-0.0484598359586617,0.0,0.44850498338870437
2025-12-24,8.121334075927734,6.099485874176025,9.330865859985352,5.9565839767456055,40983965.0,-0.29181598499813,-1.0,0.27574750830564787
2025-12-25,7.1386260986328125,8.122900009155273,8.280892372131348,7.08901309967041,44485575.0,-0.2000520010023956,-1.0,0.27574750830564787
2025-12-26,7.265381813049316,7.136051177978516,7.265381813049316,6.985533237457275,13751099.0,-0.21887410614081457,-1.0,0.27574750830564787
2025-12-27,7.277810096740723,7.269547939300537,7.824556827545166,7.14011812210083,14361857.0,-0.2252110818814358,-1.0,0.27574750830564787
2025-12-28,7.152939796447754,7.277562141418457,7.279681205749512,7.029858112335205,5995640.0,-0.21667704880327418,-1.0,0.27574750830564787
2025-12-29,6.715703964233398,7.152895927429199,7.271080017089844,6.713812828063965,9359006.0,-0.17054564573689193,-1.0,0.27574750830564787
2025-12-30,6.732646942138672,6.715514183044434,6.817863941192627,6.659542083740234,6263928.0,-0.17745312720940393,-1.0,0.27574750830564787
2025-12-31,6.753376007080078,6.732615947723389,6.820618152618408,6.570539951324463,7052607.0,-0.18514392979081393,-1.0,0.27574750830564787
2026-01-01,6.935028076171875,6.753373146057129,7.016594886779785,6.753267765045166,6664564.0,-0.2117837925872927,-1.0,0.27574750830564787
2026-01-02,7.231032848358154,6.934698104858398,7.271849155426025,6.825305938720703,13836227.0,-0.2500016409165978,-1.0,0.27574750830564787
2026-01-03,7.096231937408447,7.230234146118164,7.357850074768066,7.010631084442139,6989926.0,-0.24156425342329152,-1.0,0.27574750830564787
2026-01-04,7.664898872375488,7.096005916595459,8.069526672363281,7.057219982147217,19591451.0,-0.3042550827714238,-1.0,0.27574750830564787
2026-01-05,7.802589893341064,7.663538932800293,7.832626819610596,7.352365970611572,12106911.0,-0.3231871145706827,-1.0,0.27574750830564787
2026-01-06,7.814405918121338,7.802700996398926,8.080126762390137,7.538447856903076,13096448.0,-0.33116593689159757,-1.0,0.27574750830564787
2026-01-07,7.481958866119385,7.814339160919189,7.816451072692871,7.3728461265563965,7359856.0,-0.3085916874856164,-1.0,0.27574750830564787
2026-01-08,7.279868125915527,7.481922149658203,7.556049823760986,7.164559841156006,6903121.0,-0.2963994696686524,-1.0,0.27574750830564787
2026-01-09,7.279088973999023,7.280684947967529,7.395196914672852,7.187662124633789,6051763.0,-0.3036860589963904,-1.0,0.27574750830564787
2026-01-10,7.238499164581299,7.279454231262207,7.316959857940674,7.157102108001709,3527034.0,-0.30720256958552883,-1.0,0.27574750830564787
2026-01-11,7.157279014587402,7.238492012023926,7.411032199859619,7.133230209350586,4909756.0,-0.3062919792247341,-1.0,0.27574750830564787
2026-01-12,7.1671462059021,7.158957004547119,7.353002071380615,7.040517807006836,6239922.0,-0.31436765814688145,-1.0,0.27574750830564787
2026-01-13,7.659350872039795,7.167582988739014,7.744108200073242,7.14139986038208,7855940.0,-0.3659762219037019,-1.0,0.27574750830564787
2026-01-14,7.5360941886901855,7.658919811248779,7.755314826965332,7.323844909667969,10698295.0,-0.3634257559312807,-1.0,0.27574750830564787
2026-01-15,7.421831130981445,7.535984039306641,8.59778881072998,7.333034038543701,29225695.0,-0.36147706043481165,-1.0,0.27574750830564787
2026-01-16,7.333229064941406,7.422128200531006,7.4839959144592285,7.160214900970459,7130335.0,-0.36163955819257615,-1.0,0.27574750830564787
2026-01-17,7.279831886291504,7.333236217498779,7.383730888366699,7.222297191619873,5109362.0,-0.36472690892951093,-1.0,0.27574750830564787
2026-01-18,7.1241230964660645,7.27983808517456,7.387621879577637,7.123583793640137,4865382.0,-0.3584742357538111,-1.0,0.27574750830564787
2026-01-19,6.460244178771973,7.122976779937744,7.122976779937744,6.329277992248535,11847375.0,-0.2994135473940828,-1.0,0.27574750830564787
2026-01-20,6.01637077331543,6.460245132446289,6.531274795532227,6.01362419128418,8455431.0,-0.2540806622482379,-1.0,0.27574750830564787
2026-01-21,6.098365783691406,6.016551971435547,6.29010009765625,5.926598072052002,6808499.0,-0.27059486701587565,-1.0,0.27574750830564787
2026-01-22,5.92751407623291,6.098334789276123,6.2204999923706055,5.851438045501709,5793962.0,-0.25562937189954615,-1.0,0.27574750830564787
2026-01-23,6.079446792602539,5.927518844604492,6.224541187286377,5.927518844604492,6019806.0,-0.280612688303136,-1.0,0.27574750830564787
2026-01-24,6.134811878204346,6.079450130462647,6.4602789878845215,6.011125087738037,8601071.0,-0.2936862383028436,-1.0,0.27574750830564787
2026-01-25,6.261500835418701,6.134851932525635,7.583396911621094,6.04304313659668,53207901.0,-0.3145795950950935,-1.0,0.27574750830564787
2026-01-26,6.257046222686768,6.261839866638184,6.5761919021606445,6.157439231872559,16968180.0,-0.32031800489802303,-1.0,0.27574750830564787
2026-01-27,6.415352821350098,6.257044792175293,6.46333122253418,6.234656810760498,9964132.0,-0.3437307054045422,-1.0,0.27574750830564787
2026-01-28,6.260362148284912,6.415389060974121,6.5944671630859375,6.21997594833374,8551446.0,-0.3338813541303081,-1.0,0.27574750830564787
2026-01-29,5.836528778076172,6.260528087615967,6.265307903289795,5.721405982971191,8585527.0,-0.2911724325170782,-1.0,0.27574750830564787
2026-01-30,5.615224838256836,5.836111068725586,5.8464860916137695,5.545663833618164,8455263.0,-0.26842456986146235,-1.0,0.27574750830564787
2026-01-31,4.925533771514893,5.615232944488525,5.637528896331787,4.648100852966309,10950936.0,-0.17045518337596505,-1.0,0.27574750830564787
2026-02-01,4.741734027862549,4.925111770629883,5.136067867279053,4.68048095703125,5889543.0,-0.14194061086263093,-1.0,0.27574750830564787
2026-02-02,4.741734027862549,4.925111770629883,5.136067867279053,4.68048095703125,5889543.0,-0.14561232001881402,-1.0,0.27574750830564787
2026-02-03,5.081182956695557,5.081679821014404,5.430202960968018,4.81910514831543,9240809.0,-0.20675781502788448,-1.0,0.27574750830564787
2026-02-04,4.919787883758545,5.081389904022217,5.318970203399658,4.798274040222168,8278824.0,-0.18359269734042055,-1.0,0.27574750830564787
2026-02-05,4.109035968780518,4.919787883758545,4.952837944030762,4.1081719398498535,8388990.0,-0.02303248910402086,0.0,0.44850498338870437
2026-02-06,4.80512285232544,4.10812520980835,4.852989196777344,3.782181978225708,8982554.0,-0.16726003937458475,-1.0,0.27574750830564787
2026-02-07,4.773447036743164,4.805106163024902,4.890169143676758,4.583582878112793,6415571.0,-0.16505852438270338,-1.0,0.27574750830564787
2026-02-08,4.633663177490234,4.77341890335083,4.841846942901611,4.611001968383789,4314138.0,-0.14245305870658592,-1.0,0.27574750830564787
2026-02-09,4.607295989990234,4.633120059967041,4.702160835266113,4.439276218414307,4037878.0,-0.140202084877879,-1.0,0.27574750830564787
2026-02-10,4.480453014373779,4.606777191162109,4.634641170501709,4.421331882476807,3731584.0,-0.11760111616460057,-1.0,0.27574750830564787
2026-02-11,4.432395935058594,4.480475902557373,4.543523788452148,4.30626106262207,4925202.0,-0.10980063080306225,0.0,0.44850498338870437
2026-02-12,4.556241989135742,4.432895183563232,4.695835113525391,4.427288055419922,5009544.0,-0.13592126848397604,-1.0,0.27574750830564787
2026-02-13,4.739970207214356,4.556211948394775,4.769388198852539,4.440402984619141,4085610.0,-0.17196565620770166,-1.0,0.27574750830564787
2026-02-14,4.870045185089111,4.74043607711792,4.949531078338623,4.704432010650635,3698813.0,-0.1966695515159697,-1.0,0.27574750830564787
2026-02-15,4.587696075439453,4.870067119598389,4.889453887939453,4.498513221740723,4919980.0,-0.14941311128419713,-1.0,0.27574750830564787
2026-02-16,4.721475124359131,4.587614059448242,4.767430782318115,4.532077789306641,3839377.0,-0.17607242724997207,-1.0,0.27574750830564787
2026-02-17,4.608465194702148,4.72144079208374,4.734525203704834,4.568693161010742,3642717.0,-0.15829679065176866,-1.0,0.27574750830564787
2026-02-18,4.392282962799072,4.608459949493408,4.658403873443604,4.371648788452148,3503823.0,-0.11891378156189568,-1.0,0.27574750830564787
2026-02-19,4.3928399085998535,4.392316818237305,4.4751811027526855,4.294981956481934,3568269.0,-0.12077298453104422,-1.0,0.27574750830564787
2026-02-20,4.484541893005371,4.393157005310059,4.538928031921387,4.294648170471191,3625896.0,-0.14066655814512366,-1.0,0.27574750830564787
2026-02-21,4.492454051971436,4.48455286026001,4.656620979309082,4.47735595703125,4251980.0,-0.14420661336096935,-1.0,0.27574750830564787
2026-02-22,4.3306169509887695,4.492475986480713,4.492475986480713,4.281029224395752,2521619.0,-0.11361078874775991,0.0,0.44850498338870437
2026-02-23,4.149435997009277,4.33006477355957,4.340863227844238,4.090604782104492,3583822.0,-0.07521407929600007,0.0,0.44850498338870437
2026-02-24,4.08266019821167,4.149447917938232,4.211358070373535,4.037741184234619,3011604.0,-0.060026182240256666,0.0,0.44850498338870437
2026-02-25,4.390920162200928,4.082651138305664,4.587331771850586,4.06615686416626,4062452.0,-0.12633109225333167,-1.0,0.27574750830564787
2026-02-26,4.335501194000244,4.390987873077393,4.4910149574279785,4.228812217712402,3919654.0,-0.11543243926071296,0.0,0.44850498338870437
2026-02-27,4.21290397644043,4.335493087768555,4.41937780380249,4.151065826416016,3224740.0,-0.08699737729839098,0.0,0.44850498338870437
2026-02-28,4.273938179016113,4.212903022766113,4.287321090698242,3.888814926147461,4214750.0,-0.09969036375592455,0.0,0.44850498338870437
2026-03-01,4.1282219886779785,4.273935794830322,4.388822078704834,4.029705047607422,3752489.0,-0.06724336634195524,0.0,0.44850498338870437
2026-03-02,4.242258071899414,4.128177165985107,4.399714946746826,4.103470802307129,4325647.0,-0.09249615134883822,0.0,0.44850498338870437
2026-03-03,4.3271307945251465,4.2415771484375,4.415657043457031,4.210951805114746,4628151.0,-0.11120475077409604,0.0,0.44850498338870437
2026-03-04,4.483248233795166,4.326193809509277,4.629745960235596,4.266459941864014,6122815.0,-0.14328014018119087,-1.0,0.27574750830564787
2026-03-05,4.393350124359131,4.483248233795166,4.517335891723633,4.318693161010742,3981922.0,-0.12722535706712046,-1.0,0.27574750830564787
2026-03-06,4.236905097961426,4.393120765686035,4.458324909210205,4.220440864562988,3561306.0,-0.09649443930718363,0.0,0.44850498338870437
2026-03-07,4.755403995513916,4.238583087921143,5.679265022277832,4.182069778442383,40438524.0,-0.19790774885540668,-1.0,0.27574750830564787
2026-03-08,4.692611217498779,4.755410194396973,5.363501071929932,4.487102031707764,38367311.0,-0.18987409637712832,-1.0,0.27574750830564787
2026-03-09,4.617906093597412,4.692695140838623,4.945291042327881,4.603669166564941,11003195.0,-0.17932576794245295,-1.0,0.27574750830564787
2026-03-10,4.394570827484131,4.618419170379639,4.710596084594727,4.372710227966309,6351661.0,-0.1390737112716089,-1.0,0.27574750830564787
2026-03-11,4.428540229797363,4.394589900970459,4.464147090911865,4.323338031768799,5068722.0,-0.14701862721954892,-1.0,0.27574750830564787
2026-03-12,4.276309967041016,4.42855978012085,4.572023868560791,4.231081962585449,7793142.0,-0.11818291931392444,-1.0,0.27574750830564787
2026-03-13,4.3273468017578125,4.276350021362305,4.394424915313721,4.221919059753418,8216446.0,-0.12998593129846475,-1.0,0.27574750830564787
2026-03-14,4.175281047821045,4.327329158782959,4.389810085296631,4.167665958404541,6000183.0,-0.0996252612207713,0.0,0.44850498338870437
2026-03-15,4.169128894805908,4.175268173217773,4.2735137939453125,4.06664514541626,7684560.0,-0.09952735752644262,0.0,0.44850498338870437
2026-03-16,4.170169830322266,4.169172763824463,4.263384819030762,4.083963871002197,8858448.0,-0.10130084743333329,0.0,0.44850498338870437
2026-03-17,4.116195201873779,4.169281959533691,4.182569980621338,4.060886859893799,5309349.0,-0.09117828528645579,0.0,0.44850498338870437
2026-03-18,3.955377101898194,4.116036891937256,4.671710968017578,3.8850350379943848,22647036.0,-0.05560785709996349,0.0,0.44850498338870437
2026-03-19,3.686845064163208,3.955158948898315,3.955168008804321,3.601896047592163,5713670.0,0.012747818813053376,0.0,0.44850498338870437
2026-03-20,3.661035060882568,3.686815023422241,3.7623579502105713,3.6042020320892334,4530673.0,0.019780743264075005,0.0,0.44850498338870437
2026-03-21,3.4743449687957764,3.661039113998413,3.7451400756835938,3.4735970497131348,4805929.0,0.07529156661930794,1.0,0.27574750830564787
2026-03-22,3.424556016921997,3.475944995880127,4.0487961769104,3.3979458808898926,10748824.0,0.09172101225597624,1.0,0.27574750830564787
2026-03-23,3.624903917312622,3.424592971801758,3.644481897354126,3.411987066268921,5278638.0,0.030417936850707688,1.0,0.27574750830564787
2026-03-24,3.5436880588531494,3.624932050704956,3.673162937164306,3.504098892211914,3891640.0,0.05371396010718921,1.0,0.27574750830564787
2026-03-25,3.554368019104004,3.543705940246582,3.643649101257324,3.5274770259857178,3233650.0,0.04924714809068253,1.0,0.27574750830564787
2026-03-26,3.352268934249878,3.5543789863586426,3.5554299354553223,3.3520619869232178,3239254.0,0.11084304250659366,1.0,0.27574750830564787
2026-03-27,3.284374952316284,3.352241039276123,3.40015196800232,3.248615026473999,2940592.0,0.13229738993635617,1.0,0.27574750830564787
2026-03-28,3.231837034225464,3.284385919570923,3.3068161010742188,3.193176984786988,2714238.0,0.14973642613569085,1.0,0.27574750830564787
2026-03-29,3.2639269828796387,3.2311699390411377,3.734201908111572,3.2256429195404053,14033609.0,0.13714741434758487,1.0,0.27574750830564787
2026-03-30,3.263654947280884,3.2643930912017822,3.353401899337769,3.23763394355774,4277937.0,0.13567613380159715,1.0,0.27574750830564787
2026-03-31,3.3114678859710693,3.2636559009552,3.3255839347839355,3.234930992126465,2760662.0,0.11727683882306943,1.0,0.27574750830564787
2026-04-01,3.3018810749053955,3.3115129470825195,3.355304002761841,3.2726449966430664,3028070.0,0.11908716210502678,1.0,0.27574750830564787
2026-04-02,3.290457963943481,3.301872968673706,3.3259410858154297,3.18593692779541,3698916.0,0.1214541793688568,1.0,0.27574750830564787
2026-04-03,3.3777670860290527,3.2899210453033447,3.4025990962982178,3.256730079650879,3610516.0,0.09074547356260984,1.0,0.27574750830564787
2026-04-04,3.325321912765503,3.377794981002808,3.388612031936645,3.29785704612732,2703552.0,0.10673713899152129,1.0,0.27574750830564787
2026-04-05,3.2681989669799805,3.3253090381622314,3.34039306640625,3.214087009429932,2625175.0,0.12510101204491872,1.0,0.27574750830564787
2026-04-06,3.3262460231781006,3.268203020095825,3.416367053985596,3.2680509090423584,3480494.0,0.10420566812929816,1.0,0.27574750830564787
2026-04-07,3.4909729957580566,3.32622504234314,3.497354984283448,3.264394998550415,3127861.0,0.05012677218519877,1.0,0.27574750830564787
2026-04-08,3.390568971633911,3.490941047668457,3.531605958938598,3.387625932693481,3278259.0,0.07908212973869898,1.0,0.27574750830564787
2026-04-09,3.416449069976806,3.3906140327453613,3.4778060913085938,3.3452420234680176,2503712.0,0.06859125873257574,1.0,0.27574750830564787
2026-04-10,3.489875078201294,3.4159159660339355,3.803101062774658,3.394399881362915,11754303.0,0.04385323340617172,1.0,0.27574750830564787
2026-04-11,3.5468549728393555,3.489887952804565,3.6164090633392334,3.422303915023804,4746724.0,0.02433955617348377,1.0,0.27574750830564787
2026-04-12,3.3628580570220947,3.546848058700561,3.5659730434417725,3.3442978858947754,3495081.0,0.07827935377321178,1.0,0.27574750830564787
2026-04-13,3.516160011291504,3.3628170490264893,3.545403003692627,3.3561010360717773,4474822.0,0.028243092231641394,1.0,0.27574750830564787
2026-04-14,3.505604982376098,3.5161380767822266,3.5887670516967773,3.483870029449463,3313722.0,0.0279026737242711,1.0,0.27574750830564787
2026-04-15,3.6135799884796143,3.505579948425293,3.675523996353149,3.4425859451293945,3712668.0,-0.00686841830043807,0.0,0.44850498338870437
2026-04-16,3.92167592048645,3.614089012145996,3.947364091873169,3.614089012145996,5535267.0,-0.08929420824139037,0.0,0.44850498338870437
2026-04-17,3.9559519290924072,3.922106027603149,4.989400863647461,3.8207778930664062,33599437.0,-0.10187638158493316,0.0,0.44850498338870437
2026-04-18,3.883768081665039,3.95595908164978,4.018215179443359,3.716797113418579,8446447.0,-0.08935078186395495,0.0,0.44850498338870437
2026-04-19,3.64675498008728,3.879338979721069,3.879364013671875,3.622777938842773,4545623.0,-0.033584365405728206,0.0,0.44850498338870437
2026-04-20,3.78413200378418,3.646759033203125,3.835745096206665,3.646233081817627,3425635.0,-0.07314408635814189,0.0,0.44850498338870437
2026-04-21,3.738241910934448,3.784174919128418,3.85467791557312,3.7223000526428223,4492193.0,-0.06566023111016872,0.0,0.44850498338870437
2026-04-22,3.9268839359283447,3.7382500171661377,4.137508869171143,3.7382500171661377,7720660.0,-0.11405082292465764,0.0,0.44850498338870437
2026-04-23,3.876418113708496,3.927764892578125,3.975231885910034,3.784068107604981,4842786.0,-0.10525373046160606,0.0,0.44850498338870437
2026-04-24,3.933979034423828,3.876415967941284,3.939836025238037,3.845362901687622,3941316.0,-0.12130709919553648,-1.0,0.27574750830564787
2026-04-25,3.881319046020508,3.933974027633667,3.997399091720581,3.856110095977783,3638578.0,-0.11227990450910912,0.0,0.44850498338870437
2026-04-26,3.975265026092529,3.880089044570923,3.999181032180786,3.8582160472869873,2965546.0,-0.1362581487194673,-1.0,0.27574750830564787
2026-04-27,3.87617301940918,3.975253105163574,4.084847927093506,3.795063018798828,3629616.0,-0.11612797795160275,-1.0,0.27574750830564787
2026-04-28,3.863753080368042,3.87616491317749,3.912978887557984,3.826636075973511,3080509.0,-0.11633658693174816,-1.0,0.27574750830564787
2026-04-29,3.813719987869263,3.8637518882751465,3.9199628829956055,3.758316040039064,3775501.0,-0.10710731015261135,0.0,0.44850498338870437
2026-04-30,3.754705905914306,3.813719987869263,3.8381779193878174,3.74619197845459,2783758.0,-0.09474778389831358,0.0,0.44850498338870437
2026-05-01,3.847810983657837,3.75469708442688,3.904572010040283,3.75277590751648,3282717.0,-0.1186792026931494,-1.0,0.27574750830564787
2026-05-02,3.8748860359191895,3.847830057144165,3.893229961395264,3.799284934997559,2910493.0,-0.12634351249924225,-1.0,0.27574750830564787
2026-05-03,3.846045017242432,3.874881029129028,3.9064130783081055,3.802731990814209,3279218.0,-0.12145303691708184,-1.0,0.27574750830564787
2026-05-04,3.904593944549561,3.846055030822754,3.982758045196533,3.8178939819335938,3918913.0,-0.1363893093658385,-1.0,0.27574750830564787
2026-05-05,4.059113025665283,3.904589891433716,4.585052967071533,3.904587984085083,19314821.0,-0.17166342622249606,-1.0,0.27574750830564787
2026-05-06,4.100673198699951,4.059114933013916,4.168484210968018,4.024777889251709,5622555.0,-0.18299193988429235,-1.0,0.27574750830564787
2026-05-07,4.292707920074463,4.100671768188477,4.424355030059815,4.074663162231445,11410539.0,-0.22233257528448824,-1.0,0.27574750830564787
2026-05-08,4.252665042877197,4.292707920074463,4.318321228027344,4.161458969116211,4778534.0,-0.21798738996652833,-1.0,0.27574750830564787
2026-05-09,5.018659114837647,4.252676963806152,5.19496488571167,4.178285121917725,40455162.0,-0.3421248652829715,-1.0,0.27574750830564787
2026-05-10,4.378687858581543,5.013608932495117,5.019398212432861,4.191634178161621,17314651.0,-0.2491391413506926,-1.0,0.27574750830564787
2026-05-11,4.324090957641602,4.378727912902832,4.494349956512451,4.241865158081055,8127122.0,-0.24165476110591855,-1.0,0.27574750830564787
2026-05-12,4.188232898712158,4.324081897735596,4.352152824401856,4.113249778747559,4674758.0,-0.21844992552828332,-1.0,0.27574750830564787
2026-05-13,4.047942161560059,4.188243865966797,4.275576114654541,4.004908084869385,3977417.0,-0.19208139420385242,-1.0,0.27574750830564787
2026-05-14,4.125018119812012,4.049008846282959,4.188418865203857,4.0063557624816895,3443930.0,-0.2085194417398238,-1.0,0.27574750830564787
2026-05-15,3.933042049407959,4.12541389465332,4.143861770629883,3.866103887557984,4168588.0,-0.17085767104052815,-1.0,0.27574750830564787
2026-05-16,3.786958932876587,3.934258937835693,3.967106103897095,3.711338996887207,3660586.0,-0.13915399304924855,-1.0,0.27574750830564787
2026-05-17,3.7759859561920166,3.786957979202272,3.9025509357452393,3.7298200130462646,3365562.0,-0.13682289714542037,-1.0,0.27574750830564787
2026-05-18,3.793268918991089,3.775986909866333,3.925826072692871,3.714478015899658,4336471.0,-0.1404554557789898,-1.0,0.27574750830564787
2026-05-19,3.779441118240357,3.793268918991089,3.831540107727051,3.75095796585083,2628257.0,-0.13759065980290786,-1.0,0.27574750830564787
2026-05-20,3.9405269622802734,3.779442071914673,3.9614369869232178,3.7694520950317374,5201108.0,-0.17371322365820538,-1.0,0.27574750830564787
2026-05-21,4.006855010986328,3.940507888793945,4.044294834136963,3.903343915939331,5191131.0,-0.18896701658618037,-1.0,0.27574750830564787
2026-05-22,3.812030076980591,4.006857872009277,4.026636123657227,3.800389051437378,4065119.0,-0.1482008975037558,-1.0,0.27574750830564787
2026-05-23,3.896336078643799,3.813605070114136,3.9577620029449454,3.721816062927246,3203480.0,-0.1679921280599229,-1.0,0.27574750830564787
2026-05-24,3.782294988632202,3.896333932876587,3.915241003036499,3.727400064468384,2895510.0,-0.14390027149136392,-1.0,0.27574750830564787
2026-05-25,3.8048229217529297,3.7823081016540527,3.9084279537200928,3.782150030136109,2648473.0,-0.1503956600816142,-1.0,0.27574750830564787
2026-05-26,3.7116219997406006,3.804830074310303,3.809597969055176,3.674945116043091,2865188.0,-0.12997650753553652,-1.0,0.27574750830564787
2026-05-27,3.630518913269043,3.7117838859558105,3.790004014968872,3.620117902755737,3111146.0,-0.1109408746684672,0.0,0.44850498338870437
2026-05-28,3.5676798820495605,3.6305201053619385,3.647351980209351,3.489176988601685,3012515.0,-0.09553472152480982,0.0,0.44850498338870437
2026-05-29,3.5744690895080566,3.5677030086517334,3.635974884033203,3.483407974243164,3136297.0,-0.09739596874516157,0.0,0.44850498338870437
2026-05-30,3.633256912231445,3.574596881866455,3.694976091384888,3.574596881866455,2702587.0,-0.11181767779380174,0.0,0.44850498338870437
2026-05-31,3.65048098564148,3.633241891860962,3.694314002990722,3.5553970336914062,2414469.0,-0.11595871889337382,0.0,0.44850498338870437
2026-06-01,3.618096113204956,3.650538921356201,3.676121950149536,3.545408010482788,3387400.0,-0.10779529422555949,0.0,0.44850498338870437
2026-06-02,3.376847982406616,3.618561983108521,3.631397008895874,3.323352098464966,3917244.0,-0.04263507047580633,0.0,0.44850498338870437
2026-06-03,3.463284969329834,3.376914978027344,3.5252459049224854,3.331460952758789,8224701.0,-0.06589169058521369,0.0,0.44850498338870437
2026-06-04,3.2261300086975098,3.4632821083068848,3.484060049057007,3.164693117141724,7319125.0,0.0046139483476928915,0.0,0.44850498338870437
2026-06-05,2.9570910930633545,3.226226091384888,3.234467029571533,2.8853600025177,5365565.0,0.09738630381994831,0.0,0.44850498338870437
2026-06-06,2.9325389862060547,2.9571030139923096,2.990906000137329,2.7783989906311035,4970077.0,0.108118505251649,0.0,0.44850498338870437
2026-06-07,3.009718894958496,2.9325408935546875,3.0556559562683105,2.900114059448242,4589768.0,0.08087449539029587,0.0,0.44850498338870437
2026-06-08,2.966108083724976,3.00971794128418,3.046005964279175,2.937516927719116,4251312.0,0.09821091649501291,0.0,0.44850498338870437
2026-06-09,2.9007670879364014,2.966059923171997,2.969820976257324,2.8611199855804443,3858511.0,0.12481143543262366,0.0,0.44850498338870437
2026-06-10,2.8408329486846924,2.900736093521118,2.943227052688598,2.794581890106201,4271185.0,0.15082727422320236,0.0,0.44850498338870437
2026-06-11,2.965791940689087,2.8408451080322266,2.9927990436553955,2.838557004928589,4037559.0,0.10393801836667314,0.0,0.44850498338870437
2026-06-12,2.935821056365967,2.965814113616944,3.000044107437134,2.901319980621338,3924299.0,0.11703647324067985,0.0,0.44850498338870437
2026-06-13,2.964996099472046,2.9358279705047607,3.019845962524414,2.926187038421631,4545188.0,0.10775543339381158,0.0,0.44850498338870437
2026-06-14,3.039412021636963,2.964998960494995,3.055069923400879,2.8911728858947754,4161483.0,0.08195539018299414,0.0,0.44850498338870437
2026-06-15,3.0407650470733643,3.03944993019104,3.14612889289856,2.997143030166626,5031065.0,0.08283186030597352,0.0,0.44850498338870437
2026-06-16,3.028454065322876,3.040757894515991,3.08423399925232,2.983319997787476,4002044.0,0.08871222182624444,0.0,0.44850498338870437
2026-06-17,3.001391887664795,3.028877019882202,3.089279890060425,2.9725570678710938,4270886.0,0.10022741158464558,0.0,0.44850498338870437
2026-06-18,2.8749799728393555,3.001415014266968,3.013231039047241,2.830406904220581,4565166.0,0.15121113408189793,0.0,0.44850498338870437
2026-06-19,2.8545000553131104,2.874979019165039,2.901634931564331,2.824198007583618,3902410.0,0.162318311807729,0.0,0.44850498338870437
2026-06-20,2.931088924407959,2.854522943496704,2.942158937454224,2.801060914993286,4180174.0,0.13434616511050165,0.0,0.44850498338870437
2026-06-21,2.85577392578125,2.931088924407959,2.9456210136413574,2.8551878929138184,3912452.0,0.16730403819145132,0.0,0.44850498338870437
2026-06-22,2.859934091567993,2.8557779788970947,2.939750909805298,2.838860988616944,3989734.0,0.1687306767752266,0.0,0.44850498338870437
2026-06-23,2.761204957962036,2.859937906265259,2.877388000488281,2.731066942214966,4293250.0,0.21456804836116616,0.0,0.44850498338870437
2026-06-24,2.65030288696289,2.761198043823242,2.776595115661621,2.542715072631836,5085878.0,0.27059547469998946,0.0,0.44850498338870437
2026-06-25,2.5726969242095947,2.6503000259399414,2.698648929595948,2.497281074523926,4822220.0,0.31510172905804856,0.0,0.44850498338870437
2026-06-26,2.695688009262085,2.5727319717407227,2.7412989139556885,2.502672910690308,5135391.0,0.260306180343979,0.0,0.44850498338870437
2026-06-27,2.638254880905152,2.695687055587769,2.707948923110962,2.6336610317230225,3898245.0,0.2937368732210137,0.0,0.44850498338870437
2026-06-28,2.7347400188446045,2.638238906860352,2.817410945892334,2.6321489810943604,5568596.0,0.25337073273759636,0.0,0.44850498338870437
2026-06-29,2.761431932449341,2.736248016357422,2.939405918121338,2.700510025024414,7183033.0,0.2465003798623426,0.0,0.44850498338870437
2026-06-30,2.5816829204559326,2.7614400386810303,2.763232946395874,2.5764970779418945,4638386.0,0.3406940417083871,0.0,0.44850498338870437
2026-07-01,2.7046918869018555,2.581641912460327,2.754033088684082,2.54711389541626,5306098.0,0.2860767461913192,0.0,0.44850498338870437
2026-07-02,2.9493210315704346,2.7046940326690674,2.949460983276367,2.6787779331207275,7245200.0,0.18357629687449534,0.0,0.44850498338870437
2026-07-03,3.123183012008667,2.949199914932251,3.3073859214782715,2.9010438919067383,12824716.0,0.12049084609076807,0.0,0.44850498338870437
2026-07-04,3.1067440509796143,3.123114109039306,3.144782066345215,2.9756340980529785,6210625.0,0.12950319757789278,0.0,0.44850498338870437
2026-07-05,3.083667039871216,3.106729030609131,3.246788024902344,3.007664918899536,6506600.0,0.1414048766039034,0.0,0.44850498338870437
2026-07-06,3.1287930011749268,3.0836610794067383,3.2072770595550537,2.9827239513397217,5914906.0,0.1281462772352622,0.0,0.44850498338870437
2026-07-07,3.3392789363861084,3.1287879943847656,4.125491142272949,3.0897440910339355,39816986.0,0.05853637162029048,0.0,0.44850498338870437
2026-07-08,3.027113914489746,3.336751937866211,3.336751937866211,3.008266925811768,9104621.0,0.17222812064209422,0.0,0.44850498338870437
2026-07-09,3.1736879348754883,3.0271759033203125,3.3153340816497803,3.006752014160156,8355220.0,0.12137005492396716,0.0,0.44850498338870437
2026-07-10,3.3083391189575195,3.173682928085327,3.3742599487304688,3.168874979019165,6102137.0,0.07789339511512329,0.0,0.44850498338870437
2026-07-11,3.294011116027832,3.3083300590515137,3.377283096313477,3.2585389614105225,5475328.0,0.08501080207336184,0.0,0.44850498338870437
2026-07-12,3.4604930877685547,3.294079065322876,3.493027925491333,3.2797091007232666,5986447.0,0.033805962446219424,0.0,0.44850498338870437
2026-07-13,3.392486095428467,3.460495948791504,3.5016539096832275,3.366302013397217,5373566.0,0.05623407007728802,0.0,0.44850498338870437
2026-07-14,3.4159650802612305,3.392477035522461,3.56584906578064,3.3910129070281982,6008703.0,0.05055406093878715,0.0,0.44850498338870437
2026-07-15,3.367764949798584,3.415968894958496,3.418761968612671,3.3253960609436035,5202662.0,0.06777612905707417,0.0,0.44850498338870437
2026-07-16,3.246634006500244,3.367755889892578,3.379710912704468,3.2412240505218506,4489807.0,0.11132538302436397,0.0,0.44850498338870437
2026-07-17,3.441848039627075,3.2466509342193604,3.4729249477386475,3.246288061141968,6899583.0,0.050018223587581415,0.0,0.44850498338870437
2026-07-18,3.3537039756774902,3.4418280124664307,3.4426920413970947,3.324834108352661,4790079.0,0.08049007944717272,0.0,0.44850498338870437
2026-07-19,3.315607070922852,3.353710889816284,3.434631109237671,3.304763078689575,4339396.0,0.09647837236107136,0.0,0.44850498338870437
2026-07-20,3.3942220211029053,3.3161120414733887,3.4590089321136475,3.2957310676574707,4621170.0,0.07392568865202502,0.0,0.44850498338870437
2026-07-21,3.711251974105835,3.39438796043396,3.725864887237549,3.385726928710937,8640575.0,-0.018555551108575385,0.0,0.44850498338870437
2026-07-22,3.7735888957977295,3.712460041046143,3.837889909744263,3.590362071990967,6759048.0,-0.03627995873806588,0.0,0.44850498338870437
2026-07-23,3.841619968414306,3.7735869884490967,3.9020938873291016,3.690037965774536,6785490.0,-0.0557712708075937,0.0,0.44850498338870437
2026-07-24,3.731951951980591,3.841557025909424,3.907835960388184,3.6408190727233887,5380634.0,-0.029358417145287335,0.0,0.44850498338870437
2026-07-25,3.661822080612183,3.7318949699401855,3.8557090759277344,3.590759038925171,4437060.0,-0.011307498407264471,0.0,0.44850498338870437
2026-07-26,3.7114739418029785,3.661815881729126,3.7385740280151367,3.5669169425964355,3962745.0,-0.02582543526906271,0.0,0.44850498338870437
2026-07-27,3.730272054672241,3.711493015289306,3.831681966781616,3.66225790977478,4653606.0,-0.032442112700416866,0.0,0.44850498338870437
2026-07-28,3.874136924743652,3.730285882949829,3.8762810230255127,3.669181108474731,5501651.0,-0.07239396069702662,0.0,0.44850498338870437
2026-07-29,3.704303026199341,3.874089002609253,3.874089002609253,3.625813007354736,4451886.0,-0.031731908943910724,0.0,0.44850498338870437
2026-07-30,3.697706937789917,3.704332113265991,3.840248107910156,3.659764051437378,4636541.0,-0.03200499330283848,0.0,0.44850498338870437
2026-07-31,3.558578968048096,3.697732925415039,3.73540711402893,3.5418601036071777,4105189.0,0.006257378541687945,0.0,0.44850498338870437
2026-08-01,3.626878023147583,3.5585899353027344,3.788172006607056,3.531069040298462,4422604.0,-0.013668112775482215,0.0,0.44850498338870437
2026-08-02,3.5199289321899414,3.62687611579895,3.6756091117858887,3.509149074554444,3870335.0,0.017658847779217085,0.0,0.44850498338870437
2026-08-03,3.515294075012207,3.5199310779571533,3.625396013259888,3.287163019180298,5512581.0,0.020727942722078504,0.0,0.44850498338870437
2026-08-04,3.4194600582122803,3.515294075012207,3.5929970741271973,3.4110770225524902,4559582.0,0.0542684257112986,0.0,0.44850498338870437
2026-08-05,3.470525026321411,3.4194560050964355,3.503582000732422,3.3959450721740723,3675310.0,0.043062247230478835,0.0,0.44850498338870437
2026-08-06,3.5274009704589844,3.4705300331115723,3.557286024093628,3.4673779010772705,3571411.0,0.02952435695808424,0.0,0.44850498338870437
2026-08-07,3.503539085388184,3.527369976043701,3.622908115386963,3.4924099445343018,3631225.0,0.0417556981545677,0.0,0.44850498338870437
2026-08-08,3.538090944290161,3.503545999526977,3.5550100803375244,3.5019030570983887,3049658.0,0.03684595467149029,0.0,0.44850498338870437
2026-08-09,3.6804258823394775,3.538091897964477,3.813127040863037,3.5239450931549072,5607484.0,-0.0039030046657909877,0.0,0.44850498338870437
2026-08-10,3.6633551120758057,3.680430889129639,3.8332290649414062,3.62460994720459,5007652.0,0.0009233512688555379,0.0,0.44850498338870437
2026-08-11,3.682456970214844,3.663376092910767,3.946369886398315,3.64476490020752,6472025.0,-0.005691596552764892,0.0,0.44850498338870437
2026-08-12,3.717183113098145,3.682615995407105,3.8661539554595943,3.680143117904663,5170124.0,-0.022470726052395973,0.0,0.44850498338870437
2026-08-13,3.6200129985809326,3.717103958129883,3.7791950702667236,3.5895190238952637,3534519.0,0.007537161386734992,0.0,0.44850498338870437
2026-08-14,3.6472976207733154,3.6202783584594727,3.7215945720672607,3.619555711746216,3678345.0,0.0,0.0,0.44850498338870437
