Date,Close,Open,High,Low,Volume,pct_change,epoch_signal,weight,day_of_week,day_of_month,month,year
2022-01-12,0.9327099919319153,1.5405369997024536,1.680503010749817,0.8903549909591675,1972711.0,0.0931382413539843,0.0,0.027009437032216074,2,12,1,2022
2022-01-13,1.0357589721679688,0.9326980113983154,1.2905030250549316,0.9303879737854004,404164.0,0.045508147710280666,0.0,0.027009437032216074,3,13,1,2022
2022-01-14,1.0034029483795166,1.0357660055160522,1.1105539798736572,0.9513869881629944,309935.0,0.22591674097919556,1.0,0.486495281483892,4,14,1,2022
2022-01-15,1.1623859405517578,1.0029220581054688,1.2403919696807861,0.97052001953125,214061.0,0.062290017229355454,0.0,0.027009437032216074,5,15,1,2022
2022-01-16,1.2977910041809082,1.1457420587539673,1.3338539600372314,1.1127150058746338,182502.0,-0.08767937089979849,0.0,0.027009437032216074,6,16,1,2022
2022-01-17,1.1717909574508667,1.2929799556732178,1.3804700374603271,1.0502229928970337,267762.0,-0.028162369229157214,0.0,0.027009437032216074,0,17,1,2022
2022-01-18,1.1962120532989502,1.1717710494995117,1.2502830028533936,1.1124210357666016,95898.0,-0.13192898259354624,-1.0,0.486495281483892,1,18,1,2022
2022-01-19,1.0813690423965454,1.1930819749832153,1.2304099798202515,1.035099983215332,124511.0,-0.17639866848649588,-1.0,0.486495281483892,2,19,1,2022
2022-01-20,0.9954249858856201,1.0813579559326172,1.1855360269546509,0.9376800060272217,305111.0,-0.2531531766190871,-1.0,0.486495281483892,3,20,1,2022
2022-01-21,0.7858089804649353,0.9954190254211426,0.9971550107002258,0.7201840281486511,247098.0,-0.09269489635183242,0.0,0.027009437032216074,4,21,1,2022
2022-01-22,0.7010509967803955,0.7842130064964294,0.7986029982566833,0.6601129770278931,120892.0,0.04835668089705525,0.0,0.027009437032216074,5,22,1,2022
2022-01-23,0.7248860001564026,0.7015290260314941,0.7519239783287048,0.6902490258216858,49437.0,-0.02980816044377166,0.0,0.027009437032216074,6,23,1,2022
2022-01-24,0.7450169920921326,0.7250909805297852,0.8670700192451477,0.6257979869842529,148881.0,-0.1778140811121509,-1.0,0.486495281483892,0,24,1,2022
2022-01-25,0.6615399718284607,0.7450190186500549,0.7453839778900146,0.6394010186195374,88841.0,-0.1773248619062297,-1.0,0.486495281483892,1,25,1,2022
2022-01-26,0.5635449886322021,0.6613929867744446,0.673820972442627,0.4379889965057373,135925.0,-0.06541444502404942,0.0,0.027009437032216074,2,26,1,2022
2022-01-27,0.5249199867248535,0.5629749894142151,0.6202110052108765,0.4274140000343323,193665.0,0.018858150661723805,0.0,0.027009437032216074,3,27,1,2022
2022-01-28,0.5284420251846313,0.5249199867248535,0.6071130037307739,0.4816409945487976,112269.0,0.05152594479496797,0.0,0.027009437032216074,4,28,1,2022
2022-01-29,0.5411959886550903,0.528439998626709,0.5825690031051636,0.459196001291275,111199.0,0.12030304318549312,0.0,0.027009437032216074,5,29,1,2022
2022-01-30,0.5701450109481812,0.5423370003700256,0.5882189869880676,0.5172590017318726,49289.0,0.11395260607816937,0.0,0.027009437032216074,6,30,1,2022
2022-01-31,0.6424620151519775,0.5701460242271423,0.6672840118408203,0.5619829893112183,73043.0,-0.04848611950728121,0.0,0.027009437032216074,0,31,1,2022
2022-02-01,0.627767026424408,0.650829017162323,0.7004129886627197,0.5662310123443604,109487.0,-0.07192003784970313,0.0,0.027009437032216074,1,1,2,2022
2022-02-02,0.5948560237884521,0.6277679800987244,0.6441289782524109,0.573399007320404,84476.0,-0.025132194017892573,0.0,0.027009437032216074,2,2,2,2022
2022-02-03,0.5703799724578857,0.5948560237884521,0.5994750261306763,0.5501760244369507,64302.0,0.03353296992451349,0.0,0.027009437032216074,3,3,2,2022
2022-02-04,0.5894320011138916,0.5704010128974915,0.6341140270233154,0.5683339834213257,59538.0,-0.02372791340058905,0.0,0.027009437032216074,4,4,2,2022
2022-02-05,0.5895810127258301,0.5894320011138916,0.6072149872779846,0.5788040161132812,43306.0,-0.09270059186002405,0.0,0.027009437032216074,5,5,2,2022
2022-02-06,0.5613110065460205,0.5893059968948364,0.5903559923171997,0.5502430200576782,48792.0,-0.11471359536917197,-1.0,0.486495281483892,6,6,2,2022
2022-02-07,0.508542001247406,0.5613089799880981,0.5613089799880981,0.49028700590133667,101767.0,-0.013055972519195269,0.0,0.027009437032216074,0,7,2,2022
2022-02-08,0.4853000044822693,0.5084419846534729,0.5403289794921875,0.47062501311302185,63586.0,0.008488534058594788,0.0,0.027009437032216074,1,8,2,2022
2022-02-09,0.5185049772262573,0.4852930009365082,0.5366770029067993,0.4543069899082184,79028.0,-0.12666701727885854,-1.0,0.486495281483892,2,9,2,2022
2022-02-10,0.46033400297164917,0.5184980034828186,0.521386981010437,0.44039100408554077,64587.0,-0.04093117512177391,0.0,0.027009437032216074,3,10,2,2022
2022-02-11,0.4453209936618805,0.46036601066589355,0.48143601417541504,0.3612709939479828,120723.0,-0.022817243414469057,0.0,0.027009437032216074,4,11,2,2022
2022-02-12,0.4376629889011383,0.44510000944137573,0.4705680012702942,0.4045239984989166,73733.0,-0.049770001538248565,0.0,0.027009437032216074,5,12,2,2022
2022-02-13,0.43265700340270996,0.43766099214553833,0.4587630033493042,0.4217050075531006,40860.0,-0.08554237075651827,0.0,0.027009437032216074,6,13,2,2022
2022-02-14,0.3991039991378784,0.43393200635910034,0.44226598739624023,0.3974530100822449,61273.0,-0.05937924423083296,0.0,0.027009437032216074,0,14,2,2022
2022-02-15,0.39218899607658386,0.3989349901676178,0.4352419972419739,0.3661220073699951,74110.0,-0.0672685481158013,0.0,0.027009437032216074,1,15,2,2022
2022-02-16,0.3586220145225525,0.3911139965057373,0.402880996465683,0.3586220145225525,38958.0,0.027021468155439266,0.0,0.027009437032216074,2,16,2,2022
2022-02-17,0.37299200892448425,0.3585439920425415,0.40185999870300293,0.3432930111885071,51491.0,0.007134173648989051,0.0,0.027009437032216074,3,17,2,2022
2022-02-18,0.36363300681114197,0.3729879856109619,0.38405001163482666,0.3578389883041382,29171.0,0.008934803830250693,0.0,0.027009437032216074,4,18,2,2022
2022-02-19,0.3876729905605316,0.36362800002098083,0.39029601216316223,0.35535699129104614,32258.0,-0.11556646000387294,-1.0,0.486495281483892,5,19,2,2022
2022-02-20,0.34609100222587585,0.3876659870147705,0.38898900151252747,0.3441619873046875,31279.0,-0.05643170384763063,0.0,0.027009437032216074,6,20,2,2022
2022-02-21,0.3396509885787964,0.3460890054702759,0.3461630046367645,0.318338006734848,30946.0,-0.022562832571540237,0.0,0.027009437032216074,0,21,2,2022
2022-02-22,0.3134700059890747,0.33908501267433167,0.341623991727829,0.30012598633766174,20993.0,0.07300537310753785,0.0,0.027009437032216074,1,22,2,2022
2022-02-23,0.350504994392395,0.3132230043411255,0.3622939884662628,0.3051519989967346,32073.0,-0.033005197859092894,0.0,0.027009437032216074,2,23,2,2022
2022-02-24,0.3222050070762634,0.35053399205207825,0.35426199436187744,0.3086149990558624,46314.0,0.12722489563337092,0.0,0.027009437032216074,3,24,2,2022
2022-02-25,0.35566800832748413,0.3222070038318634,0.4102169871330261,0.31556999683380127,42427.0,-0.01498168546663814,0.0,0.027009437032216074,4,25,2,2022
2022-02-26,0.370727002620697,0.3556729853153229,0.3848769962787628,0.3501180112361908,31699.0,-0.1056370359211205,-1.0,0.486495281483892,5,26,2,2022
2022-02-27,0.3299520015716553,0.37089601159095764,0.3771800100803375,0.32914701104164124,35506.0,0.01534315772816186,0.0,0.027009437032216074,6,27,2,2022
2022-02-28,0.33317700028419495,0.3299570083618164,0.3398500084877014,0.32047200202941895,28874.0,0.010032232917828177,0.0,0.027009437032216074,0,28,2,2022
2022-03-01,0.3368520140647888,0.3331800103187561,0.34067198634147644,0.33096399903297424,24136.0,-0.00026869262855006015,0.0,0.027009437032216074,1,1,3,2022
2022-03-02,0.3361870050430298,0.33694198727607727,0.3391830027103424,0.33410900831222534,22893.0,-0.001058945279686363,0.0,0.027009437032216074,2,2,3,2022
2022-03-03,0.337336003780365,0.33618900179862976,0.33857598900794983,0.33604899048805237,25404.0,-0.04777284767240697,0.0,0.027009437032216074,3,3,3,2022
2022-03-04,0.33432599902153015,0.3373349905014038,0.3380729854106903,0.33402401208877563,34399.0,-0.08581893274621172,0.0,0.027009437032216074,4,4,3,2022
2022-03-05,0.30811500549316406,0.33432599902153015,0.33463600277900696,0.30807098746299744,22192.0,-0.04741902790932334,0.0,0.027009437032216074,5,5,3,2022
2022-03-06,0.30315399169921875,0.3081139922142029,0.31517601013183594,0.30006200075149536,20702.0,-0.11753432899207245,-1.0,0.486495281483892,6,6,3,2022
2022-03-07,0.28385499119758606,0.3031559884548187,0.3128870129585266,0.2806659936904907,29499.0,-0.13270506676768234,-1.0,0.486495281483892,0,7,3,2022
2022-03-08,0.25119099020957947,0.283845990896225,0.2838920056819916,0.2511740028858185,32369.0,-0.0020979534965060997,0.0,0.027009437032216074,1,8,3,2022
2022-03-09,0.24118100106716156,0.25119200348854065,0.25220298767089844,0.2402449995279312,24082.0,0.03970669090746881,0.0,0.027009437032216074,2,9,3,2022
2022-03-10,0.26014700531959534,0.24117900431156158,0.2802579998970032,0.23083600401878357,41628.0,-0.055864589473008874,0.0,0.027009437032216074,3,10,3,2022
2022-03-11,0.24136799573898315,0.2601509988307953,0.2601650059223175,0.23005400598049164,30290.0,0.04784194056377078,0.0,0.027009437032216074,4,11,3,2022
2022-03-12,0.2498600035905838,0.2412720024585724,0.2509090006351471,0.2378229945898056,19583.0,-0.02118784545708119,0.0,0.027009437032216074,5,12,3,2022
2022-03-13,0.2559710144996643,0.24982500076293945,0.27108800411224365,0.24981799721717834,24274.0,-0.1143450163127977,-1.0,0.486495281483892,6,13,3,2022
2022-03-14,0.23316100239753723,0.25596898794174194,0.2561730146408081,0.23170199990272522,20024.0,-0.03832114689109911,0.0,0.027009437032216074,0,14,3,2022
2022-03-15,0.22024300694465637,0.23316000401973724,0.23320600390434265,0.22002699971199036,30500.0,0.03506806173478161,0.0,0.027009437032216074,1,15,3,2022
2022-03-16,0.2282090038061142,0.22031299769878387,0.24523499608039856,0.21198099851608276,30822.0,-0.015352161206703574,0.0,0.027009437032216074,2,16,3,2022
2022-03-17,0.22772400081157684,0.2282080054283142,0.2561100125312805,0.22694499790668488,26259.0,-0.06247914662577925,0.0,0.027009437032216074,3,17,3,2022
2022-03-18,0.22168700397014618,0.2277189940214157,0.2277189940214157,0.2131039947271347,26436.0,-0.1149571662285343,-1.0,0.486495281483892,4,18,3,2022
2022-03-19,0.20530499517917633,0.22168800234794617,0.22259199619293213,0.20200799405574799,21321.0,-0.1179927325038096,-1.0,0.486495281483892,5,19,3,2022
2022-03-20,0.18709999322891235,0.20530399680137634,0.2057420015335083,0.15660299360752106,48648.0,-0.09028057191152516,0.0,0.027009437032216074,6,20,3,2022
2022-03-21,0.17506100237369537,0.18709799647331238,0.18709799647331238,0.17257000505924225,22920.0,-0.05494658944029035,0.0,0.027009437032216074,0,21,3,2022
2022-03-22,0.16535599529743195,0.17507100105285645,0.17526200413703918,0.16525700688362122,24596.0,0.1601907766102696,1.0,0.486495281483892,1,22,3,2022
2022-03-23,0.16552799940109253,0.16531799733638763,0.16617099940776825,0.15105299651622772,23343.0,0.2498489880987318,1.0,0.486495281483892,2,23,3,2022
2022-03-24,0.21816100180149078,0.16553500294685364,0.2837580144405365,0.1651030033826828,124195.0,-0.10300192540751751,-1.0,0.486495281483892,3,24,3,2022
2022-03-25,0.19560900330543518,0.2173209935426712,0.24513599276542664,0.18192799389362335,43322.0,6.642747696400386e-05,0.0,0.027009437032216074,4,25,3,2022
2022-03-26,0.1957709938287735,0.19561299681663513,0.19798800349235535,0.18663999438285828,23948.0,0.02555539596721529,0.0,0.027009437032216074,5,26,3,2022
2022-03-27,0.19547300040721893,0.1957709938287735,0.2138260006904602,0.19506999850273132,17969.0,0.11848951335538094,0.0,0.027009437032216074,6,27,3,2022
2022-03-28,0.20607499778270721,0.19547100365161896,0.2114260047674179,0.19405199587345123,28242.0,0.08383842057740654,0.0,0.027009437032216074,0,28,3,2022
2022-03-29,0.23119400441646576,0.20607399940490723,0.2553139925003052,0.19407600164413452,33890.0,-0.06836900305359261,0.0,0.027009437032216074,1,29,3,2022
2022-03-30,0.21550999581813812,0.2311989963054657,0.2521120011806488,0.21273499727249146,29496.0,-0.054744534379671306,0.0,0.027009437032216074,2,30,3,2022
2022-03-31,0.21526500582695007,0.21550899744033813,0.22704799473285675,0.21526400744915009,13122.0,-0.10857551368215429,-1.0,0.486495281483892,3,31,3,2022
2022-04-01,0.1921589970588684,0.21526600420475006,0.21527299284934998,0.18567700684070587,26710.0,0.005102565438741324,0.0,0.027009437032216074,4,1,4,2022
2022-04-02,0.19162599742412567,0.19216099381446838,0.19705000519752502,0.18853400647640228,8930.0,-0.02373893285923584,0.0,0.027009437032216074,5,2,4,2022
2022-04-03,0.1946530044078827,0.19162699580192566,0.20023800432682037,0.18806099891662598,22142.0,-0.013215859030836996,0.0,0.027009437032216074,6,3,4,2022
2022-04-04,0.1795009970664978,0.19465400278568268,0.19505999982357025,0.1701440066099167,55019.0,0.06982134810679103,0.0,0.027009437032216074,0,4,4,2022
2022-04-05,0.20465999841690063,0.17949999868869781,0.21702000498771667,0.1726119965314865,37369.0,-0.09355025665295424,0.0,0.027009437032216074,1,5,4,2022
2022-04-06,0.179407998919487,0.20466099679470062,0.20471100509166718,0.17536400258541107,23261.0,0.08667674651223312,0.0,0.027009437032216074,2,6,4,2022
2022-04-07,0.19162000715732574,0.17913700640201569,0.21008199453353882,0.1752289980649948,36729.0,0.0390381324915523,0.0,0.027009437032216074,3,7,4,2022
2022-04-08,0.19829699397087097,0.19162000715732574,0.21056699752807617,0.18624399602413177,49448.0,-0.002680295887592943,0.0,0.027009437032216074,4,8,4,2022
2022-04-09,0.19990399479866028,0.19883599877357483,0.21408799290657043,0.19739900529384613,25994.0,-0.0009003878398816667,0.0,0.027009437032216074,5,9,4,2022
2022-04-10,0.19562700390815735,0.19990099966526031,0.20133300125598907,0.19556699693202972,20337.0,0.056352129513129845,0.0,0.027009437032216074,6,10,4,2022
2022-04-11,0.20382100343704224,0.19562800228595734,0.22508999705314636,0.18407699465751648,30704.0,0.044396790336971304,0.0,0.027009437032216074,0,11,4,2022
2022-04-12,0.20948100090026855,0.20363099873065948,0.27350300550460815,0.19234099984169006,75055.0,0.07548894468301115,0.0,0.027009437032216074,1,12,4,2022
2022-04-13,0.21625900268554688,0.20947200059890747,0.22996799647808075,0.20642000436782837,20325.0,0.09012108954684162,0.0,0.027009437032216074,2,13,4,2022
2022-04-14,0.23432999849319458,0.21626000106334686,0.23801599442958832,0.215161994099617,25912.0,0.03964708545672602,0.0,0.027009437032216074,3,14,4,2022
2022-04-15,0.23716700077056885,0.2343280017375946,0.2676979899406433,0.23104199767112732,31225.0,-0.01708079061030887,0.0,0.027009437032216074,4,15,4,2022
2022-04-16,0.25007399916648865,0.23710599541664124,0.2500779926776886,0.23623499274253845,23399.0,-0.13568584228201075,-1.0,0.486495281483892,5,16,4,2022
2022-04-17,0.21615800261497498,0.25007298588752747,0.2540520131587982,0.2072650045156479,27176.0,0.0035760773488813236,0.0,0.027009437032216074,6,17,4,2022
2022-04-18,0.21612699329853058,0.21615900099277496,0.22650299966335297,0.20725199580192566,30008.0,-0.014961076009389729,0.0,0.027009437032216074,0,18,4,2022
2022-04-19,0.21773500740528107,0.2161259949207306,0.23006300628185272,0.20724299550056458,25339.0,-0.04545666700588674,0.0,0.027009437032216074,1,19,4,2022
2022-04-20,0.20805199444293976,0.2182070016860962,0.21821700036525726,0.2080480009317398,29335.0,-0.015750816870173046,0.0,0.027009437032216074,2,20,4,2022
2022-04-21,0.20762300491333008,0.20805199444293976,0.21112699806690216,0.20714500546455383,18197.0,-0.04856156569449516,0.0,0.027009437032216074,3,21,4,2022
2022-04-22,0.20192700624465942,0.20760999619960785,0.20764900743961334,0.20002199709415436,17941.0,-0.05701319126163412,0.0,0.027009437032216074,4,22,4,2022
2022-04-23,0.1931540071964264,0.20192499458789825,0.20192499458789825,0.19253499805927277,12864.0,-0.058184182091729375,0.0,0.027009437032216074,5,23,4,2022
2022-04-24,0.18767499923706055,0.1930219978094101,0.19319400191307068,0.18619300425052643,32634.0,-0.05174103206947456,0.0,0.027009437032216074,6,24,4,2022
2022-04-25,0.17615599930286407,0.18767499923706055,0.19055399298667908,0.17587900161743164,36021.0,0.020260448031316214,0.0,0.027009437032216074,0,25,4,2022
2022-04-26,0.1797730028629303,0.1761530041694641,0.1824280023574829,0.17503300309181213,20769.0,0.031058583951642016,0.0,0.027009437032216074,1,26,4,2022
2022-04-27,0.17967699468135834,0.17977100610733032,0.18224599957466125,0.1795019954442978,10121.0,0.048019521444786606,0.0,0.027009437032216074,2,27,4,2022
2022-04-28,0.19103600084781647,0.17965799570083618,0.20110200345516205,0.17952300608158112,44387.0,-0.05789749605486155,0.0,0.027009437032216074,3,28,4,2022
2022-04-29,0.1855739951133728,0.19103799760341644,0.19111600518226624,0.18543599545955658,12483.0,-0.06423581501341774,0.0,0.027009437032216074,4,29,4,2022
2022-04-30,0.17437699437141418,0.18558000028133392,0.18612200021743774,0.17401400208473206,15630.0,-0.01259335604237205,0.0,0.027009437032216074,5,30,4,2022
2022-05-01,0.17293000221252441,0.1744370013475418,0.17899900674819946,0.17201699316501617,23598.0,-0.0074885809179660034,0.0,0.027009437032216074,6,1,5,2022
2022-05-02,0.1714320033788681,0.17292700707912445,0.18012100458145142,0.17002199590206146,25027.0,0.024094086829737016,0.0,0.027009437032216074,0,2,5,2022
2022-05-03,0.17183800041675568,0.1714320033788681,0.18363800644874573,0.17142300307750702,17944.0,0.025224350327740064,0.0,0.027009437032216074,1,3,5,2022
2022-05-04,0.17928700149059296,0.17183400690555573,0.19490300118923187,0.17143100500106812,30358.0,-0.06313621787426216,0.0,0.027009437032216074,2,4,5,2022
2022-05-05,0.17305800318717957,0.17928700149059296,0.18585200607776642,0.17000000178813934,29721.0,-0.07711581967750913,0.0,0.027009437032216074,3,5,5,2022
2022-05-06,0.16287699341773987,0.17295800149440765,0.1731799989938736,0.15858100354671478,18296.0,-0.062249405104437217,0.0,0.027009437032216074,4,6,5,2022
2022-05-07,0.15654799342155457,0.1628749966621399,0.1628749966621399,0.1544560045003891,12840.0,-0.061549771087436034,0.0,0.027009437032216074,5,7,5,2022
2022-05-08,0.14892800152301788,0.15654699504375458,0.15658700466156006,0.14884799718856812,21373.0,-0.005341497114030702,0.0,0.027009437032216074,6,8,5,2022
2022-05-09,0.144896999001503,0.14893099665641785,0.15175999701023102,0.12552699446678162,40950.0,-0.08601279551882263,0.0,0.027009437032216074,0,9,5,2022
2022-05-10,0.15136800706386566,0.14500199258327484,0.17249299585819244,0.1439789980649948,28252.0,-0.2131725705555203,-1.0,0.486495281483892,1,10,5,2022
2022-05-11,0.11349999904632568,0.15136800706386566,0.15136800706386566,0.09451799839735031,64981.0,0.09683700203863632,0.0,0.027009437032216074,2,11,5,2022
2022-05-12,0.12470100075006485,0.11349999904632568,0.12492600083351135,0.07727500051259995,34852.0,-0.06428980912745558,0.0,0.027009437032216074,3,12,5,2022
2022-05-13,0.12428099662065506,0.12469100207090378,0.16258400678634644,0.11035799980163574,42441.0,-0.12876062312204523,-1.0,0.486495281483892,4,13,5,2022
2022-05-14,0.10908699780702591,0.12428099662065506,0.1243320032954216,0.10293100029230118,9782.0,0.030856115009149754,0.0,0.027009437032216074,5,14,5,2022
2022-05-15,0.10746999830007553,0.10874699801206589,0.11142899841070175,0.10379999876022339,9772.0,0.09726900548023598,0.0,0.027009437032216074,6,15,5,2022
2022-05-16,0.1174359992146492,0.10747099667787552,0.13040700554847717,0.10742399841547012,11929.0,0.032443200552112916,0.0,0.027009437032216074,0,16,5,2022
2022-05-17,0.11841099709272385,0.1174359992146492,0.12014099955558777,0.11696299910545349,9579.0,0.05814071795155751,0.0,0.027009437032216074,1,17,5,2022
2022-05-18,0.12408100068569183,0.11840999871492386,0.13028599321842194,0.11699400097131729,15573.0,-0.00996528134301522,0.0,0.027009437032216074,2,18,5,2022
2022-05-19,0.12650999426841736,0.12407899647951126,0.12895800173282623,0.1240449994802475,9043.0,-0.034748205582558755,0.0,0.027009437032216074,3,19,5,2022
2022-05-20,0.11917900294065475,0.12650799751281738,0.1265220046043396,0.1141669973731041,15008.0,0.025503604509520716,0.0,0.027009437032216074,4,20,5,2022
2022-05-21,0.12504899501800537,0.11918800324201584,0.12645499408245087,0.11706899851560593,11206.0,-0.02984027685757784,0.0,0.027009437032216074,5,21,5,2022
2022-05-22,0.11938799917697906,0.12504799664020538,0.12909400463104248,0.11936099827289581,12702.0,0.028821979749607873,0.0,0.027009437032216074,6,22,5,2022
2022-05-23,0.12324699759483337,0.11938799917697906,0.1351879984140396,0.11936800181865692,16527.0,-0.019696218071746374,0.0,0.027009437032216074,0,23,5,2022
2022-05-24,0.12241099774837494,0.12324299663305283,0.12714999914169312,0.1223979964852333,9866.0,-0.0368920942442984,0.0,0.027009437032216074,1,24,5,2022
2022-05-25,0.11922799795866013,0.12240900099277496,0.12371800094842911,0.11837799847126007,7220.0,-0.04114804232910696,0.0,0.027009437032216074,2,25,5,2022
2022-05-26,0.11656200140714645,0.11922699958086014,0.12047900259494781,0.11289399862289429,11918.0,-0.06605069823384768,0.0,0.027009437032216074,3,26,5,2022
2022-05-27,0.11208199709653854,0.11657200008630753,0.11730600148439407,0.10039199888706207,20727.0,-0.10344210291416345,-1.0,0.486495281483892,4,27,5,2022
2022-05-28,0.10564400255680084,0.1114799976348877,0.11208800226449966,0.09990700334310532,20298.0,-0.07463274980185902,0.0,0.027009437032216074,5,28,5,2022
2022-05-29,0.09533199667930603,0.10564500093460083,0.10804899781942368,0.09491900354623795,19975.0,0.025673484616627884,0.0,0.027009437032216074,6,29,5,2022
2022-05-30,0.10018700361251831,0.09533199667930603,0.10281900316476822,0.09491000324487686,18399.0,-0.03889729894060123,0.0,0.027009437032216074,0,30,5,2022
2022-05-31,0.09537199884653091,0.1001880019903183,0.10038799792528152,0.09495499730110168,11783.0,0.03693432494209459,0.0,0.027009437032216074,1,31,5,2022
2022-06-01,0.09720800071954727,0.09537100046873093,0.10534500330686569,0.09496600180864334,26450.0,0.013399095902004443,0.0,0.027009437032216074,2,1,6,2022
2022-06-02,0.10058099776506424,0.09720499813556671,0.10204300284385681,0.09592500329017639,22658.0,-0.039957805153916504,0.0,0.027009437032216074,3,2,6,2022
2022-06-03,0.09644000232219696,0.10057900100946426,0.10095500200986862,0.09591100364923477,13975.0,-0.005251987066089037,0.0,0.027009437032216074,4,3,6,2022
2022-06-04,0.09668400138616562,0.09644000232219696,0.09763400256633759,0.09493999928236008,15271.0,-0.04063238077271841,0.0,0.027009437032216074,5,4,6,2022
2022-06-05,0.09518299996852875,0.09668300300836563,0.09689400345087051,0.09492799639701843,11643.0,-0.027074155754026163,0.0,0.027009437032216074,6,5,6,2022
2022-06-06,0.09032800048589706,0.09518200159072876,0.0952330008149147,0.08993600308895111,11427.0,0.07890131651283327,0.0,0.027009437032216074,0,6,6,2022
2022-06-07,0.0948840007185936,0.09032700210809708,0.1053600013256073,0.08493699878454208,30720.0,0.014775916825250479,0.0,0.027009437032216074,1,7,6,2022
2022-06-08,0.10002599656581879,0.0948840007185936,0.11913400143384933,0.08917000144720078,27604.0,-0.08502783781798823,0.0,0.027009437032216074,2,8,6,2022
2022-06-09,0.0925460010766983,0.10002700239419937,0.10002700239419937,0.0919170007109642,19265.0,-0.06972748615806668,0.0,0.027009437032216074,3,9,6,2022
2022-06-10,0.0904960036277771,0.09255000203847885,0.0948989987373352,0.08692800253629684,4853.0,-0.059306523670675404,0.0,0.027009437032216074,4,10,6,2022
2022-06-11,0.0816899985074997,0.0904960036277771,0.09153600037097931,0.08168900012969971,5787.0,0.015662910153602883,0.0,0.027009437032216074,5,11,6,2022
2022-06-12,0.08856800198554993,0.08168900012969971,0.08995500206947327,0.07934899628162384,10304.0,-0.09361171277544722,0.0,0.027009437032216074,6,12,6,2022
2022-06-13,0.07737100124359131,0.08856700360774994,0.08856700360774994,0.07615300267934799,10211.0,0.04864221498070209,0.0,0.027009437032216074,0,13,6,2022
2022-06-14,0.08318299800157547,0.0773719996213913,0.0847959965467453,0.07590600103139877,13082.0,-0.05754179290980721,0.0,0.027009437032216074,1,14,6,2022
2022-06-15,0.07908599823713303,0.0831810012459755,0.0831810012459755,0.07763800024986267,7115.0,-0.017512576611605213,0.0,0.027009437032216074,2,15,6,2022
2022-06-16,0.07770700007677078,0.07908499985933304,0.08072300255298615,0.07767999917268753,2470.0,-0.040755654764102034,0.0,0.027009437032216074,3,16,6,2022
2022-06-17,0.07769499719142914,0.07770799845457077,0.07835700362920761,0.07766799628734589,3640.0,-0.0785699928826551,0.0,0.027009437032216074,4,17,6,2022
2022-06-18,0.07138500362634659,0.07769399881362915,0.07839900255203247,0.0713760033249855,4620.0,-0.020137336575956122,0.0,0.027009437032216074,5,18,6,2022
2022-06-19,0.0717960000038147,0.071383997797966,0.07271300256252289,0.0698930025100708,3444.0,-0.03473035697533572,0.0,0.027009437032216074,6,19,6,2022
2022-06-20,0.0680989995598793,0.0718040019273758,0.0718040019273758,0.06807500123977661,6991.0,0.035933004182780226,0.0,0.027009437032216074,0,20,6,2022
2022-06-21,0.07050599902868271,0.06809999793767929,0.07989999651908875,0.06545200198888779,11687.0,0.0010850503875293738,0.0,0.027009437032216074,1,21,6,2022
2022-06-22,0.07058600336313248,0.07050599902868271,0.07188300043344498,0.06708099693059921,4932.0,0.0590343378376767,0.0,0.027009437032216074,2,22,6,2022
2022-06-23,0.07057899981737137,0.07058600336313248,0.07297799736261368,0.06743200123310089,3506.0,0.07095596272883442,0.0,0.027009437032216074,3,23,6,2022
2022-06-24,0.07892700284719467,0.07057800143957138,0.08020900189876556,0.06994599848985672,11784.0,-0.041272337132836345,0.0,0.027009437032216074,4,24,6,2022
2022-06-25,0.07224699854850769,0.07892800122499466,0.07898099720478058,0.07200700044631958,5035.0,0.09720823139278123,0.0,0.027009437032216074,5,25,6,2022
2022-06-26,0.07909200340509415,0.07224799692630768,0.07996399700641632,0.07197900116443634,11010.0,-0.024174444487044477,0.0,0.027009437032216074,6,26,6,2022
2022-06-27,0.07944799959659576,0.07909700274467468,0.0799349993467331,0.07895399630069733,5739.0,-0.09447062971885889,0.0,0.027009437032216074,0,27,6,2022
2022-06-28,0.07491199672222137,0.07944899797439575,0.0797950029373169,0.07490299642086029,4708.0,-0.053175696736531775,0.0,0.027009437032216074,1,28,6,2022
2022-06-29,0.06897299736738205,0.07491300255060196,0.07491300255060196,0.06841199845075607,6026.0,0.0420309743589965,0.0,0.027009437032216074,2,29,6,2022
2022-06-30,0.07288400083780289,0.06897299736738205,0.0779229998588562,0.0637189969420433,10996.0,-0.03588579402135994,0.0,0.027009437032216074,3,30,6,2022
2022-07-01,0.07085999846458435,0.07288700342178345,0.07381600141525269,0.06723599880933762,4926.0,-0.018748209904919433,0.0,0.027009437032216074,4,1,7,2022
2022-07-02,0.06967700272798538,0.07081899791955948,0.07082600146532059,0.0692719966173172,1144.0,-0.01434480242440861,0.0,0.027009437032216074,5,2,7,2022
2022-07-03,0.06938599795103073,0.06967700272798538,0.07020500302314758,0.06639000028371811,2162.0,-0.02834862997084342,0.0,0.027009437032216074,6,3,7,2022
2022-07-04,0.06796900182962418,0.06938499957323074,0.07041899859905243,0.06724700331687927,2853.0,-0.03352267900373196,0.0,0.027009437032216074,0,4,7,2022
2022-07-05,0.06686899811029434,0.06797000020742416,0.06994199752807617,0.06626400351524353,2649.0,-0.0685594047022815,0.0,0.027009437032216074,1,5,7,2022
2022-07-06,0.06451199948787689,0.06686899811029434,0.06691200286149979,0.06448599696159363,2170.0,-0.06969247183222704,0.0,0.027009437032216074,2,6,7,2022
2022-07-07,0.06005699932575226,0.0645110011100769,0.06451699882745743,0.0599530003964901,5712.0,0.040220134345419045,0.0,0.027009437032216074,3,7,7,2022
2022-07-08,0.059974998235702515,0.060054998844861984,0.06133899837732315,0.05995900183916092,2521.0,0.09815759776627919,0.0,0.027009437032216074,4,8,7,2022
2022-07-09,0.064970001578331,0.059974998235702515,0.06506899744272232,0.05996000021696091,10617.0,0.0033476580498951747,0.0,0.027009437032216074,5,9,7,2022
2022-07-10,0.06675399839878082,0.064970001578331,0.06731600314378738,0.06496100127696991,11216.0,-0.06993586187729994,0.0,0.027009437032216074,6,10,7,2022
2022-07-11,0.06362099945545197,0.06654399633407593,0.06681700050830841,0.06331799924373627,13530.0,-0.03473693727159388,0.0,0.027009437032216074,0,11,7,2022
2022-07-12,0.06055000051856041,0.06362099945545197,0.06362300366163254,0.06045199930667877,12193.0,0.009380686950908101,0.0,0.027009437032216074,1,12,7,2022
2022-07-13,0.062272001057863235,0.06055000051856041,0.06353799998760223,0.05997399985790253,16169.0,-0.042611446880305714,0.0,0.027009437032216074,2,13,7,2022
2022-07-14,0.059964001178741455,0.06196200102567673,0.06196200102567673,0.05996200069785118,12421.0,-0.01515910575142465,0.0,0.027009437032216074,3,14,7,2022
2022-07-15,0.05927300080657005,0.05996299907565117,0.06003500148653984,0.05556400120258331,20776.0,-0.029389430880257195,0.0,0.027009437032216074,4,15,7,2022
2022-07-16,0.05883700028061867,0.05927199870347977,0.05953799933195114,0.058093998581171036,10062.0,-0.07530123743054062,0.0,0.027009437032216074,5,16,7,2022
2022-07-17,0.0562250018119812,0.05883700028061867,0.0608769990503788,0.054983001202344894,19578.0,-0.06053359671747771,0.0,0.027009437032216074,6,17,7,2022
2022-07-18,0.052588000893592834,0.056334998458623886,0.056356001645326614,0.052581001073122025,16459.0,0.11155585909352506,0.0,0.027009437032216074,0,18,7,2022
2022-07-19,0.05305499956011772,0.05258899927139282,0.05399300158023834,0.05111299827694893,20966.0,0.12777310492750127,0.0,0.027009437032216074,1,19,7,2022
2022-07-20,0.06385400146245956,0.05305499956011772,0.06710399687290192,0.05304199829697609,16635.0,-0.14784508524108558,-1.0,0.486495281483892,2,20,7,2022
2022-07-21,0.055814001709222794,0.06383299827575684,0.0642549991607666,0.05570000037550926,9980.0,-0.05691226078606465,0.0,0.027009437032216074,3,21,7,2022
2022-07-22,0.05301300063729286,0.05581500008702278,0.055998001247644424,0.05252299830317497,16768.0,-0.012185703888579591,0.0,0.027009437032216074,4,22,7,2022
2022-07-23,0.05226200073957443,0.05301300063729286,0.054666001349687576,0.052250999957323074,11784.0,-0.0017125628716683217,0.0,0.027009437032216074,5,23,7,2022
2022-07-24,0.05247199907898903,0.05226200073957443,0.05282299965620041,0.05199100077152252,8907.0,-0.02000114303199535,0.0,0.027009437032216074,6,24,7,2022
2022-07-25,0.05187299847602844,0.05247199907898903,0.052983999252319336,0.05160199850797653,11542.0,-0.026603405265749336,0.0,0.027009437032216074,0,25,7,2022
2022-07-26,0.050971999764442444,0.05188300088047981,0.0518920011818409,0.05095199868083,10642.0,-0.015596784609344438,0.0,0.027009437032216074,1,26,7,2022
2022-07-27,0.05001400038599968,0.050971999764442444,0.05150299891829491,0.05000799894332886,13235.0,0.00647817952228491,0.0,0.027009437032216074,2,27,7,2022
2022-07-28,0.05034000054001808,0.05001400038599968,0.050898000597953796,0.05000999942421913,13789.0,0.014610626875179333,0.0,0.027009437032216074,3,28,7,2022
2022-07-29,0.050335999578237534,0.05034000054001808,0.05096900090575218,0.05029899999499321,7136.0,0.029402417871506104,0.0,0.027009437032216074,4,29,7,2022
2022-07-30,0.05181499943137169,0.050335999578237534,0.053015001118183136,0.05033399909734726,8361.0,0.015130761177866159,0.0,0.027009437032216074,5,30,7,2022
2022-07-31,0.05181699991226196,0.0518140010535717,0.053394000977277756,0.051681000739336014,15571.0,0.06576991873191884,0.0,0.027009437032216074,6,31,7,2022
2022-08-01,0.053380999714136124,0.05180700123310089,0.057743001729249954,0.05180199816823006,21063.0,0.17975497567824583,1.0,0.486495281483892,0,1,8,2022
2022-08-02,0.057068999856710434,0.053380999714136124,0.07336200028657913,0.051982998847961426,30314.0,0.29742065309197663,1.0,0.486495281483892,1,2,8,2022
2022-08-03,0.0688840001821518,0.057068001478910446,0.07550700008869171,0.05279000103473663,30611.0,0.23987426685590563,1.0,0.486495281483892,2,3,8,2022
2022-08-04,0.07920099794864655,0.0688840001821518,0.08992700278759003,0.06683599948883057,36567.0,0.15115344258581564,1.0,0.486495281483892,3,4,8,2022
2022-08-05,0.0916140004992485,0.07919900119304657,0.09371399879455566,0.07805699855089188,31828.0,-0.08238916128960899,0.0,0.027009437032216074,4,5,8,2022
2022-08-06,0.09073100239038467,0.0916140004992485,0.09179899841547012,0.09071099758148193,14418.0,-0.06880230920282293,0.0,0.027009437032216074,5,6,8,2022
2022-08-07,0.07740099728107452,0.09073200076818466,0.09074199944734573,0.07700999826192856,11816.0,0.122873122482694,0.0,0.027009437032216074,6,7,8,2022
2022-08-08,0.0915760025382042,0.07740200310945511,0.09504000097513199,0.07673200219869614,29089.0,-0.071377936743453,0.0,0.027009437032216074,0,8,8,2022
2022-08-09,0.08224699646234512,0.09157499670982361,0.09611699730157852,0.08201400190591812,15570.0,0.07370483118723103,0.0,0.027009437032216074,1,9,8,2022
2022-08-10,0.0878319963812828,0.08224699646234512,0.08806099742650986,0.0800279974937439,22557.0,0.04391340082389683,0.0,0.027009437032216074,2,10,8,2022
2022-08-11,0.08878599852323532,0.0878319963812828,0.09488099813461304,0.08705099672079086,19274.0,0.11262472564658454,0.0,0.027009437032216074,3,11,8,2022
2022-08-12,0.09459199756383896,0.08833499997854233,0.09654399752616882,0.0838640034198761,22378.0,0.20191454374762674,1.0,0.486495281483892,4,12,8,2022
2022-08-13,0.10297899693250656,0.09444200247526169,0.10499399900436401,0.08948499709367752,17749.0,0.2930743147305519,1.0,0.486495281483892,5,13,8,2022
2022-08-14,0.12440399825572968,0.10297799855470657,0.1725279986858368,0.09824000298976898,44896.0,0.15451270876077472,1.0,0.486495281483892,6,14,8,2022
2022-08-15,0.1419149935245514,0.12418200075626373,0.14967800676822662,0.12063699960708618,25089.0,-0.014209155339375612,0.0,0.027009437032216074,0,15,8,2022
2022-08-16,0.14533700048923492,0.1419139951467514,0.15002000331878662,0.12425900250673294,20741.0,-0.12754494560410262,-1.0,0.486495281483892,1,16,8,2022
2022-08-17,0.13446000218391418,0.14528800547122955,0.14528900384902954,0.1273300051689148,27364.0,-0.11867099619680171,-1.0,0.486495281483892,2,17,8,2022
2022-08-18,0.11913999915122986,0.13436999917030334,0.1374090015888214,0.11860000342130661,22637.0,-0.014839688068689905,0.0,0.027009437032216074,3,18,8,2022
2022-08-19,0.11786700040102005,0.11913900077342987,0.14007100462913513,0.0994660034775734,55971.0,-0.0276922505099767,0.0,0.027009437032216074,4,19,8,2022
2022-08-20,0.1168769970536232,0.11786600202322006,0.11786600202322006,0.10999999940395355,15726.0,-0.060905885874036225,0.0,0.027009437032216074,5,20,8,2022
2022-08-21,0.11232899874448776,0.1168769970536232,0.1253110021352768,0.10999900102615356,13728.0,-0.05760309243305972,0.0,0.027009437032216074,6,21,8,2022
2022-08-22,0.10718800127506256,0.11232999712228775,0.11243099719285965,0.10499899834394455,18279.0,0.01785180304076106,0.0,0.027009437032216074,0,22,8,2022
2022-08-23,0.1045290008187294,0.10717800259590149,0.10720700025558472,0.1034339964389801,12376.0,0.11827337755160594,0.0,0.027009437032216074,1,23,8,2022
2022-08-24,0.11367399990558624,0.1045290008187294,0.12476599961519241,0.10413199663162231,28906.0,0.014721900003578647,0.0,0.027009437032216074,2,24,8,2022
2022-08-25,0.12010999768972397,0.11367399990558624,0.13047200441360474,0.11287999898195267,23341.0,-0.06087337232166634,0.0,0.027009437032216074,3,25,8,2022
2022-08-26,0.11058499664068222,0.12010899931192398,0.12150999903678894,0.11000499874353409,20085.0,0.0289596399304779,0.0,0.027009437032216074,4,26,8,2022
2022-08-27,0.11501199752092361,0.1105860024690628,0.12783299386501312,0.10770700126886368,15730.0,0.0013172871910218098,0.0,0.027009437032216074,5,27,8,2022
2022-08-28,0.11256299912929535,0.11500199884176254,0.11783699691295624,0.10770100355148315,18448.0,0.090518203991938,0.0,0.027009437032216074,6,28,8,2022
2022-08-29,0.11776400357484818,0.11256600171327591,0.12347500026226044,0.10999900102615356,25543.0,0.11236024863189764,0.0,0.027009437032216074,0,29,8,2022
2022-08-30,0.12773999571800232,0.11797499656677246,0.14098599553108215,0.11500599980354309,30283.0,0.06874511081149626,0.0,0.027009437032216074,1,30,8,2022
2022-08-31,0.13425199687480927,0.12752200663089752,0.20018799602985382,0.11932799965143204,72350.0,0.06331378692644285,0.0,0.027009437032216074,2,31,8,2022
2022-09-01,0.13879099488258362,0.13425199687480927,0.1401599943637848,0.13102200627326965,23353.0,0.0635920935407005,0.0,0.027009437032216074,3,1,9,2022
2022-09-02,0.1467130035161972,0.13878899812698364,0.1485529989004135,0.13435299694538116,19423.0,-0.004996169410475204,0.0,0.027009437032216074,4,2,9,2022
2022-09-03,0.14852100610733032,0.1467130035161972,0.15395399928092957,0.14490999281406403,15078.0,-0.040896648124284396,0.0,0.027009437032216074,5,3,9,2022
2022-09-04,0.14343899488449097,0.14802099764347076,0.15384000539779663,0.14343799650669098,22950.0,-0.029475916754033937,0.0,0.027009437032216074,6,4,9,2022
2022-09-05,0.14145499467849731,0.14343899488449097,0.14380300045013428,0.13250400125980377,27821.0,-0.02342791716405679,0.0,0.027009437032216074,0,5,9,2022
2022-09-06,0.1369670033454895,0.1410840004682541,0.1464720070362091,0.13500000536441803,24916.0,0.02108168238737118,0.0,0.027009437032216074,1,6,9,2022
2022-09-07,0.13931499421596527,0.13696099817752838,0.1426199972629547,0.13490599393844604,24109.0,0.011115144699517243,0.0,0.027009437032216074,2,7,9,2022
2022-09-08,0.14039400219917297,0.13931399583816528,0.14408299326896667,0.1356939971446991,22139.0,-0.0252076540048794,0.0,0.027009437032216074,3,8,9,2022
2022-09-09,0.14133299887180328,0.14039300382137299,0.14223900437355042,0.1355230063199997,26357.0,-0.06025485052395457,0.0,0.027009437032216074,4,9,9,2022
2022-09-10,0.1323769986629486,0.14133299887180328,0.14133299887180328,0.1323769986629486,19336.0,-0.014961046504428921,0.0,0.027009437032216074,5,10,9,2022
2022-09-11,0.13325700163841248,0.1323769986629486,0.13936999440193176,0.13033300638198853,28165.0,-0.07300181734294447,0.0,0.027009437032216074,6,11,9,2022
2022-09-12,0.12753599882125854,0.13325700163841248,0.1351030021905899,0.1263190060853958,27695.0,-0.019688546145976593,0.0,0.027009437032216074,0,12,9,2022
2022-09-13,0.11952199786901474,0.12751099467277527,0.13220399618148804,0.11883100122213364,31285.0,0.02034774903906761,0.0,0.027009437032216074,1,13,9,2022
2022-09-14,0.13052800297737122,0.12197499722242355,0.13200600445270538,0.10865200310945511,20801.0,-0.18252024125341082,-1.0,0.486495281483892,2,14,9,2022
2022-09-15,0.11337999999523163,0.13057799637317657,0.13079999387264252,0.11110799759626389,23449.0,-0.0975127756626108,0.0,0.027009437032216074,3,15,9,2022
2022-09-16,0.10002800077199936,0.11337999999523163,0.11802700161933899,0.09999500215053558,45900.0,0.047116795603838635,0.0,0.027009437032216074,4,16,9,2022
2022-09-17,0.10462000221014023,0.10002800077199936,0.1063069999217987,0.09616699814796448,31014.0,-0.07416845590031917,0.0,0.027009437032216074,5,17,9,2022
2022-09-18,0.10486199706792831,0.10462000221014023,0.1098179966211319,0.1022230014204979,19244.0,-0.07948064203938815,0.0,0.027009437032216074,6,18,9,2022
2022-09-19,0.08885899931192398,0.10482099652290344,0.10482600331306458,0.08872800320386887,21182.0,0.1488144044168036,1.0,0.486495281483892,0,19,9,2022
2022-09-20,0.10419599711894989,0.08887899667024612,0.10981100052595139,0.0860069990158081,28040.0,-0.10899649265817896,-1.0,0.486495281483892,1,20,9,2022
2022-09-21,0.09996899962425232,0.1041560024023056,0.10606999695301056,0.09691400080919266,12155.0,-0.12084247927276476,-1.0,0.486495281483892,2,21,9,2022
2022-09-22,0.08570899814367294,0.0999709963798523,0.09998100250959396,0.08276300132274628,35114.0,0.038292354950817065,0.0,0.027009437032216074,3,22,9,2022
2022-09-23,0.09006799757480621,0.08569999784231186,0.10080999881029129,0.08093900233507156,34808.0,-0.00792176377287862,0.0,0.027009437032216074,4,23,9,2022
2022-09-24,0.08791399747133255,0.09006799757480621,0.09007000178098679,0.08790300041437149,9194.0,0.03404466433105413,0.0,0.027009437032216074,5,24,9,2022
2022-09-25,0.09079500287771225,0.08791500329971313,0.09901600331068039,0.08700700104236603,14445.0,-0.0017236980645231048,0.0,0.027009437032216074,6,25,9,2022
2022-09-26,0.09101899713277817,0.09079399704933167,0.09223899990320206,0.0890050008893013,12784.0,-0.00786645747183512,0.0,0.027009437032216074,0,26,9,2022
2022-09-27,0.09025800228118896,0.09101899713277817,0.09108199924230576,0.08961699903011322,8347.0,-0.04243949096533134,0.0,0.027009437032216074,1,27,9,2022
2022-09-28,0.09034799784421921,0.09025800228118896,0.09128999710083008,0.09012900292873383,9569.0,-0.10047258426578981,0.0,0.027009437032216074,2,28,9,2022
2022-09-29,0.08250699937343597,0.09035000205039978,0.09040900319814682,0.08250399678945541,20845.0,-0.05325001973107585,0.0,0.027009437032216074,3,29,9,2022
2022-09-30,0.08003400266170502,0.08250600099563599,0.08251599967479706,0.08000300079584122,13436.0,-0.026488780189726613,0.0,0.027009437032216074,4,30,9,2022
2022-10-01,0.07619299739599228,0.08002500236034393,0.08005499839782715,0.07588499784469604,12338.0,0.011589015583216511,0.0,0.027009437032216074,5,1,10,2022
2022-10-02,0.07963500171899796,0.07619299739599228,0.08150400221347809,0.0750029981136322,9055.0,-0.04943808860965443,0.0,0.027009437032216074,6,2,10,2022
2022-10-03,0.07451699674129486,0.07963400334119797,0.08009299635887146,0.07356499880552292,13095.0,0.009145626326925671,0.0,0.027009437032216074,0,3,10,2022
2022-10-04,0.07687900215387344,0.07451699674129486,0.07940199971199036,0.07401899993419647,7868.0,-0.01696826823601244,0.0,0.027009437032216074,1,4,10,2022
2022-10-05,0.07351800054311752,0.07687900215387344,0.07901900261640549,0.07351800054311752,11365.0,0.04600230313519671,0.0,0.027009437032216074,2,5,10,2022
2022-10-06,0.07763099670410156,0.07355800271034241,0.07901100069284439,0.07354699820280075,7586.0,-0.018465503381366544,0.0,0.027009437032216074,3,6,10,2022
2022-10-07,0.07616899907588959,0.07767000049352646,0.07772199809551239,0.07325500249862671,20723.0,0.0005908113189275754,0.0,0.027009437032216074,4,7,10,2022
2022-10-08,0.07622600346803665,0.07616899907588959,0.07717899978160858,0.0737610012292862,12261.0,-0.01731043494690243,0.0,0.027009437032216074,5,8,10,2022
2022-10-09,0.07620199769735336,0.07622600346803665,0.07700800150632858,0.07592999935150146,12775.0,-0.03989392880619114,0.0,0.027009437032216074,6,9,10,2022
2022-10-10,0.07361099869012833,0.07620199769735336,0.0798799991607666,0.07355000078678131,27107.0,-0.029886787327119968,0.0,0.027009437032216074,0,10,10,2022
2022-10-11,0.07271300256252289,0.07363100349903107,0.0736439973115921,0.07270299643278122,7609.0,-0.035970186202516685,0.0,0.027009437032216074,1,11,10,2022
2022-10-12,0.07010900229215622,0.07271400094032288,0.07271800190210342,0.06999699771404266,7697.0,-0.00040654117362498576,0.0,0.027009437032216074,2,12,10,2022
2022-10-13,0.07008600234985352,0.07010900229215622,0.07221999764442444,0.07006199657917023,10470.0,-0.00022122332138169165,0.0,0.027009437032216074,3,13,10,2022
2022-10-14,0.07007499784231186,0.07008600234985352,0.07231400161981583,0.0700720027089119,16050.0,-0.02782732131976129,0.0,0.027009437032216074,4,14,10,2022
2022-10-15,0.07006599754095078,0.07007499784231186,0.07093500345945358,0.07000300288200378,7952.0,-0.0460493876127846,0.0,0.027009437032216074,5,15,10,2022
2022-10-16,0.06618399918079376,0.07006599754095078,0.070203997194767,0.06535399705171585,14055.0,0.0420343606588085,0.0,0.027009437032216074,6,16,10,2022
2022-10-17,0.06749500334262848,0.06618399918079376,0.06999500095844269,0.06100500002503395,25781.0,-0.009178525373478408,0.0,0.027009437032216074,0,17,10,2022
2022-10-18,0.0704369992017746,0.06749500334262848,0.08000700175762177,0.0672139972448349,18538.0,-0.1104533221971814,-1.0,0.486495281483892,1,18,10,2022
2022-10-19,0.06331399828195572,0.0704369992017746,0.07050500065088272,0.06315399706363678,16119.0,-0.01926902546417264,0.0,0.027009437032216074,2,19,10,2022
2022-10-20,0.06199999898672104,0.06322400271892548,0.06478100270032883,0.06065899878740311,24369.0,0.03890326730796945,0.0,0.027009437032216074,3,20,10,2022
2022-10-21,0.06218799948692322,0.06199999898672104,0.06302499771118164,0.06074900180101395,16537.0,0.03702487991707415,0.0,0.027009437032216074,4,21,10,2022
2022-10-22,0.06663600355386734,0.06218799948692322,0.06731399893760681,0.06213599815964699,16078.0,0.023838452019978695,0.0,0.027009437032216074,5,22,10,2022
2022-10-23,0.062345001846551895,0.06663399934768677,0.0666859969496727,0.061618998646736145,18328.0,0.14658755471641338,1.0,0.486495281483892,6,23,10,2022
2022-10-24,0.07410400360822678,0.06234399974346161,0.07540600001811981,0.060506001114845276,24667.0,0.030450416048709072,0.0,0.027009437032216074,0,24,10,2022
2022-10-25,0.06886400282382965,0.07402300089597702,0.07410500198602676,0.06776800006628036,22300.0,0.1525179680983082,1.0,0.486495281483892,1,25,10,2022
2022-10-26,0.08385699987411499,0.06886400282382965,0.0920260027050972,0.0684330016374588,20889.0,-0.12942866058183777,-1.0,0.486495281483892,2,26,10,2022
2022-10-27,0.07487700134515762,0.08385699987411499,0.08427999913692474,0.07401599735021591,18371.0,-0.07551721567976183,0.0,0.027009437032216074,3,27,10,2022
2022-10-28,0.07113000005483627,0.07487700134515762,0.07487799972295761,0.06861799955368042,18988.0,0.014051723767708246,0.0,0.027009437032216074,4,28,10,2022
2022-10-29,0.0673149973154068,0.07113000005483627,0.07114599645137787,0.06676500290632248,13307.0,0.10161185567112996,0.0,0.027009437032216074,5,29,10,2022
2022-10-30,0.07694400101900101,0.0673149973154068,0.08138799667358398,0.06586100161075592,16625.0,-0.08140338244967271,0.0,0.027009437032216074,6,30,10,2022
2022-10-31,0.07136599719524384,0.07697399705648422,0.07697399705648422,0.06769099831581116,13911.0,-0.0261819024987206,0.0,0.027009437032216074,0,31,10,2022
2022-11-01,0.06999500095844269,0.07136700302362442,0.07299300283193588,0.06799200177192688,19262.0,-0.011572269938911528,0.0,0.027009437032216074,1,1,11,2022
2022-11-02,0.0689999982714653,0.07000400125980377,0.07399799674749374,0.06833899766206741,17508.0,-0.004021693931653136,0.0,0.027009437032216074,2,2,11,2022
2022-11-03,0.06937000155448914,0.06897900253534317,0.07162699848413467,0.06747899949550629,9622.0,0.01631829627125142,0.0,0.027009437032216074,3,3,11,2022
2022-11-04,0.06807500123977661,0.06937099993228912,0.07003399729728699,0.06710000336170197,15653.0,0.05769370524179396,0.0,0.027009437032216074,4,4,11,2022
2022-11-05,0.0729290023446083,0.06807500123977661,0.07533799856901169,0.06800500303506851,13642.0,0.01450037876601451,0.0,0.027009437032216074,5,5,11,2022
2022-11-06,0.07107599824666977,0.0729290023446083,0.07297799736261368,0.07010100036859512,12722.0,0.01095311687765782,0.0,0.027009437032216074,6,6,11,2022
2022-11-07,0.07689700275659561,0.07108700275421143,0.07882100343704224,0.07031500339508057,16163.0,-0.1684591308098748,-1.0,0.486495281483892,0,7,11,2022
2022-11-08,0.06681200116872787,0.07689700275659561,0.07900799810886383,0.06626900285482407,33335.0,-0.05434654365752223,0.0,0.027009437032216074,1,8,11,2022
2022-11-09,0.06107399985194206,0.06678300350904465,0.06798599660396576,0.06046200171113014,19536.0,0.046730208991140665,0.0,0.027009437032216074,2,9,11,2022
2022-11-10,0.0652879998087883,0.06049700081348419,0.06533599644899368,0.057597000151872635,28875.0,-0.05484926234253473,0.0,0.027009437032216074,3,10,11,2022
2022-11-11,0.06256800144910812,0.06528700143098831,0.06529200077056885,0.061820000410079956,10045.0,-0.004706923950327069,0.0,0.027009437032216074,4,11,11,2022
2022-11-12,0.0608460009098053,0.06256700307130814,0.06278900057077408,0.059780001640319824,14302.0,0.04328135094455332,0.0,0.027009437032216074,5,12,11,2022
2022-11-13,0.06370099633932114,0.0608460009098053,0.06676600128412247,0.06002200022339821,27473.0,-0.013798797469368629,0.0,0.027009437032216074,6,13,11,2022
2022-11-14,0.06325799971818924,0.06369999796152115,0.0755229964852333,0.06122799962759018,24736.0,-0.007342928938694482,0.0,0.027009437032216074,0,14,11,2022
2022-11-15,0.06238599866628647,0.06326799839735031,0.06804600358009338,0.06195800006389618,20981.0,0.027089476117381106,0.0,0.027009437032216074,1,15,11,2022
2022-11-16,0.06320100277662277,0.06238599866628647,0.06793799996376038,0.061964001506567,32000.0,0.039500948696139626,0.0,0.027009437032216074,2,16,11,2022
2022-11-17,0.06495100259780884,0.06320100277662277,0.0663599967956543,0.05996499955654144,25757.0,0.006420190658504188,0.0,0.027009437032216074,3,17,11,2022
2022-11-18,0.06644400209188461,0.06526099890470505,0.06657200306653976,0.06100999936461449,25289.0,-0.03387068324907827,0.0,0.027009437032216074,4,18,11,2022
2022-11-19,0.06429199874401093,0.0664450004696846,0.06767400354146957,0.06159399822354317,27645.0,-0.01777824892115376,0.0,0.027009437032216074,5,19,11,2022
2022-11-20,0.06409499794244766,0.064130999147892,0.06624100357294083,0.0635870024561882,23293.0,-0.03720254199706252,0.0,0.027009437032216074,6,20,11,2022
2022-11-21,0.062203001230955124,0.06287699937820435,0.06497500091791153,0.06191200017929077,20857.0,0.0001687678705741269,0.0,0.027009437032216074,0,21,11,2022
2022-11-22,0.06121800094842911,0.062203001230955124,0.06498699635267258,0.05958399921655655,20984.0,0.05754021065555448,0.0,0.027009437032216074,1,22,11,2022
2022-11-23,0.06320899724960327,0.061218999326229095,0.0635790005326271,0.06090499833226204,7840.0,0.04537329403632917,0.0,0.027009437032216074,2,23,11,2022
2022-11-24,0.06627199798822403,0.06320899724960327,0.06983599811792374,0.061650000512599945,16091.0,-0.004225016264980397,0.0,0.027009437032216074,3,24,11,2022
2022-11-25,0.06588199734687805,0.06627099961042404,0.06638599932193756,0.061817001551389694,13843.0,0.04826055478227276,0.0,0.027009437032216074,4,25,11,2022
2022-11-26,0.06610199809074402,0.06588199734687805,0.06852199882268906,0.06334000080823898,11155.0,0.07097365211687034,0.0,0.027009437032216074,5,26,11,2022
2022-11-27,0.0720210000872612,0.06610099971294403,0.07551900297403336,0.06406299769878387,15411.0,-0.033976224060530746,0.0,0.027009437032216074,6,27,11,2022
2022-11-28,0.06956599652767181,0.0720210000872612,0.07283399999141693,0.0660720020532608,13496.0,0.04205364898109554,0.0,0.027009437032216074,0,28,11,2022
2022-11-29,0.069582000374794,0.0695670023560524,0.07099299877882004,0.06577000021934509,11697.0,0.144009918260122,1.0,0.486495281483892,1,29,11,2022
2022-11-30,0.07540100067853928,0.06958100199699402,0.0769990012049675,0.06789100170135498,22382.0,0.053096095107671826,0.0,0.027009437032216074,2,30,11,2022
2022-12-01,0.08380399644374847,0.07540199905633926,0.10000000149011612,0.07166100293397903,25408.0,-0.07969780712664726,0.0,0.027009437032216074,3,1,12,2022
2022-12-02,0.07500500231981277,0.08380299806594849,0.08500000089406967,0.07301399856805801,9090.0,0.021625208937597173,0.0,0.027009437032216074,4,2,12,2022
2022-12-03,0.07924500107765198,0.07500399649143219,0.08500500023365021,0.07309500128030777,10053.0,-0.05973246356459766,0.0,0.027009437032216074,5,3,12,2022
2022-12-04,0.0740090012550354,0.078855000436306,0.08000600337982178,0.07263900339603424,5422.0,0.034266086263203044,0.0,0.027009437032216074,6,4,12,2022
2022-12-05,0.07501400262117386,0.0740090012550354,0.07501699775457382,0.07099399715662003,7265.0,0.022649063006141446,0.0,0.027009437032216074,0,5,12,2022
2022-12-06,0.07807599753141403,0.07501599937677383,0.08272600173950195,0.07501299679279327,15329.0,-0.04945819726595102,0.0,0.027009437032216074,1,6,12,2022
2022-12-07,0.07535000145435333,0.07807499915361404,0.07807499915361404,0.07491099834442139,12219.0,-0.02838092706776596,0.0,0.027009437032216074,2,7,12,2022
2022-12-08,0.07307899743318558,0.07524099946022034,0.076944999396801,0.07118699699640274,12917.0,0.006766684029163694,0.0,0.027009437032216074,3,8,12,2022
2022-12-09,0.07334399968385696,0.07303900271654129,0.0790100023150444,0.06800299882888794,10100.0,0.01445927063667296,0.0,0.027009437032216074,4,9,12,2022
2022-12-10,0.07380300015211105,0.07334399968385696,0.07901500165462494,0.07271400094032288,8804.0,-0.02088667188724519,0.0,0.027009437032216074,5,10,12,2022
2022-12-11,0.07500600069761276,0.07374200224876404,0.07995600253343582,0.07301399856805801,18098.0,-0.06362157654585937,0.0,0.027009437032216074,6,11,12,2022
2022-12-12,0.06951700150966644,0.07500600069761276,0.07500600069761276,0.06930699944496155,9387.0,0.014629468745974261,0.0,0.027009437032216074,0,12,12,2022
2022-12-13,0.07095099985599518,0.06953799724578857,0.07442499697208405,0.06905899941921234,11833.0,-0.01423518636480009,0.0,0.027009437032216074,1,13,12,2022
2022-12-14,0.07011699676513672,0.07096199691295624,0.07150500267744064,0.0693729966878891,6655.0,-0.01317790223807519,0.0,0.027009437032216074,2,14,12,2022
2022-12-15,0.06976500153541565,0.0701180025935173,0.07080700248479843,0.06753700226545334,12073.0,-0.030394929354849054,0.0,0.027009437032216074,3,15,12,2022
2022-12-16,0.06862100213766098,0.0698850005865097,0.07399599999189377,0.0684560015797615,10774.0,-0.05387569481729676,0.0,0.027009437032216074,4,16,12,2022
2022-12-17,0.06666799634695053,0.06861899793148041,0.06926900148391724,0.06500899791717529,12622.0,-0.03728168231946555,0.0,0.027009437032216074,5,17,12,2022
2022-12-18,0.06317999958992004,0.06666900217533112,0.06957899779081345,0.06317900121212006,12541.0,0.041405558288824085,0.0,0.027009437032216074,6,18,12,2022
2022-12-19,0.06518500298261642,0.06317900121212006,0.06878100335597992,0.06255800276994705,9864.0,0.0014726854538407719,0.0,0.027009437032216074,0,19,12,2022
2022-12-20,0.06640700250864029,0.06518500298261642,0.06873100250959396,0.06510400027036667,4764.0,-0.04463392055444426,0.0,0.027009437032216074,1,20,12,2022
2022-12-21,0.06415499746799469,0.0664059966802597,0.06737899780273438,0.06318499892950058,8226.0,-0.030550981808992406,0.0,0.027009437032216074,2,21,12,2022
2022-12-22,0.06273099780082703,0.06415499746799469,0.06436499953269958,0.06265000253915787,7642.0,-0.01787787251954126,0.0,0.027009437032216074,3,22,12,2022
2022-12-23,0.06165900081396103,0.06279999762773514,0.06399200111627579,0.06040100008249283,10766.0,-0.010793245938032547,0.0,0.027009437032216074,4,23,12,2022
2022-12-24,0.061560001224279404,0.06165900081396103,0.06300099939107895,0.06125900149345398,4755.0,-0.0008365866586561577,0.0,0.027009437032216074,5,24,12,2022
2022-12-25,0.060426998883485794,0.06155899912118912,0.06199999898672104,0.05874500051140785,11021.0,-0.0047412113953553825,0.0,0.027009437032216074,6,25,12,2022
2022-12-26,0.06259000301361084,0.060426000505685806,0.06322500109672546,0.060245998203754425,8704.0,-0.07067427096447337,0.0,0.027009437032216074,0,26,12,2022
2022-12-27,0.057691000401973724,0.06258799880743027,0.06670399755239487,0.05678100138902664,14679.0,4.3328591510793935e-05,0.0,0.027009437032216074,1,27,12,2022
2022-12-28,0.05864199995994568,0.057642001658678055,0.05881199985742569,0.05652099847793579,9307.0,-0.03374712672009289,0.0,0.027009437032216074,2,28,12,2022
2022-12-29,0.056745000183582306,0.05864100158214569,0.05891299992799759,0.0561630018055439,9300.0,-0.0036743133209080625,0.0,0.027009437032216074,3,29,12,2022
2022-12-30,0.05658100172877312,0.05753500014543533,0.05840099975466728,0.05649000033736229,6782.0,-0.0013874123365761881,0.0,0.027009437032216074,4,30,12,2022
2022-12-31,0.056492000818252563,0.05658100172877312,0.056981999427080154,0.05649099871516228,4616.0,0.0563353871711586,0.0,0.027009437032216074,5,31,12,2022
2023-01-01,0.05651300027966499,0.056492000818252563,0.05655200034379959,0.05648599937558174,1550.0,0.07092171419120508,0.0,0.027009437032216074,6,1,1,2023
2023-01-02,0.06283599883317947,0.05651199817657471,0.0638749971985817,0.05554800108075142,11005.0,-0.059440423870647574,0.0,0.027009437032216074,0,2,1,2023
2023-01-03,0.05820599943399429,0.06283599883317947,0.06309600174427032,0.05820399895310402,14374.0,0.0038398216038678656,0.0,0.027009437032216074,1,3,1,2023
2023-01-04,0.05999600142240524,0.058205001056194305,0.061305999755859375,0.058205001056194305,8849.0,-0.05012004306225859,0.0,0.027009437032216074,2,4,1,2023
2023-01-05,0.05686299875378609,0.05999499931931496,0.060993000864982605,0.055817000567913055,12677.0,-0.006216667993313718,0.0,0.027009437032216074,3,5,1,2023
2023-01-06,0.05711499974131584,0.05686400085687637,0.059151001274585724,0.05498199909925461,11011.0,-0.03788844948675263,0.0,0.027009437032216074,4,6,1,2023
2023-01-07,0.055904000997543335,0.05711499974131584,0.05748999863862991,0.05491900071501732,9433.0,-0.05911922448072238,0.0,0.027009437032216074,5,7,1,2023
2023-01-08,0.05399800091981888,0.05611399933695793,0.05722599849104881,0.053895000368356705,14193.0,-0.004352059037274869,0.0,0.027009437032216074,6,8,1,2023
2023-01-09,0.05119999870657921,0.05399699881672859,0.05749699845910072,0.04872899875044823,29802.0,0.07926759481209655,0.0,0.027009437032216074,0,9,1,2023
2023-01-10,0.0563259981572628,0.05119999870657921,0.06188099831342697,0.04654800146818161,23478.0,-0.000497060330114707,0.0,0.027009437032216074,1,10,1,2023
2023-01-11,0.05419100075960159,0.056324999779462814,0.06030099838972092,0.05206499993801117,18707.0,0.13191302188675913,1.0,0.486495281483892,2,11,1,2023
2023-01-12,0.05840500071644783,0.05452299863100052,0.06250400096178055,0.05382100120186806,21072.0,0.08016434905201075,0.0,0.027009437032216074,3,12,1,2023
2023-01-13,0.06427399814128876,0.058407001197338104,0.06946700066328049,0.05723699927330017,20119.0,-0.04212431506333236,0.0,0.027009437032216074,4,13,1,2023
2023-01-14,0.061900001019239426,0.06427299976348877,0.06547699868679047,0.0614980012178421,7235.0,0.042180937768093785,0.0,0.027009437032216074,5,14,1,2023
2023-01-15,0.061232998967170715,0.06189899891614914,0.06313399970531464,0.060015998780727386,11932.0,0.07528623648393629,0.0,0.027009437032216074,6,15,1,2023
2023-01-16,0.0677890032529831,0.06124100089073181,0.0709720030426979,0.05920099839568138,20548.0,-0.047220108928012816,0.0,0.027009437032216074,0,16,1,2023
2023-01-17,0.06389699876308441,0.0677890032529831,0.06791199743747711,0.06389400362968445,11458.0,-0.004335094815714868,0.0,0.027009437032216074,1,17,1,2023
2023-01-18,0.06527899950742722,0.06389699876308441,0.06600400060415268,0.06300099939107895,9916.0,-0.008310497889711721,0.0,0.027009437032216074,2,18,1,2023
2023-01-19,0.06196099892258644,0.06526900082826614,0.06526999920606613,0.061110999435186386,12152.0,0.058214057525467044,0.0,0.027009437032216074,3,19,1,2023
2023-01-20,0.06751199811697006,0.06196000054478645,0.07000699639320374,0.06181199848651886,12764.0,-0.0021699408264171938,0.0,0.027009437032216074,4,20,1,2023
2023-01-21,0.06362400203943253,0.06758199632167816,0.06799700111150742,0.06362099945545197,8512.0,0.12812769740132557,0.0,0.027009437032216074,5,21,1,2023
2023-01-22,0.07110700011253357,0.06376399844884872,0.07258500158786774,0.06306900084018707,16020.0,0.055205515192029986,0.0,0.027009437032216074,6,22,1,2023
2023-01-23,0.07244499772787094,0.07110600173473358,0.07637199759483337,0.06567800045013428,22123.0,0.08795639756986318,0.0,0.027009437032216074,0,23,1,2023
2023-01-24,0.0776199996471405,0.07244499772787094,0.08016999810934067,0.07231199741363525,21867.0,0.1458515950308985,1.0,0.486495281483892,1,24,1,2023
2023-01-25,0.08001399785280228,0.0776199996471405,0.08001899719238281,0.07260700315237045,22073.0,0.17475696966011833,1.0,0.486495281483892,2,25,1,2023
2023-01-26,0.09786800295114517,0.08001500368118286,0.1255989968776703,0.07890400290489197,70040.0,-0.0649446645879932,0.0,0.027009437032216074,3,26,1,2023
2023-01-27,0.09012600034475327,0.09799899905920029,0.1237500011920929,0.08701299875974655,24824.0,0.01667109356444796,0.0,0.027009437032216074,4,27,1,2023
2023-01-28,0.09289799630641937,0.0902160033583641,0.09445899724960327,0.08836100250482559,15517.0,-0.031803637597868195,0.0,0.027009437032216074,5,28,1,2023
2023-01-29,0.09035900235176086,0.09332899749279022,0.09398099780082703,0.08906900137662888,16198.0,0.019981398079450652,0.0,0.027009437032216074,6,29,1,2023
2023-01-30,0.08952800184488297,0.09032800048589706,0.09778100252151489,0.08952400088310242,20264.0,0.05592662266789672,0.0,0.027009437032216074,0,30,1,2023
2023-01-31,0.09480100125074387,0.08952700346708298,0.09737200289964676,0.0895249992609024,30138.0,0.05786859059374139,0.0,0.027009437032216074,1,31,1,2023
2023-02-01,0.09426899999380112,0.09465300291776657,0.09576000273227692,0.09341800212860107,9835.0,0.09430462788946214,0.0,0.027009437032216074,2,1,2,2023
2023-02-02,0.10630500316619873,0.09424799680709839,0.10867299884557724,0.09341000020503998,27805.0,-0.055862847364342716,0.0,0.027009437032216074,3,2,2,2023
2023-02-03,0.10001300275325775,0.10630500316619873,0.11001700162887573,0.09792499989271164,12575.0,0.002069725685919288,0.0,0.027009437032216074,4,3,2,2023
2023-02-04,0.10072000324726105,0.10001199692487717,0.12001200020313263,0.10000500082969666,26914.0,-0.043735136010817854,0.0,0.027009437032216074,5,4,2,2023
2023-02-05,0.09972000122070312,0.10071899741888046,0.11878599971532822,0.0989689975976944,24425.0,-0.08033996374230135,0.0,0.027009437032216074,6,5,2,2023
2023-02-06,0.09290999919176102,0.09960100054740906,0.10038399696350098,0.09219300001859665,11928.0,-0.02664406552950488,0.0,0.027009437032216074,0,6,2,2023
2023-02-07,0.09050700068473816,0.09290900081396103,0.09332799911499023,0.0877079963684082,23980.0,-0.015236411274482553,0.0,0.027009437032216074,1,7,2,2023
2023-02-08,0.09036199748516083,0.09072799980640411,0.09416099637746811,0.09001799672842026,14013.0,-0.041538459762559654,0.0,0.027009437032216074,2,8,2,2023
2023-02-09,0.0878940001130104,0.09029199928045273,0.09162099659442902,0.08751299977302551,11056.0,-0.03925753414044142,0.0,0.027009437032216074,3,9,2,2023
2023-02-10,0.08532299846410751,0.08801399916410446,0.08924999833106995,0.08501099795103073,8833.0,0.004488834520229357,0.0,0.027009437032216074,4,10,2,2023
2023-02-11,0.08356399834156036,0.08532799780368805,0.0861940011382103,0.08251799643039703,7869.0,0.04901634038501146,0.0,0.027009437032216074,5,11,2,2023
2023-02-12,0.087848000228405,0.08356200158596039,0.09108699858188629,0.08308199793100357,15089.0,-0.01724570911847151,0.0,0.027009437032216074,6,12,2,2023
2023-02-13,0.08747199922800064,0.08781900256872177,0.09017699956893921,0.08507800102233887,11370.0,0.010117507288787464,0.0,0.027009437032216074,0,13,2,2023
2023-02-14,0.08519399911165237,0.08747100085020065,0.08752699941396713,0.08417200297117233,12775.0,0.06371928222767065,0.0,0.027009437032216074,1,14,2,2023
2023-02-15,0.09151999652385712,0.08519499748945236,0.09163600206375122,0.0845630019903183,12105.0,-0.01805609851048623,0.0,0.027009437032216074,2,15,2,2023
2023-02-16,0.08972500264644623,0.0915210023522377,0.09152200073003769,0.08601699769496918,22227.0,-0.020083600950817793,0.0,0.027009437032216074,3,16,2,2023
2023-02-17,0.09001000225543976,0.08956500142812729,0.0902480036020279,0.08751200139522552,10704.0,-0.04179538873554356,0.0,0.027009437032216074,4,17,2,2023
2023-02-18,0.0858360007405281,0.09000899642705917,0.09264799952507019,0.08573500066995621,20669.0,-0.005627038882055346,0.0,0.027009437032216074,5,18,2,2023
2023-02-19,0.0866599977016449,0.08579599857330322,0.08729200065135956,0.08458899706602097,10929.0,0.00368105633519461,0.0,0.027009437032216074,6,19,2,2023
2023-02-20,0.08404599875211716,0.08663100004196167,0.08715099841356277,0.0818839967250824,14789.0,0.04669467024536145,0.0,0.027009437032216074,0,20,2,2023
2023-02-21,0.08991199731826782,0.08404500037431717,0.08995600044727325,0.08091100305318832,17303.0,-0.042285766798610236,0.0,0.027009437032216074,1,21,2,2023
2023-02-22,0.08602900058031082,0.08991300314664841,0.09301800280809402,0.08589600026607513,22713.0,0.014233562956145418,0.0,0.027009437032216074,2,22,2,2023
2023-02-23,0.08619099855422974,0.08606799691915512,0.0874129980802536,0.08201000094413757,17411.0,0.02904015780975,0.0,0.027009437032216074,3,23,2,2023
2023-02-24,0.08831600099802017,0.08613000065088272,0.08969499915838242,0.08522000163793564,12719.0,-0.003294998056704135,0.0,0.027009437032216074,4,24,2,2023
2023-02-25,0.08907199651002884,0.08831600099802017,0.09066200256347656,0.08560200035572052,32472.0,0.04103988434669531,0.0,0.027009437032216074,5,25,2,2023
2023-02-26,0.0869780033826828,0.08897200226783752,0.09068799763917923,0.08600900322198868,13968.0,0.2837498575893932,1.0,0.486495281483892,6,26,2,2023
2023-02-27,0.09847699850797653,0.08697699755430222,0.09924100339412689,0.08285599946975708,33096.0,0.7822486701011905,1.0,0.486495281483892,0,27,2,2023
2023-02-28,0.12483900040388107,0.09847400337457657,0.1500210016965866,0.09235899895429611,212771.0,0.7664832434897763,1.0,0.486495281483892,1,28,2,2023
2023-03-01,0.2261819988489151,0.12484099715948105,0.24171100556850433,0.10525599867105484,326030.0,-0.031925610540004534,0.0,0.027009437032216074,2,1,3,2023
2023-03-02,0.21487000584602356,0.2283100038766861,0.25090500712394714,0.1696760058403015,175129.0,0.06610738711158826,0.0,0.027009437032216074,3,2,3,2023
2023-03-03,0.2230519950389862,0.2136079967021942,0.23723599314689636,0.16341300308704376,117012.0,0.10262185272987767,0.0,0.027009437032216074,4,3,3,2023
2023-03-04,0.2350970059633255,0.22290199995040894,0.244828999042511,0.20001399517059326,66794.0,0.14169891753823083,1.0,0.486495281483892,5,4,3,2023
2023-03-05,0.2567870020866394,0.2350980043411255,0.29753899574279785,0.22630000114440918,154510.0,0.04583952215452913,0.0,0.027009437032216074,6,5,3,2023
2023-03-06,0.2800329923629761,0.25859498977661133,0.2950179874897003,0.25669899582862854,93408.0,-0.020692188071365525,0.0,0.027009437032216074,0,6,3,2023
2023-03-07,0.257082998752594,0.28003498911857605,0.34870100021362305,0.24924500286579132,308804.0,0.028448000840223753,0.0,0.027009437032216074,1,7,3,2023
2023-03-08,0.2913939952850342,0.26158401370048523,0.3123590052127838,0.20971499383449554,184589.0,-0.16515953366688618,-1.0,0.486495281483892,2,8,3,2023
2023-03-09,0.23739899694919586,0.2915689945220947,0.29208600521087646,0.21329200267791748,179720.0,0.01191034007493419,0.0,0.027009437032216074,3,9,3,2023
2023-03-10,0.24913600087165833,0.23742200434207916,0.26553699374198914,0.2259099930524826,121060.0,-0.007987596800188401,0.0,0.027009437032216074,4,10,3,2023
2023-03-11,0.23131699860095978,0.2491369992494583,0.2630639970302582,0.21697700023651123,162283.0,0.13188181909129437,1.0,0.486495281483892,5,11,3,2023
2023-03-12,0.2629750072956085,0.23127399384975433,0.2662459909915924,0.23111100494861603,105794.0,-0.030837540714351352,0.0,0.027009437032216074,6,12,3,2023
2023-03-13,0.260672003030777,0.2629829943180084,0.2746959924697876,0.2450380027294159,76745.0,-0.05429044047578624,0.0,0.027009437032216074,0,13,3,2023
2023-03-14,0.24905900657176971,0.260904997587204,0.27370700240135193,0.23292399942874908,67106.0,-0.008329361130358037,0.0,0.027009437032216074,1,14,3,2023
2023-03-15,0.2439810037612915,0.24908700585365295,0.2693150043487549,0.23359699547290802,53803.0,0.08389997781752812,0.0,0.027009437032216074,2,15,3,2023
2023-03-16,0.24998800456523895,0.24410200119018555,0.2550570070743561,0.23037800192832947,88583.0,0.07656965485645295,0.0,0.027009437032216074,3,16,3,2023
2023-03-17,0.2789140045642853,0.2500010132789612,0.31238600611686707,0.2498600035905838,70590.0,-0.016243373483419532,0.0,0.027009437032216074,4,17,3,2023
2023-03-18,0.25934499502182007,0.27844399213790894,0.27950701117515564,0.2528490126132965,39119.0,0.09740313167721082,0.0,0.027009437032216074,5,18,3,2023
2023-03-19,0.28942200541496277,0.2593480050563812,0.3041130006313324,0.25572800636291504,142927.0,-0.033178202792988165,0.0,0.027009437032216074,6,19,3,2023
2023-03-20,0.2797900140285492,0.2894119918346405,0.29690098762512207,0.27636998891830444,54061.0,-0.010139808557448948,0.0,0.027009437032216074,0,20,3,2023
2023-03-21,0.27984899282455444,0.2798449993133545,0.2856689989566803,0.2642900049686432,40434.0,-0.017207455367706737,0.0,0.027009437032216074,1,21,3,2023
2023-03-22,0.274057000875473,0.27984800934791565,0.31116199493408203,0.26588499546051025,59416.0,-0.0274961131826425,0.0,0.027009437032216074,2,22,3,2023
2023-03-23,0.27601000666618347,0.27404099702835083,0.2868649959564209,0.25938498973846436,43238.0,-0.09372128863593349,0.0,0.027009437032216074,3,23,3,2023
2023-03-24,0.25703299045562744,0.27622801065444946,0.28225699067115784,0.24668000638484955,37578.0,-0.008557212418993265,0.0,0.027009437032216074,4,24,3,2023
2023-03-25,0.2432509958744049,0.2571749985218048,0.26705899834632874,0.24083399772644043,37455.0,0.028733731765984705,0.0,0.027009437032216074,5,25,3,2023
2023-03-26,0.2664160132408142,0.24334600567817688,0.30673301219940186,0.23197999596595764,45456.0,-0.07404777571028515,0.0,0.027009437032216074,6,26,3,2023
2023-03-27,0.2340649962425232,0.26642099022865295,0.2744489908218384,0.22744600474834442,76657.0,0.19758832470621668,1.0,0.486495281483892,0,27,3,2023
2023-03-28,0.2593120038509369,0.23387299478054047,0.26040101051330566,0.2337609976530075,45396.0,0.24037258878709933,1.0,0.486495281483892,1,28,3,2023
2023-03-29,0.3013150095939636,0.2593100070953369,0.3326379954814911,0.2527720034122467,129402.0,0.16568370718070624,1.0,0.486495281483892,2,29,3,2023
2023-03-30,0.3419719934463501,0.3012320101261139,0.3601300120353699,0.2929370105266571,279376.0,0.057997454568651796,0.0,0.027009437032216074,3,30,3,2023
2023-03-31,0.36050400137901306,0.341511994600296,0.37494200468063354,0.3211210072040558,115719.0,-0.043382316895282214,0.0,0.027009437032216074,4,31,3,2023
2023-04-01,0.36310699582099915,0.36049601435661316,0.36727699637413025,0.3227419853210449,142962.0,-0.09941694123096895,0.0,0.027009437032216074,5,1,4,2023
2023-04-02,0.32662200927734375,0.3607980012893677,0.36727699637413025,0.3042379915714264,179639.0,0.002824369028987861,0.0,0.027009437032216074,6,2,4,2023
2023-04-03,0.3273940086364746,0.3266170024871826,0.35412299633026123,0.30656298995018005,140664.0,-0.01081418995186395,0.0,0.027009437032216074,0,3,4,2023
2023-04-04,0.32769501209259033,0.32738301157951355,0.37608399987220764,0.3069480061531067,112388.0,-0.08750670721614606,0.0,0.027009437032216074,1,4,4,2023
2023-04-05,0.32001200318336487,0.3276959955692291,0.34759899973869324,0.2981779873371124,69913.0,-0.11484415692904548,-1.0,0.486495281483892,2,5,4,2023
2023-04-06,0.2780269980430603,0.320017009973526,0.3286620080471039,0.2772180140018463,51361.0,0.014289951439794724,0.0,0.027009437032216074,3,6,4,2023
2023-04-07,0.2884939908981323,0.278003990650177,0.2985590100288391,0.27672499418258667,57877.0,-0.04516902039327075,0.0,0.027009437032216074,4,7,4,2023
2023-04-08,0.27550598978996277,0.28848299384117126,0.2912299931049347,0.27315399050712585,39467.0,0.036467513957297804,0.0,0.027009437032216074,5,8,4,2023
2023-04-09,0.27542001008987427,0.27545198798179626,0.28115200996398926,0.2622320055961609,39459.0,0.06307997500855378,0.0,0.027009437032216074,6,9,4,2023
2023-04-10,0.2956860065460205,0.27541598677635193,0.31002700328826904,0.2724300026893616,47046.0,-0.04825901651108655,0.0,0.027009437032216074,0,10,4,2023
2023-04-11,0.2899009883403778,0.2957040071487427,0.3211129903793335,0.2843480110168457,68010.0,0.06605016128049013,0.0,0.027009437032216074,1,11,4,2023
2023-04-12,0.2729319930076599,0.2898949980735779,0.29375600814819336,0.27147701382637024,49268.0,0.34518492854068283,1.0,0.486495281483892,2,12,4,2023
2023-04-13,0.34516599774360657,0.27427899837493896,0.3495059907436371,0.2718769907951355,153650.0,0.14307175823134977,1.0,0.486495281483892,3,13,4,2023
2023-04-14,0.38912200927734375,0.3454340100288391,0.4581559896469116,0.33410799503326416,229634.0,0.061336771856557504,0.0,0.027009437032216074,4,14,4,2023
2023-04-15,0.3999769985675812,0.389149010181427,0.4242610037326813,0.38511499762535095,217911.0,0.020332425278859645,0.0,0.027009437032216074,5,15,4,2023
2023-04-16,0.42600199580192566,0.3999690115451813,0.4591900110244751,0.3838370144367218,160386.0,-0.08846903878516232,0.0,0.027009437032216074,6,16,4,2023
2023-04-17,0.39021700620651245,0.4260059893131256,0.4415079951286316,0.37801098823547363,148983.0,-0.07639723802097376,0.0,0.027009437032216074,0,17,4,2023
2023-04-18,0.38641101121902466,0.3902229964733124,0.4112370014190674,0.38200101256370544,88183.0,-0.18984579588674882,-1.0,0.486495281483892,1,18,4,2023
2023-04-19,0.3343999981880188,0.3864080011844635,0.3959510028362274,0.32990598678588867,180933.0,-0.155020915990069,-1.0,0.486495281483892,2,19,4,2023
2023-04-20,0.29170501232147217,0.3343830108642578,0.3385449945926666,0.2791750133037567,91199.0,-0.05300564078693942,0.0,0.027009437032216074,3,20,4,2023
2023-04-21,0.27341699600219727,0.2916199862957001,0.31728699803352356,0.27337899804115295,119460.0,-0.01656443964652765,0.0,0.027009437032216074,4,21,4,2023
2023-04-22,0.2790690064430237,0.27338701486587524,0.28673800826072693,0.2639549970626831,67088.0,-0.061977560449047286,0.0,0.027009437032216074,5,22,4,2023
2023-04-23,0.2587069869041443,0.2790690064430237,0.29733601212501526,0.2587069869041443,63596.0,0.027886824734130622,0.0,0.027009437032216074,6,23,4,2023
2023-04-24,0.2648389935493469,0.2587139904499054,0.2761920094490051,0.2511749863624573,86650.0,0.0011536009250862622,0.0,0.027009437032216074,0,24,4,2023
2023-04-25,0.26700401306152344,0.26483699679374695,0.2718049883842468,0.24078400433063507,88446.0,0.00848488386421592,0.0,0.027009437032216074,1,25,4,2023
2023-04-26,0.2632850110530853,0.2669830024242401,0.28628799319267273,0.261819988489151,73856.0,0.02369295000814431,0.0,0.027009437032216074,2,26,4,2023
2023-04-27,0.2752540111541748,0.26326099038124084,0.2781049907207489,0.26294898986816406,126113.0,-0.005909110791780692,0.0,0.027009437032216074,3,27,4,2023
2023-04-28,0.2637920081615448,0.27529099583625793,0.2820729911327362,0.2619369924068451,84730.0,0.04767770399025417,0.0,0.027009437032216074,4,28,4,2023
2023-04-29,0.2834630012512207,0.2637990117073059,0.28607800602912903,0.26139500737190247,132573.0,-0.08171612290042307,0.0,0.027009437032216074,5,29,4,2023
2023-04-30,0.2692750096321106,0.28345799446105957,0.2852039933204651,0.2611759901046753,318875.0,-0.08500606505322966,0.0,0.027009437032216074,6,30,4,2023
2023-05-01,0.25132399797439575,0.26925399899482727,0.2714259922504425,0.24885299801826477,165565.0,-0.020181081921405775,0.0,0.027009437032216074,0,1,5,2023
2023-05-02,0.24144600331783295,0.25132501125335693,0.26517900824546814,0.23944799602031708,67594.0,0.017049383000249274,0.0,0.027009437032216074,1,2,5,2023
2023-05-03,0.25105801224708557,0.24145199358463287,0.25167301297187805,0.2313529998064041,61697.0,-0.056951008112549384,0.0,0.027009437032216074,2,3,5,2023
2023-05-04,0.2400670051574707,0.2510659992694855,0.25311100482940674,0.23752599954605103,46990.0,-0.09326147143648811,0.0,0.027009437032216074,3,4,5,2023
2023-05-05,0.23345300555229187,0.24006600677967072,0.24368199706077576,0.22930899262428284,59753.0,-0.15155086889023556,-1.0,0.486495281483892,4,5,5,2023
2023-05-06,0.20190300047397614,0.23344899713993073,0.23622499406337738,0.1993670016527176,51040.0,-0.03976414299558778,0.0,0.027009437032216074,5,6,5,2023
2023-05-07,0.19424299895763397,0.20190000534057617,0.21705099940299988,0.194023996591568,36403.0,0.0029190451528745553,0.0,0.027009437032216074,6,7,5,2023
2023-05-08,0.19350600242614746,0.19422000646591187,0.19730600714683533,0.1803860068321228,38366.0,0.0016950218882412216,0.0,0.027009437032216074,0,8,5,2023
2023-05-09,0.19611400365829468,0.19349800050258636,0.19611699879169464,0.18744799494743347,23455.0,-0.06093144374875198,0.0,0.027009437032216074,1,9,5,2023
2023-05-10,0.191553995013237,0.1961199939250946,0.19619600474834442,0.16773900389671326,30740.0,-0.03255740522479589,0.0,0.027009437032216074,2,10,5,2023
2023-05-11,0.1767749935388565,0.19156600534915924,0.1915699988603592,0.17610399425029755,39554.0,0.08813184740097701,0.0,0.027009437032216074,3,11,5,2023
2023-05-12,0.1938599944114685,0.17676399648189545,0.19747500121593475,0.16953200101852417,41358.0,0.008072884559272686,0.0,0.027009437032216074,4,12,5,2023
2023-05-13,0.19084900617599487,0.1938530057668686,0.20438699424266815,0.18774400651454926,44013.0,0.05781532301763159,0.0,0.027009437032216074,5,13,5,2023
2023-05-14,0.20000100135803223,0.19077299535274506,0.20502999424934387,0.19000199437141418,24259.0,-0.02612484577375379,0.0,0.027009437032216074,6,14,5,2023
2023-05-15,0.20376500487327576,0.19999200105667114,0.20494499802589417,0.19965800642967224,21827.0,-0.0859445923847108,0.0,0.027009437032216074,0,15,5,2023
2023-05-16,0.18578700721263885,0.20376600325107574,0.2042279988527298,0.18470899760723114,34487.0,0.0201709101452483,0.0,0.027009437032216074,1,16,5,2023
2023-05-17,0.18671800196170807,0.18517999351024628,0.1900559961795807,0.17153799533843994,19989.0,0.03405133725227216,0.0,0.027009437032216074,2,17,5,2023
2023-05-18,0.19235099852085114,0.18677400052547455,0.1942729949951172,0.18476499617099762,17774.0,-0.03761351957092929,0.0,0.027009437032216074,3,18,5,2023
2023-05-19,0.19380100071430206,0.19235700368881226,0.19421200454235077,0.18139100074768066,16689.0,-0.10873009007928408,-1.0,0.486495281483892,4,19,5,2023
2023-05-20,0.17643100023269653,0.19385600090026855,0.1939229965209961,0.17552700638771057,39614.0,-0.08454015191108438,0.0,0.027009437032216074,5,20,5,2023
2023-05-21,0.16902700066566467,0.1764249950647354,0.17668700218200684,0.1612360030412674,28444.0,-0.0834571078204494,0.0,0.027009437032216074,6,21,5,2023
2023-05-22,0.15400399267673492,0.169063001871109,0.17110399901866913,0.14875799417495728,39421.0,0.016116494257928382,0.0,0.027009437032216074,0,22,5,2023
2023-05-23,0.15583699941635132,0.15400700271129608,0.15733300149440765,0.1481200009584427,33525.0,-0.0023550292961092567,0.0,0.027009437032216074,1,23,5,2023
2023-05-24,0.1571349948644638,0.15583699941635132,0.15963199734687805,0.14987300336360931,29162.0,-0.034498936999574514,0.0,0.027009437032216074,2,24,5,2023
2023-05-25,0.15380500257015228,0.15716800093650818,0.16272899508476257,0.14909599721431732,44148.0,-0.018087851792329523,0.0,0.027009437032216074,3,25,5,2023
2023-05-26,0.14962300658226013,0.15382899343967438,0.15723000466823578,0.14549100399017334,35874.0,0.004668345777275873,0.0,0.027009437032216074,4,26,5,2023
2023-05-27,0.15242299437522888,0.14962099492549896,0.15319399535655975,0.1438789963722229,15757.0,-0.04839815175266554,0.0,0.027009437032216074,5,27,5,2023
2023-05-28,0.1482200026512146,0.15238499641418457,0.15343299508094788,0.14594799280166626,13104.0,-0.030734725153907627,0.0,0.027009437032216074,6,28,5,2023
2023-05-29,0.14187200367450714,0.14824199676513672,0.1488189995288849,0.14164100587368011,17128.0,0.0003982304556442995,0.0,0.027009437032216074,0,29,5,2023
2023-05-30,0.14545699954032898,0.14188000559806824,0.14699700474739075,0.1418440043926239,18173.0,-0.058752722698893034,0.0,0.027009437032216074,1,30,5,2023
2023-05-31,0.13840000331401825,0.14543800055980682,0.1527779996395111,0.13751399517059326,34483.0,0.010086707744630663,0.0,0.027009437032216074,2,31,5,2023
2023-06-01,0.1354220062494278,0.1383969932794571,0.14109699428081512,0.13273200392723083,23991.0,0.07285736811451826,0.0,0.027009437032216074,3,1,6,2023
2023-06-02,0.14417000114917755,0.13544400036334991,0.1451919972896576,0.12995199859142303,42176.0,0.06864115405704452,0.0,0.027009437032216074,4,2,6,2023
2023-06-03,0.14640699326992035,0.1441670060157776,0.1474359929561615,0.14399799704551697,11180.0,0.07141055654094619,0.0,0.027009437032216074,5,3,6,2023
2023-06-04,0.1617249995470047,0.14636799693107605,0.16281799972057343,0.14508500695228577,26944.0,-0.06683879131841625,0.0,0.027009437032216074,6,4,6,2023
2023-06-05,0.15199899673461914,0.161640003323555,0.16197100281715393,0.15020699799060822,18939.0,-0.02993442465452606,0.0,0.027009437032216074,0,5,6,2023
2023-06-06,0.14983199536800385,0.1519940048456192,0.1519940048456192,0.14003600180149078,12994.0,-0.032526425762962,0.0,0.027009437032216074,1,6,6,2023
2023-06-07,0.14506599307060242,0.14982500672340393,0.15102100372314453,0.14500199258327484,15501.0,-0.0009891410707561499,0.0,0.027009437032216074,2,7,6,2023
2023-06-08,0.14485099911689758,0.14508000016212463,0.14537300169467926,0.1354220062494278,18197.0,-0.04635797969423466,0.0,0.027009437032216074,3,8,6,2023
2023-06-09,0.14499400556087494,0.14485099911689758,0.1451520025730133,0.12284199893474579,14322.0,-0.07440657782946464,0.0,0.027009437032216074,4,9,6,2023
2023-06-10,0.13127799332141876,0.14503000676631927,0.14748899638652802,0.13126899302005768,25961.0,0.07366817417235605,0.0,0.027009437032216074,5,10,6,2023
2023-06-11,0.13713300228118896,0.13128000497817993,0.1423099935054779,0.1268160045146942,15887.0,0.10306416280191777,0.0,0.027009437032216074,6,11,6,2023
2023-06-12,0.1447650045156479,0.13713400065898895,0.14783500134944916,0.13228900730609894,34961.0,0.07544290976390677,0.0,0.027009437032216074,0,12,6,2023
2023-06-13,0.15776799619197845,0.14477099478244781,0.1590840071439743,0.14251400530338287,29218.0,-0.03422111140820833,0.0,0.027009437032216074,1,13,6,2023
2023-06-14,0.15360499918460846,0.15776799619197845,0.15781599283218384,0.1500059962272644,25765.0,-0.018951215515872366,0.0,0.027009437032216074,2,14,6,2023
2023-06-15,0.1511330008506775,0.15358899533748627,0.15426300466060638,0.15073199570178986,38280.0,-0.013918204868214157,0.0,0.027009437032216074,3,15,6,2023
2023-06-16,0.1502549946308136,0.15118399262428284,0.15259799361228943,0.14796200394630432,17335.0,-0.016784744732998902,0.0,0.027009437032216074,4,16,6,2023
2023-06-17,0.14780400693416595,0.15023399889469147,0.15041199326515198,0.14771699905395508,7757.0,0.0046480180026955975,0.0,0.027009437032216074,5,17,6,2023
2023-06-18,0.1476619988679886,0.147830992937088,0.14999599754810333,0.14669500291347504,12482.0,0.11510410942951399,0.0,0.027009437032216074,6,18,6,2023
2023-06-19,0.14932000637054443,0.14766499400138855,0.14953500032424927,0.1447480022907257,30398.0,0.26774033460350455,1.0,0.486495281483892,0,19,6,2023
2023-06-20,0.17999699711799622,0.1492909938097,0.21299900114536285,0.1492909938097,43489.0,0.0805291225702216,0.0,0.027009437032216074,1,20,6,2023
2023-06-21,0.19860099256038666,0.17999500036239624,0.21378499269485474,0.17978300154209137,83403.0,-0.03934265799222336,0.0,0.027009437032216074,2,21,6,2023
2023-06-22,0.19038300216197968,0.19858400523662567,0.2020229995250702,0.18983100354671478,43003.0,0.01547929786409874,0.0,0.027009437032216074,3,22,6,2023
2023-06-23,0.19119200110435486,0.19040200114250183,0.19463199377059937,0.1799519956111908,48652.0,0.005925953406359374,0.0,0.027009437032216074,4,23,6,2023
2023-06-24,0.1954679936170578,0.19118399918079376,0.1972530037164688,0.1879809945821762,26928.0,-0.028014806022579497,0.0,0.027009437032216074,5,24,6,2023
2023-06-25,0.18918199837207794,0.19548200070858002,0.19555999338626862,0.18510200083255768,28234.0,0.14647533918529998,1.0,0.486495281483892,6,25,6,2023
2023-06-26,0.19080199301242828,0.1891230046749115,0.19080199301242828,0.17946699261665344,37253.0,0.271144999357648,1.0,0.486495281483892,0,26,6,2023
2023-06-27,0.24298299849033356,0.19083699584007263,0.28266799449920654,0.18844300508499146,96692.0,0.013424800566504524,0.0,0.027009437032216074,1,27,6,2023
2023-06-28,0.24209100008010864,0.24371400475502014,0.2531599998474121,0.2132209986448288,113179.0,0.002261539934996226,0.0,0.027009437032216074,2,28,6,2023
2023-06-29,0.25039899349212646,0.24202899634838104,0.26120999455451965,0.23261100053787231,54435.0,-0.09629827840908278,0.0,0.027009437032216074,3,29,6,2023
2023-06-30,0.23487800359725952,0.2503879964351654,0.2504810094833374,0.23030699789524078,31532.0,-0.016487309416664764,0.0,0.027009437032216074,4,30,6,2023
2023-07-01,0.2176939994096756,0.23482699692249298,0.23482699692249298,0.2163500040769577,20279.0,0.09626586594732067,0.0,0.027009437032216074,5,1,7,2023
2023-07-02,0.24431699514389038,0.2176930010318756,0.24954800307750702,0.21317200362682343,36769.0,-0.056842115278537775,0.0,0.027009437032216074,6,2,7,2023
2023-07-03,0.2329840064048767,0.24430599808692932,0.24493399262428284,0.22396600246429443,47987.0,-0.051132303765097586,0.0,0.027009437032216074,0,3,7,2023
2023-07-04,0.2278749942779541,0.23301899433135986,0.23660799860954285,0.22047699987888336,28206.0,-0.07960941072028305,0.0,0.027009437032216074,1,4,7,2023
2023-07-05,0.21426700055599213,0.22788399457931519,0.22797800600528717,0.21002799272537231,25380.0,-0.06113866438466914,0.0,0.027009437032216074,2,5,7,2023
2023-07-06,0.20520099997520447,0.21426799893379211,0.21436500549316406,0.20308299362659454,24743.0,-0.02052621320785436,0.0,0.027009437032216074,3,6,7,2023
2023-07-07,0.19713300466537476,0.20518499612808228,0.20808200538158417,0.19648399949073792,29240.0,0.025000846601032967,0.0,0.027009437032216074,4,7,7,2023
2023-07-08,0.20484499633312225,0.19712300598621368,0.20545700192451477,0.19710899889469147,17631.0,-0.017442458908053182,0.0,0.027009437032216074,5,8,7,2023
2023-07-09,0.19927799701690674,0.2045619934797287,0.2143539935350418,0.19918300211429596,17320.0,0.01426399727218075,0.0,0.027009437032216074,6,9,7,2023
2023-07-10,0.2032659947872162,0.19927899539470673,0.20334599912166595,0.1945739984512329,22935.0,-0.019494133473108577,0.0,0.027009437032216074,0,10,7,2023
2023-07-11,0.20097500085830688,0.20327900350093842,0.20623700320720673,0.19283199310302734,16333.0,-0.008635407309031617,0.0,0.027009437032216074,1,11,7,2023
2023-07-12,0.19763199985027313,0.20097699761390686,0.2012310028076172,0.19065700471401215,19218.0,0.039242142286214476,0.0,0.027009437032216074,2,12,7,2023
2023-07-13,0.20084699988365173,0.19758500158786774,0.20092499256134033,0.18993400037288666,27175.0,0.01234025249183629,0.0,0.027009437032216074,3,13,7,2023
2023-07-14,0.2099280059337616,0.20077499747276306,0.21614700555801392,0.1956460028886795,52980.0,-0.06648236126697632,0.0,0.027009437032216074,4,14,7,2023
2023-07-15,0.19672299921512604,0.20992499589920044,0.21109700202941895,0.1966709941625595,11791.0,-0.019707909273672664,0.0,0.027009437032216074,5,15,7,2023
2023-07-16,0.1952199935913086,0.19671200215816498,0.19920000433921814,0.19186800718307495,13773.0,-0.04746434468473837,0.0,0.027009437032216074,6,16,7,2023
2023-07-17,0.19047200679779053,0.19522200524806976,0.1971369981765747,0.1898529976606369,15546.0,-0.014028356265979092,0.0,0.027009437032216074,0,17,7,2023
2023-07-18,0.18143600225448608,0.1904660016298294,0.19343000650405884,0.181194007396698,32852.0,0.09535314821890073,0.0,0.027009437032216074,1,18,7,2023
2023-07-19,0.1941639930009842,0.18139000236988068,0.19673700630664825,0.1811549961566925,24506.0,0.057974232787482816,0.0,0.027009437032216074,2,19,7,2023
2023-07-20,0.20330899953842163,0.19411100447177887,0.20452000200748444,0.19405600428581238,24929.0,0.017694767072837903,0.0,0.027009437032216074,3,20,7,2023
2023-07-21,0.20753200352191925,0.20330899953842163,0.20753200352191925,0.1975259929895401,32595.0,0.032766046847626684,0.0,0.027009437032216074,4,21,7,2023
2023-07-22,0.20628100633621216,0.20743900537490845,0.2102539986371994,0.2030230015516281,20588.0,0.07271634389643389,0.0,0.027009437032216074,5,22,7,2023
2023-07-23,0.22238300740718842,0.20635099709033966,0.22289499640464783,0.20591600239276886,46158.0,-0.017735177421461246,0.0,0.027009437032216074,6,23,7,2023
2023-07-24,0.2201790064573288,0.22236700356006622,0.2250320017337799,0.2173900008201599,62853.0,0.06122064599105992,0.0,0.027009437032216074,0,24,7,2023
2023-07-25,0.2166990041732788,0.22018100321292877,0.22125199437141418,0.21290799975395203,21152.0,0.1445807452732777,1.0,0.486495281483892,1,25,7,2023
2023-07-26,0.25061801075935364,0.21670399606227875,0.28546199202537537,0.21669399738311768,119224.0,-0.04968918506732689,0.0,0.027009437032216074,2,26,7,2023
2023-07-27,0.2454410046339035,0.25057101249694824,0.2521139979362488,0.23463399708271027,78115.0,-0.0806690827123378,0.0,0.027009437032216074,3,27,7,2023
2023-07-28,0.23088900744915009,0.2454269975423813,0.2454269975423813,0.21438400447368622,33398.0,-0.04480293550716924,0.0,0.027009437032216074,4,28,7,2023
2023-07-29,0.22039400041103363,0.23087899386882782,0.23294299840927124,0.21614600718021393,29711.0,0.03795930749903775,0.0,0.027009437032216074,5,29,7,2023
2023-07-30,0.22069500386714935,0.22039499878883362,0.23054200410842896,0.2199610024690628,13738.0,0.06440789567411587,0.0,0.027009437032216074,6,30,7,2023
2023-07-31,0.23682500422000885,0.22068899869918823,0.2429489940404892,0.21772700548171997,49438.0,-0.026631471843333865,0.0,0.027009437032216074,0,31,7,2023
2023-08-01,0.23299400508403778,0.23683099448680878,0.24009999632835388,0.23147599399089813,38605.0,0.014184895423454247,0.0,0.027009437032216074,1,1,8,2023
2023-08-02,0.22804200649261475,0.23297899961471558,0.23624999821186066,0.2239689975976944,34242.0,0.1489593652229143,1.0,0.486495281483892,2,2,8,2023
2023-08-03,0.2445559948682785,0.2280540019273758,0.2445559948682785,0.22699399292469025,52777.0,0.09653418637419553,0.0,0.027009437032216074,3,3,8,2023
2023-08-04,0.27946600317955017,0.2445479929447174,0.31355398893356323,0.24332700669765472,142298.0,-0.07868221026405936,0.0,0.027009437032216074,4,4,8,2023
2023-08-05,0.25686201453208923,0.2794010043144226,0.28185999393463135,0.2567160129547119,61640.0,0.07582273941365092,0.0,0.027009437032216074,5,5,8,2023
2023-08-06,0.2580919861793518,0.25675299763679504,0.26390498876571655,0.24293400347232819,76276.0,0.18883584888448557,1.0,0.486495281483892,6,6,8,2023
2023-08-07,0.2945840060710907,0.2580919861793518,0.31924399733543396,0.25463399291038513,109354.0,0.01707828511809134,0.0,0.027009437032216074,0,7,8,2023
2023-08-08,0.31907400488853455,0.2944900095462799,0.3649440109729767,0.2934649884700775,195282.0,-0.14438033813026985,-1.0,0.486495281483892,1,8,8,2023
2023-08-09,0.2801559865474701,0.31908199191093445,0.32618001103401184,0.2801559865474701,103811.0,-0.010279959257377957,0.0,0.027009437032216074,2,9,8,2023
2023-08-10,0.265855997800827,0.2801710069179535,0.2852799892425537,0.256071001291275,55384.0,0.11358968693638472,0.0,0.027009437032216074,3,10,8,2023
2023-08-11,0.2886959910392761,0.26592299342155457,0.2891170084476471,0.2645300030708313,50838.0,0.0678239873315144,0.0,0.027009437032216074,4,11,8,2023
2023-08-12,0.3034130036830902,0.288675993680954,0.30383801460266113,0.2853350043296814,33636.0,0.008107770165774963,0.0,0.027009437032216074,5,12,8,2023
2023-08-13,0.31314000487327576,0.3028019964694977,0.3140009939670563,0.29135000705718994,42853.0,-0.06891327737506586,0.0,0.027009437032216074,6,13,8,2023
2023-08-14,0.2986060082912445,0.31222400069236755,0.32878899574279785,0.2921920120716095,81484.0,-0.10669246288882095,-1.0,0.486495281483892,0,14,8,2023
2023-08-15,0.28451499342918396,0.29861199855804443,0.29924699664115906,0.27903300523757935,48324.0,-0.16226030165902722,-1.0,0.486495281483892,1,15,8,2023
2023-08-16,0.24897900223731995,0.28451600670814514,0.287106990814209,0.2390269935131073,106445.0,-0.1322842450081987,-1.0,0.486495281483892,2,16,8,2023
2023-08-17,0.2277200073003769,0.24897600710391998,0.24912700057029724,0.22675900161266327,44787.0,-0.05357020280877589,0.0,0.027009437032216074,3,17,8,2023
2023-08-18,0.20436599850654602,0.2277040034532547,0.23775100708007812,0.2038629949092865,85948.0,0.09922149624091403,0.0,0.027009437032216074,4,18,8,2023
2023-08-19,0.22667600214481354,0.20437000691890717,0.23315399885177612,0.204352006316185,27881.0,-0.046204735231842764,0.0,0.027009437032216074,5,19,8,2023
2023-08-20,0.22261099517345428,0.2266779989004135,0.22848199307918549,0.2219730019569397,17224.0,-0.059498381804452216,0.0,0.027009437032216074,6,20,8,2023
2023-08-21,0.20979399979114532,0.22259600460529327,0.22359700500965118,0.20412999391555786,36033.0,-0.014194862901489691,0.0,0.027009437032216074,0,21,8,2023
2023-08-22,0.20893800258636475,0.20915299654006958,0.20946499705314636,0.19844700396060944,34283.0,-0.03208369634489433,0.0,0.027009437032216074,1,22,8,2023
2023-08-23,0.204694002866745,0.2092130035161972,0.2092220038175583,0.20055599510669708,29780.0,-0.029927606043395005,0.0,0.027009437032216074,2,23,8,2023
2023-08-24,0.19977499544620514,0.20468999445438385,0.20868800580501556,0.19966000318527222,19534.0,-0.023438812895637817,0.0,0.027009437032216074,3,24,8,2023
2023-08-25,0.19736100733280182,0.1997690051794052,0.20066499710083008,0.19245100021362305,32198.0,-0.032602730169329186,0.0,0.027009437032216074,4,25,8,2023
2023-08-26,0.19282400608062744,0.19736100733280182,0.19745700061321259,0.19192999601364136,24645.0,-0.022375388324755385,0.0,0.027009437032216074,5,26,8,2023
2023-08-27,0.18902899324893951,0.1928199976682663,0.19414900243282318,0.18605799973011017,18777.0,0.03277011641855304,0.0,0.027009437032216074,6,27,8,2023
2023-08-28,0.1879899948835373,0.1890610009431839,0.1910019963979721,0.18536299467086792,18021.0,0.07780468848772504,0.0,0.027009437032216074,0,28,8,2023
2023-08-29,0.202456995844841,0.18798600137233734,0.20743800699710846,0.1767140030860901,79702.0,-0.003413053937689925,0.0,0.027009437032216074,1,29,8,2023
2023-08-30,0.2027759999036789,0.2024330049753189,0.20653299987316132,0.197176992893219,52864.0,-0.010080087054245124,0.0,0.027009437032216074,2,30,8,2023
2023-08-31,0.2007559984922409,0.20273800194263458,0.20426799356937408,0.1983180046081543,29689.0,0.00027147879752442705,0.0,0.027009437032216074,3,31,8,2023
2023-09-01,0.20070800185203552,0.20068399608135223,0.20515699684619904,0.19826599955558777,47322.0,-0.012774804841177156,0.0,0.027009437032216074,4,1,9,2023
2023-09-02,0.20091299712657928,0.2007489949464798,0.21195000410079956,0.19852200150489807,27157.0,-0.05945360405659167,0.0,0.027009437032216074,5,2,9,2023
2023-09-03,0.195374995470047,0.20082800090312958,0.20261700451374054,0.1944350004196167,30828.0,-0.09152653791046167,0.0,0.027009437032216074,6,3,9,2023
2023-09-04,0.182560995221138,0.19525299966335297,0.19537299871444702,0.1809989959001541,40757.0,-0.06619700295336206,0.0,0.027009437032216074,0,4,9,2023
2023-09-05,0.17242500185966492,0.1826460063457489,0.18270699679851532,0.17125099897384644,28813.0,-0.010900381860345865,0.0,0.027009437032216074,1,5,9,2023
2023-09-06,0.1685270071029663,0.17250999808311462,0.1754080057144165,0.16851699352264404,43227.0,0.05588419311781012,0.0,0.027009437032216074,2,6,9,2023
2023-09-07,0.17256399989128113,0.16853000223636627,0.1731330007314682,0.12685100734233856,52957.0,0.052794921909743,0.0,0.027009437032216074,3,7,9,2023
2023-09-08,0.18332600593566895,0.17253099381923676,0.18375499546527863,0.17225900292396545,32906.0,-0.04573003706473322,0.0,0.027009437032216074,4,8,9,2023
2023-09-09,0.18002299964427948,0.18339699506759644,0.18339699506759644,0.18001499772071838,13267.0,-0.07422106475225554,0.0,0.027009437032216074,5,9,9,2023
2023-09-10,0.16986200213432312,0.18003100156784058,0.18012000620365143,0.16247700154781342,30114.0,-0.028702731742081877,0.0,0.027009437032216074,6,10,9,2023
2023-09-11,0.16346099972724915,0.1698639988899231,0.17022399604320526,0.16005000472068787,33499.0,-0.0013122531719698682,0.0,0.027009437032216074,0,11,9,2023
2023-09-12,0.16651199758052826,0.16345000267028809,0.16792699694633484,0.15595699846744537,32491.0,-0.021538993797536543,0.0,0.027009437032216074,1,12,9,2023
2023-09-13,0.15998099744319916,0.1665239930152893,0.16884399950504303,0.15809200704097748,38309.0,0.06177297563938933,0.0,0.027009437032216074,2,13,9,2023
2023-09-14,0.16586999595165253,0.1600019931793213,0.16720199584960938,0.15716800093650818,21188.0,0.027464331136204834,0.0,0.027009437032216074,3,14,9,2023
2023-09-15,0.17385700345039368,0.16586799919605255,0.1745530068874359,0.16579100489616394,35967.0,-0.05816275612294347,0.0,0.027009437032216074,4,15,9,2023
2023-09-16,0.16699400544166565,0.17384900152683258,0.17531399428844452,0.16655899584293365,22524.0,-0.04510944180387977,0.0,0.027009437032216074,5,16,9,2023
2023-09-17,0.16049599647521973,0.1669909954071045,0.1673939973115921,0.16040000319480896,30979.0,-0.02565793285192869,0.0,0.027009437032216074,6,17,9,2023
2023-09-18,0.15842600166797638,0.16049699485301971,0.16199800372123718,0.15444500744342804,21307.0,-0.014041286936751662,0.0,0.027009437032216074,0,18,9,2023
2023-09-19,0.15433000028133392,0.15845400094985962,0.15846100449562073,0.14916299283504486,46256.0,0.0011144732246902156,0.0,0.027009437032216074,1,19,9,2023
2023-09-20,0.15807299315929413,0.15432800352573395,0.15825900435447693,0.1542930006980896,23241.0,-0.05155523152640262,0.0,0.027009437032216074,2,20,9,2023
2023-09-21,0.1509310007095337,0.1580680012702942,0.15824000537395477,0.15039700269699097,27197.0,-0.0229707681298727,0.0,0.027009437032216074,3,21,9,2023
2023-09-22,0.14891600608825684,0.150860995054245,0.1510230004787445,0.14790700376033783,21201.0,0.0033138761829589747,0.0,0.027009437032216074,4,22,9,2023
2023-09-23,0.14601199328899384,0.14890800416469574,0.14902199804782867,0.14285799860954285,20690.0,0.02616224868219741,0.0,0.027009437032216074,5,23,9,2023
2023-09-24,0.15280699729919434,0.14605100452899933,0.15369099378585815,0.14567400515079498,31791.0,-0.04653908099151377,0.0,0.027009437032216074,6,24,9,2023
2023-09-25,0.14685699343681335,0.1528100073337555,0.15285399556159973,0.1467590034008026,17843.0,-0.0285140459966845,0.0,0.027009437032216074,0,25,9,2023
2023-09-26,0.14453400671482086,0.1468529999256134,0.1471800059080124,0.14334599673748016,37095.0,0.003964425842823249,0.0,0.027009437032216074,1,26,9,2023
2023-09-27,0.14080500602722168,0.14449399709701538,0.14458400011062622,0.1403219997882843,21458.0,0.1045558680549088,0.0,0.027009437032216074,2,27,9,2023
2023-09-28,0.1494089961051941,0.1408270001411438,0.14952099323272705,0.14048799872398376,23520.0,0.10334719370383061,0.0,0.027009437032216074,3,28,9,2023
2023-09-29,0.16164499521255493,0.14941200613975525,0.16164499521255493,0.14938099682331085,37807.0,0.04552572445023928,0.0,0.027009437032216074,4,29,9,2023
2023-09-30,0.16805499792099,0.16164599359035492,0.17002299427986145,0.15929999947547913,37316.0,0.0038112764874561056,0.0,0.027009437032216074,5,30,9,2023
2023-10-01,0.16995300352573395,0.16805000603199005,0.17605100572109222,0.16760499775409698,27569.0,-0.014848247134481518,0.0,0.027009437032216074,6,1,10,2023
2023-10-02,0.16743800044059753,0.1699420064687729,0.17127199470996857,0.16151000559329987,27112.0,-0.02229482936702948,0.0,0.027009437032216074,0,2,10,2023
2023-10-03,0.16742099821567535,0.16742700338363647,0.17251400649547577,0.1656460016965866,22486.0,-0.07938968618298914,0.0,0.027009437032216074,1,3,10,2023
2023-10-04,0.15998899936676025,0.16743600368499756,0.16751199960708618,0.1595499962568283,16786.0,-0.0846933130166867,0.0,0.027009437032216074,2,4,10,2023
2023-10-05,0.14826999604701996,0.1599940061569214,0.1599940061569214,0.14826799929141998,25671.0,-0.015491951895388156,0.0,0.027009437032216074,3,5,10,2023
2023-10-06,0.1446080058813095,0.1482740044593811,0.14851100742816925,0.14441299438476562,26409.0,0.014065567043836102,0.0,0.027009437032216074,4,6,10,2023
2023-10-07,0.14733800292015076,0.14460499584674835,0.14798499643802643,0.1443050056695938,17107.0,-0.035707040049613226,0.0,0.027009437032216074,5,7,10,2023
2023-10-08,0.14594599604606628,0.14732599258422852,0.1482049971818924,0.14450900256633759,18583.0,-0.052207617310937926,0.0,0.027009437032216074,6,8,10,2023
2023-10-09,0.13820800185203552,0.1459210067987442,0.14774799346923828,0.13756300508975983,34209.0,-0.026510779212293945,0.0,0.027009437032216074,0,9,10,2023
2023-10-10,0.13844500482082367,0.13804900646209717,0.1428149938583374,0.1336749941110611,28324.0,-0.059778307496367145,0.0,0.027009437032216074,1,10,10,2023
2023-10-11,0.13064299523830414,0.1384429931640625,0.138837993144989,0.13037000596523285,22611.0,-0.02120281459418022,0.0,0.027009437032216074,2,11,10,2023
2023-10-12,0.12969499826431274,0.13063399493694305,0.13617099821567535,0.12613500654697418,29888.0,0.03088784013757856,0.0,0.027009437032216074,3,12,10,2023
2023-10-13,0.12605099380016327,0.12972700595855713,0.13037200272083282,0.12596799433231354,22417.0,0.11575480672441951,0.0,0.027009437032216074,4,13,10,2023
2023-10-14,0.14135099947452545,0.12605099380016327,0.14342699944972992,0.12602700293064117,16788.0,0.03481760570024678,0.0,0.027009437032216074,5,14,10,2023
2023-10-15,0.1399330049753189,0.14135399460792542,0.14341899752616882,0.13681800663471222,17106.0,0.13335305132872843,1.0,0.486495281483892,6,15,10,2023
2023-10-16,0.15261200070381165,0.13993600010871887,0.15264399349689484,0.13851900398731232,38901.0,0.19255365704911076,1.0,0.486495281483892,0,16,10,2023
2023-10-17,0.16457499563694,0.15260599553585052,0.16718199849128723,0.1458600014448166,32992.0,0.23723536573738768,1.0,0.486495281483892,1,17,10,2023
2023-10-18,0.1994210034608841,0.1645209938287735,0.19950400292873383,0.16443000733852386,57555.0,0.010495394987505402,0.0,0.027009437032216074,2,18,10,2023
2023-10-19,0.2078150063753128,0.19942200183868408,0.20796500146389008,0.17232899367809296,99828.0,-0.05792895699618872,0.0,0.027009437032216074,3,19,10,2023
2023-10-20,0.19521300494670868,0.2078160047531128,0.2109300047159195,0.190421000123024,62649.0,0.01198684968531416,0.0,0.027009437032216074,4,20,10,2023
2023-10-21,0.19633999466896057,0.19519999623298645,0.1963910013437271,0.18503500521183014,46774.0,-0.03526279368015883,0.0,0.027009437032216074,5,21,10,2023
2023-10-22,0.19876599311828613,0.19633500277996063,0.19911900162696838,0.1894499957561493,37714.0,-0.03973765570929072,0.0,0.027009437032216074,6,22,10,2023
2023-10-23,0.1800670027732849,0.198853000998497,0.19887199997901917,0.17552900314331055,64385.0,0.06572550093130702,0.0,0.027009437032216074,0,23,10,2023
2023-10-24,0.20166799426078796,0.18008899688720703,0.24157600104808807,0.1799820065498352,80856.0,-0.09796297541472371,0.0,0.027009437032216074,1,24,10,2023
2023-10-25,0.18213599920272827,0.20169499516487122,0.20267200469970703,0.18208299577236176,50010.0,0.02496486115451768,0.0,0.027009437032216074,2,25,10,2023
2023-10-26,0.18168799579143524,0.18213699758052826,0.19351500272750854,0.17937999963760376,66620.0,0.05628606870815955,0.0,0.027009437032216074,3,26,10,2023
2023-10-27,0.1916780024766922,0.18168699741363525,0.19397400319576263,0.18168699741363525,34112.0,-0.013431397387900612,0.0,0.027009437032216074,4,27,10,2023
2023-10-28,0.1921509951353073,0.19164800643920898,0.1928589940071106,0.18499000370502472,31219.0,-0.03647648106422352,0.0,0.027009437032216074,5,28,10,2023
2023-10-29,0.1860560029745102,0.19216999411582947,0.21139399707317352,0.1842450052499771,65811.0,0.021152238662047906,0.0,0.027009437032216074,6,29,10,2023
2023-10-30,0.18422800302505493,0.18605999648571014,0.19352300465106964,0.1836950033903122,42730.0,0.08265842088524356,0.0,0.027009437032216074,0,30,10,2023
2023-10-31,0.1957550048828125,0.18422700464725494,0.19593499600887299,0.17981000244617462,38007.0,0.0372914575863279,0.0,0.027009437032216074,1,31,10,2023
2023-11-01,0.2031569927930832,0.19575299322605133,0.2031649947166443,0.1899929940700531,61901.0,-0.011924259377634805,0.0,0.027009437032216074,2,1,11,2023
2023-11-02,0.20295299589633942,0.20315900444984436,0.21090400218963623,0.19742700457572937,52852.0,-0.015235046837560662,0.0,0.027009437032216074,3,2,11,2023
2023-11-03,0.19851599633693695,0.2029470056295395,0.2078630030155182,0.19432300329208374,36131.0,-0.007415000979944575,0.0,0.027009437032216074,4,3,11,2023
2023-11-04,0.2012059986591339,0.19852299988269806,0.20200799405574799,0.19501200318336487,44822.0,-0.05570905565151163,0.0,0.027009437032216074,5,4,11,2023
2023-11-05,0.1928820013999939,0.20119500160217285,0.2084359973669052,0.19285200536251068,56874.0,-0.005181939374349243,0.0,0.027009437032216074,6,5,11,2023
2023-11-06,0.1871120035648346,0.1928810030221939,0.21011899411678314,0.18599799275398254,57679.0,0.09770078922508896,0.0,0.027009437032216074,0,6,11,2023
2023-11-07,0.19665299355983734,0.1878259927034378,0.19915500283241272,0.18780499696731567,42940.0,0.1680244210136439,1.0,0.486495281483892,1,7,11,2023
2023-11-08,0.21413299441337585,0.1966329962015152,0.21433399617671967,0.1958959996700287,62609.0,0.13338210780598936,1.0,0.486495281483892,2,8,11,2023
2023-11-09,0.24525800347328186,0.21416300535202026,0.24899299442768097,0.21254700422286987,113414.0,-0.05194530209819731,0.0,0.027009437032216074,3,9,11,2023
2023-11-10,0.24013100564479828,0.2452619969844818,0.24735499918460846,0.22942599654197693,78988.0,-0.09453382918027703,0.0,0.027009437032216074,4,10,11,2023
2023-11-11,0.22490499913692474,0.24013499915599823,0.24230599403381348,0.20480799674987793,73922.0,-0.043082612679327614,0.0,0.027009437032216074,5,11,11,2023
2023-11-12,0.20995600521564484,0.22490400075912476,0.23194900155067444,0.20145399868488312,64130.0,0.0033244714355500915,0.0,0.027009437032216074,6,12,11,2023
2023-11-13,0.2204750031232834,0.21012000739574432,0.23427200317382812,0.20871299505233765,62002.0,-0.06037648318002098,0.0,0.027009437032216074,0,13,11,2023
2023-11-14,0.20083299279212952,0.22050200402736664,0.2211810052394867,0.19558699429035187,80575.0,0.06644829812621966,0.0,0.027009437032216074,1,14,11,2023
2023-11-15,0.21349400281906128,0.20082500576972961,0.22333799302577972,0.19370999932289124,101314.0,0.12240391447400567,0.0,0.027009437032216074,2,15,11,2023
2023-11-16,0.21486200392246246,0.21350400149822235,0.2240460067987442,0.20659899711608887,107498.0,0.4651659997870886,1.0,0.486495281483892,3,16,11,2023
2023-11-17,0.2643910050392151,0.2148739993572235,0.2691200077533722,0.20885300636291504,272104.0,0.49338476400243925,1.0,0.486495281483892,4,17,11,2023
2023-11-18,0.36522600054740906,0.26440998911857605,0.4621410071849823,0.2643589973449707,584866.0,0.145003354154578,1.0,0.486495281483892,5,18,11,2023
2023-11-19,0.42444899678230286,0.3652220070362091,0.4797089993953705,0.35108399391174316,716731.0,0.02569096860058645,0.0,0.027009437032216074,6,19,11,2023
2023-11-20,0.4119209945201874,0.42441800236701965,0.47464698553085327,0.4097130000591278,513138.0,0.1636030104671795,1.0,0.486495281483892,0,20,11,2023
2023-11-21,0.4587860107421875,0.4119260013103485,0.48932498693466187,0.3181079924106598,379887.0,0.16614171059633487,1.0,0.486495281483892,1,21,11,2023
2023-11-22,0.49983900785446167,0.45874398946762085,0.5394930243492126,0.4225099980831146,648323.0,0.18836662510089852,1.0,0.486495281483892,2,22,11,2023
2023-11-23,0.5701799988746643,0.49982699751853943,0.5859469771385193,0.4510650038719177,954384.0,0.08834926661867049,0.0,0.027009437032216074,3,23,11,2023
2023-11-24,0.6178039908409119,0.571304976940155,0.9018200039863586,0.571304976940155,1698983.0,-0.01973684400943898,0.0,0.027009437032216074,4,24,11,2023
2023-11-25,0.6233059763908386,0.6177279949188232,0.7554240226745605,0.5469899773597717,742142.0,-0.0952340743663374,0.0,0.027009437032216074,5,25,11,2023
2023-11-26,0.5879150032997131,0.6233279705047607,0.630698025226593,0.47986900806427,518442.0,-0.07535866552265974,0.0,0.027009437032216074,6,26,11,2023
2023-11-27,0.5399770140647888,0.587909996509552,0.6116870045661926,0.4615429937839508,517494.0,-0.08104512583793627,0.0,0.027009437032216074,0,27,11,2023
2023-11-28,0.5472440123558044,0.5399609804153442,0.5734400153160095,0.43543800711631775,415509.0,-0.1756291721665646,-1.0,0.486495281483892,1,28,11,2023
2023-11-29,0.44518500566482544,0.547228991985321,0.5498960018157959,0.42270100116729736,514579.0,0.10352210781547377,0.0,0.027009437032216074,2,29,11,2023
2023-11-30,0.4570789933204651,0.44516900181770325,0.48935699462890625,0.4048900008201599,441557.0,0.251837220592832,1.0,0.486495281483892,3,30,11,2023
2023-12-01,0.5254639983177185,0.4570870101451874,0.5282149910926819,0.430092990398407,557374.0,0.15604589611202502,1.0,0.486495281483892,4,1,12,2023
2023-12-02,0.6189129948616028,0.5254160165786743,0.6747369766235352,0.5118060111999512,771886.0,-0.03234781801405423,0.0,0.027009437032216074,5,2,12,2023
2023-12-03,0.5960080027580261,0.6189489960670471,0.6551340222358704,0.5884760022163391,418771.0,-0.026104483739201156,0.0,0.027009437032216074,6,3,12,2023
2023-12-04,0.6017770171165466,0.5960119962692261,0.7172849774360657,0.5370500087738037,967853.0,-0.07471204597636938,0.0,0.027009437032216074,0,4,12,2023
2023-12-05,0.5591220259666443,0.6017959713935852,0.6603800058364868,0.5536620020866394,486009.0,0.07374417022697372,0.0,0.027009437032216074,1,5,12,2023
2023-12-06,0.5545120239257812,0.5611330270767212,0.5898110270500183,0.4691089987754822,568318.0,0.24290360014997048,1.0,0.486495281483892,2,6,12,2023
2023-12-07,0.6461960077285767,0.5544509887695312,0.6734510064125061,0.5175679922103882,813717.0,0.22688622378905987,1.0,0.486495281483892,3,7,12,2023
2023-12-08,0.7322139739990234,0.6461859941482544,0.7794010043144226,0.6461859941482544,1520185.0,0.1631558909299775,1.0,0.486495281483892,4,8,12,2023
2023-12-09,0.8534039855003357,0.7322390079498291,0.8775849938392639,0.7220039963722229,1474103.0,-0.0714462118785063,0.0,0.027009437032216074,5,9,12,2023
2023-12-10,0.8499540090560913,0.8533759713172913,0.9185510277748108,0.7639719843864441,1256725.0,-0.07926489751443594,0.0,0.027009437032216074,6,10,12,2023
2023-12-11,0.7349089980125427,0.8503770232200623,0.8557909727096558,0.6416879892349243,1153501.0,0.11360044711452255,0.0,0.027009437032216074,0,11,12,2023
2023-12-12,0.8302559852600098,0.734844982624054,0.8998429775238037,0.7328270077705383,1995614.0,0.05531005534774541,0.0,0.027009437032216074,1,12,12,2023
2023-12-13,0.8065339922904968,0.8302739858627319,0.8494970202445984,0.761676013469696,1158962.0,0.18322600884831164,1.0,0.486495281483892,2,13,12,2023
2023-12-14,0.9458209872245789,0.8064969778060913,0.9493989944458008,0.8004260063171387,1371350.0,-0.0003039403921404893,0.0,0.027009437032216074,3,14,12,2023
2023-12-15,0.9628030061721802,0.9458469748497009,0.9786480069160461,0.8812100291252136,1164997.0,-0.03584117380419949,0.0,0.027009437032216074,4,15,12,2023
2023-12-16,0.9282640218734741,0.9627900123596191,1.0475260019302368,0.9146819710731506,1549579.0,0.00483051989105221,0.0,0.027009437032216074,5,16,12,2023
2023-12-17,0.9283260107040405,0.9282529950141907,0.9703810214996338,0.8742219805717468,973121.0,-0.001061045953553219,0.0,0.027009437032216074,6,17,12,2023
2023-12-18,0.9371700286865234,0.9287179708480835,0.9523710012435913,0.8301870226860046,839746.0,-0.008529963294779397,0.0,0.027009437032216074,0,18,12,2023
2023-12-19,0.9175119996070862,0.9369310140609741,0.9660400152206421,0.9017059803009033,828524.0,0.11522625724690427,0.0,0.027009437032216074,1,19,12,2023
2023-12-20,0.9408400058746338,0.9174780249595642,0.9415450096130371,0.8768789768218994,565161.0,0.18221425640919087,1.0,0.486495281483892,2,20,12,2023
2023-12-21,1.1056269407272339,0.9408469796180725,1.1272070407867432,0.938103973865509,1432142.0,-0.03543910075085144,0.0,0.027009437032216074,3,21,12,2023
2023-12-22,1.1189219951629639,1.1055599451065063,1.168262004852295,1.0759249925613403,1015593.0,-0.10157139770543938,0.0,0.027009437032216074,4,22,12,2023
2023-12-23,1.0139670372009277,1.1188679933547974,1.1207289695739746,1.0135979652404785,537086.0,0.012011226023928179,0.0,0.027009437032216074,5,23,12,2023
2023-12-24,0.9965760111808777,1.013996958732605,1.0512570142745972,0.9933090209960938,580820.0,0.04366901915103982,0.0,0.027009437032216074,6,24,12,2023
2023-12-25,1.0557160377502441,0.9965599775314331,1.0762289762496948,0.9700959920883179,830569.0,-0.04187446392203786,0.0,0.027009437032216074,0,25,12,2023
2023-12-26,1.0244749784469604,1.0560170412063599,1.058156967163086,0.9529100060462952,709865.0,0.03905613376155864,0.0,0.027009437032216074,1,26,12,2023
2023-12-27,0.9985420107841492,1.0244840383529663,1.0330300331115723,0.9714630246162415,585676.0,0.07138760162134528,0.0,0.027009437032216074,2,27,12,2023
2023-12-28,1.1304320096969604,0.9983230233192444,1.1307170391082764,0.965828001499176,896053.0,-0.09529012203315262,0.0,0.027009437032216074,3,28,12,2023
2023-12-29,1.0092190504074097,1.1306439638137817,1.1576160192489624,1.007962942123413,1252270.0,-0.0030395609797986833,0.0,0.027009437032216074,4,29,12,2023
2023-12-30,1.0362069606781006,1.009173035621643,1.0364279747009277,0.9748910069465637,590330.0,-0.09454624039987419,0.0,0.027009437032216074,5,30,12,2023
2023-12-31,0.976095974445343,1.0365420579910278,1.0365420579910278,0.9605849981307983,381337.0,0.0570763694301471,0.0,0.027009437032216074,6,31,12,2023
2024-01-01,0.9003790020942688,0.9760239720344543,0.9932399988174438,0.8974480032920837,647178.0,0.2859584294908736,1.0,0.486495281483892,0,1,1,2024
2024-01-02,1.1632369756698608,0.9003900289535522,1.1869360208511353,0.8743320107460022,2560428.0,0.1414879207586766,1.0,0.486495281483892,1,2,1,2024
2024-01-03,1.1524629592895508,1.1633249521255493,1.1951220035552979,1.083549976348877,1641694.0,0.2874387642797148,1.0,0.486495281483892,2,3,1,2024
2024-01-04,1.5031789541244507,1.152405023574829,1.7019569873809814,1.1522849798202515,4248000.0,0.03988451953867772,0.0,0.027009437032216074,3,4,1,2024
2024-01-05,1.4642720222473145,1.5036499500274658,1.5628180503845215,1.4225449562072754,1443856.0,0.2653861321524905,1.0,0.486495281483892,4,5,1,2024
2024-01-06,1.6619930267333984,1.464352011680603,1.6648759841918945,1.4605170488357544,1719045.0,0.30438605954120146,1.0,0.486495281483892,5,6,1,2024
2024-01-07,2.043745994567871,1.6624890565872192,2.977363109588623,1.659945011138916,7063788.0,0.1278062577956467,0.0,0.027009437032216074,6,7,1,2024
2024-01-08,2.2920150756835938,2.044358968734741,2.2992899417877197,1.7967469692230225,6778495.0,0.041439050542741884,0.0,0.027009437032216074,0,8,1,2024
2024-01-09,2.3178839683532715,2.293956995010376,2.4561309814453125,2.000701904296875,4672327.0,0.016145798510786458,0.0,0.027009437032216074,1,9,1,2024
2024-01-10,2.456104040145874,2.31974196434021,2.5553579330444336,2.1980650424957275,4299358.0,-0.12845853677572144,-1.0,0.486495281483892,2,10,1,2024
2024-01-11,2.254512071609497,2.456792116165161,2.5919320583343506,2.111870050430298,4982022.0,-0.06101722177694863,0.0,0.027009437032216074,3,11,1,2024
2024-01-12,2.0266809463500977,2.2546000480651855,2.298332929611206,1.9658910036087036,3583756.0,0.15877071462485337,1.0,0.486495281483892,4,12,1,2024
2024-01-13,2.2072150707244873,2.029391050338745,2.221388101577759,2.029391050338745,2330790.0,0.09302101130395768,0.0,0.027009437032216074,5,13,1,2024
2024-01-14,2.489701986312866,2.2072150707244873,2.572946071624756,2.1802220344543457,3160300.0,-0.061996777229200495,0.0,0.027009437032216074,6,14,1,2024
2024-01-15,2.3353629112243652,2.488629102706909,2.5037779808044434,2.308177947998047,2979893.0,-0.05488691323177769,0.0,0.027009437032216074,0,15,1,2024
2024-01-16,2.335334062576294,2.3350279331207275,2.3408141136169434,2.2347569465637207,1586520.0,-0.1640894004053659,-1.0,0.486495281483892,1,16,1,2024
2024-01-17,2.0790300369262695,2.3335659503936768,2.365654945373535,2.0512049198150635,2707464.0,-0.11867388548091967,-1.0,0.486495281483892,2,17,1,2024
2024-01-18,1.8252309560775757,2.079040050506592,2.095457077026367,1.8130500316619873,3053009.0,-0.0009554803438305282,0.0,0.027009437032216074,3,18,1,2024
2024-01-19,1.8393759727478027,1.8252309560775757,1.9068349599838257,1.6163040399551392,2737842.0,-0.04836694620359405,0.0,0.027009437032216074,4,19,1,2024
2024-01-20,1.8075979948043823,1.839635968208313,1.929839015007019,1.767788052558899,1048375.0,-0.08913875281594008,0.0,0.027009437032216074,5,20,1,2024
2024-01-21,1.6932239532470703,1.8075979948043823,1.8075979948043823,1.6600029468536377,1131998.0,-0.06087289929337181,0.0,0.027009437032216074,6,21,1,2024
2024-01-22,1.5997179746627808,1.6903680562973022,1.7087680101394653,1.4564839601516724,2756840.0,0.08068113591010395,0.0,0.027009437032216074,0,22,1,2024
2024-01-23,1.5805870294570923,1.5997179746627808,1.6106539964675903,1.4667190313339233,1419939.0,0.25227999253333133,1.0,0.486495281483892,1,23,1,2024
2024-01-24,1.8769830465316772,1.5825419425964355,1.960845947265625,1.5804799795150757,2693110.0,0.1159831759051525,0.0,0.027009437032216074,2,24,1,2024
2024-01-25,2.0816919803619385,1.8769830465316772,2.0932719707489014,1.8155449628829956,2212604.0,-0.005357423662983363,0.0,0.027009437032216074,3,25,1,2024
2024-01-26,2.107671022415161,2.0820579528808594,2.1959340572357178,1.9837679862976074,3081371.0,-0.054323493110403576,0.0,0.027009437032216074,4,26,1,2024
2024-01-27,2.0334079265594482,2.107707977294922,2.1096339225769043,1.9598170518875122,1147711.0,-0.014753279239314687,0.0,0.027009437032216074,5,27,1,2024
2024-01-28,1.9529420137405396,2.0334229469299316,2.038893938064575,1.912956953048706,1036558.0,0.019195890239960878,0.0,0.027009437032216074,6,28,1,2024
2024-01-29,2.053874969482422,1.9531869888305664,2.068753957748413,1.8566089868545532,1809843.0,-0.09085458761986659,0.0,0.027009437032216074,0,29,1,2024
2024-01-30,1.9269859790802002,2.053874969482422,2.0582621097564697,1.8803679943084717,1577005.0,-0.04747283128143809,0.0,0.027009437032216074,1,30,1,2024
2024-01-31,1.8075560331344604,1.9265309572219849,1.9291199445724487,1.777683973312378,1803746.0,0.015101584600127671,0.0,0.027009437032216074,2,31,1,2024
2024-02-01,1.8634569644927979,1.8075560331344604,1.8832370042800903,1.72223699092865,1641145.0,-0.012367313829940385,0.0,0.027009437032216074,3,1,2,2024
2024-02-02,1.8062490224838257,1.8634389638900757,1.8687820434570312,1.7758150100708008,1089305.0,0.09827549850959438,0.0,0.027009437032216074,4,2,2,2024
2024-02-03,1.874572992324829,1.8062549829483032,1.8989360332489014,1.7730209827423096,937441.0,0.08303199899167313,0.0,0.027009437032216074,5,3,2,2024
2024-02-04,2.092945098876953,1.8746000528335571,2.1320950984954834,1.8613519668579102,2273036.0,-0.03743799587353025,0.0,0.027009437032216074,6,4,2,2024
2024-02-05,1.9674999713897705,2.093822956085205,2.0939059257507324,1.96527099609375,1175664.0,0.10872602317925462,0.0,0.027009437032216074,0,5,2,2024
2024-02-06,2.061678886413574,1.9675079584121704,2.061678886413574,1.9226020574569702,1315188.0,0.16276545255471409,1.0,0.486495281483892,1,6,2,2024
2024-02-07,2.3011579513549805,2.0615949630737305,2.309602975845337,2.046868085861206,2794416.0,0.10700441453347975,0.0,0.027009437032216074,2,7,2,2024
2024-02-08,2.493340015411377,2.3011460304260254,2.493896961212158,2.274733066558838,3175737.0,0.03951968602269729,0.0,0.027009437032216074,3,8,2,2024
2024-02-09,2.6014440059661865,2.492331027984619,2.7344119548797607,2.4479949474334717,3849167.0,-0.046414401580314346,0.0,0.027009437032216074,4,9,2,2024
2024-02-10,2.582308053970337,2.605962038040161,2.691581964492798,2.4357900619506836,2536502.0,-0.047371222469609175,0.0,0.027009437032216074,5,10,2,2024
2024-02-11,2.3790910243988037,2.585331916809082,2.5893759727478027,2.336771011352539,2072849.0,0.0477921771032519,0.0,0.027009437032216074,6,11,2,2024
2024-02-12,2.5408709049224854,2.382050037384033,2.5585520267486572,2.2549350261688232,2516456.0,-0.0022039121963257635,0.0,0.027009437032216074,0,12,2,2024
2024-02-13,2.4447150230407715,2.5407140254974365,2.6619439125061035,2.3962419033050537,2320630.0,0.10012723966483705,0.0,0.027009437032216074,1,13,2,2024
2024-02-14,2.6258270740509033,2.444093942642212,2.674685001373291,2.3640499114990234,2199242.0,0.03226181064595435,0.0,0.027009437032216074,2,14,2,2024
2024-02-15,2.7531681060791016,2.6263480186462402,2.8380820751190186,2.6104869842529297,3370250.0,-0.042043237639188824,0.0,0.027009437032216074,3,15,2,2024
2024-02-16,2.6679139137268066,2.751897096633911,2.771270990371704,2.5955910682678223,1929876.0,-0.013331719398372188,0.0,0.027009437032216074,4,16,2,2024
2024-02-17,2.6069180965423584,2.6682069301605225,2.7055270671844482,2.558016061782837,1362491.0,0.060307940027109486,0.0,0.027009437032216074,5,17,2,2024
2024-02-18,2.657773971557617,2.606971025466919,2.68916392326355,2.5301098823547363,1613340.0,0.1744569102056136,1.0,0.486495281483892,6,18,2,2024
2024-02-19,2.870497941970825,2.6579270362854004,2.935573101043701,2.552582025527954,4512510.0,0.13329414644384785,1.0,0.486495281483892,0,19,2,2024
2024-02-20,3.3723840713500977,2.870497941970825,3.405158042907715,2.7990269660949707,5900264.0,-0.08754773130825994,0.0,0.027009437032216074,1,20,2,2024
2024-02-21,3.133852958679199,3.3723840713500977,3.5796430110931396,3.0459189414978027,7188555.0,-6.048234326372359e-06,0.0,0.027009437032216074,2,21,2,2024
2024-02-22,3.020426034927368,3.1375110149383545,3.263711929321289,2.984055995941162,5005477.0,0.09882181001272039,0.0,0.027009437032216074,3,22,2,2024
2024-02-23,3.247241973876953,3.020658016204834,3.247412919998169,2.860637903213501,4529667.0,0.10922270468549011,0.0,0.027009437032216074,4,23,2,2024
2024-02-24,3.390578031539917,3.2472379207611084,3.546847105026245,3.164783000946045,4293105.0,0.11057775708866713,0.0,0.027009437032216074,5,24,2,2024
2024-02-25,3.81325101852417,3.390578031539917,3.816673994064331,3.342456102371216,4600244.0,-0.029240273218583968,0.0,0.027009437032216074,6,25,2,2024
2024-02-26,3.717750072479248,3.81325101852417,3.8374359607696533,3.5612568855285645,3861431.0,-0.017054840087847578,0.0,0.027009437032216074,0,26,2,2024
2024-02-27,3.685750961303711,3.717750072479248,3.856714963912964,3.685605049133301,3099897.0,-0.02403416485759896,0.0,0.027009437032216074,1,27,2,2024
2024-02-28,3.6229379177093506,3.686695098876953,3.7208809852600098,3.5070950984954834,4578580.0,-0.034874957742988266,0.0,0.027009437032216074,2,28,2,2024
2024-02-29,3.5713961124420166,3.623518943786621,3.6810460090637207,3.4902989864349365,2777710.0,0.004460289484556901,0.0,0.027009437032216074,3,29,2,2024
2024-03-01,3.4217801094055176,3.57155704498291,3.57155704498291,3.2889530658721924,3334951.0,0.06769676336083386,0.0,0.027009437032216074,4,1,3,2024
2024-03-02,3.752871036529541,3.426762104034424,3.795619010925293,3.348939895629883,3793688.0,-0.09061329108865801,0.0,0.027009437032216074,5,2,3,2024
2024-03-03,3.553976058959961,3.7531330585479736,3.7566850185394287,3.490360975265503,2592595.0,-0.08483934746126104,0.0,0.027009437032216074,6,3,3,2024
2024-03-04,3.271646022796631,3.553950071334839,3.553950071334839,3.155216932296753,3630332.0,-0.002822891359583357,0.0,0.027009437032216074,0,4,3,2024
2024-03-05,3.233272075653076,3.2698419094085693,3.2709789276123047,2.984402894973755,4688080.0,-0.003377730171813642,0.0,0.027009437032216074,1,5,3,2024
2024-03-06,3.29154896736145,3.2332980632781982,3.4727671146392822,3.1464591026306152,3273792.0,-0.04870609413160032,0.0,0.027009437032216074,2,6,3,2024
2024-03-07,3.1531529426574707,3.29154896736145,3.330843925476074,3.108527898788452,2652678.0,-0.026857877208213754,0.0,0.027009437032216074,3,7,3,2024
2024-03-08,3.1093080043792725,3.1530380249023438,3.231597900390625,3.0834639072418213,2078594.0,-0.04694390924643499,0.0,0.027009437032216074,4,8,3,2024
2024-03-09,3.0276238918304443,3.1093080043792725,3.215043067932129,3.0255610942840576,2412760.0,-0.016780791848032606,0.0,0.027009437032216074,5,9,3,2024
2024-03-10,2.8990659713745117,3.027637004852295,3.0905919075012207,2.8276610374450684,4480017.0,0.03705556383436115,0.0,0.027009437032216074,6,10,3,2024
2024-03-11,3.054569959640503,2.8990681171417236,3.088430881500244,2.790621042251587,4687579.0,-0.046370356378633903,0.0,0.027009437032216074,0,11,3,2024
2024-03-12,2.9584150314331055,3.054569959640503,3.07185697555542,2.8955349922180176,2311576.0,-0.06690966154469052,0.0,0.027009437032216074,1,12,3,2024
2024-03-13,2.8674418926239014,2.9584150314331055,2.963809013366699,2.8209519386291504,2895332.0,-0.10891705218367159,-1.0,0.486495281483892,2,13,3,2024
2024-03-14,2.6534950733184814,2.8674418926239014,2.919110059738159,2.5605850219726562,4072558.0,-0.08671695614338926,0.0,0.027009437032216074,3,14,3,2024
2024-03-15,2.4567620754241943,2.6534950733184814,2.6534950733184814,2.389923095703125,4184383.0,0.08294776205947618,0.0,0.027009437032216074,4,15,3,2024
2024-03-16,2.390022039413452,2.4567620754241943,2.5293240547180176,2.350640058517456,2293264.0,0.18106606837123407,1.0,0.486495281483892,5,16,3,2024
2024-03-17,2.931067943572998,2.390022039413452,2.984724998474121,2.347968101501465,3473033.0,-0.12625158718344787,-1.0,0.486495281483892,6,17,3,2024
2024-03-18,2.714479923248291,2.9376060962677,2.9730589389801025,2.645340919494629,2199808.0,-0.07260929260521898,0.0,0.027009437032216074,0,18,3,2024
2024-03-19,2.4075520038604736,2.7727420330047607,2.78985595703125,2.4021270275115967,2780127.0,0.10249826574655097,0.0,0.027009437032216074,1,19,3,2024
2024-03-20,2.6272149085998535,2.4075520038604736,2.6362600326538086,2.237894058227539,2554739.0,-0.04005059106091485,0.0,0.027009437032216074,2,20,3,2024
2024-03-21,2.681428909301758,2.6272149085998535,2.8780179023742676,2.533389091491699,1981035.0,-0.10695564078725828,-1.0,0.486495281483892,3,21,3,2024
2024-03-22,2.362557888031006,2.681428909301758,2.7185659408569336,2.3157970905303955,1976691.0,0.024465082549842587,0.0,0.027009437032216074,4,22,3,2024
2024-03-23,2.4267120361328125,2.362557888031006,2.6228830814361572,2.35896897315979,1617242.0,0.0353051687657589,0.0,0.027009437032216074,5,23,3,2024
2024-03-24,2.41400408744812,2.4267120361328125,2.4926459789276123,2.3438150882720947,1623246.0,0.06312807609075577,0.0,0.027009437032216074,6,24,3,2024
2024-03-25,2.6107709407806396,2.413996934890747,2.663707971572876,2.3709449768066406,2261978.0,0.02079140361231724,0.0,0.027009437032216074,0,25,3,2024
2024-03-26,2.522020101547241,2.6107709407806396,2.6183791160583496,2.441209077835083,1630119.0,0.09461833431822797,0.0,0.027009437032216074,1,26,3,2024
2024-03-27,2.8080849647521973,2.522020101547241,2.8309619426727295,2.5123679637908936,2415648.0,-0.029635305327016637,0.0,0.027009437032216074,2,27,3,2024
2024-03-28,2.7132139205932617,2.8080849647521973,2.8189520835876465,2.6829309463500977,1695469.0,-0.025899855923228354,0.0,0.027009437032216074,3,28,3,2024
2024-03-29,2.7365190982818604,2.7132139205932617,2.7396678924560547,2.66589093208313,1064534.0,-0.09061350034801985,0.0,0.027009437032216074,4,29,3,2024
2024-03-30,2.5493650436401367,2.756596088409424,2.7609050273895264,2.5492401123046875,1280194.0,-0.07758931888075843,0.0,0.027009437032216074,5,30,3,2024
2024-03-31,2.4277420043945312,2.5493650436401367,2.5637459754943848,2.364914894104004,1511756.0,-0.05927359259166143,0.0,0.027009437032216074,6,31,3,2024
2024-04-01,2.275381088256836,2.4277420043945312,2.4578590393066406,2.2427680492401123,2150577.0,0.16508150978033542,1.0,0.486495281483892,0,1,4,2024
2024-04-02,2.2923009395599365,2.275381088256836,2.33503794670105,2.1808390617370605,1761022.0,0.35393126312911183,1.0,0.486495281483892,1,2,4,2024
2024-04-03,3.0097079277038574,2.2923009395599365,3.1130850315093994,2.2110140323638916,5777738.0,0.03872950965768163,0.0,0.027009437032216074,2,3,4,2024
2024-04-04,3.1975278854370117,3.0097079277038574,3.200594902038574,2.907133102416992,6911034.0,-0.07705244730529331,0.0,0.027009437032216074,3,4,4,2024
2024-04-05,3.0550169944763184,3.1975278854370117,3.2061619758605957,2.974224090576172,3375285.0,-0.03372023783974459,0.0,0.027009437032216074,4,5,4,2024
2024-04-06,2.8472840785980225,3.0549380779266357,3.0937700271606445,2.8149631023406982,2096884.0,0.14385162080406955,1.0,0.486495281483892,5,6,4,2024
2024-04-07,3.056718111038208,2.8472840785980225,3.082426071166992,2.8347439765930176,1920973.0,0.12753165655354715,0.0,0.027009437032216074,6,7,4,2024
2024-04-08,3.4570229053497314,3.056718111038208,3.4572629928588867,3.0068399906158447,3048919.0,-0.0027866236821805224,0.0,0.027009437032216074,0,8,4,2024
2024-04-09,3.436069965362549,3.4462010860443115,3.5162370204925537,3.2496449947357178,4456428.0,-0.04419060136462022,0.0,0.027009437032216074,1,9,4,2024
2024-04-10,3.4587090015411377,3.4689669609069824,3.5457170009613037,3.2921159267425537,3923713.0,-0.14678179872897523,-1.0,0.486495281483892,2,10,4,2024
2024-04-11,3.1097469329833984,3.4587090015411377,3.4787960052490234,3.1044209003448486,3366010.0,-0.14261044661963945,-1.0,0.486495281483892,3,11,4,2024
2024-04-12,2.7923200130462646,3.1097469329833984,3.129196882247925,2.7259180545806885,4662191.0,-0.02211241121057078,0.0,0.027009437032216074,4,12,4,2024
2024-04-13,2.5402090549468994,2.8216309547424316,2.8896050453186035,2.3823180198669434,4161128.0,0.11827333641875393,0.0,0.027009437032216074,5,13,4,2024
2024-04-14,2.920941114425659,2.5402090549468994,2.9604179859161377,2.5360279083251953,3945336.0,-0.05837969230241813,0.0,0.027009437032216074,6,14,4,2024
2024-04-15,2.760354995727539,2.937088966369629,3.0856640338897705,2.7413620948791504,3422668.0,-0.021272105296979538,0.0,0.027009437032216074,0,15,4,2024
2024-04-16,2.7404799461364746,2.798801898956299,2.8017759323120117,2.6123459339141846,2479837.0,-0.03042475618139817,0.0,0.027009437032216074,1,16,4,2024
2024-04-17,2.662792921066284,2.7693960666656494,2.8031160831451416,2.5727219581604004,1515859.0,0.048449742370616555,0.0,0.027009437032216074,2,17,4,2024
2024-04-18,2.6514101028442383,2.642232894897461,2.6850240230560303,2.5460898876190186,1177077.0,0.0951336771928688,0.0,0.027009437032216074,3,18,4,2024
2024-04-19,2.932199001312256,2.65391206741333,2.958627939224243,2.553126096725464,2486314.0,-0.033071421358025266,0.0,0.027009437032216074,4,19,4,2024
2024-04-20,2.8750979900360107,2.932199001312256,2.973228931427002,2.7828478813171387,1317093.0,-0.04051928699104035,0.0,0.027009437032216074,5,20,4,2024
2024-04-21,2.795356035232544,2.8824970722198486,2.8929970264434814,2.751995086669922,701110.0,-0.026152295695544725,0.0,0.027009437032216074,6,21,4,2024
2024-04-22,2.721846103668213,2.788892984390259,2.835545063018799,2.7122790813446045,1575255.0,-0.043346720683236584,0.0,0.027009437032216074,0,22,4,2024
2024-04-23,2.722656011581421,2.721846103668213,2.744555950164795,2.6042399406433105,1633789.0,-0.08784417767029051,0.0,0.027009437032216074,1,23,4,2024
2024-04-24,2.485069990158081,2.7087340354919434,2.711150884628296,2.4842569828033447,1671890.0,-0.034882102215081257,0.0,0.027009437032216074,2,24,4,2024
2024-04-25,2.481903076171875,2.522494077682495,2.5500190258026123,2.437747001647949,1574574.0,-0.07559869223935467,0.0,0.027009437032216074,3,25,4,2024
2024-04-26,2.3148679733276367,2.481903076171875,2.4819419384002686,2.3037290573120117,2211956.0,-0.006916799014549002,0.0,0.027009437032216074,4,26,4,2024
2024-04-27,2.2736809253692627,2.284306049346924,2.2985599040985107,2.0484859943389893,3539067.0,-0.012158642119458996,0.0,0.027009437032216074,5,27,4,2024
2024-04-28,2.3240320682525635,2.2736809253692627,2.407413959503174,2.270073890686035,2510066.0,-0.09637409738936287,0.0,0.027009437032216074,6,28,4,2024
2024-04-29,2.1680400371551514,2.3240320682525635,2.3265318870544434,2.095402956008911,2060143.0,-0.05023451575254584,0.0,0.027009437032216074,0,29,4,2024
2024-04-30,2.032071113586426,2.1680500507354736,2.1685070991516113,1.9653370380401611,2019022.0,0.05151561798232662,0.0,0.027009437032216074,1,30,4,2024
2024-05-01,2.0861880779266357,2.032071113586426,2.1954469680786133,2.0170669555664062,2456940.0,0.0856293528753419,0.0,0.027009437032216074,2,1,5,2024
2024-05-02,2.1873209476470947,2.0861880779266357,2.248626947402954,2.039336919784546,1458591.0,0.0755785543708074,0.0,0.027009437032216074,3,2,5,2024
2024-05-03,2.3423330783843994,2.2151670455932617,2.402776002883911,2.1822309494018555,1808804.0,-0.0017267620999308342,0.0,0.027009437032216074,4,3,5,2024
2024-05-04,2.3629379272460938,2.361098051071167,2.4110469818115234,2.3241710662841797,1116600.0,-0.04492073357764392,0.0,0.027009437032216074,5,4,5,2024
2024-05-05,2.313638925552368,2.3673009872436523,2.3695130348205566,2.2653679847717285,982930.0,-0.05461673178515691,0.0,0.027009437032216074,6,5,5,2024
2024-05-06,2.1999471187591553,2.2994229793548584,2.326029062271118,2.172451972961426,1373597.0,-0.03822554007712159,0.0,0.027009437032216074,0,6,5,2024
2024-05-07,2.1746039390563965,2.1999471187591553,2.2031209468841553,2.1681830883026123,1071064.0,-0.04642729101683485,0.0,0.027009437032216074,1,7,5,2024
2024-05-08,2.0571019649505615,2.1314070224761963,2.16353702545166,2.052172899246216,1218764.0,-0.008320679926347663,0.0,0.027009437032216074,2,8,5,2024
2024-05-09,2.090183973312378,2.0571019649505615,2.131572961807251,1.992771029472351,1250600.0,-0.05902208280335497,0.0,0.027009437032216074,3,9,5,2024
2024-05-10,1.989786982536316,2.0901999473571777,2.113917112350464,1.969202995300293,1549653.0,-0.052450094038639816,0.0,0.027009437032216074,4,10,5,2024
2024-05-11,1.9438469409942627,1.99058997631073,2.004852056503296,1.9255340099334717,1090819.0,-0.0785192660201629,0.0,0.027009437032216074,5,11,5,2024
2024-05-12,1.826997995376587,1.9232280254364014,1.9414399862289429,1.7892019748687744,1418267.0,-0.03492558709171428,0.0,0.027009437032216074,6,12,5,2024
2024-05-13,1.7554370164871216,1.833279013633728,1.881701946258545,1.7416059970855713,1570666.0,0.058683090409518024,0.0,0.027009437032216074,0,13,5,2024
2024-05-14,1.7709410190582275,1.7534689903259277,1.8070030212402344,1.5801969766616821,2644091.0,0.03135675594534909,0.0,0.027009437032216074,1,14,5,2024
2024-05-15,1.9459619522094727,1.7709410190582275,1.950063943862915,1.7530230283737183,1947823.0,-0.05731711246666854,0.0,0.027009437032216074,2,15,5,2024
2024-05-16,1.7069820165634155,1.9295730590820312,1.944362998008728,1.6900899410247803,1630681.0,0.15704033946582086,1.0,0.486495281483892,3,16,5,2024
2024-05-17,1.9618680477142334,1.6876939535140991,1.9641449451446533,1.6867380142211914,1427725.0,-0.01179361162938708,0.0,0.027009437032216074,4,17,5,2024
2024-05-18,1.988226056098938,1.9948979616165161,2.0869760513305664,1.9554630517959595,1478190.0,-0.027747364278297104,0.0,0.027009437032216074,5,18,5,2024
2024-05-19,1.889235019683838,1.982962965965271,2.0318219661712646,1.8780720233917236,1183453.0,0.03211934185980714,0.0,0.027009437032216074,6,19,5,2024
2024-05-20,1.9768810272216797,1.8818039894104004,1.9778549671173096,1.8671720027923584,1422076.0,-0.06201360647592036,0.0,0.027009437032216074,0,20,5,2024
2024-05-21,1.9229509830474854,1.9768630266189575,2.0216360092163086,1.5920130014419556,4384134.0,-0.08897703175808985,0.0,0.027009437032216074,1,21,5,2024
2024-05-22,1.7856240272521973,1.9229509830474854,1.9731559753417969,1.710060954093933,2249028.0,-0.015162495243308982,0.0,0.027009437032216074,2,22,5,2024
2024-05-23,1.718080997467041,1.7856240272521973,1.7928650379180908,1.6891980171203613,1587078.0,0.03816002266951268,0.0,0.027009437032216074,3,23,5,2024
2024-05-24,1.7990180253982544,1.7111079692840576,1.8092620372772217,1.669193983078003,1200740.0,-0.025668471486503752,0.0,0.027009437032216074,4,24,5,2024
2024-05-25,1.7682679891586304,1.7990219593048096,1.799025058746338,1.7111059427261353,1078928.0,-0.03492201705256959,0.0,0.027009437032216074,5,25,5,2024
2024-05-26,1.7374119758605957,1.7872480154037476,1.8587039709091187,1.7313339710235596,1477694.0,-0.0419845513400558,0.0,0.027009437032216074,6,26,5,2024
2024-05-27,1.6756210327148438,1.726552963256836,1.7445889711380005,1.6660189628601074,1715520.0,-0.029894007795034316,0.0,0.027009437032216074,0,27,5,2024
2024-05-28,1.6533139944076538,1.6779390573501587,1.6954009532928467,1.602977991104126,1224357.0,-0.02933289436883102,0.0,0.027009437032216074,1,28,5,2024
2024-05-29,1.5977460145950317,1.6391149759292603,1.6502710580825806,1.5903719663619995,1108033.0,0.00519575478824863,0.0,0.027009437032216074,2,29,5,2024
2024-05-30,1.6118890047073364,1.5994869470596313,1.623734951019287,1.528378963470459,1414175.0,-0.02812135187614101,0.0,0.027009437032216074,3,30,5,2024
2024-05-31,1.6002060174942017,1.6179059743881226,1.6637500524520874,1.5778820514678955,1091762.0,-0.04753763567343572,0.0,0.027009437032216074,4,31,5,2024
2024-06-01,1.5329149961471558,1.5943180322647095,1.5954869985580444,1.4840960502624512,1451535.0,-0.00462449596676201,0.0,0.027009437032216074,5,1,6,2024
2024-06-02,1.5153570175170898,1.52981698513031,1.5399630069732666,1.4930239915847778,1194244.0,0.1367898924269667,1.0,0.486495281483892,6,2,6,2024
2024-06-03,1.5362950563430786,1.5201640129089355,1.5804849863052368,1.4940669536590576,1633473.0,0.3043988315077615,1.0,0.486495281483892,0,3,6,2024
2024-06-04,1.9089900255203247,1.5512069463729858,1.917443037033081,1.5316200256347656,2990718.0,0.06389685651141841,0.0,0.027009437032216074,1,4,6,2024
2024-06-05,2.0988929271698,1.912943959236145,2.225825071334839,1.8265960216522217,5098866.0,-0.06745170471164813,0.0,0.027009437032216074,2,5,6,2024
2024-06-06,1.9630440473556519,2.095526933670044,2.186413049697876,1.9272569417953491,3870434.0,-0.02868862339557643,0.0,0.027009437032216074,3,6,6,2024
2024-06-07,1.9515939950942993,1.935562014579773,2.085329055786133,1.916435956954956,2881402.0,-0.03407676073230498,0.0,0.027009437032216074,4,7,6,2024
2024-06-08,1.8618600368499756,1.9510749578475952,1.9909600019454956,1.848952054977417,1890859.0,0.04038671916367442,0.0,0.027009437032216074,5,8,6,2024
2024-06-09,1.9083199501037598,1.8632140159606934,1.9123950004577637,1.834067940711975,1412558.0,0.001125083301328822,0.0,0.027009437032216074,6,9,6,2024
2024-06-10,1.9657889604568481,1.9094120264053345,1.9774969816207886,1.8831219673156738,1425947.0,-0.05073609329837847,0.0,0.027009437032216074,0,10,6,2024
2024-06-11,1.85514497756958,1.9663159847259521,1.967411994934082,1.787634015083313,1370030.0,-0.01853707382635894,0.0,0.027009437032216074,1,11,6,2024
2024-06-12,1.876960039138794,1.85493803024292,1.9405770301818848,1.8236479759216309,1404820.0,-0.0727828854749693,0.0,0.027009437032216074,2,12,6,2024
2024-06-13,1.7645519971847534,1.8770049810409546,1.8808460235595703,1.7642680406570435,1232219.0,-0.02542771701514679,0.0,0.027009437032216074,3,13,6,2024
2024-06-14,1.7161469459533691,1.764577031135559,1.7655190229415894,1.6558760404586792,1597774.0,0.00040879172419383547,0.0,0.027009437032216074,4,14,6,2024
2024-06-15,1.7232199907302856,1.715728998184204,1.7432819604873657,1.6832799911499023,1429861.0,-0.030344921907130007,0.0,0.027009437032216074,5,15,6,2024
2024-06-16,1.7104769945144653,1.7232420444488525,1.7283010482788086,1.6866029500961304,1313674.0,-0.05606037723330509,0.0,0.027009437032216074,6,16,6,2024
2024-06-17,1.6313810348510742,1.7104729413986206,1.721843957901001,1.6214540004730225,1601631.0,-0.020661978034954454,0.0,0.027009437032216074,0,17,6,2024
2024-06-18,1.5977929830551147,1.6310659646987915,1.6340750455856323,1.490162968635559,2723108.0,0.010908503670637115,0.0,0.027009437032216074,1,18,6,2024
2024-06-19,1.5975539684295654,1.5974730253219604,1.6030750274658203,1.559818983078003,1182473.0,-0.013256483311188672,0.0,0.027009437032216074,2,19,6,2024
2024-06-20,1.632891058921814,1.5975539684295654,1.6827449798583984,1.593319058418274,1188662.0,-0.06867946206668674,0.0,0.027009437032216074,3,20,6,2024
2024-06-21,1.5198609828948975,1.632881999015808,1.63475501537323,1.5170929431915283,1159760.0,-0.019476775514180256,0.0,0.027009437032216074,4,21,6,2024
2024-06-22,1.521628975868225,1.5183689594268799,1.5604369640350342,1.5049940347671509,1199167.0,-0.07290508901002318,0.0,0.027009437032216074,5,22,6,2024
2024-06-23,1.4588890075683594,1.5214669704437256,1.524487018585205,1.4588890075683594,1209779.0,-0.0418654592627844,0.0,0.027009437032216074,6,23,6,2024
2024-06-24,1.3624999523162842,1.458909034729004,1.4613159894943237,1.3159409761428833,1975541.0,0.015355250694738587,0.0,0.027009437032216074,0,24,6,2024
2024-06-25,1.4331239461898804,1.361812949180603,1.4451459646224976,1.324159026145935,1394477.0,-0.056360030827035446,0.0,0.027009437032216074,1,25,6,2024
2024-06-26,1.33371901512146,1.4331539869308472,1.4471629858016968,1.3039079904556274,1373441.0,-0.0025368594301453107,0.0,0.027009437032216074,2,26,6,2024
2024-06-27,1.370987057685852,1.333191990852356,1.3820010423660278,1.3040000200271606,1514674.0,-0.06279675980701305,0.0,0.027009437032216074,3,27,6,2024
2024-06-28,1.2896840572357178,1.370859980583191,1.3726619482040405,1.2471729516983032,1379360.0,-0.004263515590756439,0.0,0.027009437032216074,4,28,6,2024
2024-06-29,1.2801029682159424,1.288493037223816,1.3166999816894531,1.2557660341262817,1118888.0,0.015097619898602033,0.0,0.027009437032216074,5,29,6,2024
2024-06-30,1.288267970085144,1.277912974357605,1.2934939861297607,1.2664029598236084,1051184.0,0.009390544357590458,0.0,0.027009437032216074,6,30,6,2024
2024-07-01,1.3105909824371338,1.288673996925354,1.345304012298584,1.2872370481491089,1340994.0,-0.06531210472880106,0.0,0.027009437032216074,0,1,7,2024
2024-07-02,1.2901400327682495,1.3106069564819336,1.312988042831421,1.2663719654083252,1413847.0,-0.11944014860181296,-1.0,0.486495281483892,1,2,7,2024
2024-07-03,1.1598470211029053,1.2906179428100586,1.292497992515564,1.1481339931488037,1519996.0,-0.04093642202858894,0.0,0.027009437032216074,2,3,7,2024
2024-07-04,1.1122440099716187,1.1696879863739014,1.1701010465621948,1.078158974647522,1959652.0,0.007068138778473565,0.0,0.027009437032216074,3,4,7,2024
2024-07-05,1.1124900579452515,1.1122729778289795,1.1263320446014404,0.9820430278778076,2065316.0,0.0055217700610668,0.0,0.027009437032216074,4,5,7,2024
2024-07-06,1.1277209520339966,1.1124980449676514,1.137995958328247,1.098343014717102,1480855.0,-0.017895807498703176,0.0,0.027009437032216074,5,6,7,2024
2024-07-07,1.1095449924468994,1.1277040243148804,1.144623041152954,1.0972360372543335,1460755.0,0.0027511034604424944,0.0,0.027009437032216074,6,7,7,2024
2024-07-08,1.1055339574813843,1.109544038772583,1.1193699836730957,1.0849790573120117,1320351.0,0.0020429396895003116,0.0,0.027009437032216074,0,8,7,2024
2024-07-09,1.1196609735488892,1.1055010557174683,1.136085033416748,1.088305950164795,1330314.0,-0.040820357146317376,0.0,0.027009437032216074,1,9,7,2024
2024-07-10,1.0959240198135376,1.1196529865264893,1.1412160396575928,1.09033203125,1320494.0,-0.03767601041500218,0.0,0.027009437032216074,2,10,7,2024
2024-07-11,1.0519880056381226,1.0959399938583374,1.0983229875564575,1.050508975982666,1163402.0,-0.008133690436461671,0.0,0.027009437032216074,3,11,7,2024
2024-07-12,1.0572799444198608,1.0520119667053223,1.0698449611663818,1.0275709629058838,1506647.0,-0.01917087030295156,0.0,0.027009437032216074,4,12,7,2024
2024-07-13,1.0295829772949219,1.0573220252990723,1.071653962135315,1.0234609842300415,1469075.0,0.1247583007902956,0.0,0.027009437032216074,5,13,7,2024
2024-07-14,1.0444389581680298,1.0299370288848877,1.046146035194397,1.0172749757766724,1470613.0,0.2463486097923514,1.0,0.486495281483892,6,14,7,2024
2024-07-15,1.27162504196167,1.04442298412323,1.2774690389633179,1.0430330038070679,2276905.0,0.025936884442762875,0.0,0.027009437032216074,0,15,7,2024
2024-07-16,1.3318450450897217,1.2716870307922363,1.3699179887771606,1.220777988433838,2236651.0,-0.10227695647262708,-1.0,0.486495281483892,1,16,7,2024
2024-07-17,1.2773690223693848,1.3319350481033325,1.3593699932098389,1.2750109434127808,1653133.0,0.08982363428607265,0.0,0.027009437032216074,2,17,7,2024
2024-07-18,1.1138869524002075,1.2778249979019165,1.305076003074646,1.0945199728012085,3482880.0,0.676536321159731,1.0,0.486495281483892,3,18,7,2024
2024-07-19,1.6703269481658936,1.1135389804840088,1.736402988433838,1.0867619514465332,6720469.0,0.27241613055586766,1.0,0.486495281483892,4,19,7,2024
2024-07-20,2.0646169185638428,1.6703269481658936,2.1972808837890625,1.6431889533996582,13857094.0,0.014890934729204997,0.0,0.027009437032216074,5,20,7,2024
2024-07-21,2.1860849857330322,2.0646169185638428,2.241147041320801,1.8563599586486816,6617436.0,-0.1018818903262641,-1.0,0.486495281483892,6,21,7,2024
2024-07-22,2.0046370029449463,2.1860849857330322,2.19350004196167,1.992169976234436,5018297.0,-0.06979915217035276,0.0,0.027009437032216074,0,22,7,2024
2024-07-23,1.9220880270004272,2.0046370029449463,2.004689931869507,1.9035630226135254,2238744.0,-0.024807141909554742,0.0,0.027009437032216074,1,23,7,2024
2024-07-24,1.8073420524597168,1.922029972076416,1.9493910074234009,1.806210994720459,1857801.0,0.1008109644402736,0.0,0.027009437032216074,2,24,7,2024
2024-07-25,1.941470980644226,1.8073420524597168,1.9493169784545898,1.6923309564590454,2393587.0,0.030529669864233222,0.0,0.027009437032216074,3,25,7,2024
2024-07-26,2.0376129150390625,1.941470980644226,2.1255249977111816,1.941467046737671,2447409.0,-0.03897766864239871,0.0,0.027009437032216074,4,26,7,2024
2024-07-27,1.9638739824295044,2.0376129150390625,2.037839889526367,1.9201669692993164,1693552.0,-0.013102147974808298,0.0,0.027009437032216074,5,27,7,2024
2024-07-28,1.9525090456008911,1.9638739824295044,1.9721319675445557,1.901837944984436,1080196.0,-0.03246006598882839,0.0,0.027009437032216074,6,28,7,2024
2024-07-29,1.9237769842147827,1.9525090456008911,2.035670042037964,1.9152779579162598,2143416.0,-0.02671177026425703,0.0,0.027009437032216074,0,29,7,2024
2024-07-30,1.854483962059021,1.9237769842147827,1.9322580099105835,1.8361380100250244,1940143.0,0.017511639317717154,0.0,0.027009437032216074,1,30,7,2024
2024-07-31,1.8902950286865234,1.854483962059021,1.9398859739303589,1.823536992073059,1727894.0,-0.0495835452278825,0.0,0.027009437032216074,2,31,7,2024
2024-08-01,1.8836230039596558,1.8902950286865234,1.9309179782867432,1.8197660446166992,2071763.0,-0.12859076734188873,-1.0,0.486495281483892,3,1,8,2024
2024-08-02,1.7095119953155518,1.8836230039596558,1.8991130590438843,1.7072789669036865,1747713.0,-0.08243904330317658,0.0,0.027009437032216074,4,2,8,2024
2024-08-03,1.5733009576797485,1.7095119953155518,1.7187479734420776,1.5635919570922852,2069830.0,-0.05882406203152718,0.0,0.027009437032216074,5,3,8,2024
2024-08-04,1.5638619661331177,1.5733009576797485,1.632401943206787,1.5022759437561035,2110995.0,-0.03865298383024135,0.0,0.027009437032216074,6,4,8,2024
2024-08-05,1.39764404296875,1.5638619661331177,1.5655039548873901,1.134361982345581,5596809.0,0.11981981336521241,0.0,0.027009437032216074,0,5,8,2024
2024-08-06,1.6091840267181396,1.39764404296875,1.687945008277893,1.392233967781067,2457933.0,-0.021400620824910954,0.0,0.027009437032216074,1,6,8,2024
2024-08-07,1.5210349559783936,1.6091840267181396,1.6638139486312866,1.5054709911346436,2090820.0,0.05745861510673811,0.0,0.027009437032216074,2,7,8,2024
2024-08-08,1.628458023071289,1.5210349559783936,1.6303280591964722,1.5194590091705322,1971383.0,-0.03605590163051181,0.0,0.027009437032216074,3,8,8,2024
2024-08-09,1.5884050130844116,1.628458023071289,1.6988979578018188,1.5837949514389038,1589384.0,-0.03456709505274752,0.0,0.027009437032216074,4,9,8,2024
2024-08-10,1.5510799884796143,1.5884050130844116,1.616886019706726,1.5408439636230469,1541693.0,-0.025288204914428125,0.0,0.027009437032216074,5,10,8,2024
2024-08-11,1.5159169435501099,1.5510799884796143,1.5784130096435547,1.4955110549926758,1281365.0,0.004062577925743827,0.0,0.027009437032216074,6,11,8,2024
2024-08-12,1.507794976234436,1.5159169435501099,1.5708539485931396,1.4382359981536865,1961889.0,-0.007438983306927993,0.0,0.027009437032216074,0,12,8,2024
2024-08-13,1.536355972290039,1.507794976234436,1.5557750463485718,1.4495940208435059,1656239.0,-0.062222530177171,0.0,0.027009437032216074,1,13,8,2024
2024-08-14,1.4568010568618774,1.536355972290039,1.552122950553894,1.4565809965133667,1607657.0,-0.024860699611056247,0.0,0.027009437032216074,2,14,8,2024
2024-08-15,1.424718976020813,1.4568010568618774,1.468546986579895,1.4137330055236816,1839522.0,0.022432501473257316,0.0,0.027009437032216074,3,15,8,2024
2024-08-16,1.416448950767517,1.417950987815857,1.441578984260559,1.3849960565567017,1431144.0,0.07418485133228447,0.0,0.027009437032216074,4,16,8,2024
2024-08-17,1.4969090223312378,1.4387810230255127,1.5073139667510986,1.4283230304718018,1428284.0,0.02039335404053666,0.0,0.027009437032216074,5,17,8,2024
2024-08-18,1.5461469888687134,1.4953540563583374,1.5559109449386597,1.4947659969329834,1416898.0,-0.016772640537744687,0.0,0.027009437032216074,6,18,8,2024
2024-08-19,1.5087250471115112,1.5461469888687134,1.5461829900741577,1.4937880039215088,1520708.0,0.033245936762682726,0.0,0.027009437032216074,0,19,8,2024
2024-08-20,1.531702995300293,1.5147520303726196,1.557757019996643,1.506809949874878,1643661.0,0.02546253923306474,0.0,0.027009437032216074,1,20,8,2024
2024-08-21,1.5860650539398193,1.532088041305542,1.5974210500717163,1.5132620334625244,1693873.0,0.028993426320782445,0.0,0.027009437032216074,2,21,8,2024
2024-08-22,1.5553430318832397,1.5860650539398193,1.6095969676971436,1.5531799793243408,1555949.0,0.09579588298237707,0.0,0.027009437032216074,3,22,8,2024
2024-08-23,1.708757996559143,1.5553430318832397,1.7117459774017334,1.5457030534744263,2018638.0,-0.014832984642706215,0.0,0.027009437032216074,4,23,8,2024
2024-08-24,1.6999189853668213,1.708757996559143,1.7292829751968384,1.6773910522460938,1690364.0,0.03172801258685681,0.0,0.027009437032216074,5,24,8,2024
2024-08-25,1.6669050455093384,1.6999189853668213,1.7085069417953491,1.6217939853668213,1479699.0,0.07711506811872382,0.0,0.027009437032216074,6,25,8,2024
2024-08-26,1.8408030271530151,1.6669050455093384,1.8580219745635986,1.6441839933395386,2414196.0,-0.0590579127075741,0.0,0.027009437032216074,0,26,8,2024
2024-08-27,1.7500940561294556,1.8408030271530151,1.9206440448760986,1.7315160036087036,2845898.0,-0.0024784663397964812,0.0,0.027009437032216074,1,27,8,2024
2024-08-28,1.7140840291976929,1.7500940561294556,1.7823560237884521,1.7137789726257324,1708283.0,0.08672996504084252,0.0,0.027009437032216074,2,28,8,2024
2024-08-29,1.7774289846420288,1.7140840291976929,1.8074649572372437,1.7133430242538452,1771239.0,0.12381786104839287,0.0,0.027009437032216074,3,29,8,2024
2024-08-30,1.9480639696121216,1.7774289846420288,1.949623942375183,1.7714979648590088,2752985.0,0.061117109795922,0.0,0.027009437032216074,4,30,8,2024
2024-08-31,2.0469489097595215,1.9480639696121216,2.0655009746551514,1.9075590372085571,2262284.0,0.0022387678984374104,0.0,0.027009437032216074,5,31,8,2024
2024-09-01,2.087299108505249,2.0469489097595215,2.11808705329895,1.9672620296478271,2749916.0,-0.06891711110072946,0.0,0.027009437032216074,6,1,9,2024
2024-09-02,2.015763998031616,2.087299108505249,2.106786012649536,1.9809620380401611,2316879.0,-0.08011926346054699,0.0,0.027009437032216074,0,2,9,2024
2024-09-03,1.8711329698562622,2.0206010341644287,2.0209739208221436,1.8617030382156372,1834857.0,-0.05355471046783872,0.0,0.027009437032216074,1,3,9,2024
2024-09-04,1.837391972541809,1.8711329698562622,1.8826440572738647,1.799165964126587,1906695.0,-0.11702129109012743,-1.0,0.486495281483892,2,4,9,2024
2024-09-05,1.7044579982757568,1.837391972541809,1.838047981262207,1.6999980211257935,1793733.0,-0.07541108810094821,0.0,0.027009437032216074,3,5,9,2024
2024-09-06,1.5402979850769043,1.7044579982757568,1.7115000486373901,1.501062035560608,2771841.0,0.03140367477452899,0.0,0.027009437032216074,4,6,9,2024
2024-09-07,1.6115479469299316,1.5402979850769043,1.6472740173339844,1.5336849689483643,1459251.0,0.004465647590098543,0.0,0.027009437032216074,5,7,9,2024
2024-09-08,1.565790057182312,1.6115479469299316,1.6189080476760864,1.5601400136947632,1592079.0,0.06445945613632909,0.0,0.027009437032216074,6,8,9,2024
2024-09-09,1.671699047088623,1.565790057182312,1.6989710330963135,1.5632200241088867,1629624.0,-0.012989484304184507,0.0,0.027009437032216074,0,9,9,2024
2024-09-10,1.661741018295288,1.671699047088623,1.6936980485916138,1.6338269710540771,1663604.0,0.005083540571263645,0.0,0.027009437032216074,1,10,9,2024
2024-09-11,1.6382280588150024,1.661741018295288,1.6679350137710571,1.6039979457855225,1273914.0,0.08256204332661721,0.0,0.027009437032216074,2,11,9,2024
2024-09-12,1.7021490335464478,1.6382280588150024,1.706868052482605,1.5983690023422241,1500573.0,0.06786595745917623,0.0,0.027009437032216074,3,12,9,2024
2024-09-13,1.8448179960250854,1.7021490335464478,1.8494969606399536,1.68048095703125,1421119.0,-0.05715873943609412,0.0,0.027009437032216074,4,13,9,2024
2024-09-14,1.7905160188674927,1.8450429439544678,1.8471970558166504,1.731997013092041,1539293.0,-0.06074060097588957,0.0,0.027009437032216074,5,14,9,2024
2024-09-15,1.6882250308990479,1.7905160188674927,1.798367977142334,1.6854480504989624,1484474.0,0.0003769985548506827,0.0,0.027009437032216074,6,15,9,2024
2024-09-16,1.67529296875,1.6852819919586182,1.6939899921417236,1.6429229974746704,1104968.0,-0.002238109903271668,0.0,0.027009437032216074,0,16,9,2024
2024-09-17,1.702430009841919,1.6940460205078125,1.775534987449646,1.6880290508270264,1269443.0,-0.02284501006860995,0.0,0.027009437032216074,1,17,9,2024
2024-09-18,1.6406569480895996,1.702430009841919,1.7034809589385986,1.62614905834198,1164136.0,0.014885240155584345,0.0,0.027009437032216074,2,18,9,2024
2024-09-19,1.6864190101623535,1.652068018913269,1.761023998260498,1.6490410566329956,1570244.0,-0.026111551888962414,0.0,0.027009437032216074,3,19,9,2024
2024-09-20,1.643738031387329,1.6864190101623535,1.6864190101623535,1.5855480432510376,1903731.0,-0.02004550981479436,0.0,0.027009437032216074,4,20,9,2024
2024-09-21,1.641029953956604,1.651945948600769,1.6625490188598633,1.6140409708023071,846644.0,-0.022604058693485696,0.0,0.027009437032216074,5,21,9,2024
2024-09-22,1.5805469751358032,1.641029953956604,1.6512279510498047,1.5588550567626953,1446787.0,0.04447547171120547,0.0,0.027009437032216074,6,22,9,2024
2024-09-23,1.6273250579833984,1.5805469751358032,1.6636489629745483,1.5421830415725708,1897847.0,0.027989467725129447,0.0,0.027009437032216074,0,23,9,2024
2024-09-24,1.6743600368499756,1.6273250579833984,1.6763499975204468,1.6070469617843628,1157674.0,-0.005602770984404315,0.0,0.027009437032216074,1,24,9,2024
2024-09-25,1.6713860034942627,1.6743600368499756,1.7433300018310547,1.6385380029678345,1554054.0,-0.007686438856191746,0.0,0.027009437032216074,2,25,9,2024
2024-09-26,1.6585719585418701,1.6713860034942627,1.6778299808502197,1.6302679777145386,1523142.0,0.01643104956404423,0.0,0.027009437032216074,3,26,9,2024
2024-09-27,1.6585060358047485,1.6585719585418701,1.693052053451538,1.639894962310791,1294347.0,0.0264852823244498,0.0,0.027009437032216074,4,27,9,2024
2024-09-28,1.7131420373916626,1.6585060358047485,1.7408900260925293,1.655758023262024,1177632.0,-0.03788537053097041,0.0,0.027009437032216074,5,28,9,2024
2024-09-29,1.69172203540802,1.7130390405654907,1.719346046447754,1.66252601146698,918746.0,-0.08655177898010408,0.0,0.027009437032216074,6,29,9,2024
2024-09-30,1.6047559976577759,1.6830049753189087,1.6851520538330078,1.5873490571975708,1124580.0,-0.09589279011391527,0.0,0.027009437032216074,0,30,9,2024
2024-10-01,1.4858449697494507,1.6047559976577759,1.6201280355453491,1.4759609699249268,1775398.0,-0.042822422766824964,0.0,0.027009437032216074,1,1,10,2024
2024-10-02,1.4158979654312134,1.4858449697494507,1.5066540241241455,1.4065109491348267,1162062.0,0.05207510254968817,0.0,0.027009437032216074,2,2,10,2024
2024-10-03,1.4285370111465454,1.4158979654312134,1.4369009733200073,1.3985810279846191,899249.0,0.07176430267877232,0.0,0.027009437032216074,3,3,10,2024
2024-10-04,1.550724983215332,1.4230899810791016,1.5743930339813232,1.410770058631897,1234978.0,-0.012962331178626996,0.0,0.027009437032216074,4,4,10,2024
2024-10-05,1.5113849639892578,1.550724983215332,1.5516140460968018,1.499961018562317,784354.0,0.027831789081538272,0.0,0.027009437032216074,5,5,10,2024
2024-10-06,1.5498629808425903,1.500257968902588,1.5680480003356934,1.4971950054168701,886038.0,-0.041125225969647516,0.0,0.027009437032216074,6,6,10,2024
2024-10-07,1.55703604221344,1.5498629808425903,1.5734310150146484,1.5251359939575195,1106652.0,-0.10802515663561962,-1.0,0.486495281483892,0,7,10,2024
2024-10-08,1.4152129888534546,1.55703604221344,1.5585479736328125,1.3695919513702393,2272497.0,-0.05081283024532274,0.0,0.027009437032216074,1,8,10,2024
2024-10-09,1.362460970878601,1.4163399934768677,1.4444220066070557,1.3608750104904175,949346.0,-0.03488207479278205,0.0,0.027009437032216074,2,9,10,2024
2024-10-10,1.3241430521011353,1.3561899662017822,1.3653550148010254,1.3013839721679688,1277865.0,-0.013622061131013719,0.0,0.027009437032216074,3,10,10,2024
2024-10-11,1.3057279586791992,1.3241469860076904,1.425482988357544,1.2801369428634644,1963550.0,-0.01619972720400542,0.0,0.027009437032216074,4,11,10,2024
2024-10-12,1.3064830303192139,1.3057279586791992,1.323593020439148,1.2684359550476074,1505553.0,-0.010761732162217263,0.0,0.027009437032216074,5,12,10,2024
2024-10-13,1.2626680135726929,1.3064830303192139,1.3085880279541016,1.2488349676132202,877615.0,0.04378425394874852,0.0,0.027009437032216074,6,13,10,2024
2024-10-14,1.3221780061721802,1.2626680135726929,1.3323049545288086,1.257401943206787,1288352.0,-0.04516414000138669,0.0,0.027009437032216074,0,14,10,2024
2024-10-15,1.3137279748916626,1.3221780061721802,1.3287489414215088,1.2878329753875732,878283.0,-0.09470416953219901,0.0,0.027009437032216074,1,15,10,2024
2024-10-16,1.2111979722976685,1.3094500303268433,1.3133339881896973,1.2072819471359253,1277503.0,0.014201647299553755,0.0,0.027009437032216074,2,16,10,2024
2024-10-17,1.1674269437789917,1.2111979722976685,1.2152190208435059,1.1593209505081177,1297649.0,0.08532957993735779,0.0,0.027009437032216074,3,17,10,2024
2024-10-18,1.2893710136413574,1.1674269437789917,1.3208789825439453,1.1573909521102905,1465174.0,-0.03941382178374536,0.0,0.027009437032216074,4,18,10,2024
2024-10-19,1.2447149753570557,1.2893710136413574,1.2920639514923096,1.2407000064849854,745895.0,-0.03558967903426219,0.0,0.027009437032216074,5,19,10,2024
2024-10-20,1.232388973236084,1.2449380159378052,1.2508790493011475,1.2144869565963745,733258.0,-0.05216860507632598,0.0,0.027009437032216074,6,20,10,2024
2024-10-21,1.168442964553833,1.2308030128479004,1.2396769523620605,1.1680970191955566,855858.0,0.005539447090835148,0.0,0.027009437032216074,0,21,10,2024
2024-10-22,1.1677509546279907,1.168442964553833,1.1812189817428589,1.1670759916305542,662965.0,0.015621533911710173,0.0,0.027009437032216074,1,22,10,2024
2024-10-23,1.1820800304412842,1.1677509546279907,1.1842429637908936,1.147156000137329,773961.0,-0.0215324093188326,0.0,0.027009437032216074,2,23,10,2024
2024-10-24,1.1899060010910034,1.159343957901001,1.1998120546340942,1.1470229625701904,785903.0,-0.05628300116563839,0.0,0.027009437032216074,3,24,10,2024
2024-10-25,1.1233479976654053,1.1820470094680786,1.1895740032196045,1.1199220418930054,868289.0,7.433681059104691e-05,0.0,0.027009437032216074,4,25,10,2024
2024-10-26,1.1225210428237915,1.117516040802002,1.1363329887390137,1.1009609699249268,874970.0,-3.0319478092899477e-05,0.0,0.027009437032216074,5,26,10,2024
2024-10-27,1.1243419647216797,1.1229350566864014,1.136059045791626,1.1086980104446411,729107.0,0.09392033049523396,0.0,0.027009437032216074,6,27,10,2024
2024-10-28,1.1206320524215698,1.1243410110473633,1.1283220052719116,1.0836009979248047,1048037.0,0.16363129236257945,1.0,0.486495281483892,0,28,10,2024
2024-10-29,1.3392490148544312,1.1206320524215698,1.3392490148544312,1.1169780492782593,2232130.0,-0.07558003584514933,0.0,0.027009437032216074,1,29,10,2024
2024-10-30,1.2687560319900513,1.338850975036621,1.348554015159607,1.2623870372772217,985211.0,-0.044326101697654385,0.0,0.027009437032216074,2,30,10,2024
2024-10-31,1.2073010206222534,1.2687560319900513,1.2928520441055298,1.1940300464630127,1130166.0,0.006111976460307589,0.0,0.027009437032216074,3,31,10,2024
2024-11-01,1.2177330255508423,1.2073010206222534,1.2403969764709473,1.1497230529785156,1404805.0,-0.01397271779921555,0.0,0.027009437032216074,4,1,11,2024
2024-11-02,1.2116270065307617,1.2195990085601807,1.2412140369415283,1.2044349908828735,842809.0,-0.03573419518403631,0.0,0.027009437032216074,5,2,11,2024
2024-11-03,1.189808964729309,1.2116270065307617,1.2178970575332642,1.1473079919815063,1011488.0,-0.025978923018611322,0.0,0.027009437032216074,6,3,11,2024
2024-11-04,1.1468520164489746,1.1941850185394287,1.1998159885406494,1.1301720142364502,1002928.0,0.05165920828165549,0.0,0.027009437032216074,0,4,11,2024
2024-11-05,1.1709460020065308,1.1404449939727783,1.1800199747085571,1.1097769737243652,1022483.0,0.061981915798931975,0.0,0.027009437032216074,1,5,11,2024
2024-11-06,1.2412489652633667,1.1709460020065308,1.2471339702606201,1.1578270196914673,1982761.0,0.03030900514206636,0.0,0.027009437032216074,2,6,11,2024
2024-11-07,1.2457979917526245,1.2444920539855957,1.2846449613571167,1.224782943725586,1281562.0,0.10691783397003274,0.0,0.027009437032216074,3,7,11,2024
2024-11-08,1.3119419813156128,1.2488460540771484,1.321274995803833,1.2468960285186768,1401580.0,0.08233369227941245,0.0,0.027009437032216074,4,8,11,2024
2024-11-09,1.4460500478744507,1.3224680423736572,1.4475009441375732,1.3002959489822388,1362205.0,-0.05065976265971617,0.0,0.027009437032216074,5,9,11,2024
2024-11-10,1.3938679695129395,1.4460500478744507,1.459328055381775,1.3889410495758057,1421411.0,-0.06994882751604176,0.0,0.027009437032216074,6,10,11,2024
2024-11-11,1.3517190217971802,1.3938679695129395,1.3959649801254272,1.2868950366973877,2649398.0,-0.1161779907136768,-1.0,0.486495281483892,0,11,11,2024
2024-11-12,1.2410180568695068,1.3679239749908447,1.3820940256118774,1.2333840131759644,2289416.0,-0.08531711611084825,0.0,0.027009437032216074,1,12,11,2024
2024-11-13,1.1483399868011475,1.233322024345398,1.2605890035629272,1.144888997077942,1962141.0,0.011096884513546845,0.0,0.027009437032216074,2,13,11,2024
2024-11-14,1.1219359636306763,1.1483399868011475,1.1683779954910278,1.0987980365753174,2003280.0,0.07649550586140474,0.0,0.027009437032216074,3,14,11,2024
2024-11-15,1.2002300024032593,1.1219359636306763,1.2453340291976929,1.0553289651870728,2288962.0,-0.02538343520960279,0.0,0.027009437032216074,4,15,11,2024
2024-11-16,1.2152880430221558,1.1934640407562256,1.2190680503845215,1.1669570207595825,1379412.0,-0.0687660348763926,0.0,0.027009437032216074,5,16,11,2024
2024-11-17,1.1242400407791138,1.2152880430221558,1.2176990509033203,1.1119270324707031,1707827.0,0.10636022848092885,0.0,0.027009437032216074,6,17,11,2024
2024-11-18,1.1391949653625488,1.1242400407791138,1.1717089414596558,1.1042070388793945,1777171.0,0.19457601614020548,1.0,0.486495281483892,0,18,11,2024
2024-11-19,1.3484339714050293,1.1391949653625488,1.4169180393218994,1.1384929418563843,2913058.0,0.08644029377577689,0.0,0.027009437032216074,1,19,11,2024
2024-11-20,1.3732759952545166,1.3484339714050293,1.408911943435669,1.2827049493789673,2124613.0,0.10972120875627633,0.0,0.027009437032216074,2,20,11,2024
2024-11-21,1.5567100048065186,1.3732750415802002,1.5567810535430908,1.3519519567489624,2817049.0,-0.04054257605889744,0.0,0.027009437032216074,3,21,11,2024
2024-11-22,1.4911969900131226,1.5567100048065186,1.5591579675674438,1.447074055671692,1664686.0,0.02110820894955634,0.0,0.027009437032216074,4,22,11,2024
2024-11-23,1.4959969520568848,1.4942950010299683,1.549244999885559,1.4640330076217651,1341835.0,0.047403877752218104,0.0,0.027009437032216074,5,23,11,2024
2024-11-24,1.5493500232696533,1.4959969520568848,1.5585060119628906,1.4715290069580078,1432126.0,-0.018127298145941106,0.0,0.027009437032216074,6,24,11,2024
2024-11-25,1.5844759941101074,1.5586849451065063,1.611572027206421,1.5357329845428467,1509706.0,-0.06854190347128869,0.0,0.027009437032216074,0,25,11,2024
2024-11-26,1.4580529928207397,1.6023099422454834,1.6191309690475464,1.4309630393981934,1916213.0,0.06425727667364212,0.0,0.027009437032216074,1,26,11,2024
2024-11-27,1.4936929941177368,1.4580529928207397,1.4962769746780396,1.3873889446258545,1984818.0,0.09535259562945109,0.0,0.027009437032216074,2,27,11,2024
2024-11-28,1.609794020652771,1.4890069961547852,1.6217950582504272,1.4675769805908203,1832264.0,0.05996853805014257,0.0,0.027009437032216074,3,28,11,2024
2024-11-29,1.6624469757080078,1.609794020652771,1.6643580198287964,1.573477029800415,1982734.0,0.10983240181000253,0.0,0.027009437032216074,4,29,11,2024
2024-11-30,1.7502150535583496,1.6694940328598022,1.750723958015442,1.6121829748153687,2284449.0,0.06471713953565039,0.0,0.027009437032216074,5,30,11,2024
2024-12-01,1.9398599863052368,1.7502150535583496,1.9411890506744385,1.730728030204773,2610671.0,-0.09311550462507046,0.0,0.027009437032216074,6,1,12,2024
2024-12-02,1.7871079444885254,1.9254590272903442,1.9302359819412231,1.7220669984817505,2576030.0,-0.01803723721175704,0.0,0.027009437032216074,0,2,12,2024
2024-12-03,1.7313499450683594,1.775486946105957,1.7889950275421143,1.6441680192947388,2926892.0,0.05742715863597603,0.0,0.027009437032216074,1,3,12,2024
2024-12-04,1.7783969640731812,1.7140510082244873,1.7791179418563843,1.706794023513794,2525718.0,0.09096507471540771,0.0,0.027009437032216074,2,4,12,2024
2024-12-05,1.8831559419631958,1.7784019708633423,1.884742021560669,1.7496459484100342,2971298.0,0.1120396349775784,0.0,0.027009437032216074,3,5,12,2024
2024-12-06,1.997182011604309,1.8668999671936035,1.9985840320587158,1.8616119623184204,2808778.0,0.17212181016627082,1.0,0.486495281483892,4,6,12,2024
2024-12-07,2.191106081008911,2.0045158863067627,2.2034881114959717,1.9848419427871704,3964986.0,0.12682449118160555,0.0,0.027009437032216074,5,7,12,2024
2024-12-08,2.4907751083374023,2.2141690254211426,2.501620054244995,2.2063040733337402,8679937.0,-0.04107343802107921,0.0,0.027009437032216074,6,8,12,2024
2024-12-09,2.447208881378174,2.4780991077423096,2.9349019527435303,2.247499942779541,16291091.0,-0.05839753133616604,0.0,0.027009437032216074,0,9,12,2024
2024-12-10,2.3297319412231445,2.447208881378174,2.4805960655212402,2.1890621185302734,5171171.0,-0.0001257725957785616,0.0,0.027009437032216074,1,10,12,2024
2024-12-11,2.2788639068603516,2.3297319412231445,2.382040023803711,2.20591402053833,4695482.0,0.040556438795059546,0.0,0.027009437032216074,2,11,12,2024
2024-12-12,2.380013942718506,2.2788639068603516,2.4404749870300293,2.274096965789795,3258635.0,-0.01662884715675489,0.0,0.027009437032216074,3,12,12,2024
2024-12-13,2.3625590801239014,2.3800148963928223,2.3984858989715576,2.2827179431915283,2731083.0,-0.02098086533133403,0.0,0.027009437032216074,4,13,12,2024
2024-12-14,2.318315029144287,2.368242025375366,2.37141489982605,2.2908709049224854,2138424.0,-0.03188219773547524,0.0,0.027009437032216074,5,14,12,2024
2024-12-15,2.307666063308716,2.3571619987487793,2.3978450298309326,2.3003909587860107,1914420.0,-0.09036359238863556,0.0,0.027009437032216074,6,15,12,2024
2024-12-16,2.181138038635254,2.301521062850952,2.3069279193878174,2.1499619483947754,3029844.0,-0.13500267151824874,-1.0,0.486495281483892,0,16,12,2024
2024-12-17,2.0171360969543457,2.181138038635254,2.183140993118286,1.975108027458191,4426103.0,-0.18195999353228337,-1.0,0.486495281483892,1,17,12,2024
2024-12-18,1.756221055984497,2.017043113708496,2.044214963912964,1.7547340393066406,3778059.0,-0.09916665818187986,0.0,0.027009437032216074,2,18,12,2024
2024-12-19,1.5439749956130981,1.756221055984497,1.7801940441131592,1.431030035018921,4880911.0,0.024190458145550542,0.0,0.027009437032216074,3,19,12,2024
2024-12-20,1.6201499700546265,1.5439749956130981,1.6317349672317505,1.4525539875030518,3056673.0,-0.06282259407335972,0.0,0.027009437032216074,4,20,12,2024
2024-12-21,1.5424989461898804,1.6201499700546265,1.6700259447097778,1.5399069786071777,1556700.0,-0.0286752055868969,0.0,0.027009437032216074,5,21,12,2024
2024-12-22,1.494236946105957,1.5424989461898804,1.5480220317840576,1.4614770412445068,1802912.0,0.01956353820889556,0.0,0.027009437032216074,6,22,12,2024
2024-12-23,1.5022979974746704,1.494236946105957,1.5595920085906982,1.4672900438308716,1612231.0,0.004816623524690866,0.0,0.027009437032216074,0,23,12,2024
2024-12-24,1.5446410179138184,1.5022979974746704,1.5580090284347534,1.4771239757537842,1420950.0,-0.06262330803090871,0.0,0.027009437032216074,1,24,12,2024
2024-12-25,1.4744269847869873,1.5446410179138184,1.5505000352859497,1.4627939462661743,1133254.0,-0.04456986721796452,0.0,0.027009437032216074,2,25,12,2024
2024-12-26,1.4213939905166626,1.4744269847869873,1.4746739864349365,1.4152369499206543,840477.0,-0.02564172131427328,0.0,0.027009437032216074,3,26,12,2024
2024-12-27,1.3960299491882324,1.421388030052185,1.4302890300750732,1.3922890424728394,1008073.0,-0.04426331264236921,0.0,0.027009437032216074,4,27,12,2024
2024-12-28,1.3738640546798706,1.3960299491882324,1.4074770212173462,1.363813042640686,930748.0,-0.03807295861874305,0.0,0.027009437032216074,5,28,12,2024
2024-12-29,1.2946100234985352,1.3738640546798706,1.393923044204712,1.2925280332565308,1009301.0,0.04310133834549912,0.0,0.027009437032216074,6,29,12,2024
2024-12-30,1.3485039472579956,1.2946089506149292,1.36210298538208,1.2742279767990112,1339651.0,-0.014050742786179404,0.0,0.027009437032216074,0,30,12,2024
2024-12-31,1.3523149490356445,1.3485039472579956,1.395846962928772,1.3131569623947144,1196039.0,-0.026002068046304505,0.0,0.027009437032216074,1,31,12,2024
2025-01-01,1.306797981262207,1.3523149490356445,1.359307050704956,1.278027057647705,1269574.0,0.02900371603697649,0.0,0.027009437032216074,2,1,1,2025
2025-01-02,1.3275059461593628,1.3067959547042847,1.3670090436935425,1.2777149677276611,1835937.0,0.01713970466940018,0.0,0.027009437032216074,3,2,1,2025
2025-01-03,1.3618940114974976,1.3275059461593628,1.3871270418167114,1.2867059707641602,2016110.0,-0.03689311337711976,0.0,0.027009437032216074,4,3,1,2025
2025-01-04,1.3386240005493164,1.3618940114974976,1.3708239793777466,1.3241490125656128,1005131.0,-0.0469934078961336,0.0,0.027009437032216074,5,4,1,2025
2025-01-05,1.2846750020980835,1.3386240005493164,1.3408629894256592,1.2800259590148926,1275968.0,-0.05000526602227873,0.0,0.027009437032216074,6,5,1,2025
2025-01-06,1.266759991645813,1.2846750020980835,1.3058300018310547,1.2622250318527222,1282376.0,-0.07696445807889118,0.0,0.027009437032216074,0,6,1,2025
2025-01-07,1.1741089820861816,1.266759991645813,1.2714890241622925,1.168529987335205,1709022.0,-0.0256266536976833,0.0,0.027009437032216074,1,7,1,2025
2025-01-08,1.1644200086593628,1.1741089820861816,1.1759610176086426,1.080430030822754,1774376.0,-0.027313190203425264,0.0,0.027009437032216074,2,8,1,2025
2025-01-09,1.1236209869384766,1.1644200086593628,1.1779450178146362,1.1083699464797974,1401229.0,-0.0036805021549785044,0.0,0.027009437032216074,3,9,1,2025
2025-01-10,1.1416109800338745,1.1236209869384766,1.1645209789276123,1.1150439977645874,1125211.0,-0.03665561638368481,0.0,0.027009437032216074,4,10,1,2025
2025-01-11,1.0973600149154663,1.141597032546997,1.1503429412841797,1.0973600149154663,813102.0,-0.014261042225242881,0.0,0.027009437032216074,5,11,1,2025
2025-01-12,1.1021690368652344,1.0973600149154663,1.1356209516525269,1.0816559791564941,898105.0,-0.011524104704648597,0.0,0.027009437032216074,6,12,1,2025
2025-01-13,1.0612519979476929,1.1021690368652344,1.13531494140625,1.0368839502334595,1643219.0,0.06887902591057471,0.0,0.027009437032216074,0,13,1,2025
2025-01-14,1.1176830530166626,1.0612519979476929,1.1273690462112427,1.0612269639968872,1159169.0,0.06851177045597678,0.0,0.027009437032216074,1,14,1,2025
2025-01-15,1.1510169506072998,1.1176830530166626,1.1531009674072266,1.066303014755249,2015865.0,0.07227093977171395,0.0,0.027009437032216074,2,15,1,2025
2025-01-16,1.2374980449676514,1.1510380506515503,1.2682549953460693,1.1370500326156616,2838755.0,-0.05857144563575789,0.0,0.027009437032216074,3,16,1,2025
2025-01-17,1.2309060096740723,1.2374980449676514,1.2611470222473145,1.1911519765853882,1539469.0,-0.1662673835136556,-1.0,0.486495281483892,4,17,1,2025
2025-01-18,1.0991259813308716,1.2309060096740723,1.24857497215271,1.0941150188446045,1811628.0,-0.1568819150951879,-1.0,0.486495281483892,5,18,1,2025
2025-01-19,0.9533669948577881,1.0991259813308716,1.1178189516067505,0.9509230256080627,3399252.0,-0.029184998615803925,0.0,0.027009437032216074,6,19,1,2025
2025-01-20,0.9000189900398254,0.9533699750900269,0.9805650115013123,0.8866580128669739,2910725.0,0.08198492259473678,0.0,0.027009437032216074,0,20,1,2025
2025-01-21,0.9510669708251953,0.9000189900398254,0.9520429968833923,0.8546109795570374,2052679.0,0.025129171905990955,0.0,0.027009437032216074,1,21,1,2025
2025-01-22,0.9965469837188721,0.9510669708251953,1.023182988166809,0.9438650012016296,1295665.0,-0.0747229965110946,0.0,0.027009437032216074,2,22,1,2025
2025-01-23,0.9533860087394714,0.9965469837188721,1.0022950172424316,0.946636974811554,1131323.0,-0.09317529305578193,0.0,0.027009437032216074,3,23,1,2025
2025-01-24,0.8907780051231384,0.9533860087394714,0.9901670217514038,0.8907780051231384,1703239.0,-0.04393632557198085,0.0,0.027009437032216074,4,24,1,2025
2025-01-25,0.8383299708366394,0.8907790184020996,0.8907790184020996,0.8032469749450684,2882655.0,0.0103181741879379,0.0,0.027009437032216074,5,25,1,2025
2025-01-26,0.8649510145187378,0.8383299708366394,0.8840529918670654,0.834788978099823,1039467.0,-0.05710961742676657,0.0,0.027009437032216074,6,26,1,2025
2025-01-27,0.8290089964866638,0.8649510145187378,0.8659359812736511,0.8034610152244568,1072452.0,-0.02295390223923377,0.0,0.027009437032216074,0,27,1,2025
2025-01-28,0.8020989894866943,0.8290089964866638,0.8424350023269653,0.8010579943656921,729425.0,0.02983174986854409,0.0,0.027009437032216074,1,28,1,2025
2025-01-29,0.817861020565033,0.8020989894866943,0.8179489970207214,0.7870360016822815,715082.0,0.03287168080355474,0.0,0.027009437032216074,2,29,1,2025
2025-01-30,0.8341929912567139,0.8179069757461548,0.8382530212402344,0.8068490028381348,823789.0,-0.006210810438488701,0.0,0.027009437032216074,3,30,1,2025
2025-01-31,0.8552979826927185,0.8341929912567139,0.8560190200805664,0.8197919726371765,786773.0,-0.14053697549025862,-1.0,0.486495281483892,4,31,1,2025
2025-02-01,0.8027259707450867,0.8552730083465576,0.8702210187911987,0.8022710084915161,827642.0,-0.13114684105974478,-1.0,0.486495281483892,5,1,2,2025
2025-02-02,0.6674680113792419,0.8027250170707703,0.8069999814033508,0.6274510025978088,2155257.0,0.03879809845373228,0.0,0.027009437032216074,6,2,2,2025
2025-02-03,0.727433979511261,0.6674680113792419,0.7330380082130432,0.5469340085983276,2270083.0,-0.10488370631474092,-1.0,0.486495281483892,0,3,2,2025
2025-02-04,0.6592950224876404,0.727433979511261,0.7378860116004944,0.6428999900817871,1037914.0,-0.07244179733815742,0.0,0.027009437032216074,1,4,2,2025
2025-02-05,0.6429809927940369,0.6592950224876404,0.6654180288314819,0.6300579905509949,760720.0,-0.11970333807928879,-1.0,0.486495281483892,2,5,2,2025
2025-02-06,0.5800880193710327,0.6429809927940369,0.6463720202445984,0.5693740248680115,981599.0,-0.061975109178113,0.0,0.027009437032216074,3,6,2,2025
2025-02-07,0.5519400238990784,0.5800899863243103,0.5966759920120239,0.5385140180587769,1183510.0,-0.046562171538130026,0.0,0.027009437032216074,4,7,2,2025
2025-02-08,0.5363339781761169,0.5500479936599731,0.5500659942626953,0.4851509928703308,1434199.0,-0.03036910418994221,0.0,0.027009437032216074,5,8,2,2025
2025-02-09,0.5161470174789429,0.536346971988678,0.5969359874725342,0.5135239958763123,1343361.0,0.011308723010886257,0.0,0.027009437032216074,6,9,2,2025
2025-02-10,0.5239449739456177,0.5161579847335815,0.5361890196800232,0.5090219974517822,689029.0,-0.011046901723232916,0.0,0.027009437032216074,0,10,2,2025
2025-02-11,0.520022988319397,0.5239620208740234,0.5503960251808167,0.5159900188446045,747500.0,-0.01107256338387197,0.0,0.027009437032216074,1,11,2,2025
2025-02-12,0.5162910223007202,0.520022988319397,0.5252569913864136,0.5002539753913879,996684.0,0.00830727484857291,0.0,0.027009437032216074,2,12,2,2025
2025-02-13,0.5122389793395996,0.5162829756736755,0.541450023651123,0.511821985244751,785937.0,-0.0020507464326042224,0.0,0.027009437032216074,3,13,2,2025
2025-02-14,0.5289210081100464,0.5122820138931274,0.5343369841575623,0.507420003414154,585133.0,-0.04966907156803463,0.0,0.027009437032216074,4,14,2,2025
2025-02-15,0.49345600605010986,0.5181949734687805,0.527400016784668,0.48969700932502747,879234.0,0.12166634174105528,0.0,0.027009437032216074,5,15,2,2025
2025-02-16,0.5118439793586731,0.4934459924697876,0.5129259824752808,0.4918070137500763,388904.0,0.1600771230408753,1.0,0.486495281483892,6,16,2,2025
2025-02-17,0.5951420068740845,0.5118430256843567,0.6054930090904236,0.511093020439148,1525507.0,0.0773285884000382,0.0,0.027009437032216074,0,17,2,2025
2025-02-18,0.5924149751663208,0.5951550006866455,0.608244001865387,0.5763469934463501,1063080.0,0.1491952872068364,1.0,0.486495281483892,1,18,2,2025
2025-02-19,0.6899120211601257,0.5924149751663208,0.6917060017585754,0.5818229913711548,1330076.0,-0.05860246606356928,0.0,0.027009437032216074,2,19,2,2025
2025-02-20,0.671688973903656,0.6899120211601257,0.6899120211601257,0.6554809808731079,1096199.0,-0.06000916135855383,0.0,0.027009437032216074,3,20,2,2025
2025-02-21,0.6272739768028259,0.671688973903656,0.6728299856185913,0.6262750029563904,959498.0,0.023563910793240272,0.0,0.027009437032216074,4,21,2,2025
2025-02-22,0.6354889869689941,0.6272739768028259,0.6383950114250183,0.6262990236282349,479274.0,-0.009065409235419097,0.0,0.027009437032216074,5,22,2,2025
2025-02-23,0.6486210227012634,0.6354889869689941,0.6503610014915466,0.6342790126800537,422306.0,-0.08312947324747028,0.0,0.027009437032216074,6,23,2,2025
2025-02-24,0.6108350157737732,0.6486210227012634,0.6519700288772583,0.6108350157737732,548755.0,-0.08691957961813646,0.0,0.027009437032216074,0,24,2,2025
2025-02-25,0.5785679817199707,0.6108350157737732,0.6110219955444336,0.5553939938545227,883963.0,-0.10612665812279276,-1.0,0.486495281483892,1,25,2,2025
2025-02-26,0.5369150042533875,0.5785679817199707,0.5794519782066345,0.5275779962539673,966827.0,-0.07958524141870854,0.0,0.027009437032216074,2,26,2,2025
2025-02-27,0.49741798639297485,0.5369150042533875,0.5369589924812317,0.4909679889678955,873860.0,0.007741014121859624,0.0,0.027009437032216074,3,27,2,2025
2025-02-28,0.4909510016441345,0.49737799167633057,0.4983130097389221,0.45942801237106323,908283.0,0.058096411575818796,0.0,0.027009437032216074,4,28,2,2025
2025-03-01,0.5115860104560852,0.49094799160957336,0.5181149840354919,0.48399099707603455,550856.0,0.0089153673621159,0.0,0.027009437032216074,5,1,3,2025
2025-03-02,0.5273609757423401,0.5115829706192017,0.5357549786567688,0.5087149739265442,896116.0,-0.05217578138554091,0.0,0.027009437032216074,6,2,3,2025
2025-03-03,0.5049329996109009,0.5273609757423401,0.5278189778327942,0.5049260258674622,543263.0,-0.017199313688340823,0.0,0.027009437032216074,0,3,3,2025
2025-03-04,0.4947580099105835,0.5047770142555237,0.5050010085105896,0.48136401176452637,562065.0,-0.026529149120877282,0.0,0.027009437032216074,1,4,3,2025
2025-03-05,0.4977389872074127,0.4947560131549835,0.5036709904670715,0.48835301399230957,499639.0,-0.12362199005601282,-1.0,0.486495281483892,2,5,3,2025
2025-03-06,0.4655260145664215,0.49773600697517395,0.49965500831604004,0.46179699897766113,623503.0,-0.14302212335474607,-1.0,0.486495281483892,3,6,3,2025
2025-03-07,0.4068889915943146,0.4655210077762604,0.4684920012950897,0.38360199332237244,1297123.0,-0.1293534522885163,-1.0,0.486495281483892,4,7,3,2025
2025-03-08,0.39100199937820435,0.4068790078163147,0.4081119894981384,0.3785969913005829,480682.0,-0.21657179769585783,-1.0,0.486495281483892,5,8,3,2025
2025-03-09,0.3175109922885895,0.3909969925880432,0.39299899339675903,0.3026849925518036,1002673.0,-0.0522753590445415,0.0,0.027009437032216074,6,9,3,2025
2025-03-10,0.29513299465179443,0.31750500202178955,0.3175329864025116,0.25920599699020386,1980925.0,0.061863653713715605,0.0,0.027009437032216074,0,10,3,2025
2025-03-11,0.3066929876804352,0.2929359972476959,0.3067069947719574,0.2747350037097931,772136.0,0.054277469560754965,0.0,0.027009437032216074,1,11,3,2025
2025-03-12,0.3200890123844147,0.3066929876804352,0.32344698905944824,0.30145299434661865,559727.0,0.03098821692478082,0.0,0.027009437032216074,2,12,3,2025
2025-03-13,0.32659000158309937,0.3200890123844147,0.3351390063762665,0.30507299304008484,737533.0,0.022693575477467753,0.0,0.027009437032216074,3,13,3,2025
2025-03-14,0.33342599868774414,0.32659900188446045,0.33639198541641235,0.32124000787734985,386031.0,-0.006149802644280666,0.0,0.027009437032216074,4,14,3,2025
2025-03-15,0.3345769941806793,0.33342599868774414,0.3359900116920471,0.32311201095581055,347537.0,0.022816867635365168,0.0,0.027009437032216074,5,15,3,2025
2025-03-16,0.32817399501800537,0.3345769941806793,0.34218698740005493,0.32543501257896423,313407.0,0.0618985710824459,0.0,0.027009437032216074,6,16,3,2025
2025-03-17,0.35624799132347107,0.32817599177360535,0.35624799132347107,0.32653599977493286,419572.0,-0.02302747459175608,0.0,0.027009437032216074,0,17,3,2025
2025-03-18,0.3407270014286041,0.3562540113925934,0.3637630045413971,0.3344219923019409,485487.0,0.02503467842501217,0.0,0.027009437032216074,1,18,3,2025
2025-03-19,0.3553619980812073,0.3407270014286041,0.3570510149002075,0.3405030071735382,466061.0,-0.04308003123120907,0.0,0.027009437032216074,2,19,3,2025
2025-03-20,0.3431519865989685,0.3553619980812073,0.3581799864768982,0.3314329981803894,630756.0,0.0023328009504727243,0.0,0.027009437032216074,3,20,3,2025
2025-03-21,0.3369539976119995,0.34317201375961304,0.3486739993095398,0.3346109986305237,256679.0,0.07087168215950401,0.0,0.027009437032216074,4,21,3,2025
2025-03-22,0.3509509861469269,0.3369539976119995,0.3513450026512146,0.33687999844551086,218090.0,0.08082329756357043,0.0,0.027009437032216074,5,22,3,2025
2025-03-23,0.37071800231933594,0.35095399618148804,0.37278398871421814,0.3508630096912384,274652.0,0.07054687942149473,0.0,0.027009437032216074,6,23,3,2025
2025-03-24,0.3879140019416809,0.37071800231933594,0.39708998799324036,0.3706989884376526,468211.0,0.06917123647285384,0.0,0.027009437032216074,0,24,3,2025
2025-03-25,0.40582799911499023,0.3879149854183197,0.4081990122795105,0.3878059983253479,360161.0,0.038464557804585464,0.0,0.027009437032216074,1,25,3,2025
2025-03-26,0.42366498708724976,0.4058299958705902,0.4306809902191162,0.40466898679733276,597981.0,-0.03754731166745151,0.0,0.027009437032216074,2,26,3,2025
2025-03-27,0.4192110002040863,0.42366498708724976,0.4268389940261841,0.4183259904384613,229103.0,-0.08461369646661931,0.0,0.027009437032216074,3,27,3,2025
2025-03-28,0.39630401134490967,0.4192110002040863,0.4192720055580139,0.3953770101070404,411995.0,-0.06849290963076776,0.0,0.027009437032216074,4,28,3,2025
2025-03-29,0.37117600440979004,0.39629998803138733,0.3968749940395355,0.3684979975223541,466114.0,-0.02501914955116985,0.0,0.027009437032216074,5,29,3,2025
2025-03-30,0.36714398860931396,0.3711729943752289,0.37876299023628235,0.36640799045562744,238473.0,-0.02912204971253257,0.0,0.027009437032216074,6,30,3,2025
2025-03-31,0.3566350042819977,0.36714398860931396,0.3674260079860687,0.3565729856491089,310824.0,-0.021196764183230354,0.0,0.027009437032216074,0,31,3,2025
2025-04-01,0.3562690019607544,0.3566339910030365,0.36123499274253845,0.355677992105484,255376.0,-0.09947823413028373,0.0,0.027009437032216074,1,1,4,2025
2025-04-02,0.34188199043273926,0.3562690019607544,0.35832101106643677,0.3415380120277405,277035.0,-0.10952899912619418,-1.0,0.486495281483892,2,2,4,2025
2025-04-03,0.2997739911079407,0.3418779969215393,0.3447040021419525,0.27998998761177063,1190293.0,0.00200820261293011,0.0,0.027009437032216074,3,3,4,2025
2025-04-04,0.3090980052947998,0.2997739911079407,0.3096329867839813,0.2997649908065796,399230.0,-0.0756960733571882,0.0,0.027009437032216074,4,4,4,2025
2025-04-05,0.29165399074554443,0.3090980052947998,0.3116550147533417,0.29008400440216064,351601.0,-0.013077078081935867,0.0,0.027009437032216074,5,5,4,2025
2025-04-06,0.27974700927734375,0.29165199398994446,0.2978009879589081,0.27867498993873596,375971.0,0.058661931198352724,0.0,0.027009437032216074,6,6,4,2025
2025-04-07,0.2959330081939697,0.2789900004863739,0.29729899764060974,0.2693459987640381,566612.0,0.07904997490398669,0.0,0.027009437032216074,0,7,4,2025
2025-04-08,0.29638200998306274,0.2959339916706085,0.3037320077419281,0.2952849864959717,312608.0,0.13078387680959047,0.0,0.027009437032216074,1,8,4,2025
2025-04-09,0.34227100014686584,0.2963849902153015,0.34543299674987793,0.2923550009727478,955013.0,-0.024058424118538868,0.0,0.027009437032216074,2,9,4,2025
2025-04-10,0.328016996383667,0.342629998922348,0.34722700715065,0.328016996383667,536817.0,0.04544886695260886,0.0,0.027009437032216074,3,10,4,2025
2025-04-11,0.34005600214004517,0.3280380070209503,0.3416300117969513,0.3276839852333069,468651.0,0.015307764347323505,0.0,0.027009437032216074,4,11,4,2025
2025-04-12,0.3457939922809601,0.3399350047111511,0.35148000717163086,0.339385986328125,463979.0,-0.0057794067545577366,0.0,0.027009437032216074,5,12,4,2025
2025-04-13,0.3447290062904358,0.34579500555992126,0.3500570058822632,0.3434840142726898,306295.0,-0.015700750381294093,0.0,0.027009437032216074,6,13,4,2025
2025-04-14,0.34286201000213623,0.3447349965572357,0.3460789918899536,0.34115999937057495,287094.0,-0.023624716850912775,0.0,0.027009437032216074,0,14,4,2025
2025-04-15,0.33577099442481995,0.34286099672317505,0.34436601400375366,0.3355109989643097,321226.0,-0.010790073850995952,0.0,0.027009437032216074,1,15,4,2025
2025-04-16,0.33375298976898193,0.3358449935913086,0.3370009958744049,0.3329809904098511,271273.0,-0.008674027752031188,0.0,0.027009437032216074,2,16,4,2025
2025-04-17,0.33054301142692566,0.33375799655914307,0.33451399207115173,0.3276509940624237,296867.0,-0.0033263809640504682,0.0,0.027009437032216074,3,17,4,2025
2025-04-18,0.33117300271987915,0.3303939998149872,0.33400198817253113,0.3216789960861206,396834.0,-0.009365189381661199,0.0,0.027009437032216074,4,18,4,2025
2025-04-19,0.3277139961719513,0.33117300271987915,0.33153098821640015,0.3261669874191284,306277.0,0.008177873616449616,0.0,0.027009437032216074,5,19,4,2025
2025-04-20,0.3284290134906769,0.3279210031032562,0.32884499430656433,0.3251439929008484,287747.0,0.026753070642959176,0.0,0.027009437032216074,6,20,4,2025
2025-04-21,0.3323589861392975,0.3284290134906769,0.33522099256515503,0.327333003282547,350481.0,0.017105048306074955,0.0,0.027009437032216074,0,21,4,2025
2025-04-22,0.3420720100402832,0.33218199014663696,0.3425149917602539,0.33064699172973633,381105.0,-0.007931107005103355,0.0,0.027009437032216074,1,22,4,2025
2025-04-23,0.33401599526405334,0.3420720100402832,0.3564850091934204,0.33399999141693115,654869.0,-0.0019684651209519455,0.0,0.027009437032216074,2,23,4,2025
2025-04-24,0.34470200538635254,0.3341990113258362,0.3450619876384735,0.3336319923400879,528574.0,-0.05574238216608973,0.0,0.027009437032216074,3,24,4,2025
2025-04-25,0.3220149874687195,0.34470200538635254,0.34470200538635254,0.31564199924468994,1015649.0,0.017440210716675564,0.0,0.027009437032216074,4,25,4,2025
2025-04-26,0.32896000146865845,0.32190901041030884,0.32966500520706177,0.3216080069541931,297518.0,-0.008870394505704149,0.0,0.027009437032216074,5,26,4,2025
2025-04-27,0.3263019919395447,0.32861199975013733,0.32945600152015686,0.32057100534439087,298188.0,0.01363308642218869,0.0,0.027009437032216074,6,27,4,2025
2025-04-28,0.32578200101852417,0.326308012008667,0.32749301195144653,0.32284700870513916,369391.0,0.018208459460473225,0.0,0.027009437032216074,0,28,4,2025
2025-04-29,0.3357189893722534,0.32578200101852417,0.3388519883155823,0.32467299699783325,325059.0,-0.0005167840523540024,0.0,0.027009437032216074,1,29,4,2025
2025-04-30,0.32770898938179016,0.3357140123844147,0.338238000869751,0.32659998536109924,334158.0,0.04028118542874648,0.0,0.027009437032216074,2,30,4,2025
2025-05-01,0.34338200092315674,0.32763999700546265,0.34462299942970276,0.32605698704719543,409531.0,-0.017166048081285967,0.0,0.027009437032216074,3,1,5,2025
2025-05-02,0.3384369909763336,0.34339800477027893,0.3474709987640381,0.33737999200820923,272566.0,-0.005742572182379113,0.0,0.027009437032216074,4,2,5,2025
2025-05-03,0.3365379869937897,0.3384389877319336,0.3391740024089813,0.33364400267601013,299081.0,0.010025644815366497,0.0,0.027009437032216074,5,3,5,2025
2025-05-04,0.33644899725914,0.3364669978618622,0.3390989899635315,0.33329299092292786,234734.0,0.05031819798385295,0.0,0.027009437032216074,6,4,5,2025
2025-05-05,0.34337499737739563,0.3364500105381012,0.3443540036678314,0.3338800072669983,267315.0,0.1461216014611666,1.0,0.486495281483892,0,5,5,2025
2025-05-06,0.3633820116519928,0.34337499737739563,0.3651820123195648,0.3427880108356476,653689.0,0.21236050588378963,1.0,0.486495281483892,1,6,5,2025
2025-05-07,0.4237169921398163,0.3638159930706024,0.42489200830459595,0.3631480038166046,1221297.0,0.08771775765261924,0.0,0.027009437032216074,2,7,5,2025
2025-05-08,0.45738300681114197,0.42370301485061646,0.45994800329208374,0.4231579899787903,995097.0,0.012991271973757823,0.0,0.027009437032216074,3,8,5,2025
2025-05-09,0.464385986328125,0.45738300681114197,0.4712510108947754,0.4560149908065796,458236.0,-0.022957176543914715,0.0,0.027009437032216074,4,9,5,2025
2025-05-10,0.4622640013694763,0.46439099311828613,0.4689069986343384,0.45802998542785645,385747.0,-0.03243819259692121,0.0,0.027009437032216074,5,10,5,2025
2025-05-11,0.44518598914146423,0.46231400966644287,0.4630190134048462,0.44280099868774414,579816.0,0.015888879896141073,0.0,0.027009437032216074,6,11,5,2025
2025-05-12,0.4493519961833954,0.4450420141220093,0.4617359936237335,0.44231900572776794,490004.0,0.008458854374236546,0.0,0.027009437032216074,0,12,5,2025
2025-05-13,0.4551669955253601,0.44897300004959106,0.4553599953651428,0.4477970004081726,392348.0,-0.03215741376702608,0.0,0.027009437032216074,1,13,5,2025
2025-05-14,0.45113900303840637,0.4551680088043213,0.4588089883327484,0.44794899225234985,379893.0,-0.06365997954909042,0.0,0.027009437032216074,2,14,5,2025
2025-05-15,0.4299210011959076,0.45113900303840637,0.45173999667167664,0.4283590018749237,352972.0,-0.05761871735656121,0.0,0.027009437032216074,3,15,5,2025
2025-05-16,0.4149180054664612,0.4299289882183075,0.4299300014972687,0.4092809855937958,669999.0,-0.05643646203676422,0.0,0.027009437032216074,4,16,5,2025
2025-05-17,0.39538100361824036,0.41491299867630005,0.4162519872188568,0.3942820131778717,336235.0,-0.015196748873219812,0.0,0.027009437032216074,5,17,5,2025
2025-05-18,0.38762199878692627,0.39538100361824036,0.39538100361824036,0.3833869993686676,385731.0,0.01026257308304912,0.0,0.027009437032216074,6,18,5,2025
2025-05-19,0.3911229968070984,0.3875249922275543,0.3983370065689087,0.38748899102211,370805.0,0.024121584192515866,0.0,0.027009437032216074,0,19,5,2025
2025-05-20,0.3920769989490509,0.3911280035972595,0.40125399827957153,0.3870069980621338,395908.0,0.06375790794122282,0.0,0.027009437032216074,1,20,5,2025
2025-05-21,0.4090380072593689,0.3920789957046509,0.40983301401138306,0.39013099670410156,312841.0,0.05603634758606868,0.0,0.027009437032216074,2,21,5,2025
2025-05-22,0.4251120090484619,0.4090699851512909,0.43963199853897095,0.40880298614501953,904366.0,0.07557065874241253,0.0,0.027009437032216074,3,22,5,2025
2025-05-23,0.4388059973716736,0.4250209927558899,0.4696190059185028,0.42005398869514465,983229.0,0.054630075239648024,0.0,0.027009437032216074,4,23,5,2025
2025-05-24,0.4756700098514557,0.4388050138950348,0.48271599411964417,0.433025985956192,632326.0,-0.06524169127220586,0.0,0.027009437032216074,5,24,5,2025
2025-05-25,0.4498859941959381,0.4756700098514557,0.47617200016975403,0.4490410089492798,469404.0,-0.021929998597611022,0.0,0.027009437032216074,6,25,5,2025
2025-05-26,0.4393869936466217,0.4498870074748993,0.4499030113220215,0.43752598762512207,472442.0,0.005793311588434102,0.0,0.027009437032216074,0,26,5,2025
2025-05-27,0.440652996301651,0.4393880069255829,0.44160598516464233,0.43262800574302673,448124.0,0.020208664209679705,0.0,0.027009437032216074,1,27,5,2025
2025-05-28,0.44321200251579285,0.4406540095806122,0.450531005859375,0.4352160096168518,493100.0,-0.02883720229668013,0.0,0.027009437032216074,2,28,5,2025
2025-05-29,0.4559040069580078,0.44321998953819275,0.45938700437545776,0.4397929906845093,387855.0,-0.13355003399226018,-1.0,0.486495281483892,3,29,5,2025
2025-05-30,0.40495800971984863,0.45588499307632446,0.45588499307632446,0.40495800971984863,880588.0,-0.057881301747347846,0.0,0.027009437032216074,4,30,5,2025
2025-05-31,0.3850780129432678,0.4045799970626831,0.4059300124645233,0.38417500257492065,557006.0,-0.03709769017652864,0.0,0.027009437032216074,5,31,5,2025
2025-06-01,0.3779590129852295,0.3850780129432678,0.3925110101699829,0.3714179992675781,594084.0,-0.04815075460093676,0.0,0.027009437032216074,6,1,6,2025
2025-06-02,0.36362600326538086,0.37795698642730713,0.3779900074005127,0.35993900895118713,451152.0,-0.03386858115683755,0.0,0.027009437032216074,0,2,6,2025
2025-06-03,0.35589399933815,0.36368098855018616,0.3695240020751953,0.3547930121421814,531390.0,-0.011584874702107839,0.0,0.027009437032216074,1,3,6,2025
2025-06-04,0.34672701358795166,0.35589399933815,0.36138999462127686,0.3409020006656647,612006.0,0.011594108349948062,0.0,0.027009437032216074,2,4,6,2025
2025-06-05,0.35681501030921936,0.34672701358795166,0.36160600185394287,0.34070900082588196,799240.0,-0.024865851341277778,0.0,0.027009437032216074,3,5,6,2025
2025-06-06,0.34467899799346924,0.35681599378585815,0.35719698667526245,0.3441700041294098,335725.0,0.02519880665855745,0.0,0.027009437032216074,4,6,6,2025
2025-06-07,0.3512060046195984,0.34467700123786926,0.3550649881362915,0.342536985874176,320700.0,0.03064724412148212,0.0,0.027009437032216074,5,7,6,2025
2025-06-08,0.3555229902267456,0.3512060046195984,0.3601210117340088,0.34858599305152893,442215.0,0.07845065104852134,0.0,0.027009437032216074,6,8,6,2025
2025-06-09,0.3684160113334656,0.35558199882507324,0.37025201320648193,0.35552600026130676,484944.0,0.06552913406336691,0.0,0.027009437032216074,0,9,6,2025
2025-06-10,0.39841198921203613,0.3685559928417206,0.4001910090446472,0.3684369921684265,746586.0,-0.047114527835907805,0.0,0.027009437032216074,1,10,6,2025
2025-06-11,0.3867039978504181,0.39846399426460266,0.3996869921684265,0.3848769962787628,493816.0,-0.06492303689538692,0.0,0.027009437032216074,2,11,6,2025
2025-06-12,0.3725779950618744,0.3867030143737793,0.38947299122810364,0.3706530034542084,614748.0,-0.05858369975850369,0.0,0.027009437032216074,3,12,6,2025
2025-06-13,0.35061800479888916,0.3725849986076355,0.37261998653411865,0.35002601146698,784014.0,-0.011563914283878318,0.0,0.027009437032216074,4,13,6,2025
2025-06-14,0.35088399052619934,0.35061800479888916,0.3543989956378937,0.3499799966812134,246291.0,-0.015099017616617638,0.0,0.027009437032216074,5,14,6,2025
2025-06-15,0.3422429859638214,0.35088399052619934,0.3530629873275757,0.3420430123806,376873.0,-0.01661828098423085,0.0,0.027009437032216074,6,15,6,2025
2025-06-16,0.3489289879798889,0.3422429859638214,0.3513619899749756,0.341607004404068,368710.0,-0.05617040455875305,0.0,0.027009437032216074,0,16,6,2025
2025-06-17,0.32418200373649597,0.3489289879798889,0.3489939868450165,0.324180006980896,463972.0,0.021464792834322233,0.0,0.027009437032216074,1,17,6,2025
2025-06-18,0.3344770073890686,0.3241789937019348,0.33561599254608154,0.323168009519577,446526.0,-0.02123465654048684,0.0,0.027009437032216074,2,18,6,2025
2025-06-19,0.32780399918556213,0.33434098958969116,0.33446601033210754,0.32771000266075134,273470.0,-0.010829620892355007,0.0,0.027009437032216074,3,19,6,2025
2025-06-20,0.3269450068473816,0.32787901163101196,0.3328329920768738,0.32684600353240967,423185.0,-0.0530425632339373,0.0,0.027009437032216074,4,20,6,2025
2025-06-21,0.3215630054473877,0.3269450068473816,0.3269450068473816,0.3212229907512665,209167.0,-0.05838516592980225,0.0,0.027009437032216074,5,21,6,2025
2025-06-22,0.2976430058479309,0.3215630054473877,0.32164299488067627,0.29322201013565063,518298.0,0.06468652707123745,0.0,0.027009437032216074,6,22,6,2025
2025-06-23,0.3079339861869812,0.2976430058479309,0.3093990087509155,0.29400599002838135,483358.0,0.05586268636493408,0.0,0.027009437032216074,0,23,6,2025
2025-06-24,0.325859010219574,0.3079339861869812,0.3334150016307831,0.3043760061264038,624011.0,-0.014862291195163968,0.0,0.027009437032216074,1,24,6,2025
2025-06-25,0.324413001537323,0.32570698857307434,0.33025801181793213,0.3235830068588257,301980.0,-0.009452487870555026,0.0,0.027009437032216074,2,25,6,2025
2025-06-26,0.3176189959049225,0.32440900802612305,0.32465800642967224,0.3162609934806824,267982.0,0.021247146968925712,0.0,0.027009437032216074,3,26,6,2025
2025-06-27,0.3250739872455597,0.3175710141658783,0.326774001121521,0.3170729875564575,311187.0,-0.0008259323505572791,0.0,0.027009437032216074,4,27,6,2025
2025-06-28,0.3236609995365143,0.32507699728012085,0.32520100474357605,0.3213460147380829,193600.0,-0.0014923214092184,0.0,0.027009437032216074,5,28,6,2025
2025-06-29,0.3259499967098236,0.32357800006866455,0.3279080092906952,0.3214130103588104,420370.0,-0.021569265324972386,0.0,0.027009437032216074,6,29,6,2025
2025-06-30,0.3204059898853302,0.3259499967098236,0.3272469937801361,0.3189240097999573,326521.0,-0.001140726744507825,0.0,0.027009437032216074,0,30,6,2025
2025-07-01,0.3174329996109009,0.3202759921550751,0.32241499423980713,0.31640300154685974,311986.0,0.013037395303702404,0.0,0.027009437032216074,1,1,7,2025
2025-07-02,0.32264798879623413,0.3174319863319397,0.3232010006904602,0.317113995552063,306725.0,-0.01228266983919668,0.0,0.027009437032216074,2,2,7,2025
2025-07-03,0.32049500942230225,0.32264798879623413,0.32404500246047974,0.31960099935531616,344114.0,-0.018257717015428998,0.0,0.027009437032216074,3,3,7,2025
2025-07-04,0.31687501072883606,0.32048800587654114,0.32121700048446655,0.31609100103378296,282309.0,-0.009994534712756409,0.0,0.027009437032216074,4,4,7,2025
2025-07-05,0.31241199374198914,0.3168469965457916,0.31854501366615295,0.3112890124320984,360344.0,-0.0029720093101018308,0.0,0.027009437032216074,5,5,7,2025
2025-07-06,0.31500399112701416,0.3124229907989502,0.3150370121002197,0.3111099898815155,326897.0,-0.01736478904953559,0.0,0.027009437032216074,6,6,7,2025
2025-07-07,0.3079630136489868,0.3150070011615753,0.31533199548721313,0.3066050112247467,342718.0,0.03074556172705456,0.0,0.027009437032216074,0,7,7,2025
2025-07-08,0.31110501289367676,0.3079630136489868,0.3111500144004822,0.30635499954223633,313355.0,0.03810607616550021,0.0,0.027009437032216074,1,8,7,2025
2025-07-09,0.32375800609588623,0.31110501289367676,0.3291800022125244,0.3103890120983124,462231.0,0.012463000008468672,0.0,0.027009437032216074,2,9,7,2025
2025-07-10,0.322162002325058,0.323758989572525,0.3243919909000397,0.3146969974040985,872553.0,0.034516769391347624,0.0,0.027009437032216074,3,10,7,2025
2025-07-11,0.33342400193214417,0.322160005569458,0.34178298711776733,0.3221589922904968,826517.0,-0.006197837958721808,0.0,0.027009437032216074,4,11,7,2025
2025-07-12,0.33313998579978943,0.33342400193214417,0.33620399236679077,0.3315359950065613,447895.0,0.005463207674353265,0.0,0.027009437032216074,5,12,7,2025
2025-07-13,0.3295750021934509,0.33313998579978943,0.33390098810195923,0.3267030119895935,546357.0,-0.0005294925209125001,0.0,0.027009437032216074,6,13,7,2025
2025-07-14,0.34034499526023865,0.3295759856700897,0.34171101450920105,0.3284609913825989,671994.0,-0.08682073501567372,0.0,0.027009437032216074,0,14,7,2025
2025-07-15,0.3184559941291809,0.3403860032558441,0.3429880142211914,0.312730997800827,1023626.0,-0.0446152816732035,0.0,0.027009437032216074,1,15,7,2025
2025-07-16,0.3031359910964966,0.31833699345588684,0.3264159858226776,0.29884999990463257,1369065.0,0.06989933496900569,0.0,0.027009437032216074,2,16,7,2025
2025-07-17,0.30535998940467834,0.30313798785209656,0.30583199858665466,0.2954849898815155,817579.0,0.1306425779517265,0.0,0.027009437032216074,3,17,7,2025
2025-07-18,0.3432900011539459,0.3053570091724396,0.35028600692749023,0.30497801303863525,1543408.0,0.031553487611361564,0.0,0.027009437032216074,4,18,7,2025
2025-07-19,0.34721601009368896,0.343282014131546,0.3492580056190491,0.3405660092830658,665727.0,0.03510344842976809,0.0,0.027009437032216074,5,19,7,2025
2025-07-20,0.3610279858112335,0.34721100330352783,0.3627929985523224,0.3469409942626953,881250.0,-0.021951176023223884,0.0,0.027009437032216074,6,20,7,2025
2025-07-21,0.35778099298477173,0.3610279858112335,0.36799201369285583,0.3576659858226776,774350.0,-0.03944448618583141,0.0,0.027009437032216074,0,21,7,2025
2025-07-22,0.3484250009059906,0.35776400566101074,0.36110201478004456,0.346096009016037,854626.0,-0.030111187018136643,0.0,0.027009437032216074,1,22,7,2025
2025-07-23,0.3389120101928711,0.3484260141849518,0.3540950119495392,0.3387649953365326,983069.0,-0.022640124868097078,0.0,0.027009437032216074,2,23,7,2025
2025-07-24,0.3369550108909607,0.33893099427223206,0.33914700150489807,0.3340910077095032,709900.0,-0.03294657667109424,0.0,0.027009437032216074,3,24,7,2025
2025-07-25,0.3255229890346527,0.33695200085639954,0.33719998598098755,0.3253119885921478,713266.0,-0.012834692836659334,0.0,0.027009437032216074,4,25,7,2025
2025-07-26,0.3261840045452118,0.32552099227905273,0.32846400141716003,0.3202730119228363,930829.0,-0.03650241724036518,0.0,0.027009437032216074,5,26,7,2025
2025-07-27,0.3165059983730316,0.3259199857711792,0.3265869915485382,0.31513699889183044,1028582.0,-0.022890574631557525,0.0,0.027009437032216074,6,27,7,2025
2025-07-28,0.312049001455307,0.3165059983730316,0.31777000427246094,0.3091279864311218,682500.0,-0.027521322266565285,0.0,0.027009437032216074,0,28,7,2025
2025-07-29,0.3064729869365692,0.3120020031929016,0.3123829960823059,0.30603399872779846,691927.0,-0.03266184841056968,0.0,0.027009437032216074,1,29,7,2025
2025-07-30,0.300449013710022,0.3064729869365692,0.3178980052471161,0.29949501156806946,666797.0,-0.05203882478180599,0.0,0.027009437032216074,2,30,7,2025
2025-07-31,0.292477011680603,0.3002279996871948,0.31749698519706726,0.2919130027294159,799447.0,-0.08459817198055819,0.0,0.027009437032216074,3,31,7,2025
2025-08-01,0.2771509885787964,0.292477011680603,0.2945849895477295,0.2762390077114105,660724.0,-0.0656085867372988,0.0,0.027009437032216074,4,1,8,2025
2025-08-02,0.2583169937133789,0.2776060104370117,0.28626900911331177,0.2576819956302643,944900.0,0.0037764430620419454,0.0,0.027009437032216074,5,2,8,2025
2025-08-03,0.25961801409721375,0.2580319941043854,0.2657169997692108,0.25549399852752686,549273.0,0.028871235005885953,0.0,0.027009437032216074,6,3,8,2025
2025-08-04,0.25896701216697693,0.2595970034599304,0.2630560100078583,0.245168998837471,666326.0,0.0805951694984206,0.0,0.027009437032216074,0,4,8,2025
2025-08-05,0.27526000142097473,0.2589719891548157,0.2752630114555359,0.25797000527381897,508680.0,0.03203154156696386,0.0,0.027009437032216074,1,5,8,2025
2025-08-06,0.2844170033931732,0.27538999915122986,0.28520500659942627,0.2715510129928589,628465.0,0.010546132630638527,0.0,0.027009437032216074,2,6,8,2025
2025-08-07,0.2837370038032532,0.2844170033931732,0.2887769937515259,0.2817839980125427,289877.0,0.02856516698362732,0.0,0.027009437032216074,3,7,8,2025
2025-08-08,0.2910960018634796,0.283735990524292,0.29181399941444397,0.28112900257110596,340653.0,-0.01767457607892081,0.0,0.027009437032216074,4,8,8,2025
2025-08-09,0.2925879955291748,0.2910960018634796,0.29324400424957275,0.29085400700569153,303766.0,-0.046973891035142545,0.0,0.027009437032216074,5,9,8,2025
2025-08-10,0.2793140113353729,0.2925570011138916,0.29320499300956726,0.2781760096549988,419156.0,-0.019891652172595586,0.0,0.027009437032216074,6,10,8,2025
2025-08-11,0.27837398648262024,0.2793140113353729,0.2815749943256378,0.27689099311828613,362824.0,-0.0035060077525396194,0.0,0.027009437032216074,0,11,8,2025
2025-08-12,0.2691420018672943,0.2783749997615814,0.2799389958381653,0.2622860074043274,632427.0,0.05750496600175381,0.0,0.027009437032216074,1,12,8,2025
2025-08-13,0.2856540083885193,0.2691420018672943,0.28742098808288574,0.2683340013027191,1222650.0,0.06475135310973712,0.0,0.027009437032216074,2,13,8,2025
2025-08-14,0.28358399868011475,0.28571099042892456,0.28937700390815735,0.2768290042877197,945353.0,0.121265619252798,0.0,0.027009437032216074,3,14,8,2025
2025-08-15,0.3247169852256775,0.28358399868011475,0.3285500109195709,0.2813110053539276,1338402.0,-0.05864486465937829,0.0,0.027009437032216074,4,15,8,2025
2025-08-16,0.31122899055480957,0.3246990144252777,0.32521700859069824,0.3087660074234009,493693.0,-0.04685289212640825,0.0,0.027009437032216074,5,16,8,2025
2025-08-17,0.300119012594223,0.31122899055480957,0.3116390109062195,0.29889801144599915,445010.0,-0.04400588739805067,0.0,0.027009437032216074,6,17,8,2025
2025-08-18,0.29317501187324524,0.300119012594223,0.300585001707077,0.2841640114784241,499863.0,-0.04268443613866013,0.0,0.027009437032216074,0,18,8,2025
2025-08-19,0.28064900636672974,0.29317501187324524,0.2953299880027771,0.27959999442100525,567728.0,-0.001778057554949919,0.0,0.027009437032216074,1,19,8,2025
2025-08-20,0.28067299723625183,0.28064900636672974,0.2808229923248291,0.2688100039958954,467213.0,0.026097963404069113,0.0,0.027009437032216074,2,20,8,2025
2025-08-21,0.2796269953250885,0.28067299723625183,0.2823520004749298,0.27318501472473145,543919.0,0.045440903362296114,0.0,0.027009437032216074,3,21,8,2025
2025-08-22,0.2963689863681793,0.2796269953250885,0.2982589900493622,0.2795499861240387,883997.0,-0.02597769438824077,0.0,0.027009437032216074,4,22,8,2025
2025-08-23,0.28829801082611084,0.29633599519729614,0.29666900634765625,0.2872210144996643,399129.0,-0.009124297733353937,0.0,0.027009437032216074,5,23,8,2025
2025-08-24,0.28904199600219727,0.28835201263427734,0.2893590033054352,0.2835879921913147,398690.0,0.012385757178326018,0.0,0.027009437032216074,6,24,8,2025
2025-08-25,0.2822929918766022,0.28904199600219727,0.2903609871864319,0.2818419933319092,609616.0,0.04397915326998081,0.0,0.027009437032216074,0,25,8,2025
2025-08-26,0.30295100808143616,0.2822999954223633,0.3034510016441345,0.2802720069885254,835749.0,-0.07402687305669486,0.0,0.027009437032216074,1,26,8,2025
2025-08-27,0.28646498918533325,0.30295100808143616,0.3046729862689972,0.28620898723602295,716913.0,-0.05552331055318416,0.0,0.027009437032216074,2,27,8,2025
2025-08-28,0.27458399534225464,0.2864699959754944,0.2864989936351776,0.2702670097351074,697758.0,-0.022708880763140205,0.0,0.027009437032216074,3,28,8,2025
2025-08-29,0.2665350139141083,0.27457600831985474,0.2761389911174774,0.26616498827934265,317238.0,0.002614936035174875,0.0,0.027009437032216074,4,29,8,2025
2025-08-30,0.2701619863510132,0.2665160000324249,0.27022600173950195,0.2653749883174896,249325.0,-0.0290566094349205,0.0,0.027009437032216074,5,30,8,2025
2025-08-31,0.26430198550224304,0.2701619863510132,0.27094900608062744,0.2637549936771393,318749.0,-0.017930196336405357,0.0,0.027009437032216074,6,31,8,2025
2025-09-01,0.2603220045566559,0.26430198550224304,0.2643049955368042,0.2599189877510071,257247.0,-0.06284718974575376,0.0,0.027009437032216074,0,1,9,2025
2025-09-02,0.25880399346351624,0.26035499572753906,0.2605949938297272,0.25532299280166626,301657.0,-0.12845046090975598,-1.0,0.486495281483892,1,2,9,2025
2025-09-03,0.22911900281906128,0.25880399346351624,0.261245995759964,0.22556999325752258,1276477.0,-0.03540520772876232,0.0,0.027009437032216074,2,3,9,2025
2025-09-04,0.22200199961662292,0.22911900281906128,0.23537899553775787,0.21609699726104736,712678.0,-0.023758814930721628,0.0,0.027009437032216074,3,4,9,2025
2025-09-05,0.22001199424266815,0.22200199961662292,0.223690003156662,0.2154420018196106,452150.0,-0.018267184250602198,0.0,0.027009437032216074,4,5,9,2025
2025-09-06,0.21344299614429474,0.22001400589942932,0.22044800221920013,0.21306100487709045,315747.0,0.04078842400441163,0.0,0.027009437032216074,5,6,9,2025
2025-09-07,0.21854299306869507,0.21344299614429474,0.21854400634765625,0.21239499747753143,283007.0,0.01316908052080662,0.0,0.027009437032216074,6,7,9,2025
2025-09-08,0.2257550060749054,0.21857799589633942,0.2279140055179596,0.2169180065393448,387098.0,-0.03225180034378511,0.0,0.027009437032216074,0,8,9,2025
2025-09-09,0.2170870006084442,0.22572599351406097,0.22789399325847626,0.21673299372196198,378730.0,0.02303915128446643,0.0,0.027009437032216074,1,9,9,2025
2025-09-10,0.2198610007762909,0.2170870006084442,0.22405800223350525,0.21604199707508087,405790.0,0.06043817998183887,0.0,0.027009437032216074,2,10,9,2025
2025-09-11,0.22431600093841553,0.21980099380016327,0.22521400451660156,0.2194889932870865,331770.0,0.08361416331729998,0.0,0.027009437032216074,3,11,9,2025
2025-09-12,0.24198199808597565,0.22432999312877655,0.2427320033311844,0.22421599924564362,671966.0,0.0016488868835825565,0.0,0.027009437032216074,4,12,9,2025
2025-09-13,0.24416199326515198,0.24197900295257568,0.24751700460910797,0.23925499618053436,1018340.0,-0.031661321878932225,0.0,0.027009437032216074,5,13,9,2025
2025-09-14,0.24060000479221344,0.24416300654411316,0.2466380000114441,0.23670099675655365,497289.0,-0.039372415870219446,0.0,0.027009437032216074,6,14,9,2025
2025-09-15,0.2322629988193512,0.24060000479221344,0.24126900732517242,0.22726699709892273,389023.0,-0.026513023174708272,0.0,0.027009437032216074,0,15,9,2025
2025-09-16,0.22999100387096405,0.23218299448490143,0.23337599635124207,0.22548100352287292,343206.0,-0.05211509200045222,0.0,0.027009437032216074,1,16,9,2025
2025-09-17,0.22221900522708893,0.22999900579452515,0.2300799936056137,0.22126099467277527,315783.0,-0.05602357427630439,0.0,0.027009437032216074,2,17,9,2025
2025-09-18,0.21379099786281586,0.22221900522708893,0.22432099282741547,0.2134220004081726,509472.0,-0.08478605443502113,0.0,0.027009437032216074,3,18,9,2025
2025-09-19,0.20574800670146942,0.21384499967098236,0.21501700580120087,0.20452700555324554,438091.0,-0.12847029317005992,-1.0,0.486495281483892,4,19,9,2025
2025-09-20,0.1855809986591339,0.2057500034570694,0.20615699887275696,0.1840829998254776,929047.0,-0.07493763113119906,0.0,0.027009437032216074,5,20,9,2025
2025-09-21,0.17305000126361847,0.1855809986591339,0.18695099651813507,0.16272400319576263,747240.0,-0.01816529464904082,0.0,0.027009437032216074,6,21,9,2025
2025-09-22,0.1702979952096939,0.17305000126361847,0.17479300498962402,0.16843000054359436,372525.0,-0.014506884321265123,0.0,0.027009437032216074,0,22,9,2025
2025-09-23,0.169514998793602,0.17028400301933289,0.17434999346733093,0.1691190004348755,281194.0,-0.06546911781239717,0.0,0.027009437032216074,1,23,9,2025
2025-09-24,0.16614000499248505,0.169514998793602,0.1814509928226471,0.1658409982919693,488993.0,-0.06728066014276735,0.0,0.027009437032216074,2,24,9,2025
2025-09-25,0.15069399774074554,0.16614000499248505,0.16954100131988525,0.14999200403690338,528895.0,0.05350244138601934,0.0,0.027009437032216074,3,25,9,2025
2025-09-26,0.15922999382019043,0.15067599713802338,0.15995800495147705,0.15049299597740173,501128.0,0.00815174872240998,0.0,0.027009437032216074,4,26,9,2025
2025-09-27,0.15828299522399902,0.15924499928951263,0.1630849987268448,0.15745100378990173,403663.0,0.03548076517539889,0.0,0.027009437032216074,5,27,9,2025
2025-09-28,0.162772998213768,0.15828000009059906,0.16281700134277344,0.153562992811203,367360.0,0.00430351560043285,0.0,0.027009437032216074,6,28,9,2025
2025-09-29,0.165024995803833,0.16277000308036804,0.1674710065126419,0.16211499273777008,484963.0,-0.012164819804526328,0.0,0.027009437032216074,0,29,9,2025
2025-09-30,0.16192199289798737,0.165024995803833,0.16530799865722656,0.15959900617599487,338477.0,0.0030014997605922744,0.0,0.027009437032216074,1,30,9,2025
2025-10-01,0.16411300003528595,0.16194599866867065,0.16623899340629578,0.15178300440311432,460490.0,-0.012866147052913668,0.0,0.027009437032216074,2,1,10,2025
2025-10-02,0.16070300340652466,0.16411300003528595,0.16458800435066223,0.15736399590969086,378377.0,0.012127899830461919,0.0,0.027009437032216074,3,2,10,2025
2025-10-03,0.16329999268054962,0.16070300340652466,0.16491900384426117,0.15806399285793304,328697.0,0.004378459581214411,0.0,0.027009437032216074,4,3,10,2025
2025-10-04,0.1620039939880371,0.16329999268054962,0.16567200422286987,0.1617240011692047,323446.0,0.10358079872669956,0.0,0.027009437032216074,5,4,10,2025
2025-10-05,0.16602599620819092,0.1620039939880371,0.1660269945859909,0.16124999523162842,306922.0,0.15033191178170602,1.0,0.486495281483892,6,5,10,2025
2025-10-06,0.19154299795627594,0.16602599620819092,0.20572799444198608,0.16602499783039093,963994.0,-0.004534187298456449,0.0,0.027009437032216074,0,6,10,2025
2025-10-07,0.1904270052909851,0.19154299795627594,0.19644300639629364,0.18153700232505798,669323.0,-0.029050522170941506,0.0,0.027009437032216074,1,7,10,2025
2025-10-08,0.19092200696468353,0.19042399525642395,0.19456599652767181,0.1877480000257492,414828.0,-0.1253025254361756,-1.0,0.486495281483892,2,8,10,2025
2025-10-09,0.17886799573898315,0.1909330040216446,0.19561700522899628,0.17832399904727936,585202.0,-0.13098764806773416,-1.0,0.486495281483892,3,9,10,2025
2025-10-10,0.15512999892234802,0.17886699736118317,0.18569600582122803,0.1551239937543869,664597.0,0.036575756743272625,0.0,0.027009437032216074,4,10,10,2025
2025-10-11,0.15574699640274048,0.15512700378894806,0.15785199403762817,0.1502929925918579,336292.0,0.07224858505603327,0.0,0.027009437032216074,5,11,10,2025
2025-10-12,0.16586099565029144,0.1557289958000183,0.16735400259494781,0.15398100018501282,429634.0,-0.00422038313165618,0.0,0.027009437032216074,6,12,10,2025
2025-10-13,0.16813799738883972,0.16586099565029144,0.16932600736618042,0.16455399990081787,348511.0,-0.05381294007648302,0.0,0.027009437032216074,0,13,10,2025
2025-10-14,0.1621840000152588,0.16813500225543976,0.17041000723838806,0.15726600587368011,578818.0,-0.054823537043053316,0.0,0.027009437032216074,1,14,10,2025
2025-10-15,0.15599599480628967,0.1621840000152588,0.16381199657917023,0.15504999458789825,428970.0,-0.05176089441358317,0.0,0.027009437032216074,2,15,10,2025
2025-10-16,0.1505890041589737,0.15599599480628967,0.1587509959936142,0.15017999708652496,371582.0,-0.03657972797358999,0.0,0.027009437032216074,3,16,10,2025
2025-10-17,0.1452540010213852,0.1505890041589737,0.15184900164604187,0.1412860006093979,315952.0,-0.011070257578326914,0.0,0.027009437032216074,4,17,10,2025
2025-10-18,0.14490699768066406,0.1452540010213852,0.147817000746727,0.14329500496387482,223482.0,-0.02016115100101351,0.0,0.027009437032216074,5,18,10,2025
2025-10-19,0.14238500595092773,0.14490699768066406,0.14493000507354736,0.13919499516487122,303338.0,-0.025192259873477507,0.0,0.027009437032216074,6,19,10,2025
2025-10-20,0.14158600568771362,0.1423960030078888,0.14666500687599182,0.14020299911499023,267932.0,-0.10004169264453977,0.0,0.027009437032216074,0,20,10,2025
2025-10-21,0.13601000607013702,0.14160999655723572,0.14354799687862396,0.1343899965286255,432674.0,-0.08818107676414855,0.0,0.027009437032216074,1,21,10,2025
2025-10-22,0.11883299797773361,0.13595299422740936,0.13659699261188507,0.1185080036520958,422924.0,0.11161463105885172,0.0,0.027009437032216074,2,22,10,2025
2025-10-23,0.12919999659061432,0.11883299797773361,0.12936900556087494,0.11000700294971466,469783.0,0.04268577290837339,0.0,0.027009437032216074,3,23,10,2025
2025-10-24,0.13499300181865692,0.12919999659061432,0.13529300689697266,0.12916000187397003,298893.0,0.031764575498549774,0.0,0.027009437032216074,4,24,10,2025
2025-10-25,0.13443699479103088,0.13499300181865692,0.13542599976062775,0.13376200199127197,197079.0,0.008699262706339306,0.0,0.027009437032216074,5,25,10,2025
2025-10-26,0.14412499964237213,0.13444900512695312,0.14542900025844574,0.13385100662708282,242731.0,-0.1331101734738135,-1.0,0.486495281483892,6,26,10,2025
2025-10-27,0.12708799540996552,0.14412499964237213,0.1444779932498932,0.12674400210380554,336285.0,-0.027197656955061655,0.0,0.027009437032216074,0,27,10,2025
2025-10-28,0.12279299646615982,0.12708799540996552,0.13700799643993378,0.12219499796628952,510916.0,0.0295009155089343,0.0,0.027009437032216074,1,28,10,2025
2025-10-29,0.12447000294923782,0.12279299646615982,0.13292400538921356,0.12272100150585175,539871.0,0.059359642755233866,0.0,0.027009437032216074,2,29,10,2025
2025-10-30,0.12836100161075592,0.12447000294923782,0.12946900725364685,0.12283699959516525,402347.0,0.019558085807776293,0.0,0.027009437032216074,3,30,10,2025
2025-10-31,0.13535599410533905,0.12836100161075592,0.1388310045003891,0.12829500436782837,319540.0,-0.053946585198116126,0.0,0.027009437032216074,4,31,10,2025
2025-11-01,0.12638700008392334,0.13535599410533905,0.1367190033197403,0.1250009983778,292483.0,-0.017533449709538906,0.0,0.027009437032216074,5,1,11,2025
2025-11-02,0.129721000790596,0.12638700008392334,0.13076399266719818,0.12608300149440765,276765.0,-0.06511669327266928,0.0,0.027009437032216074,6,2,11,2025
2025-11-03,0.11862099915742874,0.129721000790596,0.13026100397109985,0.11837399750947952,407961.0,0.01835256877989322,0.0,0.027009437032216074,0,3,11,2025
2025-11-04,0.12392699718475342,0.11862099915742874,0.12404700368642807,0.11602800339460373,371078.0,-0.027056218887526184,0.0,0.027009437032216074,1,4,11,2025
2025-11-05,0.1176690012216568,0.12392699718475342,0.12668800354003906,0.11722300201654434,455704.0,0.07873358810014353,0.0,0.027009437032216074,2,5,11,2025
2025-11-06,0.12347900122404099,0.11780200153589249,0.12402500212192535,0.11759699881076813,298667.0,0.051421731072050614,0.0,0.027009437032216074,3,6,11,2025
2025-11-07,0.13038800656795502,0.12347900122404099,0.13064099848270416,0.11843699961900711,407783.0,-0.00542999575666403,0.0,0.027009437032216074,4,7,11,2025
2025-11-08,0.12926900386810303,0.13038800656795502,0.13674800097942352,0.12674400210380554,366319.0,0.011332900523521539,0.0,0.027009437032216074,5,8,11,2025
2025-11-09,0.13009099662303925,0.12926900386810303,0.13066299259662628,0.12818199396133423,203377.0,-0.0008032980464840467,0.0,0.027009437032216074,6,9,11,2025
2025-11-10,0.13137699663639069,0.13009099662303925,0.13540500402450562,0.13005000352859497,297488.0,0.016951223952287098,0.0,0.027009437032216074,0,10,11,2025
2025-11-11,0.1285959929227829,0.13143600523471832,0.1330309957265854,0.12844599783420563,262364.0,0.01411792863697281,0.0,0.027009437032216074,1,11,11,2025
2025-11-12,0.13861200213432312,0.1285959929227829,0.13872000575065613,0.12853500247001648,307784.0,-0.15123511437317233,-1.0,0.486495281483892,2,12,11,2025
2025-11-13,0.12221100181341171,0.13861200213432312,0.1400739997625351,0.1216370016336441,448415.0,-0.06801761617149865,0.0,0.027009437032216074,3,13,11,2025
2025-11-14,0.113086998462677,0.12221100181341171,0.1223670020699501,0.1129859983921051,312319.0,0.0019321688623480382,0.0,0.027009437032216074,4,14,11,2025
2025-11-15,0.1147100031375885,0.11309099942445755,0.11549200117588043,0.11279600113630295,193298.0,-0.038684529266991785,0.0,0.027009437032216074,5,15,11,2025
2025-11-16,0.11190100014209747,0.11471100151538849,0.11651100218296051,0.11125099658966064,225248.0,-0.0223233112933946,0.0,0.027009437032216074,6,16,11,2025
2025-11-17,0.10864400118589401,0.11194299906492233,0.11234000325202942,0.10864300280809402,195320.0,0.01572104446106004,0.0,0.027009437032216074,0,17,11,2025
2025-11-18,0.11016199737787247,0.10864400118589401,0.11193999648094177,0.10552199929952621,293508.0,-0.02111432991338319,0.0,0.027009437032216074,1,18,11,2025
2025-11-19,0.11054199934005737,0.11016199737787247,0.11206299811601639,0.10632699728012085,360137.0,-0.031472202436445385,0.0,0.027009437032216074,2,19,11,2025
2025-11-20,0.10513000190258026,0.11054400354623795,0.11601199954748154,0.10147099941968918,377963.0,0.05270614182112232,0.0,0.027009437032216074,3,20,11,2025
2025-11-21,0.10899599641561508,0.10513000190258026,0.11041799932718277,0.10392799973487854,279748.0,0.03831338634832604,0.0,0.027009437032216074,4,21,11,2025
2025-11-22,0.11234600096940994,0.10898599773645401,0.11235000193119049,0.10829299688339233,198919.0,0.028523508960413002,0.0,0.027009437032216074,5,22,11,2025
2025-11-23,0.11399800330400467,0.11234600096940994,0.11488699913024902,0.11226200312376022,182837.0,0.07468550319717204,0.0,0.027009437032216074,6,23,11,2025
2025-11-24,0.11710300296545029,0.11399800330400467,0.11745599657297134,0.11323200166225433,211623.0,0.15572612062670554,1.0,0.486495281483892,0,24,11,2025
2025-11-25,0.127921000123024,0.11710300296545029,0.13477300107479095,0.11700999736785889,408778.0,0.08017448154161044,0.0,0.027009437032216074,1,25,11,2025
2025-11-26,0.14275699853897095,0.127921000123024,0.14275899529457092,0.1268240064382553,354528.0,-0.07329237411093226,0.0,0.027009437032216074,2,26,11,2025
2025-11-27,0.1335970014333725,0.14275699853897095,0.1436470001935959,0.13309399783611298,273268.0,-0.0076424261196449406,0.0,0.027009437032216074,3,27,11,2025
2025-11-28,0.13099099695682526,0.1335970014333725,0.13401800394058228,0.12730300426483154,243773.0,0.05027826702827787,0.0,0.027009437032216074,4,28,11,2025
2025-11-29,0.13416099548339844,0.13099099695682526,0.13417500257492065,0.12998199462890625,195084.0,0.005750610436599857,0.0,0.027009437032216074,5,29,11,2025
2025-11-30,0.14099299907684326,0.13416099548339844,0.1424109935760498,0.13039900362491608,299847.0,-0.05508070277788346,0.0,0.027009437032216074,6,30,11,2025
2025-12-01,0.12887200713157654,0.14099299907684326,0.14111900329589844,0.1244179978966713,432674.0,0.04432688200688817,0.0,0.027009437032216074,0,1,12,2025
2025-12-02,0.13758200407028198,0.12887200713157654,0.13840700685977936,0.12746599316596985,476929.0,-0.01765493277787472,0.0,0.027009437032216074,1,2,12,2025
2025-12-03,0.13158699870109558,0.13764099776744843,0.14073799550533295,0.13028700649738312,373727.0,0.02543186495586852,0.0,0.027009437032216074,2,3,12,2025
2025-12-04,0.13871900737285614,0.13158699870109558,0.14081400632858276,0.12925100326538086,345697.0,-0.06939573704719221,0.0,0.027009437032216074,3,4,12,2025
2025-12-05,0.13114799559116364,0.13871900737285614,0.13969799876213074,0.12845000624656677,301467.0,-0.012207549590152189,0.0,0.027009437032216074,4,5,12,2025
2025-12-06,0.12703700363636017,0.13114799559116364,0.13388000428676605,0.12703700363636017,244850.0,0.038665871231177595,0.0,0.027009437032216074,5,6,12,2025
2025-12-07,0.13205699622631073,0.12703700363636017,0.1323069930076599,0.12689700722694397,257382.0,-0.011896319139897027,0.0,0.027009437032216074,6,7,12,2025
2025-12-08,0.1318410038948059,0.13205699622631073,0.13269799947738647,0.12869900465011597,297496.0,-0.023486612339930157,0.0,0.027009437032216074,0,8,12,2025
2025-12-09,0.1291310042142868,0.1318420022726059,0.1319500058889389,0.1261810064315796,268974.0,-0.01043517445231762,0.0,0.027009437032216074,1,9,12,2025
2025-12-10,0.12835800647735596,0.12923100590705872,0.13074399530887604,0.1268949955701828,239324.0,-0.01334165703114476,0.0,0.027009437032216074,2,10,12,2025
2025-12-11,0.12720899283885956,0.12835800647735596,0.12844200432300568,0.12273599952459335,246171.0,-0.003498128291099356,0.0,0.027009437032216074,3,11,12,2025
2025-12-12,0.12608200311660767,0.12720899283885956,0.12868399918079376,0.12540499866008759,236825.0,-0.0030139566161854203,0.0,0.027009437032216074,4,12,12,2025
2025-12-13,0.1274459958076477,0.12608200311660767,0.12869200110435486,0.12440399825572968,184583.0,-0.04318298101804846,0.0,0.027009437032216074,5,13,12,2025
2025-12-14,0.12395799905061722,0.12751999497413635,0.1291400045156479,0.12388300150632858,224073.0,-0.06157328677306456,0.0,0.027009437032216074,6,14,12,2025
2025-12-15,0.11992699652910233,0.12395799905061722,0.12512099742889404,0.11838000267744064,228673.0,-0.05710553629961218,0.0,0.027009437032216074,0,15,12,2025
2025-12-16,0.11272399872541428,0.11992699652910233,0.12000799924135208,0.11198099702596664,323941.0,-0.013794718008634577,0.0,0.027009437032216074,1,16,12,2025
2025-12-17,0.11343300342559814,0.11272399872541428,0.11492200195789337,0.11095999926328659,215989.0,-0.058316376261763725,0.0,0.027009437032216074,2,17,12,2025
2025-12-18,0.10890500247478485,0.11343300342559814,0.1136619970202446,0.10629499703645706,254688.0,-0.015564054193950627,0.0,0.027009437032216074,3,18,12,2025
2025-12-19,0.1047310009598732,0.10890500247478485,0.11217500269412994,0.10348600149154663,337688.0,0.06679012093614478,0.0,0.027009437032216074,4,19,12,2025
2025-12-20,0.10968899726867676,0.1047310009598732,0.11200699955224991,0.10391899943351746,418420.0,0.030686769267218583,0.0,0.027009437032216074,5,20,12,2025
2025-12-21,0.1137629970908165,0.10968899726867676,0.11778800189495087,0.10955899953842163,354143.0,0.0018943270130593048,0.0,0.027009437032216074,6,21,12,2025
2025-12-22,0.11234699934720993,0.1137629970908165,0.11697600036859512,0.1122720018029213,301782.0,0.03926229257603264,0.0,0.027009437032216074,0,22,12,2025
2025-12-23,0.11561000347137451,0.11234699934720993,0.1165819987654686,0.10975299775600433,343371.0,0.006335925601691883,0.0,0.027009437032216074,1,23,12,2025
2025-12-24,0.11790599673986435,0.11561000347137451,0.11793400347232819,0.11329100281000137,194008.0,-0.0407697277895997,0.0,0.027009437032216074,2,24,12,2025
2025-12-25,0.11477900296449661,0.11790599673986435,0.1187250018119812,0.11474499851465225,227279.0,-0.041867427197659624,0.0,0.027009437032216074,3,25,12,2025
2025-12-26,0.11141899973154068,0.11477900296449661,0.11931700259447098,0.10986600071191788,305775.0,-0.00436189203114401,0.0,0.027009437032216074,4,26,12,2025
2025-12-27,0.1085280030965805,0.11141499876976013,0.11143500357866287,0.10823900252580643,167637.0,0.020773415114336613,0.0,0.027009437032216074,5,27,12,2025
2025-12-28,0.11333800107240677,0.1085290014743805,0.11348000168800354,0.1082649976015091,208209.0,-0.03620586526307018,0.0,0.027009437032216074,6,28,12,2025
2025-12-29,0.10822699964046478,0.11333800107240677,0.11712200194597244,0.1078990027308464,269782.0,-0.012353657053960243,0.0,0.027009437032216074,0,29,12,2025
2025-12-30,0.11024200171232224,0.10822699964046478,0.11062099784612656,0.10691100358963013,208798.0,-0.06800041847929411,0.0,0.027009437032216074,1,30,12,2025
2025-12-31,0.10353799909353256,0.11024200171232224,0.1105860024690628,0.10227199643850327,311879.0,-0.018003027351585488,0.0,0.027009437032216074,2,31,12,2025
2026-01-01,0.10195299983024597,0.10353799909353256,0.10402200371026993,0.10012300312519073,206465.0,-0.0069198474119220865,0.0,0.027009437032216074,3,1,1,2026
2026-01-02,0.10139500349760056,0.10190899670124054,0.10215099900960922,0.09915699809789658,207318.0,0.008678884506415463,0.0,0.027009437032216074,4,2,1,2026
2026-01-03,0.10109999775886536,0.10139500349760056,0.10189700126647949,0.09837500005960464,220791.0,0.05019288971401259,0.0,0.027009437032216074,5,3,1,2026
2026-01-04,0.1034500002861023,0.10101400315761566,0.10348699986934662,0.1003279983997345,208046.0,0.06266309173238349,0.0,0.027009437032216074,6,4,1,2026
2026-01-05,0.10889899730682373,0.1034500002861023,0.11155399680137634,0.10285799950361252,341297.0,0.019476776962729536,0.0,0.027009437032216074,0,5,1,2026
2026-01-06,0.11096599698066711,0.10889899730682373,0.11403200030326843,0.10675299912691116,441420.0,0.04073772204497983,0.0,0.027009437032216074,1,6,1,2026
2026-01-07,0.11107400059700012,0.11089199781417847,0.11419399827718735,0.10839100182056427,269621.0,0.025046350641597492,0.0,0.027009437032216074,2,7,1,2026
2026-01-08,0.11989899724721909,0.11107400059700012,0.12172400206327438,0.11107400059700012,345588.0,-0.07520911357172205,0.0,0.027009437032216074,3,8,1,2026
2026-01-09,0.10781300067901611,0.11990000307559967,0.12133800238370895,0.10758200287818909,316519.0,0.052428727688271004,0.0,0.027009437032216074,4,9,1,2026
2026-01-10,0.11394999921321869,0.10781300067901611,0.11405300348997116,0.10761500149965286,235317.0,-0.00676172068855263,0.0,0.027009437032216074,5,10,1,2026
2026-01-11,0.11298099905252457,0.11392799764871597,0.11400499939918518,0.11213599890470505,158175.0,0.026517745618536148,0.0,0.027009437032216074,6,11,1,2026
2026-01-12,0.11337800323963165,0.11298300325870514,0.1137320026755333,0.10909099876880646,310242.0,0.04267139232893424,0.0,0.027009437032216074,0,12,1,2026
2026-01-13,0.11857599765062332,0.11338599771261215,0.11888299882411957,0.1037369966506958,528277.0,-0.05914768714120722,0.0,0.027009437032216074,1,13,1,2026
2026-01-14,0.11785600334405899,0.11862999945878983,0.12229800224304199,0.10755299776792526,539541.0,-0.09403004039924484,0.0,0.027009437032216074,2,14,1,2026
2026-01-15,0.10526899993419647,0.11785600334405899,0.11884000152349472,0.10505399852991104,359803.0,0.028707408595929795,0.0,0.027009437032216074,3,15,1,2026
2026-01-16,0.10827899724245071,0.10526899993419647,0.10829699784517288,0.10406800359487534,227543.0,-0.015229140159393584,0.0,0.027009437032216074,4,16,1,2026
2026-01-17,0.108303003013134,0.10827899724245071,0.10878299921751022,0.10790900141000748,167541.0,-0.05157292667545532,0.0,0.027009437032216074,5,17,1,2026
2026-01-18,0.10495699942111969,0.10829299688339233,0.10835999995470047,0.1023780032992363,309255.0,-0.01848376776183014,0.0,0.027009437032216074,6,18,1,2026
2026-01-19,0.10047800093889236,0.10500100255012512,0.10544399917125702,0.10023800283670425,263019.0,0.06696487131142392,0.0,0.027009437032216074,0,19,1,2026
2026-01-20,0.10555599629878998,0.10047800093889236,0.10684199631214142,0.10020799934864044,289725.0,0.024745180619906715,0.0,0.027009437032216074,1,20,1,2026
2026-01-21,0.10885699838399887,0.10557200014591217,0.11377999931573868,0.10503000020980835,306680.0,0.005603694702844331,0.0,0.027009437032216074,2,21,1,2026
2026-01-22,0.10747899860143661,0.10885799676179886,0.11232399940490723,0.10468199849128723,238232.0,0.03506734249358456,0.0,0.027009437032216074,3,22,1,2026
2026-01-23,0.11145500093698502,0.10747899860143661,0.1128000020980835,0.10520999878644943,258097.0,-0.022385700554112486,0.0,0.027009437032216074,4,23,1,2026
2026-01-24,0.11104100197553635,0.11145500093698502,0.11216100305318832,0.10792499780654907,192019.0,-0.03277169094782084,0.0,0.027009437032216074,5,24,1,2026
2026-01-25,0.10687900334596634,0.11104100197553635,0.11260700225830078,0.10556299984455109,201206.0,-0.007868738339624537,0.0,0.027009437032216074,6,25,1,2026
2026-01-26,0.10792499780654907,0.10687900334596634,0.11240500211715698,0.103582002222538,291844.0,-0.02313176644588416,0.0,0.027009437032216074,0,26,1,2026
2026-01-27,0.10415100306272507,0.10802099853754044,0.11093199998140335,0.1028209999203682,218864.0,-0.01946696706202644,0.0,0.027009437032216074,1,27,1,2026
2026-01-28,0.10670600086450577,0.10415100306272507,0.10968899726867676,0.10380999743938446,230391.0,-0.037041058350266165,0.0,0.027009437032216074,2,28,1,2026
2026-01-29,0.09754099696874619,0.10670799762010574,0.10686899721622467,0.0925929993391037,287976.0,0.06133321865534824,0.0,0.027009437032216074,3,29,1,2026
2026-01-30,0.10796599835157394,0.09754099696874619,0.11054299771785736,0.09754099696874619,224706.0,-0.07798749716288461,0.0,0.027009437032216074,4,30,1,2026
2026-01-31,0.09908100217580795,0.1081169992685318,0.10870900005102158,0.09336499869823456,225949.0,0.009386222896888397,0.0,0.027009437032216074,5,31,1,2026
2026-02-01,0.10001099854707718,0.09908399730920792,0.10238999873399734,0.09907999634742737,189480.0,0.0018498129625696969,0.0,0.027009437032216074,6,1,2,2026
2026-02-02,0.10001099854707718,0.09908399730920792,0.10238999873399734,0.09907999634742737,189480.0,-0.005504367832258716,0.0,0.027009437032216074,0,2,2,2026
2026-02-03,0.10038100183010101,0.10529500246047974,0.10578799992799759,0.09432300180196762,284936.0,-0.053899640092600676,0.0,0.027009437032216074,1,3,2,2026
2026-02-04,0.09854000061750412,0.10038100183010101,0.1033879965543747,0.0978429988026619,232484.0,-0.03316926026864886,0.0,0.027009437032216074,2,4,2,2026
2026-02-05,0.09140100330114365,0.09854000061750412,0.1020359992980957,0.09009800106287003,315134.0,0.03915709914747223,0.0,0.027009437032216074,3,5,2,2026
2026-02-06,0.09914200007915497,0.09140100330114365,0.09926699846982956,0.08998599648475647,232741.0,-0.07652153282570606,0.0,0.027009437032216074,4,6,2,2026
2026-02-07,0.09081800282001495,0.09914200007915497,0.09988600015640259,0.08581999689340591,261437.0,-0.03895704836978664,0.0,0.027009437032216074,5,7,2,2026
2026-02-08,0.09229300171136856,0.09081599861383438,0.09294600039720535,0.08805599808692932,199309.0,-0.12406141197028553,-1.0,0.486495281483892,6,8,2,2026
2026-02-09,0.08226700127124786,0.09229300171136856,0.09335999935865402,0.07766599953174591,319507.0,-0.02982360490106134,0.0,0.027009437032216074,0,9,2,2026
2026-02-10,0.07941900193691254,0.08226700127124786,0.08287200331687927,0.0771849974989891,276390.0,-0.03134011380337309,0.0,0.027009437032216074,1,10,2,2026
2026-02-11,0.08020800352096558,0.07941900193691254,0.0808510035276413,0.07708299905061722,337320.0,-0.06510577096711145,0.0,0.027009437032216074,2,11,2,2026
2026-02-12,0.0736519992351532,0.08020800352096558,0.08107399940490723,0.07160399854183197,296182.0,0.04566070339664419,0.0,0.027009437032216074,3,12,2,2026
2026-02-13,0.07631999999284744,0.0736519992351532,0.07732100039720535,0.07326799631118774,229172.0,0.02365041938314616,0.0,0.027009437032216074,4,13,2,2026
2026-02-14,0.07771000266075134,0.07631999999284744,0.07970999926328659,0.07622700184583664,189299.0,0.013563200978709555,0.0,0.027009437032216074,5,14,2,2026
2026-02-15,0.07853999733924866,0.07771000266075134,0.07978100329637527,0.0771080031991005,179174.0,0.0038770246246724316,0.0,0.027009437032216074,6,15,2,2026
2026-02-16,0.07898800075054169,0.07853999733924866,0.08009099960327148,0.07752999663352966,169635.0,-0.0008355822098383148,0.0,0.027009437032216074,0,16,2,2026
2026-02-17,0.07870099693536758,0.07898800075054169,0.07902199774980545,0.07696100324392319,179336.0,0.009174038340561852,0.0,0.027009437032216074,1,17,2,2026
2026-02-18,0.07914300262928009,0.07870099693536758,0.07946400344371796,0.07779599726200104,168765.0,0.006740947473799275,0.0,0.027009437032216074,2,18,2,2026
2026-02-19,0.07970300316810608,0.07914300262928009,0.07981099933385849,0.0784199982881546,158205.0,-0.00030745340337556826,0.0,0.027009437032216074,3,19,2,2026
2026-02-20,0.07964999973773956,0.07970300316810608,0.08097200095653534,0.07874000072479248,192314.0,-0.0070747308670679465,0.0,0.027009437032216074,4,20,2,2026
2026-02-21,0.07970699667930603,0.07964999973773956,0.0807109996676445,0.07887999713420868,173691.0,-0.017150301193895157,0.0,0.027009437032216074,5,21,2,2026
2026-02-22,0.07846599817276001,0.07970699667930603,0.07999199628829956,0.07773300260305405,170761.0,-0.0065951968223414426,0.0,0.027009437032216074,6,22,2,2026
2026-02-23,0.07821399718523026,0.07846599817276001,0.07865700125694275,0.07640799880027771,178698.0,-0.003368926827339913,0.0,0.027009437032216074,0,23,2,2026
2026-02-24,0.07768300175666809,0.07821399718523026,0.07927200198173523,0.07710900157690048,187465.0,0.009551585987771838,0.0,0.027009437032216074,1,24,2,2026
2026-02-25,0.0782179981470108,0.07768300175666809,0.07911299914121628,0.07702700048685074,216332.0,0.004397974441815999,0.0,0.027009437032216074,2,25,2,2026
2026-02-26,0.07863199710845947,0.0782179981470108,0.0786760002374649,0.07778599858283997,183823.0,-0.005284064292244095,0.0,0.027009437032216074,3,26,2,2026
2026-02-27,0.07849200069904327,0.07863199710845947,0.07872000336647034,0.07750199735164642,175021.0,-0.005382715055636367,0.0,0.027009437032216074,4,27,2,2026
2026-02-28,0.07794100046157837,0.07849200069904327,0.07849299907684326,0.07722199708223343,169049.0,0.009115850930651037,0.0,0.027009437032216074,5,28,2,2026
2026-03-01,0.07819800078868866,0.07794100046157837,0.0794840008020401,0.07790599763393402,167550.0,0.008945212822415005,0.0,0.027009437032216074,6,1,3,2026
2026-03-02,0.07910499721765518,0.07819800078868866,0.0799349993467331,0.0781169980764389,176745.0,-0.006466054953932265,0.0,0.027009437032216074,0,2,3,2026
2026-03-03,0.07868999987840652,0.07910499721765518,0.07929299771785736,0.07791999727487564,192773.0,-0.003399392496946263,0.0,0.027009437032216074,1,3,3,2026
2026-03-04,0.07849700003862381,0.07868999987840652,0.07945200055837631,0.07832200080156326,197527.0,-0.018866919856878883,0.0,0.027009437032216074,2,4,3,2026
2026-03-05,0.07834800332784653,0.07849700003862381,0.07870099693536758,0.07794900238513947,166780.0,-0.04044137470376408,0.0,0.027009437032216074,3,5,3,2026
2026-03-06,0.07568400353193283,0.07832600176334381,0.07869900017976761,0.07525099813938141,187491.0,-0.016456613344870863,0.0,0.027009437032216074,4,6,3,2026
2026-03-07,0.07467500120401382,0.07568400353193283,0.0760049968957901,0.07450500130653381,155356.0,-0.020964192415443783,0.0,0.027009437032216074,5,7,3,2026
2026-03-08,0.07420200109481812,0.07467500120401382,0.07469400018453598,0.07294599711894989,161608.0,-0.026677178864538076,0.0,0.027009437032216074,6,8,3,2026
2026-03-09,0.07201699912548065,0.07420200109481812,0.07474400103092194,0.07193700224161148,187890.0,0.014524375131776845,0.0,0.027009437032216074,0,9,3,2026
2026-03-10,0.07242800295352936,0.07195500284433365,0.07304400205612183,0.07161200046539307,196350.0,0.01355826004446814,0.0,0.027009437032216074,1,10,3,2026
2026-03-11,0.0736979991197586,0.07242400199174881,0.07401899993419647,0.0723389983177185,168631.0,-0.006960820609209162,0.0,0.027009437032216074,2,11,3,2026
2026-03-12,0.07312200218439102,0.0736979991197586,0.07387000322341919,0.07258699834346771,182264.0,-0.006837901019423831,0.0,0.027009437032216074,3,12,3,2026
2026-03-13,0.0732479989528656,0.07312300056219101,0.07467299699783325,0.07302200049161911,181930.0,-0.019686497449950047,0.0,0.027009437032216074,4,13,3,2026
2026-03-14,0.07199600338935852,0.0732479989528656,0.07368600368499756,0.07151900231838226,200115.0,-0.04329410522873517,0.0,0.027009437032216074,5,14,3,2026
2026-03-15,0.07161600142717361,0.07199600338935852,0.07240699976682663,0.07113000005483627,179582.0,-0.1260193492872605,-1.0,0.486495281483892,6,15,3,2026
2026-03-16,0.0661420002579689,0.07161600142717361,0.07202199846506119,0.06584399938583374,249077.0,-0.07926886827255952,0.0,0.027009437032216074,0,16,3,2026
2026-03-17,0.059039998799562454,0.0661420002579689,0.06629399955272675,0.05423999950289726,358142.0,0.04328422709910229,0.0,0.027009437032216074,1,17,3,2026
2026-03-18,0.06275799870491028,0.059039998799562454,0.0694580003619194,0.05902500078082085,257410.0,-0.05373813579484177,0.0,0.027009437032216074,2,18,3,2026
2026-03-19,0.060433000326156616,0.06275799870491028,0.0644029974937439,0.06002100184559822,164502.0,-0.020386213843115286,0.0,0.027009437032216074,3,19,3,2026
2026-03-20,0.05833800137042999,0.060433000326156616,0.06178300082683563,0.057913001626729965,198125.0,-0.032011742282305744,0.0,0.027009437032216074,4,20,3,2026
2026-03-21,0.06006399914622307,0.058389000594615936,0.06095900014042854,0.05561099946498871,192690.0,-0.10233248055129135,-1.0,0.486495281483892,5,21,3,2026
2026-03-22,0.05287700146436691,0.06006399914622307,0.060079000890254974,0.04955200105905533,267812.0,0.0591277535634267,0.0,0.027009437032216074,6,22,3,2026
2026-03-23,0.054958000779151917,0.05283699929714203,0.05793999880552292,0.05126500129699707,219579.0,-0.01645803107178656,0.0,0.027009437032216074,0,23,3,2026
2026-03-24,0.05704899877309799,0.054958000779151917,0.05816299840807915,0.052129000425338745,182157.0,-0.08470786224398708,0.0,0.027009437032216074,1,24,3,2026
2026-03-25,0.051058001816272736,0.05704899877309799,0.05818000063300133,0.051058001816272736,192654.0,0.053458767535852436,0.0,0.027009437032216074,2,25,3,2026
2026-03-26,0.0533749982714653,0.051058001816272736,0.054395999759435654,0.05077100172638893,192578.0,0.03324595738812153,0.0,0.027009437032216074,3,26,3,2026
2026-03-27,0.05420000106096268,0.05342800170183182,0.054427001625299454,0.05143500119447708,180132.0,0.04166974243673305,0.0,0.027009437032216074,4,27,3,2026
2026-03-28,0.056099001318216324,0.05420000106096268,0.056366998702287674,0.0534680001437664,150195.0,0.02444783541175255,0.0,0.027009437032216074,5,28,3,2026
2026-03-29,0.056818000972270966,0.056099001318216324,0.060575999319553375,0.05456199869513512,184418.0,0.02707765674274376,0.0,0.027009437032216074,6,29,3,2026
2026-03-30,0.05812299996614456,0.056818000972270966,0.06056699901819229,0.05512800067663193,284349.0,0.013153114731865423,0.0,0.027009437032216074,0,30,3,2026
2026-03-31,0.05858999863266945,0.05812299996614456,0.06063700094819069,0.05631300061941147,224129.0,-0.06700801703600279,0.0,0.027009437032216074,1,31,3,2026
2026-04-01,0.05918499827384949,0.05858999863266945,0.05987999960780144,0.05503999814391136,204131.0,-0.1693165418629864,-1.0,0.486495281483892,2,1,4,2026
2026-04-02,0.05014299973845482,0.05918800085783005,0.059438999742269516,0.04850799962878227,233532.0,-0.051452846879446235,0.0,0.027009437032216074,3,2,4,2026
2026-04-03,0.04818499833345413,0.05014299973845482,0.050553999841213226,0.04329799860715866,185790.0,-0.0161253237643455,0.0,0.027009437032216074,4,3,4,2026
2026-04-04,0.04694100096821785,0.04818499833345413,0.05075399950146675,0.04693099856376648,158052.0,0.08464879015166626,0.0,0.027009437032216074,5,4,4,2026
2026-04-05,0.047874998301267624,0.04694100096821785,0.049017999321222305,0.04568300023674965,153391.0,0.10625594344312694,0.0,0.027009437032216074,6,5,4,2026
2026-04-06,0.053954001516103745,0.047874998301267624,0.05463400110602379,0.047821998596191406,194086.0,-0.04331469767627483,0.0,0.027009437032216074,0,6,4,2026
2026-04-07,0.05197000131011009,0.05395299941301346,0.05396300181746483,0.04861599951982498,157900.0,-0.01748126656426241,0.0,0.027009437032216074,1,7,4,2026
2026-04-08,0.051263999193906784,0.05194399878382683,0.05440099909901619,0.05006999894976616,160940.0,-0.04485601597258937,0.0,0.027009437032216074,2,8,4,2026
2026-04-09,0.0508590005338192,0.051263999193906784,0.053700000047683716,0.048951998353004456,255451.0,-0.06361706427438657,0.0,0.027009437032216074,3,9,4,2026
2026-04-10,0.04707000032067299,0.0508590005338192,0.05252800136804581,0.04512999951839447,280453.0,-0.020469508455585816,0.0,0.027009437032216074,4,10,4,2026
2026-04-11,0.048177000135183334,0.04707000032067299,0.04884599894285202,0.04697699844837189,188026.0,-0.08404424077018868,0.0,0.027009437032216074,5,11,4,2026
2026-04-12,0.04403600096702576,0.04817600175738335,0.048579998314380646,0.04373599961400032,189669.0,0.0029066924606948596,0.0,0.027009437032216074,6,12,4,2026
2026-04-13,0.04422000050544739,0.04403100162744522,0.045917000621557236,0.04348599910736084,217086.0,-0.004884662587437305,0.0,0.027009437032216074,0,13,4,2026
2026-04-14,0.04410799965262413,0.04422000050544739,0.04495399817824364,0.043588001281023026,177394.0,0.0011336004076299422,0.0,0.027009437032216074,1,14,4,2026
2026-04-15,0.04390000179409981,0.04410799965262413,0.04483199864625931,0.04265199974179268,226613.0,0.09366737164317629,0.0,0.027009437032216074,2,15,4,2026
2026-04-16,0.044415999203920364,0.04390000179409981,0.045951999723911285,0.04251899942755699,182280.0,0.10760764077049167,0.0,0.027009437032216074,3,16,4,2026
2026-04-17,0.051607999950647354,0.044415999203920364,0.05170299857854843,0.043981000781059265,228157.0,-0.07219810823567935,0.0,0.027009437032216074,4,17,4,2026
2026-04-18,0.046783000230789185,0.051656000316143036,0.052581001073122025,0.04616200178861618,210548.0,0.0789923505058362,0.0,0.027009437032216074,5,18,4,2026
2026-04-19,0.04898099973797798,0.046783000230789185,0.05096599832177162,0.04667200148105621,165890.0,0.03213491664319712,0.0,0.027009437032216074,6,19,4,2026
2026-04-20,0.051975999027490616,0.04898099973797798,0.05209999904036522,0.048082999885082245,170442.0,-0.018999117056871517,0.0,0.027009437032216074,0,20,4,2026
2026-04-21,0.04913400113582611,0.051975999027490616,0.05245500057935715,0.04812699928879738,189189.0,0.07292300702963339,0.0,0.027009437032216074,1,21,4,2026
2026-04-22,0.05284300073981285,0.04913400113582611,0.05325999855995178,0.047874998301267624,187607.0,-0.013341407627176283,0.0,0.027009437032216074,2,22,4,2026
2026-04-23,0.052590999752283096,0.05284300073981285,0.05540100112557411,0.05110400170087814,256054.0,-0.006883297494299445,0.0,0.027009437032216074,3,23,4,2026
2026-04-24,0.05168500170111656,0.052590999752283096,0.053971998393535614,0.05140699818730354,172915.0,0.025645687532448114,0.0,0.027009437032216074,4,24,4,2026
2026-04-25,0.05277299880981445,0.05168500170111656,0.05291200056672096,0.05149200186133385,170049.0,-0.005021479380698024,0.0,0.027009437032216074,5,25,4,2026
2026-04-26,0.053247999399900436,0.05277299880981445,0.05398799851536751,0.05240900069475174,168814.0,-0.008300748353237353,0.0,0.027009437032216074,6,26,4,2026
2026-04-27,0.05176800116896629,0.053247999399900436,0.053856998682022095,0.051562000066041946,171806.0,0.08797903797445761,0.0,0.027009437032216074,0,27,4,2026
2026-04-28,0.05384400114417076,0.05176800116896629,0.054023999720811844,0.05128699913620949,187438.0,0.05248491400677713,0.0,0.027009437032216074,1,28,4,2026
2026-04-29,0.05880099907517433,0.05384400114417076,0.05964399874210358,0.053693000227212906,193543.0,-0.06215031252943992,0.0,0.027009437032216074,2,29,4,2026
2026-04-30,0.05453899875283241,0.05880099907517433,0.05893100053071976,0.054450999945402145,192449.0,0.024587913786156324,0.0,0.027009437032216074,3,30,4,2026
2026-05-01,0.05575399845838547,0.05453899875283241,0.056127000600099564,0.05423099920153618,170126.0,0.000762310115692888,0.0,0.027009437032216074,4,1,5,2026
2026-05-02,0.05600599944591522,0.05575399845838547,0.05663599818944931,0.05414799973368645,159922.0,-0.0004909872265497217,0.0,0.027009437032216074,5,2,5,2026
2026-05-03,0.05558700114488602,0.05600599944591522,0.05601999908685684,0.05502000078558922,159693.0,0.02668789417058126,0.0,0.027009437032216074,6,3,5,2026
2026-05-04,0.056370001286268234,0.05558700114488602,0.05919000133872032,0.05500900000333786,206673.0,0.00812485993814177,0.0,0.027009437032216074,0,4,5,2026
2026-05-05,0.057771001011133194,0.056370001286268234,0.05810699984431267,0.055656999349594116,197088.0,-0.05957143460526443,0.0,0.027009437032216074,1,5,5,2026
2026-05-06,0.05588499829173088,0.057771001011133194,0.05857900157570839,0.05460600182414055,195895.0,-0.04635408490409132,0.0,0.027009437032216074,2,6,5,2026
2026-05-07,0.05277400091290474,0.05588499829173088,0.05608699843287468,0.052531998604536057,184517.0,-0.008062697310885936,0.0,0.027009437032216074,3,7,5,2026
2026-05-08,0.053814999759197235,0.05277400091290474,0.05418099835515022,0.0525129996240139,197803.0,-0.04413266256186721,0.0,0.027009437032216074,4,8,5,2026
2026-05-09,0.0508820004761219,0.053814999759197235,0.05511600151658058,0.049518998712301254,246610.0,0.02670883468964058,0.0,0.027009437032216074,5,9,5,2026
2026-05-10,0.05199800059199333,0.05087999999523163,0.052466001361608505,0.05087999999523163,189748.0,0.01657753447512622,0.0,0.027009437032216074,6,10,5,2026
2026-05-11,0.052483998239040375,0.05199800059199333,0.05262399837374687,0.051330000162124634,180718.0,0.011736929081355818,0.0,0.027009437032216074,0,11,5,2026
2026-05-12,0.05323600023984909,0.052483998239040375,0.053318001329898834,0.05236300081014633,160979.0,-0.0035502430647643135,0.0,0.027009437032216074,1,12,5,2026
2026-05-13,0.052963998168706894,0.05323600023984909,0.054042998701334,0.052368998527526855,185236.0,-0.007797690367763732,0.0,0.027009437032216074,2,13,5,2026
2026-05-14,0.053130000829696655,0.052963998168706894,0.053321998566389084,0.0522879995405674,160345.0,-0.019969883556107515,0.0,0.027009437032216074,3,14,5,2026
2026-05-15,0.051972001791000366,0.053130000829696655,0.053238000720739365,0.05189900100231171,164762.0,-0.005262477700727852,0.0,0.027009437032216074,4,15,5,2026
2026-05-16,0.05216600000858307,0.051972001791000366,0.05250599980354309,0.051725998520851135,174772.0,-0.019409200922874514,0.0,0.027009437032216074,5,16,5,2026
2026-05-17,0.05123100057244301,0.05216600000858307,0.052358001470565796,0.05116000026464462,182419.0,-0.001395665877000074,0.0,0.027009437032216074,6,17,5,2026
2026-05-18,0.051075998693704605,0.05123100057244301,0.05191599950194359,0.05020400136709213,178068.0,-0.01722921279426759,0.0,0.027009437032216074,0,18,5,2026
2026-05-19,0.051242999732494354,0.051075998693704605,0.05182600021362305,0.050613000988960266,163294.0,-0.09240287368530176,0.0,0.027009437032216074,1,19,5,2026
2026-05-20,0.04914899915456772,0.051242999732494354,0.0513870008289814,0.048271000385284424,179316.0,-0.11125353151826517,-1.0,0.486495281483892,2,20,5,2026
2026-05-21,0.043866999447345734,0.04914899915456772,0.049254000186920166,0.041958998888731,192158.0,-0.04185378606929768,0.0,0.027009437032216074,3,21,5,2026
2026-05-22,0.043494999408721924,0.04391799867153168,0.04487600177526474,0.04100999981164932,227636.0,-0.06312219500496763,0.0,0.027009437032216074,4,22,5,2026
2026-05-23,0.04056699946522713,0.043494999408721924,0.044176001101732254,0.0405610017478466,212296.0,-0.0025513284622118437,0.0,0.027009437032216074,5,23,5,2026
2026-05-24,0.04093199968338013,0.04056699946522713,0.04190700128674507,0.039058998227119446,179473.0,-0.023771114711128916,0.0,0.027009437032216074,6,24,5,2026
2026-05-25,0.03999499976634979,0.04093199968338013,0.04159000143408775,0.039037998765707016,179070.0,-0.008851092335784516,0.0,0.027009437032216074,0,25,5,2026
2026-05-26,0.03992300108075142,0.03999499976634979,0.04018599912524223,0.0390160009264946,152999.0,-0.03755985140642931,0.0,0.027009437032216074,1,26,5,2026
2026-05-27,0.03935899958014488,0.03992300108075142,0.0400330014526844,0.03896699845790863,159248.0,-0.022701280818782033,0.0,0.027009437032216074,2,27,5,2026
2026-05-28,0.037487998604774475,0.039351001381874084,0.03961100056767464,0.03618299961090088,173158.0,0.03158348295576274,0.0,0.027009437032216074,3,28,5,2026
2026-05-29,0.0394430011510849,0.037487998604774475,0.04006100073456764,0.03730899840593338,166961.0,-0.055256991471396566,0.0,0.027009437032216074,4,29,5,2026
2026-05-30,0.03790099918842316,0.0394430011510849,0.03990500047802925,0.037390001118183136,169467.0,-0.06845463109196687,0.0,0.027009437032216074,5,30,5,2026
2026-05-31,0.036625999957323074,0.03790099918842316,0.038387998938560486,0.03577699884772301,168698.0,-0.0695407526477827,0.0,0.027009437032216074,6,31,5,2026
2026-06-01,0.033987000584602356,0.036625999957323074,0.03711400181055069,0.033640000969171524,163936.0,-0.007046834725444151,0.0,0.027009437032216074,0,1,6,2026
2026-06-02,0.03417100012302399,0.033987000584602356,0.03483600169420242,0.03250100091099739,184777.0,-0.026147894384079384,0.0,0.027009437032216074,1,2,6,2026
2026-06-03,0.033323999494314194,0.03417100012302399,0.03441200032830238,0.03322000056505203,168524.0,0.011508278665222804,0.0,0.027009437032216074,2,3,6,2026
2026-06-04,0.03323100134730339,0.03332199901342392,0.03353000059723854,0.031523000448942184,170239.0,0.023547261837193245,0.0,0.027009437032216074,3,4,6,2026
2026-06-05,0.03418400138616562,0.03323100134730339,0.03516500070691109,0.032930001616477966,249294.0,0.0022817184197638785,0.0,0.027009437032216074,4,5,6,2026
2026-06-06,0.03384299948811531,0.03418400138616562,0.03424699977040291,0.032979998737573624,185172.0,0.03219278077629972,0.0,0.027009437032216074,5,6,6,2026
2026-06-07,0.03468099981546402,0.03384299948811531,0.03480499982833862,0.03358300030231476,150829.0,-0.0035033690992425925,0.0,0.027009437032216074,6,7,6,2026
2026-06-08,0.03518399968743324,0.03468099981546402,0.035624001175165176,0.032182998955249786,226710.0,-0.04949694710212671,0.0,0.027009437032216074,0,8,6,2026
2026-06-09,0.033934999257326126,0.03518399968743324,0.03744899854063988,0.030580999329686165,268680.0,0.0026668731942331436,0.0,0.027009437032216074,1,9,6,2026
2026-06-10,0.03294999897480011,0.033932000398635864,0.0344959981739521,0.032253000885248184,203804.0,0.011957560406234136,0.0,0.027009437032216074,2,10,6,2026
2026-06-11,0.03510100021958351,0.03294999897480011,0.03511400148272514,0.032322000712156296,211197.0,-0.059884351605166974,0.0,0.027009437032216074,3,11,6,2026
2026-06-12,0.03158700093626976,0.03510100021958351,0.035107001662254333,0.03146899864077568,188584.0,0.0846391662482836,0.0,0.027009437032216074,4,12,6,2026
2026-06-13,0.0344109982252121,0.03158700093626976,0.03498300164937973,0.03149599954485893,191526.0,0.009691698678767402,0.0,0.027009437032216074,5,13,6,2026
2026-06-14,0.03410999849438667,0.0344109982252121,0.03558500111103058,0.03399699926376343,206729.0,0.27424515906094726,1.0,0.486495281483892,6,14,6,2026
2026-06-15,0.03537900000810623,0.03410999849438667,0.03561599925160408,0.032051000744104385,266162.0,0.4022159996579965,1.0,0.486495281483892,0,15,6,2026
2026-06-16,0.0515500009059906,0.03537900000810623,0.05476899817585945,0.03523800149559975,351039.0,-0.05709991900474698,0.0,0.027009437032216074,1,16,6,2026
2026-06-17,0.04766799882054329,0.0515500009059906,0.05363599956035614,0.04436299949884415,247983.0,0.04991821132293528,0.0,0.027009437032216074,2,17,6,2026
2026-06-18,0.04954500123858452,0.04766799882054329,0.050693999975919724,0.04739600047469139,231431.0,0.046432514877287945,0.0,0.027009437032216074,3,18,6,2026
2026-06-19,0.05054999887943268,0.049545999616384506,0.05316400155425072,0.04930200055241585,217352.0,0.056765613720034525,0.0,0.027009437032216074,4,19,6,2026
2026-06-20,0.05314100161194801,0.05054999887943268,0.054388001561164856,0.050547998398542404,210473.0,0.047148114091559834,0.0,0.027009437032216074,5,20,6,2026
2026-06-21,0.05369799956679344,0.05314100161194801,0.055066000670194626,0.051704999059438705,223565.0,0.1511136708886578,1.0,0.486495281483892,6,21,6,2026
2026-06-22,0.05759499967098236,0.05369799956679344,0.05769599974155426,0.053578998893499374,220519.0,0.07803631050403148,0.0,0.027009437032216074,0,22,6,2026
2026-06-23,0.06603000313043594,0.05759499967098236,0.07390700280666351,0.05518300086259842,387498.0,-0.18995157292096038,-1.0,0.486495281483892,1,23,6,2026
2026-06-24,0.05814899876713753,0.06603000313043594,0.07084500044584274,0.05340699851512909,292282.0,-0.13573746930746783,-1.0,0.486495281483892,2,24,6,2026
2026-06-25,0.04882600158452988,0.058403998613357544,0.062123000621795654,0.046943001449108124,318873.0,0.023430088436157848,0.0,0.027009437032216074,3,25,6,2026
2026-06-26,0.05168600007891655,0.048826999962329865,0.05389000102877617,0.0469370000064373,241178.0,-0.07591999772241664,0.0,0.027009437032216074,4,26,6,2026
2026-06-27,0.048253998160362244,0.05168699845671654,0.05186599865555763,0.04686399921774864,220976.0,-0.03872212980321904,0.0,0.027009437032216074,5,27,6,2026
2026-06-28,0.047269999980926514,0.04825799912214279,0.04950999841094017,0.04605500027537346,222982.0,-0.056462854592155165,0.0,0.027009437032216074,6,28,6,2026
2026-06-29,0.04550100117921829,0.047256000339984894,0.047256000339984894,0.04410700127482414,222683.0,-0.02264787480549091,0.0,0.027009437032216074,0,29,6,2026
2026-06-30,0.04370100051164627,0.04550100117921829,0.04685400053858757,0.042454998940229416,234115.0,0.02765380791820027,0.0,0.027009437032216074,1,30,6,2026
2026-07-01,0.045239999890327454,0.04370100051164627,0.046339001506567,0.04081900045275688,243676.0,-0.011991622214060915,0.0,0.027009437032216074,2,1,7,2026
2026-07-02,0.044578999280929565,0.045239999890327454,0.04569200053811073,0.042886000126600266,210167.0,-0.034141656466039116,0.0,0.027009437032216074,3,2,7,2026
2026-07-03,0.044815998524427414,0.044578999280929565,0.04565899819135666,0.0422930009663105,236118.0,-0.06721927302473613,0.0,0.027009437032216074,4,3,7,2026
2026-07-04,0.041297998279333115,0.044815998524427414,0.04512200132012367,0.04111799970269203,207066.0,0.027519548122935555,0.0,0.027009437032216074,5,4,7,2026
2026-07-05,0.042309001088142395,0.041297998279333115,0.04244399815797806,0.0402120016515255,206211.0,0.007988827563326195,0.0,0.027009437032216074,6,5,7,2026
2026-07-06,0.04255999997258186,0.042309001088142395,0.0440480001270771,0.04125799983739853,221905.0,-0.0055450893610137775,0.0,0.027009437032216074,0,6,7,2026
2026-07-07,0.04273400083184242,0.04255999997258186,0.04333699867129326,0.04200499877333641,209504.0,-0.059624650029408144,0.0,0.027009437032216074,1,7,7,2026
2026-07-08,0.04191400110721588,0.04273099824786186,0.04286399856209755,0.04129999876022339,193739.0,-0.06623086738094874,0.0,0.027009437032216074,2,8,7,2026
2026-07-09,0.038458000868558884,0.041923001408576965,0.04196999967098236,0.03815599903464317,235522.0,0.06513596030645052,0.0,0.027009437032216074,3,9,7,2026
2026-07-10,0.03981800004839897,0.03845899924635887,0.03985200077295303,0.03709099814295769,234457.0,0.046536751479127725,0.0,0.027009437032216074,4,10,7,2026
2026-07-11,0.042107999324798584,0.03981800004839897,0.04222999885678291,0.03790999948978424,238224.0,-0.04186851073316772,0.0,0.027009437032216074,5,11,7,2026
2026-07-12,0.04123400151729584,0.042107999324798584,0.04210900142788887,0.039914000779390335,210071.0,-0.06278804278888839,0.0,0.027009437032216074,6,12,7,2026
2026-07-13,0.039455998688936234,0.04123400151729584,0.04129600152373314,0.03914099931716919,189088.0,-0.04627938790653424,0.0,0.027009437032216074,0,13,7,2026
2026-07-14,0.03783399984240532,0.039455000311136246,0.04057500138878822,0.0373149998486042,251140.0,-0.009753163331146453,0.0,0.027009437032216074,1,14,7,2026
2026-07-15,0.03742599859833717,0.03783399984240532,0.03816400095820427,0.03709400072693825,210483.0,-0.015189969805299686,0.0,0.027009437032216074,2,15,7,2026
2026-07-16,0.03750399872660637,0.03742599859833717,0.03793900087475777,0.03717299923300743,227125.0,-0.024250742718852136,0.0,0.027009437032216074,3,16,7,2026
2026-07-17,0.03621099889278412,0.03754299879074097,0.03782299906015396,0.03585299849510193,208319.0,0.019248293985504206,0.0,0.027009437032216074,4,17,7,2026
2026-07-18,0.03697799891233444,0.03621099889278412,0.03715499863028526,0.03534499928355217,208821.0,0.000689588751230874,0.0,0.027009437032216074,5,18,7,2026
2026-07-19,0.036837998777627945,0.03697799891233444,0.03728900104761124,0.036090999841690063,192336.0,0.010220430039565742,0.0,0.027009437032216074,6,19,7,2026
2026-07-20,0.03716899827122688,0.036837998777627945,0.03894000127911568,0.03667899966239929,193637.0,0.029473533238914107,0.0,0.027009437032216074,0,20,7,2026
2026-07-21,0.03725999966263771,0.03717000037431717,0.03770099952816963,0.03496599942445755,224968.0,0.06101717622792857,0.0,0.027009437032216074,1,21,7,2026
2026-07-22,0.03926900029182434,0.03725999966263771,0.03962500020861626,0.03725999966263771,223677.0,-0.0119687602692371,0.0,0.027009437032216074,2,22,7,2026
2026-07-23,0.03979799896478653,0.03926900029182434,0.04058900102972984,0.0391790010035038,212898.0,-0.03898436179292447,0.0,0.027009437032216074,3,23,7,2026
2026-07-24,0.03779999911785126,0.03979799896478653,0.04000600054860115,0.037710998207330704,216171.0,0.023743404363517295,0.0,0.027009437032216074,4,24,7,2026
2026-07-25,0.03869299963116646,0.03779900074005127,0.038927000015974045,0.03773999959230423,202549.0,0.00810223930453291,0.0,0.027009437032216074,5,25,7,2026
2026-07-26,0.03870199993252754,0.03869299963116646,0.0392800010740757,0.03846900165081024,196872.0,-0.0007235063970132405,0.0,0.027009437032216074,6,26,7,2026
2026-07-27,0.0393109992146492,0.03870199993252754,0.039535000920295715,0.038610998541116714,200443.0,-0.023377663571718665,0.0,0.027009437032216074,0,27,7,2026
2026-07-28,0.038036998361349106,0.0393109992146492,0.039448998868465424,0.037810999900102615,198421.0,0.008282667248030118,0.0,0.027009437032216074,1,28,7,2026
2026-07-29,0.03874700143933296,0.038036998361349106,0.03935199975967407,0.03796600177884102,203405.0,-0.020386366055258343,0.0,0.027009437032216074,2,29,7,2026
2026-07-30,0.0379570908844471,0.0387473963201046,0.03878428041934967,0.037953611463308334,197268.0,0.0,0.0,0.027009437032216074,3,30,7,2026
