Date,Close,Open,High,Low,Volume,pct_change,epoch_signal,weight
2023-05-10,0.12737099826335907,0.13924600183963776,0.13924600183963776,0.11508700251579285,63414815.0,-0.6281707567032764,-1.0,0.47588894301022894
2023-05-11,0.11006200313568115,0.12737099826335907,0.12935100495815277,0.10559699684381485,20050060.0,-0.5778024805366369,-1.0,0.47588894301022894
2023-05-12,0.11991800367832184,0.10991500318050385,0.12599100172519684,0.10694000124931335,28751135.0,-0.620735689655655,-1.0,0.47588894301022894
2023-05-13,0.11579900234937668,0.11989100277423859,0.12051399797201157,0.11355900019407272,12593816.0,-0.6135814652039492,-1.0,0.47588894301022894
2023-05-14,0.1150590032339096,0.11532499641180038,0.11977100372314453,0.11129199713468552,10612326.0,-0.6173395015415841,-1.0,0.47588894301022894
2023-05-15,0.10931199789047241,0.1150590032339096,0.11548600345849991,0.10896799713373184,8680856.0,-0.6044268375354631,-1.0,0.47588894301022894
2023-05-16,0.09409599751234055,0.10923299938440323,0.11193600296974182,0.09320700168609619,16694684.0,-0.547416862701888,-1.0,0.47588894301022894
2023-05-17,0.08636599779129028,0.0941620022058487,0.09432200342416763,0.07807700335979462,16317441.0,-0.5131304313415527,-1.0,0.47588894301022894
2023-05-18,0.0796549990773201,0.08626800030469894,0.08626800030469894,0.07672400027513504,11756931.0,-0.4774500698673303,-1.0,0.47588894301022894
2023-05-19,0.07852400094270706,0.07969199866056442,0.0811309963464737,0.07737000286579132,6896711.0,-0.4753245064455339,-1.0,0.47588894301022894
2023-05-20,0.08282099664211273,0.0785050019621849,0.08431699872016907,0.07807300239801407,6592847.0,-0.5082734170516935,-1.0,0.47588894301022894
2023-05-21,0.08053699880838394,0.0828159973025322,0.08690600097179413,0.07908499985933304,9379944.0,-0.49909919401840763,-1.0,0.47588894301022894
2023-05-22,0.07798899710178375,0.08059100061655045,0.08061999827623367,0.07752300053834915,5173595.0,-0.4875838522384915,-1.0,0.47588894301022894
2023-05-23,0.07634499669075012,0.07798899710178375,0.07967700064182281,0.07601799815893173,3096373.0,-0.4819241366588908,-1.0,0.47588894301022894
2023-05-24,0.06550200283527374,0.07633700221776962,0.0765170007944107,0.0648140013217926,7347770.0,-0.40144360199397544,0.0,0.048222113979542125
2023-05-25,0.06390699744224548,0.06549599766731262,0.06560099869966507,0.06150300055742264,4414295.0,-0.39248194471582787,0.0,0.048222113979542125
2023-05-26,0.06223500147461891,0.06388899683952332,0.06441400200128555,0.06190599873661995,4583318.0,-0.3814751831697577,0.0,0.048222113979542125
2023-05-27,0.05860099941492081,0.06225299835205078,0.06225699931383133,0.057948000729084015,4821125.0,-0.34799401382152967,0.0,0.048222113979542125
2023-05-28,0.06562600284814835,0.05860599875450134,0.06630799919366837,0.05832599848508835,4464702.0,-0.42319593472475864,-1.0,0.47588894301022894
2023-05-29,0.06404100358486176,0.06564400345087051,0.06564400345087051,0.06306300312280655,3805425.0,-0.41473992131196863,-1.0,0.47588894301022894
2023-05-30,0.058821000158786774,0.06407500058412552,0.06416600197553635,0.05873199924826622,3887597.0,-0.3683396624674521,0.0,0.048222113979542125
2023-05-31,0.057969000190496445,0.058807000517845154,0.05916899815201759,0.05697200074791908,3100326.0,-0.3637309459324171,0.0,0.048222113979542125
2023-06-01,0.05531800165772438,0.057989999651908875,0.057996999472379684,0.054806001484394073,2843617.0,-0.33784536185677577,0.0,0.048222113979542125
2023-06-02,0.05864400044083595,0.05532500147819519,0.06007400155067444,0.054326001554727554,4048855.0,-0.3806935607538944,0.0,0.048222113979542125
2023-06-03,0.05633300170302391,0.058667998760938644,0.05989700183272362,0.0555340014398098,4382366.0,-0.3596925546737986,0.0,0.048222113979542125
2023-06-04,0.05798099935054779,0.056341998279094696,0.058706000447273254,0.055851999670267105,2503005.0,-0.3825218547943474,0.0,0.048222113979542125
2023-06-05,0.04963900148868561,0.058076001703739166,0.06063000112771988,0.048089999705553055,7814706.0,-0.2823056510364144,0.0,0.048222113979542125
2023-06-06,0.04935399815440178,0.049598999321460724,0.05027399957180023,0.04705100134015083,6678684.0,-0.28107045322181634,0.0,0.048222113979542125
2023-06-07,0.04542899876832962,0.049355000257492065,0.05041300132870674,0.045173000544309616,3979105.0,-0.22122064009772446,0.0,0.048222113979542125
2023-06-08,0.0448249988257885,0.045444998890161514,0.04700100049376488,0.04470299929380417,3225300.0,-0.2132956010973964,0.0,0.048222113979542125
2023-06-09,0.04151099920272827,0.04483199864625931,0.044867001473903656,0.04136300086975098,3766895.0,-0.1521558679309349,0.0,0.048222113979542125
2023-06-10,0.02857399918138981,0.04151200130581856,0.04157000035047531,0.028257999569177628,6943719.0,0.23503346386414323,0.0,0.048222113979542125
2023-06-11,0.02748899906873703,0.028579000383615494,0.029014000669121742,0.0272659994661808,2510236.0,0.2886440705053558,0.0,0.048222113979542125
2023-06-12,0.028528999537229538,0.027494000270962715,0.029099000617861748,0.026796000078320503,2794892.0,0.24502721703134134,0.0,0.048222113979542125
2023-06-13,0.029391000047326088,0.028548000380396843,0.030031999573111534,0.02851399965584278,3024277.0,0.21216771445680782,0.0,0.048222113979542125
2023-06-14,0.030734000727534294,0.029391000047326088,0.031199000775814056,0.028501000255346298,4184482.0,0.1629535155655096,0.0,0.048222113979542125
2023-06-15,0.03285700082778931,0.030734000727534294,0.03305299952626228,0.028502000495791435,4768370.0,0.09162246874068404,0.0,0.048222113979542125
2023-06-16,0.031918998807668686,0.032850999385118484,0.03289499878883362,0.029820000752806664,2833505.0,0.1279835950091171,0.0,0.048222113979542125
2023-06-17,0.03681999817490578,0.03192000091075897,0.03749600052833557,0.03171199932694435,4122433.0,-0.019963224138749163,0.0,0.048222113979542125
2023-06-18,0.033146001398563385,0.03681999817490578,0.03687399998307228,0.0327799990773201,3436236.0,0.09405353251876884,0.0,0.048222113979542125
2023-06-19,0.034053001552820206,0.03315100073814392,0.03449900075793266,0.032297998666763306,2879847.0,0.0688890615014528,0.0,0.048222113979542125
2023-06-20,0.03300099819898605,0.03405199944972992,0.03468500077724457,0.03101000003516674,2934467.0,0.10917063244882994,0.0,0.048222113979542125
2023-06-21,0.037032000720500946,0.03300099819898605,0.03742999956011772,0.032395001500844955,5533640.0,-0.008465029862650979,0.0,0.048222113979542125
2023-06-22,0.03691500052809715,0.037018999457359314,0.04446500167250633,0.0367249995470047,7656758.0,-0.002684433078812802,0.0,0.048222113979542125
2023-06-23,0.03863700106739998,0.03687800094485283,0.039652999490499496,0.036421999335289,3111152.0,-0.04531527725266486,0.0,0.048222113979542125
2023-06-24,0.03751999884843826,0.03863399848341942,0.040716998279094696,0.037351999431848526,4233554.0,-0.013806894825480278,0.0,0.048222113979542125
2023-06-25,0.038686998188495636,0.03751400113105774,0.040088001638650894,0.037404999136924744,3059227.0,-0.04201880989527155,0.0,0.048222113979542125
2023-06-26,0.04132800176739693,0.038669999688863754,0.043547000735998154,0.03450499847531319,6127800.0,-0.10360067866290205,0.0,0.048222113979542125
2023-06-27,0.03926699981093407,0.04134500026702881,0.04366600140929222,0.03748200088739395,7473150.0,-0.05609793416425214,0.0,0.048222113979542125
2023-06-28,0.03538599982857704,0.039271000772714615,0.03932199999690056,0.034933000802993774,2346233.0,0.048990319747593485,0.0,0.048222113979542125
2023-06-29,0.036979999393224716,0.03539299964904785,0.03790799900889397,0.03535600006580353,3795723.0,0.0054753014875358105,0.0,0.048222113979542125
2023-06-30,0.03560300171375275,0.03698199987411499,0.038065001368522644,0.0339290015399456,2853124.0,0.047137491926477794,0.0,0.048222113979542125
2023-07-01,0.03619899973273277,0.03562000021338463,0.03655700013041496,0.034474000334739685,1983263.0,0.03181750882875808,0.0,0.048222113979542125
2023-07-02,0.03553000092506409,0.03621099889278412,0.03656899929046631,0.0343719981610775,2504050.0,0.05357608624515392,0.0,0.048222113979542125
2023-07-03,0.036083001643419266,0.03553399816155434,0.03720900043845177,0.035124000161886215,4126623.0,0.04053413850784674,0.0,0.048222113979542125
2023-07-04,0.03520800173282623,0.036083001643419266,0.036991000175476074,0.03520800173282623,4497019.0,0.06980990022924877,0.0,0.048222113979542125
2023-07-05,0.03361799940466881,0.035218000411987305,0.03556400164961815,0.03313500061631203,3994927.0,0.1249589361005357,0.0,0.048222113979542125
2023-07-06,0.03135399892926216,0.033622000366449356,0.03463999927043915,0.03135399892926216,1425430.0,0.21291089694437576,0.0,0.048222113979542125
2023-07-07,0.03185899928212166,0.031348999589681625,0.03209200128912926,0.03110799938440323,657212.0,0.19878738635081383,0.0,0.048222113979542125
2023-07-08,0.031176000833511353,0.03185899928212166,0.03232099860906601,0.030344000086188316,756422.0,0.228788589650342,0.0,0.048222113979542125
2023-07-09,0.03170400112867355,0.031183000653982162,0.03253699839115143,0.031044000759720802,899061.0,0.21186971561073642,0.0,0.048222113979542125
2023-07-10,0.03179299831390381,0.03170499950647354,0.03234599903225899,0.030796000733971596,771263.0,0.2116361924877769,0.0,0.048222113979542125
2023-07-11,0.031355999410152435,0.03179499879479408,0.03219600021839142,0.031015999615192413,637643.0,0.23211515900961757,0.0,0.048222113979542125
2023-07-12,0.031890999525785446,0.031355999410152435,0.03284800052642822,0.03127099946141243,926404.0,0.21480834010224212,0.0,0.048222113979542125
2023-07-13,0.03416600078344345,0.031890999525785446,0.03416600078344345,0.03172200173139572,1017000.0,0.13607544614816322,0.0,0.048222113979542125
2023-07-14,0.03226500004529953,0.034170001745224,0.03595000132918358,0.03138599917292595,1747667.0,0.20439993955987074,0.0,0.048222113979542125
2023-07-15,0.032287001609802246,0.03226200118660927,0.033027999103069305,0.031734999269247055,794817.0,0.20474878613673217,0.0,0.048222113979542125
2023-07-16,0.032660000026226044,0.032287999987602234,0.03376200050115585,0.03196699917316437,1029718.0,0.19136521409132415,0.0,0.048222113979542125
2023-07-17,0.032520998269319534,0.032680999487638474,0.03355799987912178,0.0314750000834465,1314173.0,0.19639989430497828,0.0,0.048222113979542125
2023-07-18,0.034306999295949936,0.03251799941062927,0.03443999961018562,0.032363999634981155,1765872.0,0.13365245920991714,0.0,0.048222113979542125
2023-07-19,0.03434399887919426,0.034290000796318054,0.035450998693704605,0.03356900066137314,1305600.0,0.13181760987421587,0.0,0.048222113979542125
2023-07-20,0.03394699841737747,0.03434300050139427,0.035277001559734344,0.033615000545978546,1203299.0,0.14571002914349607,0.0,0.048222113979542125
2023-07-21,0.03232799842953682,0.033959999680519104,0.03418700024485588,0.03226099908351898,949099.0,0.20386542031465832,0.0,0.048222113979542125
2023-07-22,0.03155900165438652,0.032326001673936844,0.032526999711990356,0.031530000269412994,783495.0,0.2336069766637266,0.0,0.048222113979542125
2023-07-23,0.031422000378370285,0.031564000993967056,0.03216300159692764,0.03129199892282486,674584.0,0.23933562893642643,0.0,0.048222113979542125
2023-07-24,0.028912000358104706,0.03142099827528,0.031537000089883804,0.028752999380230904,1017549.0,0.34796350207446725,0.0,0.048222113979542125
2023-07-25,0.028317000716924667,0.02891100011765957,0.0290910005569458,0.028106000274419785,999541.0,0.3791912404344911,0.0,0.048222113979542125
2023-07-26,0.028446000069379807,0.02831600047647953,0.028769999742507935,0.02787099964916706,1198098.0,0.3755130766285127,0.0,0.048222113979542125
2023-07-27,0.028749000281095505,0.028440000489354134,0.02931099943816662,0.028359999880194664,1253365.0,0.3636581791143726,0.0,0.048222113979542125
2023-07-28,0.029099000617861748,0.028741000220179558,0.029301000759005547,0.028519999235868454,1488967.0,0.35007786145459746,0.0,0.048222113979542125
2023-07-29,0.03282399848103523,0.029086999595165253,0.03362400084733963,0.029038000851869583,4024525.0,0.1996993141111514,0.0,0.048222113979542125
2023-07-30,0.03362499922513962,0.03283499926328659,0.03362499922513962,0.0318479984998703,2646311.0,0.17366757606748842,0.0,0.048222113979542125
2023-07-31,0.034164998680353165,0.033629000186920166,0.034779999405145645,0.03345099836587906,3269473.0,0.15846770332615923,0.0,0.048222113979542125
2023-08-01,0.03441200032830238,0.03416600078344345,0.03511900082230568,0.03300999850034714,2330498.0,0.15391535660816488,0.0,0.048222113979542125
2023-08-02,0.03404900059103966,0.03441299870610237,0.034912001341581345,0.03345799818634987,1425227.0,0.1722178169195601,0.0,0.048222113979542125
2023-08-03,0.03510399907827377,0.03405199944972992,0.0352649986743927,0.033351998776197433,1434119.0,0.14374500868726053,0.0,0.048222113979542125
2023-08-04,0.03698600083589554,0.03510800004005432,0.037964001297950745,0.03474000096321106,2715429.0,0.092245623230291,0.0,0.048222113979542125
2023-08-05,0.05416499823331833,0.03698299825191498,0.061434000730514526,0.03642300143837929,12887337.0,-0.2545315450367278,0.0,0.048222113979542125
2023-08-06,0.05471799895167351,0.05414300039410591,0.05488299950957298,0.04994700103998184,5536792.0,-0.26106864336024505,0.0,0.048222113979542125
2023-08-07,0.043150000274181366,0.054753001779317856,0.06426499783992767,0.041645001620054245,10729378.0,-0.059230266393507494,0.0,0.048222113979542125
2023-08-08,0.03910699859261513,0.04311100021004677,0.04324600100517273,0.03885199874639511,1570978.0,0.043032767411453045,0.0,0.048222113979542125
2023-08-09,0.04123400151729584,0.03912999853491783,0.045083001255989075,0.03910600021481514,3516759.0,-0.006142967183198041,0.0,0.048222113979542125
2023-08-10,0.04393300041556358,0.04122700169682503,0.044895000755786896,0.04053699970245361,2370868.0,-0.06376241524683313,0.0,0.048222113979542125
2023-08-11,0.042899999767541885,0.04393099993467331,0.04501299932599068,0.042142998427152634,2476206.0,-0.037615711687521716,0.0,0.048222113979542125
2023-08-12,0.04297700151801109,0.042934998869895935,0.044700998812913895,0.042458001524209976,1647759.0,-0.036455025588216255,0.0,0.048222113979542125
2023-08-13,0.04826100170612335,0.04298299923539162,0.050776999443769455,0.042615000158548355,3967126.0,-0.13952904002482683,0.0,0.048222113979542125
2023-08-14,0.04621800035238266,0.04826200008392334,0.0497170016169548,0.04555699974298477,3670315.0,-0.09768355271629751,0.0,0.048222113979542125
2023-08-15,0.041877999901771545,0.04622099921107292,0.04637899994850159,0.040144000202417374,2345823.0,0.0025814798972213344,0.0,0.048222113979542125
2023-08-16,0.03644999861717224,0.04186499863862991,0.04192399978637695,0.03598399832844734,2783678.0,0.1616745487378466,0.0,0.048222113979542125
2023-08-17,0.03181999921798706,0.03644400089979172,0.03698600083589554,0.030434999614953995,2945904.0,0.34473155843555775,0.0,0.048222113979542125
2023-08-18,0.03445100039243698,0.03182300180196762,0.03463999927043915,0.0312890000641346,2742347.0,0.25360171997392245,0.0,0.048222113979542125
2023-08-19,0.034602999687194824,0.03444899991154671,0.03514999896287918,0.033670999109745026,2580601.0,0.25886175424984625,0.0,0.048222113979542125
2023-08-20,0.03581799939274788,0.034602999687194824,0.0371129997074604,0.034602999687194824,2566808.0,0.22744984143800098,0.0,0.048222113979542125
2023-08-21,0.03273399919271469,0.03581799939274788,0.036327000707387924,0.032214000821113586,2617622.0,0.3562195049544324,0.0,0.048222113979542125
2023-08-22,0.03145800158381462,0.03273500129580498,0.033636998385190964,0.03062400035560131,2206620.0,0.41785412128707705,0.0,0.048222113979542125
2023-08-23,0.035204000771045685,0.03145600110292435,0.03584999963641167,0.03145600110292435,2599852.0,0.26973055012001457,0.0,0.048222113979542125
2023-08-24,0.033913999795913696,0.035218000411987305,0.03623700141906738,0.03315399959683418,2422208.0,0.32165990804805483,0.0,0.048222113979542125
2023-08-25,0.032565001398324966,0.03391600027680397,0.033994998782873154,0.03236699849367142,1937042.0,0.3801546505965582,0.0,0.048222113979542125
2023-08-26,0.03548699989914894,0.03256699815392494,0.03563300147652626,0.032315000891685486,2380439.0,0.2686688131899532,0.0,0.048222113979542125
2023-08-27,0.03543199971318245,0.03548799827694893,0.03698299825191498,0.03522400185465813,2381047.0,0.27336838246998946,0.0,0.048222113979542125
2023-08-28,0.03482399880886078,0.03543400019407272,0.035464998334646225,0.033691998571157455,1529396.0,0.29856671699372533,0.0,0.048222113979542125
2023-08-29,0.037292998284101486,0.03482700139284134,0.03769100084900856,0.03308499976992607,1710700.0,0.21495326722705493,0.0,0.048222113979542125
2023-08-30,0.036786999553442,0.03729800134897232,0.03771600127220154,0.03566500172019005,1575698.0,0.23527723160178973,0.0,0.048222113979542125
2023-08-31,0.03515300154685974,0.03678800165653229,0.03818900138139725,0.03467300161719322,1929305.0,0.29582107042101474,0.0,0.048222113979542125
2023-09-01,0.035700999200344086,0.03516300022602081,0.03662699833512306,0.03509100154042244,1535426.0,0.2790318314041123,0.0,0.048222113979542125
2023-09-02,0.036552999168634415,0.03570999950170517,0.039438001811504364,0.03570700064301491,3159539.0,0.2523062061515063,0.0,0.048222113979542125
2023-09-03,0.038718998432159424,0.0365540012717247,0.03881099820137024,0.03648100048303604,1947106.0,0.18480042562286053,0.0,0.048222113979542125
2023-09-04,0.03658000007271767,0.03871599957346916,0.03901999816298485,0.03578000143170357,1985582.0,0.2569853424147627,0.0,0.048222113979542125
2023-09-05,0.038415998220443726,0.03658000007271767,0.0385189987719059,0.03514000028371811,2059837.0,0.19910546592784434,0.0,0.048222113979542125
2023-09-06,0.04042699933052063,0.03841700032353401,0.04487000033259392,0.038022998720407486,4602162.0,0.14130557370736177,0.0,0.048222113979542125
2023-09-07,0.043375998735427856,0.04041000083088875,0.043595001101493835,0.03788900002837181,2352249.0,0.06498796937352061,0.0,0.048222113979542125
2023-09-08,0.04339899867773056,0.043313998728990555,0.048250000923871994,0.04039499908685684,5529224.0,0.06729476187328791,0.0,0.048222113979542125
2023-09-09,0.04361100122332573,0.04342399910092354,0.04573800042271614,0.0409110002219677,3394562.0,0.06613854045540615,0.0,0.048222113979542125
2023-09-10,0.04814400151371956,0.04360799863934517,0.04906199872493744,0.0416250005364418,4019036.0,-0.03352841120547024,0.0,0.048222113979542125
2023-09-11,0.04542500153183937,0.048140998929739,0.05136900022625923,0.04242999851703644,6741221.0,0.02655158321054042,0.0,0.048222113979542125
2023-09-12,0.05020900070667267,0.0454539991915226,0.052487000823020935,0.04490400105714798,5072232.0,-0.06876732565986199,0.0,0.048222113979542125
2023-09-13,0.04667399823665619,0.050349000841379166,0.05183500051498413,0.043637000024318695,7711234.0,0.005801170276506449,0.0,0.048222113979542125
2023-09-14,0.04509500041604042,0.04668800160288811,0.04792200028896332,0.043366000056266785,4803047.0,0.04659897160911404,0.0,0.048222113979542125
2023-09-15,0.044537998735904694,0.045092999935150146,0.04616999998688698,0.043751999735832214,2593139.0,0.06335657815161776,0.0,0.048222113979542125
2023-09-16,0.0472479984164238,0.04453499987721443,0.04853399842977524,0.044475000351667404,3410544.0,0.0066884033470154276,0.0,0.048222113979542125
2023-09-17,0.04368099942803383,0.047249000519514084,0.04727400094270706,0.04297599941492081,7556840.0,0.09364539828721871,0.0,0.048222113979542125
2023-09-21,0.04006600007414818,0.04323500022292137,0.04357900097966194,0.039962999522686005,2041590.0,0.19785508990644488,0.0,0.048222113979542125
2023-09-22,0.040762998163700104,0.040070999413728714,0.04089000076055527,0.03950899839401245,1583731.0,0.18222267435124698,0.0,0.048222113979542125
2023-09-23,0.04003699868917465,0.040761999785900116,0.0411360003054142,0.03971699997782707,1664261.0,0.20886844974187435,0.0,0.048222113979542125
2023-09-24,0.042263999581336975,0.0400409996509552,0.043372999876737595,0.03978399932384491,2295842.0,0.14937204834170553,0.0,0.048222113979542125
2023-09-25,0.04389899969100952,0.042249999940395355,0.044693998992443085,0.04197299852967262,2050864.0,0.10941892843290396,0.0,0.048222113979542125
2023-09-26,0.04203899949789047,0.043898001313209534,0.04396900162100792,0.0415709987282753,1937291.0,0.16432277396602019,0.0,0.048222113979542125
2023-09-27,0.04248499870300293,0.04202299937605858,0.04328500106930733,0.04148799926042557,1921501.0,0.15706191672879766,0.0,0.048222113979542125
2023-09-28,0.04549400135874748,0.042486999183893204,0.04679799824953079,0.04226600006222725,2886338.0,0.08984777065085753,0.0,0.048222113979542125
2023-09-29,0.04531100019812584,0.04551199823617935,0.04678700119256973,0.044498998671770096,2065552.0,0.10239393233368277,0.0,0.048222113979542125
2023-09-30,0.046470001339912415,0.0453060008585453,0.04689199849963188,0.04443100094795227,1951541.0,0.08413823013599624,0.0,0.048222113979542125
2023-10-01,0.049056001007556915,0.046466998755931854,0.04925699904561043,0.046167001128196716,2107379.0,0.03540388554435471,0.0,0.048222113979542125
2023-10-02,0.045513998717069626,0.04908699914813042,0.0492280013859272,0.044975001364946365,2169265.0,0.13224584493922728,0.0,0.048222113979542125
2023-10-03,0.04096600040793419,0.045504000037908554,0.04574799910187721,0.0404449999332428,2585745.0,0.27622324849583924,0.0,0.048222113979542125
2023-10-04,0.04114599898457527,0.04096600040793419,0.04174799844622612,0.039636000990867615,2407329.0,0.2849962067670551,0.0,0.048222113979542125
2023-10-05,0.04022900015115738,0.04114599898457527,0.04154599830508232,0.0394430011510849,1780014.0,0.32795105175933204,0.0,0.048222113979542125
2023-10-06,0.04081900045275688,0.04021000117063522,0.041416000574827194,0.040084999054670334,1736001.0,0.3217805796089916,0.0,0.048222113979542125
2023-10-07,0.04089999943971634,0.040817998349666595,0.04150500148534775,0.04058099910616875,1567629.0,0.33502010719936104,0.0,0.048222113979542125
2023-10-08,0.04035700112581253,0.040901001542806625,0.0410350002348423,0.03990200161933899,1371410.0,0.36720805214985175,0.0,0.048222113979542125
2023-10-09,0.03602899983525276,0.040355999022722244,0.040355999022722244,0.035176001489162445,1991701.0,0.5558336729555328,0.0,0.048222113979542125
2023-10-10,0.0354590006172657,0.03602999821305275,0.03626900166273117,0.035085998475551605,1818209.0,0.6063964998654018,0.0,0.048222113979542125
2023-10-11,0.03369000181555748,0.0354590006172657,0.03552300110459328,0.033025000244379044,1673325.0,0.7111431810028309,0.0,0.048222113979542125
2023-10-12,0.032363999634981155,0.03369100019335747,0.033705998212099075,0.03177100047469139,1073533.0,0.8064623066654399,0.0,0.048222113979542125
2023-10-13,0.03297099843621254,0.03237900137901306,0.03345299884676933,0.0323529988527298,1209099.0,0.794615416462786,0.0,0.048222113979542125
2023-10-14,0.03257400169968605,0.032972998917102814,0.033289000391960144,0.032349999994039536,818981.0,0.8345666977611254,0.0,0.048222113979542125
2023-10-15,0.03581799939274788,0.03257500007748604,0.03742299973964691,0.03205300122499466,2284945.0,0.681914089171489,0.0,0.048222113979542125
2023-10-16,0.03443999961018562,0.035819001495838165,0.03614899888634682,0.03344099968671799,2666236.0,0.7664195401337066,0.0,0.048222113979542125
2023-10-17,0.03263799846172333,0.03443799912929535,0.03539599850773811,0.03246299922466278,2711040.0,0.8811600186723799,1.0,0.47588894301022894
2023-10-18,0.03234599903225899,0.032639000564813614,0.03381099924445152,0.032294999808073044,2764098.0,0.9175938335498721,1.0,0.47588894301022894
2023-10-19,0.03142499923706055,0.032345000654459,0.0326090008020401,0.03096899949014187,1857508.0,1.000659600929541,1.0,0.47588894301022894
2023-10-20,0.035225000232458115,0.03142499923706055,0.035225000232458115,0.031314998865127563,2045582.0,0.8068951248989901,0.0,0.048222113979542125
2023-10-21,0.034602001309394836,0.03520999848842621,0.03530300036072731,0.0334790013730526,2409750.0,0.8738786824948612,1.0,0.47588894301022894
2023-10-22,0.03513000160455704,0.0346050001680851,0.037585001438856125,0.03411300107836723,3691690.0,0.8737894511345281,1.0,0.47588894301022894
2023-10-23,0.035996001213788986,0.03505399823188782,0.03683200106024742,0.03410699963569641,3415472.0,0.8581048773197824,1.0,0.47588894301022894
2023-10-24,0.040637001395225525,0.03600599989295006,0.0425960011780262,0.0348690003156662,6019761.0,0.6693081776836864,0.0,0.048222113979542125
2023-10-25,0.04081900045275688,0.04064499959349632,0.04321200028061867,0.03928900137543678,6778410.0,0.6834337615740269,0.0,0.048222113979542125
2023-10-26,0.04378100112080574,0.04080300033092499,0.04584899917244911,0.03928200155496597,5970541.0,0.5846773769899594,0.0,0.048222113979542125
2023-10-27,0.04528899863362312,0.04376799985766411,0.048636000603437424,0.041437000036239624,6188248.0,0.5443580304401361,0.0,0.048222113979542125
2023-10-28,0.051210999488830566,0.04531500115990639,0.05795399844646454,0.04531500115990639,7922983.0,0.3746842141904959,0.0,0.048222113979542125
2023-10-29,0.05502700060606003,0.05117399990558624,0.05698800086975098,0.05073900148272514,4725361.0,0.2866731119316827,0.0,0.048222113979542125
2023-10-30,0.057799000293016434,0.05501699820160866,0.06208699941635132,0.054620999842882156,7959014.0,0.23185398447267358,0.0,0.048222113979542125
2023-10-31,0.05252699926495552,0.0577940009534359,0.058159999549388885,0.05149000138044357,4096988.0,0.3671100909658959,0.0,0.048222113979542125
2023-11-01,0.059300001710653305,0.05252299830317497,0.05964300036430359,0.051270000636577606,6691708.0,0.22092484671124893,0.0,0.048222113979542125
2023-11-02,0.05670500174164772,0.05929899960756302,0.061903998255729675,0.05393800139427185,3986921.0,0.28613581376177544,0.0,0.048222113979542125
2023-11-03,0.05554300174117088,0.05670100077986717,0.059741001576185226,0.0530490018427372,5858191.0,0.32650632386982076,0.0,0.048222113979542125
2023-11-04,0.057263001799583435,0.055532000958919525,0.057916998863220215,0.05488499999046326,4861721.0,0.29792939940301083,0.0,0.048222113979542125
2023-11-05,0.05661899968981743,0.057266999036073685,0.05956999957561493,0.05517800152301788,5250041.0,0.3237368262273768,0.0,0.048222113979542125
2023-11-06,0.055883001536130905,0.056616999208927155,0.05684899911284447,0.05503299832344055,3511554.0,0.35687014319595567,0.0,0.048222113979542125
2023-11-07,0.05339200049638748,0.05591199919581413,0.0559380017220974,0.050634000450372696,5308084.0,0.43509838974305753,0.0,0.048222113979542125
2023-11-08,0.05808199942111969,0.05339000001549721,0.06293299794197083,0.05279599875211716,7022043.0,0.3302719952268276,0.0,0.048222113979542125
2023-11-09,0.06100799888372421,0.05797800049185753,0.06455200165510178,0.05707700178027153,8596865.0,0.27627038932844555,0.0,0.048222113979542125
2023-11-10,0.0656369999051094,0.06099700182676315,0.06746800243854523,0.05957699939608574,6996392.0,0.19439076187398396,0.0,0.048222113979542125
2023-11-11,0.06643199920654297,0.06564000248908997,0.06754100322723389,0.061448000371456146,4665254.0,0.1886718197243511,0.0,0.048222113979542125
2023-11-12,0.0693110004067421,0.06642600148916245,0.07290700078010559,0.06132899969816208,12888821.0,0.14813682634499883,0.0,0.048222113979542125
2023-11-13,0.06792300194501877,0.06932099908590317,0.07406900078058243,0.06792300194501877,8189426.0,0.18423765229831965,0.0,0.048222113979542125
2023-11-14,0.06589800119400024,0.06790900230407715,0.06964799761772156,0.06263100355863571,7038055.0,0.23175497264215006,0.0,0.048222113979542125
2023-11-15,0.06978800147771835,0.06590499728918076,0.07155399769544601,0.0633779987692833,15183159.0,0.17135482199473726,0.0,0.048222113979542125
2023-11-16,0.06882800161838531,0.06974799931049347,0.07476600259542465,0.06795399636030197,16622509.0,0.1955095880033999,0.0,0.048222113979542125
2023-11-17,0.04896099865436554,0.06885699927806854,0.0721300020813942,0.04629699885845184,29013085.0,0.7001882947719884,0.0,0.048222113979542125
2023-11-18,0.04332999885082245,0.04898500069975853,0.04929500073194504,0.041776999831199646,10301989.0,0.9438814538108615,1.0,0.47588894301022894
2023-11-19,0.04426100105047226,0.043338000774383545,0.04498500004410744,0.04111099988222122,6151080.0,0.9247880935864293,1.0,0.47588894301022894
2023-11-20,0.042810000479221344,0.04427599906921387,0.04513299837708473,0.04264900088310242,5074883.0,1.0156683302326752,1.0,0.47588894301022894
2023-11-21,0.04191400110721588,0.042798999696969986,0.04389499872922897,0.039083000272512436,4495351.0,1.0871673822641559,1.0,0.47588894301022894
2023-11-22,0.04355800151824951,0.04190700128674507,0.04401100054383278,0.041710998862981796,3863670.0,1.035747290150108,1.0,0.47588894301022894
2023-11-23,0.043501000851392746,0.04355800151824951,0.044367000460624695,0.04213400185108185,3508821.0,1.0631876185813465,1.0,0.47588894301022894
2023-11-24,0.04468199983239174,0.043501999229192734,0.045469000935554504,0.04300900176167488,4311416.0,1.0303699167043743,1.0,0.47588894301022894
2023-11-25,0.04794999957084656,0.044686999171972275,0.04947200044989586,0.04454899951815605,4085426.0,0.9102621991003517,1.0,0.47588894301022894
2023-11-26,0.044381000101566315,0.04795999825000763,0.04834999889135361,0.0431860014796257,4308031.0,1.0854612812169298,1.0,0.47588894301022894
2023-11-27,0.04500100016593933,0.04438000172376633,0.045843999832868576,0.042865999042987823,2987122.0,1.0774239381219144,1.0,0.47588894301022894
2023-11-28,0.04603099822998047,0.04499699920415878,0.048076000064611435,0.04450700059533119,4454572.0,1.0482387963388424,1.0,0.47588894301022894
2023-11-29,0.04701299965381622,0.04603400081396103,0.04775200039148331,0.044714998453855515,3165498.0,1.0210509337071267,1.0,0.47588894301022894
2023-11-30,0.045504000037908554,0.04701700061559677,0.047269001603126526,0.04430999979376793,2793420.0,1.1048167942625295,1.0,0.47588894301022894
2023-12-01,0.04549799859523773,0.045503001660108566,0.04598100110888481,0.04504000023007393,2389490.0,1.1207924016845432,1.0,0.47588894301022894
2023-12-02,0.04670400172472,0.045497000217437744,0.04780299961566925,0.045173998922109604,2846019.0,1.0819654775664023,1.0,0.47588894301022894
2023-12-03,0.04802599921822548,0.04670599848031998,0.04834600165486336,0.0462069995701313,3040648.0,1.0397954469690394,1.0,0.47588894301022894
2023-12-04,0.05386599898338318,0.04801899939775467,0.055502999573946,0.047756001353263855,9849656.0,0.8307672608420267,0.0,0.048222113979542125
2023-12-05,0.058382000774145126,0.053856998682022095,0.060079000890254974,0.05383700132369995,7559490.0,0.6991295646342044,0.0,0.048222113979542125
2023-12-06,0.05103699862957001,0.05839100107550621,0.06220199912786484,0.04973800107836723,7002620.0,0.9565598173935935,1.0,0.47588894301022894
2023-12-07,0.0539340004324913,0.05104399845004082,0.05701100081205368,0.049796998500823975,6100763.0,0.8643597802386144,1.0,0.47588894301022894
2023-12-08,0.060722000896930695,0.053932998329401016,0.061820998787879944,0.05324000120162964,8840854.0,0.6671065901921719,0.0,0.048222113979542125
2023-12-09,0.0625080019235611,0.06072099879384041,0.06471899896860123,0.058740999549627304,6425111.0,0.6311555464654027,0.0,0.048222113979542125
2023-12-10,0.06623099744319916,0.06251300126314163,0.06853500008583069,0.06157499924302101,6660059.0,0.5490094469612179,0.0,0.048222113979542125
2023-12-11,0.05826300010085106,0.06623300164937973,0.06689800322055817,0.05644899979233742,8161442.0,0.7719172436000693,0.0,0.048222113979542125
2023-12-12,0.06440400332212448,0.05822499841451645,0.06440400332212448,0.05814899876713753,6961450.0,0.6096405883523693,0.0,0.048222113979542125
2023-12-13,0.06111200153827667,0.06445799767971039,0.06460099667310715,0.05819600075483322,5108282.0,0.7046078921840139,0.0,0.048222113979542125
2023-12-14,0.058692000806331635,0.061117999255657196,0.061142001301050186,0.0577550008893013,4982639.0,0.7848175326461606,0.0,0.048222113979542125
2023-12-15,0.057367999106645584,0.058692000806331635,0.060189999639987946,0.056999001652002335,5714602.0,0.8355481806498408,0.0,0.048222113979542125
2023-12-16,0.0575530007481575,0.057353999465703964,0.06684199720621109,0.055590998381376266,10748183.0,0.8393066892381195,0.0,0.048222113979542125
2023-12-17,0.05718199908733368,0.05757100135087967,0.05906499922275543,0.055573999881744385,5559879.0,0.8603175906650748,1.0,0.47588894301022894
2023-12-18,0.05442599952220917,0.0571959987282753,0.05762699991464615,0.050905998796224594,4881523.0,0.9650755807812976,1.0,0.47588894301022894
2023-12-19,0.06258399784564972,0.054437000304460526,0.06481199711561203,0.05411799997091293,16550933.0,0.7163192356239563,0.0,0.048222113979542125
2023-12-20,0.06019299849867821,0.06257499754428864,0.0656609982252121,0.05875299870967865,10134569.0,0.7929288273768246,0.0,0.048222113979542125
2023-12-21,0.08109000325202942,0.06023000180721283,0.08211600035429001,0.059546999633312225,21663942.0,0.33383566417240296,0.0,0.048222113979542125
2023-12-22,0.07631000131368637,0.08109299838542938,0.08373700082302094,0.0721450001001358,12050232.0,0.4204787899105403,0.0,0.048222113979542125
2023-12-23,0.08253400027751923,0.07628799974918365,0.08921000361442566,0.07628799974918365,16711627.0,0.31691095084038146,0.0,0.048222113979542125
2023-12-24,0.08373700082302094,0.08262500166893005,0.09575899690389633,0.08050300180912018,13489430.0,0.30132650667347294,0.0,0.048222113979542125
2023-12-25,0.10769599676132202,0.08371300250291824,0.10769599676132202,0.08172299712896347,16759393.0,0.011152898824700937,0.0,0.048222113979542125
2023-12-26,0.10385899990797043,0.10784000158309937,0.11762099713087082,0.08778499811887741,28308317.0,0.049409023579449825,0.0,0.048222113979542125
2023-12-27,0.09076400101184845,0.10385499894618988,0.10848399996757507,0.08821900188922882,14038921.0,0.20411017812660284,0.0,0.048222113979542125
2023-12-28,0.0864029973745346,0.09076599776744843,0.09275499731302261,0.08288899809122086,8953604.0,0.27446899064978825,0.0,0.048222113979542125
2023-12-29,0.08547499775886536,0.08638700097799301,0.08938899636268616,0.08122900128364563,7568170.0,0.2952159880815612,0.0,0.048222113979542125
2023-12-30,0.09537900239229202,0.08547399938106537,0.10494700074195862,0.08473300188779831,14681351.0,0.1653925253109079,0.0,0.048222113979542125
2023-12-31,0.08858100324869156,0.0953570008277893,0.09685499966144562,0.08830499649047852,8157374.0,0.26294546547018943,0.0,0.048222113979542125
2024-01-01,0.1098409965634346,0.08841700106859207,0.11258500069379807,0.08838800340890884,14605121.0,0.023303414677305827,0.0,0.048222113979542125
2024-01-02,0.11157000064849854,0.10983400046825409,0.11386299878358841,0.10014600306749344,14543458.0,0.013562482449730871,0.0,0.048222113979542125
2024-01-03,0.09141500294208527,0.11167500168085098,0.11541999876499176,0.08228600025177002,18398324.0,0.24910464591149994,0.0,0.048222113979542125
2024-01-04,0.1009019985795021,0.09141699969768524,0.10855899751186371,0.09014599770307541,12601299.0,0.14125317598485743,0.0,0.048222113979542125
2024-01-05,0.09226799756288528,0.10087399929761887,0.10094700008630753,0.08630599826574326,12575518.0,0.25994686227665464,0.0,0.048222113979542125
2024-01-06,0.08204299956560135,0.0923599973320961,0.0928020030260086,0.07967600226402283,10083066.0,0.4308703194081147,0.0,0.048222113979542125
2024-01-07,0.07644200325012207,0.08205600082874298,0.08376999944448471,0.07527899742126465,7920765.0,0.552807168131755,0.0,0.048222113979542125
2024-01-08,0.08422599732875824,0.07643699645996094,0.08605200052261353,0.06814999878406525,8717528.0,0.4230726642269903,0.0,0.048222113979542125
2024-01-09,0.07982999831438065,0.08419100195169449,0.08589600026607513,0.07531599700450897,7862805.0,0.513469580301817,0.0,0.048222113979542125
2024-01-10,0.08519800007343292,0.07986699789762497,0.08613599836826324,0.0752979964017868,6136716.0,0.4286721763862505,0.0,0.048222113979542125
2024-01-11,0.10234100371599197,0.08515100181102753,0.10850600153207779,0.08343499898910522,20692765.0,0.19660726232530334,0.0,0.048222113979542125
2024-01-12,0.1005060002207756,0.10243000090122223,0.11006399989128113,0.09439300000667572,18045850.0,0.22475772559049143,0.0,0.048222113979542125
2024-01-13,0.13473600149154663,0.10045900195837021,0.1420229971408844,0.09594699740409851,39743151.0,-0.08462793692258092,0.0,0.048222113979542125
2024-01-14,0.11797700077295303,0.1346369981765747,0.13792799413204193,0.11643700301647186,19238679.0,0.04948250096184005,0.0,0.048222113979542125
2024-01-15,0.12487799674272537,0.11794599890708923,0.14206300675868988,0.11790300160646439,28946650.0,-0.003797964752086914,0.0,0.048222113979542125
2024-01-16,0.12054900079965591,0.12485399842262268,0.12678299844264984,0.1157820001244545,14139631.0,0.035794765925145064,0.0,0.048222113979542125
2024-01-17,0.11477299779653549,0.12051200121641159,0.1301169991493225,0.1118130013346672,14271859.0,0.09222565064183438,0.0,0.048222113979542125
2024-01-18,0.09944599866867065,0.11480200290679932,0.11725500226020813,0.09708400070667267,12346044.0,0.2669613666545395,0.0,0.048222113979542125
2024-01-19,0.09263700246810913,0.09944300353527069,0.09987299889326096,0.08610700070858002,11919288.0,0.3638853473255463,0.0,0.048222113979542125
2024-01-20,0.08955900371074677,0.0926389992237091,0.0927010029554367,0.0872189998626709,5776946.0,0.41323258865759094,0.0,0.048222113979542125
2024-01-21,0.08886300027370453,0.08955699950456619,0.09275200217962265,0.08831200003623962,5469391.0,0.42848046341792456,0.0,0.048222113979542125
2024-01-22,0.09124500304460526,0.08886200189590454,0.09765499830245972,0.08578599989414215,11729073.0,0.39450572147855756,0.0,0.048222113979542125
2024-01-23,0.10378900170326233,0.09136100113391876,0.10444600135087967,0.08374299854040146,13618761.0,0.22750642941323718,0.0,0.048222113979542125
2024-01-24,0.10891500115394592,0.10390400141477585,0.11611100286245346,0.09831400215625763,16351721.0,0.17029268165338896,0.0,0.048222113979542125
2024-01-25,0.1011819988489151,0.10894700139760971,0.10996600240468979,0.09869000315666199,8615945.0,0.26108694483764017,0.0,0.048222113979542125
2024-01-26,0.11835899949073792,0.1011819988489151,0.11954700201749802,0.09919100254774094,10805402.0,0.07776211306913676,0.0,0.048222113979542125
2024-01-27,0.11145900189876556,0.11828699707984924,0.12120500206947327,0.11093100160360336,12116185.0,0.1466624954169953,0.0,0.048222113979542125
2024-01-28,0.10914599895477295,0.11135700345039368,0.12036699801683426,0.10799899697303772,9901059.0,0.1731187178655827,0.0,0.048222113979542125
2024-01-29,0.12957799434661865,0.10913799703121185,0.1308320015668869,0.10856500267982483,14076145.0,-0.011634885759610109,0.0,0.048222113979542125
2024-01-30,0.12032300233840942,0.12957799434661865,0.1339689940214157,0.12000200152397156,14016217.0,0.06497597976617736,0.0,0.048222113979542125
2024-01-31,0.11201699823141098,0.1203249990940094,0.12360300123691559,0.11044300347566605,14378288.0,0.14450040775128317,0.0,0.048222113979542125
2024-02-01,0.11122699826955795,0.11207500100135803,0.11273299902677536,0.10624600201845169,9145973.0,0.15314382632533285,0.0,0.048222113979542125
2024-02-02,0.11045300215482712,0.11127199977636337,0.11342299729585648,0.10740800201892853,7483871.0,0.16113423374579058,0.0,0.048222113979542125
2024-02-03,0.11428000032901764,0.11045099794864655,0.11574999988079071,0.1061440035700798,9155425.0,0.1219474492844822,0.0,0.048222113979542125
2024-02-04,0.1207749992609024,0.11450199782848358,0.13020500540733337,0.11389300227165222,19439018.0,0.060591032072781825,0.0,0.048222113979542125
2024-02-05,0.1400340050458908,0.12083700299263,0.15265999734401703,0.1190050020813942,34184114.0,-0.08842447606875212,0.0,0.048222113979542125
2024-02-06,0.12748800218105316,0.13955500721931458,0.14122700691223145,0.12651899456977844,16678250.0,-0.001418917461644002,0.0,0.048222113979542125
2024-02-07,0.11819899827241898,0.12758299708366394,0.13081200420856476,0.1137859970331192,30371516.0,0.0751627060816106,0.0,0.048222113979542125
2024-02-08,0.11402200162410736,0.11831899732351303,0.12054499983787537,0.11273299902677536,12000131.0,0.1130488660913999,0.0,0.048222113979542125
2024-02-09,0.1294649988412857,0.11395899951457977,0.13239799439907074,0.11381500214338303,16668927.0,-0.02202515623880792,0.0,0.048222113979542125
2024-02-10,0.12610900402069092,0.1294649988412857,0.13318799436092377,0.12529300153255463,13415826.0,0.002010984220492575,0.0,0.048222113979542125
2024-02-11,0.12529300153255463,0.12610499560832977,0.129039004445076,0.12306000292301178,9787996.0,0.006718716096839136,0.0,0.048222113979542125
2024-02-12,0.1350180059671402,0.12561799585819244,0.13911299407482147,0.12541599571704865,16222771.0,-0.06835838641262604,0.0,0.048222113979542125
2024-02-13,0.14193899929523468,0.1350869983434677,0.1424199938774109,0.13235899806022644,13005931.0,-0.11699986974627367,0.0,0.048222113979542125
2024-02-14,0.14364799857139587,0.14188499748706818,0.14671699702739716,0.13693100214004517,11681358.0,-0.1313747000152647,0.0,0.048222113979542125
2024-02-15,0.13402299582958221,0.1437080055475235,0.14544300734996796,0.13230900466442108,12251937.0,-0.07206400431993878,0.0,0.048222113979542125
2024-02-16,0.12618400156497955,0.13413399457931519,0.13519899547100067,0.12302300333976746,12336134.0,-0.017172401475987947,0.0,0.048222113979542125
2024-02-17,0.12154100090265274,0.12621299922466278,0.12621299922466278,0.11611100286245346,10443850.0,0.017597916038094606,0.0,0.048222113979542125
2024-02-18,0.12483499944210052,0.12158600240945816,0.1262730062007904,0.1196340024471283,10015916.0,-0.012325216017769971,0.0,0.048222113979542125
2024-02-19,0.12323000282049179,0.12492399662733078,0.12783800065517426,0.12233299762010574,9787579.0,-0.0026742704546788777,0.0,0.048222113979542125
2024-02-20,0.11292199790477753,0.12324699759483337,0.12370400130748749,0.10752200335264206,15919928.0,0.08526188771081696,0.0,0.048222113979542125
2024-02-21,0.10860099643468857,0.11289899796247482,0.11293900012969971,0.10281799733638763,14580246.0,0.12667441776718286,0.0,0.048222113979542125
2024-02-22,0.10950499773025513,0.10860200226306915,0.1122250035405159,0.10592199862003326,12432817.0,0.11582024174276186,0.0,0.048222113979542125
2024-02-23,0.10549300163984299,0.1095149964094162,0.11101499944925308,0.10026399791240692,11458121.0,0.1576608622238546,0.0,0.048222113979542125
2024-02-24,0.10922600328922272,0.10550100356340408,0.1117120012640953,0.10223600268363953,11219785.0,0.11714393194474867,0.0,0.048222113979542125
2024-02-25,0.10910200327634811,0.10922600328922272,0.10982800275087357,0.10652799904346466,7402273.0,0.11684224492228809,0.0,0.048222113979542125
2024-02-26,0.10870900005102158,0.109095998108387,0.109095998108387,0.10384199768304825,11183580.0,0.12068819395166527,0.0,0.048222113979542125
2024-02-27,0.10730999708175659,0.10871999710798264,0.11272100359201431,0.10516200214624405,11413772.0,0.1353041794309576,0.0,0.048222113979542125
2024-02-28,0.1063390001654625,0.1072549968957901,0.11544600129127502,0.09964600205421448,21304688.0,0.14619966453888691,0.0,0.048222113979542125
2024-02-29,0.11235100030899048,0.10642000287771225,0.12083200365304947,0.1059579998254776,24746431.0,0.08463622123204977,0.0,0.048222113979542125
2024-03-01,0.1176460012793541,0.11237400025129318,0.1180730015039444,0.11159799993038177,13480447.0,0.03519131824190937,0.0,0.048222113979542125
2024-03-02,0.12384700030088425,0.11756599694490433,0.12384700030088425,0.11651799827814102,13821441.0,-0.018036657182913668,0.0,0.048222113979542125
2024-03-03,0.11933299899101257,0.12387800216674805,0.12604400515556335,0.11521600186824799,12446778.0,0.01787775316522422,0.0,0.048222113979542125
2024-03-04,0.11242400109767914,0.11931300163269043,0.12116300314664841,0.1097249984741211,13609249.0,0.08033680243438698,0.0,0.048222113979542125
2024-03-05,0.10053099691867828,0.11242199689149857,0.11552199721336365,0.0869780033826828,22586818.0,0.20874908112252366,0.0,0.048222113979542125
2024-03-06,0.10350699722766876,0.10047800093889236,0.10644099861383438,0.09735800325870514,14037965.0,0.17354511686036078,0.0,0.048222113979542125
2024-03-07,0.10762300342321396,0.10358300060033798,0.10856399685144424,0.10230699926614761,12684272.0,0.12777204279977056,0.0,0.048222113979542125
2024-03-08,0.10333400219678879,0.10756199806928635,0.10857699811458588,0.10060399770736694,12267471.0,0.17421613318022316,0.0,0.048222113979542125
2024-03-09,0.10424800217151642,0.10337600111961365,0.10923899710178375,0.10110300034284592,13932216.0,0.16335014693673933,0.0,0.048222113979542125
2024-03-10,0.10078299790620804,0.10427799820899963,0.10662499815225601,0.09787599742412567,10775309.0,0.20264474665433424,0.0,0.048222113979542125
2024-03-11,0.10268600285053253,0.10078500211238861,0.103752002120018,0.09769800305366516,11307767.0,0.17973606568615724,0.0,0.048222113979542125
2024-03-12,0.1014690026640892,0.10268600285053253,0.10535000264644623,0.09359800070524216,16281579.0,0.19360531071228584,0.0,0.048222113979542125
2024-03-13,0.10283499956130981,0.10150200128555298,0.10677599906921387,0.10022299736738205,10044578.0,0.17843077806882698,0.0,0.048222113979542125
2024-03-14,0.10116399824619293,0.10282900184392929,0.1050179973244667,0.09589900076389313,12771155.0,0.19905398487656026,0.0,0.048222113979542125
2024-03-15,0.0961339995265007,0.10116399824619293,0.10283900052309036,0.08769000321626663,16436393.0,0.2630899940676621,0.0,0.048222113979542125
2024-03-16,0.1071619987487793,0.09613099694252014,0.11968900263309479,0.09613099694252014,50785620.0,0.13308612418647572,0.0,0.048222113979542125
2024-03-17,0.10719399899244308,0.10735999792814255,0.1078839972615242,0.09530399739742279,20253617.0,0.1324884367959406,0.0,0.048222113979542125
2024-03-18,0.10164300352334976,0.10817600041627884,0.11610899865627289,0.10113000124692917,20618823.0,0.19383348811634807,0.0,0.048222113979542125
2024-03-19,0.11170899868011475,0.10164099931716919,0.123989999294281,0.09370700269937515,35850583.0,0.08426828015005836,0.0,0.048222113979542125
2024-03-20,0.11590400338172913,0.11174099892377853,0.11755499988794327,0.10098399966955185,23450639.0,0.04270670060015095,0.0,0.048222113979542125
2024-03-21,0.1559620052576065,0.11594200134277344,0.16431200504302979,0.11562799662351608,70244222.0,-0.2304726048865886,0.0,0.048222113979542125
2024-03-22,0.1350889950990677,0.15590299665927887,0.163332000374794,0.13196200132369995,36090451.0,-0.11604145580115802,0.0,0.048222113979542125
2024-03-23,0.13279199600219727,0.13523900508880615,0.13803599774837494,0.13101400434970856,14348629.0,-0.10497922378909012,0.0,0.048222113979542125
2024-03-24,0.14897699654102325,0.13282500207424164,0.15610800683498383,0.12841099500656128,24721338.0,-0.2070782864287946,0.0,0.048222113979542125
2024-03-25,0.15416699647903442,0.1490049958229065,0.1541679948568344,0.13944099843502045,17766951.0,-0.2394962975054676,0.0,0.048222113979542125
2024-03-26,0.1688999980688095,0.15416699647903442,0.18996700644493103,0.15401700139045715,52500121.0,-0.31274534595819514,0.0,0.048222113979542125
2024-03-27,0.184128999710083,0.16892600059509277,0.20813299715518951,0.16552899777889252,62646198.0,-0.37657960342339847,0.0,0.048222113979542125
2024-03-28,0.18219900131225586,0.184128999710083,0.187623992562294,0.17634400725364685,23627307.0,-0.3767832770901183,0.0,0.048222113979542125
2024-03-29,0.18450400233268738,0.18219900131225586,0.21387900412082672,0.1816840022802353,42381536.0,-0.39155707455134786,0.0,0.048222113979542125
2024-03-30,0.17781299352645874,0.18456900119781494,0.1911569982767105,0.17357100546360016,24090207.0,-0.3756145526601469,0.0,0.048222113979542125
2024-03-31,0.18621300160884857,0.17779900133609772,0.18783999979496002,0.17650200426578522,14465132.0,-0.41108665488718044,0.0,0.048222113979542125
2024-04-01,0.1816679984331131,0.18609899282455444,0.2074200063943863,0.17348399758338928,43969911.0,-0.4035512255377017,0.0,0.048222113979542125
2024-04-02,0.16051700711250305,0.18165099620819092,0.18814800679683685,0.16036200523376465,25509196.0,-0.3314293950277983,0.0,0.048222113979542125
2024-04-03,0.16077600419521332,0.1605129987001419,0.17026300728321075,0.15545600652694702,19466465.0,-0.33925951872190324,0.0,0.048222113979542125
2024-04-04,0.16466699540615082,0.16077199578285217,0.1710679978132248,0.15764600038528442,14190045.0,-0.36158296824376274,0.0,0.048222113979542125
2024-04-05,0.15372100472450256,0.16462799906730652,0.1647610068321228,0.1452759951353073,13053708.0,-0.32267660106924917,0.0,0.048222113979542125
2024-04-06,0.15473400056362152,0.15372100472450256,0.15768299996852875,0.1528400033712387,7502910.0,-0.33386004565447736,0.0,0.048222113979542125
2024-04-07,0.15839999914169312,0.15479500591754913,0.16080300509929657,0.15360599756240845,7816258.0,-0.3559169030048902,0.0,0.048222113979542125
2024-04-08,0.17434699833393097,0.15839999914169312,0.17487099766731262,0.15522299706935883,12492385.0,-0.4219864429881794,-1.0,0.47588894301022894
2024-04-09,0.15921500325202942,0.17434799671173096,0.17444099485874176,0.15829600393772125,11157150.0,-0.37371397842685256,0.0,0.048222113979542125
2024-04-10,0.15626800060272217,0.1592389941215515,0.15996700525283813,0.1498270034790039,10584369.0,-0.3686423348528973,0.0,0.048222113979542125
2024-04-11,0.15288899838924408,0.15622200071811676,0.16080999374389648,0.1508219987154007,8691981.0,-0.36207079511627976,0.0,0.048222113979542125
2024-04-12,0.12220600247383118,0.152878999710083,0.15526999533176422,0.10881400108337402,15964246.0,-0.2084002737093079,0.0,0.048222113979542125
2024-04-13,0.10816100239753723,0.12221600115299225,0.12630300223827362,0.09482699632644653,17522771.0,-0.11094243770322551,0.0,0.048222113979542125
2024-04-14,0.12005700170993805,0.10802300274372101,0.12142100185155869,0.1045759990811348,12259846.0,-0.205379143033165,0.0,0.048222113979542125
2024-04-15,0.11666499823331833,0.12009000033140182,0.13149499893188477,0.11281300336122513,12225067.0,-0.18821798261600198,0.0,0.048222113979542125
2024-04-16,0.11722800135612488,0.11666099727153778,0.11888100206851959,0.11048799753189087,8796480.0,-0.1977927314605331,0.0,0.048222113979542125
2024-04-17,0.1140189990401268,0.11724500358104706,0.1205739974975586,0.10988900065422058,11040545.0,-0.18072331867584074,0.0,0.048222113979542125
2024-04-18,0.11267899721860886,0.11405599862337112,0.11580000072717667,0.10880199819803238,7998084.0,-0.1764924934058636,0.0,0.048222113979542125
2024-04-19,0.11529699712991714,0.1126910001039505,0.11905500292778015,0.10132399946451187,12467413.0,-0.20074282281507388,0.0,0.048222113979542125
2024-04-20,0.1318719983100891,0.11529699712991714,0.1324390023946762,0.11261700093746185,9147128.0,-0.30754560087799865,0.0,0.048222113979542125
2024-04-21,0.12891599535942078,0.1318719983100891,0.13300399482250214,0.12427999824285507,8336870.0,-0.29763739758160745,0.0,0.048222113979542125
2024-04-22,0.13202700018882751,0.12891599535942078,0.1410669982433319,0.12742400169372559,12415217.0,-0.3199355504612821,0.0,0.048222113979542125
2024-04-23,0.1262650042772293,0.13202600181102753,0.13436999917030334,0.12462499737739563,9381833.0,-0.2943849431444037,0.0,0.048222113979542125
2024-04-24,0.1172579973936081,0.1262650042772293,0.12883900105953217,0.11630699783563614,8967762.0,-0.24532551222020352,0.0,0.048222113979542125
2024-04-25,0.11603400111198425,0.11723899841308594,0.11977100372314453,0.11323899775743484,8244002.0,-0.2426066480707459,0.0,0.048222113979542125
2024-04-26,0.1096159964799881,0.11603400111198425,0.11644899845123291,0.10935600101947784,5671905.0,-0.20272759001543925,0.0,0.048222113979542125
2024-04-27,0.11137299984693527,0.1096159964799881,0.11284200102090836,0.10532300174236298,7129528.0,-0.21986766201234623,0.0,0.048222113979542125
2024-04-28,0.11042000353336334,0.11137499660253525,0.11565700173377991,0.10983599722385406,5301836.0,-0.2175022447941029,0.0,0.048222113979542125
2024-04-29,0.10296399891376495,0.11042000353336334,0.11201100051403046,0.10077200084924698,7716884.0,-0.1649237914866178,0.0,0.048222113979542125
2024-04-30,0.09855300188064575,0.10293900221586227,0.1042110025882721,0.09380300343036652,9221494.0,-0.13148981630200954,0.0,0.048222113979542125
2024-05-01,0.09938699752092361,0.09853100031614304,0.09978999942541122,0.09204699844121933,8786774.0,-0.14318304711046845,0.0,0.048222113979542125
2024-05-02,0.09965000301599503,0.09940099716186523,0.1007310003042221,0.0949610024690628,5036133.0,-0.15005856323864736,0.0,0.048222113979542125
2024-05-03,0.10438700020313263,0.09965000301599503,0.10503699630498886,0.09814800322055817,6633404.0,-0.19320242497181708,0.0,0.048222113979542125
2024-05-04,0.10503300279378891,0.10438600182533264,0.10720899701118469,0.10341700166463852,5397910.0,-0.2027569322496412,0.0,0.048222113979542125
2024-05-05,0.10615800321102142,0.10503300279378891,0.10815200209617615,0.10181400179862976,4141154.0,-0.21616176032214215,0.0,0.048222113979542125
2024-05-06,0.1059190034866333,0.10615800321102142,0.11230699717998505,0.10522200167179108,7915271.0,-0.21937318624193564,0.0,0.048222113979542125
2024-05-07,0.10361500084400177,0.1059269979596138,0.10940700024366379,0.10323700308799744,5462938.0,-0.20700476177806973,0.0,0.048222113979542125
2024-05-08,0.09695500135421753,0.10360100120306015,0.10378699749708176,0.09669099748134613,4913025.0,-0.15732815513680226,0.0,0.048222113979542125
2024-05-09,0.09945499897003174,0.09695500135421753,0.10021699965000153,0.09523399919271469,5094960.0,-0.1836277879741798,0.0,0.048222113979542125
2024-05-10,0.09698200225830078,0.09945099800825119,0.10650999844074249,0.09634999930858612,8552883.0,-0.1683345226842298,0.0,0.048222113979542125
2024-05-11,0.09321200102567673,0.09698200225830078,0.09869799762964249,0.09313199669122696,3938073.0,-0.14038851088429755,0.0,0.048222113979542125
2024-05-12,0.09262199699878693,0.09322100132703781,0.09453699737787247,0.09193000197410583,3821199.0,-0.1408295458009455,0.0,0.048222113979542125
2024-05-13,0.08997199684381485,0.09262199699878693,0.09339500218629837,0.08746100217103958,4312093.0,-0.12157932909447897,0.0,0.048222113979542125
2024-05-14,0.08347900211811066,0.08997199684381485,0.09078200161457062,0.08279299736022949,3821213.0,-0.0584229016597031,0.0,0.048222113979542125
2024-05-15,0.09247499704360962,0.08347900211811066,0.09484399855136871,0.0825750008225441,5475339.0,-0.15598550385282092,0.0,0.048222113979542125
2024-05-16,0.09521900117397308,0.09248500317335129,0.09805399924516678,0.09172999858856201,6800025.0,-0.18510975031756832,0.0,0.048222113979542125
2024-05-17,0.10022000223398209,0.09521900117397308,0.10336100310087204,0.09418699890375137,6687133.0,-0.23065614619730831,0.0,0.048222113979542125
2024-05-18,0.10049399733543396,0.10022000223398209,0.10139100253582001,0.09852500259876251,3066248.0,-0.23700311385439712,0.0,0.048222113979542125
2024-05-19,0.09470099955797195,0.100491002202034,0.10145299881696701,0.0941310003399849,4100574.0,-0.19457090479218705,0.0,0.048222113979542125
2024-05-20,0.10695900022983551,0.09470800310373306,0.10715799778699875,0.09327200055122375,9292683.0,-0.2907776436734152,0.0,0.048222113979542125
2024-05-21,0.10735999792814255,0.1071690022945404,0.10993699729442596,0.10535400360822678,8059552.0,-0.29795856876847593,0.0,0.048222113979542125
2024-05-22,0.11106300354003906,0.10735999792814255,0.11642199754714966,0.10723000019788742,20796751.0,-0.32645555601258053,0.0,0.048222113979542125
2024-05-23,0.11018700152635574,0.11132100224494934,0.11786500364542007,0.10501600056886673,13707870.0,-0.32667777482160065,0.0,0.048222113979542125
2024-05-24,0.11144299805164337,0.11018700152635574,0.1115259975194931,0.10541599988937378,6024213.0,-0.3401306261052771,0.0,0.048222113979542125
2024-05-25,0.10932300239801407,0.11145800352096558,0.11302500218153,0.10856100171804428,3139867.0,-0.33315878958618705,0.0,0.048222113979542125
2024-05-26,0.10700099915266037,0.10934100300073624,0.11040599644184113,0.10543599724769592,3919906.0,-0.3243819215044332,0.0,0.048222113979542125
2024-05-27,0.11153200268745422,0.10699400305747986,0.1131730005145073,0.10616599768400192,5228935.0,-0.35727127995439845,0.0,0.048222113979542125
2024-05-28,0.10565199702978134,0.11154799908399582,0.11194299906492233,0.10507000237703323,4719089.0,-0.32664671769568954,0.0,0.048222113979542125
2024-05-29,0.09959100186824799,0.10566499829292297,0.10667800158262253,0.09923399984836578,5261262.0,-0.290478667102513,0.0,0.048222113979542125
2024-05-30,0.09956599771976471,0.09960799664258957,0.10213100165128708,0.09518399834632874,7221663.0,-0.2946394340895917,0.0,0.048222113979542125
2024-05-31,0.10016199946403503,0.0996050015091896,0.10109999775886536,0.09775800257921219,4159294.0,-0.3025605633087001,0.0,0.048222113979542125
2024-06-01,0.0992479994893074,0.10003499686717987,0.10033000260591507,0.09861099720001221,2329531.0,-0.29972991820361294,0.0,0.048222113979542125
2024-06-02,0.0948370024561882,0.0992479994893074,0.1001800000667572,0.09465400129556656,4607196.0,-0.270490690731586,0.0,0.048222113979542125
2024-06-03,0.0973299965262413,0.09483399987220764,0.09867600351572037,0.09450999647378922,4337450.0,-0.29339480725064476,0.0,0.048222113979542125
2024-06-04,0.09907999634742737,0.09732799977064133,0.09919100254774094,0.09521900117397308,3368221.0,-0.31070236447335814,0.0,0.048222113979542125
2024-06-05,0.10871399939060211,0.09907999634742737,0.10978599637746811,0.09894700348377228,12579268.0,-0.3774928845952023,0.0,0.048222113979542125
2024-06-06,0.111005999147892,0.10868299752473831,0.11216700077056885,0.10806100070476532,6020180.0,-0.39636402647158486,0.0,0.048222113979542125
2024-06-07,0.10661700367927551,0.11100000143051147,0.1317880004644394,0.0987429991364479,30110828.0,-0.377211039614781,0.0,0.048222113979542125
2024-06-08,0.10698399692773819,0.10665799677371979,0.11428000032901764,0.10423699766397476,13772727.0,-0.38521245691344175,0.0,0.048222113979542125
2024-06-09,0.10485800355672836,0.10698500275611877,0.1096860021352768,0.10271500051021576,6711735.0,-0.3787694045556028,0.0,0.048222113979542125
2024-06-10,0.09734699875116348,0.10486000031232834,0.10491900146007538,0.09734699875116348,5724130.0,-0.33608966481551195,0.0,0.048222113979542125
2024-06-11,0.09303600341081619,0.09734799712896347,0.0976179987192154,0.09204500168561935,6059682.0,-0.31044667332200226,0.0,0.048222113979542125
2024-06-12,0.0933379977941513,0.0930510014295578,0.09794999659061432,0.08953700214624405,6739421.0,-0.31743691851647166,0.0,0.048222113979542125
2024-06-13,0.08566699922084808,0.09348899871110916,0.09348899871110916,0.0849360004067421,4869702.0,-0.2605993131204298,0.0,0.048222113979542125
2024-06-14,0.08435600250959396,0.0858059972524643,0.0906670019030571,0.08224599808454514,6116776.0,-0.2531390721378666,0.0,0.048222113979542125
2024-06-15,0.08562800288200378,0.08435600250959396,0.08698999881744385,0.08414600044488907,1819536.0,-0.2681932017197887,0.0,0.048222113979542125
2024-06-16,0.08811900019645691,0.08577299863100052,0.0881199985742569,0.08386500179767609,1410523.0,-0.29243017996972676,0.0,0.048222113979542125
2024-06-17,0.080035001039505,0.08814399689435959,0.08977799862623215,0.07888799905776978,4181719.0,-0.22345016911982346,0.0,0.048222113979542125
2024-06-18,0.07084999978542328,0.08003100007772446,0.08011899888515472,0.067842997610569,6823260.0,-0.12432032762464175,0.0,0.048222113979542125
2024-06-19,0.07597599923610687,0.07088399678468704,0.07675199955701828,0.07010500133037567,2291827.0,-0.18550829380359593,0.0,0.048222113979542125
2024-06-20,0.07801300287246704,0.07597599923610687,0.08002699911594391,0.07550399750471115,2968043.0,-0.20777187466948682,0.0,0.048222113979542125
2024-06-21,0.07620199769735336,0.07798700034618378,0.07878799736499786,0.07427900284528732,2972008.0,-0.18883797869883545,0.0,0.048222113979542125
2024-06-22,0.07396300137042999,0.07618799805641174,0.07641199976205826,0.0739160031080246,1513503.0,-0.16375692877652753,0.0,0.048222113979542125
2024-06-23,0.07192900031805038,0.07396399974822998,0.07713700085878372,0.07164400070905685,2044021.0,-0.1388156314488232,0.0,0.048222113979542125
2024-06-24,0.07182399928569794,0.07193200290203094,0.07254300266504288,0.06850700080394745,4816426.0,-0.1369531549847967,0.0,0.048222113979542125
2024-06-25,0.07326599955558777,0.07183700054883957,0.07432900369167328,0.07157699763774872,2675174.0,-0.15193268130426113,0.0,0.048222113979542125
2024-06-26,0.06957399845123291,0.0732560008764267,0.0738380029797554,0.06908100098371506,1876825.0,-0.10430464902524099,0.0,0.048222113979542125
2024-06-27,0.07184699922800064,0.06957300007343292,0.07389599829912186,0.06924600154161453,3859335.0,-0.12993698862030043,0.0,0.048222113979542125
2024-06-28,0.0691009983420372,0.07185500115156174,0.07271900027990341,0.06906700134277344,1995887.0,-0.0886703937104392,0.0,0.048222113979542125
2024-06-29,0.06701000034809113,0.06908900290727615,0.07032900303602219,0.06688500195741653,1556026.0,-0.051515593612263245,0.0,0.048222113979542125
2024-06-30,0.07005400210618973,0.06700900197029114,0.07056599855422974,0.06625799834728241,2002550.0,-0.08422043253400142,0.0,0.048222113979542125
2024-07-01,0.06952899694442749,0.07005000114440918,0.0715939998626709,0.06933899968862534,2179827.0,-0.07027998682917273,0.0,0.048222113979542125
2024-07-02,0.07010799646377563,0.06951700150966644,0.07079999893903732,0.06846100091934204,1925774.0,-0.068495294964401,0.0,0.048222113979542125
2024-07-03,0.06780499964952469,0.07011000066995621,0.07316199690103531,0.06725399941205978,6386071.0,-0.025155640272495335,0.0,0.048222113979542125
2024-07-04,0.058083001524209976,0.06780099868774414,0.06825699657201767,0.05781500041484833,3993360.0,0.15205823105921412,0.0,0.048222113979542125
2024-07-05,0.05550000071525574,0.05820599943399429,0.05824200063943863,0.05144200101494789,6021272.0,0.2211926045761689,0.0,0.048222113979542125
2024-07-06,0.059702999889850616,0.05550000071525574,0.06027499958872795,0.055364999920129776,2543779.0,0.15170630477074493,0.0,0.048222113979542125
2024-07-07,0.05608600005507469,0.059702999889850616,0.060054998844861984,0.05604200065135956,2030812.0,0.2512896854192454,0.0,0.048222113979542125
2024-07-08,0.05843200162053108,0.05608600005507469,0.06006599962711334,0.05449000000953674,2866044.0,0.2247787499486057,0.0,0.048222113979542125
2024-07-09,0.0613350011408329,0.05843000113964081,0.06233200058341026,0.057982999831438065,2720032.0,0.1865300425256644,0.0,0.048222113979542125
2024-07-10,0.06126299872994423,0.0613350011408329,0.06287200003862381,0.060141000896692276,2040983.0,0.21029222444798432,0.0,0.048222113979542125
2024-07-11,0.060506001114845276,0.061264000833034515,0.06296700239181519,0.06018200144171715,2807792.0,0.24414813693738907,0.0,0.048222113979542125
2024-07-12,0.06153300032019615,0.06052999943494797,0.06203100085258484,0.05882199853658676,2116049.0,0.24200350880886157,0.0,0.048222113979542125
2024-07-13,0.06159700080752373,0.06151999905705452,0.06252700090408325,0.060458000749349594,1582049.0,0.25823882764060035,0.0,0.048222113979542125
2024-07-14,0.06427200138568878,0.061611998826265335,0.06507600098848343,0.061569999903440475,2347097.0,0.22357933717328757,0.0,0.048222113979542125
2024-07-15,0.06827899813652039,0.06427299976348877,0.06836900115013123,0.06411100178956985,2909455.0,0.17030600390569378,0.0,0.048222113979542125
2024-07-16,0.06810499727725983,0.06828399747610092,0.06903500109910965,0.06467600166797638,3477971.0,0.19140757429907193,0.0,0.048222113979542125
2024-07-17,0.06661699712276459,0.06810499727725983,0.06941399723291397,0.06649699807167053,2788945.0,0.23758080400704668,0.0,0.048222113979542125
2024-07-18,0.06494200229644775,0.06659699976444244,0.06800799816846848,0.06358399987220764,1774077.0,0.28754939571051563,0.0,0.048222113979542125
2024-07-19,0.06849200278520584,0.06493999809026718,0.06910700350999832,0.06412500143051147,2209237.0,0.24098099620594515,0.0,0.048222113979542125
2024-07-20,0.06869000196456909,0.06853699684143066,0.07147099822759628,0.06818199902772903,2231128.0,0.26444339303156766,0.0,0.048222113979542125
2024-07-21,0.0699089989066124,0.06869000196456909,0.0702819973230362,0.06603299826383591,2774742.0,0.27020962767589357,0.0,0.048222113979542125
2024-07-22,0.06763199716806412,0.06990499794483185,0.07311400026082993,0.0673149973154068,3180916.0,0.33797370055711223,0.0,0.048222113979542125
2024-07-23,0.06591899693012238,0.06762699782848358,0.06898099929094315,0.06521400064229965,2308019.0,0.3940565544497384,0.0,0.048222113979542125
2024-07-24,0.06261000037193298,0.06591600179672241,0.06695999950170517,0.062189001590013504,1900313.0,0.49080018470703246,0.0,0.048222113979542125
2024-07-25,0.06102700158953667,0.06261099874973297,0.06266599893569946,0.05834599956870079,2223162.0,0.5520233836231683,0.0,0.048222113979542125
2024-07-26,0.0642779991030693,0.061021000146865845,0.06464699655771255,0.06077300012111664,1599047.0,0.4957615514129661,0.0,0.048222113979542125
2024-07-27,0.06451600044965744,0.06428399682044983,0.06518399715423584,0.06257999688386917,1502374.0,0.5081834530885546,0.0,0.048222113979542125
2024-07-28,0.061962999403476715,0.06450899690389633,0.06451000273227692,0.06157499924302101,869673.0,0.5914883699275946,0.0,0.048222113979542125
2024-07-29,0.06160999834537506,0.06198199838399887,0.06487900018692017,0.0613429993391037,1186275.0,0.619956415303013,0.0,0.048222113979542125
2024-07-30,0.0601859986782074,0.061604999005794525,0.06295400112867355,0.059126000851392746,1090723.0,0.6760151086614798,0.0,0.048222113979542125
2024-07-31,0.05789899826049805,0.0601859986782074,0.060802001506090164,0.05754999816417694,1226998.0,0.7601324379393093,0.0,0.048222113979542125
2024-08-01,0.056703001260757446,0.05790200084447861,0.05857300013303757,0.0540039986371994,1770705.0,0.8165633751872745,0.0,0.048222113979542125
2024-08-02,0.05198200047016144,0.056678999215364456,0.05683400109410286,0.05184999853372574,1817585.0,1.001143923627328,1.0,0.47588894301022894
2024-08-03,0.04865200072526932,0.05198200047016144,0.052299998700618744,0.04739899933338165,1829883.0,1.1605730675952919,1.0,0.47588894301022894
2024-08-04,0.046587999910116196,0.04865799844264984,0.050314001739025116,0.04594000056385994,1430860.0,1.2850828708486484,1.0,0.47588894301022894
2024-08-05,0.044206999242305756,0.046587999910116196,0.04671299830079079,0.03889499977231026,5766530.0,1.4373182036577778,1.0,0.47588894301022894
2024-08-06,0.04724600166082382,0.04417100176215172,0.048266999423503876,0.044140998274087906,3173301.0,1.3153612139142954,1.0,0.47588894301022894
2024-08-07,0.04613399878144264,0.04724999889731407,0.04908899962902069,0.04564499855041504,3319776.0,1.407284129856625,1.0,0.47588894301022894
2024-08-08,0.05681400001049042,0.046126000583171844,0.05716300010681152,0.04523799940943718,6137068.0,0.9801886982210927,1.0,0.47588894301022894
2024-08-09,0.05911099910736084,0.05688999965786934,0.06203899905085564,0.0558600015938282,10368770.0,0.9297502375987453,1.0,0.47588894301022894
2024-08-10,0.06462299823760986,0.059122998267412186,0.06656099855899811,0.059050001204013824,6776218.0,0.7871455346310803,0.0,0.048222113979542125
2024-08-11,0.06096100062131882,0.06462299823760986,0.06480900198221207,0.060683999210596085,4156372.0,0.9184599526255468,1.0,0.47588894301022894
2024-08-12,0.0719119980931282,0.06086599826812744,0.0766180008649826,0.06028600037097931,16743205.0,0.6419091062415694,0.0,0.048222113979542125
2024-08-13,0.06649000197649002,0.0719119980931282,0.07194600254297256,0.06543099880218506,5520836.0,0.7980080634927821,0.0,0.048222113979542125
2024-08-14,0.06357800215482712,0.06649000197649002,0.06797199696302414,0.061030998826026917,4404087.0,0.924323489567015,1.0,0.47588894301022894
2024-08-15,0.05856800079345703,0.06357499957084656,0.06367699801921844,0.05659399926662445,4801772.0,1.156241435874152,1.0,0.47588894301022894
2024-08-16,0.05654599890112877,0.058570001274347305,0.06055799871683121,0.055622998625040054,5539013.0,1.2976929940051602,1.0,0.47588894301022894
2024-08-17,0.0558370016515255,0.05655699968338013,0.05718399956822395,0.05461899936199188,3054726.0,1.4078780491312763,1.0,0.47588894301022894
2024-08-18,0.05582199990749359,0.0558370016515255,0.05743499845266342,0.055358000099658966,2975016.0,1.485102099270882,1.0,0.47588894301022894
2024-08-19,0.060545001178979874,0.05581200122833252,0.06075200065970421,0.05525999888777733,4650730.0,1.3534961756989088,1.0,0.47588894301022894
2024-08-20,0.05998099967837334,0.06043599918484688,0.06228699907660484,0.05933300033211708,3434799.0,1.4296598832454837,1.0,0.47588894301022894
2024-08-21,0.05934000015258789,0.05991600081324577,0.06030699983239174,0.057760998606681824,2305472.0,1.5164634339562895,1.0,0.47588894301022894
2024-08-22,0.0632769986987114,0.05943699926137924,0.06350000202655792,0.05902300029993057,2975480.0,1.4193551968747882,1.0,0.47588894301022894
2024-08-23,0.06882999837398529,0.0632769986987114,0.06969299912452698,0.06307400017976761,4828610.0,1.2788988944905744,1.0,0.47588894301022894
2024-08-24,0.06930000334978104,0.06879899650812149,0.07187200337648392,0.06725200265645981,3933316.0,1.3144656360967564,1.0,0.47588894301022894
2024-08-25,0.06829900294542313,0.06930000334978104,0.06992600113153458,0.06607799977064133,2667020.0,1.3996186239743984,1.0,0.47588894301022894
2024-08-26,0.06283999979496002,0.06832800060510635,0.06906499713659286,0.06277500092983246,2341792.0,1.6590214048760707,1.0,0.47588894301022894
2024-08-27,0.05890500172972679,0.06283999979496002,0.06475300341844559,0.058028001338243484,3352196.0,1.8936007869768694,1.0,0.47588894301022894
2024-08-28,0.056602999567985535,0.058924999088048935,0.0596579983830452,0.05426200106739998,3437815.0,2.064655859114793,1.0,0.47588894301022894
2024-08-29,0.05489199981093407,0.05652099847793579,0.058559998869895935,0.05451999977231026,2656009.0,2.2191504700132647,1.0,0.47588894301022894
2024-08-30,0.055601999163627625,0.05495100095868111,0.05595900118350983,0.05249499902129173,2156665.0,2.233812294131352,1.0,0.47588894301022894
2024-08-31,0.054276999086141586,0.05567999929189682,0.055775001645088196,0.053658001124858856,1272892.0,2.3710078547252293,1.0,0.47588894301022894
2024-09-01,0.05181799829006195,0.054276999086141586,0.05514400079846382,0.0516510009765625,2530625.0,2.5910150951669015,1.0,0.47588894301022894
2024-09-02,0.054395999759435654,0.051715001463890076,0.05512800067663193,0.051493000239133835,2524742.0,2.4799805969978648,1.0,0.47588894301022894
2024-09-03,0.053018998354673386,0.054395999759435654,0.05604200065135956,0.0530179999768734,2913928.0,2.6412623606252392,1.0,0.47588894301022894
2024-09-04,0.05602400004863739,0.05300600081682205,0.05718600004911423,0.0513949990272522,3378036.0,2.5140607168577866,1.0,0.47588894301022894
2024-09-05,0.05485299974679947,0.05602400004863739,0.057472001761198044,0.05412499979138374,3214323.0,2.654641899797063,1.0,0.47588894301022894
2024-09-06,0.055792998522520065,0.054933998733758926,0.05915600061416626,0.05346899852156639,5871002.0,2.660306299259638,1.0,0.47588894301022894
2024-09-07,0.05714799836277962,0.055792998522520065,0.05910300090909004,0.05529399961233139,4061807.0,2.641832748371031,1.0,0.47588894301022894
2024-09-08,0.06184300035238266,0.05714799836277962,0.06312199681997299,0.056605998426675797,6001904.0,2.4242644119106047,1.0,0.47588894301022894
2024-09-09,0.06330399960279465,0.06184700131416321,0.06450700014829636,0.059794001281261444,4122117.0,2.4012072620563787,1.0,0.47588894301022894
2024-09-10,0.06167199835181236,0.06337600201368332,0.06431300193071365,0.06077500060200691,3057317.0,2.556221285043225,1.0,0.47588894301022894
2024-09-11,0.06252899765968323,0.06167199835181236,0.0626320019364357,0.05850499868392944,2987190.0,2.5711056059123085,1.0,0.47588894301022894
2024-09-12,0.07148399949073792,0.06253000348806381,0.072113998234272,0.062307000160217285,7336174.0,2.1850379240770996,1.0,0.47588894301022894
2024-09-13,0.07688000053167343,0.07150200009346008,0.07788100093603134,0.0691860020160675,7026399.0,2.017831719080108,1.0,0.47588894301022894
2024-09-14,0.07722900062799454,0.07688000053167343,0.07830200344324112,0.07464899867773056,4154492.0,2.059089077590861,1.0,0.47588894301022894
2024-09-15,0.0797479972243309,0.07724899798631668,0.08252400159835815,0.0772479996085167,6403762.0,2.0143851446084016,1.0,0.47588894301022894
2024-09-16,0.07546500116586685,0.0797479972243309,0.08119899779558182,0.07420600205659866,6588793.0,2.227908341177231,1.0,0.47588894301022894
2024-09-17,0.08561599999666214,0.07545100152492523,0.08737800270318985,0.07365000247955322,7054904.0,1.8787641736231895,1.0,0.47588894301022894
2024-09-18,0.08491300046443939,0.08560500293970108,0.08989600092172623,0.07866500318050385,9876198.0,1.9448822214264014,1.0,0.47588894301022894
2024-09-19,0.08816900104284286,0.08498000353574753,0.08932100236415863,0.08497700095176697,7206151.0,1.8799646558884828,1.0,0.47588894301022894
2024-09-20,0.10794000327587128,0.08816000074148178,0.11449199914932251,0.08570999652147293,31086133.0,1.387298974697668,1.0,0.47588894301022894
2024-09-21,0.11607900261878967,0.10793499648571014,0.13193300366401672,0.10793499648571014,28038276.0,1.2474979564581943,1.0,0.47588894301022894
2024-09-22,0.12012500315904617,0.11605600267648697,0.12624900043010712,0.11090700328350067,19198374.0,1.2052143489266327,1.0,0.47588894301022894
2024-09-23,0.11056099832057953,0.12006799876689911,0.121908999979496,0.10891500115394592,11925613.0,1.4280081025551785,1.0,0.47588894301022894
2024-09-24,0.12583599984645844,0.11061599850654602,0.12952400743961334,0.10615299642086029,16136117.0,1.1580470773786267,1.0,0.47588894301022894
2024-09-25,0.1344500035047531,0.1259630024433136,0.13908599317073822,0.12410099804401398,23741040.0,1.0404973857539013,1.0,0.47588894301022894
2024-09-26,0.1265999972820282,0.13435900211334229,0.13678500056266785,0.12450700253248215,13883741.0,1.1865864049729904,1.0,0.47588894301022894
2024-09-27,0.12783999741077423,0.1264750063419342,0.1322149932384491,0.12421700358390808,9195176.0,1.1869908479113571,1.0,0.47588894301022894
2024-09-28,0.14237000048160553,0.12783999741077423,0.1423960030078888,0.12564300000667572,13314511.0,0.9795819473128272,1.0,0.47588894301022894
2024-09-29,0.17532500624656677,0.14235199987888336,0.19566699862480164,0.14185599982738495,51508808.0,0.6177484063641067,0.0,0.048222113979542125
2024-09-30,0.17489300668239594,0.17531700432300568,0.1838580071926117,0.16200600564479828,33562154.0,0.6342748228049473,0.0,0.048222113979542125
2024-10-01,0.1629370003938675,0.17489300668239594,0.18417100608348846,0.15243199467658997,33479033.0,0.768685639290349,0.0,0.048222113979542125
2024-10-02,0.17636899650096893,0.16312600672245026,0.1864980012178421,0.16094499826431274,27280693.0,0.6472826200373218,0.0,0.048222113979542125
2024-10-03,0.15561899542808533,0.17622999846935272,0.1873600035905838,0.15291200578212738,27127917.0,0.8811996010116997,1.0,0.47588894301022894
2024-10-04,0.15777799487113953,0.15543200075626373,0.1657779961824417,0.1506190001964569,18865400.0,0.8683965939824103,1.0,0.47588894301022894
2024-10-05,0.15227800607681274,0.15790699422359467,0.1591939926147461,0.1429480016231537,12295208.0,0.9497773913375902,1.0,0.47588894301022894
2024-10-06,0.1598770022392273,0.1521109938621521,0.1684730052947998,0.14939099550247192,17296034.0,0.8679236587127873,1.0,0.47588894301022894
2024-10-07,0.17457500100135803,0.1598149985074997,0.18701200187206268,0.15941700339317322,23993065.0,0.7192813696252509,0.0,0.048222113979542125
2024-10-08,0.17171800136566162,0.17464099824428558,0.1850689947605133,0.16819100081920624,18558380.0,0.7559471629728619,0.0,0.048222113979542125
2024-10-09,0.17607800662517548,0.17189399898052216,0.19043099880218506,0.16465100646018982,25224884.0,0.7205737814766204,0.0,0.048222113979542125
2024-10-10,0.16339999437332153,0.17606699466705322,0.1772879958152771,0.15747299790382385,14766716.0,0.8653440893370024,1.0,0.47588894301022894
2024-10-11,0.18451599776744843,0.16340099275112152,0.18577100336551666,0.15892000496387482,11304651.0,0.6639394070215068,0.0,0.048222113979542125
2024-10-12,0.2247070074081421,0.1845179945230484,0.22781500220298767,0.1798110008239746,25707110.0,0.3759200659845673,0.0,0.048222113979542125
2024-10-13,0.23324400186538696,0.22475500404834747,0.23444999754428864,0.20746999979019165,25511858.0,0.3341036662864503,0.0,0.048222113979542125
2024-10-14,0.2096550017595291,0.23324400186538696,0.23407399654388428,0.20872600376605988,23852804.0,0.4944419874606063,0.0,0.048222113979542125
2024-10-15,0.18393699824810028,0.20960700511932373,0.2096569985151291,0.17772099375724792,24270819.0,0.715062326261626,0.0,0.048222113979542125
2024-10-16,0.18392199277877808,0.1841679960489273,0.19004899263381958,0.1727920025587082,14427643.0,0.7263610972131512,0.0,0.048222113979542125
2024-10-17,0.17663900554180145,0.18387000262737274,0.19699299335479736,0.17642399668693542,21282835.0,0.8063542499703225,0.0,0.048222113979542125
2024-10-18,0.18433299660682678,0.17666800320148468,0.1870020031929016,0.17403799295425415,15850153.0,0.73978378602728,0.0,0.048222113979542125
2024-10-19,0.16173799335956573,0.18440000712871552,0.18440400063991547,0.1579589992761612,17994770.0,0.9940043430254645,1.0,0.47588894301022894
2024-10-20,0.1721230000257492,0.16173100471496582,0.1746480017900467,0.15867100656032562,10854700.0,0.8826295403804549,1.0,0.47588894301022894
2024-10-21,0.161748006939888,0.17202800512313843,0.1739729940891266,0.1558929979801178,12466765.0,1.0130842679987178,1.0,0.47588894301022894
2024-10-22,0.14982500672340393,0.1615000069141388,0.16489100456237793,0.14733299612998962,13862882.0,1.1850537288111498,1.0,0.47588894301022894
2024-10-23,0.1450289934873581,0.14982399344444275,0.150395005941391,0.13857200741767883,15489369.0,1.2718174081134794,1.0,0.47588894301022894
2024-10-24,0.14865699410438538,0.14601600170135498,0.15712599456310272,0.144896000623703,14067046.0,1.229736433908272,1.0,0.47588894301022894
2024-10-25,0.13756699860095978,0.14863699674606323,0.14921699464321136,0.13285699486732483,11320523.0,1.426132202985316,1.0,0.47588894301022894
2024-10-26,0.14044199883937836,0.1375579982995987,0.14409300684928894,0.13402600586414337,8155322.0,1.3895827994450547,1.0,0.47588894301022894
2024-10-27,0.15925200283527374,0.14044199883937836,0.16143999993801117,0.13894100487232208,13041528.0,1.1146044832867394,1.0,0.47588894301022894
2024-10-28,0.15249000489711761,0.15920299291610718,0.16013799607753754,0.1386609971523285,12144224.0,1.2146275025546405,1.0,0.47588894301022894
2024-10-29,0.18542900681495667,0.15252399444580078,0.18614399433135986,0.15161700546741486,28848211.0,0.8252726094837671,0.0,0.048222113979542125
2024-10-30,0.18608500063419342,0.18548299372196198,0.18876299262046814,0.17498399317264557,17009887.0,0.8223388582504082,0.0,0.048222113979542125
2024-10-31,0.17817699909210205,0.18608300387859344,0.187266007065773,0.17344999313354492,15789553.0,0.9066403248609644,1.0,0.47588894301022894
2024-11-01,0.19074100255966187,0.1781429946422577,0.1999790072441101,0.1718440055847168,31540926.0,0.7825395450813091,0.0,0.048222113979542125
2024-11-02,0.18400700390338898,0.19060400128364563,0.19119200110435486,0.18017500638961792,13443169.0,0.8494770192291818,0.0,0.048222113979542125
2024-11-03,0.18364599347114563,0.18398599326610565,0.18502600491046906,0.163783997297287,15270928.0,0.8544905575699437,1.0,0.47588894301022894
2024-11-04,0.1661369949579239,0.1835629940032959,0.18374699354171753,0.16345299780368805,15037836.0,1.052613618796524,1.0,0.47588894301022894
2024-11-05,0.19052399694919586,0.1661980003118515,0.19696100056171417,0.1656550019979477,18540933.0,0.7893867619175063,0.0,0.048222113979542125
2024-11-06,0.2983649969100952,0.1905210018157959,0.34326401352882385,0.19049200415611267,434888940.0,0.13846120911395954,0.0,0.048222113979542125
2024-11-07,0.38970500230789185,0.29844599962234497,0.41515499353408813,0.28923600912094116,367600731.0,-0.13345544191753525,0.0,0.048222113979542125
2024-11-08,0.3621880114078522,0.38969698548316956,0.4517979919910431,0.34675100445747375,268074612.0,-0.07216217453549134,0.0,0.048222113979542125
2024-11-09,0.4357979893684387,0.3621880114078522,0.4396899938583374,0.35467201471328735,188143881.0,-0.23546198448392458,0.0,0.048222113979542125
2024-11-10,0.4148949980735779,0.43583500385284424,0.49237799644470215,0.40111398696899414,248389272.0,-0.20403357801981817,0.0,0.048222113979542125
2024-11-11,0.37714600563049316,0.4148949980735779,0.444925993680954,0.36253198981285095,142479277.0,-0.13082916518220733,0.0,0.048222113979542125
2024-11-12,0.3322249948978424,0.37714600563049316,0.37714600563049316,0.31154701113700867,183305236.0,-0.020125118218155283,0.0,0.048222113979542125
2024-11-13,0.36119499802589417,0.3322249948978424,0.3991340100765228,0.3110100030899048,233486236.0,-0.10629734814161348,0.0,0.048222113979542125
2024-11-14,0.3793349862098694,0.36119499802589417,0.38383200764656067,0.34225600957870483,149579557.0,-0.15708288659038638,0.0,0.048222113979542125
2024-11-15,0.38526400923728943,0.3793349862098694,0.4020659923553467,0.3424310088157654,177142880.0,-0.17824053960087427,0.0,0.048222113979542125
2024-11-16,0.36631301045417786,0.38530200719833374,0.41332098841667175,0.36232900619506836,136568497.0,-0.14336142250544975,0.0,0.048222113979542125
2024-11-17,0.36222198605537415,0.3663119971752167,0.3733609914779663,0.34512200951576233,94612940.0,-0.14133936359037116,0.0,0.048222113979542125
2024-11-18,0.3317529857158661,0.36212900280952454,0.36484599113464355,0.32680198550224304,82065669.0,-0.06958461277261778,0.0,0.048222113979542125
2024-11-19,0.3406960070133209,0.3317529857158661,0.3498679995536804,0.3240959942340851,71947153.0,-0.10132771585442109,0.0,0.048222113979542125
2024-11-20,0.3103800117969513,0.3406960070133209,0.3411169946193695,0.3038710057735443,77982910.0,-0.02008110789714785,0.0,0.048222113979542125
2024-11-21,0.326790988445282,0.3103789985179901,0.3309110105037689,0.29374200105667114,57014722.0,-0.07620030330696517,0.0,0.048222113979542125
2024-11-22,0.3160710036754608,0.326790988445282,0.3268060088157654,0.2982960045337677,45242564.0,-0.05150087380077707,0.0,0.048222113979542125
2024-11-23,0.31986498832702637,0.3160710036754608,0.34130600094795227,0.30712398886680603,65226343.0,-0.06980519772941067,0.0,0.048222113979542125
2024-11-24,0.3131439983844757,0.31986498832702637,0.3399620056152344,0.29720601439476013,60378916.0,-0.05699689926002907,0.0,0.048222113979542125
2024-11-25,0.3246920108795166,0.3131439983844757,0.33118000626564026,0.3002279996871948,70029306.0,-0.09803865674030457,0.0,0.048222113979542125
2024-11-26,0.3687799870967865,0.3246850073337555,0.3688719868659973,0.31610798835754395,149884376.0,-0.21400002921977504,0.0,0.048222113979542125
2024-11-27,0.3765389919281006,0.3687799870967865,0.3799389898777008,0.33226901292800903,101008366.0,-0.2382802727808481,0.0,0.048222113979542125
2024-11-28,0.3569450080394745,0.3765389919281006,0.38244199752807617,0.35308998823165894,73639623.0,-0.20397362068049085,0.0,0.048222113979542125
2024-11-29,0.37090998888015747,0.3569459915161133,0.37496399879455566,0.34406501054763794,57288254.0,-0.24186775901103502,0.0,0.048222113979542125
2024-11-30,0.38508298993110657,0.37090998888015747,0.38944798707962036,0.36586499214172363,57612817.0,-0.2774237539972987,0.0,0.048222113979542125
2024-12-01,0.36788299679756165,0.38508298993110657,0.38782998919487,0.36093100905418396,58331398.0,-0.2510645142916782,0.0,0.048222113979542125
2024-12-02,0.3609359860420227,0.36652499437332153,0.3702180087566376,0.3313179910182953,59961743.0,-0.24484251341407232,0.0,0.048222113979542125
2024-12-03,0.39844900369644165,0.36093801259994507,0.4189470112323761,0.360168993473053,126818941.0,-0.32426875682534173,0.0,0.048222113979542125
2024-12-04,0.396712988615036,0.3984310030937195,0.41219499707221985,0.37992700934410095,75508681.0,-0.32960784818912775,0.0,0.048222113979542125
2024-12-05,0.43953800201416016,0.396712988615036,0.45845499634742737,0.3767299950122833,131850333.0,-0.40364956475904645,0.0,0.048222113979542125
2024-12-06,0.4407390058040619,0.43341198563575745,0.4596799910068512,0.4113999903202057,82806488.0,-0.41393949033230015,-1.0,0.47588894301022894
2024-12-07,0.4333460032939911,0.4407469928264618,0.46010899543762207,0.42995700240135193,61226848.0,-0.4126553594263114,0.0,0.048222113979542125
2024-12-08,0.4275740087032318,0.4370970129966736,0.4550899863243103,0.418614000082016,45403603.0,-0.412982409569972,0.0,0.048222113979542125
2024-12-09,0.3445110023021698,0.42930200695991516,0.42930200695991516,0.29121899604797363,93206560.0,-0.27973663209151567,0.0,0.048222113979542125
2024-12-10,0.3270460069179535,0.3445110023021698,0.3467690050601959,0.30239900946617126,67000922.0,-0.2495287701508986,0.0,0.048222113979542125
2024-12-11,0.3865160048007965,0.3270460069179535,0.38771599531173706,0.3128960132598877,66103070.0,-0.3736752922394812,0.0,0.048222113979542125
2024-12-12,0.4128139913082123,0.3865160048007965,0.4529170095920563,0.3856169879436493,161381793.0,-0.42220953461408084,-1.0,0.47588894301022894
2024-12-13,0.4239020049571991,0.4128139913082123,0.4432680010795593,0.40108001232147217,84193087.0,-0.44623384507019004,-1.0,0.47588894301022894
2024-12-14,0.38506901264190674,0.4239040017127991,0.43051499128341675,0.3761950135231018,44024195.0,-0.39915757977597177,0.0,0.048222113979542125
2024-12-15,0.45730599761009216,0.38506901264190674,0.47952601313591003,0.3714349865913391,142940188.0,-0.5036160248315356,-1.0,0.47588894301022894
2024-12-16,0.40805700421333313,0.4573040008544922,0.4818260073661804,0.4072969853878021,131234034.0,-0.4531268566791077,-1.0,0.47588894301022894
2024-12-17,0.3876650035381317,0.40805700421333313,0.40849900245666504,0.3820120096206665,58248153.0,-0.4335268970170199,-1.0,0.47588894301022894
2024-12-18,0.36837899684906006,0.3876529932022095,0.40518298745155334,0.3561820089817047,81891730.0,-0.4127561899975633,0.0,0.048222113979542125
2024-12-19,0.334663987159729,0.36837899684906006,0.3798910081386566,0.3216310143470764,84768618.0,-0.3622832404886874,0.0,0.048222113979542125
2024-12-20,0.35993799567222595,0.3346579968929291,0.37669500708580017,0.28365200757980347,94285029.0,-0.4158074174553765,-1.0,0.47588894301022894
2024-12-21,0.3312169909477234,0.35993799567222595,0.38901200890541077,0.3234649896621704,66659722.0,-0.37346108687211543,0.0,0.048222113979542125
2024-12-22,0.32641300559043884,0.3312169909477234,0.34223300218582153,0.3188779950141907,44545965.0,-0.37270699431428483,0.0,0.048222113979542125
2024-12-23,0.3589780032634735,0.32640400528907776,0.3654640018939972,0.3148140013217926,53092927.0,-0.4380897578915201,-1.0,0.47588894301022894
2024-12-24,0.3612689971923828,0.3589780032634735,0.36750099062919617,0.34255701303482056,35708149.0,-0.4501183876126028,-1.0,0.47588894301022894
2024-12-25,0.3733699917793274,0.36126700043678284,0.38197898864746094,0.3593679964542389,50343103.0,-0.47611467445121153,-1.0,0.47588894301022894
2024-12-26,0.3421669900417328,0.37335899472236633,0.3763990104198456,0.3382200002670288,34716666.0,-0.4363804635764596,-1.0,0.47588894301022894
2024-12-27,0.32926198840141296,0.3421649932861328,0.36151400208473206,0.32861098647117615,36335366.0,-0.42231835354427666,-1.0,0.47588894301022894
2024-12-28,0.3300510048866272,0.32926198840141296,0.3461419939994812,0.31999799609184265,33089433.0,-0.4316101077192195,-1.0,0.47588894301022894
2024-12-29,0.30518200993537903,0.3300510048866272,0.33008700609207153,0.3003869950771332,33701489.0,-0.39273935554765854,0.0,0.048222113979542125
2024-12-30,0.30103799700737,0.3051779866218567,0.31328099966049194,0.29528799653053284,38358696.0,-0.39166771958685986,0.0,0.048222113979542125
2024-12-31,0.287990003824234,0.30103799700737,0.308010995388031,0.287200003862381,34170366.0,-0.37119031033292293,0.0,0.048222113979542125
2025-01-01,0.29598501324653625,0.287990003824234,0.296658992767334,0.28208500146865845,23230106.0,-0.39507040127900633,0.0,0.048222113979542125
2025-01-02,0.3181290030479431,0.29598599672317505,0.32090699672698975,0.29472100734710693,42185124.0,-0.4442080977248083,-1.0,0.47588894301022894
2025-01-03,0.37151899933815,0.3181290030479431,0.3764190077781677,0.3095510005950928,86145249.0,-0.5322711489779437,-1.0,0.47588894301022894
2025-01-04,0.40576401352882385,0.37151899933815,0.41814398765563965,0.36520299315452576,108580773.0,-0.5806248475769176,-1.0,0.47588894301022894
2025-01-05,0.40063899755477905,0.40576401352882385,0.4086630046367645,0.38971298933029175,42188436.0,-0.5841330953562996,-1.0,0.47588894301022894
2025-01-06,0.38988199830055237,0.40063899755477905,0.4072349965572357,0.3810589909553528,45775183.0,-0.5815193827651473,-1.0,0.47588894301022894
2025-01-07,0.36421599984169006,0.3898789882659912,0.39625298976898193,0.36233898997306824,49759513.0,-0.5605782928261926,-1.0,0.47588894301022894
2025-01-08,0.35631999373435974,0.36421599984169006,0.3656649887561798,0.30786699056625366,63004121.0,-0.5594709136984157,-1.0,0.47588894301022894
2025-01-09,0.3074139952659607,0.35631999373435974,0.35632801055908203,0.3021630048751831,49219650.0,-0.49754514407267,-1.0,0.47588894301022894
2025-01-10,0.3209959864616394,0.30741098523139954,0.3359009921550751,0.3046880066394806,64347919.0,-0.5269333743488447,-1.0,0.47588894301022894
2025-01-11,0.3135010004043579,0.3209120035171509,0.323496013879776,0.3057509958744049,24209214.0,-0.5237381717275361,-1.0,0.47588894301022894
2025-01-12,0.3012799918651581,0.3135010004043579,0.3135010004043579,0.29692399501800537,19637795.0,-0.5129739955808349,-1.0,0.47588894301022894
2025-01-13,0.293503999710083,0.3012799918651581,0.30954599380493164,0.2673180103302002,49899647.0,-0.5083038121623924,-1.0,0.47588894301022894
2025-01-14,0.29794400930404663,0.293503999710083,0.30357998609542847,0.28897398710250854,33235810.0,-0.5240851574896227,-1.0,0.47588894301022894
2025-01-15,0.3217400014400482,0.29794400930404663,0.32365500926971436,0.2858070135116577,42659251.0,-0.5676563760693017,-1.0,0.47588894301022894
2025-01-16,0.31552499532699585,0.32174500823020935,0.33176299929618835,0.30615299940109253,37473062.0,-0.5676492246509239,-1.0,0.47588894301022894
2025-01-17,0.3299109935760498,0.31552499532699585,0.33967700600624084,0.31537699699401855,45043811.0,-0.5950152993406069,-1.0,0.47588894301022894
2025-01-18,0.2951749861240387,0.3271700143814087,0.33141499757766724,0.2879529893398285,48012301.0,-0.5550878392143458,-1.0,0.47588894301022894
2025-01-19,0.25645801424980164,0.2951990067958832,0.3082660138607025,0.2536959946155548,66961142.0,-0.49529211812762447,-1.0,0.47588894301022894
2025-01-20,0.2325890064239502,0.25645899772644043,0.2692070007324219,0.22438600659370422,82094652.0,-0.45043675483655626,-1.0,0.47588894301022894
2025-01-21,0.2484229952096939,0.2325890064239502,0.2601050138473511,0.22527800500392914,39690783.0,-0.49282928038786505,-1.0,0.47588894301022894
2025-01-22,0.2408059984445572,0.2484229952096939,0.25059500336647034,0.24004100263118744,25871455.0,-0.48404761667553864,-1.0,0.47588894301022894
2025-01-23,0.22937700152397156,0.2407969981431961,0.24130399525165558,0.2215059995651245,29621613.0,-0.46521172395112587,-1.0,0.47588894301022894
2025-01-24,0.21459099650382996,0.22937799990177155,0.2338850051164627,0.2136780023574829,24286480.0,-0.43482428763221365,-1.0,0.47588894301022894
2025-01-25,0.21032799780368805,0.21459099650382996,0.21656499803066254,0.20450499653816223,15017775.0,-0.42943696273258647,-1.0,0.47588894301022894
2025-01-26,0.20490099489688873,0.21032799780368805,0.22098100185394287,0.20483699440956116,14416114.0,-0.4202305086830157,-1.0,0.47588894301022894
2025-01-27,0.20354199409484863,0.20490099489688873,0.20690299570560455,0.17832599580287933,45911838.0,-0.4222159294785821,-1.0,0.47588894301022894
2025-01-28,0.18263299763202667,0.20354199409484863,0.20817400515079498,0.18041400611400604,21758849.0,-0.360027827958996,0.0,0.048222113979542125
2025-01-29,0.19385699927806854,0.18263299763202667,0.20561200380325317,0.18036100268363953,26644013.0,-0.4004821744443519,0.0,0.048222113979542125
2025-01-30,0.22336600720882416,0.1938689947128296,0.235166996717453,0.19191999733448029,59636395.0,-0.4815302751163002,-1.0,0.47588894301022894
2025-01-31,0.2240069955587387,0.22336600720882416,0.23909799754619598,0.2209479957818985,36921422.0,-0.48505434548907317,-1.0,0.47588894301022894
2025-02-01,0.19491900503635406,0.22400100529193878,0.22523100674152374,0.19394099712371826,20261792.0,-0.4079935413337562,0.0,0.048222113979542125
2025-02-02,0.1677969992160797,0.19491900503635406,0.19989100098609924,0.15966400504112244,43357837.0,-0.3101323204320665,0.0,0.048222113979542125
2025-02-03,0.17233900725841522,0.1677969992160797,0.17605899274349213,0.1260010004043579,98146456.0,-0.3252392635346643,0.0,0.048222113979542125
2025-02-04,0.14193299412727356,0.17233900725841522,0.1736309975385666,0.13131199777126312,79488464.0,-0.17517844290662385,0.0,0.048222113979542125
2025-02-05,0.13120299577713013,0.14193299412727356,0.14517399668693542,0.12831400334835052,27360696.0,-0.10113759022833238,0.0,0.048222113979542125
2025-02-06,0.12288500368595123,0.13120299577713013,0.13596199452877045,0.12195300310850143,23384499.0,-0.032459042227436084,0.0,0.048222113979542125
2025-02-07,0.12036100029945374,0.12288500368595123,0.1376499980688095,0.11584199965000153,26598346.0,-0.0036465686953350575,0.0,0.048222113979542125
2025-02-08,0.13140800595283508,0.12036100029945374,0.13196900486946106,0.12027999758720398,18418928.0,-0.08237787902145521,0.0,0.048222113979542125
2025-02-09,0.12936599552631378,0.13140800595283508,0.13721400499343872,0.12230300158262253,21293117.0,-0.06305224694983846,0.0,0.048222113979542125
2025-02-10,0.13370800018310547,0.12936599552631378,0.13890600204467773,0.1253660023212433,28052494.0,-0.08825868917578014,0.0,0.048222113979542125
2025-02-11,0.1311980038881302,0.13370800018310547,0.1445389986038208,0.1280670017004013,26249849.0,-0.06545081060343001,0.0,0.048222113979542125
2025-02-12,0.1401270031929016,0.1311980038881302,0.1416119933128357,0.1243399977684021,29637904.0,-0.12086767166039152,0.0,0.048222113979542125
2025-02-13,0.13713400065898895,0.1401270031929016,0.1427920013666153,0.13363200426101685,21845930.0,-0.09364207651219027,0.0,0.048222113979542125
2025-02-14,0.13997800648212433,0.13713400065898895,0.14429500699043274,0.13600200414657593,21115950.0,-0.10504316401560476,0.0,0.048222113979542125
2025-02-15,0.1303340047597885,0.13997800648212433,0.14135999977588654,0.12861700356006622,10484887.0,-0.03019891363418029,0.0,0.048222113979542125
2025-02-16,0.12490099668502808,0.1303360015153885,0.1307460069656372,0.12407699972391129,10686219.0,0.020488825201121746,0.0,0.048222113979542125
2025-02-17,0.12005800008773804,0.1249070018529892,0.12791800498962402,0.11647100001573563,18458027.0,0.07125484399531819,0.0,0.048222113979542125
2025-02-18,0.11689899861812592,0.12005800008773804,0.12102100253105164,0.10728000104427338,23410656.0,0.11161702086409277,0.0,0.048222113979542125
2025-02-19,0.1208529993891716,0.11686299741268158,0.1224299967288971,0.11459200084209442,15674256.0,0.08450674313138531,0.0,0.048222113979542125
2025-02-20,0.13186399638652802,0.1208529993891716,0.1321749985218048,0.11953700333833694,23019885.0,0.00044366654811469513,0.0,0.048222113979542125
2025-02-21,0.12404900044202805,0.13186399638652802,0.13927100598812103,0.12284500151872635,27876011.0,0.07108979973248279,0.0,0.048222113979542125
2025-02-22,0.1375350058078766,0.12404900044202805,0.13765999674797058,0.12341500073671341,18902627.0,-0.02883036521516718,0.0,0.048222113979542125
2025-02-23,0.13846300542354584,0.1375260055065155,0.15028199553489685,0.13703499734401703,70245666.0,-0.02917578892391353,0.0,0.048222113979542125
2025-02-24,0.11253800243139267,0.13846300542354584,0.14093899726867676,0.11192899942398071,35345265.0,0.20403761475989826,0.0,0.048222113979542125
2025-02-25,0.11964700371026993,0.11257900297641754,0.12216000258922577,0.10728199779987335,46413462.0,0.14059041822593019,0.0,0.048222113979542125
2025-02-26,0.1202550008893013,0.1196490004658699,0.12441100180149078,0.11322599649429321,29102717.0,0.1443835514684987,0.0,0.048222113979542125
2025-02-27,0.11743199825286865,0.1202550008893013,0.12285300344228745,0.11486399918794632,18168844.0,0.17718665122961086,0.0,0.048222113979542125
2025-02-28,0.11994700133800507,0.1174359992146492,0.12227799743413925,0.10657399892807007,27745331.0,0.1562556053787784,0.0,0.048222113979542125
2025-03-01,0.1161390021443367,0.11994600296020508,0.12094800174236298,0.11402100324630737,11601630.0,0.19855474528489447,0.0,0.048222113979542125
2025-03-02,0.13105499744415283,0.1161390021443367,0.1335339993238449,0.11372099816799164,24849385.0,0.06269270930047362,0.0,0.048222113979542125
2025-03-03,0.10470700263977051,0.13102799654006958,0.13120199739933014,0.10321799665689468,25652144.0,0.3326665853585413,0.0,0.048222113979542125
2025-03-04,0.10024300217628479,0.10470700263977051,0.10569199919700623,0.0903249979019165,29468575.0,0.3998800455074051,0.0,0.048222113979542125
2025-03-05,0.10477200150489807,0.10024300217628479,0.10629700124263763,0.09722299873828888,13940710.0,0.3453323834081266,0.0,0.048222113979542125
2025-03-06,0.11339300125837326,0.10477200150489807,0.11721500009298325,0.10308600217103958,47158742.0,0.2475295407987971,0.0,0.048222113979542125
2025-03-07,0.10660000145435333,0.11338700354099274,0.11665800213813782,0.10606099665164948,36882484.0,0.3301523063933243,0.0,0.048222113979542125
2025-03-08,0.10141900181770325,0.10660000145435333,0.10779199749231339,0.10028199851512909,16767879.0,0.4026579220151315,0.0,0.048222113979542125
2025-03-09,0.09052599966526031,0.10141900181770325,0.10188800096511841,0.08928900212049484,13331311.0,0.5775925480617644,0.0,0.048222113979542125
2025-03-10,0.08516500145196915,0.09052599966526031,0.0981139987707138,0.08275900036096573,17369148.0,0.6839157832890211,0.0,0.048222113979542125
2025-03-11,0.08916100114583969,0.085098996758461,0.0923679992556572,0.08010999858379364,18449571.0,0.6145223392686977,0.0,0.048222113979542125
2025-03-12,0.09340400248765945,0.08916100114583969,0.09370700269937515,0.08618099987506866,16705411.0,0.545586739473808,0.0,0.048222113979542125
2025-03-13,0.09043800085783005,0.09340400248765945,0.09620799869298935,0.08812599629163742,15152023.0,0.5997855207771594,0.0,0.048222113979542125
2025-03-14,0.0955289974808693,0.09043800085783005,0.09879499673843384,0.0901930034160614,11176578.0,0.5177758645384196,0.0,0.048222113979542125
2025-03-15,0.09998399764299393,0.0955289974808693,0.10074000060558319,0.09535200148820877,9596241.0,0.4535697443820063,0.0,0.048222113979542125
2025-03-16,0.09425900131464005,0.09998399764299393,0.10037899762392044,0.09277699887752533,9002105.0,0.5447203465559033,0.0,0.048222113979542125
2025-03-17,0.10335099697113037,0.09425900131464005,0.10437999665737152,0.09423600137233734,16992740.0,0.41128214091139753,0.0,0.048222113979542125
2025-03-18,0.10437700152397156,0.10335099697113037,0.10437700152397156,0.09724199771881104,12794821.0,0.40008104648616294,0.0,0.048222113979542125
2025-03-19,0.11699199676513672,0.10437700152397156,0.11933500319719315,0.10398700088262558,35045831.0,0.24917600327399148,0.0,0.048222113979542125
2025-03-20,0.11107800155878067,0.11699599772691727,0.1191750019788742,0.11067699640989304,19888169.0,0.3149939895658501,0.0,0.048222113979542125
2025-03-21,0.10721699893474579,0.11107800155878067,0.11214800179004669,0.1063069999217987,10567320.0,0.3618869178600679,0.0,0.048222113979542125
2025-03-22,0.11073099821805954,0.10721699893474579,0.11454100161790848,0.10693100094795227,10624333.0,0.31743575187759215,0.0,0.048222113979542125
2025-03-23,0.11428099870681763,0.11073099821805954,0.11428999900817871,0.11012999713420868,8407888.0,0.27496802125425424,0.0,0.048222113979542125
2025-03-24,0.11675100028514862,0.11428099870681763,0.119718998670578,0.11087299883365631,12814717.0,0.24620426901376286,0.0,0.048222113979542125
2025-03-25,0.11661099642515182,0.11675199866294861,0.1183760017156601,0.11285100132226944,10977731.0,0.24515537804323193,0.0,0.048222113979542125
2025-03-26,0.1245570033788681,0.11661099642515182,0.12926200032234192,0.11505299806594849,27405516.0,0.1627794286314047,0.0,0.048222113979542125
2025-03-27,0.1302569955587387,0.1245570033788681,0.1340710073709488,0.12437800318002701,43881879.0,0.10863088649986663,0.0,0.048222113979542125
2025-03-28,0.11587599664926529,0.1302569955587387,0.13136500120162964,0.11415799707174301,23095769.0,0.24362499407655808,0.0,0.048222113979542125
2025-03-29,0.10312800109386444,0.11587599664926529,0.11737799644470215,0.10060500353574753,18065803.0,0.3952480529664385,0.0,0.048222113979542125
2025-03-30,0.10203199833631516,0.10312800109386444,0.10910700261592865,0.10086499899625778,13542596.0,0.40794568483149074,0.0,0.048222113979542125
2025-03-31,0.09970899671316147,0.10203199833631516,0.10302899777889252,0.09708800166845322,17838755.0,0.4402717129627925,0.0,0.048222113979542125
2025-04-01,0.10266999900341034,0.09970899671316147,0.10831300169229507,0.0991780012845993,16351251.0,0.39814722031143146,0.0,0.048222113979542125
2025-04-02,0.09801200032234192,0.10266999900341034,0.1082570031285286,0.09597799926996231,27445418.0,0.46395569542494947,0.0,0.048222113979542125
2025-04-03,0.09677000343799591,0.09799599647521973,0.10256899893283844,0.09198900312185287,19226294.0,0.4818156896388954,0.0,0.048222113979542125
2025-04-04,0.10182599723339081,0.09677000343799591,0.10321100056171417,0.09325499832630157,19553371.0,0.40678850851570547,0.0,0.048222113979542125
2025-04-05,0.09981100261211395,0.10182599723339081,0.10274700075387955,0.09741900116205215,9699055.0,0.4343397925071063,0.0,0.048222113979542125
2025-04-06,0.08478099852800369,0.09982500225305557,0.10004299879074097,0.0829320028424263,17044108.0,0.6901969277687402,0.0,0.048222113979542125
2025-04-07,0.0905269980430603,0.08478099852800369,0.09335000067949295,0.07732000201940536,38572255.0,0.5829299089899544,0.0,0.048222113979542125
2025-04-08,0.08636300265789032,0.0905269980430603,0.09350600093603134,0.08611100167036057,13586408.0,0.6591792528978451,0.0,0.048222113979542125
2025-04-09,0.0954660028219223,0.08636300265789032,0.09956499934196472,0.08311700075864792,28142612.0,0.5008696229265711,0.0,0.048222113979542125
2025-04-10,0.09000500291585922,0.09546499699354172,0.0955829992890358,0.08782699704170227,15795770.0,0.5925462594336303,0.0,0.048222113979542125
2025-04-11,0.0939909964799881,0.09000500291585922,0.09612300246953964,0.08984900265932083,16817180.0,0.5243984148099902,0.0,0.048222113979542125
2025-04-12,0.10349000245332718,0.0939909964799881,0.10547299683094025,0.09187199920415878,18964328.0,0.38278148577818283,0.0,0.048222113979542125
2025-04-13,0.09765099734067917,0.10349000245332718,0.10561499744653702,0.09635400027036667,19541462.0,0.4645957732079727,0.0,0.048222113979542125
2025-04-14,0.097011998295784,0.09765099734067917,0.10254299640655518,0.09601400047540665,17183470.0,0.47307625719031987,0.0,0.048222113979542125
2025-04-15,0.09474500268697739,0.097011998295784,0.10154300183057785,0.09457899630069733,16459952.0,0.5079012402445561,0.0,0.048222113979542125
2025-04-16,0.09393700212240219,0.09474500268697739,0.09750299900770187,0.09199699759483337,19123878.0,0.5213948761095888,0.0,0.048222113979542125
2025-04-17,0.09696800261735916,0.09393700212240219,0.09871300309896469,0.09306900203227997,24453003.0,0.4755802682161085,0.0,0.048222113979542125
2025-04-18,0.09812399744987488,0.09696800261735916,0.09912999719381332,0.09643899649381638,13633182.0,0.4594535514354109,0.0,0.048222113979542125
2025-04-19,0.10312400013208389,0.09812399744987488,0.10356199741363525,0.09793499857187271,8416362.0,0.38892740492942046,0.0,0.048222113979542125
2025-04-20,0.10325799882411957,0.10312400013208389,0.10621199756860733,0.10137099772691727,10086437.0,0.387612781094995,0.0,0.048222113979542125
2025-04-21,0.10341200232505798,0.10325799882411957,0.1105789989233017,0.10287100076675415,14312858.0,0.3872228046293936,0.0,0.048222113979542125
2025-04-22,0.12187699973583221,0.10341600328683853,0.12393199652433395,0.10189300030469894,29815719.0,0.1773043441300711,0.0,0.048222113979542125
2025-04-23,0.13847500085830688,0.12187699973583221,0.14524400234222412,0.12177000194787979,76161483.0,0.034686242799802605,0.0,0.048222113979542125
2025-04-24,0.18874000012874603,0.13847500085830688,0.19036899507045746,0.13557900488376617,149000384.0,-0.2449764621926543,0.0,0.048222113979542125
2025-04-25,0.18561199307441711,0.18883299827575684,0.2226880043745041,0.18386100232601166,209620398.0,-0.23665922746279056,0.0,0.048222113979542125
2025-04-26,0.19843700528144836,0.18561799824237823,0.2054159939289093,0.18556900322437286,62887990.0,-0.2908447574647121,0.0,0.048222113979542125
2025-04-27,0.19840799272060394,0.19843700528144836,0.2034049928188324,0.1895959973335266,51054321.0,-0.2953537888093333,0.0,0.048222113979542125
2025-04-28,0.2168480008840561,0.19841499626636505,0.23662100732326508,0.1908539980649948,108865065.0,-0.360403922245866,0.0,0.048222113979542125
2025-04-29,0.20760400593280792,0.2168480008840561,0.22105400264263153,0.20101800560951233,36690569.0,-0.3367213855588106,0.0,0.048222113979542125
2025-04-30,0.20378300547599792,0.20750799775123596,0.21793000400066376,0.19288299977779388,42504744.0,-0.3298695842751623,0.0,0.048222113979542125
2025-05-01,0.2037629932165146,0.2037860006093979,0.2221679985523224,0.1974470019340515,29897527.0,-0.3355244666026557,0.0,0.048222113979542125
2025-05-02,0.20653000473976135,0.20376800000667572,0.20723499357700348,0.19556500017642975,20423902.0,-0.3500404808462193,0.0,0.048222113979542125
2025-05-03,0.18691499531269073,0.20653000473976135,0.21295200288295746,0.18433800339698792,21772098.0,-0.28633417140088596,0.0,0.048222113979542125
2025-05-04,0.18197399377822876,0.18691499531269073,0.18748800456523895,0.17566800117492676,19255359.0,-0.26975757368312503,0.0,0.048222113979542125
2025-05-05,0.19233399629592896,0.18197399377822876,0.19960500299930573,0.17654700577259064,34454085.0,-0.3133135834414706,0.0,0.048222113979542125
2025-05-06,0.19032399356365204,0.19233399629592896,0.19322699308395386,0.18029199540615082,24125651.0,-0.31037471662310423,0.0,0.048222113979542125
2025-05-07,0.18877899646759033,0.19032399356365204,0.19535599648952484,0.18283900618553162,19524778.0,-0.30912852472645613,0.0,0.048222113979542125
2025-05-08,0.22972799837589264,0.18877899646759033,0.23446300625801086,0.1879030019044876,50285602.0,-0.4385792227973168,-1.0,0.47588894301022894
2025-05-09,0.22244800627231598,0.22972199320793152,0.2310429960489273,0.21207700669765472,42587087.0,-0.42654978505365987,-1.0,0.47588894301022894
2025-05-10,0.22473199665546417,0.22244800627231598,0.22830499708652496,0.21154099702835083,36352969.0,-0.4389871603381206,-1.0,0.47588894301022894
2025-05-11,0.21411000192165375,0.22473199665546417,0.23065300285816193,0.20391400158405304,38942308.0,-0.41731197941021586,-1.0,0.47588894301022894
2025-05-12,0.21687999367713928,0.21411000192165375,0.23905399441719055,0.20722000300884247,51727607.0,-0.4308412102570828,-1.0,0.47588894301022894
2025-05-13,0.22897200286388397,0.21687999367713928,0.2307630032300949,0.20456300675868988,26615974.0,-0.4677120082074809,-1.0,0.47588894301022894
2025-05-14,0.21484699845314026,0.22897200286388397,0.22898800671100616,0.21048200130462646,25600218.0,-0.43904543434903215,-1.0,0.47588894301022894
2025-05-15,0.20381900668144226,0.21484699845314026,0.217166006565094,0.1940159946680069,25603653.0,-0.4142713542208789,-1.0,0.47588894301022894
2025-05-16,0.20343899726867676,0.20382000505924225,0.21827800571918488,0.20184099674224854,24258783.0,-0.4187065248115336,-1.0,0.47588894301022894
2025-05-17,0.19652000069618225,0.20343899726867676,0.20675699412822723,0.19074499607086182,19529603.0,-0.4032053594857644,0.0,0.048222113979542125
2025-05-18,0.21015000343322754,0.19652000069618225,0.2138420045375824,0.1935119926929474,22117793.0,-0.4473434608081116,-1.0,0.47588894301022894
2025-05-19,0.2029850035905838,0.21015000343322754,0.21193300187587738,0.19030800461769104,20792745.0,-0.4336098722826501,-1.0,0.47588894301022894
2025-05-20,0.20097899436950684,0.2029850035905838,0.20887799561023712,0.19551600515842438,18213865.0,-0.4332568714596069,-1.0,0.47588894301022894
2025-05-21,0.21682299673557281,0.20097899436950684,0.22380700707435608,0.19755299389362335,30228647.0,-0.48019027548073995,-1.0,0.47588894301022894
2025-05-22,0.16964100301265717,0.21682299673557281,0.25610101222991943,0.14875899255275726,398220511.0,-0.34019461453390865,0.0,0.048222113979542125
2025-05-23,0.1577479988336563,0.16968800127506256,0.17618200182914734,0.15565399825572968,147186821.0,-0.2945438406450169,0.0,0.048222113979542125
2025-05-24,0.15894199907779694,0.1577479988336563,0.16554400324821472,0.15754500031471252,42228447.0,-0.3038769429768394,0.0,0.048222113979542125
2025-05-25,0.1371230036020279,0.15894199907779694,0.16249899566173553,0.1310269981622696,66048791.0,-0.19583115534009016,0.0,0.048222113979542125
2025-05-26,0.12724700570106506,0.1371230036020279,0.14170700311660767,0.12075600028038025,73768968.0,-0.13594786220728003,0.0,0.048222113979542125
2025-05-27,0.16649000346660614,0.12724700570106506,0.16810999810695648,0.12495800107717514,144729615.0,-0.34482467293311647,0.0,0.048222113979542125
2025-05-28,0.15727099776268005,0.16648000478744507,0.17188699543476105,0.15410000085830688,143098037.0,-0.31094741359177497,0.0,0.048222113979542125
2025-05-29,0.15606099367141724,0.15727099776268005,0.16856800019741058,0.15537500381469727,66145643.0,-0.31047815631061515,0.0,0.048222113979542125
2025-05-30,0.13458199799060822,0.15605899691581726,0.15661099553108215,0.13280999660491943,44938953.0,-0.20304136376674936,0.0,0.048222113979542125
2025-05-31,0.1402209997177124,0.13458199799060822,0.14250999689102173,0.12691199779510498,29152752.0,-0.2382209746970612,0.0,0.048222113979542125
2025-06-01,0.13731199502944946,0.1402209997177124,0.14159899950027466,0.13073299825191498,24824653.0,-0.2251642840895794,0.0,0.048222113979542125
2025-06-02,0.1353590041399002,0.13731099665164948,0.13788799941539764,0.13095499575138092,21570576.0,-0.21773292143473028,0.0,0.048222113979542125
2025-06-03,0.13466699421405792,0.13536399602890015,0.13777999579906464,0.1319669932126999,23164705.0,-0.21707076971039058,0.0,0.048222113979542125
2025-06-04,0.1279750019311905,0.13466699421405792,0.1402440071105957,0.12617400288581848,37214348.0,-0.17925451800611217,0.0,0.048222113979542125
2025-06-05,0.11710099875926971,0.1279750019311905,0.13064999878406525,0.11530300229787827,31283963.0,-0.10502390067455794,0.0,0.048222113979542125
2025-06-06,0.12158600240945816,0.11710099875926971,0.12923100590705872,0.11677400022745132,20800675.0,-0.14102042502104403,0.0,0.048222113979542125
2025-06-07,0.12872099876403809,0.12158600240945816,0.13194100558757782,0.12153100222349167,20026662.0,-0.19210882164477308,0.0,0.048222113979542125
2025-06-08,0.11694599688053131,0.12872099876403809,0.13489200174808502,0.11654499918222427,43110408.0,-0.11375160303168538,0.0,0.048222113979542125
2025-06-09,0.12465500086545944,0.11694599688053131,0.12606500089168549,0.11312399804592133,34240196.0,-0.17222487096460187,0.0,0.048222113979542125
2025-06-10,0.12780000269412994,0.12465500086545944,0.12953899800777435,0.12112899869680405,24402468.0,-0.1961718639809287,0.0,0.048222113979542125
2025-06-11,0.11760800331830978,0.12780000269412994,0.12793399393558502,0.11553099751472473,22231487.0,-0.12922562518571826,0.0,0.048222113979542125
2025-06-12,0.10463599860668182,0.11760800331830978,0.11760800331830978,0.1039619967341423,21301351.0,-0.023252820455929742,0.0,0.048222113979542125
2025-06-13,0.1030609980225563,0.10463599860668182,0.10463599860668182,0.0969190001487732,23981179.0,-0.009830961146124811,0.0,0.048222113979542125
2025-06-14,0.09926900267601013,0.1030609980225563,0.10322999954223633,0.09724699705839157,10952941.0,0.026677483085407034,0.0,0.048222113979542125
2025-06-15,0.09946700185537338,0.09926900267601013,0.1011589989066124,0.09697400033473969,11145121.0,0.023615013233136067,0.0,0.048222113979542125
2025-06-16,0.09919299930334091,0.09946700185537338,0.1067039966583252,0.09803199768066406,17547451.0,0.02592997378496023,0.0,0.048222113979542125
2025-06-17,0.09168100357055664,0.09919299930334091,0.10059700161218643,0.0899450033903122,20611929.0,0.11023635269404297,0.0,0.048222113979542125
2025-06-18,0.09377200156450272,0.09168100357055664,0.09378399699926376,0.08865900337696075,15221853.0,0.08550359584229723,0.0,0.048222113979542125
2025-06-19,0.09452400356531143,0.09377200156450272,0.09644100069999695,0.09233900159597397,9680158.0,0.07699690342119711,0.0,0.048222113979542125
2025-06-20,0.09062200039625168,0.09452400356531143,0.09650400280952454,0.08884599804878235,12137274.0,0.12424331552107505,0.0,0.048222113979542125
2025-06-21,0.08488799631595612,0.09062200039625168,0.09226900339126587,0.08248600363731384,11631523.0,0.20217288318692248,0.0,0.048222113979542125
2025-06-22,0.08240699768066406,0.08488799631595612,0.0868690013885498,0.0773250013589859,18768135.0,0.24004147456271596,0.0,0.048222113979542125
2025-06-23,0.09572199732065201,0.08240699768066406,0.09595099836587906,0.08200400322675705,20363615.0,0.06660087759508436,0.0,0.048222113979542125
2025-06-24,0.09760700166225433,0.09572199732065201,0.10081499814987183,0.09349799901247025,23753300.0,0.04511298546023318,0.0,0.048222113979542125
2025-06-25,0.09275799989700317,0.09760700166225433,0.09986300021409988,0.09231700003147125,16549288.0,0.09993772574717859,0.0,0.048222113979542125
2025-06-26,0.08921699970960617,0.09275799989700317,0.09549400210380554,0.08841300010681152,14473834.0,0.14448906564222327,0.0,0.048222113979542125
2025-06-27,0.08942200243473053,0.08921699970960617,0.09382899850606918,0.08805300295352936,15103323.0,0.14188738827880762,0.0,0.048222113979542125
2025-06-28,0.09269200265407562,0.08942200243473053,0.0936489999294281,0.0886629968881607,7353484.0,0.10128894931166231,0.0,0.048222113979542125
2025-06-29,0.09601099789142609,0.09269200265407562,0.09630099684000015,0.09056299924850464,8397835.0,0.06227587028425714,0.0,0.048222113979542125
2025-06-30,0.09063699841499329,0.09601099789142609,0.09621600061655045,0.08917099982500076,11001779.0,0.12372839510986103,0.0,0.048222113979542125
2025-07-01,0.08584299683570862,0.09063699841499329,0.09123700112104416,0.08506400138139725,8332860.0,0.185486918559116,0.0,0.048222113979542125
2025-07-02,0.09465300291776657,0.08584299683570862,0.09611299633979797,0.08523000031709671,13496263.0,0.07325337162794897,0.0,0.048222113979542125
2025-07-03,0.09463399648666382,0.09465300291776657,0.09792300313711166,0.09249500185251236,13003398.0,0.07077156645475419,0.0,0.048222113979542125
2025-07-04,0.08916900306940079,0.09463399648666382,0.09535399824380875,0.08773600310087204,8237718.0,0.1345509101265443,0.0,0.048222113979542125
2025-07-05,0.08873400092124939,0.08916900306940079,0.09066600352525711,0.0870480015873909,5590299.0,0.13826797119377873,0.0,0.048222113979542125
2025-07-06,0.09052599966526031,0.08873400092124939,0.09228400141000748,0.08788900077342987,6452776.0,0.11395660784158203,0.0,0.048222113979542125
2025-07-07,0.087506003677845,0.09052599966526031,0.09194400161504745,0.08695799857378006,8289971.0,0.15097000491769452,0.0,0.048222113979542125
2025-07-08,0.09138800203800201,0.087506003677845,0.0921579971909523,0.08632499724626541,9646846.0,0.09997793144433954,0.0,0.048222113979542125
2025-07-09,0.09806700050830841,0.09138800203800201,0.09854599833488464,0.09042900055646896,14100178.0,0.022947616960132224,0.0,0.048222113979542125
2025-07-10,0.11114700138568878,0.09806700050830841,0.11266700178384781,0.09740400314331055,27329992.0,-0.10060712530232702,0.0,0.048222113979542125
2025-07-11,0.10848499834537506,0.11114700138568878,0.11810000240802765,0.1070370003581047,35204358.0,-0.08162505439904877,0.0,0.048222113979542125
2025-07-12,0.10516799986362457,0.10848499834537506,0.10992199927568436,0.10142900049686432,16281405.0,-0.05569614883240915,0.0,0.048222113979542125
2025-07-13,0.10748899728059769,0.10516799986362457,0.11111100018024445,0.10429500043392181,16587411.0,-0.07951044107136301,0.0,0.048222113979542125
2025-07-14,0.11797499656677246,0.10748899728059769,0.12641699612140656,0.10704900324344635,67949483.0,-0.16521496461264698,0.0,0.048222113979542125
2025-07-15,0.12446700036525726,0.11797499656677246,0.12548799812793732,0.11443500220775604,49604389.0,-0.21363312607160956,0.0,0.048222113979542125
2025-07-16,0.12099099904298782,0.12446700036525726,0.1259779930114746,0.11970599740743637,27388316.0,-0.1955218191177805,0.0,0.048222113979542125
2025-07-17,0.12363699823617935,0.12099099904298782,0.1275079995393753,0.11672700196504593,31484184.0,-0.21773772697429988,0.0,0.048222113979542125
2025-07-18,0.11690499633550644,0.12363699823617935,0.13043299317359924,0.11365000158548355,35510131.0,-0.18010011848584484,0.0,0.048222113979542125
2025-07-19,0.11758200079202652,0.11690499633550644,0.11926399916410446,0.11313000321388245,15310457.0,-0.1920763982517555,0.0,0.048222113979542125
2025-07-20,0.12153100222349167,0.11758200079202652,0.12478800117969513,0.11674199998378754,20546776.0,-0.22497945518897913,0.0,0.048222113979542125
2025-07-21,0.12341400235891342,0.12153100222349167,0.12800300121307373,0.11901000142097473,20420019.0,-0.2434177388856405,0.0,0.048222113979542125
2025-07-22,0.12395399808883667,0.12341400235891342,0.12533000111579895,0.11557900160551071,24517256.0,-0.2536066472039318,0.0,0.048222113979542125
2025-07-23,0.10818199813365936,0.12395399808883667,0.12397199869155884,0.10333199799060822,27580923.0,-0.15127482332328088,0.0,0.048222113979542125
2025-07-24,0.10584700107574463,0.10818299651145935,0.11061400175094604,0.10057800263166428,18598923.0,-0.13919834651719726,0.0,0.048222113979542125
2025-07-25,0.1091419979929924,0.10584700107574463,0.10962600260972977,0.1019349992275238,15891184.0,-0.17206252923957377,0.0,0.048222113979542125
2025-07-26,0.11624599993228912,0.1091419979929924,0.12225399911403656,0.10878600180149078,35214520.0,-0.2296222393760099,0.0,0.048222113979542125
2025-07-27,0.1391579955816269,0.11624599993228912,0.14437900483608246,0.11483000218868256,106996572.0,-0.3641306130429055,0.0,0.048222113979542125
2025-07-28,0.12412700057029724,0.1391579955816269,0.14438900351524353,0.12406700104475021,42420417.0,-0.2942277486239075,0.0,0.048222113979542125
2025-07-29,0.12136799842119217,0.12412799894809723,0.1341940015554428,0.11867199838161469,26048588.0,-0.2854504207012001,0.0,0.048222113979542125
2025-07-30,0.11904100328683853,0.12136799842119217,0.12245400249958038,0.11392100155353546,20936254.0,-0.27877052123519624,0.0,0.048222113979542125
2025-07-31,0.10809999704360962,0.11904100328683853,0.12231600284576416,0.1072700023651123,19200767.0,-0.21241518191009354,0.0,0.048222113979542125
2025-08-01,0.10390599817037582,0.10809999704360962,0.11003100126981735,0.10143899917602539,20365643.0,-0.1869971859061673,0.0,0.048222113979542125
2025-08-02,0.09996499866247177,0.10390599817037582,0.10506399720907211,0.0979439988732338,12067230.0,-0.16110149442656713,0.0,0.048222113979542125
2025-08-03,0.10338100045919418,0.09996499866247177,0.10420700162649155,0.09908399730920792,8738882.0,-0.19469521662275033,0.0,0.048222113979542125
2025-08-04,0.10598500072956085,0.10338100045919418,0.10634499788284302,0.10025200247764587,13264312.0,-0.22063028439677235,0.0,0.048222113979542125
2025-08-05,0.09792300313711166,0.10598500072956085,0.10622300207614899,0.09588699787855148,13205957.0,-0.16238551309120794,0.0,0.048222113979542125
2025-08-06,0.10063699632883072,0.09792300313711166,0.10162600129842758,0.09543599933385849,11942699.0,-0.19112606982915925,0.0,0.048222113979542125
2025-08-07,0.10832999646663666,0.10063699632883072,0.10841400176286697,0.0995749980211258,16026350.0,-0.2554716833419727,0.0,0.048222113979542125
2025-08-08,0.10894999653100967,0.10832999646663666,0.10985200107097626,0.1039000004529953,17906791.0,-0.2665415317851672,0.0,0.048222113979542125
2025-08-09,0.1145630031824112,0.10894999653100967,0.11759799718856812,0.1082020029425621,23017182.0,-0.3094737428021433,0.0,0.048222113979542125
2025-08-10,0.11428000032901764,0.1145630031824112,0.11675000190734863,0.1085280030965805,19825164.0,-0.31471209251692017,0.0,0.048222113979542125
2025-08-11,0.10453099757432938,0.11428000032901764,0.11799699813127518,0.10336100310087204,17985825.0,-0.25808109031379023,0.0,0.048222113979542125
2025-08-12,0.11149899661540985,0.10453099757432938,0.11363700032234192,0.10252799838781357,18100312.0,-0.312248882706734,0.0,0.048222113979542125
2025-08-13,0.11629500240087509,0.11149899661540985,0.11738400161266327,0.10995899885892868,20259750.0,-0.34862215507147354,0.0,0.048222113979542125
2025-08-14,0.10440199822187424,0.11629500240087509,0.12539799511432648,0.10097499936819077,38262934.0,-0.2821023198140337,0.0,0.048222113979542125
2025-08-15,0.10350500047206879,0.10440199822187424,0.10846100002527237,0.09956800192594528,15380535.0,-0.2829329655539708,0.0,0.048222113979542125
2025-08-16,0.10508900135755539,0.10350699722766876,0.10638099908828735,0.10297399759292603,8973947.0,-0.3008803521819935,0.0,0.048222113979542125
2025-08-17,0.1057789996266365,0.10508900135755539,0.11017200350761414,0.1041250005364418,11873465.0,-0.3125708166626701,0.0,0.048222113979542125
2025-08-18,0.10019899904727936,0.1057789996266365,0.10582499951124191,0.09870100021362305,16100353.0,-0.2811071384611785,0.0,0.048222113979542125
2025-08-19,0.09358599781990051,0.10019899904727936,0.10195799916982651,0.0935399979352951,17701378.0,-0.23712285317362383,0.0,0.048222113979542125
2025-08-20,0.09745000302791595,0.09358900040388107,0.0981609970331192,0.09261400252580643,16323521.0,-0.2745344608737912,0.0,0.048222113979542125
2025-08-21,0.09217700362205505,0.09745000302791595,0.09809199720621109,0.0915289968252182,11196711.0,-0.24018816275884333,0.0,0.048222113979542125
2025-08-22,0.10508300364017487,0.09217700362205505,0.10665900260210037,0.08955000340938568,28406078.0,-0.341523821867486,0.0,0.048222113979542125
2025-08-23,0.10335599631071091,0.10508300364017487,0.1062680035829544,0.10068599879741669,18279832.0,-0.3382810731867374,0.0,0.048222113979542125
2025-08-24,0.10176499933004379,0.10334199666976929,0.10796599835157394,0.10051099956035614,27473249.0,-0.3358187476441567,0.0,0.048222113979542125
2025-08-25,0.09274200350046158,0.10176499933004379,0.10304000228643417,0.09019800275564194,20048879.0,-0.27884464161197287,0.0,0.048222113979542125
2025-08-26,0.0966849997639656,0.09274200350046158,0.09791000187397003,0.09208700060844421,16501596.0,-0.3159564558490152,0.0,0.048222113979542125
2025-08-27,0.09438999742269516,0.0966849997639656,0.09776099771261215,0.09432200342416763,12597782.0,-0.3070662819483368,0.0,0.048222113979542125
2025-08-28,0.09758699685335159,0.09438999742269516,0.09758900105953217,0.0929969996213913,10295251.0,-0.3377490299657337,0.0,0.048222113979542125
2025-08-29,0.09111899882555008,0.0975859984755516,0.09790799766778946,0.08879700303077698,15058683.0,-0.29869455517625126,0.0,0.048222113979542125
2025-08-30,0.09114500135183334,0.09111899882555008,0.09320499747991562,0.0893929973244667,7191947.0,-0.3068751099046697,0.0,0.048222113979542125
2025-08-31,0.08760000020265579,0.09114500135183334,0.09211699664592743,0.08757399767637253,8768662.0,-0.28666109640995774,0.0,0.048222113979542125
2025-09-01,0.08627600222826004,0.08760000020265579,0.09099800139665604,0.08411800116300583,12121831.0,-0.28317607713278303,0.0,0.048222113979542125
2025-09-02,0.08940599858760834,0.08627600222826004,0.08949699997901917,0.08552200347185135,8904434.0,-0.3158856279474774,0.0,0.048222113979542125
2025-09-03,0.09079500287771225,0.08940599858760834,0.09300000220537186,0.08780000358819962,10215721.0,-0.334033781356775,0.0,0.048222113979542125
2025-09-04,0.08723799884319305,0.09079500287771225,0.09135600179433823,0.0860539972782135,9935139.0,-0.3144562569219406,0.0,0.048222113979542125
2025-09-05,0.09003199636936188,0.08723799884319305,0.09250999987125397,0.0871649980545044,13736793.0,-0.34357715106641984,0.0,0.048222113979542125
2025-09-06,0.08830200135707855,0.09003199636936188,0.0907839983701706,0.08804500102996826,8164419.0,-0.3386751304838584,0.0,0.048222113979542125
2025-09-07,0.09095499664545059,0.08830200135707855,0.09222699701786041,0.08829300105571747,8626101.0,-0.3660832826016045,0.0,0.048222113979542125
2025-09-08,0.09492199867963791,0.09095499664545059,0.09537699818611145,0.09052799642086029,13401242.0,-0.4011945556517949,0.0,0.048222113979542125
2025-09-09,0.09357199817895889,0.09492199867963791,0.09862600266933441,0.09224399924278259,18428873.0,-0.40085873523179266,0.0,0.048222113979542125
2025-09-10,0.09396199882030487,0.09357199817895889,0.09681499749422073,0.09273900091648102,13737618.0,-0.41145001022433725,0.0,0.048222113979542125
2025-09-11,0.09555000066757202,0.09396199882030487,0.09594299644231796,0.09127499908208847,16374891.0,-0.42950948443623843,-1.0,0.47588894301022894
2025-09-12,0.0972680002450943,0.09555000066757202,0.09788200259208679,0.09363400191068649,15026332.0,-0.44806935022679895,-1.0,0.47588894301022894
2025-09-13,0.09907300025224686,0.0972680002450943,0.10164599865674973,0.0972599983215332,20593174.0,-0.46656626013677843,-1.0,0.47588894301022894
2025-09-14,0.09400299936532974,0.09907300025224686,0.09907300025224686,0.09222400188446045,15277848.0,-0.4461238018304058,-1.0,0.47588894301022894
2025-09-15,0.08808399736881256,0.09400299936532974,0.09439700096845627,0.08618099987506866,20889879.0,-0.41685734783064615,-1.0,0.47588894301022894
2025-09-16,0.09031400084495544,0.08808399736881256,0.0913579985499382,0.08625999838113785,17282388.0,-0.4391800550478884,-1.0,0.47588894301022894
2025-09-17,0.09424299746751785,0.09031400084495544,0.09483800083398819,0.08787299692630768,17579324.0,-0.4708026659444761,-1.0,0.47588894301022894
2025-09-18,0.09592500329017639,0.09424299746751785,0.09790299832820892,0.09294000267982483,18712198.0,-0.48843505356569383,-1.0,0.47588894301022894
2025-09-19,0.08958800137042999,0.09592500329017639,0.0965379998087883,0.08887699991464615,18901197.0,-0.46049442375525196,-1.0,0.47588894301022894
2025-09-20,0.09024100005626678,0.08958800137042999,0.09184099733829498,0.08918999880552292,11977588.0,-0.47265602445641397,-1.0,0.47588894301022894
2025-09-21,0.08840800076723099,0.09024100005626678,0.09152500331401825,0.08833499997854233,14362703.0,-0.47006290992217686,-1.0,0.47588894301022894
2025-09-22,0.07897800207138062,0.08840800076723099,0.0886709988117218,0.0767040029168129,29463207.0,-0.41490051723093574,-1.0,0.47588894301022894
2025-09-23,0.07865100353956223,0.07897800207138062,0.08171799778938293,0.07686100155115128,19344058.0,-0.42052853888262764,-1.0,0.47588894301022894
2025-09-24,0.07960899919271469,0.07865100353956223,0.0821869969367981,0.07741899788379669,15550238.0,-0.43586929289419596,-1.0,0.47588894301022894
2025-09-25,0.07319200038909912,0.07960899919271469,0.07969699800014496,0.07234100252389908,24696137.0,-0.3946897357456735,0.0,0.048222113979542125
2025-09-26,0.07534100115299225,0.07319200038909912,0.07571099698543549,0.07163599878549576,17489241.0,-0.4200198419330418,-1.0,0.47588894301022894
2025-09-27,0.07498300075531006,0.07534100115299225,0.07662399858236313,0.07405400276184082,9398229.0,-0.4253486398292408,-1.0,0.47588894301022894
2025-09-28,0.0769990012049675,0.07498300075531006,0.07726900279521942,0.0724869966506958,9603841.0,-0.44871177260592043,-1.0,0.47588894301022894
2025-09-29,0.07698500156402588,0.0769990012049675,0.07887999713420868,0.074522003531456,12290119.0,-0.45690240692204476,-1.0,0.47588894301022894
2025-09-30,0.07525999844074249,0.07698500156402588,0.0770770013332367,0.072503000497818,16033399.0,-0.45261204437909197,-1.0,0.47588894301022894
2025-10-01,0.08064699918031693,0.07525999844074249,0.0815420001745224,0.07406499981880188,13770901.0,-0.49761895347423757,-1.0,0.47588894301022894
2025-10-02,0.08152999728918076,0.08064699918031693,0.08333399891853333,0.0794219970703125,15534490.0,-0.5116544716402925,-1.0,0.47588894301022894
2025-10-03,0.08035200089216232,0.08152999728918076,0.08319900184869766,0.07886700332164764,17350307.0,-0.513054173331058,-1.0,0.47588894301022894
2025-10-04,0.0783419981598854,0.08035200089216232,0.08059799671173096,0.07632499933242798,12220662.0,-0.5088525032438708,-1.0,0.47588894301022894
2025-10-05,0.07657299935817719,0.07833799719810486,0.08180899918079376,0.07575099915266037,13055995.0,-0.5057610701958454,-1.0,0.47588894301022894
2025-10-06,0.07944100350141525,0.07657100260257721,0.08148600161075592,0.07610300183296204,15405478.0,-0.5321060570122905,-1.0,0.47588894301022894
2025-10-07,0.07347600162029266,0.07944100350141525,0.08026000112295151,0.07285899668931961,16693396.0,-0.5023788239744481,-1.0,0.47588894301022894
2025-10-08,0.0754539966583252,0.07346100360155106,0.07655800133943558,0.0729369968175888,13622235.0,-0.5237514403833904,-1.0,0.47588894301022894
2025-10-09,0.07171999663114548,0.07545199990272522,0.0755539983510971,0.07010599970817566,12928558.0,-0.5067720118866379,-1.0,0.47588894301022894
2025-10-10,0.04414699971675873,0.07171999663114548,0.0732010006904602,0.022755999118089676,45415171.0,-0.20368826493385794,0.0,0.048222113979542125
2025-10-11,0.0459199994802475,0.044144999235868454,0.05011500045657158,0.04414299875497818,32392751.0,-0.23941506857227596,0.0,0.048222113979542125
2025-10-12,0.053638000041246414,0.04591599851846695,0.0547420009970665,0.04504400119185448,18668697.0,-0.35472541469484975,0.0,0.048222113979542125
2025-10-13,0.05485500022768974,0.05365600064396858,0.05524300038814545,0.052156001329422,27757945.0,-0.3746261790345427,0.0,0.048222113979542125
2025-10-14,0.05218400061130524,0.054868001490831375,0.054986000061035156,0.04854999855160713,21410607.0,-0.34793802464528223,0.0,0.048222113979542125
2025-10-15,0.04924299940466881,0.05218400061130524,0.05395599827170372,0.04856500029563904,18564192.0,-0.3141367334547938,0.0,0.048222113979542125
2025-10-16,0.046751998364925385,0.04926000162959099,0.050321001559495926,0.04598899930715561,23120163.0,-0.28248597681193083,0.0,0.048222113979542125
2025-10-17,0.046098001301288605,0.04675300046801567,0.04747600108385086,0.04261599853634834,19474634.0,-0.2771298486162789,0.0,0.048222113979542125
2025-10-18,0.04825500026345253,0.046098001301288605,0.04872899875044823,0.04608700051903725,12277395.0,-0.3147485346072172,0.0,0.048222113979542125
2025-10-19,0.04952799901366234,0.04825500026345253,0.05054600164294243,0.0468829981982708,11706752.0,-0.3378069774881232,0.0,0.048222113979542125
2025-10-20,0.05012999847531319,0.04954199865460396,0.05152999982237816,0.04802300035953522,11008543.0,-0.35138803489856785,0.0,0.048222113979542125
2025-10-21,0.04728500172495842,0.050133999437093735,0.05268999934196472,0.047157999128103256,16976984.0,-0.3171961530069336,0.0,0.048222113979542125
2025-10-22,0.04616500064730644,0.04728600010275841,0.04781100153923035,0.04467500001192093,21116030.0,-0.30522324856552985,0.0,0.048222113979542125
2025-10-23,0.047791000455617905,0.046156998723745346,0.048889998346567154,0.04606600105762482,8040057.0,-0.3340069048106975,0.0,0.048222113979542125
2025-10-24,0.04829400032758713,0.04778899997472763,0.049038998782634735,0.04684099927544594,9869243.0,-0.3459835314513472,0.0,0.048222113979542125
2025-10-25,0.0482730008661747,0.04829299822449684,0.04857400059700012,0.04708699882030487,5518743.0,-0.35076372119059807,0.0,0.048222113979542125
2025-10-26,0.05237000063061714,0.04827199876308441,0.05299200117588043,0.0472790002822876,15608422.0,-0.40760227641157776,0.0,0.048222113979542125
2025-10-27,0.05124099925160408,0.05237799882888794,0.05554400011897087,0.05101099982857704,16974563.0,-0.40057114611972366,0.0,0.048222113979542125
2025-10-28,0.04922199994325638,0.05124400183558464,0.05193699896335602,0.04802300035953522,13525485.0,-0.38216626585077035,0.0,0.048222113979542125
2025-10-29,0.04863400012254715,0.049208998680114746,0.05107099935412407,0.04739699885249138,14830038.0,-0.38064689118336587,0.0,0.048222113979542125
2025-10-30,0.045506998896598816,0.048636000603437424,0.049702998250722885,0.04358299821615219,16581337.0,-0.34376891448895636,0.0,0.048222113979542125
2025-10-31,0.04641599953174591,0.045517001301050186,0.04785099998116493,0.04538000002503395,11276216.0,-0.36237913700436875,0.0,0.048222113979542125
2025-11-01,0.04723399877548218,0.04641199856996536,0.047648001462221146,0.04580799862742424,8556620.0,-0.379326968505948,0.0,0.048222113979542125
2025-11-02,0.047579001635313034,0.047231998294591904,0.04804199934005737,0.045942001044750214,9036269.0,-0.39009809053856365,0.0,0.048222113979542125
2025-11-03,0.040591999888420105,0.047575000673532486,0.047575999051332474,0.038906000554561615,19433141.0,-0.2902774011037669,0.0,0.048222113979542125
2025-11-04,0.03842199966311455,0.04058799892663956,0.04108399897813797,0.03615099936723709,19668622.0,-0.25498721221983073,0.0,0.048222113979542125
2025-11-05,0.03804299980401993,0.038433000445365906,0.0391709990799427,0.036591000854969025,12532979.0,-0.25251782038087534,0.0,0.048222113979542125
2025-11-06,0.03703099861741066,0.038040999323129654,0.038350000977516174,0.0352960005402565,10698667.0,-0.23739662787421065,0.0,0.048222113979542125
2025-11-07,0.042190998792648315,0.03702700138092041,0.04344400018453598,0.03702700138092041,14026109.0,-0.3368146444225022,0.0,0.048222113979542125
2025-11-08,0.042068999260663986,0.04221700131893158,0.043584998697042465,0.040789999067783356,10341212.0,-0.34149507920612165,0.0,0.048222113979542125
2025-11-09,0.0424249991774559,0.042072001844644547,0.04337900131940842,0.03994400054216385,8129517.0,-0.35379491536510743,0.0,0.048222113979542125
2025-11-10,0.04280799999833107,0.04242600128054619,0.043724000453948975,0.041218001395463943,10599457.0,-0.3663144805592908,0.0,0.048222113979542125
2025-11-11,0.04001700133085251,0.04283300042152405,0.043891001492738724,0.03989600017666817,11454573.0,-0.3285907240262685,0.0,0.048222113979542125
2025-11-12,0.03881800174713135,0.04001300036907196,0.04170899838209152,0.03820100054144859,9156450.0,-0.31431604112275596,0.0,0.048222113979542125
2025-11-13,0.03678400069475174,0.038805000483989716,0.04037899896502495,0.03548499941825867,10571408.0,-0.28343587190297603,0.0,0.048222113979542125
2025-11-14,0.034311000257730484,0.03678499907255173,0.03699300065636635,0.03377300128340721,11923707.0,-0.23779268470449577,0.0,0.048222113979542125
2025-11-15,0.03598500043153763,0.034311000257730484,0.03635900095105171,0.034299999475479126,5192694.0,-0.2795870681871792,0.0,0.048222113979542125
2025-11-16,0.03437900170683861,0.035982999950647354,0.036285001784563065,0.033486999571323395,7732277.0,-0.25230868261498207,0.0,0.048222113979542125
2025-11-17,0.03318500146269798,0.034377001225948334,0.03538699820637703,0.03249499946832657,8251312.0,-0.23154612534464689,0.0,0.048222113979542125
2025-11-18,0.03413499891757965,0.03318500146269798,0.034690000116825104,0.03258499875664711,7567536.0,-0.2594749571654094,0.0,0.048222113979542125
2025-11-19,0.03300800174474716,0.0341389998793602,0.034377001225948334,0.030851999297738075,7197740.0,-0.2406361458535172,0.0,0.048222113979542125
2025-11-20,0.03215700015425682,0.03300900012254715,0.03566500172019005,0.03175399824976921,9404132.0,-0.22664509167600574,0.0,0.048222113979542125
2025-11-21,0.030232999473810196,0.03214399889111519,0.03272800147533417,0.02879600040614605,15314895.0,-0.18263154365923273,0.0,0.048222113979542125
2025-11-22,0.030045000836253166,0.030233999714255333,0.030435999855399132,0.02921600081026554,7727790.0,-0.1824901728713964,0.0,0.048222113979542125
2025-11-23,0.029944000765681267,0.03004400059580803,0.030681999400258064,0.02962999977171421,6752002.0,-0.18499494477626527,0.0,0.048222113979542125
2025-11-24,0.03219800069928169,0.02994599938392639,0.03279900178313255,0.029637999832630157,12156685.0,-0.24765329912652162,0.0,0.048222113979542125
2025-11-25,0.032221000641584396,0.03219800069928169,0.0328029990196228,0.030974000692367554,6831337.0,-0.25372170575812447,0.0,0.048222113979542125
2025-11-26,0.03220300003886223,0.032218001782894135,0.032492998987436295,0.030896000564098358,5325432.0,-0.2590955727754948,0.0,0.048222113979542125
2025-11-27,0.03171899914741516,0.03220300003886223,0.03268900141119957,0.031619999557733536,4613946.0,-0.2535005831422085,0.0,0.048222113979542125
2025-11-28,0.03069400042295456,0.03172500059008598,0.03218499943614006,0.030592000111937523,5862195.0,-0.23401115349555837,0.0,0.048222113979542125
2025-11-29,0.029270999133586884,0.03069400042295456,0.03078800067305565,0.02915799990296364,4718982.0,-0.20169765543685156,0.0,0.048222113979542125
2025-11-30,0.0289280004799366,0.029270000755786896,0.029552999883890152,0.028750000521540642,4106125.0,-0.1973742791811934,0.0,0.048222113979542125
2025-12-01,0.02620300091803074,0.028922999277710915,0.02893099933862686,0.025578999891877174,15534148.0,-0.11879276850691012,0.0,0.048222113979542125
2025-12-02,0.028307000175118446,0.02620300091803074,0.028635000810027122,0.025839999318122864,6560650.0,-0.18973600894437653,0.0,0.048222113979542125
2025-12-03,0.02999499998986721,0.028317999094724655,0.031557999551296234,0.028272999450564384,11070006.0,-0.24064208845039564,0.0,0.048222113979542125
2025-12-04,0.02910899929702282,0.029982000589370728,0.03026299923658371,0.028439000248908997,4336912.0,-0.22283933954282104,0.0,0.048222113979542125
2025-12-05,0.027953000739216805,0.02910899929702282,0.029563000425696373,0.027155999094247818,5236546.0,-0.19586067279605485,0.0,0.048222113979542125
2025-12-06,0.028822999447584152,0.027946999296545982,0.02908499911427498,0.02760699950158596,2945229.0,-0.22521570809446845,0.0,0.048222113979542125
2025-12-07,0.02824299968779087,0.028822999447584152,0.029392000287771225,0.027660999447107315,5060714.0,-0.21450362476736484,0.0,0.048222113979542125
2025-12-08,0.029242999851703644,0.028245000168681145,0.030254000797867775,0.028181999921798706,4714084.0,-0.24655146779785855,0.0,0.048222113979542125
2025-12-09,0.03020000085234642,0.029245000332593918,0.03137800097465515,0.028867000713944435,4688288.0,-0.27582231419573283,0.0,0.048222113979542125
2025-12-10,0.028996000066399574,0.030200999230146408,0.03067299909889698,0.028860000893473625,5820571.0,-0.2507197210599911,0.0,0.048222113979542125
2025-12-11,0.02861800044775009,0.028978999704122543,0.02903899922966957,0.02727700024843216,4875627.0,-0.2457527657139455,0.0,0.048222113979542125
2025-12-12,0.027542000636458397,0.028620999306440353,0.028937000781297684,0.02676299959421158,4510161.0,-0.22121540609121748,0.0,0.048222113979542125
2025-12-13,0.027645999565720558,0.02754100039601326,0.02804899960756302,0.027377000078558922,3420459.0,-0.22932361097204357,0.0,0.048222113979542125
2025-12-14,0.026468999683856964,0.02764499932527542,0.02774599939584732,0.026353999972343445,3641132.0,-0.19999090264500316,0.0,0.048222113979542125
2025-12-15,0.02515999972820282,0.026458999142050743,0.027242999523878098,0.02432600036263466,4903387.0,-0.16263483933250605,0.0,0.048222113979542125
2025-12-16,0.025397000834345818,0.025155000388622284,0.025698000565171242,0.024529999122023582,3866002.0,-0.17468085495492308,0.0,0.048222113979542125
2025-12-17,0.023654000833630562,0.025397000834345818,0.025848999619483948,0.023499000817537308,4616892.0,-0.11727607636652104,0.0,0.048222113979542125
2025-12-18,0.022286999970674515,0.023655999451875687,0.024116000160574913,0.021841000765562057,5109979.0,-0.06562281308524429,0.0,0.048222113979542125
2025-12-19,0.024304000660777092,0.022283999249339104,0.024495000019669533,0.022136999294161797,5468366.0,-0.1464916823701804,0.0,0.048222113979542125
2025-12-20,0.02397800050675869,0.024304000660777092,0.024361999705433846,0.02383200079202652,3255134.0,-0.13824281050774093,0.0,0.048222113979542125
2025-12-21,0.023202000185847282,0.02397800050675869,0.024001000449061394,0.02268899977207184,4049253.0,-0.1123574168568364,0.0,0.048222113979542125
2025-12-22,0.02336999960243702,0.023202000185847282,0.023672999814152718,0.02290000021457672,4237047.0,-0.12097161942376886,0.0,0.048222113979542125
2025-12-23,0.023687999695539474,0.023357000201940536,0.02407499961555004,0.022941000759601593,4423840.0,-0.13510657052345967,0.0,0.048222113979542125
2025-12-24,0.023452000692486763,0.02368899993598461,0.02375500090420246,0.022702999413013458,4267330.0,-0.12858434617771097,0.0,0.048222113979542125
2025-12-25,0.022670000791549683,0.023452000692486763,0.02366499975323677,0.022662000730633736,4670323.0,-0.10058765333418596,0.0,0.048222113979542125
2025-12-26,0.022582000121474266,0.02267099916934967,0.02360600046813488,0.022422999143600464,4998858.0,-0.09899635883515985,0.0,0.048222113979542125
2025-12-27,0.02377600036561489,0.022582000121474266,0.023831000551581383,0.02258099988102913,3677941.0,-0.146061665638212,0.0,0.048222113979542125
2025-12-28,0.023475000634789467,0.02377600036561489,0.024498000741004944,0.02332499995827675,4526179.0,-0.13594606312922602,0.0,0.048222113979542125
2025-12-29,0.022708000615239143,0.023475000634789467,0.023920999839901924,0.02253199927508831,5996139.0,-0.10630512179944296,0.0,0.048222113979542125
2025-12-30,0.022508999332785606,0.022707000374794006,0.023161999881267548,0.022345000877976418,6081627.0,-0.09854732527519368,0.0,0.048222113979542125
2025-12-31,0.022671999409794807,0.022508999332785606,0.023034999147057533,0.021894000470638275,5758543.0,-0.1039361283214316,0.0,0.048222113979542125
2026-01-01,0.024633999913930893,0.022669000551104546,0.024671999737620354,0.02256999909877777,6598209.0,-0.17552346806730915,0.0,0.048222113979542125
2026-01-02,0.02570600062608719,0.024632999673485756,0.02579599991440773,0.024416999891400337,5708323.0,-0.21042337590310994,0.0,0.048222113979542125
2026-01-03,0.026707999408245087,0.025707000866532326,0.026940999552607536,0.025662999600172043,6045096.0,-0.2401799343688465,0.0,0.048222113979542125
2026-01-04,0.02719300054013729,0.02670699916779995,0.027653999626636505,0.02644900046288967,4457809.0,-0.254608166893143,0.0,0.048222113979542125
2026-01-05,0.029121000319719315,0.02719300054013729,0.029678000137209892,0.025898000225424767,6915390.0,-0.3072083538172488,0.0,0.048222113979542125
2026-01-06,0.028859000653028488,0.029121000319719315,0.033174000680446625,0.027845000848174095,28501746.0,-0.30397178889875826,0.0,0.048222113979542125
2026-01-07,0.027970999479293823,0.02885800041258335,0.029409000650048256,0.027049999684095383,8118090.0,-0.28559467417187817,0.0,0.048222113979542125
2026-01-08,0.027536999434232712,0.027972999960184097,0.028181999921798706,0.02615400031208992,6013374.0,-0.27772977362108253,0.0,0.048222113979542125
2026-01-09,0.027420999482274055,0.027536999434232712,0.02806999906897545,0.026996999979019165,6105895.0,-0.2783294189516838,0.0,0.048222113979542125
2026-01-10,0.026745999231934547,0.027420999482274055,0.02755800075829029,0.026621999219059944,3115549.0,-0.2638378263721816,0.0,0.048222113979542125
2026-01-11,0.026871999725699425,0.026746999472379684,0.027577999979257584,0.026572000235319138,3310418.0,-0.27127368230930216,0.0,0.048222113979542125
2026-01-12,0.026427000761032104,0.026871999725699425,0.027612999081611633,0.026265999302268028,3801487.0,-0.2625575223203126,0.0,0.048222113979542125
2026-01-13,0.028087999671697617,0.026427000761032104,0.028428999707102776,0.02636300027370453,4621523.0,-0.3099209350469412,0.0,0.048222113979542125
2026-01-14,0.028356000781059265,0.028085000813007355,0.029532000422477722,0.02807999961078167,6139646.0,-0.3204797669145564,0.0,0.048222113979542125
2026-01-15,0.027135999873280525,0.028356000781059265,0.028436999768018723,0.02662000060081482,4112008.0,-0.29318151712666457,0.0,0.048222113979542125
2026-01-16,0.027847999706864357,0.027135999873280525,0.02789199911057949,0.026455000042915344,4055567.0,-0.3146737805711892,0.0,0.048222113979542125
2026-01-17,0.02773600071668625,0.02784699946641922,0.02847299911081791,0.027552999556064606,3002689.0,-0.3153173959807293,0.0,0.048222113979542125
2026-01-18,0.025766000151634216,0.02773600071668625,0.02798200026154518,0.025760000571608543,4551968.0,-0.26603396032809506,0.0,0.048222113979542125
2026-01-19,0.025324000045657158,0.025766000151634216,0.025769999250769615,0.023726999759674072,7462323.0,-0.2557469477638337,0.0,0.048222113979542125
2026-01-20,0.023659000173211098,0.025325000286102295,0.025530999526381493,0.023659000173211098,4264487.0,-0.20539299844515455,0.0,0.048222113979542125
2026-01-21,0.024325000122189522,0.023659000173211098,0.02476000040769577,0.023459000512957573,5185079.0,-0.22923065845895868,0.0,0.048222113979542125
2026-01-22,0.023792000487446785,0.024325000122189522,0.02479499951004982,0.023636000230908394,4147343.0,-0.21298727311058915,0.0,0.048222113979542125
2026-01-23,0.023963000625371933,0.023792000487446785,0.02443999983370304,0.023291999474167824,4152969.0,-0.21920701033740764,0.0,0.048222113979542125
2026-01-24,0.023802999407052994,0.023963000625371933,0.02441300079226494,0.02367600053548813,3159483.0,-0.21473781693480193,0.0,0.048222113979542125
2026-01-25,0.02251799963414669,0.023802999407052994,0.023997999727725983,0.021973999217152596,5160757.0,-0.17068460119768106,0.0,0.048222113979542125
2026-01-26,0.022996999323368073,0.02251799963414669,0.023214999586343765,0.02243800088763237,3118690.0,-0.18648496072622864,0.0,0.048222113979542125
2026-01-27,0.022950999438762665,0.022996999323368073,0.023200999945402145,0.022306999191641808,3203458.0,-0.18375117829058896,0.0,0.048222113979542125
2026-01-28,0.02221599966287613,0.022954000160098076,0.022964999079704285,0.022106999531388283,3168948.0,-0.15266130106949025,0.0,0.048222113979542125
2026-01-29,0.020524999126791954,0.02221599966287613,0.02223600074648857,0.02005000039935112,7169743.0,-0.0789083733254856,0.0,0.048222113979542125
2026-01-30,0.020392000675201416,0.020524000748991966,0.020679999142885208,0.0197720006108284,5584410.0,-0.06921134286362204,0.0,0.048222113979542125
2026-01-31,0.01873300038278103,0.020392000675201416,0.02041500061750412,0.01758600026369095,7126943.0,0.019802699404311806,0.0,0.048222113979542125
2026-02-01,0.01828400045633316,0.01873200014233589,0.019183000549674034,0.018046999350190163,3705037.0,0.05290207292931529,0.0,0.048222113979542125
2026-02-02,0.01857900060713291,0.018278000876307487,0.018713999539613724,0.01752600073814392,6175790.0,0.04322081037156441,0.0,0.048222113979542125
2026-02-03,0.018259000033140182,0.018578000366687775,0.01891699992120266,0.017663000151515007,4218260.0,0.06826640134396823,0.0,0.048222113979542125
2026-02-04,0.01774200052022934,0.01826000027358532,0.018643999472260475,0.01742199994623661,3577654.0,0.10595449927611293,0.0,0.048222113979542125
2026-02-05,0.01504599954932928,0.01774200052022934,0.017782999202609062,0.01504599954932928,6295336.0,0.3141248230786673,0.0,0.048222113979542125
2026-02-06,0.017007000744342804,0.015038000419735909,0.017239000648260117,0.014150000177323818,5171320.0,0.17022047753958178,0.0,0.048222113979542125
2026-02-07,0.016829999163746834,0.017009999603033066,0.017037000507116318,0.016307000070810318,3548143.0,0.19061489543744775,0.0,0.048222113979542125
2026-02-08,0.015968000516295433,0.016829000785946846,0.016829999163746834,0.015850000083446503,2469661.0,0.2640660427243328,0.0,0.048222113979542125
2026-02-09,0.016070999205112457,0.01597299985587597,0.016174999997019768,0.015256999991834164,2674407.0,0.26479231431878913,0.0,0.048222113979542125
2026-02-10,0.015375999733805656,0.016070999205112457,0.01607700064778328,0.015243999660015106,2356666.0,0.33215573790629754,0.0,0.048222113979542125
2026-02-11,0.015138000249862671,0.015375999733805656,0.015482000075280666,0.014778999611735344,3057377.0,0.36352145780676215,0.0,0.048222113979542125
2026-02-12,0.01566700078547001,0.015138999558985233,0.016037000343203545,0.015138999558985233,2386033.0,0.3268805208311272,0.0,0.048222113979542125
2026-02-13,0.01702200062572956,0.01566700078547001,0.017573000863194466,0.015414999797940254,4771503.0,0.22985236194721287,0.0,0.048222113979542125
2026-02-14,0.017494000494480133,0.01702200062572956,0.018025999888777733,0.016767999157309532,5001136.0,0.2091641995266296,0.0,0.048222113979542125
2026-02-15,0.016707999631762505,0.017494000494480133,0.017552999779582024,0.016390999779105186,3758043.0,0.2808442532704601,0.0,0.048222113979542125
2026-02-16,0.01703999936580658,0.016707999631762505,0.01713000051677227,0.016440000385046005,2619301.0,0.2679361402726341,0.0,0.048222113979542125
2026-02-17,0.017249999567866325,0.017040999606251717,0.017781000584363937,0.016984999179840088,5260686.0,0.26337753836441075,0.0,0.048222113979542125
2026-02-18,0.016537999734282494,0.017249999567866325,0.017299000173807144,0.016414999961853027,2498281.0,0.3288343408703535,0.0,0.048222113979542125
2026-02-19,0.01650400087237358,0.016537999734282494,0.016878999769687653,0.016005000099539757,2614851.0,0.3423880683789755,0.0,0.048222113979542125
2026-02-20,0.016669999808073044,0.01650400087237358,0.016745999455451965,0.016138000413775444,2716732.0,0.33769319310270796,0.0,0.048222113979542125
2026-02-21,0.017162000760436058,0.016672000288963318,0.018445000052452087,0.01655600033700466,7112222.0,0.30615737374994356,0.0,0.048222113979542125
2026-02-22,0.016433000564575195,0.017162000760436058,0.01724899932742119,0.01618099957704544,3015875.0,0.37152082037929424,0.0,0.048222113979542125
2026-02-23,0.015444000251591206,0.016433000564575195,0.016434000805020332,0.01522199995815754,2753603.0,0.46814834218086043,0.0,0.048222113979542125
2026-02-24,0.015359999611973763,0.015444000251591206,0.015545000322163105,0.014942999929189682,2664492.0,0.48437039017906924,0.0,0.048222113979542125
2026-02-25,0.016621999442577362,0.015359999611973763,0.017333000898361206,0.015297000296413898,2955733.0,0.3791404311128634,0.0,0.048222113979542125
2026-02-26,0.016124999150633812,0.0166229996830225,0.01680699922144413,0.01572199910879135,2855216.0,0.42994175447117233,0.0,0.048222113979542125
2026-02-27,0.015835000202059746,0.016124999150633812,0.01660200022161007,0.01561800017952919,2486472.0,0.46347600894761987,0.0,0.048222113979542125
2026-02-28,0.016517000272870064,0.015835000202059746,0.016519000753760338,0.014712999574840069,3576320.0,0.4101308105481014,0.0,0.048222113979542125
2026-03-01,0.015908999368548393,0.016519999131560326,0.017312999814748764,0.01549999974668026,5012150.0,0.4709337040715928,0.0,0.048222113979542125
2026-03-02,0.016502000391483307,0.01590600050985813,0.017155999317765236,0.015838999301195145,3283386.0,0.4243237156223993,0.0,0.048222113979542125
2026-03-03,0.016513999551534653,0.016502000391483307,0.016707999631762505,0.016064999625086784,2565803.0,0.4288461285092954,0.0,0.048222113979542125
2026-03-04,0.01689700037240982,0.016513999551534653,0.01735600084066391,0.016294000670313835,2916693.0,0.40111231270163994,0.0,0.048222113979542125
2026-03-05,0.016767000779509544,0.01689700037240982,0.01721400022506714,0.016548000276088715,2161705.0,0.41629455569617246,0.0,0.048222113979542125
2026-03-06,0.016138000413775444,0.016767000779509544,0.017069000750780106,0.015923000872135162,2344126.0,0.4763615812687214,0.0,0.048222113979542125
2026-03-07,0.01561999972909689,0.016138000413775444,0.016168000176548958,0.015561000443994999,2216197.0,0.5311048372566582,0.0,0.048222113979542125
2026-03-08,0.015491999685764313,0.01561999972909689,0.015769999474287033,0.015242000110447407,1977421.0,0.5497676534314268,0.0,0.048222113979542125
2026-03-09,0.016143999993801117,0.015491999685764313,0.016612999141216278,0.015488999895751476,2628285.0,0.49244153922405737,0.0,0.048222113979542125
2026-03-10,0.01636900007724762,0.016145000234246254,0.016915999352931976,0.016085999086499214,2444708.0,0.47540646692767075,0.0,0.048222113979542125
2026-03-11,0.01687699928879738,0.016370000317692757,0.018264999613165855,0.01629200018942356,8949414.0,0.4343894942283103,0.0,0.048222113979542125
2026-03-12,0.017626000568270683,0.016877999529242516,0.02039800025522709,0.01684200018644333,19838446.0,0.3749263356541241,0.0,0.048222113979542125
2026-03-13,0.017517000436782837,0.017625000327825546,0.018238000571727753,0.01750599965453148,4927982.0,0.3839990465322173,0.0,0.048222113979542125
2026-03-14,0.01721999980509281,0.017517000436782837,0.01751900091767311,0.016984999179840088,2309431.0,0.4086423756144156,0.0,0.048222113979542125
2026-03-15,0.017479000613093376,0.01721999980509281,0.017578000202775,0.017125999554991722,2169934.0,0.3886970000457771,0.0,0.048222113979542125
2026-03-16,0.01898599974811077,0.017479000613093376,0.01899000070989132,0.017444999888539314,3397912.0,0.2781868259280474,0.0,0.048222113979542125
2026-03-17,0.019043000414967537,0.018984999507665634,0.01986199989914894,0.018674999475479126,8180908.0,0.27374010365423496,0.0,0.048222113979542125
2026-03-18,0.019154999405145645,0.01903899945318699,0.020496999844908714,0.01824899949133396,8528892.0,0.26525963826226606,0.0,0.048222113979542125
2026-03-19,0.018742000684142113,0.019155999645590782,0.019363999366760254,0.018463000655174255,3768500.0,0.29281187013504584,0.0,0.048222113979542125
2026-03-20,0.01895200088620186,0.01874300092458725,0.01927500031888485,0.018686000257730484,2735222.0,0.2778484899012983,0.0,0.048222113979542125
2026-03-21,0.020145000889897346,0.01895800046622753,0.02113099955022335,0.018900999799370766,12735833.0,0.2014288721499085,0.0,0.048222113979542125
2026-03-22,0.021831000223755836,0.020145999267697334,0.023778999224305153,0.019902000203728676,24319355.0,0.10722464250445182,0.0,0.048222113979542125
2026-03-23,0.02357799932360649,0.02181600034236908,0.0252470001578331,0.021004000678658485,22170906.0,0.023005232062626786,0.0,0.048222113979542125
2026-03-24,0.022237999364733696,0.023597000166773796,0.024824000895023346,0.021998999640345573,13474122.0,0.08310049470592686,0.0,0.048222113979542125
2026-03-25,0.024752000346779823,0.02223999984562397,0.024800999090075493,0.021578000858426094,13901105.0,-0.029644082492310854,0.0,0.048222113979542125
2026-03-26,0.02418000064790249,0.024751000106334686,0.024751000106334686,0.02350500039756298,8625272.0,-0.009566669655893275,0.0,0.048222113979542125
2026-03-27,0.024589000269770622,0.02417900040745735,0.026847999542951584,0.02343899942934513,15414994.0,-0.02919715510841309,0.0,0.048222113979542125
2026-03-28,0.026406999677419662,0.024596000090241432,0.02735299989581108,0.02434699982404709,12978396.0,-0.09964663795849894,0.0,0.048222113979542125
2026-03-29,0.02519099973142147,0.026412999257445335,0.02765199914574623,0.024202000349760056,8165608.0,-0.059650450917125036,0.0,0.048222113979542125
2026-03-30,0.02116999961435795,0.025189999490976334,0.030611999332904816,0.020176000893115997,38938270.0,0.11737467504001865,0.0,0.048222113979542125
2026-03-31,0.02145799994468689,0.02116299979388714,0.023471999913454056,0.01995999924838543,22449973.0,0.10023068699314183,0.0,0.048222113979542125
2026-04-01,0.019231000915169716,0.02145400084555149,0.02156900055706501,0.0190459992736578,11874033.0,0.2262362269938134,0.0,0.048222113979542125
2026-04-02,0.01968500018119812,0.0192440003156662,0.019773999229073524,0.017487000674009323,10116937.0,0.1960781007236806,0.0,0.048222113979542125
2026-04-03,0.019001999869942665,0.019686000421643257,0.02107599936425686,0.018383000046014786,15167411.0,0.23775881630314763,0.0,0.048222113979542125
2026-04-04,0.01838500052690506,0.019001999869942665,0.01946300081908703,0.01807899959385395,4619236.0,0.27819129405900905,0.0,0.048222113979542125
2026-04-05,0.017878999933600426,0.01838500052690506,0.01839900016784668,0.01765500009059906,3284938.0,0.3135695283914864,0.0,0.048222113979542125
2026-04-06,0.018535999581217766,0.01787799969315529,0.018825000151991844,0.01787799969315529,4691054.0,0.26644871469868636,0.0,0.048222113979542125
2026-04-07,0.01923000067472458,0.018533999100327492,0.019361000508069992,0.017689000815153122,6246365.0,0.21964993310012423,0.0,0.048222113979542125
2026-04-08,0.018741000443696976,0.019233999773859978,0.01969899982213974,0.018686000257730484,3128756.0,0.2509979083016219,0.0,0.048222113979542125
2026-04-09,0.01972300000488758,0.018742000684142113,0.020083999261260033,0.018495000898838043,3408511.0,0.18783907002792125,0.0,0.048222113979542125
2026-04-10,0.019845999777317047,0.019720999523997307,0.020260000601410866,0.019627999514341354,3393209.0,0.18000389967282165,0.0,0.048222113979542125
2026-04-11,0.01978899911046028,0.019845999777317047,0.020099999383091927,0.019362999126315117,2516230.0,0.18281686543819903,0.0,0.048222113979542125
2026-04-12,0.019130999222397804,0.01978899911046028,0.0200399998575449,0.0191079992800951,2537790.0,0.22321853634819896,0.0,0.048222113979542125
2026-04-13,0.01995600014925003,0.019130000844597816,0.01995600014925003,0.01908699981868267,2294009.0,0.1721256917360614,0.0,0.048222113979542125
2026-04-14,0.019639000296592712,0.01995600014925003,0.020231999456882477,0.019353000447154045,2932415.0,0.19009912835114795,0.0,0.048222113979542125
2026-04-15,0.02007099986076355,0.019639000296592712,0.020222000777721405,0.019562000408768654,2370772.0,0.16311381058865546,0.0,0.048222113979542125
2026-04-16,0.02174600027501583,0.020069999620318413,0.0218959990888834,0.019996000453829765,4777225.0,0.07143403190989038,0.0,0.048222113979542125
2026-04-17,0.022748000919818878,0.02174600027501583,0.02301499992609024,0.021198999136686325,3648074.0,0.02186791942559279,0.0,0.048222113979542125
2026-04-18,0.022244999185204506,0.02274700067937374,0.023754000663757324,0.021897999569773674,5039634.0,0.0426693374450007,0.0,0.048222113979542125
2026-04-19,0.021083999425172806,0.022245999425649643,0.022247999906539917,0.021083999425172806,2637000.0,0.09833571193281873,0.0,0.048222113979542125
2026-04-20,0.025843000039458275,0.021083999425172806,0.026789000257849693,0.021056000143289566,16902607.0,-0.1076684688782873,0.0,0.048222113979542125
2026-04-21,0.025078000500798225,0.02585499919950962,0.027164999395608902,0.02374199964106083,13693582.0,-0.08347339212281547,0.0,0.048222113979542125
2026-04-22,0.02983899973332882,0.025078000500798225,0.03001900017261505,0.024955999106168747,18835695.0,-0.2342320393606308,0.0,0.048222113979542125
2026-04-23,0.027323000133037567,0.029822999611496925,0.030184000730514526,0.02599100023508072,9598331.0,-0.1676936279261746,0.0,0.048222113979542125
2026-04-24,0.026712000370025635,0.027334000915288925,0.02910199947655201,0.026637999340891838,5989623.0,-0.15241724319968109,0.0,0.048222113979542125
2026-04-25,0.029092000797390938,0.026711000129580498,0.031268998980522156,0.026669999584555626,15671490.0,-0.22622037177052465,0.0,0.048222113979542125
2026-04-26,0.030657000839710236,0.029092000797390938,0.03190400078892708,0.02749199979007244,8348946.0,-0.27025485391430354,0.0,0.048222113979542125
2026-04-27,0.0295609999448061,0.03066300041973591,0.03168800100684166,0.028812000527977943,7419938.0,-0.24730943804511135,0.0,0.048222113979542125
2026-04-28,0.028630999848246574,0.0295609999448061,0.031415000557899475,0.02848000079393387,5477100.0,-0.22674016083766274,0.0,0.048222113979542125
2026-04-29,0.02751700021326542,0.028630999848246574,0.02960200048983097,0.026534000411629677,4471032.0,-0.19901377736966083,0.0,0.048222113979542125
2026-04-30,0.027685999870300293,0.02751700021326542,0.028992999345064163,0.027437999844551086,2988741.0,-0.20779369080988694,0.0,0.048222113979542125
2026-05-01,0.0278949998319149,0.027685999870300293,0.02881000004708767,0.027605000883340836,2934698.0,-0.21793886623668765,0.0,0.048222113979542125
2026-05-02,0.028263000771403313,0.02789600007236004,0.028704000636935234,0.027847999706864357,2016817.0,-0.23238950016272483,0.0,0.048222113979542125
2026-05-03,0.028279000893235207,0.028263000771403313,0.028736000880599022,0.027867000550031662,2404958.0,-0.23699357165551366,0.0,0.048222113979542125
2026-05-04,0.027987999841570854,0.028279000893235207,0.02903899922966957,0.02776999957859516,2866691.0,-0.2336558328612371,0.0,0.048222113979542125
2026-05-05,0.028542999178171158,0.027987999841570854,0.029140999540686607,0.027897000312805176,3002651.0,-0.2531944081048141,0.0,0.048222113979542125
2026-05-06,0.028389999642968178,0.028542999178171158,0.02907400019466877,0.02794400043785572,2977537.0,-0.2538582411395205,0.0,0.048222113979542125
2026-05-07,0.028036000207066536,0.028390999883413315,0.028392000123858452,0.0269009992480278,3214567.0,-0.24892157663067194,0.0,0.048222113979542125
2026-05-08,0.029311999678611755,0.028036000207066536,0.029697999358177185,0.027612000703811646,3767039.0,-0.28501023250694707,0.0,0.048222113979542125
2026-05-09,0.035854000598192215,0.029311999678611755,0.03595700114965439,0.02930700033903122,20466373.0,-0.4205355536476788,0.0,0.048222113979542125
2026-05-10,0.03747500106692314,0.035805001854896545,0.039705999195575714,0.03204699978232384,22446182.0,-0.45110182847793323,0.0,0.048222113979542125
2026-05-11,0.03428399935364723,0.03748700022697449,0.03831100091338158,0.03412599861621857,11080237.0,-0.40501299584017936,0.0,0.048222113979542125
2026-05-12,0.033011000603437424,0.03431500121951103,0.035464998334646225,0.0324539989233017,6077403.0,-0.386904903791997,0.0,0.048222113979542125
2026-05-13,0.0319099985063076,0.03302299976348877,0.034439001232385635,0.03103799931704998,4610704.0,-0.37044018050666605,0.0,0.048222113979542125
2026-05-14,0.031498998403549194,0.0319099985063076,0.03242599964141846,0.03135199844837189,3748902.0,-0.36692988992376324,0.0,0.048222113979542125
2026-05-15,0.028813999146223068,0.031498998403549194,0.03172000125050545,0.028432000428438187,3609419.0,-0.31198979787469155,0.0,0.048222113979542125
2026-05-16,0.026984000578522682,0.028818000108003616,0.029022999107837677,0.02642500028014183,3821671.0,-0.2688681211966423,0.0,0.048222113979542125
2026-05-17,0.02667500078678131,0.026984000578522682,0.028126999735832214,0.026366999372839928,3647312.0,-0.2639176856543315,0.0,0.048222113979542125
2026-05-18,0.026858000084757805,0.026673000305891037,0.026933999732136726,0.025821000337600708,3317579.0,-0.272617060260419,0.0,0.048222113979542125
2026-05-19,0.02593100070953369,0.026858000084757805,0.02715899981558323,0.025919999927282333,2415968.0,-0.2500392665194933,0.0,0.048222113979542125
2026-05-20,0.027049999684095383,0.02593100070953369,0.027148999273777008,0.025589000433683395,3167768.0,-0.2850221328178403,0.0,0.048222113979542125
2026-05-21,0.027358999475836754,0.027049999684095383,0.028710000216960907,0.026507999747991562,4797708.0,-0.29728438639251775,0.0,0.048222113979542125
2026-05-22,0.025606999173760414,0.027358999475836754,0.028353000059723854,0.025499999523162842,3998390.0,-0.2528170961359679,0.0,0.048222113979542125
2026-05-23,0.026343999430537224,0.025606999173760414,0.026990000158548355,0.024366000667214394,2979046.0,-0.27774559858012277,0.0,0.048222113979542125
2026-05-24,0.025144999846816063,0.026343999430537224,0.026419999077916145,0.02466299943625927,2311859.0,-0.24693747216456816,0.0,0.048222113979542125
2026-05-25,0.02516300044953823,0.025143999606370926,0.025731999427080154,0.025001000612974167,2245046.0,-0.2512258220715879,0.0,0.048222113979542125
2026-05-26,0.024222999811172485,0.025164000689983368,0.025352999567985535,0.02403399907052517,2927440.0,-0.22558678300177631,0.0,0.048222113979542125
2026-05-27,0.02350199967622757,0.02422199957072735,0.024455999955534935,0.02339399978518486,2579427.0,-0.20498272395015193,0.0,0.048222113979542125
2026-05-28,0.022849999368190765,0.02350199967622757,0.02355699986219406,0.022329000756144524,3088830.0,-0.18519137092782906,0.0,0.048222113979542125
2026-05-29,0.022732999175786972,0.022850999608635902,0.023256000131368637,0.022314000874757767,2440741.0,-0.1839171049651775,0.0,0.048222113979542125
2026-05-30,0.023207999765872955,0.022732999175786972,0.023795999586582184,0.022710999473929405,2346551.0,-0.20390881184545528,0.0,0.048222113979542125
2026-05-31,0.023315999656915665,0.02321000024676323,0.02397100068628788,0.022597000002861023,2505462.0,-0.21105625093634214,0.0,0.048222113979542125
2026-06-01,0.023282000795006752,0.023321999236941338,0.023818999528884888,0.022471999749541283,3030275.0,-0.21346184856436107,0.0,0.048222113979542125
2026-06-02,0.021152999252080917,0.023282000795006752,0.023282000795006752,0.020893000066280365,3288451.0,-0.1366140546171519,0.0,0.048222113979542125
2026-06-03,0.02168699912726879,0.021157000213861465,0.022410999983549118,0.021021999418735504,4176416.0,-0.16064294841547877,0.0,0.048222113979542125
2026-06-04,0.019832000136375427,0.021686000749468803,0.021803999319672585,0.019375000149011612,4635004.0,-0.08359980565289668,0.0,0.048222113979542125
2026-06-05,0.018278000876307487,0.019833000376820564,0.01989700086414814,0.017667999491095543,4709433.0,-0.0057906844345589886,0.0,0.048222113979542125
2026-06-06,0.018338000401854515,0.01828099973499775,0.018748000264167786,0.017308000475168228,3744051.0,-0.00921108075471259,0.0,0.048222113979542125
2026-06-07,0.018841000273823738,0.01834000088274479,0.019123999401926994,0.01811799965798855,2877747.0,-0.03633513413482649,0.0,0.048222113979542125
2026-06-08,0.018533999100327492,0.018841000273823738,0.019127000123262405,0.018363000825047493,3233586.0,-0.020764564917970352,0.0,0.048222113979542125
2026-06-09,0.018050000071525574,0.018533999100327492,0.018573999404907227,0.01772399991750717,2688444.0,0.005600703108831742,0.0,0.048222113979542125
2026-06-10,0.017493000254034996,0.018050000071525574,0.018144000321626663,0.017215000465512276,3054506.0,0.038372740492635705,0.0,0.048222113979542125
2026-06-11,0.018224000930786133,0.017493000254034996,0.018489999696612358,0.017464999109506607,3081943.0,-0.003345348280016121,0.0,0.048222113979542125
2026-06-12,0.01793600060045719,0.018224000930786133,0.018386000767350197,0.017816999927163124,2444978.0,0.012921754125102181,0.0,0.048222113979542125
2026-06-13,0.018884999677538872,0.017935000360012054,0.019509999081492424,0.01786400005221367,4044283.0,-0.03878712248257317,0.0,0.048222113979542125
2026-06-14,0.01923000067472458,0.018884999677538872,0.019297000020742416,0.01817600056529045,3360417.0,-0.05725010794152285,0.0,0.048222113979542125
2026-06-15,0.019260000437498093,0.01923000067472458,0.020020000636577606,0.019021999090909958,3124107.0,-0.06002341082921277,0.0,0.048222113979542125
2026-06-16,0.019346000626683235,0.019260000437498093,0.019656000658869743,0.01889199949800968,2786525.0,-0.06566109279128972,0.0,0.048222113979542125
2026-06-17,0.019061999395489693,0.01934400014579296,0.01985199935734272,0.01879500038921833,3347667.0,-0.05294381743834511,0.0,0.048222113979542125
2026-06-18,0.01833599992096424,0.01905900053679943,0.01916399970650673,0.01785000041127205,2550827.0,-0.01581363273926254,0.0,0.048222113979542125
2026-06-19,0.018069999292492867,0.01833599992096424,0.018372999504208565,0.017860999330878258,2120475.0,-0.001358189597643217,0.0,0.048222113979542125
2026-06-20,0.018389999866485596,0.018074000254273415,0.01844399981200695,0.017805999144911766,1919500.0,-0.019203732360071703,0.0,0.048222113979542125
2026-06-21,0.017859000712633133,0.018389999866485596,0.018619000911712646,0.017813000828027725,2242913.0,0.010213482031940516,0.0,0.048222113979542125
2026-06-22,0.01835400052368641,0.017859000712633133,0.019114000722765923,0.017859000712633133,2621175.0,-0.01747975710248213,0.0,0.048222113979542125
2026-06-23,0.017588000744581223,0.01835400052368641,0.01843300089240074,0.017118999734520912,2756564.0,0.025995456040891107,0.0,0.048222113979542125
2026-06-24,0.01696299947798252,0.017588000744581223,0.0177180003374815,0.01619799993932247,2444918.0,0.06557040454698844,0.0,0.048222113979542125
2026-06-25,0.01658100076019764,0.01696299947798252,0.017215000465512276,0.01601099967956543,3119049.0,0.09269421617791178,0.0,0.048222113979542125
2026-06-26,0.016909999772906303,0.01658100076019764,0.01709499955177307,0.016114000231027603,2399919.0,0.07353590902511034,0.0,0.048222113979542125
2026-06-27,0.016675999388098717,0.016909999772906303,0.01723499968647957,0.016573000699281693,2441415.0,0.09128478941585573,0.0,0.048222113979542125
2026-06-28,0.016682999208569527,0.016675999388098717,0.01689700037240982,0.016459999606013298,1860672.0,0.09366525120477967,0.0,0.048222113979542125
2026-06-29,0.017660999670624733,0.01668200083076954,0.01793299987912178,0.01650499925017357,3556955.0,0.03416994898210923,0.0,0.048222113979542125
2026-06-30,0.01746400073170662,0.017660999670624733,0.017815999686717987,0.01710899919271469,2927404.0,0.047363538815166896,0.0,0.048222113979542125
2026-07-01,0.01799199916422367,0.01746400073170662,0.01819399930536747,0.017194999381899834,2352979.0,0.01720065955964787,0.0,0.048222113979542125
2026-07-02,0.018278000876307487,0.01799199916422367,0.018761999905109406,0.017885999754071236,2887747.0,0.001330060410546785,0.0,0.048222113979542125
2026-07-03,0.019057000055909157,0.018278000876307487,0.01918400079011917,0.01818699948489666,2528007.0,-0.04106836079882314,0.0,0.048222113979542125
2026-07-04,0.018814999610185623,0.019046999514102936,0.019200999289751053,0.01859400048851967,2359730.0,-0.029839656630256114,0.0,0.048222113979542125
2026-07-05,0.01868000067770481,0.018814999610185623,0.018897000700235367,0.018326999619603157,1802349.0,-0.02374151751130675,0.0,0.048222113979542125
2026-07-06,0.019077999517321587,0.01868000067770481,0.01968500018119812,0.017882000654935837,5832701.0,-0.04594572413838666,0.0,0.048222113979542125
2026-07-07,0.018077999353408813,0.019077999517321587,0.01915000006556511,0.018070999532938004,2934165.0,0.007125509193088645,0.0,0.048222113979542125
2026-07-08,0.017760999500751495,0.018077999353408813,0.01826700009405613,0.017395999282598495,2455490.0,0.026241716433879014,0.0,0.048222113979542125
2026-07-09,0.017928000539541245,0.017761999741196632,0.01822499930858612,0.01766899973154068,1863011.0,0.01747656611416923,0.0,0.048222113979542125
2026-07-10,0.018216000869870186,0.017928000539541245,0.01856900006532669,0.017836999148130417,2529024.0,0.0014594605262095162,0.0,0.048222113979542125
2026-07-11,0.017937999218702316,0.018216000869870186,0.018478000536561012,0.017903000116348267,1854809.0,0.017873681783997227,0.0,0.048222113979542125
2026-07-12,0.017986999824643135,0.017937999218702316,0.018326999619603157,0.017837999388575554,1614919.0,0.015939697945719256,0.0,0.048222113979542125
2026-07-13,0.017712999135255814,0.017986999824643135,0.01823199912905693,0.017511999234557152,2053394.0,0.033517240898105274,0.0,0.048222113979542125
2026-07-14,0.01870499923825264,0.017712999135255814,0.018924999982118607,0.017712999135255814,2561248.0,-0.022625158456787732,0.0,0.048222113979542125
2026-07-15,0.01850700005888939,0.018711000680923462,0.0187780000269413,0.01834299974143505,2342962.0,-0.012979846421769466,0.0,0.048222113979542125
2026-07-16,0.01819700002670288,0.01850700005888939,0.01882600039243698,0.01817299984395504,2694358.0,0.004108723588192206,0.0,0.048222113979542125
2026-07-17,0.018271999433636665,0.01820099912583828,0.018417000770568848,0.01785999909043312,2281170.0,-1.3730515616141923e-05,0.0,0.048222113979542125
2026-07-18,0.018185999244451523,0.018271999433636665,0.01836399920284748,0.018001999706029892,1822004.0,0.0051080547951865285,0.0,0.048222113979542125
2026-07-19,0.018981000408530235,0.018185999244451523,0.019341999664902687,0.01816600002348423,4176134.0,-0.04035266280565683,0.0,0.048222113979542125
2026-07-20,0.019354000687599182,0.018981000408530235,0.020281000062823296,0.018719999119639397,4436934.0,-0.06473222913017534,0.0,0.048222113979542125
2026-07-21,0.019300000742077827,0.019354000687599182,0.019649000838398933,0.019173000007867813,2284317.0,-0.06901713387906797,0.0,0.048222113979542125
2026-07-22,0.019246000796556473,0.019300000742077827,0.019728999584913254,0.01897200010716915,1985841.0,-0.07470563123498807,0.0,0.048222113979542125
2026-07-23,0.018637999892234802,0.019246000796556473,0.01937600038945675,0.018595000728964806,1804455.0,-0.05088122506902864,0.0,0.048222113979542125
2026-07-24,0.01803099922835827,0.018637999892234802,0.018919000402092934,0.017945999279618263,1834149.0,-0.022084792178164097,0.0,0.048222113979542125
2026-07-25,0.01813100092113018,0.01803099922835827,0.01832900010049343,0.017868999391794205,1542497.0,-0.03297419038223413,0.0,0.048222113979542125
2026-07-26,0.018373999744653702,0.01813100092113018,0.01854100078344345,0.018062999472022057,1578455.0,-0.05720405950002769,0.0,0.048222113979542125
2026-07-27,0.017184000462293625,0.018373999744653702,0.01838799938559532,0.017132999375462532,1979858.0,0.01077994289073477,0.0,0.048222113979542125
2026-07-28,0.017424000427126884,0.017184000462293625,0.0175160001963377,0.01701599918305874,1713757.0,-0.004713965209458326,0.0,0.048222113979542125
2026-07-29,0.017209000885486603,0.017424000427126884,0.017496999353170395,0.016961999237537384,1632511.0,0.015441153231535942,0.0,0.048222113979542125
2026-07-30,0.01747472770512104,0.017209207639098167,0.01747472770512104,0.01713768020272255,1751182.0,0.0,0.0,0.048222113979542125
