Date,Close,Open,High,Low,Volume,pct_change,epoch_signal,weight
2024-03-26,0.0228410009294748,0.0302799995988607,0.0393670015037059,0.0196240004152059,103245687.0,-0.1967916201603428,0.0,0.044537420818018286
2024-03-27,0.0251829996705055,0.0227969996631145,0.0353999994695186,0.0221309997141361,70324208.0,-0.3050172632880734,-1.0,0.4812700398842575
2024-03-28,0.0211130008101463,0.0250860005617141,0.0278440006077289,0.0200769994407892,37620189.0,-0.20016896551399746,0.0,0.044537420818018286
2024-03-29,0.0169319994747638,0.0211130008101463,0.0215629991143941,0.0162710007280111,26541040.0,-0.026985363956163827,0.0,0.044537420818018286
2024-03-30,0.0188519991934299,0.0169319994747638,0.0189040005207061,0.0143299996852874,21507933.0,-0.15815294268370997,0.0,0.044537420818018286
2024-03-31,0.0178260002285242,0.0188519991934299,0.0210529994219541,0.0167110003530979,14844080.0,-0.14659767377295393,0.0,0.044537420818018286
2024-04-01,0.0199500005692243,0.0178260002285242,0.020185999572277,0.0167660005390644,10940542.0,-0.28356727268766335,-1.0,0.4812700398842575
2024-04-02,0.0193620007485151,0.0199500005692243,0.020813999697566,0.0175379998981952,11787126.0,-0.30562014655591524,-1.0,0.4812700398842575
2024-04-03,0.0172140002250671,0.0193620007485151,0.0203089993447065,0.017060000449419,8884512.0,-0.25912049855351366,-1.0,0.4812700398842575
2024-04-04,0.016975000500679,0.0172140002250671,0.0177090000361204,0.0169110000133514,6386848.0,-0.29039767225873786,-1.0,0.4812700398842575
2024-04-05,0.0159709993749856,0.016975000500679,0.0169760007411241,0.0150499995797872,5836854.0,-0.2845887129834097,-1.0,0.4812700398842575
2024-04-06,0.0150210000574588,0.0159709993749856,0.0159709993749856,0.0145880002528429,4905741.0,-0.27416617561581996,-1.0,0.4812700398842575
2024-04-07,0.0157539993524551,0.0150210000574588,0.0176940001547336,0.0148149998858571,7441098.0,-0.34119374485882975,-1.0,0.4812700398842575
2024-04-08,0.0150509998202323,0.0157539993524551,0.0163490008562803,0.0147510003298521,8459782.0,-0.3439306264193725,-1.0,0.4812700398842575
2024-04-09,0.0137339998036623,0.0150509998202323,0.0152799999341368,0.0133750000968575,5766783.0,-0.31209648508340415,-1.0,0.4812700398842575
2024-04-10,0.011990999802947,0.0137339998036623,0.0137339998036623,0.011727999895811,6074054.0,-0.23426595428113164,-1.0,0.4812700398842575
2024-04-11,0.0115970000624656,0.011990999802947,0.0125540001317858,0.0108449999243021,5242568.0,-0.23261762755834633,-1.0,0.4812700398842575
2024-04-12,0.0099330004304647,0.0115970000624656,0.0116149997338652,0.0087000001221895,4678062.0,-0.12190009596069444,0.0,0.044537420818018286
2024-04-13,0.0089109996333718,0.0099330004304647,0.0117650004103779,0.008190999738872,5811959.0,-0.03856651689488721,0.0,0.044537420818018286
2024-04-14,0.0091829998418688,0.0089090000838041,0.0093280002474784,0.0083760004490613,4173590.0,-0.092752887686563,0.0,0.044537420818018286
2024-04-15,0.008921000175178,0.0091829998418688,0.0102690001949667,0.0088860001415014,2807919.0,-0.0743844172959781,0.0,0.044537420818018286
2024-04-16,0.0084790000692009,0.008921000175178,0.0089859999716281,0.008131000213325,1556244.0,-0.03262962589917556,0.0,0.044537420818018286
2024-04-17,0.00853499956429,0.0084790000692009,0.0088020004332065,0.0080610001459717,1338549.0,-0.0496289113094977,0.0,0.044537420818018286
2024-04-18,0.0087440004572272,0.00853499956429,0.0088200001046061,0.0083299996331334,1378378.0,-0.0949889774684372,0.0,0.044537420818018286
2024-04-19,0.0094670001417398,0.0087440004572272,0.0094680003821849,0.0083839995786547,1587585.0,-0.18898982588882032,0.0,0.044537420818018286
2024-04-20,0.0089990003034472,0.0094689996913075,0.0095030004158616,0.0088050002232193,1495256.0,-0.16261993964428378,0.0,0.044537420818018286
2024-04-21,0.0086120003834366,0.0089990003034472,0.0090279998257756,0.0086019998416304,1104631.0,-0.13288631311664528,0.0,0.044537420818018286
2024-04-22,0.0088020004332065,0.0086120003834366,0.0089929997920989,0.0085079995915293,1450242.0,-0.164886803188687,0.0,0.044537420818018286
2024-04-23,0.0082059996202588,0.0088020004332065,0.0088579999282956,0.0081169996410608,1402527.0,-0.11405267488544753,0.0,0.044537420818018286
2024-04-24,0.0078070000745356,0.0082050003111362,0.0082350000739097,0.0075969998724758,1445402.0,-0.07759062486113992,0.0,0.044537420818018286
2024-04-25,0.007052999921143,0.0078070000745356,0.0078609995543956,0.0069670001976192,1324436.0,0.016966794711970084,0.0,0.044537420818018286
2024-04-26,0.006349999923259,0.007052999921143,0.007052999921143,0.0061169997788965,1778313.0,0.13186353885031332,1.0,0.47419253929772426
2024-04-27,0.0080350004136562,0.006349999923259,0.0080899996683001,0.005996000021696,2175282.0,-0.12088782758173833,0.0,0.044537420818018286
2024-04-28,0.0078180003911256,0.008034000173211,0.0084600001573562,0.0077979997731745,1886150.0,-0.11283794491656207,0.0,0.044537420818018286
2024-04-29,0.0074439998716115,0.0078180003911256,0.0079100001603364,0.0073529998771846,850091.0,-0.08080331744679607,0.0,0.044537420818018286
2024-04-30,0.0063680000603199,0.0074439998716115,0.0074499999172985,0.0061160000041127,1516761.0,0.07592649386498326,0.0,0.044537420818018286
2024-05-01,0.0066399998031556,0.0063669998198747,0.0066519998945295,0.0061050001531839,1504192.0,0.024272116100772595,0.0,0.044537420818018286
2024-05-02,0.0072920001111924,0.0066399998031556,0.007337000221014,0.0064039998687803,1490767.0,-0.09080729692673391,0.0,0.044537420818018286
2024-05-03,0.0077960002236068,0.0072920001111924,0.0078450003638863,0.0070199999026954,1949072.0,-0.17777282144918827,0.0,0.044537420818018286
2024-05-04,0.0073990002274513,0.0077960002236068,0.0080709997564554,0.0073970002122223,1323626.0,-0.16012302650415838,0.0,0.044537420818018286
2024-05-05,0.0072389999404549,0.0073990002274513,0.0075119999237358,0.0070020002312958,1228557.0,-0.16808261084752094,0.0,0.044537420818018286
2024-05-06,0.0069809998385608,0.0072389999404549,0.0073680002242326,0.00688900006935,1199916.0,-0.164541841022841,0.0,0.044537420818018286
2024-05-07,0.0067099998705089,0.0069809998385608,0.0070230001583695,0.006707000080496,1005001.0,-0.1545330265011763,0.0,0.044537420818018286
2024-05-08,0.0065259998664259,0.0067099998705089,0.0067099998705089,0.0065060001797974,1028550.0,-0.15398660704070347,0.0,0.044537420818018286
2024-05-09,0.0065509998239576,0.0065259998664259,0.0066880001686513,0.0064550000242888,996153.0,-0.17758101358634373,0.0,0.044537420818018286
2024-05-10,0.0062839998863637,0.0065509998239576,0.0065700002014636,0.0062620001845061,1081572.0,-0.16187936744265152,0.0,0.044537420818018286
2024-05-11,0.0063240001909434,0.0062839998863637,0.0063550001941621,0.0062409997917711,689776.0,-0.18769769035493192,0.0,0.044537420818018286
2024-05-12,0.0064759999513626,0.0063240001909434,0.0065399999730288,0.0062919999472796,680754.0,-0.22600113222710125,-1.0,0.4812700398842575
2024-05-13,0.0060359998606145,0.0064759999513626,0.0064989998936653,0.0059890002012252,1036747.0,-0.17075324443749054,0.0,0.044537420818018286
2024-05-14,0.0052359998226165,0.0060359998606145,0.0060410001315176,0.0049910000525414,1469421.0,-0.04394254626493016,0.0,0.044537420818018286
2024-05-15,0.0051589999347925,0.0052350000478327,0.0054959999397397,0.0049769999459385,2736695.0,-0.029107697043900427,0.0,0.044537420818018286
2024-05-16,0.0050490000285208,0.0051589999347925,0.0054700002074241,0.0050079999491572,1658277.0,-0.012296169430985354,0.0,0.044537420818018286
2024-05-17,0.0049350000917911,0.0050490000285208,0.0050490000285208,0.00475599989295,1147996.0,0.004593022736477798,0.0,0.044537420818018286
2024-05-18,0.0047019999474287,0.0049350000917911,0.0049350000917911,0.0046299998648464,972364.0,0.04992557705224604,0.0,0.044537420818018286
2024-05-19,0.0047989999875426,0.0047019999474287,0.0049330000765621,0.0046959999017417,799152.0,0.022122671232649105,0.0,0.044537420818018286
2024-05-20,0.0047019999474287,0.0047989999875426,0.0048239999450743,0.0046379999257624,943769.0,0.032574808192831074,0.0,0.044537420818018286
2024-05-21,0.0049499999731779,0.0047019999474287,0.0049950000829994,0.0046890000812709,1326240.0,-0.0356060457824453,0.0,0.044537420818018286
2024-05-22,0.0048329997807741,0.0049499999731779,0.0051480000838637,0.0048329997807741,1010086.0,-0.028088090182918534,0.0,0.044537420818018286
2024-05-23,0.0047670002095401,0.0048329997807741,0.0048460001125931,0.004503000061959,1186765.0,-0.030854523916631387,0.0,0.044537420818018286
2024-05-24,0.0049809999763965,0.0047690002247691,0.0050030001439154,0.0047340001910924,1080259.0,-0.09091212429550678,0.0,0.044537420818018286
2024-05-25,0.0059509999118745,0.0049809999763965,0.0062939999625086,0.0049809999763965,1873667.0,-0.27059876327058774,-1.0,0.4812700398842575
2024-05-26,0.0052430001087486,0.0059509999118745,0.0059609999880194,0.0049990001134574,1490868.0,-0.20098227470367802,0.0,0.044537420818018286
2024-05-27,0.0051939999684691,0.0052430001087486,0.0052729998715221,0.0048879999667406,1358902.0,-0.22444165546742834,-1.0,0.4812700398842575
2024-05-28,0.0047860001213848,0.0051939999684691,0.0052009997889399,0.0047860001213848,1103790.0,-0.18611577215626293,0.0,0.044537420818018286
2024-05-29,0.004583999980241,0.0047860001213848,0.0048199999146163,0.0045610000379383,1375752.0,-0.18037375819846505,0.0,0.044537420818018286
2024-05-30,0.0044510001316666,0.0045710001140832,0.0047260001301765,0.0044399998150765,1542502.0,-0.18389128641847172,0.0,0.044537420818018286
2024-05-31,0.004420000128448,0.0044419998303055,0.0044760000891983,0.0042750001884996,1994766.0,-0.20282808277421305,0.0,0.044537420818018286
2024-06-01,0.0041020000353455,0.0044240001589059,0.0044329999946057,0.0040810001082718,1288415.0,-0.1676418128943725,0.0,0.044537420818018286
2024-06-02,0.0039730002172291,0.0041029998101294,0.0041089998558163,0.0039719999767839,1498864.0,-0.1689320135729803,0.0,0.044537420818018286
2024-06-03,0.0039149997755885,0.0039750002324581,0.0040359999984502,0.0038499999791383,2559720.0,-0.18429114949318737,0.0,0.044537420818018286
2024-06-04,0.0038389998953789,0.0039160000160336,0.0039289998821914,0.0036869999021291,1165338.0,-0.19542847925398346,0.0,0.044537420818018286
2024-06-05,0.0038799999747425,0.0038389998953789,0.0041009997949004,0.0038169999606907,1368711.0,-0.23146477539374052,-1.0,0.4812700398842575
2024-06-06,0.003701000008732,0.0038799999747425,0.0039059999398887,0.0036949999630451,965140.0,-0.22478159781081875,-1.0,0.4812700398842575
2024-06-07,0.0034260000102221,0.0036929999478161,0.0036969999782741,0.0034260000102221,1292578.0,-0.19101479863228812,0.0,0.044537420818018286
2024-06-08,0.0032619999255985,0.0034290000330656,0.0034429999068379,0.0032470000442117,535280.0,-0.17481604867926923,0.0,0.044537420818018286
2024-06-09,0.0031900000758469,0.003260999917984,0.0033179998863488,0.003167999908328,543746.0,-0.1796499733181525,0.0,0.044537420818018286
2024-06-10,0.0029269999358803,0.0031910000834614,0.0031940001063048,0.0028969999402761,983594.0,-0.12521351758376428,0.0,0.044537420818018286
2024-06-11,0.0029549999162554,0.0029279999434947,0.0029549999162554,0.002777999965474,1244721.0,-0.15772700056025699,0.0,0.044537420818018286
2024-06-12,0.0031119999475777,0.0029549999162554,0.0033259999472647,0.0029549999162554,1435164.0,-0.2244537195967937,-1.0,0.4812700398842575
2024-06-13,0.0027920000720769,0.0031129999551922,0.0031439999584108,0.0027910000644624,706199.0,-0.1496239560043616,0.0,0.044537420818018286
2024-06-14,0.0026229999493807,0.0027910000644624,0.0027950000949203,0.0025909999385476,646564.0,-0.10925783803265543,0.0,0.044537420818018286
2024-06-15,0.0026149998884648,0.0026199999265372,0.0026839999482035,0.0026010000146925,304900.0,-0.11985337782670946,0.0,0.044537420818018286
2024-06-16,0.0025820001028478,0.0026159998960793,0.0026209999341517,0.0025520001072436,248347.0,-0.12241806276377347,0.0,0.044537420818018286
2024-06-17,0.002597999991849,0.0025810000952333,0.0027129999361932,0.0025750000495463,533790.0,-0.1453682340315422,0.0,0.044537420818018286
2024-06-18,0.0023469999432563,0.002597999991849,0.002597999991849,0.0023340000770986,723848.0,-0.06543812703233984,0.0,0.044537420818018286
2024-06-19,0.0022559999488294,0.0023459999356418,0.0023580000270158,0.0022279999684542,411061.0,-0.03512852196780323,0.0,0.044537420818018286
2024-06-20,0.0023040000814944,0.0022559999488294,0.0023260000161826,0.0022360000293701,456925.0,-0.06785304351443798,0.0,0.044537420818018286
2024-06-21,0.0022919999901205,0.0023040000814944,0.0023089998867362,0.0022050000261515,401207.0,-0.07773414319525875,0.0,0.044537420818018286
2024-06-22,0.0022499999031424,0.0022919999901205,0.0023070001043379,0.0022450000979006,169570.0,-0.07629625103325052,0.0,0.044537420818018286
2024-06-23,0.0020959998946636,0.0022499999031424,0.0022519999183714,0.0020940001122653,240930.0,-0.022264570272456957,0.0,0.044537420818018286
2024-06-24,0.0022070000413805,0.0020949998870491,0.0022070000413805,0.0020439999643713,699134.0,-0.08559886055407855,0.0,0.044537420818018286
2024-06-25,0.0023209999781101,0.0022050000261515,0.0023960000835359,0.0022009999956935,593847.0,-0.14864281016924158,0.0,0.044537420818018286
2024-06-26,0.0021689999848604,0.0023209999781101,0.0023219999857246,0.0021389999892562,404440.0,-0.10215919561897537,0.0,0.044537420818018286
2024-06-27,0.0021969999652355,0.0021689999848604,0.00219799997285,0.0021279999054968,313905.0,-0.12828096127439237,0.0,0.044537420818018286
2024-06-28,0.0021540001034736,0.0021969999652355,0.0022730000782757,0.0021520000882446,434610.0,-0.12248532918402681,0.0,0.044537420818018286
2024-06-29,0.0020510000176727,0.0021540001034736,0.0021840000990778,0.0020510000176727,261123.0,-0.08629936034197498,0.0,0.044537420818018286
2024-06-30,0.0020240000449121,0.0020510000176727,0.002070999937132,0.0020029998850077,333822.0,-0.08226285210172223,0.0,0.044537420818018286
2024-07-01,0.0020560000557452,0.0020240000449121,0.0020600000862032,0.0020200000144541,387325.0,-0.10145105239788373,0.0,0.044537420818018286
2024-07-02,0.0019549999851733,0.0020560000557452,0.002070999937132,0.0019460000330582,315960.0,-0.05549870259936704,0.0,0.044537420818018286
2024-07-03,0.0018860000418499,0.0019549999851733,0.0019549999851733,0.0018579999450594,553045.0,-0.008483576067937324,0.0,0.044537420818018286
2024-07-04,0.0018240000354126,0.0018860000418499,0.0018860000418499,0.0017689999658614,675206.0,0.03193529959060929,0.0,0.044537420818018286
2024-07-05,0.0017480000387877,0.0018240000354126,0.0018240000354126,0.0016690000193193,1000758.0,0.09143782309744686,0.0,0.044537420818018286
2024-07-06,0.0018319999799132,0.0017480000387877,0.0018469999777153,0.0017470000311732,300657.0,0.04876276416914821,0.0,0.044537420818018286
2024-07-07,0.0018159999744966,0.0018319999799132,0.0018319999799132,0.0017600000137463,315191.0,0.06456501108820338,0.0,0.044537420818018286
2024-07-08,0.0018260000506415,0.0018169999821111,0.0018510000081732,0.0017819999484345,607841.0,0.06909454766371761,0.0,0.044537420818018286
2024-07-09,0.001810000045225,0.0018269999418407,0.0018299999646842,0.0017869999865069,338706.0,0.09958562471052863,0.0,0.044537420818018286
2024-07-10,0.0018540000310167,0.001810000045225,0.0018550000386312,0.0018009999766945,307104.0,0.10225637462308686,0.0,0.044537420818018286
2024-07-11,0.0018570000538602,0.0018540000310167,0.0018980000168085,0.0018520000157877,401183.0,0.11102134078140456,0.0,0.044537420818018286
2024-07-12,0.0018260000506415,0.0018589999526739,0.0018639999907463,0.00179999996908,316720.0,0.14165751952111663,1.0,0.47419253929772426
2024-07-13,0.0019349999492987,0.0018269999418407,0.0019379999721422,0.0018260000506415,351002.0,0.07881141517540459,0.0,0.044537420818018286
2024-07-14,0.0019440000178292,0.0019359999569132,0.0020149999763816,0.0019109999993816,614415.0,0.0710305275025288,0.0,0.044537420818018286
2024-07-15,0.0021679999772459,0.0019440000178292,0.0021720000077039,0.0019430000102147,988798.0,-0.05077642075649064,0.0,0.044537420818018286
2024-07-16,0.0019710001070052,0.0021699999924749,0.0022140000946819,0.0019509999547153,1088968.0,0.039616055083634104,0.0,0.044537420818018286
2024-07-17,0.0020550000481307,0.0019710001070052,0.0020789999980479,0.0019650000613182,630243.0,-0.010543404049645674,0.0,0.044537420818018286
2024-07-18,0.0019940000493079,0.0020550000481307,0.0020759999752044,0.0019920000340789,428985.0,0.009236023982873385,0.0,0.044537420818018286
2024-07-19,0.0019590000156313,0.0019940000493079,0.0020119999535381,0.001914000022225,626370.0,0.011868301290675407,0.0,0.044537420818018286
2024-07-20,0.0020530000329017,0.0019590000156313,0.0020620001014322,0.0019539999775588,388017.0,-0.05573145754777908,0.0,0.044537420818018286
2024-07-21,0.0022670000325888,0.0020520000252872,0.0022760001011192,0.0020510000176727,830229.0,-0.1739817716306394,0.0,0.044537420818018286
2024-07-22,0.0024939998984336,0.0022670000325888,0.0024959999136626,0.0022559999488294,743876.0,-0.2867214269923703,-1.0,0.4812700398842575
2024-07-23,0.0020920000970363,0.0024939998984336,0.0025029999669641,0.0020860000513494,718720.0,-0.18391494711079467,0.0,0.044537420818018286
2024-07-24,0.0020840000361204,0.0020920000970363,0.0021629999391734,0.002070999937132,528589.0,-0.2166906712747383,-1.0,0.4812700398842575
2024-07-25,0.0019690000917762,0.0020840000361204,0.0020870000589638,0.0019079999765381,749904.0,-0.20471478681059163,0.0,0.044537420818018286
2024-07-26,0.0018789999885484,0.001975999912247,0.0019849999807775,0.0018759999657049,568901.0,-0.19806634913391516,0.0,0.044537420818018286
2024-07-27,0.0018779999809339,0.0018789999885484,0.0019199999514967,0.0018599999602884,562398.0,-0.22452963839280948,-1.0,0.4812700398842575
2024-07-28,0.0018649999983608,0.0018779999809339,0.001888999948278,0.0018579999450594,277504.0,-0.24512958450612146,-1.0,0.4812700398842575
2024-07-29,0.0018660000059753,0.0018649999983608,0.0019450000254437,0.0018599999602884,631717.0,-0.26938192926432414,-1.0,0.4812700398842575
2024-07-30,0.0017430000007152,0.0018660000059753,0.0018660000059753,0.0017219999572262,506280.0,-0.2401032783569869,-1.0,0.4812700398842575
2024-07-31,0.0015970000531524,0.0017430000007152,0.0017590000061318,0.0015960000455379,469842.0,-0.18680863673848724,0.0,0.044537420818018286
2024-08-01,0.0015290000010281,0.0015940000303089,0.0016149999573826,0.0015099999727681,693701.0,-0.16524962673241675,0.0,0.044537420818018286
2024-08-02,0.0014750000555068,0.0015290000010281,0.0015340000391006,0.0014690000098198,657125.0,-0.15022602856026032,0.0,0.044537420818018286
2024-08-03,0.0013699999544769,0.0014759999467059,0.0014759999467059,0.0013640000252053,496318.0,-0.09665447563110326,0.0,0.044537420818018286
2024-08-04,0.0012319999514147,0.0013699999544769,0.0014199999859556,0.0012270000297576,558007.0,-0.0013527769606669626,0.0,0.044537420818018286
2024-08-05,0.001185999950394,0.0012319999514147,0.0012319999514147,0.001010000007227,1945982.0,0.03534293082487056,0.0,0.044537420818018286
2024-08-06,0.0011709999525919,0.001185999950394,0.0012309999438002,0.0011439999798312,750454.0,0.053159734983975616,0.0,0.044537420818018286
2024-08-07,0.0011699999449774,0.0011680000461637,0.0012550000101327,0.0011579999700188,631239.0,0.05356130737929399,0.0,0.044537420818018286
2024-08-08,0.0012720000231638,0.0011699999449774,0.0012720000231638,0.0011699999449774,569925.0,-0.03596699503657711,0.0,0.044537420818018286
2024-08-09,0.0012829999905079,0.0012720000231638,0.0013060000492259,0.0012610000558197,476797.0,-0.05033774054099969,0.0,0.044537420818018286
2024-08-10,0.0013320000143721,0.0012839999981224,0.0013559999642893,0.0012829999905079,243763.0,-0.09321822783077445,0.0,0.044537420818018286
2024-08-11,0.001276999944821,0.0013320000143721,0.0013820000458508,0.0012750000460073,449553.0,-0.0567083868689276,0.0,0.044537420818018286
2024-08-12,0.0012870000209659,0.001276999944821,0.00131700001657,0.0012629999546334,145773.0,-0.06610982846215198,0.0,0.044537420818018286
2024-08-13,0.0012610000558197,0.0012870000209659,0.0013010000111535,0.0012080000014975,100434.0,-0.03938677439530825,0.0,0.044537420818018286
2024-08-14,0.0012000000569969,0.0012610000558197,0.0012730000307783,0.0011990000493824,117514.0,0.015347168582236689,0.0,0.044537420818018286
2024-08-15,0.0011800000211223,0.0012000000569969,0.001206999993883,0.0011660000309348,90470.0,0.05480223224077758,0.0,0.044537420818018286
2024-08-16,0.0011449999874457,0.0011800000211223,0.0011930000036954,0.0011210000375285,122852.0,0.11048035300788522,0.0,0.044537420818018286
2024-08-17,0.0011569999624043,0.0011449999874457,0.0011599999852478,0.0011370000429451,41807.0,0.11639299674113467,0.0,0.044537420818018286
2024-08-18,0.0012349999742582,0.0011559999547898,0.0012369999894872,0.0011559999547898,79811.0,0.050202443263867406,0.0,0.044537420818018286
2024-08-19,0.0011630000080913,0.0012349999742582,0.0012359999818727,0.0011380000505596,153408.0,0.12453423027516301,0.0,0.044537420818018286
2024-08-20,0.0011950000189244,0.0011660000309348,0.0012080000014975,0.0011660000309348,93841.0,0.09881447638957079,0.0,0.044537420818018286
2024-08-21,0.0011889999732375,0.0011930000036954,0.0012189999688416,0.0011070000473409,259188.0,0.10639193890290662,0.0,0.044537420818018286
2024-08-22,0.001204999978654,0.0011889999732375,0.00121300003957,0.0011840000515803,125569.0,0.0896265637935562,0.0,0.044537420818018286
2024-08-23,0.0012379999971017,0.001204999978654,0.0012410000199452,0.001185999950394,123296.0,0.04752288004608413,0.0,0.044537420818018286
2024-08-24,0.0012550000101327,0.0012379999971017,0.0012799999676644,0.0012039999710395,160708.0,0.01646744959606128,0.0,0.044537420818018286
2024-08-25,0.0013739999849349,0.0012550000101327,0.0013830000534653,0.0012499999720603,428465.0,-0.09697961616271782,0.0,0.044537420818018286
2024-08-26,0.0012850000057369,0.0013739999849349,0.0013810000382363,0.001276999944821,243964.0,-0.05557718021738727,0.0,0.044537420818018286
2024-08-27,0.001494999974966,0.0012850000057369,0.0015660000499337,0.0012570000253617,933813.0,-0.2177257398252315,-1.0,0.4812700398842575
2024-08-28,0.0014669999945908,0.001494999974966,0.0015099999727681,0.0014349999837577,397365.0,-0.2308566198365369,-1.0,0.4812700398842575
2024-08-29,0.0013989999424666,0.0014669999945908,0.0014669999945908,0.0013980000512674,138592.0,-0.22045505147934497,-1.0,0.4812700398842575
2024-08-30,0.0012989999959245,0.0013989999424666,0.0014009999576956,0.0012969999806955,161491.0,-0.18456504448474076,0.0,0.044537420818018286
2024-08-31,0.0012929999502375,0.0012989999959245,0.0013229999458417,0.0012839999981224,72208.0,-0.20385404807361077,0.0,0.044537420818018286
2024-09-01,0.0012580000329762,0.0012929999502375,0.00129799998831,0.0012540000025182,89772.0,-0.20422630021319632,0.0,0.044537420818018286
2024-09-02,0.0012179999612271,0.0012580000329762,0.0012610000558197,0.0012080000014975,110230.0,-0.19882317455096563,0.0,0.044537420818018286
2024-09-03,0.0011749999830499,0.0012179999612271,0.0012219999916851,0.0011660000309348,132715.0,-0.18829785159402193,0.0,0.044537420818018286
2024-09-04,0.0010440000332891,0.0011749999830499,0.0012120000319555,0.0010430000256747,371943.0,-0.10017562748669558,0.0,0.044537420818018286
2024-09-05,0.0010010000551119,0.0010440000332891,0.0010870000114664,0.0010000000474974,288942.0,-0.06976361740336613,0.0,0.044537420818018286
2024-09-06,0.0009549999958835,0.0010010000551119,0.0010130000300705,0.0009369999752379,199973.0,-0.03036648478040523,0.0,0.044537420818018286
2024-09-07,0.0009590000263415,0.0009549999958835,0.0009710000013001,0.0009500000160187,67865.0,-0.038234298878433715,0.0,0.044537420818018286
2024-09-08,0.0009660000214353,0.0009590000263415,0.0009730000165291,0.0009549999958835,73285.0,-0.05037959809882491,0.0,0.044537420818018286
2024-09-09,0.0009730000165291,0.0009660000214353,0.0009800000116229,0.0009480000007897,100371.0,-0.06166497357955655,0.0,0.044537420818018286
2024-09-10,0.0009459999855607,0.0009730000165291,0.0009730000165291,0.0009459999855607,111307.0,-0.03823113786663763,0.0,0.044537420818018286
2024-09-11,0.0009229999850504,0.0009459999855607,0.0009500000160187,0.0009149999823421,89544.0,-0.015438772991769692,0.0,0.044537420818018286
2024-09-12,0.0009350000182166,0.0009229999850504,0.0009440000285394,0.0009229999850504,62442.0,-0.027094498361378228,0.0,0.044537420818018286
2024-09-13,0.0009180000051856,0.0009350000182166,0.0009399999980814,0.0009110000100918,92586.0,-0.0021786605306034676,0.0,0.044537420818018286
2024-09-14,0.0009149999823421,0.0009180000051856,0.0009309999877586,0.0009120000177063,76677.0,0.009107479334665528,0.0,0.044537420818018286
2024-09-15,0.0009100000024773,0.0009149999823421,0.0009180000051856,0.0009009999921545,61479.0,0.02673991706322214,0.0,0.044537420818018286
2024-09-16,0.0008720000041648,0.0009100000024773,0.0009139999747276,0.0008699999889358,121482.0,0.08199540266287914,0.0,0.044537420818018286
2024-09-17,0.000901999999769,0.0008720000041648,0.0009079999872483,0.0008590000215917,85986.0,0.04924241739812454,0.0,0.044537420818018286
2024-09-18,0.0008929999894462,0.000901999999769,0.0009069999796338,0.0008810000144876,60888.0,0.060563648752596067,0.0,0.044537420818018286
2024-09-19,0.0009149999823421,0.0008929999894462,0.0009299999801442,0.0008919999818317,145422.0,0.030236807641568525,0.0,0.044537420818018286
2024-09-20,0.0009059999720193,0.0009149999823421,0.0009250000002793,0.0008939999970607,113972.0,0.03476824216477901,0.0,0.044537420818018286
2024-09-21,0.000921000028029,0.0009059999720193,0.0009260000078938,0.0009059999720193,84106.0,0.009590991653790256,0.0,0.044537420818018286
2024-09-22,0.0009079999872483,0.000921000028029,0.0009420000133104,0.0009009999921545,98621.0,0.016428060127306243,0.0,0.044537420818018286
2024-09-23,0.0009100000024773,0.0009079999872483,0.0009250000002793,0.0008980000275187,120567.0,0.005311353097170855,0.0,0.044537420818018286
2024-09-24,0.0009459999855607,0.0009100000024773,0.0009469999931752,0.0009009999921545,115064.0,-0.04651161359757236,0.0,0.044537420818018286
2024-09-25,0.0009940000018104,0.0009449999779462,0.0010260000126436,0.0009440000285394,252440.0,-0.11108316707448361,0.0,0.044537420818018286
2024-09-26,0.0010029999539256,0.0009940000018104,0.001005999976769,0.0009640000062063,186528.0,-0.13933195902121445,0.0,0.044537420818018286
2024-09-27,0.0010420000180602,0.0010029999539256,0.0010450000409036,0.0009980000322684,144979.0,-0.19353807644951723,0.0,0.044537420818018286
2024-09-28,0.0009820000268518,0.0010420000180602,0.0010629999451339,0.0009749999735504,163717.0,-0.1653089127504327,0.0,0.044537420818018286
2024-09-29,0.0009369999752379,0.0009820000268518,0.000990999978967,0.0009369999752379,94979.0,-0.14318744848974232,0.0,0.044537420818018286
2024-09-30,0.0009009999921545,0.0009369999752379,0.0009440000285394,0.0008989999769255,152547.0,-0.1235663913829802,0.0,0.044537420818018286
2024-10-01,0.0008619999862276,0.0009009999921545,0.0009089999948628,0.0008619999862276,162084.0,-0.091550630052974,0.0,0.044537420818018286
2024-10-02,0.0008440000237897,0.0008619999862276,0.000862999993842,0.0008299999753944,98018.0,-0.07661929133329395,0.0,0.044537420818018286
2024-10-03,0.0008290000259876,0.0008440000237897,0.0008520000264979,0.0008239999879151,74480.0,-0.06724972274714446,0.0,0.044537420818018286
2024-10-04,0.0008249999955296,0.0008290000259876,0.0008299999753944,0.0008099999977275,132785.0,-0.06909090051744123,0.0,0.044537420818018286
2024-10-05,0.000813000020571,0.0008249999955296,0.0008280000183731,0.000808999990113,52083.0,-0.0640631614438992,0.0,0.044537420818018286
2024-10-06,0.000791999977082,0.000813000020571,0.0008149999775923,0.0007890000124461,69556.0,-0.050925892581243186,0.0,0.044537420818018286
2024-10-07,0.0007730000070296,0.000791999977082,0.0007970000151544,0.0007639999967068,152348.0,-0.03665373271875457,0.0,0.044537420818018286
2024-10-08,0.000759000016842,0.0007730000070296,0.0007730000070296,0.000759000016842,85353.0,-0.026350475859789658,0.0,0.044537420818018286
2024-10-09,0.0007670000195503,0.000759000016842,0.0007789999945089,0.000757000001613,65799.0,-0.043459385422280665,0.0,0.044537420818018286
2024-10-10,0.0007340000011026,0.0007619999814778,0.0007639999967068,0.0007259999983943,107612.0,-0.0055631205248174815,0.0,0.044537420818018286
2024-10-11,0.0007350000087171,0.0007340000011026,0.0007430000114254,0.0007259999983943,76552.0,-0.014852615036523817,0.0,0.044537420818018286
2024-10-12,0.0007430000114254,0.0007350000087171,0.000759000016842,0.0007300000288523,81969.0,-0.03869449515090834,0.0,0.044537420818018286
2024-10-13,0.0007830000249668,0.0007430000114254,0.0007830000249668,0.0007379999733529,61569.0,-0.106109012760895,0.0,0.044537420818018286
2024-10-14,0.0007989999721758,0.0007830000249668,0.0008260000031441,0.0007779999868944,178251.0,-0.14591152483806405,0.0,0.044537420818018286
2024-10-15,0.0007559999939985,0.0007989999721758,0.0008060000254772,0.0007510000141337,111750.0,-0.12059081777222325,0.0,0.044537420818018286
2024-10-16,0.0007619999814778,0.000754999986384,0.0007689999765716,0.0007500000065192,66606.0,-0.15234030577611898,0.0,0.044537420818018286
2024-10-17,0.0007280000136233,0.0007619999814778,0.0007619999814778,0.0007270000060088,68338.0,-0.13324177087207975,0.0,0.044537420818018286
2024-10-18,0.0006810000049881,0.0007280000136233,0.0007309999782592,0.0006789999897591,142876.0,-0.08994126325666511,0.0,0.044537420818018286
2024-10-19,0.0006890000076964,0.0006810000049881,0.0006999999750405,0.0006730000022798,84059.0,-0.12022255066700892,0.0,0.044537420818018286
2024-10-20,0.0006910000229254,0.0006890000076964,0.0006999999750405,0.0006810000049881,74099.0,-0.14520021974587818,0.0,0.044537420818018286
2024-10-21,0.000702999997884,0.0006919999723322,0.0007060000207275,0.0006880000000819,71108.0,-0.1842105219579864,0.0,0.044537420818018286
2024-10-22,0.0006890000076964,0.000702999997884,0.0007110000005923,0.0006820000126026,55472.0,-0.19303338858416227,0.0,0.044537420818018286
2024-10-23,0.0006649999995715,0.0006890000076964,0.0006910000229254,0.0006629999843426,49957.0,-0.19022556095915286,0.0,0.044537420818018286
2024-10-24,0.0006249999860301,0.000666000007186,0.0006740000098943,0.0006200000061653,129615.0,-0.16279997823187908,0.0,0.044537420818018286
2024-10-25,0.0006109999958425,0.0006249999860301,0.0006290000164881,0.0006029999931342,69523.0,-0.1582105748681023,0.0,0.044537420818018286
2024-10-26,0.0005890000029467,0.0006109999958425,0.000614000018686,0.0005890000029467,43723.0,-0.14190718832992424,0.0,0.044537420818018286
2024-10-27,0.0005450000171549,0.0005890000029467,0.0005890000029467,0.0005419999943114,99051.0,-0.08272173905116244,0.0,0.044537420818018286
2024-10-28,0.0005349999992176,0.0005450000171549,0.0005450000171549,0.0005259999888949,71765.0,-0.0722741361420199,0.0,0.044537420818018286
2024-10-29,0.0005489999894052,0.0005349999992176,0.0005629999795928,0.0005310000269673,124453.0,-0.015634469347499864,0.0,0.044537420818018286
2024-10-30,0.0005460000247694,0.0005489999894052,0.0005489999894052,0.0005360000068321,70419.0,0.036324737007493356,0.0,0.044537420818018286
2024-10-31,0.0005259999888949,0.0005460000247694,0.0005499999970197,0.0005210000090301,64503.0,0.11787074177102293,0.0,0.044537420818018286
2024-11-01,0.0005050000036135,0.0005259999888949,0.0005319999763742,0.0005000000237487,81697.0,0.19933991840630724,1.0,0.47419253929772426
2024-11-02,0.0004970000009052,0.0005050000036135,0.000506000011228,0.0004910000134259,34550.0,0.2902414378424851,1.0,0.47419253929772426
2024-11-03,0.0004790000093635,0.0004970000009052,0.0005000000237487,0.0004790000093635,44413.0,0.42171186216002293,1.0,0.47419253929772426
2024-11-04,0.0004550000012386,0.0004799999878741,0.0004870000120718,0.0004550000012386,68077.0,0.5739926561975518,1.0,0.47419253929772426
2024-11-05,0.0004419999895617,0.0004550000012386,0.0004579999949783,0.0004370000096969,55983.0,0.6996606605226837,1.0,0.47419253929772426
2024-11-06,0.000503999995999,0.0004419999895617,0.000503999995999,0.0004419999895617,161876.0,0.5471230141544264,1.0,0.47419253929772426
2024-11-07,0.0004820000031031,0.0005119999987073,0.0005140000139363,0.0004820000031031,122946.0,0.6834370393782018,1.0,0.47419253929772426
2024-11-08,0.0004790000093635,0.0004809999954886,0.0004870000120718,0.0004740000003948,53621.0,0.7686151144066926,1.0,0.47419253929772426
2024-11-09,0.0004920000210404,0.0004799999878741,0.0005009999731555,0.0004769999941345,84493.0,0.7884484062459792,1.0,0.47419253929772426
2024-11-10,0.001077999942936,0.0004920000210404,0.0011470000026747,0.0004910000134259,4271526.0,-0.2040816000534902,0.0,0.044537420818018286
2024-11-11,0.0008510000188834,0.001077999942936,0.001098999986425,0.0007489999989047,2054487.0,0.009890286199584116,0.0,0.044537420818018286
2024-11-12,0.000791999977082,0.0008510000188834,0.000862999993842,0.0007600000244565,488913.0,0.09185607675255587,0.0,0.044537420818018286
2024-11-13,0.0007169999880716,0.000791999977082,0.000791999977082,0.0006880000000819,342637.0,0.21943282546266749,1.0,0.47419253929772426
2024-11-14,0.0009239999926649,0.0007169999880716,0.0010280000278726,0.0007130000158213,1174547.0,-0.06628788534993144,0.0,0.044537420818018286
2024-11-15,0.000956000003498,0.0009239999926649,0.0010069999843835,0.0008960000122897,510183.0,-0.1115760282262539,0.0,0.044537420818018286
2024-11-16,0.0008769999840296,0.0009619999909773,0.0009710000013001,0.0008750000270083,306200.0,-0.04190421244487124,0.0,0.044537420818018286
2024-11-17,0.000862999993842,0.0008769999840296,0.0009180000051856,0.0008609999786131,216545.0,-0.030127467134134805,0.0,0.044537420818018286
2024-11-18,0.000845999980811,0.000862999993842,0.0008640000014565,0.0008050000178627,211343.0,0.003743116192830983,0.0,0.044537420818018286
2024-11-19,0.0008619999862276,0.000845999980811,0.0009250000002793,0.0008210000232793,305861.0,0.0008700762445665219,0.0,0.044537420818018286
2024-11-20,0.0009079999872483,0.0008619999862276,0.0010529999854043,0.0008529999759048,734115.0,-0.048366367997690944,0.0,0.044537420818018286
2024-11-21,0.0008849999867379,0.0009069999796338,0.0009330000029876,0.0008810000144876,316952.0,-0.012711851772695829,0.0,0.044537420818018286
2024-11-22,0.0008149999775923,0.0008859999943524,0.0008989999769255,0.0008099999977275,196234.0,0.09182007004495078,0.0,0.044537420818018286
2024-11-23,0.0008679999737069,0.0008149999775923,0.0009289999725297,0.0008140000281855,250469.0,0.059043811056810495,0.0,0.044537420818018286
2024-11-24,0.0008559999987483,0.0008679999737069,0.0008779999916441,0.0007859999896027,242480.0,0.10309579190339176,0.0,0.044537420818018286
2024-11-25,0.0008319999906234,0.0008559999987483,0.0008730000117793,0.0008040000102482,225053.0,0.16656651730665378,1.0,0.47419253929772426
2024-11-26,0.0007849999819882,0.0008319999906234,0.0008520000264979,0.0007849999819882,169208.0,0.27484079339290113,1.0,0.47419253929772426
2024-11-27,0.0007949999999254,0.0007849999819882,0.0008299999753944,0.0007830000249668,209008.0,0.28081760677051243,1.0,0.47419253929772426
2024-11-28,0.0007680000271648,0.0007949999999254,0.0008190000080503,0.0007629999890923,267890.0,0.3492838045273224,1.0,0.47419253929772426
2024-11-29,0.0008239999879151,0.0007680000271648,0.0008839999791234,0.0007609999738633,343973.0,0.27912622976638857,1.0,0.47419253929772426
2024-11-30,0.0009919999865815,0.0008239999879151,0.0009960000170394,0.0008120000129565,566349.0,0.05922380200470726,0.0,0.044537420818018286
2024-12-01,0.0010250000050291,0.0009940000018104,0.0010999999940395,0.0009850000496953,878353.0,0.019024383577072607,0.0,0.044537420818018286
2024-12-02,0.0009239999926649,0.0010250000050291,0.0010379999876022,0.0008849999867379,419229.0,0.13086219867423765,1.0,0.47419253929772426
2024-12-03,0.0010010000551119,0.0009239999926649,0.0010219999821856,0.0009079999872483,486411.0,0.04004322446774908,0.0,0.044537420818018286
2024-12-04,0.001007999991998,0.0010010000551119,0.0010760000441223,0.0009730000165291,631053.0,0.023974867610314504,0.0,0.044537420818018286
2024-12-05,0.0012209999840706,0.001007999991998,0.0012460000580176,0.0009879999561235,1143709.0,-0.1782691714235565,0.0,0.044537420818018286
2024-12-06,0.0011559999547898,0.0012319999514147,0.0012989999959245,0.0011510000331327,1039606.0,-0.157006888443898,0.0,0.044537420818018286
2024-12-07,0.0011480000102892,0.0011559999547898,0.0012280000373721,0.0011370000429451,428312.0,-0.18082172940639288,0.0,0.044537420818018286
2024-12-08,0.0011470000026747,0.0011399999493733,0.0011749999830499,0.0011139999842271,274129.0,-0.21011334423734515,-1.0,0.4812700398842575
2024-12-09,0.0010049999691545,0.0011530000483617,0.0011680000461637,0.0009800000116229,729048.0,-0.12139300724992841,0.0,0.044537420818018286
2024-12-10,0.0009840000420808,0.0010049999691545,0.0010319999419152,0.0009490000084042,408203.0,-0.12754068936164717,0.0,0.044537420818018286
2024-12-11,0.0010369999799877,0.0009840000420808,0.0010420000180602,0.0009629999985918,325993.0,-0.20162325845709106,0.0,0.044537420818018286
2024-12-12,0.0009529999806545,0.0010369999799877,0.0010620000539347,0.0009529999806545,328928.0,-0.14777892672930107,0.0,0.044537420818018286
2024-12-13,0.0009500000160187,0.0009529999806545,0.0009929999941959,0.0009299999801442,369692.0,-0.16342106882010382,0.0,0.044537420818018286
2024-12-14,0.0009289999725297,0.0009529999806545,0.0009940000018104,0.000921000028029,323538.0,-0.16792247035916472,0.0,0.044537420818018286
2024-12-15,0.0009549999958835,0.0009289999725297,0.0009790000040084,0.0009139999747276,180897.0,-0.21439789863234968,-1.0,0.4812700398842575
2024-12-16,0.0009009999921545,0.0009549999958835,0.0009689999860711,0.00089999998454,264825.0,-0.18821678277408968,0.0,0.044537420818018286
2024-12-17,0.0008750000270083,0.0009009999921545,0.0009200000204145,0.0008750000270083,189197.0,-0.18609525793180015,0.0,0.044537420818018286
2024-12-18,0.0008099999977275,0.0008769999840296,0.0008800000068731,0.0008019999950192,220340.0,-0.14104937322326297,0.0,0.044537420818018286
2024-12-19,0.0007389999809674,0.0008099999977275,0.0008229999803006,0.0007249999907799,242218.0,-0.07690569248092963,0.0,0.044537420818018286
2024-12-20,0.0007340000011026,0.0007389999809674,0.0007500000065192,0.0006760000251233,239576.0,-0.08889644724965858,0.0,0.044537420818018286
2024-12-21,0.0007290000212378,0.0007340000011026,0.0007810000097379,0.0007280000136233,124966.0,-0.09716508471980202,0.0,0.044537420818018286
2024-12-22,0.0006900000153109,0.0007290000212378,0.0007300000288523,0.0006900000153109,113741.0,-0.055676343479207795,0.0,0.044537420818018286
2024-12-23,0.0006699999794363,0.0006900000153109,0.0006990000256337,0.0006440000142902,235537.0,-0.03407956570475413,0.0,0.044537420818018286
2024-12-24,0.0007639999967068,0.0006699999794363,0.0007820000173524,0.0006539999740198,355475.0,-0.16895723463836387,0.0,0.044537420818018286
2024-12-25,0.0007409999961964,0.0007639999967068,0.0007660000119358,0.0007370000239461,164935.0,-0.15969409975670826,0.0,0.044537420818018286
2024-12-26,0.000668000022415,0.0007409999961964,0.0007409999961964,0.0006580000044777,257029.0,-0.0788423466760211,0.0,0.044537420818018286
2024-12-27,0.0006820000126026,0.000668000022415,0.0006970000104047,0.0006500000017695,206506.0,-0.11363638044742597,0.0,0.044537420818018286
2024-12-28,0.0006750000175088,0.0006820000126026,0.0006869999924674,0.0006590000120922,121559.0,-0.12283953289458349,0.0,0.044537420818018286
2024-12-29,0.0006440000142902,0.0006750000175088,0.0006849999772384,0.0006419999990612,118697.0,-0.09653211598586202,0.0,0.044537420818018286
2024-12-30,0.0006130000110715,0.0006440000142902,0.000651000009384,0.0006050000083632,153452.0,-0.06688420157383074,0.0,0.044537420818018286
2024-12-31,0.0005760000203736,0.0006130000110715,0.0006169999833218,0.0005660000024363,172852.0,-0.01475698891922216,0.0,0.044537420818018286
2025-01-01,0.0005729999975301,0.0005760000203736,0.0005990000208839,0.0005660000024363,233972.0,-0.018906349494206175,0.0,0.044537420818018286
2025-01-02,0.0006019999855197,0.0005729999975301,0.0006220000213943,0.0005690000252798,319813.0,-0.07765779618628162,0.0,0.044537420818018286
2025-01-03,0.0006109999958425,0.0006019999855197,0.0006130000110715,0.0005900000105611,246595.0,-0.0965630170176799,0.0,0.044537420818018286
2025-01-04,0.0006169999833218,0.0006109999958425,0.0006610000273212,0.0006070000235922,345208.0,-0.11696378517978719,0.0,0.044537420818018286
2025-01-05,0.0006169999833218,0.0006169999833218,0.0006440000142902,0.0006109999958425,157258.0,-0.1293895016206655,0.0,0.044537420818018286
2025-01-06,0.0005939999828115,0.0006169999833218,0.0006239999784156,0.0005890000029467,175327.0,-0.10830525352577984,0.0,0.044537420818018286
2025-01-07,0.0005799999926239,0.0005939999828115,0.0006029999931342,0.0005699999746866,208511.0,-0.10244251976688427,0.0,0.044537420818018286
2025-01-08,0.0005520000122487,0.0005799999926239,0.0005849999724887,0.0005479999817907,119920.0,-0.0721618607737216,0.0,0.044537420818018286
2025-01-09,0.0005259999888949,0.0005520000122487,0.0005540000274777,0.0005259999888949,163763.0,-0.040082366055216055,0.0,0.044537420818018286
2025-01-10,0.0005210000090301,0.0005259999888949,0.0005319999763742,0.0005130000063218,140519.0,-0.044465792218623366,0.0,0.044537420818018286
2025-01-11,0.0004949999856762,0.0005200000014156,0.0005269999965094,0.0004939999780617,189236.0,-0.014309736495646125,0.0,0.044537420818018286
2025-01-12,0.0005220000166445,0.0004949999856762,0.0005460000247694,0.0004740000003948,250900.0,-0.09051727262094882,0.0,0.044537420818018286
2025-01-13,0.0005089999758638,0.0005220000166445,0.0005269999965094,0.0004860000044573,173824.0,-0.09593970478918455,0.0,0.044537420818018286
2025-01-14,0.0005189999938011,0.0005089999758638,0.0005290000117383,0.000508000026457,118457.0,-0.14466922215877984,0.0,0.044537420818018286
2025-01-15,0.0005719999899156,0.0005189999938011,0.0005719999899156,0.0005169999785721,210234.0,-0.2628204961864284,-1.0,0.4812700398842575
2025-01-16,0.0005310000269673,0.0005719999899156,0.0005729999975301,0.0005310000269673,110771.0,-0.23838673182560297,-1.0,0.4812700398842575
2025-01-17,0.0005249999812804,0.0005310000269673,0.0005370000144466,0.0005099999834783,187629.0,-0.263650764111467,-1.0,0.4812700398842575
2025-01-18,0.000503999995999,0.0005249999812804,0.0005540000274777,0.0005000000237487,268139.0,-0.26504628587004003,-1.0,0.4812700398842575
2025-01-19,0.0004710000066552,0.000503999995999,0.0005159999709576,0.0004640000115614,276721.0,-0.2429228671676923,-1.0,0.4812700398842575
2025-01-20,0.0004509999998845,0.0004710000066552,0.0004769999941345,0.0004480000061448,190378.0,-0.2390982977250167,-1.0,0.4812700398842575
2025-01-21,0.000438999995822,0.0004509999998845,0.0004539999936241,0.000438999995822,143500.0,-0.2507592906576438,-1.0,0.4812700398842575
2025-01-22,0.0004360000020824,0.000438999995822,0.0004529999860096,0.0004339999868534,139890.0,-0.27733180645034605,-1.0,0.4812700398842575
2025-01-23,0.0003760000108741,0.0004360000020824,0.0004419999895617,0.0003750000032596,197460.0,-0.1875000225762349,0.0,0.044537420818018286
2025-01-24,0.0003640000068116,0.0003760000108741,0.0003769999893847,0.0003530000103637,256585.0,-0.18475276469722,0.0,0.044537420818018286
2025-01-25,0.0003340000112075,0.0003640000068116,0.0003650000144261,0.0003340000112075,85599.0,-0.13073855556541203,0.0,0.044537420818018286
2025-01-26,0.0003239999932702,0.0003340000112075,0.0003429999924264,0.0003220000071451,108037.0,-0.12191356042406025,0.0,0.044537420818018286
2025-01-27,0.000304999994114,0.0003239999932702,0.0003239999932702,0.000278999999864,335011.0,-0.07486336307974022,0.0,0.044537420818018286
2025-01-28,0.0003239999932702,0.000304999994114,0.0003900000010617,0.0003030000079888,596770.0,-0.144290094831487,0.0,0.044537420818018286
2025-01-29,0.0003110000106971,0.0003239999932702,0.0003269999870099,0.0003020000003743,109946.0,-0.12084675018308762,0.0,0.044537420818018286
2025-01-30,0.0003100000030826,0.0003110000106971,0.0003119999892078,0.0003030000079888,81713.0,-0.1306451611893222,0.0,0.044537420818018286
2025-01-31,0.000304999994114,0.0003100000030826,0.0003159999905619,0.000304999994114,65531.0,-0.12868849708456995,0.0,0.044537420818018286
2025-02-01,0.0002899999963119,0.000304999994114,0.000304999994114,0.0002899999963119,58949.0,-0.0910919295678947,0.0,0.044537420818018286
2025-02-02,0.000268000003416,0.0002899999963119,0.0002899999963119,0.0002659999881871,88747.0,-0.01927860872090531,0.0,0.044537420818018286
2025-02-03,0.0002699999895412,0.000268000003416,0.0002730000123847,0.0002540000132285,147251.0,-0.034876491243486074,0.0,0.044537420818018286
2025-02-04,0.0002610000083222,0.0002699999895412,0.0002699999895412,0.0002600000007078,59761.0,-0.01660282873589894,0.0,0.044537420818018286
2025-02-05,0.0002589999930933,0.0002610000083222,0.0002650000096764,0.0002589999930933,22644.0,-0.028635739931866733,0.0,0.044537420818018286
2025-02-06,0.0002570000069681,0.0002589999930933,0.0002629999944474,0.0002549999917391,49383.0,-0.040207539937762,0.0,0.044537420818018286
2025-02-07,0.0002540000132285,0.0002570000069681,0.0002600000007078,0.0002540000132285,33759.0,-0.04429138230291906,0.0,0.044537420818018286
2025-02-08,0.0002770000137388,0.0002540000132285,0.0002800000074785,0.0002519999979995,119696.0,-0.14741279830890505,0.0,0.044537420818018286
2025-02-09,0.0002650000096764,0.0002770000137388,0.0002770000137388,0.0002650000096764,55215.0,-0.13144657600403914,0.0,0.044537420818018286
2025-02-10,0.0002650000096764,0.0002650000096764,0.0002669999958015,0.0002619999868329,44675.0,-0.155974880722829,0.0,0.044537420818018286
2025-02-11,0.0002629999944474,0.0002650000096764,0.0002669999958015,0.0002610000083222,22937.0,-0.17522178668527819,0.0,0.044537420818018286
2025-02-12,0.0002600000007078,0.0002629999944474,0.0002629999944474,0.0002589999930933,35310.0,-0.19391026322714866,0.0,0.044537420818018286
2025-02-13,0.0002640000020619,0.0002600000007078,0.0002650000096764,0.0002600000007078,54430.0,-0.23232324485074882,-1.0,0.4812700398842575
2025-02-14,0.0002589999930933,0.0002640000020619,0.0002640000020619,0.0002540000132285,87258.0,-0.24292147629032476,-1.0,0.4812700398842575
2025-02-15,0.0002430000022286,0.0002589999930933,0.0002589999930933,0.0002430000022286,49957.0,-0.21433471828045395,-1.0,0.4812700398842575
2025-02-16,0.000213999999687,0.0002430000022286,0.0002430000022286,0.00021199999901,136653.0,-0.12266355627403593,0.0,0.044537420818018286
2025-02-17,0.0001979999942705,0.000213999999687,0.0002240000030724,0.0001979999942705,182505.0,-0.061868663669915,0.0,0.044537420818018286
2025-02-18,0.0001979999942705,0.0001979999942705,0.0001979999942705,0.0001929999998537,35829.0,-0.06776091560287624,0.0,0.044537420818018286
2025-02-19,0.0002070000045932,0.0001979999942705,0.000213999999687,0.0001970000012079,118712.0,-0.12117554703707635,0.0,0.044537420818018286
2025-02-20,0.0001979999942705,0.0002070000045932,0.0002149999927496,0.0001979999942705,88845.0,-0.09090906919505981,0.0,0.044537420818018286
2025-02-21,0.0001929999998537,0.0001979999942705,0.0002019999956246,0.0001909999991767,79495.0,-0.07340242401721303,0.0,0.044537420818018286
2025-02-22,0.0001869999978225,0.0001929999998537,0.0001929999998537,0.0001849999971454,44388.0,-0.04679143753879692,0.0,0.044537420818018286
2025-02-23,0.0001820000034058,0.0001869999978225,0.000188000005437,0.0001809999957913,22656.0,-0.02426742368612646,0.0,0.044537420818018286
2025-02-24,0.0001720000000204,0.0001820000034058,0.0001820000034058,0.0001720000000204,38868.0,0.031976740907060104,0.0,0.044537420818018286
2025-02-25,0.0001809999957913,0.0001720000000204,0.0001820000034058,0.0001720000000204,50735.0,-0.026243073268089584,0.0,0.044537420818018286
2025-02-26,0.0001800000027287,0.0001809999957913,0.0001849999971454,0.0001789999951142,46912.0,-0.029166686203821502,0.0,0.044537420818018286
2025-02-27,0.0001809999957913,0.0001800000027287,0.0001829999964684,0.0001800000027287,29306.0,-0.04373846884635591,0.0,0.044537420818018286
2025-02-28,0.0001760000013746,0.0001809999957913,0.0001809999957913,0.0001710000069579,50785.0,-0.024147738704156364,0.0,0.044537420818018286
2025-03-01,0.0001740000006975,0.0001760000013746,0.0001769999944372,0.0001720000000204,21614.0,-0.022988513437349728,0.0,0.044537420818018286
2025-03-02,0.0001840000040829,0.0001740000006975,0.0001840000040829,0.0001740000006975,65351.0,-0.07201089564105102,0.0,0.044537420818018286
2025-03-03,0.0001749999937601,0.0001840000040829,0.0001840000040829,0.0001749999937601,44624.0,-0.007619015822715551,0.0,0.044537420818018286
2025-03-04,0.0001749999937601,0.0001749999937601,0.0001760000013746,0.0001710000069579,36731.0,-0.0014285338510794203,0.0,0.044537420818018286
2025-03-05,0.0001789999951142,0.0001749999937601,0.0001789999951142,0.0001740000006975,32421.0,-0.023742988185075354,0.0,0.044537420818018286
2025-03-06,0.0001800000027287,0.0001789999951142,0.0001809999957913,0.0001769999944372,19961.0,-0.036111122788501426,0.0,0.044537420818018286
2025-03-07,0.0001740000006975,0.0001800000027287,0.0001800000027287,0.000172999993083,35085.0,-0.0023946403010330353,0.0,0.044537420818018286
2025-03-08,0.0001710000069579,0.0001740000006975,0.0001740000006975,0.0001710000069579,16153.0,0.012670519434686861,0.0,0.044537420818018286
2025-03-09,0.0001659999979892,0.0001710000069579,0.0001710000069579,0.0001650000049266,19831.0,0.036144583682206015,0.0,0.044537420818018286
2025-03-10,0.0001619999966351,0.0001659999979892,0.0001679999986663,0.0001610000035725,26140.0,0.04732511988468708,0.0,0.044537420818018286
2025-03-11,0.0001610000035725,0.0001619999966351,0.0001650000049266,0.000159999995958,21203.0,0.03467905857117432,0.0,0.044537420818018286
2025-03-12,0.000159999995958,0.0001610000035725,0.0001610000035725,0.0001570000022184,33275.0,0.03593752444266347,0.0,0.044537420818018286
2025-03-13,0.0001530000008642,0.000159999995958,0.0001610000035725,0.0001530000008642,18052.0,0.08169934189844509,0.0,0.044537420818018286
2025-03-14,0.0001929999998537,0.0001530000008642,0.0001939999929163,0.0001519999932497,79978.0,-0.14896372770497446,0.0,0.044537420818018286
2025-03-15,0.0002099999983329,0.0001929999998537,0.0002360000071348,0.0001849999971454,500372.0,-0.22579363951962184,-1.0,0.4812700398842575
2025-03-16,0.000188000005437,0.0002099999983329,0.0002289999974891,0.0001840000040829,124403.0,-0.1374113707114062,0.0,0.044537420818018286
2025-03-17,0.0001789999951142,0.000188000005437,0.0001920000067912,0.0001769999944372,62625.0,-0.0940409417738281,0.0,0.044537420818018286
2025-03-18,0.0001650000049266,0.0001789999951142,0.0001900000061141,0.0001639999973122,71278.0,-0.015151541876491445,0.0,0.044537420818018286
2025-03-19,0.0001749999937601,0.0001650000049266,0.0001869999978225,0.0001650000049266,55430.0,-0.08095234194934008,0.0,0.044537420818018286
2025-03-20,0.0001659999979892,0.0001749999937601,0.0001760000013746,0.0001650000049266,29053.0,-0.041666648403563995,0.0,0.044537420818018286
2025-03-21,0.0001519999932497,0.0001659999979892,0.0001670000056037,0.0001500000071246,50363.0,0.03782900573420256,0.0,0.044537420818018286
2025-03-22,0.000134000001708,0.0001519999932497,0.0001519999932497,0.000134000001708,77925.0,0.1641791036672792,1.0,0.47419253929772426
2025-03-23,0.0001239999983226,0.000134000001708,0.000134000001708,0.0001199999969685,84787.0,0.24865594773417046,1.0,0.47419253929772426
2025-03-24,0.0001500000071246,0.0001239999983226,0.0001610000035725,0.0001199999969685,210958.0,0.009999962488250682,0.0,0.044537420818018286
2025-03-25,0.0001500000071246,0.0001500000071246,0.0001590000028954,0.0001480000064475,101988.0,-0.015000040745538049,0.0,0.044537420818018286
2025-03-26,0.0001780000020517,0.0001500000071246,0.0002070000045932,0.0001480000064475,325575.0,-0.20131086593976874,0.0,0.044537420818018286
2025-03-27,0.0001900000061141,0.0001780000020517,0.0002050000039162,0.0001769999944372,226639.0,-0.28947370587730076,-1.0,0.4812700398842575
2025-03-28,0.0001829999964684,0.0001900000061141,0.0001970000012079,0.0001740000006975,149094.0,-0.295081950212403,-1.0,0.4812700398842575
2025-03-29,0.0001789999951142,0.0001829999964684,0.000188000005437,0.0001789999951142,87811.0,-0.30819364239542363,-1.0,0.4812700398842575
2025-03-30,0.0001690000062808,0.0001789999951142,0.000188000005437,0.0001690000062808,105087.0,-0.29191323838496847,-1.0,0.4812700398842575
2025-03-31,0.0001550000015413,0.0001690000062808,0.0001690000062808,0.0001489999995101,140018.0,-0.24408602347407662,-1.0,0.4812700398842575
2025-04-01,0.0001449999981559,0.0001550000015413,0.0001559999946039,0.0001440000050934,77703.0,-0.20287354666501678,0.0,0.044537420818018286
2025-04-02,0.0001360000023851,0.0001449999981559,0.0001449999981559,0.0001360000023851,98571.0,-0.15747550062099402,0.0,0.044537420818018286
2025-04-03,0.0001130000018747,0.0001360000023851,0.0001360000023851,0.0001120000015362,139474.0,0.022861348194912885,0.0,0.044537420818018286
2025-04-04,0.0001100000008591,0.0001130000018747,0.0001130000018747,0.0001100000008591,94454.0,0.06136363460961361,0.0,0.044537420818018286
2025-04-05,0.0001100000008591,0.0001100000008591,0.0001110000011976,0.000108000000182,74853.0,0.07196969321124999,0.0,0.044537420818018286
2025-04-06,0.0001049999991664,0.0001100000008591,0.0001130000018747,0.0001039999988279,120490.0,0.14682540727470156,1.0,0.47419253929772426
2025-04-07,0.0001110000011976,0.0001049999991664,0.0001120000015362,9.899999713525176e-05,91836.0,0.1028528374008117,0.0,0.044537420818018286
2025-04-08,0.0001039999988279,0.0001110000011976,0.0001130000018747,0.0001039999988279,85202.0,0.19631411293469325,1.0,0.47419253929772426
2025-04-09,0.0001110000011976,0.0001039999988279,0.0001120000015362,9.699999645818024e-05,140676.0,0.13213211535142858,1.0,0.47419253929772426
2025-04-10,0.0001170000032288,0.0001110000011976,0.0001170000032288,0.0001110000011976,53344.0,0.08547004467643292,0.0,0.044537420818018286
2025-04-11,0.00011899999663,0.0001170000032288,0.0001199999969685,0.0001160000028903,26080.0,0.08893560176054328,0.0,0.044537420818018286
2025-04-12,0.0001250000059371,0.00011899999663,0.0001259999989997,0.0001170000032288,41210.0,0.0519999472253023,0.0,0.044537420818018286
2025-04-13,0.0001259999989997,0.0001250000059371,0.0001259999989997,0.0001230000052601,22396.0,0.05886243982041081,0.0,0.044537420818018286
2025-04-14,0.0001239999983226,0.0001259999989997,0.0001270000066142,0.0001239999983226,15363.0,0.09341399671331424,0.0,0.044537420818018286
2025-04-15,0.0001250000059371,0.0001239999983226,0.0001270000066142,0.0001239999983226,27517.0,0.10133328521539331,0.0,0.044537420818018286
2025-04-16,0.0001239999983226,0.0001250000059371,0.0001259999989997,0.0001230000052601,24675.0,0.12567206280687349,0.0,0.044537420818018286
2025-04-17,0.0001239999983226,0.0001239999983226,0.0001250000059371,0.0001230000052601,39440.0,0.14180110074340452,1.0,0.47419253929772426
2025-04-18,0.0001349999947706,0.0001239999983226,0.0001389999961247,0.0001230000052601,94681.0,0.06358030233984074,0.0,0.044537420818018286
2025-04-19,0.0001349999947706,0.0001349999947706,0.0001380000030621,0.0001320000010309,25431.0,0.08395067590403703,0.0,0.044537420818018286
2025-04-20,0.0001279999996768,0.0001349999947706,0.0001409999968018,0.0001270000066142,39340.0,0.17382814165330407,1.0,0.47419253929772426
2025-04-21,0.0001259999989997,0.0001279999996768,0.0001389999961247,0.0001239999983226,57293.0,0.22222225109534852,1.0,0.47419253929772426
2025-04-22,0.0001329999940935,0.0001259999989997,0.0001349999947706,0.0001230000052601,213914.0,0.17731836820161107,1.0,0.47419253929772426
2025-04-23,0.0001500000071246,0.0001329999940935,0.0001519999932497,0.0001289999927394,135788.0,0.0549999634584262,0.0,0.044537420818018286
2025-04-24,0.0001480000064475,0.0001500000071246,0.0001519999932497,0.0001480000064475,36868.0,0.08389635969118166,0.0,0.044537420818018286
2025-04-25,0.0001489999995101,0.0001480000064475,0.0001519999932497,0.0001480000064475,35264.0,0.08948547292380704,0.0,0.044537420818018286
2025-04-26,0.0001500000071246,0.0001489999995101,0.0001510000001871,0.0001480000064475,43990.0,0.09555551060614585,0.0,0.044537420818018286
2025-04-27,0.0001500000071246,0.0001500000071246,0.0001519999932497,0.0001489999995101,26143.0,0.1088888397355705,0.0,0.044537420818018286
2025-04-28,0.000146999998833,0.0001500000071246,0.0001519999932497,0.0001449999981559,59097.0,0.14625851282931063,1.0,0.47419253929772426
2025-04-29,0.0001480000064475,0.000146999998833,0.0001539999939268,0.0001440000050934,85073.0,0.15259003267922813,1.0,0.47419253929772426
2025-04-30,0.0001590000028954,0.0001480000064475,0.0001670000056037,0.0001449999981559,121586.0,0.07914043699275748,0.0,0.044537420818018286
2025-05-01,0.0001679999986663,0.0001590000028954,0.0001710000069579,0.0001579999952809,82298.0,0.022817468223154697,0.0,0.044537420818018286
2025-05-02,0.0001749999937601,0.0001679999986663,0.0001749999937601,0.0001679999986663,42175.0,-0.022380915714121912,0.0,0.044537420818018286
2025-05-03,0.0001710000069579,0.0001749999937601,0.0001749999937601,0.0001699999993434,32584.0,-0.016569241172882387,0.0,0.044537420818018286
2025-05-04,0.0001639999973122,0.0001710000069579,0.000172999993083,0.0001630000042496,68209.0,0.016260183161000797,0.0,0.044537420818018286
2025-05-05,0.0001699999993434,0.0001639999973122,0.0001760000013746,0.0001639999973122,56262.0,-0.02794116820458532,0.0,0.044537420818018286
2025-05-06,0.0001740000006975,0.0001699999993434,0.0001760000013746,0.0001650000049266,58242.0,-0.06465516965006528,0.0,0.044537420818018286
2025-05-07,0.0001720000000204,0.0001740000006975,0.0001760000013746,0.0001679999986663,89481.0,-0.06637595972822247,0.0,0.044537420818018286
2025-05-08,0.0001740000006975,0.0001720000000204,0.0001789999951142,0.0001720000000204,85293.0,-0.08908045472332216,0.0,0.044537420818018286
2025-05-09,0.0001740000006975,0.0001740000006975,0.0001769999944372,0.0001720000000204,72244.0,-0.10392719950030144,0.0,0.044537420818018286
2025-05-10,0.000172999993083,0.0001740000006975,0.0001760000013746,0.0001650000049266,101739.0,-0.11319841380179241,0.0,0.044537420818018286
2025-05-11,0.000172999993083,0.000172999993083,0.0001749999937601,0.0001690000062808,48707.0,-0.1266858878126856,0.0,0.044537420818018286
2025-05-12,0.0001710000069579,0.000172999993083,0.0001760000013746,0.0001679999986663,160697.0,-0.12914232802231349,0.0,0.044537420818018286
2025-05-13,0.0001710000069579,0.0001710000069579,0.0001720000000204,0.0001679999986663,56888.0,-0.1447368745774482,0.0,0.044537420818018286
2025-05-14,0.0001659999979892,0.0001710000069579,0.0001720000000204,0.0001639999973122,76490.0,-0.13152609209556823,0.0,0.044537420818018286
2025-05-15,0.0001360000023851,0.0001659999979892,0.0001710000069579,0.0001360000023851,171288.0,0.053308809433050046,0.0,0.044537420818018286
2025-05-16,0.0001460000057704,0.0001360000023851,0.0001489999995101,0.0001250000059371,172485.0,-0.021118756846367548,0.0,0.044537420818018286
2025-05-17,0.0001530000008642,0.0001460000057704,0.0001539999939268,0.0001440000050934,62082.0,-0.07298474997326738,0.0,0.044537420818018286
2025-05-18,0.0001440000050934,0.0001530000008642,0.0001539999939268,0.0001429999974789,79971.0,-0.01736114163846821,0.0,0.044537420818018286
2025-05-19,0.0001460000057704,0.0001440000050934,0.000146999998833,0.0001349999947706,114426.0,-0.03424661050011435,0.0,0.044537420818018286
2025-05-20,0.0001489999995101,0.0001460000057704,0.0001570000022184,0.0001440000050934,99436.0,-0.05816554356501331,0.0,0.044537420818018286
2025-05-21,0.0001429999974789,0.0001489999995101,0.0001539999939268,0.0001420000044163,149686.0,-0.021561749561195814,0.0,0.044537420818018286
2025-05-22,0.0001429999974789,0.0001429999974789,0.0001539999939268,0.0001420000044163,99017.0,-0.021561749561195814,0.0,0.044537420818018286
2025-05-23,0.0001449999981559,0.0001429999974789,0.0001539999939268,0.0001380000030621,277678.0,-0.037931014353323515,0.0,0.044537420818018286
2025-05-24,0.0001449999981559,0.0001449999981559,0.0001500000071246,0.0001409999968018,151611.0,-0.04252871711771631,0.0,0.044537420818018286
2025-05-25,0.0001389999961247,0.0001449999981559,0.0001460000057704,0.0001369999954476,194586.0,-0.0017985225512817578,0.0,0.044537420818018286
2025-05-26,0.0001409999968018,0.0001389999961247,0.0001440000050934,0.0001389999961247,114961.0,-0.01713944739479002,0.0,0.044537420818018286
2025-05-27,0.0001250000059371,0.0001409999968018,0.0001440000050934,0.0001239999983226,161878.0,0.11666661816050904,0.0,0.044537420818018286
2025-05-28,0.0001420000044163,0.0001250000059371,0.0001460000057704,0.0001239999983226,170805.0,-0.018779374116241605,0.0,0.044537420818018286
2025-05-29,0.0001400000037392,0.0001420000044163,0.0001489999995101,0.0001400000037392,126394.0,-0.0029762217207473887,0.0,0.044537420818018286
2025-05-30,0.0001400000037392,0.0001400000037392,0.0001409999968018,0.0001389999961247,117653.0,-3.46474394730123e-08,0.0,0.044537420818018286
2025-05-31,0.0001400000037392,0.0001400000037392,0.0001420000044163,0.0001389999961247,103729.0,-0.0011905112091554482,0.0,0.044537420818018286
2025-06-01,0.0001409999968018,0.0001400000037392,0.0001510000001871,0.0001380000030621,129985.0,-0.008274217466637914,0.0,0.044537420818018286
2025-06-02,0.0001380000030621,0.0001409999968018,0.0001429999974789,0.0001349999947706,149581.0,0.014492723058552018,0.0,0.044537420818018286
2025-06-03,0.0001429999974789,0.0001380000030621,0.0001449999981559,0.0001380000030621,139012.0,-0.022727259622011897,0.0,0.044537420818018286
2025-06-04,0.0001400000037392,0.0001429999974789,0.0001440000050934,0.0001380000030621,122185.0,-0.0023809877708714324,0.0,0.044537420818018286
2025-06-05,0.0001369999954476,0.0001400000037392,0.0001409999968018,0.0001369999954476,103601.0,0.017031654205364233,0.0,0.044537420818018286
2025-06-06,0.0001380000030621,0.0001369999954476,0.0001389999961247,0.0001369999954476,105609.0,0.00966180365590292,0.0,0.044537420818018286
2025-06-07,0.0001389999961247,0.0001380000030621,0.0001420000044163,0.0001369999954476,100413.0,0.001199058655072203,0.0,0.044537420818018286
2025-06-08,0.0001369999954476,0.0001389999961247,0.0001400000037392,0.0001349999947706,142677.0,0.015206840434508151,0.0,0.044537420818018286
2025-06-09,0.0001389999961247,0.0001369999954476,0.0001400000037392,0.0001349999947706,145632.0,-0.0029975812063539795,0.0,0.044537420818018286
2025-06-10,0.0001429999974789,0.0001389999961247,0.0001440000050934,0.0001389999961247,127911.0,-0.03729602513958285,0.0,0.044537420818018286
2025-06-11,0.0001449999981559,0.0001429999974789,0.0001460000057704,0.0001409999968018,166956.0,-0.05804596812914407,0.0,0.044537420818018286
2025-06-12,0.0001380000030621,0.0001449999981559,0.0001460000057704,0.0001360000023851,152161.0,-0.01751210480284664,0.0,0.044537420818018286
2025-06-13,0.0001409999968018,0.0001380000030621,0.0001440000050934,0.0001380000030621,145075.0,-0.04728130655442136,0.0,0.044537420818018286
2025-06-14,0.0001400000037392,0.0001409999968018,0.0001429999974789,0.0001389999961247,149312.0,-0.050000032915106185,0.0,0.044537420818018286
2025-06-15,0.0001400000037392,0.0001400000037392,0.0001409999968018,0.0001369999954476,128383.0,-0.0601190793585909,0.0,0.044537420818018286
2025-06-16,0.0001389999961247,0.0001400000037392,0.0001420000044163,0.0001380000030621,158457.0,-0.060551532957052935,0.0,0.044537420818018286
2025-06-17,0.0001329999940935,0.0001389999961247,0.0001389999961247,0.0001329999940935,120806.0,-0.02380947822090738,0.0,0.044537420818018286
2025-06-18,0.0001380000030621,0.0001329999940935,0.0001389999961247,0.0001320000010309,126044.0,-0.07004833133807965,0.0,0.044537420818018286
2025-06-19,0.0001369999954476,0.0001369999954476,0.0001440000050934,0.000134000001708,167774.0,-0.07360094306303604,0.0,0.044537420818018286
2025-06-20,0.0001360000023851,0.0001369999954476,0.0001380000030621,0.0001349999947706,122612.0,-0.07598041208844944,0.0,0.044537420818018286
2025-06-21,0.0001329999940935,0.0001360000023851,0.0001489999995101,0.0001320000010309,194260.0,-0.0632831684299401,0.0,0.044537420818018286
2025-06-22,0.0001320000010309,0.0001329999940935,0.000134000001708,0.0001309999934164,80386.0,-0.06376263816363968,0.0,0.044537420818018286
2025-06-23,0.0001320000010309,0.0001320000010309,0.0001380000030621,0.0001309999934164,129442.0,-0.0713383982448782,0.0,0.044537420818018286
2025-06-24,0.0001259999989997,0.0001320000010309,0.0001320000010309,0.0001250000059371,107207.0,-0.031084657230375585,0.0,0.044537420818018286
2025-06-25,0.0001259999989997,0.0001259999989997,0.0001270000066142,0.0001239999983226,94979.0,-0.03373016079244937,0.0,0.044537420818018286
2025-06-26,0.0001239999983226,0.0001259999989997,0.0001259999989997,0.0001239999983226,68123.0,-0.02150537413546874,0.0,0.044537420818018286
2025-06-27,0.0001230000052601,0.0001239999983226,0.0001320000010309,0.0001230000052601,83263.0,-0.01626022163579637,0.0,0.044537420818018286
2025-06-28,0.0001270000066142,0.0001230000052601,0.0001279999996768,0.0001230000052601,73072.0,-0.05183734248120033,0.0,0.044537420818018286
2025-06-29,0.0001239999983226,0.0001270000066142,0.0001270000066142,0.0001230000052601,71390.0,-0.031586032625261475,0.0,0.044537420818018286
2025-06-30,0.0001199999969685,0.0001239999983226,0.0001250000059371,0.0001199999969685,110301.0,0.000694444697126743,0.0,0.044537420818018286
2025-07-01,0.0001199999969685,0.0001199999969685,0.000120999997307,0.00011899999663,89000.0,-0.0013888843414061325,0.0,0.044537420818018286
2025-07-02,0.000120999997307,0.0001199999969685,0.0001230000052601,0.0001180000035674,72344.0,-0.010330577228266516,0.0,0.044537420818018286
2025-07-03,0.0001199999969685,0.000120999997307,0.000120999997307,0.00011899999663,70219.0,-0.012499994441961667,0.0,0.044537420818018286
2025-07-04,0.0001199999969685,0.0001199999969685,0.000120999997307,0.00011899999663,78746.0,-0.02361110454251719,0.0,0.044537420818018286
2025-07-05,0.0001199999969685,0.0001199999969685,0.000120999997307,0.00011899999663,86338.0,-0.030555546460590045,0.0,0.044537420818018286
2025-07-06,0.0001199999969685,0.0001199999969685,0.0001230000052601,0.00011899999663,97843.0,-0.03958332246990424,0.0,0.044537420818018286
2025-07-07,0.0001219999976456,0.0001199999969685,0.0001250000059371,0.0001180000035674,102656.0,-0.06557376413705084,0.0,0.044537420818018286
2025-07-08,0.00011899999663,0.0001219999976456,0.0001219999976456,0.00011899999663,114703.0,-0.048319309791129424,0.0,0.044537420818018286
2025-07-09,0.00011899999663,0.00011899999663,0.00011899999663,0.0001160000028903,90204.0,-0.055322108385382346,0.0,0.044537420818018286
2025-07-10,0.0001199999969685,0.00011899999663,0.000120999997307,0.0001160000028903,134658.0,-0.07013886893056374,0.0,0.044537420818018286
2025-07-11,0.0001199999969685,0.0001199999969685,0.000120999997307,0.0001180000035674,110865.0,-0.07916664493987793,0.0,0.044537420818018286
2025-07-12,0.0001199999969685,0.0001199999969685,0.000120999997307,0.0001170000032288,105941.0,-0.08819442094919212,0.0,0.044537420818018286
2025-07-13,0.0001170000032288,0.0001199999969685,0.000120999997307,0.0001170000032288,87677.0,-0.0740741022884291,0.0,0.044537420818018286
2025-07-14,0.0001199999969685,0.0001170000032288,0.0001230000052601,0.0001170000032288,128073.0,-0.107638867414713,0.0,0.044537420818018286
2025-07-15,0.0001049999991664,0.0001199999969685,0.0001199999969685,0.0001029999984893,152248.0,0.015079370304280776,0.0,0.044537420818018286
2025-07-16,0.0001039999988279,0.0001049999991664,0.000105999999505,0.0001029999984893,104788.0,0.016826934793154197,0.0,0.044537420818018286
2025-07-17,0.0001100000008591,0.0001039999988279,0.0001110000011976,0.0001039999988279,117783.0,-0.05530303756884208,0.0,0.044537420818018286
2025-07-18,0.0001069999998435,0.0001100000008591,0.0001160000028903,0.000105999999505,160499.0,-0.04049843913699261,0.0,0.044537420818018286
2025-07-19,0.0001069999998435,0.0001069999998435,0.0001090000005206,0.0001049999991664,92645.0,-0.04984423104040774,0.0,0.044537420818018286
2025-07-20,0.0001100000008591,0.0001069999998435,0.0001110000011976,0.0001069999998435,93023.0,-0.08863636539000856,0.0,0.044537420818018286
2025-07-21,0.0001090000005206,0.0001100000008591,0.0001130000018747,0.0001090000005206,125138.0,-0.09556574775558951,0.0,0.044537420818018286
2025-07-22,0.0001100000008591,0.0001090000005206,0.0001110000011976,0.0001090000005206,96332.0,-0.1181818186826865,0.0,0.044537420818018286
2025-07-23,0.0001069999998435,0.0001100000008591,0.0001110000011976,0.0001069999998435,114416.0,-0.10747662672258207,0.0,0.044537420818018286
2025-07-24,0.0001069999998435,0.0001069999998435,0.0001100000008591,0.000105999999505,140807.0,-0.12538939973190227,0.0,0.044537420818018286
2025-07-25,0.0001039999988279,0.0001069999998435,0.0001069999998435,0.0001029999984893,115725.0,-0.1137820327825065,0.0,0.044537420818018286
2025-07-26,0.0001049999991664,0.0001039999988279,0.0001069999998435,0.0001029999984893,97217.0,-0.13492061814633896,0.0,0.044537420818018286
2025-07-27,9.899999713525176e-05,0.0001049999991664,0.000105999999505,9.7999996796716e-05,114159.0,-0.08670029506581285,0.0,0.044537420818018286
2025-07-28,9.40000027185306e-05,9.899999713525176e-05,0.0001009999978123,9.40000027185306e-05,121401.0,-0.03900710427577055,0.0,0.044537420818018286
2025-07-29,8.800000068731606e-05,9.40000027185306e-05,9.500000305706636e-05,8.499999967170879e-05,152046.0,0.0331439503554801,0.0,0.044537420818018286
2025-07-30,9.200000204145908e-05,8.800000068731606e-05,9.300000237999484e-05,8.499999967170879e-05,145219.0,-0.012681163431923595,0.0,0.044537420818018286
2025-07-31,9.500000305706636e-05,9.200000204145908e-05,9.699999645818024e-05,9.200000204145908e-05,119583.0,-0.04473685581066778,0.0,0.044537420818018286
2025-08-01,9.300000237999484e-05,9.500000305706636e-05,0.0001019999981508,9.200000204145908e-05,161748.0,-0.025089613586418775,0.0,0.044537420818018286
2025-08-02,8.900000102585182e-05,9.300000237999484e-05,9.300000237999484e-05,8.900000102585182e-05,91600.0,0.01872659788406981,0.0,0.044537420818018286
2025-08-03,9.100000170292331e-05,8.900000102585182e-05,9.200000204145908e-05,8.900000102585182e-05,96413.0,-0.0073260096690277166,0.0,0.044537420818018286
2025-08-04,8.900000102585182e-05,9.100000170292331e-05,9.40000027185306e-05,8.70000003487803e-05,139174.0,0.009363298942034923,0.0,0.044537420818018286
2025-08-05,8.399999933317304e-05,8.900000102585182e-05,8.900000102585182e-05,8.299999899463728e-05,174728.0,0.06646827699778741,0.0,0.044537420818018286
2025-08-06,8.70000003487803e-05,8.399999933317304e-05,9.40000027185306e-05,7.999999797903001e-05,254402.0,0.013409973141123105,0.0,0.044537420818018286
2025-08-07,8.900000102585182e-05,8.70000003487803e-05,9.899999713525176e-05,8.299999899463728e-05,404356.0,-0.03464419246014047,0.0,0.044537420818018286
2025-08-08,9.40000027185306e-05,8.900000102585182e-05,9.500000305706636e-05,8.900000102585182e-05,138420.0,-0.09574469759443947,0.0,0.044537420818018286
2025-08-09,9.300000237999484e-05,9.40000027185306e-05,9.500000305706636e-05,9.300000237999484e-05,134094.0,-0.1155914144641183,0.0,0.044537420818018286
2025-08-10,9.500000305706636e-05,9.300000237999484e-05,9.600000339560212e-05,9.300000237999484e-05,106533.0,-0.16315791919158354,0.0,0.044537420818018286
2025-08-11,9.100000170292331e-05,9.500000305706636e-05,0.0001029999984893,9.100000170292331e-05,227929.0,-0.1547619209433904,0.0,0.044537420818018286
2025-08-12,9.40000027185306e-05,9.100000170292331e-05,9.600000339560212e-05,9.000000136438757e-05,107592.0,-0.2109929344261305,-1.0,0.4812700398842575
2025-08-13,9.200000204145908e-05,9.40000027185306e-05,9.600000339560212e-05,9.200000204145908e-05,60447.0,-0.2237319054055935,-1.0,0.4812700398842575
2025-08-14,8.900000102585182e-05,9.200000204145908e-05,9.40000027185306e-05,8.800000068731606e-05,70911.0,-0.22940076276560617,-1.0,0.4812700398842575
2025-08-15,8.70000003487803e-05,8.900000102585182e-05,9.100000170292331e-05,8.70000003487803e-05,43454.0,-0.2471264462742874,-1.0,0.4812700398842575
2025-08-16,8.299999899463728e-05,8.70000003487803e-05,8.70000003487803e-05,8.199999865610152e-05,72470.0,-0.2439759015021171,-1.0,0.4812700398842575
2025-08-17,8.099999831756577e-05,8.299999899463728e-05,8.399999933317304e-05,7.899999764049426e-05,129809.0,-0.2572016374498038,-1.0,0.4812700398842575
2025-08-18,7.000000186963007e-05,8.099999831756577e-05,8.099999831756577e-05,7.000000186963007e-05,162179.0,-0.17261907979164845,0.0,0.044537420818018286
2025-08-19,6.199999916134402e-05,7.000000186963007e-05,7.100000220816582e-05,5.8000001445179805e-05,225405.0,-0.0954301068959454,0.0,0.044537420818018286
2025-08-20,8.299999899463728e-05,6.199999916134402e-05,8.399999933317304e-05,5.900000178371556e-05,275822.0,-0.36847389694654936,-1.0,0.4812700398842575
2025-08-21,5.999999848427251e-05,8.299999899463728e-05,0.0001019999981508,5.700000110664405e-05,275047.0,-0.1513888782781171,0.0,0.044537420818018286
2025-08-22,6.199999916134402e-05,5.999999848427251e-05,7.400000322377309e-05,5.8000001445179805e-05,253482.0,-0.20833333333333334,0.0,0.044537420818018286
2025-08-23,5.999999848427251e-05,6.199999916134402e-05,6.399999983841553e-05,5.999999848427251e-05,151790.0,-0.2097222126220001,-1.0,0.4812700398842575
2025-08-24,6.0999998822808266e-05,5.999999848427251e-05,6.0999998822808266e-05,5.999999848427251e-05,130138.0,-0.18306010024599895,0.0,0.044537420818018286
2025-08-25,5.900000178371556e-05,6.0999998822808266e-05,6.0999998822808266e-05,5.8000001445179805e-05,119540.0,-0.10593223604907621,0.0,0.044537420818018286
2025-08-26,5.500000042957254e-05,5.900000178371556e-05,5.999999848427251e-05,5.400000009103678e-05,132120.0,-0.01060606962584267,0.0,0.044537420818018286
2025-08-27,4.999999873689376e-05,5.500000042957254e-05,5.500000042957254e-05,4.999999873689376e-05,135346.0,0.11333336243716452,0.0,0.044537420818018286
2025-08-28,4.999999873689376e-05,4.999999873689376e-05,5.400000009103678e-05,4.8999998398358e-05,201990.0,0.1383333654688136,1.0,0.47419253929772426
2025-08-29,4.999999873689376e-05,4.999999873689376e-05,5.099999907542952e-05,4.999999873689376e-05,144664.0,0.16833337031945214,1.0,0.47419253929772426
2025-08-30,4.3000000005122274e-05,4.999999873689376e-05,5.099999907542952e-05,4.3000000005122274e-05,183213.0,0.40503876985553844,1.0,0.47419253929772426
2025-08-31,3.9999998989515007e-05,4.3000000005122274e-05,4.400000034365803e-05,3.9999998989515007e-05,141565.0,0.5687500553275958,1.0,0.47419253929772426
2025-09-01,3.899999865097925e-05,3.9999998989515007e-05,4.099999932805076e-05,3.899999865097925e-05,146966.0,0.6752137561373792,1.0,0.47419253929772426
2025-09-02,4.199999966658652e-05,3.899999865097925e-05,4.199999966658652e-05,3.899999865097925e-05,151414.0,0.6071428942650902,1.0,0.47419253929772426
2025-09-03,3.9999998989515007e-05,4.199999966658652e-05,4.199999966658652e-05,3.9999998989515007e-05,129306.0,0.7479167416999813,1.0,0.47419253929772426
2025-09-04,3.9999998989515007e-05,3.9999998989515007e-05,3.9999998989515007e-05,3.899999865097925e-05,165148.0,0.8062500810966128,1.0,0.47419253929772426
2025-09-05,9.000000136438757e-05,3.9999998989515007e-05,9.40000027185306e-05,3.9999998989515007e-05,610291.0,-0.21759258884981614,-1.0,0.4812700398842575
2025-09-06,9.40000027185306e-05,9.000000136438757e-05,0.0001349999947706,8.900000102585182e-05,884838.0,-0.27393617762376826,-1.0,0.4812700398842575
2025-09-07,7.500000356230885e-05,9.40000027185306e-05,9.500000305706636e-05,7.500000356230885e-05,411702.0,-0.09777780623485506,0.0,0.044537420818018286
2025-09-08,6.500000017695129e-05,7.500000356230885e-05,7.599999662488699e-05,5.900000178371556e-05,400450.0,0.052564120215833954,0.0,0.044537420818018286
2025-09-09,6.500000017695129e-05,6.500000017695129e-05,7.400000322377309e-05,6.399999983841553e-05,414957.0,0.08461540370221611,0.0,0.044537420818018286
2025-09-10,6.800000119255856e-05,6.500000017695129e-05,7.200000254670158e-05,6.199999916134402e-05,351735.0,0.061274511639695155,0.0,0.044537420818018286
2025-09-11,6.70000008540228e-05,6.800000119255856e-05,7.100000220816582e-05,6.399999983841553e-05,486539.0,0.11442786177707835,0.0,0.044537420818018286
2025-09-12,6.800000119255856e-05,6.70000008540228e-05,7.100000220816582e-05,6.500000017695129e-05,387109.0,0.11397058023656632,0.0,0.044537420818018286
2025-09-13,7.000000186963007e-05,6.800000119255856e-05,7.200000254670158e-05,6.199999916134402e-05,391192.0,0.09523807296475617,0.0,0.044537420818018286
2025-09-14,6.800000119255856e-05,6.900000153109431e-05,7.400000322377309e-05,6.500000017695129e-05,385652.0,0.14215684596088238,1.0,0.47419253929772426
2025-09-15,6.900000153109431e-05,6.800000119255856e-05,7.000000186963007e-05,6.399999983841553e-05,312656.0,0.13043476235949666,1.0,0.47419253929772426
2025-09-16,6.800000119255856e-05,6.900000153109431e-05,7.200000254670158e-05,6.399999983841553e-05,404045.0,0.15318626126600873,1.0,0.47419253929772426
2025-09-17,6.800000119255856e-05,6.800000119255856e-05,7.000000186963007e-05,6.600000051548705e-05,318841.0,0.16053920480275966,1.0,0.47419253929772426
2025-09-18,6.800000119255856e-05,6.800000119255856e-05,7.000000186963007e-05,6.600000051548705e-05,271248.0,0.16421567657113512,1.0,0.47419253929772426
2025-09-19,6.800000119255856e-05,6.800000119255856e-05,7.100000220816582e-05,6.600000051548705e-05,186110.0,0.17401959237018846,1.0,0.47419253929772426
2025-09-20,7.400000322377309e-05,6.800000119255856e-05,7.599999662488699e-05,6.800000119255856e-05,114416.0,0.08108103125485779,0.0,0.044537420818018286
2025-09-21,9.000000136438757e-05,7.400000322377309e-05,9.500000305706636e-05,7.400000322377309e-05,173117.0,-0.1277777921500395,0.0,0.044537420818018286
2025-09-22,8.800000068731606e-05,9.000000136438757e-05,9.100000170292331e-05,8.399999933317304e-05,109037.0,-0.12121212684948506,0.0,0.044537420818018286
2025-09-23,9.699999645818024e-05,8.800000068731606e-05,0.0001009999978123,8.600000001024455e-05,179363.0,-0.2233676626027815,-1.0,0.4812700398842575
2025-09-24,8.099999831756577e-05,9.699999645818024e-05,9.7999996796716e-05,7.999999797903001e-05,351821.0,-0.07818926862102486,0.0,0.044537420818018286
2025-09-25,8.099999831756577e-05,8.099999831756577e-05,8.600000001024455e-05,7.999999797903001e-05,144108.0,-0.08744852372164343,0.0,0.044537420818018286
2025-09-26,7.999999797903001e-05,8.099999831756577e-05,8.299999899463728e-05,7.999999797903001e-05,91790.0,-0.08541662194984269,0.0,0.044537420818018286
2025-09-27,7.300000288523734e-05,7.999999797903001e-05,7.999999797903001e-05,6.900000153109431e-05,78079.0,-0.0034246751700348077,0.0,0.044537420818018286
2025-09-28,7.300000288523734e-05,7.300000288523734e-05,7.699999696342275e-05,6.900000153109431e-05,96081.0,-0.014840203697568425,0.0,0.044537420818018286
2025-09-29,7.400000322377309e-05,7.300000288523734e-05,8.800000068731606e-05,7.100000220816582e-05,166992.0,-0.037162189511222514,0.0,0.044537420818018286
2025-09-30,7.100000220816582e-05,7.400000322377309e-05,8.099999831756577e-05,7.000000186963007e-05,83239.0,-0.0023474356417657973,0.0,0.044537420818018286
2025-10-01,7.599999662488699e-05,7.100000220816582e-05,8.499999967170879e-05,6.800000119255856e-05,359134.0,-0.08004380254326642,0.0,0.044537420818018286
2025-10-02,7.599999662488699e-05,7.599999662488699e-05,8.099999831756577e-05,7.400000322377309e-05,417877.0,-0.09758766093270121,0.0,0.044537420818018286
2025-10-03,7.200000254670158e-05,7.599999662488699e-05,8.099999831756577e-05,7.100000220816582e-05,348764.0,-0.06597223801206022,0.0,0.044537420818018286
2025-10-04,7.400000322377309e-05,7.100000220816582e-05,8.099999831756577e-05,7.100000220816582e-05,292457.0,-0.11148651117814824,0.0,0.044537420818018286
2025-10-05,7.300000288523734e-05,7.400000322377309e-05,7.699999696342275e-05,7.200000254670158e-05,262026.0,-0.12328769563853204,0.0,0.044537420818018286
2025-10-06,7.300000288523734e-05,7.300000288523734e-05,7.599999662488699e-05,7.200000254670158e-05,216975.0,-0.14611874854065557,0.0,0.044537420818018286
2025-10-07,7.200000254670158e-05,7.300000288523734e-05,7.400000322377309e-05,7.200000254670158e-05,104763.0,-0.15625002631639667,0.0,0.044537420818018286
2025-10-08,7.100000220816582e-05,7.200000254670158e-05,7.599999662488699e-05,7.000000186963007e-05,111969.0,-0.1666666922862349,0.0,0.044537420818018286
2025-10-09,6.800000119255856e-05,7.100000220816582e-05,7.300000288523734e-05,6.70000008540228e-05,73646.0,-0.15073531129524279,0.0,0.044537420818018286
2025-10-10,6.299999949987978e-05,6.800000119255856e-05,7.100000220816582e-05,5.999999848427251e-05,77810.0,-0.09920634508165664,0.0,0.044537420818018286
2025-10-11,6.600000051548705e-05,6.299999949987978e-05,6.800000119255856e-05,6.0999998822808266e-05,60673.0,-0.15909092036563666,0.0,0.044537420818018286
2025-10-12,6.600000051548705e-05,6.600000051548705e-05,6.70000008540228e-05,6.299999949987978e-05,60306.0,-0.1780303159753606,0.0,0.044537420818018286
2025-10-13,6.500000017695129e-05,6.600000051548705e-05,6.800000119255856e-05,6.199999916134402e-05,71059.0,-0.18461539530688045,0.0,0.044537420818018286
2025-10-14,5.999999848427251e-05,6.500000017695129e-05,6.70000008540228e-05,5.900000178371556e-05,82796.0,-0.127777763630082,0.0,0.044537420818018286
2025-10-15,5.600000076810829e-05,5.999999848427251e-05,5.999999848427251e-05,5.600000076810829e-05,47671.0,-0.07291669035142402,0.0,0.044537420818018286
2025-10-16,5.600000076810829e-05,5.600000076810829e-05,5.8000001445179805e-05,5.400000009103678e-05,46440.0,-0.07886907323725455,0.0,0.044537420818018286
2025-10-17,5.199999941396527e-05,5.600000076810829e-05,5.700000110664405e-05,5.099999907542952e-05,53499.0,-0.0080128233157504,0.0,0.044537420818018286
2025-10-18,5.299999975250103e-05,5.199999941396527e-05,5.299999975250103e-05,5.099999907542952e-05,37942.0,-0.03144655167313054,0.0,0.044537420818018286
2025-10-19,5.299999975250103e-05,5.299999975250103e-05,5.299999975250103e-05,5.199999941396527e-05,37260.0,-0.03616353442410012,0.0,0.044537420818018286
2025-10-20,5.199999941396527e-05,5.299999975250103e-05,5.299999975250103e-05,5.099999907542952e-05,38628.0,-0.022435905284101266,0.0,0.044537420818018286
2025-10-21,5.099999907542952e-05,5.199999941396527e-05,5.199999941396527e-05,5.099999907542952e-05,33505.0,-0.00653595004355952,0.0,0.044537420818018286
2025-10-22,5.099999907542952e-05,5.099999907542952e-05,5.099999907542952e-05,4.999999873689376e-05,35789.0,-0.01633986916448878,0.0,0.044537420818018286
2025-10-23,5.099999907542952e-05,5.099999907542952e-05,5.099999907542952e-05,4.999999873689376e-05,35107.0,-0.027777775796307903,0.0,0.044537420818018286
2025-10-24,5.099999907542952e-05,5.099999907542952e-05,5.099999907542952e-05,4.999999873689376e-05,37060.0,-0.04248365744990675,0.0,0.044537420818018286
2025-10-25,4.999999873689376e-05,5.099999907542952e-05,5.099999907542952e-05,4.8999998398358e-05,36646.0,-0.03833332302572646,0.0,0.044537420818018286
2025-10-26,5.199999941396527e-05,4.999999873689376e-05,5.199999941396527e-05,4.999999873689376e-05,45532.0,-0.0929487213122339,0.0,0.044537420818018286
2025-10-27,5.099999907542952e-05,5.199999941396527e-05,5.199999941396527e-05,5.099999907542952e-05,47791.0,-0.0931372524542627,0.0,0.044537420818018286
2025-10-28,5.199999941396527e-05,5.099999907542952e-05,5.199999941396527e-05,5.099999907542952e-05,46505.0,-0.12980769690449745,0.0,0.044537420818018286
2025-10-29,5.199999941396527e-05,5.199999941396527e-05,5.299999975250103e-05,5.099999907542952e-05,54034.0,-0.14743590236905416,0.0,0.044537420818018286
2025-10-30,4.999999873689376e-05,5.199999941396527e-05,5.199999941396527e-05,4.8999998398358e-05,32509.0,-0.1299999927240422,0.0,0.044537420818018286
2025-10-31,4.999999873689376e-05,4.999999873689376e-05,5.099999907542952e-05,4.999999873689376e-05,25253.0,-0.14666665939070886,0.0,0.044537420818018286
2025-11-01,4.8999998398358e-05,4.999999873689376e-05,5.099999907542952e-05,4.8999998398358e-05,35504.0,-0.14795917054179483,0.0,0.044537420818018286
2025-11-02,4.8999998398358e-05,4.8999998398358e-05,5.099999907542952e-05,4.8999998398358e-05,28779.0,-0.1751700526227465,0.0,0.044537420818018286
2025-11-03,4.5000000682193786e-05,4.999999873689376e-05,4.999999873689376e-05,4.5000000682193786e-05,28792.0,-0.1259259531733388,0.0,0.044537420818018286
2025-11-04,4.400000034365803e-05,4.5000000682193786e-05,4.600000102072954e-05,4.199999966658652e-05,36051.0,-0.1268939606906471,0.0,0.044537420818018286
2025-11-05,4.199999966658652e-05,4.400000034365803e-05,4.400000034365803e-05,4.199999966658652e-05,32389.0,-0.10317461004909075,0.0,0.044537420818018286
2025-11-06,4.099999932805076e-05,4.199999966658652e-05,4.199999966658652e-05,4.099999932805076e-05,24023.0,-0.09756097326523272,0.0,0.044537420818018286
2025-11-07,4.099999932805076e-05,4.099999932805076e-05,4.099999932805076e-05,3.9999998989515007e-05,25685.0,-0.11585365529032222,0.0,0.044537420818018286
2025-11-08,3.9999998989515007e-05,4.099999932805076e-05,4.099999932805076e-05,3.9999998989515007e-05,28749.0,-0.11249998787340365,0.0,0.044537420818018286
2025-11-09,3.9999998989515007e-05,3.9999998989515007e-05,4.099999932805076e-05,3.9999998989515007e-05,27217.0,-0.13958331969091245,0.0,0.044537420818018286
2025-11-10,4.099999932805076e-05,3.9999998989515007e-05,4.099999932805076e-05,3.9999998989515007e-05,31844.0,-0.1829268239480281,0.0,0.044537420818018286
2025-11-11,3.9999998989515007e-05,4.099999932805076e-05,4.099999932805076e-05,3.9999998989515007e-05,28532.0,-0.18124998635757913,0.0,0.044537420818018286
2025-11-12,3.9999998989515007e-05,3.9999998989515007e-05,4.099999932805076e-05,3.899999865097925e-05,23939.0,-0.2041666499925967,0.0,0.044537420818018286
2025-11-13,3.7999998312443495e-05,3.9999998989515007e-05,4.199999966658652e-05,3.7999998312443495e-05,64375.0,-0.1864034724509256,0.0,0.044537420818018286
2025-11-14,3.300000025774352e-05,3.7999998312443495e-05,3.899999865097925e-05,3.199999991920777e-05,32371.0,-0.07323232907847829,0.0,0.044537420818018286
2025-11-15,3.199999991920777e-05,3.300000025774352e-05,3.300000025774352e-05,3.199999991920777e-05,20897.0,-0.044270829484560174,0.0,0.044537420818018286
2025-11-16,3.300000025774352e-05,3.199999991920777e-05,3.400000059627928e-05,2.999999924213625e-05,28678.0,-0.07575758243889583,0.0,0.044537420818018286
2025-11-17,3.300000025774352e-05,3.300000025774352e-05,3.700000161188655e-05,3.300000025774352e-05,35754.0,-0.0808080891597309,0.0,0.044537420818018286
2025-11-18,3.300000025774352e-05,3.300000025774352e-05,3.400000059627928e-05,3.199999991920777e-05,34931.0,-0.08585859588056595,0.0,0.044537420818018286
2025-11-19,3.199999991920777e-05,3.300000025774352e-05,3.400000059627928e-05,2.999999924213625e-05,23942.0,-0.06250000236847579,0.0,0.044537420818018286
2025-11-20,3.099999958067201e-05,3.199999991920777e-05,3.199999991920777e-05,2.999999924213625e-05,21155.0,-0.03763439740303078,0.0,0.044537420818018286
2025-11-21,2.700000004551839e-05,3.099999958067201e-05,3.099999958067201e-05,2.700000004551839e-05,63707.0,0.09876542606873652,0.0,0.044537420818018286
2025-11-22,2.999999924213625e-05,2.700000004551839e-05,3.199999991920777e-05,2.700000004551839e-05,102304.0,-0.024999978778456288,0.0,0.044537420818018286
2025-11-23,3.099999958067201e-05,2.999999924213625e-05,3.400000059627928e-05,2.999999924213625e-05,55807.0,-0.07526880458557457,0.0,0.044537420818018286
2025-11-24,2.9000000722589903e-05,3.099999958067201e-05,3.400000059627928e-05,2.8000000384054147e-05,303618.0,-0.025862092757292454,0.0,0.044537420818018286
2025-11-25,2.700000004551839e-05,2.9000000722589903e-05,2.9000000722589903e-05,2.5999999706982635e-05,129088.0,0.033950617491882634,0.0,0.044537420818018286
2025-11-26,2.9000000722589903e-05,2.700000004551839e-05,3.199999991920777e-05,2.700000004551839e-05,332421.0,-0.060344851738463545,0.0,0.044537420818018286
2025-11-27,3.199999991920777e-05,2.9000000722589903e-05,3.400000059627928e-05,2.9000000722589903e-05,414298.0,-0.17968749970394052,0.0,0.044537420818018286
2025-11-28,3.199999991920777e-05,3.199999991920777e-05,3.5000000934815034e-05,2.999999924213625e-05,404036.0,-0.20833333333333334,0.0,0.044537420818018286
2025-11-29,3.099999958067201e-05,3.199999991920777e-05,3.199999991920777e-05,2.999999924213625e-05,42379.0,-0.21236558303794315,-1.0,0.4812700398842575
2025-11-30,3.099999958067201e-05,3.099999958067201e-05,3.300000025774352e-05,3.099999958067201e-05,51135.0,-0.24193547614199773,-1.0,0.4812700398842575
2025-12-01,2.999999924213625e-05,3.099999958067201e-05,3.199999991920777e-05,2.9000000722589903e-05,56790.0,-0.2444444272650995,-1.0,0.4812700398842575
2025-12-02,2.9000000722589903e-05,2.999999924213625e-05,3.300000025774352e-05,2.700000004551839e-05,380009.0,-0.24425289789571583,-1.0,0.4812700398842575
2025-12-03,2.499999936844688e-05,2.9000000722589903e-05,3.300000025774352e-05,2.499999936844688e-05,608395.0,-0.1466666472641125,0.0,0.044537420818018286
2025-12-04,2.499999936844688e-05,2.499999936844688e-05,2.700000004551839e-05,2.499999936844688e-05,117010.0,-0.16999997695946692,0.0,0.044537420818018286
2025-12-05,2.4000000848900527e-05,2.499999936844688e-05,2.499999936844688e-05,2.4000000848900527e-05,33912.0,-0.1562500284217084,0.0,0.044537420818018286
2025-12-06,2.4000000848900527e-05,2.4000000848900527e-05,2.499999936844688e-05,2.4000000848900527e-05,28333.0,-0.17708336175504172,0.0,0.044537420818018286
2025-12-07,2.300000051036477e-05,2.4000000848900527e-05,2.4000000848900527e-05,2.300000051036477e-05,28194.0,-0.15942030733433385,0.0,0.044537420818018286
2025-12-08,2.099999983329326e-05,2.300000051036477e-05,2.499999936844688e-05,2.099999983329326e-05,47060.0,-0.09126982958321234,0.0,0.044537420818018286
2025-12-09,1.9999999494757503e-05,2.099999983329326e-05,2.099999983329326e-05,1.8999999156221747e-05,54848.0,-0.05416663331852677,0.0,0.044537420818018286
2025-12-10,2.099999983329326e-05,1.9999999494757503e-05,2.300000051036477e-05,1.9999999494757503e-05,66052.0,-0.12301585789200027,0.0,0.044537420818018286
2025-12-11,1.9999999494757503e-05,2.099999983329326e-05,2.099999983329326e-05,1.9999999494757503e-05,34987.0,-0.1041666325606145,0.0,0.044537420818018286
2025-12-12,1.9999999494757503e-05,1.9999999494757503e-05,2.099999983329326e-05,1.8000000636675395e-05,29102.0,-0.1333332984693689,0.0,0.044537420818018286
2025-12-13,1.9999999494757503e-05,1.9999999494757503e-05,1.9999999494757503e-05,1.9999999494757503e-05,20675.0,-0.1583332961956321,0.0,0.044537420818018286
2025-12-14,1.9999999494757503e-05,1.9999999494757503e-05,1.9999999494757503e-05,1.9999999494757503e-05,20933.0,-0.1874999621043865,0.0,0.044537420818018286
2025-12-15,1.8000000636675395e-05,1.9999999494757503e-05,1.9999999494757503e-05,1.8000000636675395e-05,25323.0,-0.12037038580932312,0.0,0.044537420818018286
2025-12-16,1.8000000636675395e-05,1.8000000636675395e-05,1.8999999156221747e-05,1.8000000636675395e-05,26261.0,-0.1388889057313828,0.0,0.044537420818018286
2025-12-17,1.8000000636675395e-05,1.8000000636675395e-05,1.8000000636675395e-05,1.8000000636675395e-05,32178.0,-0.16203705668661325,0.0,0.044537420818018286
2025-12-18,1.8000000636675395e-05,1.8000000636675395e-05,1.8000000636675395e-05,1.8000000636675395e-05,20709.0,-0.18518520764184374,0.0,0.044537420818018286
2025-12-19,1.8000000636675395e-05,1.8000000636675395e-05,1.8000000636675395e-05,1.8000000636675395e-05,26087.0,-0.21296298541962153,-1.0,0.4812700398842575
2025-12-20,1.8000000636675395e-05,1.8000000636675395e-05,1.8000000636675395e-05,1.700000029813964e-05,20563.0,-0.23611113637485195,-1.0,0.4812700398842575
2025-12-21,1.8000000636675395e-05,1.8000000636675395e-05,1.8000000636675395e-05,1.8000000636675395e-05,20363.0,-0.25925928733008247,-1.0,0.4812700398842575
2025-12-22,1.4999999621068127e-05,1.8000000636675395e-05,1.8000000636675395e-05,1.4000000192027072e-05,36403.0,-0.12222220100067877,0.0,0.044537420818018286
2025-12-23,1.4000000192027072e-05,1.4999999621068127e-05,1.4999999621068127e-05,1.2999999853491316e-05,50062.0,-0.06547620633047711,0.0,0.044537420818018286
2025-12-24,1.2999999853491316e-05,1.4000000192027072e-05,1.4999999621068127e-05,1.2999999853491316e-05,25109.0,0.006410264482694707,0.0,0.044537420818018286
2025-12-25,1.4000000192027072e-05,1.2999999853491316e-05,1.4000000192027072e-05,1.2999999853491316e-05,40020.0,-0.07142858921630767,0.0,0.044537420818018286
2025-12-26,1.2999999853491316e-05,1.4000000192027072e-05,1.4000000192027072e-05,1.2999999853491316e-05,20781.0,5.830094323977519e-09,0.0,0.044537420818018286
2025-12-27,1.2999999853491316e-05,1.2999999853491316e-05,1.4000000192027072e-05,1.2999999853491316e-05,20486.0,-0.006410246992411735,0.0,0.044537420818018286
2025-12-28,1.4000000192027072e-05,1.2999999853491316e-05,1.4000000192027072e-05,1.2999999853491316e-05,79932.0,-0.08928572704648156,0.0,0.044537420818018286
2025-12-29,1.2999999853491316e-05,1.4000000192027072e-05,1.4000000192027072e-05,1.2999999853491316e-05,20999.0,-0.025641011290024236,0.0,0.044537420818018286
2025-12-30,1.2999999853491316e-05,1.2999999853491316e-05,1.4000000192027072e-05,1.2999999853491316e-05,38794.0,-0.032051264112530294,0.0,0.044537420818018286
2025-12-31,1.2000000424450263e-05,1.2999999853491316e-05,1.2999999853491316e-05,1.2000000424450263e-05,59797.0,0.04861108163674671,0.0,0.044537420818018286
2026-01-01,1.2999999853491316e-05,1.2000000424450263e-05,1.4000000192027072e-05,1.2000000424450263e-05,23179.0,-0.038461516935036355,0.0,0.044537420818018286
2026-01-02,1.2999999853491316e-05,1.2999999853491316e-05,1.2999999853491316e-05,1.2000000424450263e-05,20946.0,-0.05128202841014279,0.0,0.044537420818018286
2026-01-03,1.2999999853491316e-05,1.2999999853491316e-05,1.2999999853491316e-05,1.2000000424450263e-05,19015.0,-0.06410253988524922,0.0,0.044537420818018286
2026-01-04,1.2999999853491316e-05,1.2999999853491316e-05,1.2999999853491316e-05,1.2000000424450263e-05,25329.0,-0.07692305136035565,0.0,0.044537420818018286
2026-01-05,1.2999999853491316e-05,1.2999999853491316e-05,1.2999999853491316e-05,1.2999999853491316e-05,23028.0,-0.08974356283546209,0.0,0.044537420818018286
2026-01-06,1.2999999853491316e-05,1.2999999853491316e-05,1.2999999853491316e-05,1.2000000424450263e-05,26920.0,-0.08974356283546209,0.0,0.044537420818018286
2026-01-07,1.2999999853491316e-05,1.2999999853491316e-05,1.2999999853491316e-05,1.2000000424450263e-05,23022.0,-0.08333330418286171,0.0,0.044537420818018286
2026-01-08,1.2000000424450263e-05,1.2999999853491316e-05,1.4000000192027072e-05,1.2000000424450263e-05,37486.0,0.00694442760195052,0.0,0.044537420818018286
2026-01-09,1.2000000424450263e-05,1.2000000424450263e-05,1.2000000424450263e-05,1.2000000424450263e-05,27665.0,0.020833314385527657,0.0,0.044537420818018286
2026-01-10,1.2000000424450263e-05,1.2000000424450263e-05,1.2000000424450263e-05,1.2000000424450263e-05,20415.0,0.034722201169104794,0.0,0.044537420818018286
2026-01-11,1.2000000424450263e-05,1.2000000424450263e-05,1.2000000424450263e-05,1.2000000424450263e-05,19317.0,0.04861108795268193,0.0,0.044537420818018286
2026-01-12,1.2000000424450263e-05,1.2000000424450263e-05,1.2999999853491316e-05,1.2000000424450263e-05,21198.0,0.06249997473625907,0.0,0.044537420818018286
2026-01-13,1.2000000424450263e-05,1.2000000424450263e-05,1.2999999853491316e-05,1.2000000424450263e-05,25125.0,0.0763888615198362,0.0,0.044537420818018286
2026-01-14,1.1000000085914508e-05,1.2000000424450263e-05,1.2999999853491316e-05,9.999999747378752e-06,48729.0,0.19696970010156567,1.0,0.47419253929772426
2026-01-15,1.1000000085914508e-05,1.1000000085914508e-05,1.2000000424450263e-05,9.999999747378752e-06,34361.0,0.21969697345521214,1.0,0.47419253929772426
2026-01-16,1.1000000085914508e-05,1.1000000085914508e-05,1.2000000424450263e-05,1.1000000085914508e-05,26394.0,0.24242424680885863,1.0,0.47419253929772426
2026-01-17,1.1000000085914508e-05,1.1000000085914508e-05,1.2000000424450263e-05,1.1000000085914508e-05,20645.0,0.2651515201625051,1.0,0.47419253929772426
2026-01-18,1.2999999853491316e-05,1.1000000085914508e-05,1.2999999853491316e-05,1.1000000085914508e-05,34045.0,0.07051284517860422,0.0,0.044537420818018286
2026-01-19,1.4000000192027072e-05,1.2999999853491316e-05,1.700000029813964e-05,1.2000000424450263e-05,80050.0,-0.017857143243832762,0.0,0.044537420818018286
2026-01-20,1.4000000192027072e-05,1.4000000192027072e-05,1.4000000192027072e-05,1.4000000192027072e-05,26646.0,-0.029761903601834977,0.0,0.044537420818018286
2026-01-21,1.4000000192027072e-05,1.4000000192027072e-05,1.4999999621068127e-05,1.4000000192027072e-05,39686.0,-0.041666663959837195,0.0,0.044537420818018286
2026-01-22,1.4000000192027072e-05,1.4000000192027072e-05,1.4000000192027072e-05,1.4000000192027072e-05,21911.0,-0.05357142431783941,0.0,0.044537420818018286
2026-01-23,1.4000000192027072e-05,1.4000000192027072e-05,1.4000000192027072e-05,1.4000000192027072e-05,23706.0,-0.06547618467584163,0.0,0.044537420818018286
2026-01-24,1.4000000192027072e-05,1.4000000192027072e-05,1.4000000192027072e-05,1.4000000192027072e-05,21379.0,-0.07738094503384384,0.0,0.044537420818018286
2026-01-25,1.4000000192027072e-05,1.4000000192027072e-05,1.4000000192027072e-05,1.4000000192027072e-05,20713.0,-0.08928570539184606,0.0,0.044537420818018286
2026-01-26,1.4000000192027072e-05,1.4000000192027072e-05,1.4000000192027072e-05,1.4000000192027072e-05,25595.0,-0.10119046574984829,0.0,0.044537420818018286
2026-01-27,1.4000000192027072e-05,1.4000000192027072e-05,1.4000000192027072e-05,1.2999999853491316e-05,21449.0,-0.1130952261078505,0.0,0.044537420818018286
2026-01-28,1.4000000192027072e-05,1.4000000192027072e-05,1.4000000192027072e-05,1.2999999853491316e-05,23170.0,-0.12499998646585271,0.0,0.044537420818018286
2026-01-29,1.4000000192027072e-05,1.4000000192027072e-05,1.4000000192027072e-05,1.4000000192027072e-05,26953.0,-0.13690474682385492,0.0,0.044537420818018286
2026-01-30,1.2999999853491316e-05,1.4000000192027072e-05,1.4000000192027072e-05,1.1000000085914508e-05,89213.0,-0.07692303387007271,0.0,0.044537420818018286
2026-01-31,1.2000000424450263e-05,1.2999999853491316e-05,1.2999999853491316e-05,1.2000000424450263e-05,35297.0,0.0,0.0,0.044537420818018286
2026-02-01,1.2000000424450263e-05,1.2000000424450263e-05,1.2999999853491316e-05,1.2000000424450263e-05,17485.0,0.0,0.0,0.044537420818018286
2026-02-02,1.2000000424450263e-05,1.2000000424450263e-05,1.2999999853491316e-05,1.2000000424450263e-05,17485.0,0.0,0.0,0.044537420818018286
2026-02-03,1.2000000424450263e-05,1.2000000424450263e-05,1.2999999853491316e-05,1.2000000424450263e-05,30870.0,0.0,0.0,0.044537420818018286
2026-02-04,1.2000000424450263e-05,1.2000000424450263e-05,1.2000000424450263e-05,1.2000000424450263e-05,34495.0,0.0,0.0,0.044537420818018286
2026-02-05,1.2000000424450263e-05,1.2000000424450263e-05,1.2000000424450263e-05,1.2000000424450263e-05,54840.0,0.0,0.0,0.044537420818018286
2026-02-06,1.2000000424450263e-05,1.2000000424450263e-05,1.2999999853491316e-05,1.2000000424450263e-05,32085.0,0.0,0.0,0.044537420818018286
2026-02-07,1.2000000424450263e-05,1.2000000424450263e-05,1.2000000424450263e-05,1.2000000424450263e-05,29574.0,0.0,0.0,0.044537420818018286
2026-02-08,1.2000000424450263e-05,1.2000000424450263e-05,1.2000000424450263e-05,1.2000000424450263e-05,17528.0,0.0,0.0,0.044537420818018286
2026-02-09,1.2000000424450263e-05,1.2000000424450263e-05,1.2000000424450263e-05,1.2000000424450263e-05,18042.0,0.0,0.0,0.044537420818018286
2026-02-10,1.2000000424450263e-05,1.2000000424450263e-05,1.2000000424450263e-05,1.2000000424450263e-05,32753.0,0.006944440233820959,0.0,0.044537420818018286
2026-02-11,1.2000000424450263e-05,1.2000000424450263e-05,1.2000000424450263e-05,1.2000000424450263e-05,16824.0,0.006944440233820959,0.0,0.044537420818018286
2026-02-12,1.2000000424450263e-05,1.2000000424450263e-05,1.2000000424450263e-05,1.2000000424450263e-05,19120.0,0.006944440233820959,0.0,0.044537420818018286
2026-02-13,1.2000000424450263e-05,1.2000000424450263e-05,1.2000000424450263e-05,1.2000000424450263e-05,18107.0,0.006944440233820959,0.0,0.044537420818018286
2026-02-14,1.2000000424450263e-05,1.2000000424450263e-05,1.2000000424450263e-05,1.2000000424450263e-05,16753.0,0.013888880467641918,0.0,0.044537420818018286
2026-02-15,1.2000000424450263e-05,1.2000000424450263e-05,1.2000000424450263e-05,1.2000000424450263e-05,18591.0,0.020833320701462876,0.0,0.044537420818018286
2026-02-16,1.2000000424450263e-05,1.2000000424450263e-05,1.2000000424450263e-05,1.2000000424450263e-05,28708.0,0.020833320701462876,0.0,0.044537420818018286
2026-02-17,1.2000000424450263e-05,1.2000000424450263e-05,1.2000000424450263e-05,1.2000000424450263e-05,17364.0,0.027777760935283835,0.0,0.044537420818018286
2026-02-18,1.2000000424450263e-05,1.2000000424450263e-05,1.2000000424450263e-05,1.2000000424450263e-05,17996.0,0.034722201169104794,0.0,0.044537420818018286
2026-02-19,1.2000000424450263e-05,1.2000000424450263e-05,1.2000000424450263e-05,1.2000000424450263e-05,18511.0,0.04166664140292575,0.0,0.044537420818018286
2026-02-20,1.2000000424450263e-05,1.2000000424450263e-05,1.2000000424450263e-05,1.2000000424450263e-05,17074.0,0.04861108163674671,0.0,0.044537420818018286
2026-02-21,1.2000000424450263e-05,1.2000000424450263e-05,1.2000000424450263e-05,1.2000000424450263e-05,18242.0,0.04166663508699053,0.0,0.044537420818018286
2026-02-22,1.2999999853491316e-05,1.2000000424450263e-05,1.2999999853491316e-05,9.000000318337698e-06,19289.0,-0.07051280436794392,0.0,0.044537420818018286
2026-02-23,1.2000000424450263e-05,1.2999999853491316e-05,1.4000000192027072e-05,9.999999747378752e-06,17007.0,0.0069444149700800635,0.0,0.044537420818018286
2026-02-24,1.2000000424450263e-05,1.2000000424450263e-05,1.2000000424450263e-05,1.2000000424450263e-05,18144.0,0.013888855203901021,0.0,0.044537420818018286
2026-02-25,1.2000000424450263e-05,1.2000000424450263e-05,1.2000000424450263e-05,1.2000000424450263e-05,16738.0,0.020833295437721982,0.0,0.044537420818018286
2026-02-26,1.2999999853491316e-05,1.2000000424450263e-05,1.2999999853491316e-05,1.2000000424450263e-05,49486.0,-0.051282040070331415,0.0,0.044537420818018286
2026-02-27,1.2999999853491316e-05,1.2999999853491316e-05,1.2999999853491316e-05,1.2000000424450263e-05,48176.0,-0.051282040070331415,0.0,0.044537420818018286
2026-02-28,1.2000000424450263e-05,1.2999999853491316e-05,1.2999999853491316e-05,1.2000000424450263e-05,20932.0,0.034722182221299115,0.0,0.044537420818018286
2026-03-01,1.2999999853491316e-05,1.2000000424450263e-05,1.2999999853491316e-05,1.2000000424450263e-05,19247.0,-0.051282040070331415,0.0,0.044537420818018286
2026-03-02,1.2999999853491316e-05,1.2999999853491316e-05,1.2999999853491316e-05,1.2000000424450263e-05,17100.0,-0.051282040070331415,0.0,0.044537420818018286
2026-03-03,1.2999999853491316e-05,1.2999999853491316e-05,2.300000051036477e-05,1.2000000424450263e-05,64359.0,-0.04487178141773104,0.0,0.044537420818018286
2026-03-04,1.2999999853491316e-05,1.2999999853491316e-05,1.4000000192027072e-05,1.2000000424450263e-05,22217.0,-0.05128203424023709,0.0,0.044537420818018286
2026-03-05,1.1000000085914508e-05,1.2999999853491316e-05,1.4000000192027072e-05,7.999999979801942e-06,51757.0,0.1363636332317675,1.0,0.47419253929772426
2026-03-06,7.999999979801942e-06,1.1000000085914508e-05,1.2000000424450263e-05,7.999999979801942e-06,17069.0,0.6041666832459971,1.0,0.47419253929772426
2026-03-07,1.2000000424450263e-05,7.999999979801942e-06,1.2999999853491316e-05,7.999999979801942e-06,49183.0,0.06944441497008003,0.0,0.044537420818018286
2026-03-08,1.2999999853491316e-05,1.2000000424450263e-05,1.2999999853491316e-05,9.000000318337698e-06,50054.0,-0.01923074680732953,0.0,0.044537420818018286
2026-03-09,1.2999999853491316e-05,1.2999999853491316e-05,2.5999999706982635e-05,1.2999999853491316e-05,50135.0,-0.025640999629835588,0.0,0.044537420818018286
2026-03-10,1.4000000192027072e-05,1.2999999853491316e-05,2.099999983329326e-05,9.999999747378752e-06,49410.0,-0.1071428540493377,0.0,0.044537420818018286
2026-03-11,1.2999999853491316e-05,1.4000000192027072e-05,1.4000000192027072e-05,1.2000000424450263e-05,22747.0,-0.04487176392744809,0.0,0.044537420818018286
2026-03-12,1.2999999853491316e-05,1.2999999853491316e-05,1.4000000192027072e-05,9.999999747378752e-06,54779.0,-0.05128201674995415,0.0,0.044537420818018286
2026-03-13,1.2000000424450263e-05,1.2999999853491316e-05,1.2999999853491316e-05,1.2000000424450263e-05,23710.0,0.027777767251219054,0.0,0.044537420818018286
2026-03-14,1.2999999853491316e-05,1.2000000424450263e-05,1.2999999853491316e-05,7.999999979801942e-06,49624.0,-0.05128201674995415,0.0,0.044537420818018286
2026-03-15,1.4000000192027072e-05,1.2999999853491316e-05,1.5999999959603883e-05,6.000000212225132e-06,51630.0,-0.13095236935168328,0.0,0.044537420818018286
2026-03-16,1.2000000424450263e-05,1.4000000192027072e-05,1.700000029813964e-05,7.999999979801942e-06,49290.0,0.0069444339178857395,0.0,0.044537420818018286
2026-03-17,1.2999999853491316e-05,1.2000000424450263e-05,2.5999999706982635e-05,7.999999979801942e-06,53377.0,-0.07692303970016702,0.0,0.044537420818018286
2026-03-18,1.2000000424450263e-05,1.2999999853491316e-05,1.5999999959603883e-05,1.2000000424450263e-05,29908.0,-0.006944452865691397,0.0,0.044537420818018286
2026-03-19,1.2000000424450263e-05,1.2000000424450263e-05,1.2999999853491316e-05,1.2000000424450263e-05,9731.0,-0.013888899415447575,0.0,0.044537420818018286
2026-03-20,1.2000000424450263e-05,1.2000000424450263e-05,1.2000000424450263e-05,1.2000000424450263e-05,9366.0,-0.020833345965203753,0.0,0.044537420818018286
2026-03-21,1.2000000424450263e-05,1.2000000424450263e-05,1.2000000424450263e-05,1.2000000424450263e-05,9452.0,-0.02777779251495993,0.0,0.044537420818018286
2026-03-22,1.2000000424450263e-05,1.2000000424450263e-05,1.2000000424450263e-05,1.2000000424450263e-05,9337.0,-0.03472223906471611,0.0,0.044537420818018286
2026-03-23,1.2000000424450263e-05,1.2000000424450263e-05,1.2000000424450263e-05,1.2000000424450263e-05,9658.0,-0.03472223906471611,0.0,0.044537420818018286
2026-03-24,1.2000000424450263e-05,1.2000000424450263e-05,1.2000000424450263e-05,1.1000000085914508e-05,10288.0,-0.03472223906471611,0.0,0.044537420818018286
2026-03-25,1.2000000424450263e-05,1.2000000424450263e-05,1.2999999853491316e-05,1.2000000424450263e-05,11868.0,-0.03472223906471611,0.0,0.044537420818018286
2026-03-26,1.2999999853491316e-05,1.2000000424450263e-05,2.700000004551839e-05,1.2000000424450263e-05,66601.0,-0.11538458578567497,0.0,0.044537420818018286
2026-03-27,1.2000000424450263e-05,1.2999999853491316e-05,1.2999999853491316e-05,1.1000000085914508e-05,30596.0,-0.04166667929853707,0.0,0.044537420818018286
2026-03-28,1.1000000085914508e-05,1.2000000424450263e-05,1.2000000424450263e-05,1.1000000085914508e-05,16575.0,0.0681818338411621,0.0,0.044537420818018286
2026-03-29,1.2000000424450263e-05,1.1000000085914508e-05,1.2000000424450263e-05,1.1000000085914508e-05,10356.0,-0.006944459181626617,0.0,0.044537420818018286
2026-03-30,1.1000000085914508e-05,1.2000000424450263e-05,1.2000000424450263e-05,1.1000000085914508e-05,11712.0,0.11363637365834373,0.0,0.044537420818018286
2026-03-31,1.1000000085914508e-05,1.1000000085914508e-05,1.1000000085914508e-05,1.1000000085914508e-05,13353.0,0.14393940020313148,1.0,0.47419253929772426
2026-04-01,1.1000000085914508e-05,1.1000000085914508e-05,1.1000000085914508e-05,1.1000000085914508e-05,11454.0,0.17424242674791923,1.0,0.47419253929772426
2026-04-02,1.1000000085914508e-05,1.1000000085914508e-05,1.1000000085914508e-05,1.1000000085914508e-05,12393.0,0.20454545329270699,1.0,0.47419253929772426
2026-04-03,1.1000000085914508e-05,1.1000000085914508e-05,1.1000000085914508e-05,1.1000000085914508e-05,11045.0,0.2348484798374947,1.0,0.47419253929772426
2026-04-04,1.2000000424450263e-05,1.1000000085914508e-05,1.2000000424450263e-05,1.1000000085914508e-05,36599.0,0.15277773567154307,1.0,0.47419253929772426
2026-04-05,1.2000000424450263e-05,1.2000000424450263e-05,1.2000000424450263e-05,1.2000000424450263e-05,31949.0,0.1736110626889412,1.0,0.47419253929772426
2026-04-06,1.2000000424450263e-05,1.2000000424450263e-05,1.2000000424450263e-05,1.2000000424450263e-05,20635.0,0.19444438970633934,1.0,0.47419253929772426
2026-04-07,1.2000000424450263e-05,1.2000000424450263e-05,1.2999999853491316e-05,1.1000000085914508e-05,134066.0,0.2152777167237375,1.0,0.47419253929772426
2026-04-08,1.2000000424450263e-05,1.2000000424450263e-05,1.2999999853491316e-05,1.2000000424450263e-05,11346.0,0.23611104374113565,1.0,0.47419253929772426
2026-04-09,1.4000000192027072e-05,1.2000000424450263e-05,1.700000029813964e-05,1.2000000424450263e-05,86868.0,0.06547615219388869,0.0,0.044537420818018286
2026-04-10,1.4000000192027072e-05,1.4000000192027072e-05,1.4999999621068127e-05,1.4000000192027072e-05,21135.0,0.07142852966606039,0.0,0.044537420818018286
2026-04-11,1.4999999621068127e-05,1.4000000192027072e-05,2.8000000384054147e-05,1.4000000192027072e-05,198447.0,0.0,0.0,0.044537420818018286
2026-04-12,1.4999999621068127e-05,1.4999999621068127e-05,1.4999999621068127e-05,1.4000000192027072e-05,17502.0,0.0,0.0,0.044537420818018286
2026-04-13,1.4999999621068127e-05,1.4999999621068127e-05,1.4999999621068127e-05,1.4000000192027072e-05,11735.0,0.0,0.0,0.044537420818018286
2026-04-14,1.4999999621068127e-05,1.4999999621068127e-05,1.4999999621068127e-05,1.4000000192027072e-05,14568.0,0.0,0.0,0.044537420818018286
2026-04-15,1.4999999621068127e-05,1.4999999621068127e-05,1.4999999621068127e-05,1.4999999621068127e-05,12013.0,0.0,0.0,0.044537420818018286
2026-04-16,1.4999999621068127e-05,1.4999999621068127e-05,1.4999999621068127e-05,1.4999999621068127e-05,10724.0,0.0,0.0,0.044537420818018286
2026-04-17,1.4999999621068127e-05,1.4999999621068127e-05,1.4999999621068127e-05,1.4999999621068127e-05,4010.0,0.0,0.0,0.044537420818018286
2026-04-18,1.4999999621068127e-05,1.4999999621068127e-05,1.4999999621068127e-05,1.4000000192027072e-05,5073.0,0.0,0.0,0.044537420818018286
2026-04-19,1.4999999621068127e-05,1.4999999621068127e-05,1.4999999621068127e-05,1.4999999621068127e-05,2045.0,-0.016666662624467893,0.0,0.044537420818018286
2026-04-20,1.4999999621068127e-05,1.4999999621068127e-05,1.4999999621068127e-05,1.4999999621068127e-05,1262.0,-0.033333325248935786,0.0,0.044537420818018286
2026-04-21,1.4999999621068127e-05,1.4999999621068127e-05,1.4999999621068127e-05,1.4999999621068127e-05,327.0,-0.04999998787340368,0.0,0.044537420818018286
2026-04-22,1.4999999621068127e-05,1.4999999621068127e-05,1.4999999621068127e-05,1.4000000192027072e-05,1500.0,-0.07222220807452652,0.0,0.044537420818018286
2026-04-23,1.4999999621068127e-05,1.4999999621068127e-05,1.4999999621068127e-05,1.4999999621068127e-05,782.0,-0.09444442827564936,0.0,0.044537420818018286
2026-04-24,1.4999999621068127e-05,1.4999999621068127e-05,1.4999999621068127e-05,1.4999999621068127e-05,1730.0,-0.1166666484767722,0.0,0.044537420818018286
2026-04-25,1.4999999621068127e-05,1.4999999621068127e-05,1.4999999621068127e-05,1.4999999621068127e-05,1696.0,-0.13888886867789504,0.0,0.044537420818018286
2026-04-26,1.4999999621068127e-05,1.4999999621068127e-05,1.4999999621068127e-05,1.4999999621068127e-05,617.0,-0.16111108887901787,0.0,0.044537420818018286
2026-04-27,1.4999999621068127e-05,1.4999999621068127e-05,1.4999999621068127e-05,1.4999999621068127e-05,938.0,-0.1833333090801407,0.0,0.044537420818018286
2026-04-28,1.4999999621068127e-05,1.4999999621068127e-05,1.4999999621068127e-05,1.4999999621068127e-05,586.0,-0.20555552928126355,0.0,0.044537420818018286
2026-04-29,1.4999999621068127e-05,1.4999999621068127e-05,1.4999999621068127e-05,1.4999999621068127e-05,3012.0,-0.22222219190573145,-1.0,0.4812700398842575
2026-04-30,1.4999999621068127e-05,1.4999999621068127e-05,1.4999999621068127e-05,1.4999999621068127e-05,207.0,-0.23333330200629288,-1.0,0.4812700398842575
2026-05-01,1.2000000424450263e-05,1.4999999621068127e-05,1.4999999621068127e-05,1.1000000085914508e-05,32352.0,-0.03472224538065133,0.0,0.044537420818018286
2026-05-02,1.2000000424450263e-05,1.2000000424450263e-05,1.2000000424450263e-05,1.2000000424450263e-05,2472.0,-0.02777780514683037,0.0,0.044537420818018286
2026-05-03,1.2000000424450263e-05,1.2000000424450263e-05,1.4000000192027072e-05,1.2000000424450263e-05,20189.0,-0.02083336491300941,0.0,0.044537420818018286
2026-05-04,1.1000000085914508e-05,1.2000000424450263e-05,1.2999999853491316e-05,1.1000000085914508e-05,7113.0,0.08333332644322196,0.0,0.044537420818018286
2026-05-05,1.1000000085914508e-05,1.1000000085914508e-05,1.2999999853491316e-05,1.1000000085914508e-05,2174.0,0.09848483971561584,0.0,0.044537420818018286
2026-05-06,1.1000000085914508e-05,1.1000000085914508e-05,1.2000000424450263e-05,1.1000000085914508e-05,4364.0,0.11363635298800971,0.0,0.044537420818018286
2026-05-07,1.1000000085914508e-05,1.1000000085914508e-05,1.2000000424450263e-05,1.1000000085914508e-05,2287.0,0.1287878662604036,1.0,0.47419253929772426
2026-05-08,1.1000000085914508e-05,1.1000000085914508e-05,1.2000000424450263e-05,1.1000000085914508e-05,1026.0,0.14393937953279745,1.0,0.47419253929772426
2026-05-09,1.1000000085914508e-05,1.1000000085914508e-05,1.1000000085914508e-05,1.1000000085914508e-05,1543.0,0.15909089280519131,1.0,0.47419253929772426
2026-05-10,1.1000000085914508e-05,1.1000000085914508e-05,1.2000000424450263e-05,1.1000000085914508e-05,6882.0,0.16666665288644392,1.0,0.47419253929772426
2026-05-11,1.2000000424450263e-05,1.1000000085914508e-05,1.2000000424450263e-05,1.1000000085914508e-05,3025.0,0.07638884257203055,0.0,0.044537420818018286
2026-05-12,1.2999999853491316e-05,1.2000000424450263e-05,1.4999999621068127e-05,1.2000000424450263e-05,38068.0,-0.006410252822506059,0.0,0.044537420818018286
2026-05-13,1.2999999853491316e-05,1.2999999853491316e-05,1.2999999853491316e-05,1.2999999853491316e-05,7035.0,-0.006410252822506059,0.0,0.044537420818018286
2026-05-14,1.2999999853491316e-05,1.2999999853491316e-05,1.2999999853491316e-05,1.2999999853491316e-05,1319.0,-0.006410252822506059,0.0,0.044537420818018286
2026-05-15,1.2999999853491316e-05,1.2999999853491316e-05,1.2999999853491316e-05,1.2999999853491316e-05,2159.0,-0.006410252822506059,0.0,0.044537420818018286
2026-05-16,1.2999999853491316e-05,1.2999999853491316e-05,1.2999999853491316e-05,1.2999999853491316e-05,3129.0,-0.006410252822506059,0.0,0.044537420818018286
2026-05-17,1.2999999853491316e-05,1.2999999853491316e-05,1.2999999853491316e-05,1.2999999853491316e-05,1745.0,-0.012820505645012118,0.0,0.044537420818018286
2026-05-18,1.2999999853491316e-05,1.2999999853491316e-05,1.2999999853491316e-05,1.2999999853491316e-05,1396.0,-0.019230758467518178,0.0,0.044537420818018286
2026-05-19,1.2999999853491316e-05,1.2999999853491316e-05,1.700000029813964e-05,1.2999999853491316e-05,2364.0,-0.025641011290024236,0.0,0.044537420818018286
2026-05-20,1.2999999853491316e-05,1.2999999853491316e-05,1.2999999853491316e-05,1.2999999853491316e-05,237.0,-0.044871781417731044,0.0,0.044537420818018286
2026-05-21,1.2999999853491316e-05,1.2999999853491316e-05,1.2999999853491316e-05,1.2999999853491316e-05,1651.0,-0.06410255154543786,0.0,0.044537420818018286
2026-05-22,1.2000000424450263e-05,1.2999999853491316e-05,1.2999999853491316e-05,1.2000000424450263e-05,5813.0,-3.789561131561925e-08,0.0,0.044537420818018286
2026-05-23,1.2999999853491316e-05,1.2000000424450263e-05,1.4999999621068127e-05,1.2000000424450263e-05,8929.0,-0.0961538389783454,0.0,0.044537420818018286
2026-05-24,1.2999999853491316e-05,1.2999999853491316e-05,1.4999999621068127e-05,1.2999999853491316e-05,6497.0,-0.1153846091060522,0.0,0.044537420818018286
2026-05-25,1.2999999853491316e-05,1.2999999853491316e-05,1.4000000192027072e-05,1.2999999853491316e-05,1575.0,-0.134615379233759,0.0,0.044537420818018286
2026-05-26,1.2999999853491316e-05,1.2999999853491316e-05,1.2999999853491316e-05,1.2999999853491316e-05,4348.0,-0.1538461493614658,0.0,0.044537420818018286
2026-05-27,1.2999999853491316e-05,1.2999999853491316e-05,1.2999999853491316e-05,1.2999999853491316e-05,1344.0,-0.1730769194891726,0.0,0.044537420818018286
2026-05-28,1.2999999853491316e-05,1.2999999853491316e-05,1.2999999853491316e-05,1.2999999853491316e-05,3298.0,-0.1923076896168794,0.0,0.044537420818018286
2026-05-29,1.2000000424450263e-05,1.2999999853491316e-05,1.2999999853491316e-05,1.2000000424450263e-05,2927.0,-0.13888893099512356,0.0,0.044537420818018286
2026-05-30,1.2000000424450263e-05,1.2000000424450263e-05,1.2000000424450263e-05,1.2000000424450263e-05,1966.0,-0.15277782409463592,0.0,0.044537420818018286
2026-05-31,1.2000000424450263e-05,1.2000000424450263e-05,1.2000000424450263e-05,1.1000000085914508e-05,1180.0,-0.16666671719414827,0.0,0.044537420818018286
2026-06-01,9.999999747378752e-06,1.2000000424450263e-05,1.2000000424450263e-05,9.999999747378752e-06,16364.0,0.0,0.0,0.044537420818018286
2026-06-02,9.999999747378752e-06,9.999999747378752e-06,9.999999747378752e-06,9.999999747378752e-06,4082.0,0.01666667272996482,0.0,0.044537420818018286
2026-06-03,9.999999747378752e-06,9.999999747378752e-06,9.999999747378752e-06,9.999999747378752e-06,5473.0,0.025000009094947245,0.0,0.044537420818018286
2026-06-04,9.999999747378752e-06,9.999999747378752e-06,9.999999747378752e-06,9.999999747378752e-06,7748.0,0.025000009094947245,0.0,0.044537420818018286
2026-06-05,9.999999747378752e-06,9.999999747378752e-06,9.999999747378752e-06,9.999999747378752e-06,5358.0,0.025000009094947245,0.0,0.044537420818018286
2026-06-06,9.999999747378752e-06,9.999999747378752e-06,9.999999747378752e-06,9.999999747378752e-06,841.0,0.025000009094947245,0.0,0.044537420818018286
2026-06-07,9.999999747378752e-06,9.999999747378752e-06,9.999999747378752e-06,9.999999747378752e-06,3135.0,0.025000009094947245,0.0,0.044537420818018286
2026-06-08,9.999999747378752e-06,9.999999747378752e-06,9.999999747378752e-06,9.999999747378752e-06,179.0,0.025000009094947245,0.0,0.044537420818018286
2026-06-09,9.999999747378752e-06,9.999999747378752e-06,9.999999747378752e-06,9.999999747378752e-06,44.0,0.025000009094947245,0.0,0.044537420818018286
2026-06-10,9.999999747378752e-06,9.999999747378752e-06,9.999999747378752e-06,9.999999747378752e-06,474.0,0.025000009094947245,0.0,0.044537420818018286
2026-06-11,9.999999747378752e-06,9.999999747378752e-06,9.999999747378752e-06,9.999999747378752e-06,66.0,0.025000009094947245,0.0,0.044537420818018286
2026-06-12,9.999999747378752e-06,9.999999747378752e-06,9.999999747378752e-06,9.999999747378752e-06,521.0,0.025000009094947245,0.0,0.044537420818018286
2026-06-13,9.999999747378752e-06,9.999999747378752e-06,9.999999747378752e-06,9.999999747378752e-06,57.0,0.025000009094947245,0.0,0.044537420818018286
2026-06-14,1.2000000424450263e-05,9.999999747378752e-06,1.8999999156221747e-05,9.999999747378752e-06,82341.0,-0.15277782409463592,0.0,0.044537420818018286
2026-06-15,1.1000000085914508e-05,1.2000000424450263e-05,1.4000000192027072e-05,9.999999747378752e-06,18715.0,-0.08333336089377863,0.0,0.044537420818018286
2026-06-16,9.999999747378752e-06,1.1000000085914508e-05,1.1000000085914508e-05,9.999999747378752e-06,11299.0,0.008333336364982421,0.0,0.044537420818018286
2026-06-17,9.999999747378752e-06,9.999999747378752e-06,1.1000000085914508e-05,9.999999747378752e-06,9197.0,0.025000009094947245,0.0,0.044537420818018286
2026-06-18,9.999999747378752e-06,9.999999747378752e-06,1.1000000085914508e-05,9.999999747378752e-06,5748.0,0.05000001061077177,0.0,0.044537420818018286
2026-06-19,9.999999747378752e-06,9.999999747378752e-06,1.1000000085914508e-05,9.999999747378752e-06,6185.0,0.0666666833407366,0.0,0.044537420818018286
2026-06-20,9.999999747378752e-06,9.999999747378752e-06,1.2999999853491316e-05,9.999999747378752e-06,5620.0,0.07500001970571901,0.0,0.044537420818018286
2026-06-21,9.999999747378752e-06,9.999999747378752e-06,1.1000000085914508e-05,9.999999747378752e-06,664.0,0.10000002122154354,0.0,0.044537420818018286
2026-06-22,9.999999747378752e-06,9.999999747378752e-06,1.1000000085914508e-05,9.999999747378752e-06,7073.0,0.12500002273736807,0.0,0.044537420818018286
2026-06-23,9.999999747378752e-06,9.999999747378752e-06,9.999999747378752e-06,9.999999747378752e-06,1217.0,0.1500000242531926,1.0,0.47419253929772426
2026-06-24,9.999999747378752e-06,9.999999747378752e-06,9.999999747378752e-06,9.999999747378752e-06,668.0,0.1750000257690171,1.0,0.47419253929772426
2026-06-25,9.999999747378752e-06,9.999999747378752e-06,1.1000000085914508e-05,9.999999747378752e-06,4006.0,0.19166669849898196,1.0,0.47419253929772426
2026-06-26,1.1000000085914508e-05,9.999999747378752e-06,1.2999999853491316e-05,9.999999747378752e-06,15219.0,0.10606059979686844,0.0,0.044537420818018286
2026-06-27,9.999999747378752e-06,1.1000000085914508e-05,1.1000000085914508e-05,9.999999747378752e-06,1109.0,0.24166670153063097,1.0,0.47419253929772426
2026-06-28,9.999999747378752e-06,9.999999747378752e-06,9.999999747378752e-06,9.999999747378752e-06,150.0,0.2750000394114379,1.0,0.47419253929772426
2026-06-29,1.2000000424450263e-05,9.999999747378752e-06,1.2999999853491316e-05,9.000000318337698e-06,102460.0,0.07638885520390098,0.0,0.044537420818018286
2026-06-30,1.2999999853491316e-05,1.2000000424450263e-05,1.5999999959603883e-05,1.1000000085914508e-05,360325.0,-0.006410241162317402,0.0,0.044537420818018286
2026-07-01,1.2000000424450263e-05,1.2999999853491316e-05,1.4000000192027072e-05,1.2000000424450263e-05,39047.0,0.08333329543772194,0.0,0.044537420818018286
2026-07-02,1.1000000085914508e-05,1.2000000424450263e-05,1.2999999853491316e-05,9.999999747378752e-06,31575.0,0.20454544640259562,1.0,0.47419253929772426
2026-07-03,1.2999999853491316e-05,1.1000000085914508e-05,1.4999999621068127e-05,1.1000000085914508e-05,123149.0,0.012820528965389414,0.0,0.044537420818018286
2026-07-04,1.2999999853491316e-05,1.2999999853491316e-05,1.4000000192027072e-05,1.2000000424450263e-05,116983.0,0.006410276142883355,0.0,0.044537420818018286
2026-07-05,1.2999999853491316e-05,1.2999999853491316e-05,1.4000000192027072e-05,1.2000000424450263e-05,101051.0,-0.006410235332223078,0.0,0.044537420818018286
2026-07-06,1.2999999853491316e-05,1.2999999853491316e-05,1.2999999853491316e-05,1.2000000424450263e-05,18972.0,-0.019230746807329512,0.0,0.044537420818018286
2026-07-07,1.2000000424450263e-05,1.2999999853491316e-05,1.4000000192027072e-05,1.2000000424450263e-05,52060.0,0.05555552818650289,0.0,0.044537420818018286
2026-07-08,1.4000000192027072e-05,1.2000000424450263e-05,1.4999999621068127e-05,1.2000000424450263e-05,112643.0,-0.11904762523465769,0.0,0.044537420818018286
2026-07-09,1.2999999853491316e-05,1.4000000192027072e-05,1.4000000192027072e-05,1.2999999853491316e-05,23502.0,-0.0641025457153435,0.0,0.044537420818018286
2026-07-10,1.4000000192027072e-05,1.2999999853491316e-05,1.4000000192027072e-05,1.2999999853491316e-05,25067.0,-0.14880952883649268,0.0,0.044537420818018286
2026-07-11,1.4000000192027072e-05,1.4000000192027072e-05,1.4999999621068127e-05,1.2999999853491316e-05,50268.0,-0.16666667208032546,0.0,0.044537420818018286
2026-07-12,1.2999999853491316e-05,1.4000000192027072e-05,1.4000000192027072e-05,1.2999999853491316e-05,35955.0,-0.12179485609846392,0.0,0.044537420818018286
2026-07-13,1.2999999853491316e-05,1.2999999853491316e-05,1.4000000192027072e-05,1.2999999853491316e-05,120613.0,-0.13461536757357037,0.0,0.044537420818018286
2026-07-14,1.4000000192027072e-05,1.2999999853491316e-05,1.4000000192027072e-05,1.2999999853491316e-05,116632.0,-0.2202381018118238,-1.0,0.4812700398842575
2026-07-15,1.2000000424450263e-05,1.4000000192027072e-05,1.4000000192027072e-05,1.2000000424450263e-05,31098.0,-0.10416669824634267,0.0,0.044537420818018286
2026-07-16,1.2000000424450263e-05,1.2000000424450263e-05,1.2000000424450263e-05,1.1000000085914508e-05,2694.0,-0.125000031579676,0.0,0.044537420818018286
2026-07-17,1.1000000085914508e-05,1.2000000424450263e-05,1.2000000424450263e-05,1.1000000085914508e-05,3552.0,-0.06060606686979817,0.0,0.044537420818018286
2026-07-18,1.1000000085914508e-05,1.1000000085914508e-05,1.2000000424450263e-05,1.1000000085914508e-05,1328.0,-0.07575758014219205,0.0,0.044537420818018286
2026-07-19,1.1000000085914508e-05,1.1000000085914508e-05,1.2000000424450263e-05,1.1000000085914508e-05,664.0,-0.09090909341458593,0.0,0.044537420818018286
2026-07-20,9.999999747378752e-06,1.1000000085914508e-05,1.1000000085914508e-05,9.999999747378752e-06,3225.0,-0.01179904938398709,0.0,0.044537420818018286
2026-07-21,1.1000000085914508e-05,9.999999747378752e-06,1.1000000085914508e-05,9.999999747378752e-06,42863.0,-0.11087512271037717,0.0,0.044537420818018286
2026-07-22,1.1000000085914508e-05,1.1000000085914508e-05,1.1000000085914508e-05,9.999999747378752e-06,68539.0,-0.12196263498141488,0.0,0.044537420818018286
2026-07-23,1.1000000085914508e-05,1.1000000085914508e-05,1.1000000085914508e-05,9.999999747378752e-06,25951.0,-0.13551403886823876,0.0,0.044537420818018286
2026-07-24,9.999999747378752e-06,1.1000000085914508e-05,1.1000000085914508e-05,9.999999747378752e-06,55039.0,-0.055198587718401526,0.0,0.044537420818018286
2026-07-25,1.1000000085914508e-05,9.999999747378752e-06,1.1000000085914508e-05,9.999999747378752e-06,22386.0,-0.16124531840558823,0.0,0.044537420818018286
2026-07-26,9.999999747378752e-06,1.1000000085914508e-05,1.1000000085914508e-05,9.999999747378752e-06,4385.0,-0.09026478968783354,0.0,0.044537420818018286
2026-07-27,9.999999747378752e-06,9.999999747378752e-06,1.1000000085914508e-05,9.999999747378752e-06,13337.0,-0.10831774762540025,0.0,0.044537420818018286
2026-07-28,9.000000318337698e-06,9.999999747378752e-06,9.999999747378752e-06,9.000000318337698e-06,3008.0,-0.011552502348264715,0.0,0.044537420818018286
2026-07-29,9.000000318337698e-06,9.000000318337698e-06,9.999999747378752e-06,9.000000318337698e-06,12991.0,-0.015403336464352954,0.0,0.044537420818018286
2026-07-30,9.000000318337698e-06,9.000000318337698e-06,9.000000318337698e-06,9.000000318337698e-06,779.0,-0.02310500469652943,0.0,0.044537420818018286
2026-07-31,9.000000318337698e-06,9.000000318337698e-06,9.000000318337698e-06,9.000000318337698e-06,245.0,-0.04621000939305886,0.0,0.044537420818018286
2026-08-01,8.58411021908978e-06,8.656884347146843e-06,8.755521776038222e-06,8.482530574838165e-06,568.0,0.0,0.0,0.044537420818018286
