Date,Close,epoch_signal
2005-08-03,7.374548435311182,-1
2005-08-04,7.3852152825401856,-1
2005-08-05,7.251762390236719,-1
2005-08-08,7.224478244881494,-1
2005-08-09,7.232415676216943,-1
2005-08-10,7.086312770943506,-1
2005-08-11,7.045880317787988,-1
2005-08-12,7.186526298622949,-1
2005-08-15,7.044640064339502,1
2005-08-16,7.085568428139551,1
2005-08-17,7.071926593880518,1
2005-08-18,6.945171356301172,1
2005-08-19,6.945420265297754,1
2005-08-22,6.796837329964502,1
2005-08-23,6.935002327065332,1
2005-08-24,7.009169101815088,1
2005-08-25,7.0096659661339356,1
2005-08-26,7.034223556618555,1
2005-08-29,7.155023098091943,1
2005-08-30,7.125753402809961,1
2005-08-31,7.094250679116113,1
2005-09-01,7.100451946358545,1
2005-09-02,7.155023098091943,1
2005-09-06,7.121784687142236,1
2005-09-07,7.314271450142725,1
2005-09-08,7.3271708489464356,1
2005-09-09,7.418950080971582,1
2005-09-12,7.683123588662012,1
2005-09-13,7.7312445641563965,1
2005-09-14,7.515937328438623,1
2005-09-15,7.506510257820947,1
2005-09-16,7.446483612160547,1
2005-09-19,7.535532474617822,1
2005-09-20,7.637729644875391,1
2005-09-21,7.736701965432031,1
2005-09-22,7.723555088143213,1
2005-09-23,7.8225274086998535,1
2005-09-26,7.795738697152002,1
2005-09-27,7.787304401497705,1
2005-09-28,7.590353012184961,1
2005-09-29,7.680146217446191,1
2005-09-30,7.849812984566553,1
2005-10-03,7.904880523781641,1
2005-10-04,7.714377403359277,1
2005-10-05,7.7071852685021,1
2005-10-06,7.757787227730615,1
2005-10-07,7.763740539650781,1
2005-10-10,7.705695629219873,1
2005-10-11,7.592833042244775,1
2005-10-12,7.465583324532373,1
2005-10-13,7.378020286660059,1
2005-10-14,7.345774173836572,1
2005-10-17,7.565547943215234,1
2005-10-18,7.52288293848501,1
2005-10-19,7.657325744728906,1
2005-10-20,7.520898342232568,1
2005-10-21,8.431243896584375,1
2005-10-24,8.648287773232324,1
2005-10-25,8.60512924204336,1
2005-10-26,8.816715240578516,1
2005-10-27,8.757678985695703,1
2005-10-28,8.884432792763574,1
2005-10-31,9.23095989237295,1
2005-11-01,9.41054630289541,1
2005-11-02,9.417990684609277,1
2005-11-03,9.573516845803125,1
2005-11-04,9.68464469919668,1
2005-11-07,9.798748016457422,1
2005-11-08,9.67149829874502,1
2005-11-09,9.404842376808984,1
2005-11-10,9.701264381508691,1
2005-11-11,9.683900833229883,1
2005-11-14,9.846869468788965,1
2005-11-15,9.74343204508291,1
2005-11-16,9.876140594582422,1
2005-11-17,10.00760555277334,1
2005-11-18,9.927238464455469,1
2005-11-21,10.154203415016992,1
2005-11-22,10.33056640635,1
2005-11-23,10.489072799782617,1
2005-11-25,10.631950378517969,1
2005-11-28,10.504453659157617,0
2005-11-29,10.00984001169668,1
2005-11-30,10.043821334938867,1
2005-12-01,10.271533012490137,1
2005-12-02,10.361078262429102,1
2005-12-05,10.067139625649316,0
2005-12-06,10.034645080666406,1
2005-12-07,10.026707649330957,1
2005-12-08,10.18620491037832,-1
2005-12-09,10.15023422251211,-1
2005-12-12,10.234821319680078,-1
2005-12-13,10.355870246987207,-1
2005-12-14,10.392333030800684,-1
2005-12-15,10.481383323769434,1
2005-12-16,10.669902801613672,1
2005-12-19,10.532235145668848,1
2005-12-20,10.6597318650292,1
2005-12-21,10.57514762888418,1
2005-12-22,10.71678352365957,1
2005-12-23,10.689249992470605,1
2005-12-27,10.533225059609277,1
2005-12-28,10.584075927834375,1
2005-12-29,10.421850204567773,1
2005-12-30,10.290632248024805,-1
2006-01-03,10.795912742714746,-1
2006-01-04,11.044209480385645,-1
2006-01-05,11.19304084787832,-1
2006-01-06,11.550731659035547,-1
2006-01-09,11.581486702065332,-1
2006-01-10,11.652432441811426,-1
2006-01-11,11.698817253212793,-1
2006-01-12,11.500375747780664,-1
2006-01-13,11.5653657914208,-1
2006-01-17,11.586697578530176,-1
2006-01-18,11.036026001076563,-1
2006-01-19,10.8261718751,-1
2006-01-20,9.908635139565332,-1
2006-01-23,10.604168892006738,-1
2006-01-24,10.989392280678613,-1
2006-01-25,10.740596771340234,-1
2006-01-26,10.772098541359766,-1
2006-01-27,10.752750396828516,-1
2006-01-30,10.587300300698145,-1
2006-01-31,10.732162475685938,-1
2006-02-01,9.966180801491602,-1
2006-02-02,9.82380199442373,-1
2006-02-03,9.464375496010645,-1
2006-02-06,9.552433967690332,-1
2006-02-07,9.126280784706934,-1
2006-02-08,9.155056953530176,-1
2006-02-09,8.899314880471094,-1
2006-02-10,8.99456787119375,-1
2006-02-13,8.575113296608789,-1
2006-02-14,8.516077995400293,-1
2006-02-15,8.49276065836416,-1
2006-02-16,9.090067863564355,-1
2006-02-17,9.146869659523828,-1
2006-02-21,9.093292236428125,-1
2006-02-22,9.06600570688711,-1
2006-02-23,9.37805461893545,-1
2006-02-24,9.361432075600488,-1
2006-02-27,9.683403968911035,-1
2006-02-28,8.994816780190332,-1
2006-03-01,9.048891067604883,-1
2006-03-02,9.337870597939355,-1
2006-03-03,9.380783081154688,1
2006-03-06,9.13074779520498,1
2006-03-07,9.04020881662832,1
2006-03-08,8.778018951516016,1
2006-03-09,8.508138656716211,1
2006-03-10,8.371711731057031,1
2006-03-13,8.360796928505762,1
2006-03-14,8.710549354653223,1
2006-03-15,8.545348167519434,1
2006-03-16,8.403212547402246,1
2006-03-17,8.428515434365137,1
2006-03-20,8.636877060036523,1
2006-03-21,8.431741714577539,1
2006-03-22,8.439183235268457,1
2006-03-23,8.480608940224512,1
2006-03-24,9.073695182900293,1
2006-03-27,9.170187950234277,1
2006-03-28,9.356472969155176,1
2006-03-29,9.797506332497461,1
2006-03-30,9.635281562905176,1
2006-03-31,9.673979759316309,1
2006-04-03,9.666537284951074,1
2006-04-04,10.029683113198145,1
2006-04-05,10.120221138100488,1
2006-04-06,10.199350357155664,-1
2006-04-07,10.0748291016625,-1
2006-04-10,10.328335762123926,-1
2006-04-11,10.161645889382227,-1
2006-04-12,10.144033432106836,-1
2006-04-13,9.975608825783594,-1
2006-04-17,10.091200828652246,-1
2006-04-18,10.027202606301172,-1
2006-04-19,10.18248176584707,-1
2006-04-20,10.29410457621084,-1
2006-04-21,10.842296600441797,-1
2006-04-24,10.9266357422875,-1
2006-04-25,10.595735550026758,-1
2006-04-26,10.566218376259668,-1
2006-04-27,10.418874740700586,-1
2006-04-28,10.36703109751211,-1
2006-05-01,9.894742965798242,-1
2006-05-02,9.79304313669668,-1
2006-05-03,9.77741527567373,-1
2006-05-04,9.791803360085352,-1
2006-05-05,9.7806396485375,-1
2006-05-08,9.792546272377832,-1
2006-05-09,10.140314102272852,-1
2006-05-10,9.995948791603906,-1
2006-05-11,9.599563598732813,-1
2006-05-12,9.280323028664453,-1
2006-05-15,9.331666946511133,-1
2006-05-16,9.210123062233789,-1
2006-05-17,9.289499282936914,-1
2006-05-18,9.202434539894922,-1
2006-05-19,9.178374290566309,0
2006-05-22,9.201441764931543,0
2006-05-23,9.316289901833398,0
2006-05-24,9.45693588266836,0
2006-05-25,9.50009536753164,0
2006-05-26,9.459413528542383,0
2006-05-30,9.225998878579004,0
2006-05-31,9.223023414711816,1
2006-06-01,9.490917205910547,1
2006-06-02,9.412035942177637,1
2006-06-05,9.28801155100332,1
2006-06-06,9.673730850319727,1
2006-06-07,9.587408065895898,1
2006-06-08,9.755834579567773,1
2006-06-09,9.588897705178125,1
2006-06-12,9.464129448037012,1
2006-06-13,9.587657928566797,1
2006-06-14,9.534820556740625,1
2006-06-15,9.698783874611719,1
2006-06-16,9.691343307595117,1
2006-06-19,9.627839088539941,1
2006-06-20,9.603779792885645,1
2006-06-21,9.974863052468164,1
2006-06-22,9.920787811379297,1
2006-06-23,10.042581558327539,1
2006-06-26,10.026707649330957,0
2006-06-27,9.979575157265527,0
2006-06-28,10.073589325051172,0
2006-06-29,10.36380672464834,0
2006-06-30,10.401512146096094,0
2006-07-03,10.497507095436914,-1
2006-07-05,10.454345703225,-1
2006-07-06,10.497259140114648,-1
2006-07-07,10.429293632607324,-1
2006-07-10,10.373480796913965,-1
2006-07-11,10.531243324379785,-1
2006-07-12,10.349918365578516,-1
2006-07-13,10.141057014565332,-1
2006-07-14,10.008848190407617,-1
2006-07-17,10.1177396775292,-1
2006-07-18,9.997684478859766,-1
2006-07-19,9.897224426369531,-1
2006-07-20,9.602540969948633,-1
2006-07-21,9.676706314186914,-1
2006-07-24,9.696303367714746,-1
2006-07-25,9.658103942971094,-1
2006-07-26,9.562355041603906,-1
2006-07-27,9.48546028147207,-1
2006-07-28,9.627345085244043,-1
2006-07-31,9.589641571144922,-1
2006-08-01,9.314553260903223,-1
2006-08-02,9.10916805277334,-1
2006-08-03,9.311574936013086,-1
2006-08-04,9.273377418618066,-1
2006-08-07,9.375077247719629,-1
2006-08-08,9.450733184914453,-1
2006-08-09,9.350024223427637,-1
2006-08-10,9.28205680857168,1
2006-08-11,9.140670776467188,1
2006-08-14,9.163738250832422,0
2006-08-15,9.449987411599023,0
2006-08-16,9.617424965004785,0
2006-08-17,9.569798469643457,1
2006-08-18,9.509272575478418,1
2006-08-21,9.358954429726465,1
2006-08-22,9.38351058969961,1
2006-08-23,9.262958526711328,1
2006-08-24,9.270401001076563,1
2006-08-25,9.25874137888418,1
2006-08-28,9.449493408303125,1
2006-08-29,9.399881363015039,1
2006-08-30,9.444531440834863,1
2006-08-31,9.38946533213125,1
2006-09-01,9.39120101938711,1
2006-09-05,9.534078598122461,1
2006-09-06,9.429401397805078,1
2006-09-07,9.388471603493555,1
2006-09-08,9.37259578714834,1
2006-09-11,9.52738094339834,1
2006-09-12,9.72110652933584,1
2006-09-13,10.08499813089834,1
2006-09-14,10.02075481424795,1
2006-09-15,10.167104721169336,1
2006-09-18,10.286416053871973,1
2006-09-19,10.016536712746484,1
2006-09-20,9.847613334755762,1
2006-09-21,10.091943740944727,1
2006-09-22,10.015791893105371,1
2006-09-25,10.02075481424795,1
2006-09-26,10.092439651589258,1
2006-09-27,9.99445915232168,1
2006-09-28,10.010830879311426,1
2006-09-29,9.969159126381738,1
2006-10-02,9.957749366860254,1
2006-10-03,10.022241592507227,1
2006-10-04,10.311469078163965,1
2006-10-05,10.214977264504297,1
2006-10-06,10.430532455544336,1
2006-10-09,10.641375541787012,1
2006-10-10,10.583083152870996,1
2006-10-11,10.579362869362695,1
2006-10-12,10.602681160073145,1
2006-10-13,10.599207878212793,1
2006-10-16,10.461540222267969,1
2006-10-17,10.434006691079004,1
2006-10-18,10.401015281777246,1
2006-10-19,10.568449020485742,1
2006-10-20,11.402146339516504,1
2006-10-23,11.92578411112295,1
2006-10-24,11.740489959816797,0
2006-10-25,12.070148468117578,0
2006-10-26,12.032941818337305,-1
2006-10-27,11.787371635537012,-1
2006-10-30,11.8213529587792,-1
2006-10-31,11.816889762978418,-1
2006-11-01,11.596370697121484,-1
2006-11-02,11.656152725319727,1
2006-11-03,11.703033447365625,1
2006-11-06,11.830779075722559,1
2006-11-07,11.722134590248926,-1
2006-11-08,11.78240966806875,-1
2006-11-09,11.72362232218252,-1
2006-11-10,11.746441841225488,-1
2006-11-13,11.931983947853906,-1
2006-11-14,12.137124061684473,-1
2006-11-15,12.202361106972559,-1
2006-11-16,12.300835609536035,-1
2006-11-17,12.372523307900293,-1
2006-11-20,12.27975082407461,-1
2006-11-21,12.641904831032617,-1
2006-11-22,12.601223945717676,-1
2006-11-24,12.526562690834863,-1
2006-11-27,12.024260521035059,-1
2006-11-28,12.142083168129785,-1
2006-11-29,12.021777153115137,-1
2006-11-30,12.025749206642969,-1
2006-12-01,11.926279068093164,-1
2006-12-04,12.026740074257715,-1
2006-12-05,12.080070495705469,-1
2006-12-06,12.122488021950586,-1
2006-12-07,11.971920013527734,-1
2006-12-08,12.008384704689844,-1
2006-12-11,12.003918647866113,-1
2006-12-12,11.95058822641836,-1
2006-12-13,11.881382942299707,-1
2006-12-14,11.959022522072656,-1
2006-12-15,11.913875579933984,-1
2006-12-18,11.479788780312402,-1
2006-12-19,11.62440013895498,1
2006-12-20,11.482267379860742,1
2006-12-21,11.31607437143789,1
2006-12-22,11.30069351206289,1
2006-12-26,11.349066734413965,1
2006-12-27,11.609518051247461,1
2006-12-28,11.473834037880762,1
2006-12-29,11.422240257363184,1
2007-01-03,11.598604202370508,1
2007-01-04,11.987298965554102,-1
2007-01-05,12.084784507851465,-1
2007-01-08,11.995237350563867,-1
2007-01-09,12.042862892250879,-1
2007-01-10,12.141091346840723,-1
2007-01-11,12.395591735939844,-1
2007-01-12,12.526562690834863,-1
2007-01-16,12.508702278237207,-1
2007-01-17,12.335067749123438,-1
2007-01-18,12.100659370522363,-1
2007-01-19,12.148284912209375,-1
2007-01-22,11.92726993570791,-1
2007-01-23,11.8828706742333,-1
2007-01-24,12.379467964272363,-1
2007-01-25,12.107108116249902,-1
2007-01-26,12.299346923928125,-1
2007-01-29,12.215755462746484,-1
2007-01-30,12.26164436350332,-1
2007-01-31,12.439743042092188,-1
2007-02-01,11.949845314125879,-1
2007-02-02,11.943643570046289,-1
2007-02-05,11.587936401467188,-1
2007-02-06,11.69509506235586,-1
2007-02-07,11.6586332322167,-1
2007-02-08,11.683934211830957,-1
2007-02-09,11.457216262917383,-1
2007-02-12,11.36791706095205,-1
2007-02-13,11.388009071450098,-1
2007-02-14,11.557428360085352,-1
2007-02-15,11.446796417336328,-1
2007-02-16,11.656895637612207,-1
2007-02-20,11.710474968056543,-1
2007-02-21,11.803741455178125,-1
2007-02-22,11.80349349985586,-1
2007-02-23,11.673762321572168,-1
2007-02-26,11.532622337441309,-1
2007-02-27,11.1317720414208,-1
2007-02-28,11.148638725380762,-1
2007-03-01,11.118377685646875,-1
2007-03-02,10.881488800148828,-1
2007-03-05,10.937796592812402,-1
2007-03-06,11.349559784035547,-1
2007-03-07,11.302183151345117,0
2007-03-08,11.279361724953516,0
2007-03-09,11.23570442209707,0
2007-03-12,11.280107498268945,0
2007-03-13,10.989392280678613,0
2007-03-14,11.1126708985375,0
2007-03-15,11.067776680092676,0
2007-03-16,10.93531608591543,1
2007-03-19,11.093574524025781,1
2007-03-20,11.045201301674707,1
2007-03-21,11.32475757608877,1
2007-03-22,11.460936546425684,1
2007-03-23,11.455727577309473,1
2007-03-26,11.534358978371484,1
2007-03-27,11.500128746132715,1
2007-03-28,11.456968307595117,1
2007-03-29,11.433154106240137,1
2007-03-30,11.364691734413965,1
2007-04-02,11.373870849709375,1
2007-04-03,11.722877502541406,1
2007-04-04,11.683683395485742,1
2007-04-05,11.695840835671289,1
2007-04-09,11.613984108071191,1
2007-04-10,11.571566581826074,1
2007-04-11,11.522701263527734,1
2007-04-12,11.593643188576563,1
2007-04-13,11.566357612709863,1
2007-04-16,11.764303207497461,1
2007-04-17,11.727840423683984,1
2007-04-18,11.807461738686426,1
2007-04-19,11.699312210183008,1
2007-04-20,11.967951774697168,1
2007-04-23,11.883614540200098,1
2007-04-24,11.84516716013418,1
2007-04-25,11.85657787332998,1
2007-04-26,11.93570613871084,1
2007-04-27,11.881877899269922,0
2007-04-30,11.692615509133203,0
2007-05-01,11.63357925425039,0
2007-05-02,11.553705215554102,0
2007-05-03,11.738506317238672,0
2007-05-04,11.686165809731348,0
2007-05-07,11.590667724709375,1
2007-05-08,11.579257011513574,1
2007-05-09,11.639781952004297,1
2007-05-10,11.446796417336328,1
2007-05-11,11.577519416909082,1
2007-05-14,11.454487800698145,1
2007-05-15,11.360723495583398,1
2007-05-16,11.723126411537988,1
2007-05-17,11.682196617226465,1
2007-05-18,11.66632080088125,1
2007-05-21,11.673266410927637,1
2007-05-22,11.803741455178125,1
2007-05-23,11.756860733132227,1
2007-05-24,11.765789985756738,1
2007-05-25,11.993749618630273,1
2007-05-29,12.08280086527334,1
2007-05-30,12.36780834207998,1
2007-05-31,12.350693702797754,1
2007-06-01,12.412458419899805,1
2007-06-04,12.577908516030176,0
2007-06-05,12.869864463906152,0
2007-06-06,12.855229377846582,0
2007-06-07,12.776100158791406,0
2007-06-08,12.78676700602041,0
2007-06-11,12.683825492958887,0
2007-06-12,12.520855903725488,0
2007-06-13,12.532516479592188,0
2007-06-14,12.472983360390527,0
2007-06-15,12.548639297585352,0
2007-06-18,12.779574394326074,0
2007-06-19,12.757498741249902,0
2007-06-20,12.649843216042383,0
2007-06-21,12.75253677378164,-1
2007-06-22,13.02216625223623,-1
2007-06-25,13.082693100075586,-1
2007-06-26,13.153138160805566,-1
2007-06-27,13.05466079721914,-1
2007-06-28,13.022910118203027,0
2007-06-29,12.96561050425039,-1
2007-07-02,13.156113624672754,-1
2007-07-03,13.254342079262598,-1
2007-07-05,13.435172081093652,-1
2007-07-06,13.37985610971914,-1
2007-07-09,13.458240509133203,-1
2007-07-10,13.47758960733877,-1
2007-07-11,13.50561809549795,-1
2007-07-12,13.526949882607324,-1
2007-07-13,13.696369171242578,-1
2007-07-16,13.716957092385156,-1
2007-07-17,13.766817092995508,-1
2007-07-18,13.630388259987695,-1
2007-07-19,13.60781478891836,-1
2007-07-20,12.90161418924795,-1
2007-07-23,12.712847709755762,-1
2007-07-24,12.74980640421377,-1
2007-07-25,12.644635200600488,-1
2007-07-26,12.60097885141836,-1
2007-07-27,12.697469711403711,-1
2007-07-30,12.802146911721094,-1
2007-07-31,12.65058708200918,-1
2007-08-01,12.72351360331045,-1
2007-08-02,12.675640106301172,-1
2007-08-03,12.476951599221094,-1
2007-08-06,12.65058708200918,-1
2007-08-07,12.799915313820703,-1
2007-08-08,13.042011261086328,-1
2007-08-09,12.767913818459375,-1
2007-08-10,12.793217659096582,-1
2007-08-13,12.78701400766836,-1
2007-08-14,12.615860939125879,1
2007-08-15,12.341764450173242,1
2007-08-16,12.19218921671377,1
2007-08-17,12.403528213600977,1
2007-08-20,12.350943565468652,1
2007-08-21,12.566496849160059,1
2007-08-22,12.718801498513086,1
2007-08-23,12.704911232094629,1
2007-08-24,12.774612426857813,0
2007-08-27,12.731451988320215,0
2007-08-28,12.56128978739248,0
2007-08-29,12.722024917702539,1
2007-08-30,12.685314178566797,1
2007-08-31,12.780815124611719,1
2007-09-04,13.026383400063379,1
2007-09-05,13.092116355995996,1
2007-09-06,12.98595142374502,1
2007-09-07,12.882514953713281,1
2007-09-10,12.761714935402734,1
2007-09-11,12.931628227333887,1
2007-09-12,12.964369773964746,1
2007-09-13,13.017206192116602,1
2007-09-14,13.115682602028711,1
2007-09-17,13.030106544594629,1
2007-09-18,13.277411460976465,1
2007-09-19,13.564653396706445,1
2007-09-20,13.712987899880273,1
2007-09-21,13.893321991066797,1
2007-09-24,14.089777946572168,1
2007-09-25,14.11408519754873,1
2007-09-26,14.093249321083887,1
2007-09-27,14.076879501442773,1
2007-09-28,14.071172714333398,1
2007-10-01,14.450194358925684,1
2007-10-02,14.495837211708887,1
2007-10-03,14.486659050087793,1
2007-10-04,14.362881660561426,1
2007-10-05,14.735453605751855,1
2007-10-08,15.12166976938711,1
2007-10-09,15.259584426979883,1
2007-10-10,15.51284408579336,1
2007-10-11,15.428754806618555,1
2007-10-12,15.810506820778711,1
2007-10-15,15.381874084572656,1
2007-10-16,15.279925346474512,1
2007-10-17,15.713516235451563,1
2007-10-18,15.865823745827539,1
2007-10-19,15.992077827553613,1
2007-10-22,16.141899108986717,1
2007-10-23,16.762521743874412,1
2007-10-24,16.76376152048574,-1
2007-10-25,16.58243942270742,-1
2007-10-26,16.733503341774803,-1
2007-10-29,16.848352432350975,-1
2007-10-30,17.23381996164785,-1
2007-10-31,17.537187576393944,-1
2007-11-01,17.44317626963125,-1
2007-11-02,17.642608642678123,-1
2007-11-05,17.99979782114492,-1
2007-11-06,18.400156021218162,-1
2007-11-07,18.180633545021873,-1
2007-11-08,17.210750579933983,-1
2007-11-09,16.46982383738027,1
2007-11-12,15.678543090920313,1
2007-11-13,16.384992599587303,1
2007-11-14,15.916918754677637,1
2007-11-15,15.618513107399805,1
2007-11-16,15.717240333657129,1
2007-11-19,15.524256706337793,1
2007-11-20,16.08708381662832,1
2007-11-21,16.384246826271873,1
2007-11-23,16.785593032936912,-1
2007-11-26,16.520181655983787,-1
2007-11-27,16.707952499489647,-1
2007-11-28,17.17155838022695,-1
2007-11-29,17.289134979348045,-1
2007-11-30,17.18991470346914,-1
2007-12-03,16.90539741526113,-1
2007-12-04,16.970638275246483,-1
2007-12-05,17.326591491799217,-1
2007-12-06,17.742076873879295,-1
2007-12-07,17.73240280161367,-1
2007-12-10,17.820461273293358,-1
2007-12-11,17.343708038430076,-1
2007-12-12,17.347429275612694,-1
2007-12-13,17.21596336374746,-1
2007-12-14,17.114511489968162,-1
2007-12-17,16.600297927956444,-1
2007-12-18,16.702493667702537,-1
2007-12-19,16.802211761574608,-1
2007-12-20,17.107812881569725,-1
2007-12-21,17.281442642311912,-1
2007-12-24,17.381658554177147,-1
2007-12-26,17.6324405671166,-1
2007-12-27,17.381908416848045,-1
2007-12-28,17.426309585671287,-1
2007-12-31,17.152212143044334,-1
2008-01-02,16.996185302834373,-1
2008-01-03,16.999660492043358,-1
2008-01-04,16.29693031321035,-1
2008-01-07,16.10469627390371,-1
2008-01-08,15.668867111306055,-1
2008-01-09,16.20267105112539,-1
2008-01-10,16.042184829811912,-1
2008-01-11,15.83183765421377,-1
2008-01-14,16.21805381784902,-1
2008-01-15,15.816954612831934,-1
2008-01-16,15.278684616188867,-1
2008-01-17,14.902640342812402,-1
2008-01-18,14.889244079689844,-1
2008-01-22,14.494842529396875,-1
2008-01-23,13.60855770121084,-1
2008-01-24,14.250267028908594,-1
2008-01-25,14.049593925576074,-1
2008-01-28,13.791125297646387,-1
2008-01-29,13.65569019327627,-1
2008-01-30,13.59987735758291,-1
2008-01-31,13.997502327065332,-1
2008-02-01,12.796935081581934,-1
2008-02-04,12.289177894692285,-1
2008-02-05,12.571211814980371,-1
2008-02-06,12.444951057534082,-1
2008-02-07,12.525321006874902,-1
2008-02-08,12.816533088784082,-1
2008-02-11,12.927411079506738,-1
2008-02-12,12.8512601853417,-1
2008-02-13,13.2612886429833,-1
2008-02-14,13.20250129709707,-1
2008-02-15,13.137758255104883,-1
2008-02-19,12.624542236428125,-1
2008-02-20,12.62578296671377,-1
2008-02-21,12.473478317360742,-1
2008-02-22,12.59601879129873,-1
2008-02-25,12.066179275612695,-1
2008-02-26,11.514267921547754,-1
2008-02-27,11.729325294594629,1
2008-02-28,11.792084694008691,-1
2008-02-29,11.687654495339258,1
2008-03-03,11.33641529093252,1
2008-03-04,11.028335571389063,1
2008-03-05,11.105231285195215,1
2008-03-06,10.733154296975,1
2008-03-07,10.749279975991113,1
2008-03-10,10.259875297646387,1
2008-03-11,10.910263061623438,1
2008-03-12,10.91869831095205,1
2008-03-13,10.98889446268545,1
2008-03-14,10.862635612587793,1
2008-03-17,10.41490650187002,1
2008-03-18,10.89339542398916,1
2008-03-19,10.715790748696191,1
2008-03-20,10.754240989785059,1
2008-03-24,11.424224853615625,1
2008-03-25,11.181631088356836,1
2008-03-26,11.365437507729395,1
2008-03-27,11.015437126259668,1
2008-03-28,10.866606712441309,1
2008-03-31,10.925890922646387,1
2008-04-01,11.551970481972559,1
2008-04-02,11.551721572975977,1
2008-04-03,11.289283752541406,1
2008-04-04,11.68542194376455,1
2008-04-07,11.827555656533105,1
2008-04-08,11.6040620804833,1
2008-04-09,11.514267921547754,1
2008-04-10,11.635563850502832,1
2008-04-11,11.347079277138574,1
2008-04-14,11.203457832436426,1
2008-04-15,11.08389949808584,1
2008-04-16,11.287052154641016,1
2008-04-17,11.150872230629785,1
2008-04-18,13.380105018715723,1
2008-04-21,13.339919090370996,1
2008-04-22,13.766817092995508,1
2008-04-23,13.55572509775625,1
2008-04-24,13.470148086647852,1
2008-04-25,13.49544906626211,1
2008-04-28,13.695379257302148,1
2008-04-29,13.852889061074121,-1
2008-04-30,14.245305061440332,-1
2008-05-01,14.711392402748926,-1
2008-05-02,14.418941497902734,-1
2008-05-05,14.756538391213281,-1
2008-05-06,14.544702530007227,-1
2008-05-07,14.362135887245996,-1
2008-05-08,14.4616060257958,-1
2008-05-09,14.218266487221582,-1
2008-05-12,14.509479522805078,-1
2008-05-13,14.461358070473535,-1
2008-05-14,14.295164108376367,-1
2008-05-15,14.411747932534082,-1
2008-05-16,14.388679504494531,-1
2008-05-19,14.325424194435938,-1
2008-05-20,14.352214813332422,-1
2008-05-21,13.642541885475977,-1
2008-05-22,13.62939453135,-1
2008-05-23,13.509339332680566,-1
2008-05-27,13.913166046242578,-1
2008-05-28,14.095234871010645,-1
2008-05-29,14.461358070473535,-1
2008-05-30,14.53081226358877,-1
2008-06-02,14.26291561136709,-1
2008-06-03,14.071918487648828,-1
2008-06-04,14.19395923624502,-1
2008-06-05,14.543214798073633,-1
2008-06-06,14.064476013283594,-1
2008-06-09,13.838006019692285,-1
2008-06-10,13.746228218178613,-1
2008-06-11,13.523726463417871,-1
2008-06-12,13.715964317421777,-1
2008-06-13,14.176346778969629,-1
2008-06-16,14.20859432230459,-1
2008-06-17,14.125496864418848,-1
2008-06-18,13.94987678537832,-1
2008-06-19,13.895801544289453,-1
2008-06-20,13.55423641214834,-1
2008-06-23,13.52397346506582,-1
2008-06-24,13.451790809731348,-1
2008-06-25,13.667594909767969,-1
2008-06-26,13.117420196633203,-1
2008-06-27,13.098814964394434,-1
2008-06-30,13.057886123757227,-1
2008-07-01,13.264017105202539,-1
2008-07-02,13.073265075783594,-1
2008-07-03,13.320323944191797,-1
2008-07-07,13.491724968056543,-1
2008-07-08,13.755156517128809,-1
2008-07-09,13.433186531166895,-1
2008-07-10,13.408876419167383,-1
2008-07-11,13.240947723488672,-1
2008-07-14,12.938820839028223,-1
2008-07-15,12.801651001076563,-1
2008-07-16,13.285597801308496,-1
2008-07-17,13.232017517189844,-1
2008-07-18,11.939178466896875,-1
2008-07-21,11.628618240456445,-1
2008-07-22,11.834748268227441,-1
2008-07-23,12.135137558083398,-1
2008-07-24,11.797789573769434,-1
2008-07-25,12.203600883583887,0
2008-07-28,11.834997177224023,0
2008-07-29,11.983579635720117,-1
2008-07-30,11.973410606484277,1
2008-07-31,11.75140380869375,1
2008-08-01,11.605299949745996,1
2008-08-04,11.484749794106348,1
2008-08-05,11.902714729409082,-1
2008-08-06,12.063700676064355,-1
2008-08-07,11.884607315163477,-1
2008-08-08,12.278759002785547,-1
2008-08-11,12.423373222451074,-1
2008-08-12,12.467279434304102,-1
2008-08-13,12.403279304604395,-1
2008-08-14,12.538717269997461,-1
2008-08-15,12.654308319191797,-1
2008-08-18,12.360366821389063,-1
2008-08-19,12.166889190773828,-1
2008-08-20,12.030460357766016,-1
2008-08-21,12.06840991983877,-1
2008-08-22,12.169119834999902,-1
2008-08-25,11.981097221474512,-1
2008-08-26,11.761573791603906,-1
2008-08-27,11.623161316017969,-1
2008-08-28,11.752147674660547,-1
2008-08-29,11.491944313149316,-1
2008-09-02,11.540560722451074,-1
2008-09-03,11.519722938637598,-1
2008-09-04,11.168732643227441,-1
2008-09-05,11.019652366738184,-1
2008-09-08,10.416889190773828,-1
2008-09-09,10.384892463784082,-1
2008-09-10,10.273268699745996,-1
2008-09-11,10.759201049904688,-1
2008-09-12,10.856185913185938,-1
2008-09-15,10.76192855844961,-1
2008-09-16,10.986910820107324,-1
2008-09-17,10.281454086403711,-1
2008-09-18,10.891411781411035,1
2008-09-19,11.14119815836416,1
2008-09-22,10.669652938942773,1
2008-09-23,10.64807415018545,1
2008-09-24,10.792936325173242,1
2008-09-25,10.904311180214746,1
2008-09-26,10.691980362038477,1
2008-09-29,9.450733184914453,1
2008-09-30,9.934926986794336,-1
2008-10-01,10.21274471292959,-1
2008-10-02,9.686131477455957,-1
2008-10-03,9.597330093483789,-1
2008-10-06,9.207890510659082,-1
2008-10-07,8.582803726296289,-1
2008-10-08,8.38684368143545,-1
2008-10-09,8.160374641518457,-1
2008-10-10,8.235283851723535,-1
2008-10-13,9.4512300492333,-1
2008-10-14,8.997048378090723,-1
2008-10-15,8.41313648233877,-1
2008-10-16,8.756688118080957,-1
2008-10-17,9.24088191996084,-1
2008-10-20,9.409059524636133,-1
2008-10-21,8.998041153054102,-1
2008-10-22,8.822421074013574,-1
2008-10-23,8.739324569802148,-1
2008-10-24,8.41611385355459,-1
2008-10-27,8.173022270302637,-1
2008-10-28,9.146869659523828,-1
2008-10-29,8.88021469126211,-1
2008-10-30,8.922137260537012,-1
2008-10-31,8.91395092020498,-1
2008-11-03,8.594709396462305,-1
2008-11-04,9.101972580056055,-1
2008-11-05,8.489286422829492,-1
2008-11-06,8.215935707192285,-1
2008-11-07,8.21395206461416,-1
2008-11-10,7.907360553841455,-1
2008-11-11,7.725788116555078,-1
2008-11-12,7.218276500801904,-1
2008-11-13,7.741167068581445,-1
2008-11-14,7.690068245034082,-1
2008-11-17,7.444499492745264,-1
2008-11-18,7.3775248528526856,-1
2008-11-19,6.949885368447168,1
2008-11-20,6.438404083351953,1
2008-11-21,6.5095953942345215,1
2008-11-24,6.385818004708154,1
2008-11-25,6.996270656685693,1
2008-11-26,7.24531364450918,1
2008-11-28,7.266894340615137,1
2008-12-01,6.597900867562158,1
2008-12-02,6.824123382668359,1
2008-12-03,6.9312825203941895,1
2008-12-04,6.805023670296533,1
2008-12-05,7.044393062691553,1
2008-12-08,7.493860721688135,1
2008-12-09,7.589609146218164,1
2008-12-10,7.66030216227041,1
2008-12-11,7.446978569130762,1
2008-12-12,7.832449913124902,1
2008-12-15,7.7061920167015625,-1
2008-12-16,8.06859302530752,1
2008-12-17,7.819550037484033,1
2008-12-18,7.6965179444359375,1
2008-12-19,7.693789482216699,1
2008-12-22,7.369834900002344,1
2008-12-23,7.39240837107168,1
2008-12-24,7.5146965981529785,1
2008-12-26,7.450451850991113,1
2008-12-29,7.3775248528526856,1
2008-12-30,7.518664836983545,1
2008-12-31,7.631280899147852,1
2009-01-02,7.970366478066309,1
2009-01-05,8.137304306130273,1
2009-01-06,8.286381721596582,1
2009-01-07,7.9874796868370606,1
2009-01-08,8.066362381081445,1
2009-01-09,7.815335273842676,1
2009-01-12,7.756298542122705,1
2009-01-13,7.796730995278223,1
2009-01-14,7.465583324532373,1
2009-01-15,7.416468143563135,1
2009-01-16,7.433335781197412,1
2009-01-20,7.01363468180166,1
2009-01-21,7.517921447853906,1
2009-01-22,7.602755069832666,1
2009-01-23,8.054207801918848,1
2009-01-26,8.033617973427637,1
2009-01-27,8.222384452919824,1
2009-01-28,8.648785591225488,1
2009-01-29,8.516077995400293,1
2009-01-30,8.397261619667871,1
2009-02-02,8.44786262522207,1
2009-02-03,8.444887161354883,1
2009-02-04,8.508138656716211,1
2009-02-05,8.77405071268545,1
2009-02-06,9.209627151589258,1
2009-02-09,9.395419120888574,1
2009-02-10,8.892867088417871,1
2009-02-11,8.881209373574121,1
2009-02-12,9.005480766396387,1
2009-02-13,8.872278213600977,1
2009-02-17,8.499706268410547,1
2009-02-18,8.758918762307031,1
2009-02-19,8.499211311440332,-1
2009-02-20,8.593717575173242,1
2009-02-23,8.187164306740625,-1
2009-02-24,8.568913459877832,1
2009-02-25,8.474405288796289,1
2009-02-26,8.36377239237295,1
2009-02-27,8.383867263893945,1
2009-03-02,8.115225792031152,1
2009-03-03,8.073555946450098,1
2009-03-04,7.910833835701807,1
2009-03-05,7.581422329048975,1
2009-03-06,7.65410041819082,1
2009-03-09,7.215548992256982,1
2009-03-10,7.644179821114404,1
2009-03-11,7.885781288246973,1
2009-03-12,8.02518367777334,1
2009-03-13,8.047261238198145,1
2009-03-16,7.929934024910791,1
2009-03-17,8.318133354287012,1
2009-03-18,8.262571334938867,1
2009-03-19,8.184186935524805,1
2009-03-20,8.189642906288965,1
2009-03-23,8.647048950295313,1
2009-03-24,8.611577034096582,1
2009-03-25,8.53468132029043,1
2009-03-26,8.763384819130762,1
2009-03-27,8.624723434548242,1
2009-03-30,8.500450134377344,1
2009-03-31,8.63365364084707,1
2009-04-01,8.783227920632227,1
2009-04-02,8.991840362648828,1
2009-04-03,9.172419548134668,1
2009-04-06,9.1342191697167,1
2009-04-07,8.896339416603906,1
2009-04-08,8.979436874489648,1
2009-04-09,9.239889144997461,1
2009-04-13,9.379045486550195,1
2009-04-14,9.150838852028711,1
2009-04-15,9.413524627785547,1
2009-04-16,9.642723083596094,1
2009-04-17,9.729541778664453,1
2009-04-20,9.408564567665918,1
2009-04-21,9.462392807106836,1
2009-04-22,9.521675109963281,1
2009-04-23,9.54226303110586,1
2009-04-24,9.661328315834863,1
2009-04-27,9.573516845803125,1
2009-04-28,9.51795482645498,1
2009-04-29,9.710441589455469,1
2009-04-30,9.822064399819238,1
2009-05-01,9.765510559182031,1
2009-05-04,9.971142768959863,1
2009-05-05,9.996197700600488,1
2009-05-06,10.008102417092188,1
2009-05-07,9.83793830881582,1
2009-05-08,10.103850364785059,1
2009-05-11,10.119974136452539,1
2009-05-12,9.897472381691797,1
2009-05-13,9.662567138771875,1
2009-05-14,9.61196517954336,1
2009-05-15,9.673979759316309,1
2009-05-18,9.843645095925195,1
2009-05-19,9.894248962502344,1
2009-05-20,9.852080345253809,1
2009-05-21,9.835210800270898,1
2009-05-22,9.760794639687402,1
2009-05-26,10.03017807016836,1
2009-05-27,10.059946060280664,1
2009-05-28,10.180001258950098,1
2009-05-29,10.349419593911035,1
2009-06-01,10.580852508644922,-1
2009-06-02,10.626492500405176,-1
2009-06-03,10.707108497719629,-1
2009-06-04,10.921175956826074,-1
2009-06-05,11.021389961342676,-1
2009-06-08,10.883722305397852,-1
2009-06-09,10.805585861306055,-1
2009-06-10,10.730673790078027,-1
2009-06-11,10.641375541787012,-1
2009-06-12,10.538186073403223,-1
2009-06-15,10.33800983438955,-1
2009-06-16,10.31890869150625,-1
2009-06-17,10.298073768715723,-1
2009-06-18,10.27078914652334,-1
2009-06-19,10.420363426308496,-1
2009-06-22,10.104347229103906,-1
2009-06-23,10.062922477822168,-1
2009-06-24,10.15246868143545,1
2009-06-25,10.31320571909414,-1
2009-06-26,10.550094604592188,-1
2009-06-29,10.520822525124414,-1
2009-06-30,10.457569122414453,-1
2009-07-01,10.393078804116113,-1
2009-07-02,10.132622718911035,1
2009-07-06,10.160406112770898,1
2009-07-07,9.8384370804833,1
2009-07-08,9.983792305092676,1
2009-07-09,10.179753303627832,1
2009-07-10,10.279223442177637,1
2009-07-13,10.52479362497793,1
2009-07-14,10.534467697243555,1
2009-07-15,10.8688383103417,1
2009-07-16,10.978726387123926,1
2009-07-17,10.672384262184961,1
2009-07-20,10.670397758583887,1
2009-07-21,10.614089965920313,1
2009-07-22,10.608882904152734,1
2009-07-23,10.848250389199121,1
2009-07-24,11.080924034218652,1
2009-07-27,11.033296585183008,0
2009-07-28,10.910511016945703,1
2009-07-29,10.820964813332422,1
2009-07-30,11.054131507973535,1
2009-07-31,10.989885330300195,1
2009-08-03,11.217103004555566,1
2009-08-04,11.254805564980371,1
2009-08-05,11.190561294655664,1
2009-08-06,11.17121410379873,1
2009-08-07,11.338399887184961,1
2009-08-10,11.326245308022363,1
2009-08-11,11.260014534096582,1
2009-08-12,11.375109672646387,1
2009-08-13,11.466890335183008,1
2009-08-14,11.410335540871484,1
2009-08-17,11.035529136757715,1
2009-08-18,11.045201301674707,1
2009-08-19,11.01270866404043,1
2009-08-20,11.420504570107324,1
2009-08-21,11.540311813454492,1
2009-08-24,11.62688159952627,0
2009-08-25,11.692366600136621,0
2009-08-26,11.60877513895498,0
2009-08-27,11.560653686623438,0
2009-08-28,11.528156280617578,0
2009-08-31,11.451756477455957,0
2009-09-01,11.305159568886621,1
2009-09-02,11.236948013405664,1
2009-09-03,11.34881591806875,1
2009-09-04,11.442580223183496,1
2009-09-08,11.376102447609766,1
2009-09-09,11.508809089760645,1
2009-09-10,11.68170166025625,1
2009-09-11,11.711467743019922,1
2009-09-14,11.78538703928457,1
2009-09-15,11.845413208107813,1
2009-09-16,12.112068176369531,1
2009-09-17,12.197149276833398,0
2009-09-18,12.19070053110586,0
2009-09-21,12.328120231728418,0
2009-09-22,12.379219055275781,1
2009-09-23,12.364336013893945,1
2009-09-24,12.322416305641992,1
2009-09-25,12.216001510720117,1
2009-09-28,12.366072654824121,1
2009-09-29,12.366072654824121,1
2009-09-30,12.299595832924707,1
2009-10-01,12.085030555825098,1
2009-10-02,12.020042419533594,1
2009-10-05,12.11777400980459,1
2009-10-06,12.371282577614648,1
2009-10-07,12.837617874245508,1
2009-10-08,12.754273414711816,1
2009-10-09,12.805619239907129,1
2009-10-12,12.998849868874414,1
2009-10-13,13.050196647744043,1
2009-10-14,13.278651237587793,1
2009-10-15,13.144454956154688,0
2009-10-16,13.639069557289941,0
2009-10-19,13.694632530312402,-1
2009-10-20,13.685454368691309,-1
2009-10-21,13.670076370339258,-1
2009-10-22,13.744241714577539,-1
2009-10-23,13.734320640663965,-1
2009-10-26,13.74721908579336,-1
2009-10-27,13.600374221901758,-1
2009-10-28,13.402180671791895,-1
2009-10-29,13.668835640053613,1
2009-10-30,13.29849624643789,1
2009-11-02,13.245661735634668,1
2009-11-03,13.327518463234766,1
2009-11-04,13.402925491433008,1
2009-11-05,13.609304428200586,1
2009-11-06,13.670076370339258,1
2009-11-09,13.95310115824209,1
2009-11-10,14.05852222452627,1
2009-11-11,14.152782440285547,1
2009-11-12,14.085559845070703,1
2009-11-13,14.189741134743555,0
2009-11-16,14.29466438303457,0
2009-11-17,14.324681282143457,-1
2009-11-18,14.30384635935293,-1
2009-11-19,14.213059425454004,-1
2009-11-20,14.137898445229395,-1
2009-11-23,14.445233345131738,-1
2009-11-24,14.463590622048242,-1
2009-11-25,14.52932357798086,-1
2009-11-27,14.380989074807031,-1
2009-11-30,14.461358070473535,-1
2009-12-01,14.631768226723535,-1
2009-12-02,14.573225975136621,-1
2009-12-03,14.52932357798086,-1
2009-12-04,14.511214256386621,-1
2009-12-07,14.541975021462305,0
2009-12-08,14.56181812296377,0
2009-12-09,14.610685348610742,-1
2009-12-10,14.672200203041895,-1
2009-12-11,14.647642135720117,-1
2009-12-14,14.77712631235586,-1
2009-12-15,14.71288013468252,-1
2009-12-16,14.827479362587793,-1
2009-12-17,14.7327241898583,-1
2009-12-18,14.79423999796377,-1
2009-12-21,14.850300788979395,-1
2009-12-22,14.910825729470117,-1
2009-12-23,15.172767639260156,-1
2009-12-24,15.34144115457998,-1
2009-12-28,15.450334549050195,-1
2009-12-29,15.364264488320215,-1
2009-12-30,15.446861267189844,-1
2009-12-31,15.37864875803457,-1
2010-01-04,15.546579361061914,-1
2010-01-05,15.478116989235742,-1
2010-01-06,15.087932586769922,-1
2010-01-07,14.7366943360375,-1
2010-01-08,14.933150291542871,-1
2010-01-11,14.910576820473535,-1
2010-01-12,14.64690113077627,-1
2010-01-13,14.562811851601465,-1
2010-01-14,14.63127326975332,-1
2010-01-15,14.386942863564355,-1
2010-01-19,14.575957298378809,-1
2010-01-20,14.397111892800195,-1
2010-01-21,14.460861206154688,-1
2010-01-22,13.643037796120508,-1
2010-01-25,13.394739151100977,-1
2010-01-26,13.454768180947168,-1
2010-01-27,13.446828842263086,-1
2010-01-28,13.253104209999902,-1
2010-01-29,13.145198822121484,-1
2010-02-01,13.221599578957422,-1
2010-02-02,13.174470901589258,-1
2010-02-03,13.415079116921289,0
2010-02-04,13.066816330056055,0
2010-02-05,13.178688049416406,0
2010-02-08,13.232763290505273,0
2010-02-09,13.306432724099023,0
2010-02-10,13.257072448830469,0
2010-02-11,13.305440902809961,0
2010-02-12,13.224081039528711,0
2010-02-16,13.426987648110254,0
2010-02-17,13.350337982277734,0
2010-02-18,13.474611282448633,0
2010-02-19,13.413591384987695,0
2010-02-22,13.464195251564844,0
2010-02-23,13.272449493508203,0
2010-02-24,13.183151245217188,1
2010-02-25,13.058135986428125,1
2010-02-26,13.06731128702627,1
2010-03-01,13.213414192299707,0
2010-03-02,13.42103385935293,1
2010-03-03,13.526702880959375,-1
2010-03-04,13.756645202736719,-1
2010-03-05,13.995268821816309,-1
2010-03-08,13.952356338600977,1
2010-03-09,13.895554542641504,1
2010-03-10,14.298884391884668,-1
2010-03-11,14.415220260720117,-1
2010-03-12,14.375531196694238,-1
2010-03-15,13.969720840554102,-1
2010-03-16,14.019827842812402,-1
2010-03-17,14.02875804911123,-1
2010-03-18,14.049593925576074,-1
2010-03-19,13.890840530495508,-1
2010-03-22,13.828826904396875,-1
2010-03-23,13.617984771828516,-1
2010-03-24,13.824610710244043,-1
2010-03-25,13.962279319863184,-1
2010-03-26,13.957566261391504,-1
2010-03-29,13.951614379982813,-1
2010-03-30,14.057284355263574,-1
2010-03-31,14.067451477150781,-1
2010-04-01,14.109125137429102,-1
2010-04-05,14.163944244484766,-1
2010-04-06,14.094738006691797,-1
2010-04-07,13.978650093178613,-1
2010-04-08,14.076631546120508,-1
2010-04-09,14.045129776100977,-1
2010-04-12,14.206611633400781,-1
2010-04-13,14.5548734665917,-1
2010-04-14,14.610188484291895,-1
2010-04-15,14.766460418801172,-1
2010-04-16,13.646512031655176,-1
2010-04-19,13.645270347695215,-1
2010-04-20,13.767807960610254,-1
2010-04-21,13.749451637368066,-1
2010-04-22,13.569864273171289,-1
2010-04-23,13.518515586953027,-1
2010-04-26,13.187368393044336,-1
2010-04-27,13.123374939064844,-1
2010-04-28,13.126598358254297,-1
2010-04-29,13.196298599343164,-1
2010-04-30,13.040026664833887,-1
2010-05-03,13.161571502785547,-1
2010-05-04,12.560544967751367,-1
2010-05-05,12.644635200600488,-1
2010-05-06,12.369544983010156,-1
2010-05-07,12.232372284035547,-1
2010-05-10,12.939566612343652,-1
2010-05-11,12.627021789650781,-1
2010-05-12,12.536236763100488,-1
2010-05-13,12.672416687111719,-1
2010-05-14,12.589319229225977,-1
2010-05-17,12.60023307810293,-1
2010-05-18,12.362103462319238,-1
2010-05-19,12.264373779396875,-1
2010-05-20,11.7826566697167,-1
2010-05-21,11.709233284096582,-1
2010-05-24,11.835989952187402,-1
2010-05-25,11.833755493264063,-1
2010-05-26,11.794069290261133,-1
2010-05-27,12.165897369484766,-1
2010-05-28,12.046086311440332,-1
2010-06-01,11.96522045145498,-1
2010-06-02,12.238079071144922,-1
2010-06-03,12.541444778542383,-1
2010-06-04,12.370786666970117,-1
2010-06-07,12.043357849221094,-1
2010-06-08,12.025003433327539,-1
2010-06-09,11.758098602394922,-1
2010-06-10,12.080317497353418,-1
2010-06-11,12.117279052834375,-1
2010-06-14,11.985563278298242,-1
2010-06-15,12.352677345375879,-1
2010-06-16,12.434039116005762,-1
2010-06-17,12.404521942238672,-1
2010-06-18,12.403279304604395,-1
2010-06-21,12.118765831093652,-1
2010-06-22,12.061467170815332,-1
2010-06-23,11.957284927468164,-1
2010-06-24,11.784890174965723,-1
2010-06-25,11.724860191445215,1
2010-06-28,11.709978103737695,1
2010-06-29,11.267951965432031,1
2010-06-30,11.037016868691309,1
2010-07-01,10.901580810646875,1
2010-07-02,10.828654289345605,1
2010-07-06,10.81674861917959,1
2010-07-07,11.167243957619531,1
2010-07-08,11.325000763039453,1
2010-07-09,11.596122741799219,1
2010-07-12,11.802997589211328,1
2010-07-13,12.134641647438867,1
2010-07-14,12.187726020912988,1
2010-07-15,12.254201889138086,1
2010-07-16,11.40065860758291,1
2010-07-19,11.563629150490625,1
2010-07-20,11.94587516794668,1
2010-07-21,11.84442138681875,1
2010-07-22,12.025749206642969,1
2010-07-23,12.155974388222559,1
2010-07-26,12.128937721352441,0
2010-07-27,12.219722747902734,0
2010-07-28,12.014337539772852,-1
2010-07-29,12.030210495095117,-1
2010-07-30,12.026740074257715,-1
2010-08-02,12.164655685524805,-1
2010-08-03,12.150267601113184,-1
2010-08-04,12.559305191140039,-1
2010-08-05,12.603456497292383,-1
2010-08-06,12.407995224099023,-1
2010-08-09,12.535243034462793,-1
2010-08-10,12.4945650101708,-1
2010-08-11,12.197647094826563,-1
2010-08-12,12.204343795876367,-1
2010-08-13,12.063949585060938,-1
2010-08-16,12.04509449015127,-1
2010-08-17,12.167383194069727,1
2010-08-18,11.95976734171377,1
2010-08-19,11.60802936563955,1
2010-08-20,11.460439682106836,1
2010-08-23,11.511290550331934,1
2010-08-24,11.196761131386621,1
2010-08-25,11.27688217173086,1
2010-08-26,11.186592102150781,1
2010-08-27,11.38131332407461,1
2010-08-30,11.229008674721582,1
2010-08-31,11.162778854470117,1
2010-09-01,11.41851806650625,1
2010-09-02,11.489214897255762,1
2010-09-03,11.665824890236719,1
2010-09-07,11.519475936989648,1
2010-09-08,11.672771453957422,1
2010-09-09,11.81167984018789,1
2010-09-10,11.810686111550195,1
2010-09-13,11.962742805580957,1
2010-09-14,11.91710090647207,1
2010-09-15,11.922309875588281,1
2010-09-16,11.932729721169336,1
2010-09-17,12.158205032448633,1
2010-09-20,12.607921600441797,1
2010-09-21,12.736412048439844,1
2010-09-22,12.799416542153223,1
2010-09-23,12.736907959084375,1
2010-09-24,13.079465866188867,1
2010-09-27,13.156859397988184,0
2010-09-28,13.076489448647363,0
2010-09-29,13.089388847451074,0
2010-09-30,13.04226017008291,0
2010-10-01,13.038043022255762,1
2010-10-04,12.956930160622461,1
2010-10-05,13.350833892922266,1
2010-10-06,13.25459098825918,1
2010-10-07,13.146936416725977,1
2010-10-08,13.30420207987295,1
2010-10-11,13.36596393595205,1
2010-10-12,13.429218292336328,1
2010-10-13,13.476595878701074,1
2010-10-14,13.417810440163477,1
2010-10-15,14.919010162453516,1
2010-10-18,15.322340965370996,1
2010-10-19,15.077268600563867,-1
2010-10-20,15.080989837746484,-1
2010-10-21,15.18045711527334,-1
2010-10-22,15.193852424721582,-1
2010-10-25,15.292326927285059,-1
2010-10-26,15.344416618447168,-1
2010-10-27,15.291583061318262,-1
2010-10-28,15.343921661476953,-1
2010-10-29,15.22287368784414,-1
2010-11-01,15.255120277504785,-1
2010-11-02,15.270003318886621,-1
2010-11-03,15.383610725502832,-1
2010-11-04,15.485062599282129,-1
2010-11-05,15.505154609780176,-1
2010-11-08,15.547074318032129,-1
2010-11-09,15.49870491037832,-1
2010-11-10,15.45058536539541,-1
2010-11-11,15.309441566567285,-1
2010-11-12,14.964652061562402,-1
2010-11-15,14.770676612954004,0
2010-11-16,14.479217529396875,0
2010-11-17,14.47499942789541,0
2010-11-18,14.797712326149805,0
2010-11-19,14.655580520729883,0
2010-11-22,14.665253639321191,-1
2010-11-23,14.4616060257958,-1
2010-11-24,14.758275032143457,0
2010-11-26,14.634992599587305,0
2010-11-29,14.43928051004873,0
2010-11-30,13.784427642922266,0
2010-12-01,13.998744011025293,0
2010-12-02,14.184036254982813,0
2010-12-03,14.213306427101953,0
2010-12-06,14.346261024575098,0
2010-12-07,14.56404972086416,0
2010-12-08,14.648387909035547,0
2010-12-09,14.672200203041895,0
2010-12-10,14.689812660317285,0
2010-12-13,14.749591827492578,0
2010-12-14,14.756786346535547,0
2010-12-15,14.642433166603906,0
2010-12-16,14.677409172158105,0
2010-12-17,14.654836654763086,0
2010-12-20,14.760505676369531,0
2010-12-21,14.95919418344961,0
2010-12-22,15.019224166970117,0
2010-12-23,14.987967491249902,0
2010-12-27,14.9420804978417,0
2010-12-28,14.856253624062402,0
2010-12-29,14.907849311928613,0
2010-12-30,14.854765892128809,0
2010-12-31,14.733469009499414,0
2011-01-03,14.990946769814355,0
2011-01-04,14.935628891091211,0
2011-01-05,15.108025550942285,0
2011-01-06,15.217911720375879,0
2011-01-07,15.290838241677148,-1
2011-01-10,15.235525131325586,-1
2011-01-11,15.280173301796777,-1
2011-01-12,15.301505088906152,-1
2011-01-13,15.297040939431055,-1
2011-01-14,15.482831001381738,-1
2011-01-18,15.866068840126855,-1
2011-01-19,15.670605659584863,-1
2011-01-20,15.547074318032129,-1
2011-01-21,15.17648696909414,-1
2011-01-24,15.157882690529688,-1
2011-01-25,15.376912117104395,-1
2011-01-26,15.292326927285059,-1
2011-01-27,15.299521446328027,-1
2011-01-28,14.907601356606348,-1
2011-01-31,14.891975402932031,-1
2011-02-01,15.156892776589258,-1
2011-02-02,15.180705070595605,0
2011-02-03,15.134815216164453,0
2011-02-04,15.155404090981348,0
2011-02-07,15.237508773903711,0
2011-02-08,15.338959694008691,0
2011-02-09,15.292326927285059,0
2011-02-10,15.290838241677148,-1
2011-02-11,15.490768432717188,-1
2011-02-14,15.581306457619531,-1
2011-02-15,15.482085228066309,-1
2011-02-16,15.483821868996484,-1
2011-02-17,15.509618759255273,-1
2011-02-18,15.629179954628809,-1
2011-02-22,15.13630485544668,-1
2011-02-23,15.163835525612695,-1
2011-02-24,15.101824760537012,-1
2011-02-25,15.132086753945215,-1
2011-02-28,15.215433120827539,-1
2011-03-01,14.901895523171289,-1
2011-03-02,14.902640342812402,-1
2011-03-03,15.120179176430566,-1
2011-03-04,14.89842414865957,-1
2011-03-07,14.676169395546777,-1
2011-03-08,14.692292213539941,-1
2011-03-09,14.678897857766016,-1
2011-03-10,14.394384384255273,-1
2011-03-11,14.305334091286523,-1
2011-03-14,14.13864517221914,-1
2011-03-15,14.12797737131582,-1
2011-03-16,13.8189058304833,-1
2011-03-17,13.92457389841543,-1
2011-03-18,13.917133331398828,-1
2011-03-21,14.300125122170313,-1
2011-03-22,14.320464134316309,-1
2011-03-23,14.440521240334375,-1
2011-03-24,14.55785083780752,-1
2011-03-25,14.3804931641625,-1
2011-03-28,14.27184772501455,-1
2011-03-29,14.429856300454004,-1
2011-03-30,14.432583808998926,-1
2011-03-31,14.554625511269434,-1
2011-04-01,14.679641723732813,-1
2011-04-04,14.577445983986719,-1
2011-04-05,14.11631965647207,-1
2011-04-06,14.242576599221094,-1
2011-04-07,14.386942863564355,-1
2011-04-08,14.341300010781152,-1
2011-04-11,14.32170581827627,-1
2011-04-12,14.154022216896875,-1
2011-04-13,14.29466438303457,-1
2011-04-14,14.349983215432031,-1
2011-04-15,13.16405200968252,-1
2011-04-18,13.068305015663965,-1
2011-04-19,12.936589241127832,-1
2011-04-20,13.040771484475,-1
2011-04-21,13.025144577126367,-1
2011-04-25,13.023902893166406,-1
2011-04-26,13.216639518837793,-1
2011-04-27,13.3391752244042,1
2011-04-28,13.344385147194727,1
2011-04-29,13.496439933876855,1
2011-05-02,13.35901927957998,1
2011-05-03,13.243181228737695,1
2011-05-04,13.290308952431543,-1
2011-05-05,13.252605438332422,-1
2011-05-06,13.278156280617578,-1
2011-05-09,13.337190628151758,-1
2011-05-10,13.460721016030176,-1
2011-05-11,13.281876564125879,-1
2011-05-12,13.271955490212305,-1
2011-05-13,13.135527610878809,-1
2011-05-16,12.859445571999414,-1
2011-05-17,13.158099174599512,-1
2011-05-18,13.141975402932031,-1
2011-05-19,13.177695274453027,-1
2011-05-20,12.998602867226465,-1
2011-05-23,12.8587007523583,-1
2011-05-24,12.855477333168848,-1
2011-05-25,12.890454292397363,-1
2011-05-26,12.852252006630762,-1
2011-05-27,12.920963287453516,-1
2011-05-31,13.122379303078516,-1
2011-06-01,13.037548065285547,-1
2011-06-02,13.098567009072168,-1
2011-06-03,12.97503662119375,-1
2011-06-06,12.924930572609766,-1
2011-06-07,12.874577522377832,-1
2011-06-08,12.878049850563867,-1
2011-06-09,12.817524910073145,-1
2011-06-10,12.638431549172266,-1
2011-06-13,12.519865036110742,-1
2011-06-14,12.610157013039453,-1
2011-06-15,12.47571086893545,-1
2011-06-16,12.411715507607324,1
2011-06-17,12.030957222084863,1
2011-06-20,12.020042419533594,1
2011-06-21,12.228900909523828,1
2011-06-22,12.080317497353418,1
2011-06-23,11.911893844704492,1
2011-06-24,11.77943229685293,1
2011-06-27,11.975887298683984,1
2011-06-28,12.245023727516992,1
2011-06-29,12.342260360817773,1
2011-06-30,12.560791969399316,1
2011-07-01,12.924186706642969,1
2011-07-05,13.207212448220117,1
2011-07-06,13.279644012551172,1
2011-07-07,13.558452606301172,1
2011-07-08,13.196049690346582,1
2011-07-11,13.079217910866602,1
2011-07-12,13.246158599953516,1
2011-07-13,13.351577758889063,1
2011-07-14,13.12039566050039,1
2011-07-15,14.824007034401758,1
2011-07-18,14.757530212502344,-1
2011-07-19,14.94629955301748,-1
2011-07-20,14.7677001954125,-1
2011-07-21,15.05643081675039,-1
2011-07-22,15.335241317849023,-1
2011-07-25,15.353842735390527,-1
2011-07-26,15.441655159096582,-1
2011-07-27,15.062135696511133,-1
2011-07-28,15.154411316017969,-1
2011-07-29,14.97457504282461,-1
2011-08-01,15.050972938637598,-1
2011-08-02,14.694525718788965,-1
2011-08-03,14.912065506081445,-1
2011-08-04,14.325424194435938,-1
2011-08-05,14.363129615883691,-1
2011-08-08,13.544066429238184,-1
2011-08-09,14.22347641001211,-1
2011-08-10,13.618232727150781,-1
2011-08-11,13.94367504129873,-1
2011-08-12,13.984354972939355,-1
2011-08-15,13.822132110695703,-1
2011-08-16,13.369935035805566,-1
2011-08-17,13.224825859169824,-1
2011-08-18,12.523585319619043,-1
2011-08-19,12.177306175331934,1
2011-08-22,12.357142448525293,1
2011-08-23,12.869366645912988,0
2011-08-24,12.980245590309961,0
2011-08-25,12.899630546669824,0
2011-08-26,13.068800926308496,0
2011-08-29,13.371918678383691,0
2011-08-30,13.412102699379785,0
2011-08-31,13.41855239878164,0
2011-09-01,13.208700180153711,0
2011-09-02,13.018695831398828,0
2011-09-06,12.952713966469629,-1
2011-09-07,13.246651649575098,-1
2011-09-08,13.269720077614648,-1
2011-09-09,13.018941879372461,-1
2011-09-12,13.149665832619531,-1
2011-09-13,13.134783744912012,-1
2011-09-14,13.19803524027334,-1
2011-09-15,13.458240509133203,-1
2011-09-16,13.56043815622793,-1
2011-09-19,13.560188293557031,-1
2011-09-20,13.559197425942285,-1
2011-09-21,13.374895095925195,-1
2011-09-22,12.915008545021875,-1
2011-09-23,13.03531265268789,-1
2011-09-26,13.193571090798242,1
2011-09-27,13.378368377785547,1
2011-09-28,13.117914199929102,1
2011-09-29,13.084674835305078,1
2011-09-30,12.775605201821191,1
2011-10-03,12.291409492592676,1
2011-10-04,12.449665069680078,1
2011-10-05,12.519119262795313,1
2011-10-06,12.767420768837793,1
2011-10-07,12.777589798073633,1
2011-10-10,13.324542045693262,1
2011-10-11,13.473618507485254,1
2011-10-12,13.605581283669336,1
2011-10-13,13.865789413552148,1
2011-10-14,14.676665306191309,1
2011-10-17,14.446722984413965,1
2011-10-18,14.647642135720117,1
2011-10-19,14.404305458168848,1
2011-10-20,14.47797679911123,1
2011-10-21,14.647148132424219,1
2011-10-24,14.79423999796377,1
2011-10-25,14.465326309304102,1
2011-10-26,14.543460846047266,1
2011-10-27,14.850052833657129,1
2011-10-28,14.886517524819238,1
2011-10-31,14.700478553871973,0
2011-11-01,14.353455543618066,0
2011-11-02,14.506501197914941,1
2011-11-03,14.821029663185938,1
2011-11-04,14.787296295266016,1
2011-11-07,15.089669227700098,1
2011-11-08,15.189139366249902,1
2011-11-09,14.906608581642969,1
2011-11-10,14.761004448037012,1
2011-11-11,15.090167045693262,1
2011-11-14,15.205510139565332,1
2011-11-15,15.293815612892969,1
2011-11-16,15.167557716469629,1
2011-11-17,14.904624939064844,1
2011-11-18,14.756041526894434,1
2011-11-21,14.410259246926172,1
2011-11-22,14.386942863564355,1
2011-11-23,14.141620636086328,1
2011-11-25,13.965255737404688,1
2011-11-28,14.590096473793848,1
2011-11-29,14.45962142954336,1
2011-11-30,14.867912292580469,1
2011-12-01,15.224611282448633,1
2011-12-02,15.388075828652246,1
2011-12-05,15.519295692543848,0
2011-12-06,15.472661018471582,0
2011-12-07,15.463233947853906,0
2011-12-08,15.281166076760156,0
2011-12-09,15.56319808969961,0
2011-12-12,15.51284408579336,0
2011-12-13,15.51879596720205,0
2011-12-14,15.33127212534414,0
2011-12-15,15.367733001808984,1
2011-12-16,15.526983261208398,1
2011-12-19,15.424537658791406,1
2011-12-20,15.636375427346094,1
2011-12-21,15.523510933022363,1
2011-12-22,15.619754791359766,0
2011-12-23,15.705082893471582,0
2011-12-27,15.881448745827539,-1
2011-12-28,15.867803573708398,-1
2011-12-29,15.934781074623926,-1
2011-12-30,16.021596908669334,-1
2012-01-03,16.505544662575584,-1
2012-01-04,16.57673645029531,-1
2012-01-05,16.3467903138207,-1
2012-01-06,16.123790741066795,-1
2012-01-09,15.440165519814355,-1
2012-01-10,15.457032203774316,-1
2012-01-11,15.526983261208398,-1
2012-01-12,15.618267059426172,-1
2012-01-13,15.502922058205469,-1
2012-01-17,15.591973304848535,-1
2012-01-18,15.699378967385156,-1
2012-01-19,15.864580154518945,-1
2012-01-20,14.535523414711816,-1
2012-01-23,14.523866653542383,-1
2012-01-24,14.41001033792959,0
2012-01-25,14.126241684059961,0
2012-01-26,14.091761589150293,0
2012-01-27,14.386446952919824,0
2012-01-30,14.329644203286035,1
2012-01-31,14.389670372109277,1
2012-02-01,14.407530784706934,1
2012-02-02,14.51369571695791,-1
2012-02-03,14.792008400063379,0
2012-02-06,15.108521461586816,0
2012-02-07,15.050972938637598,-1
2012-02-08,15.127373695473535,0
2012-02-09,15.167309761147363,0
2012-02-10,15.029641151528223,0
2012-02-13,15.18566608438955,0
2012-02-14,15.125140190224512,0
2012-02-15,15.020957946877344,0
2012-02-16,15.04477310190664,0
2012-02-17,14.998138427834375,0
2012-02-21,15.230315208535059,0
2012-02-22,15.079996109108789,0
2012-02-23,15.034603118996484,0
2012-02-24,15.128612518410547,0
2012-02-27,15.113981247048242,0
2012-02-28,15.339208603005273,0
2012-02-29,15.335737228493555,0
2012-03-01,15.438677787880762,0
2012-03-02,15.410152435402734,-1
2012-03-05,15.236515045266016,-1
2012-03-06,15.00607681284414,-1
2012-03-07,15.051718711953027,1
2012-03-08,15.060152053933008,1
2012-03-09,14.889244079689844,1
2012-03-12,15.01078987131582,1
2012-03-13,15.324076652626855,1
2012-03-14,15.27967643747793,1
2012-03-15,15.407175064186914,1
2012-03-16,15.504162788491113,1
2012-03-19,15.725919723610742,0
2012-03-20,15.713766098122461,0
2012-03-21,15.87475299845205,-1
2012-03-22,16.02531814585195,-1
2012-03-23,15.939492225746973,-1
2012-03-26,16.106674194435936,-1
2012-03-27,16.04937934885488,-1
2012-03-28,16.26617622385488,-1
2012-03-29,16.0838565827416,-1
2012-03-30,15.906003952126367,-1
2012-04-02,16.046901702980858,-1
2012-04-03,15.940235138039453,-1
2012-04-04,15.754941940407617,-1
2012-04-05,15.684743881325586,-1
2012-04-09,15.64803409586416,-1
2012-04-10,15.549308776955469,-1
2012-04-11,15.77503490457998,-1
2012-04-12,16.14835166941152,-1
2012-04-13,15.493247985939844,-1
2012-04-16,15.033610344033105,-1
2012-04-17,15.120429039101465,-1
2012-04-18,15.067841529946191,-1
2012-04-19,14.865678787331445,-1
2012-04-20,14.785311699013574,-1
2012-04-23,14.823511123757227,-1
2012-04-24,14.914546966652734,-1
2012-04-25,15.124149322609766,-1
2012-04-26,15.266778946022852,-1
2012-04-27,15.254623413185938,-1
2012-04-30,15.003348350624902,-1
2012-05-01,14.99293041239248,-1
2012-05-02,15.063129425148828,-1
2012-05-03,15.156394958596094,-1
2012-05-04,14.807884216408594,-1
2012-05-07,15.070321083168848,-1
2012-05-08,15.200300216774805,-1
2012-05-09,15.110010147194727,-1
2012-05-10,15.221882820229395,-1
2012-05-11,15.012775421242578,-1
2012-05-14,14.982264518837793,-1
2012-05-15,15.158629417519434,-1
2012-05-16,15.600654602150781,-1
2012-05-17,15.454801559548242,-1
2012-05-18,14.892966270546777,-1
2012-05-21,15.233044624428613,-1
2012-05-22,14.902887344460352,-1
2012-05-23,15.11769962320791,-1
2012-05-24,14.973830223183496,-1
2012-05-25,14.672944069008691,-1
2012-05-29,14.742646217446191,-1
2012-05-30,14.59108829508291,-1
2012-05-31,14.40827465067373,-1
2012-06-01,14.163200378517969,-1
2012-06-04,14.351964950661523,-1
2012-06-05,14.149060249428613,1
2012-06-06,14.401082992653711,1
2012-06-07,14.343037605385645,1
2012-06-08,14.398106575112207,0
2012-06-11,14.1016845704125,0
2012-06-12,14.017348289589746,0
2012-06-13,13.917879104714258,0
2012-06-14,13.867276191811426,0
2012-06-15,14.002711296181543,1
2012-06-18,14.1599760056542,1
2012-06-19,14.424894332985742,1
2012-06-20,14.325178146462305,1
2012-06-21,14.020074844460352,1
2012-06-22,14.175601959328516,1
2012-06-25,13.908205032448633,1
2012-06-26,14.006928444008691,1
2012-06-27,14.121527671913965,1
2012-06-28,13.997750282387598,1
2012-06-29,14.388679504494531,0
2012-07-02,14.398600578408105,0
2012-07-03,14.58116626749502,0
2012-07-05,14.781837463478906,0
2012-07-06,14.535276413063867,0
2012-07-09,14.53602123270498,0
2012-07-10,14.429110527138574,-1
2012-07-11,14.168408393959863,-1
2012-07-12,14.150797844033105,-1
2012-07-13,14.300620079140527,1
2012-07-16,14.260932922463281,1
2012-07-17,14.305830001931055,1
2012-07-18,14.405795097451074,1
2012-07-19,14.710896492104395,1
2012-07-20,15.151433944802148,1
2012-07-23,15.267770767311914,1
2012-07-24,15.070818901162012,1
2012-07-25,15.081235885720117,1
2012-07-26,15.214439392189844,1
2012-07-27,15.750228881935938,1
2012-07-30,15.684248924355371,1
2012-07-31,15.70086669931875,1
2012-08-01,15.693674087624414,1
2012-08-02,15.59618854532705,1
2012-08-03,15.908238411049707,1
2012-08-06,15.945196151833398,1
2012-08-07,15.888642311196191,1
2012-08-08,15.930561065773828,1
2012-08-09,15.933538436989648,1
2012-08-10,15.924859047036035,1
2012-08-13,16.371595382790428,1
2012-08-14,16.586158752541404,1
2012-08-15,16.558380127053123,1
2012-08-16,16.690589904885154,1
2012-08-17,16.796506881813865,0
2012-08-20,16.75681686411367,0
2012-08-21,16.60724639902578,-1
2012-08-22,16.797496795754295,1
2012-08-23,16.7880744935082,1
2012-08-24,16.833467483620506,1
2012-08-27,16.600049972634178,1
2012-08-28,16.799238205056053,1
2012-08-29,17.06613540659414,1
2012-08-30,16.90912055979238,1
2012-08-31,16.993705749611717,1
2012-09-04,16.89324951181875,1
2012-09-05,16.88530921946035,1
2012-09-06,17.34866905222402,1
2012-09-07,17.5161018372582,1
2012-09-10,17.382652282814842,1
2012-09-11,17.169824600319725,1
2012-09-12,17.13733100901113,1
2012-09-13,17.513376236061912,1
2012-09-14,17.603662490944725,1
2012-09-17,17.61110496530996,1
2012-09-18,17.816986084084373,1
2012-09-19,18.04569053659902,1
2012-09-20,18.061067581276756,-1
2012-09-21,18.20667266855703,-1
2012-09-24,18.588424682717186,-1
2012-09-25,18.582969665627342,-1
2012-09-26,18.68963050852285,-1
2012-09-27,18.765037536721092,-1
2012-09-28,18.715425491433006,-1
2012-10-01,18.896007537941795,-1
2012-10-02,18.77718925486074,-1
2012-10-03,18.913871765236717,-1
2012-10-04,19.051536560158592,-1
2012-10-05,19.041616439919334,-1
2012-10-08,18.798276901345115,-1
2012-10-09,18.457204818825584,-1
2012-10-10,18.468864441017967,-1
2012-10-11,18.640514373879295,-1
2012-10-12,18.473577499489647,-1
2012-10-15,18.38006591806875,-1
2012-10-16,18.472335815529686,-1
2012-10-17,18.739982605080467,-1
2012-10-18,17.239524841408592,-1
2012-10-19,16.911848068337303,-1
2012-10-22,16.83445930490957,-1
2012-10-23,16.876129150490623,-1
2012-10-24,16.800472259621483,-1
2012-10-25,16.811885833840233,-1
2012-10-26,16.747142791848045,-1
2012-10-31,16.87489318857656,-1
2012-11-01,17.05571937571035,-1
2012-11-02,17.06390380869375,-1
2012-11-05,16.94087219248281,-1
2012-11-06,16.91011619577871,-1
2012-11-07,16.54796028147207,-1
2012-11-08,16.18010139475332,-1
2012-11-09,16.44650650034414,-1
2012-11-12,16.5176944733666,-1
2012-11-13,16.347784042458397,0
2012-11-14,16.186550140480858,0
2012-11-15,16.055330276589256,0
2012-11-16,16.05334663401113,1
2012-11-19,16.57500076303945,1
2012-11-20,16.618656158547264,1
2012-11-21,16.51695442209707,0
2012-11-23,16.569044113259178,0
2012-11-26,16.39987564096914,0
2012-11-27,16.63701057444082,0
2012-11-28,16.958480835060936,0
2012-11-29,17.16238212595449,0
2012-11-30,17.323118209938865,0
2012-12-03,17.24572944651113,0
2012-12-04,17.14105224619375,0
2012-12-05,17.06142997751699,0
2012-12-06,17.14352798471914,1
2012-12-07,16.97187805185781,1
2012-12-10,17.00189399729238,1
2012-12-11,17.28616142282949,1
2012-12-12,17.30302619944082,1
2012-12-13,17.43052291880117,1
2012-12-14,17.412168502907615,1
2012-12-17,17.87900161753164,1
2012-12-18,17.886196136574608,1
2012-12-19,17.86238098154531,1
2012-12-20,17.918191909890037,1
2012-12-21,17.75125503550039,1
2012-12-24,17.59919738779531,1
2012-12-26,17.58357238779531,1
2012-12-27,17.51957321176992,1
2012-12-28,17.363800048928123,0
2012-12-31,17.54661178598867,0
2013-01-02,17.940265655617576,0
2013-01-03,17.950687408547264,0
2013-01-04,18.30540084848867,-1
2013-01-07,18.22552490244375,-1
2013-01-08,18.189558029274803,-1
2013-01-09,18.309120178322654,-1
2013-01-10,18.39246368418203,-1
2013-01-11,18.35550498972402,-1
2013-01-14,17.940265655617576,0
2013-01-15,17.98194122324453,0
2013-01-16,17.740341186623436,1
2013-01-17,17.644344329933983,1
2013-01-18,17.47542381296621,1
2013-01-22,17.434743881325584,1
2013-01-23,18.392961502175194,1
2013-01-24,18.70823287973867,1
2013-01-25,18.69483947763906,0
2013-01-28,18.621912002663475,0
2013-01-29,18.69508934030996,0
2013-01-30,18.698808670143944,0
2013-01-31,18.744945526223045,0
2013-02-01,19.23881149301992,0
2013-02-04,18.827547073464256,0
2013-02-05,18.99423599253164,0
2013-02-06,19.1041202546166,-1
2013-02-07,19.19788360605703,-1
2013-02-08,19.48116111765371,-1
2013-02-11,19.407985687355858,-1
2013-02-12,19.365322113137108,-1
2013-02-13,19.41889953623281,-1
2013-02-14,19.54193305979238,-1
2013-02-15,19.66769218454824,-1
2013-02-19,20.013973236183983,-1
2013-02-20,19.657028198342186,-1
2013-02-21,19.733179092507225,-1
2013-02-22,19.836866378884178,-1
2013-02-25,19.615108490090233,-1
2013-02-26,19.599235534767967,-1
2013-02-27,19.838602066140037,-1
2013-02-28,19.87382125864492,-1
2013-03-01,19.99760055551992,-1
2013-03-04,20.37736892710195,-1
2013-03-05,20.80153465280996,-1
2013-03-06,20.622442245583397,-1
2013-03-07,20.652702331642967,-1
2013-03-08,20.625913620095115,-1
2013-03-11,20.70777130136953,-1
2013-03-12,20.5289249421166,-1
2013-03-13,20.471872329811912,-1
2013-03-14,20.37835884104238,-1
2013-03-15,20.19877243051992,-1
2013-03-18,20.03728675852285,-1
2013-03-19,20.124849319558006,-1
2013-03-20,20.20893859873281,-1
2013-03-21,20.123361587624412,-1
2013-03-22,20.09980010996328,-1
2013-03-25,20.083181381325584,-1
2013-03-26,20.152137756447654,-1
2013-03-27,19.910043716530662,-1
2013-03-28,19.6999397278832,-1
2013-04-01,19.873579025368553,-1
2013-04-02,20.16751480112539,-1
2013-04-03,19.997848510842186,-1
2013-04-04,19.72176933298574,-1
2013-04-05,19.42361259470449,-1
2013-04-08,19.220211029152733,0
2013-04-09,19.289665222267967,-1
2013-04-10,19.600473404030662,0
2013-04-11,19.60568046579824,0
2013-04-12,19.597246170143944,0
2013-04-15,19.395830154518944,1
2013-04-16,19.67959976206289,1
2013-04-17,19.41145896921621,1
2013-04-18,18.99845504770742,1
2013-04-19,19.840833664040428,1
2013-04-22,19.84678840647207,1
2013-04-23,20.040018081765037,1
2013-04-24,20.17768859873281,1
2013-04-25,20.06978416452871,1
2013-04-26,19.879281997780662,1
2013-04-29,20.316843032936912,1
2013-04-30,20.453521728615623,1
2013-05-01,20.3508243561791,1
2013-05-02,20.578535080056053,1
2013-05-03,20.978145599465233,0
2013-05-06,21.370807647805076,0
2013-05-07,21.263650894265037,0
2013-05-08,21.67045784006582,0
2013-05-09,21.61712646494375,0
2013-05-10,21.834171295266014,-1
2013-05-13,21.767194748024803,-1
2013-05-14,22.00457954416738,-1
2013-05-15,22.71871757517324,0
2013-05-16,22.42056083689199,-1
2013-05-17,22.552276611428123,-1
2013-05-20,22.53615379343496,-1
2013-05-21,22.497459411721092,-1
2013-05-22,22.0621280671166,-1
2013-05-23,21.89767265329824,-1
2013-05-24,21.662763595681053,0
2013-05-28,21.859968185524803,0
2013-05-29,21.538492202858787,-1
2013-05-30,21.599266052346092,-1
2013-05-31,21.61067771921621,-1
2013-06-03,21.52162742624746,-1
2013-06-04,21.310037613015037,-1
2013-06-05,21.324920654396873,-1
2013-06-06,21.447460174660545,-1
2013-06-07,21.8217658997582,-1
2013-06-10,22.08197212229238,0
2013-06-11,21.82375144968496,-1
2013-06-12,21.629528045754295,-1
2013-06-13,21.754051208596092,-1
2013-06-14,21.70543098459707,-1
2013-06-17,21.983497619728904,-1
2013-06-18,22.339944839577537,-1
2013-06-19,22.34143257151113,-1
2013-06-20,21.946041107277733,-1
2013-06-21,21.85153579721914,0
2013-06-24,21.575206756691795,0
2013-06-25,21.48615264902578,1
2013-06-26,21.670951843361717,1
2013-06-27,21.755788803200584,1
2013-06-28,21.8376407624291,1
2013-07-01,22.023929596047264,0
2013-07-02,21.885765075783592,0
2013-07-03,21.987960815529686,0
2013-07-05,22.163082122902733,0
2013-07-08,22.450824737648826,0
2013-07-09,22.45454406748281,-1
2013-07-10,22.473148346047264,-1
2013-07-11,22.826622009377342,-1
2013-07-12,22.89508247385488,-1
2013-07-15,22.937002182106834,-1
2013-07-16,22.81099510202871,-1
2013-07-17,22.784700393776756,-1
2013-07-18,22.589487075905662,-1
2013-07-19,22.2402286530541,-1
2013-07-22,22.58998107920156,-1
2013-07-23,22.41882514963613,-1
2013-07-24,22.396501541237694,-1
2013-07-25,22.019462585549217,-1
2013-07-26,21.961172103981834,-1
2013-07-29,21.884771347145897,-1
2013-07-30,22.099336624245506,-1
2013-07-31,22.020702362160545,-1
2013-08-01,22.429243087868553,-1
2013-08-02,22.4875373841332,-1
2013-08-05,22.44858932505117,-1
2013-08-06,22.239484787087303,-1
2013-08-07,22.09263801584707,-1
2013-08-08,22.142494201760154,-1
2013-08-09,22.08668518076406,-1
2013-08-12,21.965141296486717,-1
2013-08-13,21.859468460183006,-1
2013-08-14,21.575700759987694,-1
2013-08-15,21.323930740456444,0
2013-08-16,21.25571823130117,0
2013-08-19,21.47250938425527,0
2013-08-20,21.466808319191795,0
2013-08-21,21.563791275124412,0
2013-08-22,21.672441482643944,1
2013-08-23,21.58562088022695,0
2013-08-26,21.490863800148826,0
2013-08-27,21.088031768898826,0
2013-08-28,21.048345565895897,1
2013-08-29,21.219005584816795,1
2013-08-30,21.00741958628164,1
2013-09-03,21.341789245705467,0
2013-09-04,21.6208438874291,0
2013-09-05,21.817550659279686,0
2013-09-06,21.818044662575584,0
2013-09-09,22.02814483652578,0
2013-09-10,22.043523788552147,-1
2013-09-11,22.230058670143944,-1
2013-09-12,22.152416229348045,-1
2013-09-13,22.05344772348867,-1
2013-09-16,22.020948410134178,-1
2013-09-17,21.98002243051992,-1
2013-09-18,22.40691566477285,-1
2013-09-19,22.284629821877342,-1
2013-09-20,22.40170860300527,-1
2013-09-23,21.989696502785545,0
2013-09-24,21.99812889109121,-1
2013-09-25,21.759756088356834,0
2013-09-26,21.783071518044334,0
2013-09-27,21.738918304543358,0
2013-09-30,21.72701072702871,0
2013-10-01,22.002101898293358,0
2013-10-02,22.026655197243553,0
2013-10-03,21.73147392282949,1
2013-10-04,21.63870620737539,1
2013-10-07,21.474742889504295,-1
2013-10-08,21.17534828196035,-1
2013-10-09,21.229667663674217,1
2013-10-10,21.536756515602928,1
2013-10-11,21.62977600107656,1
2013-10-14,21.731971740822654,1
2013-10-15,21.878320694069725,-1
2013-10-16,22.275699615578514,-1
2013-10-17,22.0465030671166,1
2013-10-18,25.088098526100975,1
2013-10-21,24.88693046579824,-1
2013-10-22,24.978708267311912,-1
2013-10-23,25.58420181284414,-1
2013-10-24,25.438838958840233,-1
2013-10-25,25.182111740212303,0
2013-10-28,25.177148819069725,0
2013-10-29,25.70400810251699,0
2013-10-30,25.559644699196678,0
2013-10-31,25.563611984352928,0
2013-11-01,25.47580337534414,0
2013-11-04,25.45273208628164,0
2013-11-05,25.338878631691795,0
2013-11-06,25.369388580422264,-1
2013-11-07,25.002277374367576,-1
2013-11-08,25.202695846657615,-1
2013-11-11,25.067760467629295,-1
2013-11-12,25.0972785950707,-1
2013-11-13,25.61049461374746,-1
2013-11-14,25.67895698557363,-1
2013-11-15,25.63753318796621,-1
2013-11-18,25.587673187355858,-1
2013-11-19,25.4301643372582,-1
2013-11-20,25.358470916848045,-1
2013-11-21,25.650178909401756,-1
2013-11-22,25.59610557566152,-1
2013-11-25,25.944368362526756,-1
2013-11-26,26.25393486032949,-1
2013-11-27,26.37051963816152,-1
2013-11-29,26.28320503244863,-1
2013-12-02,26.156452179055076,-1
2013-12-03,26.126192092995506,-1
2013-12-04,26.248233795266014,-1
2013-12-05,26.227396011452537,-1
2013-12-06,26.538204193215233,-1
2013-12-09,26.74334144602285,-1
2013-12-10,26.90507125864492,-1
2013-12-11,26.722259521584373,-1
2013-12-12,26.540435791115623,-1
2013-12-13,26.312971115212303,0
2013-12-16,26.61534309397207,0
2013-12-17,26.537956237892967,0
2013-12-18,26.907300949196678,0
2013-12-19,26.943769455056053,0
2013-12-20,27.300960540871483,0
2013-12-23,27.660135269265037,0
2013-12-24,27.57927131662832,-1
2013-12-26,27.718679428200584,-1
2013-12-27,27.741994857888084,-1
2013-12-30,27.52023696909414,-1
2013-12-31,27.799293518166404,-1
2014-01-02,27.611021041970115,-1
2014-01-03,27.40960693369375,-1
2014-01-06,27.7152042389916,-1
2014-01-07,28.249502182106834,-1
2014-01-08,28.308292389016014,-1
2014-01-09,28.035684585671287,-1
2014-01-10,28.034196853737694,-1
2014-01-13,27.855602264504295,-1
2014-01-14,28.51094627390371,-1
2014-01-15,28.491603851418358,-1
2014-01-16,28.68012237558828,-1
2014-01-17,28.538980484108787,-1
2014-01-21,28.86566162119375,-1
2014-01-22,28.89840507517324,-1
2014-01-23,28.776365280251365,-1
2014-01-24,27.876686096291404,-1
2014-01-27,27.31608772287832,1
2014-01-28,27.856346130471092,1
2014-01-29,27.457233429055076,1
2014-01-30,28.16343307505117,1
2014-01-31,29.294046402077537,1
2014-02-03,28.114810943703514,1
2014-02-04,28.232141494850975,1
2014-02-05,28.35715866098867,1
2014-02-06,28.772893905739647,0
2014-02-07,29.206485748391014,0
2014-02-10,29.094615936379295,0
2014-02-11,29.522499084572654,0
2014-02-12,29.435932159523826,-1
2014-02-13,29.763607025246483,0
2014-02-14,29.835540771584373,0
2014-02-18,30.035963058571678,-1
2014-02-19,29.82413101206289,-1
2014-02-20,29.8680362702416,-1
2014-02-21,29.860099792580467,-1
2014-02-24,30.076400756935936,-1
2014-02-25,30.262189865212303,-1
2014-02-26,30.26640510569082,-1
2014-02-27,30.242593765358787,-1
2014-02-28,30.154289245705467,-1
2014-03-03,29.83281135569082,-1
2014-03-04,30.135929107766014,-1
2014-03-05,30.219026565651756,-1
2014-03-06,30.252515792946678,-1
2014-03-07,30.132953643898826,-1
2014-03-10,30.053083419899803,-1
2014-03-11,29.765838623146873,-1
2014-03-12,29.94716453562246,-1
2014-03-13,29.494720459084373,-1
2014-03-14,29.091386795143944,-1
2014-03-17,29.570125579933983,-1
2014-03-18,30.045392990212303,-1
2014-03-19,29.747482299904686,-1
2014-03-20,29.69563865671621,-1
2014-03-21,29.34539222727285,-1
2014-03-24,28.722537994484764,-1
2014-03-25,28.74213409433828,-1
2014-03-26,28.078596115212303,-1
2014-03-27,27.63979911814199,-1
2014-03-28,27.785404205422264,-1
2014-03-31,27.645500183205467,-1
2014-04-01,28.151031494240623,-1
2014-04-02,28.156242370705467,-1
2014-04-03,28.323848724465233,-1
2014-04-04,27.022886276345115,-1
2014-04-07,26.793910980324608,-1
2014-04-08,27.6304931641625,-1
2014-04-09,28.102806091408592,-1
2014-04-10,27.094247818093162,-1
2014-04-11,26.65167236338125,-1
2014-04-14,27.020404815773826,-1
2014-04-15,27.193864822487694,-1
2014-04-16,27.947187423806053,-1
2014-04-17,26.92822456369863,-1
2014-04-21,26.73146629343496,-1
2014-04-22,27.0352725983666,-1
2014-04-23,26.63928413401113,-1
2014-04-24,26.487133026223045,-1
2014-04-25,25.92511749277578,-1
2014-04-28,25.91917037973867,-1
2014-04-29,26.580801010231834,-1
2014-04-30,26.50893974314199,-1
2014-05-01,26.689836502175194,-1
2014-05-02,26.45888328562246,0
2014-05-05,26.531242370705467,0
2014-05-06,25.898849487404686,0
2014-05-07,25.672359466652733,0
2014-05-08,25.7799015046166,0
2014-05-09,26.09956932077871,0
2014-05-12,26.684879303078514,1
2014-05-13,26.839014053444725,1
2014-05-14,26.48564529428945,1
2014-05-15,26.22347068796621,1
2014-05-16,26.182830810646873,1
2014-05-19,26.7047004700707,1
2014-05-20,26.78201866159902,1
2014-05-21,27.243427276711326,1
2014-05-22,27.528398513893944,1
2014-05-23,27.942230224709373,0
2014-05-27,28.490863800148826,-1
2014-05-28,28.271806717018944,-1
2014-05-29,28.277261734108787,-1
2014-05-30,28.331281662087303,-1
2014-06-02,27.968992233376365,-1
2014-06-03,27.4818115235375,0
2014-06-04,27.44464111338125,0
2014-06-05,27.998233795266014,0
2014-06-06,28.05275535593496,0
2014-06-09,28.28568649301992,0
2014-06-10,28.165252685646873,0
2014-06-11,28.1256046296166,0
2014-06-12,27.7291202546166,0
2014-06-13,27.771245956520897,0
2014-06-16,27.372280120949608,0
2014-06-17,27.28902244577871,0
2014-06-18,27.786611557106834,1
2014-06-19,28.00120735178457,-1
2014-06-20,28.07703399668203,0
2014-06-23,28.462121963600975,0
2014-06-24,28.375392913918358,0
2014-06-25,29.03900337229238,0
2014-06-26,28.981512069802147,0
2014-06-27,29.027111053566795,0
2014-06-30,28.976558685402733,0
2014-07-01,29.314558029274803,0
2014-07-02,29.27937316904531,-1
2014-07-03,29.393362045388084,-1
2014-07-07,29.27838134775625,0
2014-07-08,28.66581344614492,-1
2014-07-09,28.911632537941795,-1
2014-07-10,28.74709129343496,-1
2014-07-11,29.07468795786367,-1
2014-07-14,29.451847076516014,-1
2014-07-15,29.392372131447654,-1
2014-07-16,29.271446228127342,-1
2014-07-17,28.785749435524803,-1
2014-07-18,29.989576339821678,-1
2014-07-21,29.659006118874412,-1
2014-07-22,29.91324996958242,-1
2014-07-23,29.993541717629295,-1
2014-07-24,29.885498046975,-1
2014-07-25,29.641164779763084,-1
2014-07-28,29.68775177011953,-1
2014-07-29,29.436481475930076,-1
2014-07-30,29.51032257090078,-1
2014-07-31,28.722810745339256,-1
2014-08-01,28.427921295266014,0
2014-08-04,28.857610702614647,1
2014-08-05,28.40512657175527,0
2014-08-06,28.4720344544457,0
2014-08-07,28.33920860300527,1
2014-08-08,28.643014907936912,1
2014-08-11,28.608818054299217,0
2014-08-12,28.35457420359121,0
2014-08-13,28.971109390358787,0
2014-08-14,28.97556686411367,0
2014-08-15,28.928981781105858,0
2014-08-18,29.374528884987694,0
2014-08-19,29.593088150124412,-1
2014-08-20,29.50883674631582,-1
2014-08-21,29.360652923683983,-1
2014-08-22,29.366603851418358,-1
2014-08-25,29.268964767556053,-1
2014-08-26,29.147544860939842,0
2014-08-27,28.893789291481834,0
2014-08-28,28.760971069435936,0
2014-08-29,28.86207580576406,0
2014-09-02,29.172815322975975,0
2014-09-03,29.216924667458397,-1
2014-09-04,29.39633750925527,-1
2014-09-05,29.626298904518944,-1
2014-09-08,29.817104339699608,-1
2014-09-09,29.33835220346914,-1
2014-09-10,29.41021156321035,-1
2014-09-11,29.295724868874412,-1
2014-09-12,28.98795700083242,-1
2014-09-15,28.82639122019277,-1
2014-09-16,29.180253982643944,-1
2014-09-17,29.403766632180076,-1
2014-09-18,29.601024627785545,-1
2014-09-19,30.00394821176992,-1
2014-09-22,29.601024627785545,-1
2014-09-23,29.299198150734764,-1
2014-09-24,29.658016204933983,-1
2014-09-25,29.00530433664785,-1
2014-09-26,29.13663864145742,-1
2014-09-29,29.132179260353904,-1
2014-09-30,29.16191482553945,-1
2014-10-01,28.72677421579824,-1
2014-10-02,28.78872489939199,-1
2014-10-03,29.054862976174217,-1
2014-10-06,29.13069152842031,1
2014-10-07,28.452703476052147,-1
2014-10-08,28.93046760569082,-1
2014-10-09,28.289649963478904,1
2014-10-10,27.515516281227928,1
2014-10-13,26.99810218821035,1
2014-10-14,27.193370819191795,1
2014-10-15,26.798868179421287,1
2014-10-16,26.61004066477285,1
2014-10-17,25.918672561745506,1
2014-10-20,26.38503837595449,1
2014-10-21,26.66505432138906,1
2014-10-22,26.896005630593162,1
2014-10-23,27.439191818337303,1
2014-10-24,27.203781128029686,0
2014-10-27,27.25234794626699,-1
2014-10-28,27.701366424660545,-1
2014-10-29,27.677082061867576,-1
2014-10-30,27.767282486061912,-1
2014-10-31,28.143939972023826,-1
2014-11-03,27.940740585427147,-1
2014-11-04,27.961559295754295,-1
2014-11-05,27.553178787331444,-1
2014-11-06,27.342052459816795,-1
2014-11-07,27.348495483498436,-1
2014-11-10,27.666177749733787,-1
2014-11-11,27.817832946877342,-1
2014-11-12,27.66716957102285,-1
2014-11-13,27.57746887217031,-1
2014-11-14,27.515516281227928,-1
2014-11-17,27.09177017221914,-1
2014-11-18,26.9862060547875,-1
2014-11-19,27.11952781687246,-1
2014-11-20,26.949033737282615,-1
2014-11-21,27.05460166941152,-1
2014-11-24,27.133405685524803,-1
2014-11-25,27.220132827858787,-1
2014-11-26,27.14579391489492,-1
2014-11-28,27.212699890236717,-1
2014-12-01,26.74534225473867,-1
2014-12-02,26.69281005869375,-1
2014-12-03,26.612520217995506,-1
2014-12-04,26.890556335549217,-1
2014-12-05,26.171928405861717,-1
2014-12-08,26.30326461801992,-1
2014-12-09,26.569898605446678,-1
2014-12-10,26.169944763283592,0
2014-12-11,26.371654510598045,0
2014-12-12,25.8463134766625,0
2014-12-15,25.5653076172875,1
2014-12-16,24.689079284767967,1
2014-12-17,25.099933624367576,1
2014-12-18,25.50484275827871,1
2014-12-19,25.773462295632225,1
2014-12-22,26.38107109079824,-1
2014-12-23,26.70172882090078,-1
2014-12-24,26.610538482766014,-1
2014-12-26,26.838022232155662,-1
2014-12-29,26.629373550515037,-1
2014-12-30,26.52876281748281,-1
2014-12-31,26.299795150856834,-1
2015-01-02,26.244781494240623,-1
2015-01-05,25.744716644387108,-1
2015-01-06,25.10935020456777,1
2015-01-07,25.03550338755117,1
2015-01-08,25.122732162575584,1
2015-01-09,24.81595420847402,1
2015-01-12,24.634561538796287,1
2015-01-13,24.869476318459373,1
2015-01-14,25.074161529641014,1
2015-01-15,24.979007721047264,1
2015-01-16,25.298671722512108,1
2015-01-20,25.272899627785545,1
2015-01-21,25.790809631447654,1
2015-01-22,26.62887382517324,1
2015-01-23,26.859333038430076,1
2015-01-26,26.600130081276756,1
2015-01-27,25.830457687477928,1
2015-01-28,25.396305084328514,1
2015-01-29,25.43595504770742,1
2015-01-30,26.641267776589256,1
2015-02-02,26.376117706398826,1
2015-02-03,26.430635452370506,1
2015-02-04,26.07379913340078,1
2015-02-05,26.258659362892967,0
2015-02-06,26.459383010964256,0
2015-02-09,26.231401443581444,1
2015-02-10,26.77061653147207,1
2015-02-11,26.663566589455467,1
2015-02-12,27.06054878244863,1
2015-02-13,27.315786361794334,0
2015-02-17,27.010986328225,1
2015-02-18,26.894021988015037,1
2015-02-19,27.082353592018944,1
2015-02-20,26.851898193459373,1
2015-02-23,26.514884948830467,1
2015-02-24,26.695783615212303,1
2015-02-25,27.125968933205467,1
2015-02-26,27.718713760475975,1
2015-02-27,27.88424491892324,0
2015-03-02,28.498300552468162,0
2015-03-03,28.685142517189842,-1
2015-03-04,28.6623420716332,-1
2015-03-05,28.81598663340078,-1
2015-03-06,28.393234253029686,-1
2015-03-09,28.452703476052147,-1
2015-03-10,27.74646759043203,-1
2015-03-11,27.54029083261953,-1
2015-03-12,27.811885833840233,-1
2015-03-13,27.406974792580467,-1
2015-03-16,27.83517837534414,-1
2015-03-17,27.63545227060781,-1
2015-03-18,28.0591926575707,-1
2015-03-19,27.935787201027733,-1
2015-03-20,27.999225616555076,-1
2015-03-23,28.020038604836326,-1
2015-03-24,28.623191833596092,-1
2015-03-25,28.100822448830467,-1
2015-03-26,27.93429946909414,-1
2015-03-27,27.632476806740623,-1
2015-03-30,27.810394287209373,-1
2015-03-31,27.491230011086326,-1
2015-04-01,27.23301887522207,-1
2015-04-02,26.82761192331777,-1
2015-04-06,26.958454132180076,0
2015-04-07,27.00355529795156,0
2015-04-08,27.2008056641625,-1
2015-04-09,27.160161972145897,-1
2015-04-10,27.18593406687246,-1
2015-04-13,27.19089317331777,-1
2015-04-14,26.75178527842031,-1
2015-04-15,26.814233780007225,-1
2015-04-16,26.937143325905662,-1
2015-04-17,26.402877807717186,-1
2015-04-20,26.98719787607656,-1
2015-04-21,26.907402038674217,-1
2015-04-22,27.217655181984764,-1
2015-04-23,27.628013610939842,-1
2015-04-24,28.4308967591332,-1
2015-04-27,28.057209014992576,-1
2015-04-28,27.970476150612694,-1
2015-04-29,27.82278823862539,-1
2015-04-30,27.19733428965078,-1
2015-05-01,27.315786361794334,-1
2015-05-04,27.3990478516625,-1
2015-05-05,26.913352966408592,0
2015-05-06,26.51885414133535,0
2015-05-07,26.863792419533592,0
2015-05-08,27.206254959206444,0
2015-05-11,27.04914855967031,0
2015-05-12,26.69974899301992,0
2015-05-13,26.73741340647207,0
2015-05-14,27.218647003273826,0
2015-05-15,27.08433723459707,0
2015-05-18,27.093259811501365,0
2015-05-19,27.222614288430076,0
2015-05-20,27.382694244484764,0
2015-05-21,27.595802307228904,0
2015-05-22,27.482309341530662,0
2015-05-26,27.119029998879295,0
2015-05-27,27.46892738352285,-1
2015-05-28,27.465457916359764,-1
2015-05-29,27.026351928810936,0
2015-06-01,27.219141006569725,0
2015-06-02,27.454059600930076,0
2015-06-03,27.520471572975975,-1
2015-06-04,27.342052459816795,-1
2015-06-05,27.23500061045156,-1
2015-06-08,26.935159683327537,-1
2015-06-09,26.8697395325707,-1
2015-06-10,27.387151718239647,-1
2015-06-11,27.260276794533592,0
2015-06-12,27.13290786753164,0
2015-06-15,26.9113712311791,0
2015-06-16,27.004051208596092,0
2015-06-17,27.089792251686912,0
2015-06-18,27.56457710276113,1
2015-06-19,27.630990982155662,-1
2015-06-22,27.73803901682363,-1
2015-06-23,27.921907425026756,-1
2015-06-24,27.683027267556053,-1
2015-06-25,27.652301788430076,-1
2015-06-26,27.409950256447654,-1
2015-06-29,26.82464027414785,-1
2015-06-30,26.764671325783592,1
2015-07-01,26.926239013771873,1
2015-07-02,27.126462936501365,1
2015-07-06,27.04121971140371,1
2015-07-07,27.25978088388906,1
2015-07-08,26.846940994362694,1
2015-07-09,26.993146896462303,1
2015-07-10,27.561109542946678,1
2015-07-13,28.335243225197654,1
2015-07-14,28.952274322609764,1
2015-07-15,28.941370010475975,1
2015-07-16,29.82453918467031,-1
2015-07-17,34.673538208107814,-1
2015-07-20,34.337520599465236,-1
2015-07-21,34.46192169199453,-1
2015-07-22,34.44952774057852,-1
2015-07-23,33.439983368019924,-1
2015-07-24,32.45075225840078,-1
2015-07-27,32.62421798716055,-1
2015-07-28,32.693103790383205,-1
2015-07-29,32.78082275400625,-1
2015-07-30,32.93594360361563,-1
2015-07-31,32.58605194101797,-1
2015-08-03,32.94388198862539,-1
2015-08-04,32.773391723732814,-1
2015-08-05,33.36861038218008,-1
2015-08-06,33.212993621926174,-1
2015-08-07,32.92752838144766,-1
2015-08-10,32.86557006845938,-1
2015-08-11,34.21163940439688,-1
2015-08-12,34.26962280283438,-1
2015-08-13,34.0238037110375,-1
2015-08-14,34.16554641733633,-1
2015-08-17,34.40046310434805,-1
2015-08-18,34.13382720957266,-1
2015-08-19,34.396995544533596,-1
2015-08-20,33.67538833628164,-1
2015-08-21,31.91847229013906,-1
2015-08-24,30.63386535654531,0
2015-08-25,30.354341507058006,1
2015-08-26,32.69706726084219,1
2015-08-27,33.104454040627346,1
2015-08-28,32.6945915223168,0
2015-08-31,32.106311798195705,0
2015-09-01,31.201332092385154,0
2015-09-02,31.96208381662832,0
2015-09-03,31.572536468605858,0
2015-09-04,31.171596527199608,0
2015-09-08,31.91103935251699,0
2015-09-09,31.887746811013084,0
2015-09-10,32.267879486183986,0
2015-09-11,32.47701644907461,0
2015-09-14,32.33676147470938,0
2015-09-15,32.961231231789455,0
2015-09-16,32.98352432260977,-1
2015-09-17,33.288330078225,-1
2015-09-18,32.75555419931875,-1
2015-09-21,33.05588150034414,-1
2015-09-22,32.37294387827383,1
2015-09-23,32.377403259377346,1
2015-09-24,32.45768737802969,1
2015-09-25,31.726179123024803,1
2015-09-28,30.938163757424217,1
2015-09-29,30.85688781748281,1
2015-09-30,31.637958526711326,1
2015-10-01,31.817861557106834,1
2015-10-02,32.560779571633205,1
2015-10-05,33.2888298035668,1
2015-10-06,33.28683471689688,1
2015-10-07,33.20555877695547,1
2015-10-08,33.05687713633047,1
2015-10-09,33.267017364601955,1
2015-10-12,33.524227142433986,1
2015-10-13,33.858272552590236,1
2015-10-14,33.721485138039455,1
2015-10-15,34.34644317636953,1
2015-10-16,34.46043396006094,0
2015-10-19,34.689895629982814,0
2015-10-20,33.701168060402736,1
2015-10-21,33.29476928720938,1
2015-10-22,33.75766372690664,1
2015-10-23,35.65037536631094,0
2015-10-26,36.23469924936758,0
2015-10-27,36.31894683847891,0
2015-10-28,36.52214813242422,0
2015-10-29,36.91516494760977,0
2015-10-30,36.54544067392813,0
2015-11-02,37.05840301523672,0
2015-11-03,37.111919403176174,0
2015-11-04,37.43356323252188,0
2015-11-05,37.6992187501,0
2015-11-06,37.74530410776602,0
2015-11-09,37.40681076059805,0
2015-11-10,37.579769134621486,0
2015-11-11,37.926204681496486,0
2015-11-12,37.494033813576564,0
2015-11-13,36.678272247414455,1
2015-11-16,37.19121551523672,1
2015-11-17,36.97116470346914,0
2015-11-18,37.66650390635,0
2015-11-19,37.66302871714102,0
2015-11-20,38.50853729258047,0
2015-11-23,38.4936637879418,0
2015-11-24,38.14328002939688,0
2015-11-25,38.12494277964102,0
2015-11-27,38.25924682627188,0
2015-11-30,37.80725860605703,0
2015-12-01,38.84505081186758,0
2015-12-02,38.55066680918203,-1
2015-12-03,38.072402954201564,-1
2015-12-04,38.618064880471096,-1
2015-12-07,38.309803009133205,0
2015-12-08,38.41635513315664,-1
2015-12-09,37.79238510141836,0
2015-12-10,37.667984008889064,0
2015-12-11,37.19121551523672,0
2015-12-14,37.791885376076564,0
2015-12-15,37.67047500620352,-1
2015-12-16,38.48821258554922,0
2015-12-17,38.153194427590236,-1
2015-12-18,37.50989151010977,0
2015-12-21,37.705650329689846,1
2015-12-22,38.01937484751211,-1
2015-12-23,38.08777236948477,-1
2015-12-24,37.9554443360375,-1
2015-12-28,38.768238067726955,-1
2015-12-29,39.34908676157461,-1
2015-12-30,39.16769409189688,-1
2015-12-31,38.55859756479727,-1
2016-01-04,37.63825607309805,-1
2016-01-05,37.74184036264883,-1
2016-01-06,37.63280487070547,-1
2016-01-07,36.72435760508047,-1
2016-01-08,36.22429656992422,-1
2016-01-11,36.331340789894924,-1
2016-01-12,36.93944549570547,-1
2016-01-13,35.66227722177969,-1
2016-01-14,36.24807739267813,-1
2016-01-15,35.21226501474844,-1
2016-01-19,35.63799285898672,-1
2016-01-20,35.612224578957424,-1
2016-01-21,36.014156341652736,-1
2016-01-22,36.945396423439846,-1
2016-01-25,36.35860061655508,-1
2016-01-26,36.367027282814846,-1
2016-01-27,35.56364440927969,-1
2016-01-28,37.08615112314688,-1
2016-01-29,37.73291397104727,-1
2016-02-01,38.19977188120352,-1
2016-02-02,38.70232391367422,-1
2016-02-03,37.13967895517813,-1
2016-02-04,36.180679321389064,-1
2016-02-05,34.87872314463125,-1
2016-02-08,34.898540496926174,0
2016-02-09,34.74292755136953,0
2016-02-10,35.03186416635977,0
2016-02-11,35.007583618264064,0
2016-02-12,35.03384780893789,0
2016-02-16,35.56661987314688,0
2016-02-17,36.27682495127188,0
2016-02-18,35.560176849465236,0
2016-02-19,35.78815460215078,0
2016-02-22,36.132102966408596,0
2016-02-23,35.549278259377346,0
2016-02-24,35.728191375832424,0
2016-02-25,36.13557815561758,0
2016-02-26,35.9244499207543,0
2016-02-29,35.54581069956289,0
2016-03-01,36.78234100351797,0
2016-03-02,36.64902496347891,0
2016-03-03,36.25799560556875,0
2016-03-04,36.19010162363516,0
2016-03-07,35.32675170908438,0
2016-03-08,35.3629264832543,0
2016-03-09,35.95171356211172,0
2016-03-10,36.286739349465236,0
2016-03-11,36.91615676889883,0
2016-03-14,37.182292938332424,0
2016-03-15,37.198650360207424,0
2016-03-16,37.5351676941918,0
2016-03-17,37.59067153940664,0
2016-03-18,37.438526153664455,0
2016-03-21,37.77306365976797,0
2016-03-22,37.668479919533596,0
2016-03-23,37.54507827768789,0
2016-03-24,37.4102783204125,0
2016-03-28,37.33295440683828,0
2016-03-29,37.95792007456289,0
2016-03-30,38.07933807383047,-1
2016-03-31,37.809734344582424,-1
2016-04-01,38.145252227883205,-1
2016-04-04,37.91975784311758,0
2016-04-05,37.595142364601955,0
2016-04-06,38.065959930519924,0
2016-04-07,37.67195510874258,0
2016-04-08,37.63973999033438,-1
2016-04-11,37.54408645639883,-1
2016-04-12,37.880107879738674,-1
2016-04-13,38.256275177101955,-1
2016-04-14,38.42874526987539,-1
2016-04-15,38.657215118508205,-1
2016-04-18,39.037841796975,-1
2016-04-19,38.47135925302969,-1
2016-04-20,38.40544891367422,-1
2016-04-21,38.657215118508205,-1
2016-04-22,36.56427764902578,-1
2016-04-25,36.78432846079336,-1
2016-04-26,35.94972610483633,0
2016-04-27,35.75594711313711,0
2016-04-28,34.94314575205313,0
2016-04-29,35.08291244516836,0
2016-05-02,35.406543731789455,0
2016-05-03,35.11066818247305,0
2016-05-04,35.255874633889064,0
2016-05-05,35.421409607033596,0
2016-05-06,35.940303802590236,0
2016-05-09,36.13607406626211,0
2016-05-10,36.64407730112539,0
2016-05-11,36.20645141611563,0
2016-05-12,36.08354187021719,0
2016-05-13,35.922962188820705,0
2016-05-16,36.19405746469961,0
2016-05-17,35.6929931641625,0
2016-05-18,35.771804809670314,0
2016-05-19,35.45114135752188,0
2016-05-20,35.768333435158596,0
2016-05-23,35.547290802101955,0
2016-05-24,36.329360962014064,0
2016-05-25,36.58062744150625,0
2016-05-26,36.52264404306875,0
2016-05-27,37.05145645151602,0
2016-05-31,37.11340713510977,-1
2016-06-01,37.09407424936758,-1
2016-06-02,36.88642501841055,-1
2016-06-03,36.469619751076564,-1
2016-06-06,36.18215942392813,0
2016-06-07,36.233211517433986,0
2016-06-08,36.82001113901602,0
2016-06-09,36.79968643198477,-1
2016-06-10,36.33728790293203,0
2016-06-13,36.272361755471096,0
2016-06-14,36.34026336679922,0
2016-06-15,36.287734985451564,0
2016-06-16,35.894214630226955,-1
2016-06-17,34.903011322121486,-1
2016-06-20,34.99617385874258,-1
2016-06-21,35.13247680674063,-1
2016-06-22,35.21127319345938,-1
2016-06-23,35.42934036264883,-1
2016-06-24,33.958877563576564,1
2016-06-27,33.75766372690664,1
2016-06-28,34.25921630869375,1
2016-06-29,34.4539909363793,1
2016-06-30,34.86731719980703,1
2016-07-01,35.200374603371486,1
2016-07-05,34.93473052988516,1
2016-07-06,35.13693618784414,1
2016-07-07,35.052181243996486,1
2016-07-08,35.57355880747305,1
2016-07-11,36.040420532326564,-1
2016-07-12,36.3035888672875,1
2016-07-13,36.15341568003164,1
2016-07-14,36.46664428720938,1
2016-07-15,36.458213806252346,1
2016-07-18,37.32899856577383,-1
2016-07-19,37.339397430519924,-1
2016-07-20,37.52128601084219,-1
2016-07-21,37.38896179209219,1
2016-07-22,37.63031768808828,1
2016-07-25,37.5430908204125,1
2016-07-26,37.54953765879141,1
2016-07-27,37.76364517221914,1
2016-07-28,37.9554443360375,0
2016-07-29,39.21923828135,0
2016-08-01,39.69501113901602,0
2016-08-02,39.65437698374258,0
2016-08-03,39.594898223976955,0
2016-08-04,39.512134552101955,0
2016-08-05,39.99188232431875,0
2016-08-08,39.90762710581289,0
2016-08-09,40.019145965676174,0
2016-08-10,40.069194793801174,0
2016-08-11,40.0548210145043,-1
2016-08-12,39.99783325205313,0
2016-08-15,39.94381332407461,0
2016-08-16,39.70740509043203,0
2016-08-17,39.917049408058986,0
2016-08-18,39.78472137461172,0
2016-08-19,39.63108062754141,-1
2016-08-22,39.49726104746328,0
2016-08-23,39.47942352304922,0
2016-08-24,39.33124542246328,0
2016-08-25,39.21725082407461,0
2016-08-26,39.31240463266836,0
2016-08-29,39.441265106301174,0
2016-08-30,39.247982025246486,0
2016-08-31,39.14538955698477,0
2016-09-01,39.222209930519924,0
2016-09-02,39.49330520639883,0
2016-09-06,40.04590606699453,0
2016-09-07,40.044422149758205,0
2016-09-08,39.789173126320705,0
2016-09-09,39.07749176035391,0
2016-09-12,39.589946746926174,0
2016-09-13,39.08938217173086,0
2016-09-14,39.17561721811758,0
2016-09-15,39.70938873301016,0
2016-09-16,39.54782104502188,1
2016-09-19,39.41995620737539,0
2016-09-20,39.63751983652578,0
2016-09-21,39.89771270761953,0
2016-09-22,40.43892288218008,1
2016-09-23,40.38985061655508,-1
2016-09-26,39.779766082863674,0
2016-09-27,40.18021392832266,0
2016-09-28,40.14700317392813,0
2016-09-29,39.77926635752188,0
2016-09-30,39.84964370737539,0
2016-10-03,39.66726303110586,0
2016-10-04,39.786705017189846,0
2016-10-05,39.70938873301016,0
2016-10-06,39.80107116709219,0
2016-10-07,39.68361282358633,0
2016-10-10,40.35070037851797,0
2016-10-11,40.12272644052969,0
2016-10-12,40.23175811777578,0
2016-10-13,39.85063934336172,0
2016-10-14,39.87640380869375,0
2016-10-17,39.98741912851797,0
2016-10-18,40.713481903176174,-1
2016-10-19,40.978626251320705,-1
2016-10-20,40.72042465219961,-1
2016-10-21,40.84085083017813,-1
2016-10-24,41.419719696144924,-1
2016-10-25,41.06338500986563,-1
2016-10-26,40.74371719370352,-1
2016-10-27,40.50830841074453,-1
2016-10-28,40.61783218393789,-1
2016-10-31,40.13907623301016,-1
2016-11-01,39.920024871926174,-1
2016-11-02,39.07451629648672,-1
2016-11-03,38.76575469980703,-1
2016-11-04,38.71173477182852,-1
2016-11-07,39.749038696389064,-1
2016-11-08,40.24216461191641,-1
2016-11-09,39.92547607431875,-1
2016-11-10,38.671592712502346,-1
2016-11-11,38.24834442148672,-1
2016-11-14,37.32998657236563,-1
2016-11-15,38.417346954445705,0
2016-11-16,38.656230926613674,0
2016-11-17,38.962512970070705,0
2016-11-18,38.45748901377188,0
2016-11-21,38.89511489878164,0
2016-11-22,38.90502166758047,0
2016-11-23,38.60765838633047,0
2016-11-25,38.66860961924063,0
2016-11-28,38.94417190561758,0
2016-11-29,39.12507247934805,-1
2016-11-30,38.453025817971096,0
2016-12-01,37.88060760508047,1
2016-12-02,37.88705062876211,1
2016-12-05,38.56900024424063,1
2016-12-06,38.4678955079125,1
2016-12-07,39.22567367563711,0
2016-12-08,39.409046173195705,0
2016-12-09,40.116783142189846,0
2016-12-12,40.039958953957424,-1
2016-12-13,40.40869140635,-1
2016-12-14,40.53506088266836,-1
2016-12-15,40.42404937754141,-1
2016-12-16,40.1361083985375,-1
2016-12-19,40.26793670664297,-1
2016-12-20,40.401748657326564,-1
2016-12-21,40.253067016701564,1
2016-12-22,40.12817764292227,1
2016-12-23,40.03499984751211,1
2016-12-27,40.14055633554922,1
2016-12-28,39.874919891457424,1
2016-12-29,39.79116439829336,1
2016-12-30,39.27425003061758,1
2017-01-03,40.04541015635,1
2017-01-04,40.03351211557852,1
2017-01-05,40.29370880136953,1
2017-01-06,40.897850036721096,1
2017-01-09,40.995479583840236,0
2017-01-10,40.9375000001,0
2017-01-11,41.1283073426293,0
2017-01-12,41.11195755014883,0
2017-01-13,41.18182754526602,0
2017-01-17,41.009361267189846,0
2017-01-18,41.08667755136953,0
2017-01-19,40.856216430764064,0
2017-01-20,41.044551849465236,0
2017-01-23,41.850399017433986,0
2017-01-24,42.103164672951564,0
2017-01-25,42.545242309670314,0
2017-01-26,42.47238922129141,0
2017-01-27,41.8801383973168,0
2017-01-30,40.829456329445705,0
2017-01-31,40.6490592957543,0
2017-02-01,40.403728485207424,0
2017-02-02,40.553401947121486,0
2017-02-03,40.646080017189846,0
2017-02-06,40.71992874155508,1
2017-02-07,41.09708023081289,1
2017-02-08,41.12929153452383,1
2017-02-09,41.13821411142813,0
2017-02-10,41.3756103516625,0
2017-02-13,41.579307556252346,0
2017-02-14,41.63233184824453,0
2017-02-15,41.49802398691641,0
2017-02-16,41.738399505715236,0
2017-02-17,41.95547103891836,0
2017-02-21,42.09027862558828,0
2017-02-22,42.1938591004418,0
2017-02-23,42.176013946633205,0
2017-02-24,42.01792144785391,0
2017-02-27,42.110095977883205,0
2017-02-28,41.87518310556875,-1
2017-03-01,42.46099090586172,-1
2017-03-02,42.11902618418203,-1
2017-03-03,42.08086395273672,-1
2017-03-06,41.99115371714102,-1
2017-03-07,42.18344879160391,-1
2017-03-08,42.30686187754141,-1
2017-03-09,42.515010833840236,-1
2017-03-10,42.69194030771719,-1
2017-03-13,42.849048614601955,-1
2017-03-14,42.91496276865469,-1
2017-03-15,43.03787612925039,-1
2017-03-16,43.117664337258205,-1
2017-03-17,43.235122680764064,-1
2017-03-20,43.014080047707424,-1
2017-03-21,42.13339233408438,-1
2017-03-22,42.11654281626211,-1
2017-03-23,41.61350250254141,-1
2017-03-24,41.38998413095938,-1
2017-03-27,41.557003021340236,-1
2017-03-28,41.662071228127346,-1
2017-03-29,42.120010376076564,-1
2017-03-30,42.10068130503164,-1
2017-03-31,42.01742172251211,-1
2017-04-03,42.46099090586172,-1
2017-04-04,42.25382995615469,-1
2017-04-05,42.072437286476955,0
2017-04-06,41.88360977182852,1
2017-04-07,41.73492813120352,1
2017-04-10,41.7150993348168,1
2017-04-11,41.62490463266836,1
2017-04-12,41.70321273813711,1
2017-04-13,41.6397705079125,1
2017-04-17,42.38070297251211,1
2017-04-18,42.32420349131094,1
2017-04-19,42.449092865090236,1
2017-04-20,42.62602996836172,1
2017-04-21,42.57001495371328,1
2017-04-24,43.560237884621486,1
2017-04-25,44.05138397226797,1
2017-04-26,44.06625747690664,1
2017-04-27,44.18023681650625,1
2017-04-28,45.81970977793203,-1
2017-05-01,46.231060028176174,-1
2017-05-02,46.442684173683986,-1
2017-05-03,47.00568771372305,-1
2017-05-04,47.31643676767813,-1
2017-05-05,47.09638595591055,-1
2017-05-08,47.51319122324453,-1
2017-05-09,47.4150505066918,-1
2017-05-10,47.322383880715236,-1
2017-05-11,47.37442779551016,-1
2017-05-12,47.33725738535391,-1
2017-05-15,47.53945541391836,-1
2017-05-16,47.80659103403555,-1
2017-05-17,46.694454193215236,-1
2017-05-18,47.107288360695705,-1
2017-05-19,47.31296157846914,-1
2017-05-22,47.779827118019924,-1
2017-05-23,48.10097122202383,-1
2017-05-24,48.45087432871328,-1
2017-05-25,49.15710830698477,-1
2017-05-26,49.226985931496486,-1
2017-05-30,49.37071990976797,-1
2017-05-31,48.92070770273672,-1
2017-06-01,48.980178833107814,-1
2017-06-02,49.36823654184805,-1
2017-06-05,49.752830505471096,-1
2017-06-06,49.39599609385,-1
2017-06-07,49.634876251320705,-1
2017-06-08,49.772659301857814,-1
2017-06-09,48.079673767189846,-1
2017-06-12,47.66782379160391,-1
2017-06-13,48.098499298195705,-1
2017-06-14,47.97113418589102,-1
2017-06-15,47.587032318215236,-1
2017-06-16,47.50972366343008,-1
2017-06-19,48.33242797861563,-1
2017-06-20,48.02365875254141,-1
2017-06-21,48.49944305429922,-1
2017-06-22,48.401809692482814,-1
2017-06-23,48.871150970558986,-1
2017-06-26,48.17729949961172,-1
2017-06-27,46.987850189308986,-1
2017-06-28,47.628170013527736,1
2017-06-29,46.478862762551174,1
2017-06-30,46.075435638527736,1
2017-07-03,45.56892776499258,1
2017-07-05,46.203296661476955,1
2017-07-06,45.97681427011953,1
2017-07-07,46.62704467783438,0
2017-07-10,47.13206481943594,0
2017-07-11,47.25745391855703,0
2017-07-12,47.95774841318594,0
2017-07-13,48.01673126230703,-1
2017-07-14,48.416179657082424,-1
2017-07-17,48.369102478127346,-1
2017-07-18,48.91376876841055,-1
2017-07-19,49.20220947275625,-1
2017-07-20,49.17346954355703,-1
2017-07-21,49.255245208840236,-1
2017-07-24,49.47678375254141,-1
2017-07-25,48.0256462098168,-1
2017-07-26,47.84127807627188,-1
2017-07-27,47.206897735695705,-1
2017-07-28,47.495349884133205,-1
2017-07-31,46.85948944101797,-1
2017-08-01,46.91201782236563,-1
2017-08-02,46.96554565439688,-1
2017-08-03,46.60177230844961,-1
2017-08-04,46.87385940561758,-1
2017-08-07,46.871875763039455,-1
2017-08-08,46.7945556641625,-1
2017-08-09,46.59087371836172,-1
2017-08-10,45.773616790871486,-1
2017-08-11,46.095760345558986,-1
2017-08-14,46.533870697121486,0
2017-08-15,46.491741180519924,0
2017-08-16,46.79852676401602,0
2017-08-17,45.975330352883205,0
2017-08-18,45.901973724465236,0
2017-08-21,45.6388053895043,0
2017-08-22,46.60672378550039,0
2017-08-23,46.71476745615469,0
2017-08-24,46.43277359018789,0
2017-08-25,46.116085052590236,0
2017-08-28,45.998619079689846,0
2017-08-29,46.37626647959219,0
2017-08-30,46.76681137094961,-1
2017-08-31,47.34220123301016,-1
2017-09-01,47.181133270363674,-1
2017-09-05,46.66025543222891,-1
2017-09-06,46.68701553354727,-1
2017-09-07,47.07706451426016,-1
2017-09-08,46.65678405771719,-1
2017-09-11,46.74995803843008,1
2017-09-12,46.91647720346914,1
2017-09-13,47.10431289682852,1
2017-09-14,46.59334182749258,0
2017-09-15,46.35348129282461,0
2017-09-18,46.07890319834219,0
2017-09-19,46.43127822885977,0
2017-09-20,46.960586547951564,0
2017-09-21,46.96108627329336,1
2017-09-22,46.74847412119375,1
2017-09-25,46.303421020607814,1
2017-09-26,46.45953750620352,-1
2017-09-27,47.57315826426016,-1
2017-09-28,47.81650543222891,-1
2017-09-29,48.25808334360586,-1
2017-10-02,47.94833374033438,-1
2017-10-03,48.176799774269924,-1
2017-10-04,47.91413497934805,0
2017-10-05,48.8265495301293,1
2017-10-06,49.24533462534414,0
2017-10-09,49.17942047129141,0
2017-10-10,48.95589065561758,0
2017-10-11,49.84055328379141,0
2017-10-12,49.84055328379141,0
2017-10-13,49.950576782326564,0
2017-10-16,50.02392578135,0
2017-10-17,50.105701446633205,0
2017-10-18,50.191944122414455,0
2017-10-19,49.651729583840236,0
2017-10-20,49.811809539894924,1
2017-10-23,48.843887329201564,1
2017-10-24,48.990093231301174,1
2017-10-25,49.13728713999258,1
2017-10-26,49.13530731211172,1
2017-10-27,51.22924041758047,0
2017-10-30,51.20248031626211,0
2017-10-31,51.198013305764064,0
2017-11-01,51.67181777964102,0
2017-11-02,51.69015121469961,0
2017-11-03,52.03807067881094,0
2017-11-06,51.675777435402736,-1
2017-11-07,52.15701293955313,-1
2017-11-08,52.44942092905508,-1
2017-11-09,51.92556381235586,-1
2017-11-10,51.74863433847891,0
2017-11-13,51.6024284363793,0
2017-11-14,51.62423706064688,0
2017-11-15,51.365032196144924,0
2017-11-16,51.96273422251211,0
2017-11-17,51.33926010141836,0
2017-11-20,51.278308868508205,0
2017-11-21,52.053428650002346,0
2017-11-22,52.133724212746486,0
2017-11-24,52.36169815073477,0
2017-11-27,53.129383087258205,0
2017-11-28,52.69722366343008,0
2017-11-29,51.41310501108633,0
2017-11-30,51.353137970070705,0
2017-12-01,50.80302429209219,1
2017-12-04,50.14882278452383,1
2017-12-05,50.531917572121486,1
2017-12-06,51.18215942392813,1
2017-12-07,51.76944732676016,1
2017-12-08,52.00783920298086,1
2017-12-11,52.13619995127188,1
2017-12-12,51.97760391245352,1
2017-12-13,52.10745239267813,0
2017-12-14,52.40877151499258,0
2017-12-15,53.12889099131094,0
2017-12-18,53.777645111183986,-1
2017-12-19,53.51447677622305,-1
2017-12-20,53.20621109018789,-1
2017-12-21,53.07190322885977,0
2017-12-22,52.97327423105703,0
2017-12-26,52.8240966797875,0
2017-12-27,52.54407501230703,1
2017-12-28,52.33344650278555,1
2017-12-29,52.20706939707266,1
2018-01-02,53.18886184702383,1
2018-01-03,54.09631729135977,1
2018-01-04,54.30644989023672,1
2018-01-05,55.026565551857814,1
2018-01-08,55.22084426889883,1
2018-01-09,55.15046310434805,1
2018-01-10,55.01913452158438,1
2018-01-11,55.11380004892813,1
2018-01-12,56.03562164316641,0
2018-01-16,56.03808975229727,0
2018-01-17,56.45440673838125,-1
2018-01-18,56.29928207407461,-1
2018-01-19,56.67247009287344,-1
2018-01-22,57.696392059426174,-1
2018-01-23,58.29161834726797,-1
2018-01-24,58.04976272593008,-1
2018-01-25,58.58749389658438,-1
2018-01-26,58.85610961924063,-1
2018-01-29,58.80258941660391,-1
2018-01-30,58.351089477639064,-1
2018-01-31,58.59144973764883,-1
2018-02-01,58.56023406992422,-1
2018-02-02,55.4681510926293,-1
2018-02-05,52.65261840830313,-1
2018-02-06,53.74492645273672,1
2018-02-07,52.306682586769924,1
2018-02-08,49.94264602671133,1
2018-02-09,51.85370254526602,1
2018-02-12,52.26455688486563,1
2018-02-13,52.24374389658438,1
2018-02-14,53.16358184824453,1
2018-02-15,54.0883903504418,1
2018-02-16,54.29356384287344,0
2018-02-20,54.69451141367422,0
2018-02-21,55.198047638039455,0
2018-02-22,55.00724029551016,0
2018-02-23,55.90874481211172,0
2018-02-26,56.6823844910668,0
2018-02-27,55.384395599465236,0
2018-02-28,54.71086883554922,0
2018-03-01,53.09965515146719,0
2018-03-02,53.73056411753164,0
2018-03-05,54.256893158058986,0
2018-03-06,54.56118774424063,0
2018-03-07,55.26198196421133,0
2018-03-08,55.97267532358633,0
2018-03-09,57.531848907570705,0
2018-03-12,57.78411865244375,0
2018-03-13,56.49455261240469,0
2018-03-14,56.93960571299063,0
2018-03-15,57.02484512339102,0
2018-03-16,56.222461700539455,0
2018-03-19,54.52005767832266,0
2018-03-20,54.30844116220938,0
2018-03-21,54.21923065195547,0
2018-03-22,52.19467544565664,0
2018-03-23,50.87636947641836,0
2018-03-26,52.24126434336172,0
2018-03-27,49.90447998056875,0
2018-03-28,49.817256927590236,0
2018-03-29,51.40121078501211,0
2018-04-02,50.18648910532461,0
2018-04-03,50.4863281251,0
2018-04-04,51.032981872658596,0
2018-04-05,51.17818832407461,0
2018-04-06,50.053665161232814,0
2018-04-09,50.556209564308986,0
2018-04-10,51.369495391945705,0
2018-04-11,50.80252075205313,0
2018-04-12,51.408645629982814,0
2018-04-13,51.34669876108633,0
2018-04-16,51.84527587900625,0
2018-04-17,53.49365615854727,1
2018-04-18,53.29690551767813,-1
2018-04-19,53.993728637795314,-1
2018-04-20,53.39255523691641,-1
2018-04-23,53.21860122690664,1
2018-04-24,50.682579040627346,1
2018-04-25,50.699932098488674,1
2018-04-26,51.70700454721914,1
2018-04-27,51.119216919045314,1
2018-04-30,50.481372833351955,1
2018-05-01,51.58011627207266,1
2018-05-02,50.851585388283596,1
2018-05-03,50.86397933969961,1
2018-05-04,52.088123321633205,1
2018-05-07,52.50740432749258,1
2018-05-08,52.464282989601955,1
2018-05-09,53.96894454966055,1
2018-05-10,54.787681579689846,1
2018-05-11,54.684104919533596,1
2018-05-14,54.84368896494375,1
2018-05-15,53.766738891701564,1
2018-05-16,53.72808074961172,0
2018-05-17,53.58782196054922,0
2018-05-18,53.01193237314688,0
2018-05-21,53.724117279152736,0
2018-05-22,53.29294204721914,0
2018-05-23,53.82075881968008,0
2018-05-24,53.79548263559805,0
2018-05-25,53.72758483896719,0
2018-05-29,52.93411636362539,0
2018-05-30,53.399986267189846,0
2018-05-31,54.516590118508205,0
2018-06-01,56.251209259133205,0
2018-06-04,57.145278930764064,0
2018-06-05,57.045162201027736,1
2018-06-06,56.84345245371328,1
2018-06-07,56.222461700539455,0
2018-06-08,56.13771438608633,0
2018-06-11,56.54361343393789,0
2018-06-12,56.9049072266625,0
2018-06-13,56.70864486704336,0
2018-06-14,57.49567413340078,0
2018-06-15,57.45404434214102,0
2018-06-18,58.65885925302969,0
2018-06-19,58.41650772104727,0
2018-06-20,58.683147430519924,0
2018-06-21,57.95807266245352,0
2018-06-22,57.950637817482814,0
2018-06-25,56.46332931528555,0
2018-06-26,56.133255004982814,0
2018-06-27,55.35614776621328,0
2018-06-28,55.84381484995352,0
2018-06-29,55.96326446543203,0
2018-07-02,56.60358428965078,0
2018-07-03,55.32343292246328,0
2018-07-05,56.56293869028555,1
2018-07-06,57.24638366709219,1
2018-07-09,57.85101699839102,1
2018-07-10,57.844078064064846,0
2018-07-11,58.058189392189846,0
2018-07-12,59.53508758554922,0
2018-07-13,59.691699981789455,0
2018-07-16,59.299671173195705,0
2018-07-17,60.120899200539455,0
2018-07-18,60.112468719582424,0
2018-07-19,59.42803955088125,0
2018-07-20,59.36758041391836,0
2018-07-23,60.017810821633205,0
2018-07-24,62.35459136972891,1
2018-07-25,63.23626708994375,0
2018-07-26,63.71007537851797,0
2018-07-27,62.09390258799063,0
2018-07-30,60.96144485483633,0
2018-07-31,60.82168197641836,-1
2018-08-01,61.107646942238674,0
2018-08-02,61.511070251564846,-1
2018-08-03,61.36387634287344,0
2018-08-06,61.33958435068594,0
2018-08-07,62.24010467539297,0
2018-08-08,62.51219177256094,0
2018-08-09,62.66731643686758,0
2018-08-10,62.075061798195705,0
2018-08-13,61.88327026377188,-1
2018-08-14,62.35409927378164,0
2018-08-15,61.069480896096096,-1
2018-08-16,60.66507339487539,-1
2018-08-17,60.258174896340236,-1
2018-08-20,60.56048965464102,-1
2018-08-21,60.33548736582266,-1
2018-08-22,60.550586700539455,-1
2018-08-23,60.521343231301174,-1
2018-08-24,61.29399871836172,-1
2018-08-27,62.26141738901602,-1
2018-08-28,61.74548721323477,-1
2018-08-29,62.67673110971914,-1
2018-08-30,62.17071533213125,-1
2018-08-31,61.048667907814846,-1
2018-09-04,60.03316879282461,-1
2018-09-05,59.42803955088125,-1
2018-09-06,58.67917633066641,1
2018-09-07,58.361988067726955,1
2018-09-10,58.23659896860586,1
2018-09-11,58.97653961191641,1
2018-09-12,58.06512451181875,1
2018-09-13,58.58749389658438,1
2018-09-14,58.38131713877188,1
2018-09-17,57.48179626474844,1
2018-09-18,57.84259796152578,1
2018-09-19,58.19745254526602,0
2018-09-20,59.05484390268789,0
2018-09-21,58.09089279184805,1
2018-09-24,58.45962524424063,1
2018-09-25,59.16983032236563,1
2018-09-26,59.17825317392813,1
2018-09-27,59.83740615854727,1
2018-09-28,59.823535919289455,-1
2018-10-01,59.89538955698477,-1
2018-10-02,59.851280212502346,-1
2018-10-03,60.0440788270043,-1
2018-10-04,58.33621215830313,-1
2018-10-05,57.878284454445705,-1
2018-10-08,57.28801727304922,1
2018-10-09,56.755237579445705,-1
2018-10-10,54.12803649912344,-1
2018-10-11,54.05765533457266,-1
2018-10-12,55.53456497202383,1
2018-10-15,54.63751983652578,1
2018-10-16,56.15605926523672,1
2018-10-17,55.883960723976955,1
2018-10-18,54.41300964365469,1
2018-10-19,54.773311615090236,0
2018-10-22,55.080093383889064,1
2018-10-23,55.255535125832424,1
2018-10-24,52.39142990122305,1
2018-10-25,54.69451141367422,1
2018-10-26,53.71123504648672,1
2018-10-29,51.28177642832266,1
2018-10-30,52.01427459726797,1
2018-10-31,54.04972839365469,1
2018-11-01,53.82174682627188,-1
2018-11-02,53.103618621926174,-1
2018-11-05,52.32254409800039,-1
2018-11-06,53.00846099863516,-1
2018-11-07,54.924968719582424,-1
2018-11-08,54.250450134377346,-1
2018-11-09,53.37768936167227,-1
2018-11-12,52.00684356699453,-1
2018-11-13,51.937950134377346,1
2018-11-14,52.265552520851955,1
2018-11-15,53.08181762705313,1
2018-11-16,52.94403457651602,1
2018-11-19,50.91948699961172,1
2018-11-20,51.069656372170314,1
2018-11-21,51.71295166025625,1
2018-11-23,51.05230712900625,1
2018-11-26,52.33294677744375,1
2018-11-27,52.15155410776602,1
2018-11-28,54.109703064064846,1
2018-11-29,54.24797058115469,-1
2018-11-30,54.99485015879141,-1
2018-12-03,55.32740020761953,-1
2018-12-04,52.65658187876211,-1
2018-12-06,53.430217743019924,1
2018-12-07,51.869060516457424,1
2018-12-10,52.19617080698477,1
2018-12-11,52.61594390879141,1
2018-12-12,53.21463012705313,1
2018-12-13,53.205215454201564,1
2018-12-14,52.12331008921133,1
2018-12-17,50.83176422129141,1
2018-12-18,51.71195983896719,1
2018-12-19,51.31795120249258,1
2018-12-20,50.72917175302969,1
2018-12-21,49.126880645851955,1
2018-12-24,48.80077362070547,1
2018-12-26,51.9320068360375,1
2018-12-27,52.18228530893789,1
2018-12-28,51.874019622902736,1
2018-12-31,51.788780212502346,1
2019-01-02,52.2705078126,1
2019-01-03,50.822837829689846,1
2019-01-04,53.42972564707266,1
2019-01-07,53.32317352304922,1
2019-01-08,53.7915153504418,1
2019-01-09,53.60715484629141,1
2019-01-10,53.46739959726797,1
2019-01-11,52.75570297251211,1
2019-01-14,52.1134033204125,1
2019-01-15,53.84801483164297,1
2019-01-16,53.99669647226797,1
2019-01-17,54.472976684670314,1
2019-01-18,54.87838363657461,0
2019-01-22,53.457481384377346,0
2019-01-23,53.743938446144924,0
2019-01-24,53.723621368508205,0
2019-01-25,54.591426849465236,0
2019-01-28,53.51844024668203,0
2019-01-29,53.03274536142813,0
2019-01-30,54.416973114113674,0
2019-01-31,55.79970932016836,0
2019-02-01,55.439407348732814,0
2019-02-04,56.56938934336172,0
2019-02-05,57.087295532326564,0
2019-02-06,55.65102767954336,0
2019-02-07,54.809490203957424,0
2019-02-08,54.63454818735586,0
2019-02-11,54.621658325295314,0
2019-02-12,55.88347625742422,0
2019-02-13,55.935508728127346,0
2019-02-14,55.9637565613793,0
2019-02-15,55.48945999155508,0
2019-02-19,55.83043670664297,0
2019-02-20,55.53704071054922,-1
2019-02-21,54.72523880014883,-1
2019-02-22,55.33731460581289,-1
2019-02-25,55.37547302256094,-1
2019-02-26,55.60741424570547,-1
2019-02-27,55.65102767954336,-1
2019-02-28,55.832420349221096,-1
2019-03-01,56.92127227793203,-1
2019-03-04,57.16411590586172,-1
2019-03-05,57.94568252573477,-1
2019-03-06,57.73505401621328,-1
2019-03-07,57.0367431641625,-1
2019-03-08,56.99312973032461,-1
2019-03-11,58.444759368996486,-1
2019-03-12,59.336353302101955,-1
2019-03-13,59.42605209360586,-1
2019-03-14,59.10242462168203,-1
2019-03-15,58.99190139780508,-1
2019-03-18,58.905174255471096,-1
2019-03-19,59.59456253061758,-1
2019-03-20,60.78253173838125,-1
2019-03-21,61.26325607309805,-1
2019-03-22,59.85177993784414,-1
2019-03-25,59.34279251108633,-1
2019-03-26,58.96910095224844,-1
2019-03-27,58.382808685402736,-1
2019-03-28,58.09832763681875,-1
2019-03-29,58.32730102549063,-1
2019-04-01,59.42209625254141,-1
2019-04-02,59.747215271096096,-1
2019-04-03,60.00838088999258,-1
2019-04-04,60.43660354624258,-1
2019-04-05,60.04010772715078,-1
2019-04-08,59.88300323496328,-1
2019-04-09,59.60595703135,-1
2019-04-10,59.79230117807852,-1
2019-04-11,59.94793701181875,-1
2019-04-12,60.59915161142813,-1
2019-04-15,60.78747940073477,0
2019-04-16,61.054119110207424,0
2019-04-17,61.46200561533438,0
2019-04-18,61.52791976938711,0
2019-04-22,62.13701629648672,0
2019-04-23,62.971126556496486,-1
2019-04-24,62.448753357033596,-1
2019-04-25,62.81005096445547,-1
2019-04-26,63.309612274269924,-1
2019-04-29,64.24036407480703,-1
2019-04-30,59.42110061655508,-1
2019-05-01,58.15036773691641,-1
2019-05-02,57.81285858164297,0
2019-05-03,58.954734802346096,0
2019-05-06,59.14851760874258,0
2019-05-07,58.4249267579125,0
2019-05-08,58.024490356545314,0
2019-05-09,57.885215759377346,0
2019-05-10,57.86886215219961,0
2019-05-13,56.330005645851955,-1
2019-05-14,55.74866485605703,1
2019-05-15,58.025474548439846,1
2019-05-16,58.70445251474844,0
2019-05-17,57.92535781870352,0
2019-05-20,56.729961395363674,0
2019-05-21,57.21466445932852,0
2019-05-22,57.28453826914297,0
2019-05-23,56.763668060402736,0
2019-05-24,56.43011856089102,0
2019-05-28,56.47720336924063,0
2019-05-29,55.50482940683828,0
2019-05-30,55.577678680519924,1
2019-05-31,54.838733673195705,1
2019-06-03,51.48051452646719,1
2019-06-04,52.261089325051174,1
2019-06-05,51.77291870127188,0
2019-06-06,51.92755126963125,0
2019-06-07,52.9489860535668,0
2019-06-10,53.662166595558986,0
2019-06-11,53.57692337046133,0
2019-06-12,53.48077392588125,0
2019-06-13,54.071041107277736,0
2019-06-14,53.83761215219961,0
2019-06-17,54.21377563486563,0
2019-06-18,54.77628326426016,0
2019-06-19,54.74010467539297,0
2019-06-20,55.170791626076564,0
2019-06-21,55.7739372254418,0
2019-06-24,55.3442497254418,0
2019-06-25,53.901050567726955,0
2019-06-26,53.54123306284414,0
2019-06-27,53.358360290627346,1
2019-06-28,53.664146423439846,1
2019-07-01,54.516590118508205,1
2019-07-02,55.14105224619375,1
2019-07-03,55.655986785988674,1
2019-07-05,56.13572692881094,1
2019-07-08,55.348709106545314,1
2019-07-09,55.72041702280508,1
2019-07-10,56.544109344582424,1
2019-07-11,56.70121765146719,1
2019-07-12,56.763668060402736,1
2019-07-15,57.0198974610375,1
2019-07-16,57.16609573374258,0
2019-07-17,56.83305358896719,0
2019-07-18,56.857837677101955,1
2019-07-19,56.08023071299063,1
2019-07-22,56.45985794077383,1
2019-07-23,56.897972107033596,1
2019-07-24,56.48562622080313,1
2019-07-25,56.29779434214102,1
2019-07-26,61.71377563486563,1
2019-07-29,61.54625701914297,1
2019-07-30,60.86033630381094,1
2019-07-31,60.3746452332543,1
2019-08-01,60.05646896372305,1
2019-08-02,59.29026031504141,1
2019-08-05,57.23002624521719,1
2019-08-06,58.039348602394924,1
2019-08-07,58.27873229990469,1
2019-08-08,59.7794303895043,1
2019-08-09,58.92251968393789,1
2019-08-12,58.208843231301174,1
2019-08-13,59.31058120737539,1
2019-08-14,57.70085906992422,1
2019-08-15,57.952129364113674,1
2019-08-16,58.44227981577383,1
2019-08-19,59.494441986183986,1
2019-08-20,58.65637588510977,0
2019-08-21,59.05534362802969,0
2019-08-22,59.0523681641625,0
2019-08-23,57.172046661476955,0
2019-08-26,58.044307708840236,0
2019-08-27,58.02646636972891,0
2019-08-28,58.171680450539455,1
2019-08-29,59.18717193613516,0
2019-08-30,59.0033073426293,0
2019-09-03,57.963523864846096,0
2019-09-04,58.59393692026602,0
2019-09-05,60.076797485451564,-1
2019-09-06,59.78586196909414,-1
2019-09-09,59.73382949839102,0
2019-09-10,59.7551383973168,1
2019-09-11,60.46384429941641,1
2019-09-12,61.20577621469961,0
2019-09-13,61.456558227639064,0
2019-09-16,61.04024124155508,1
2019-09-17,60.95351028452383,0
2019-09-18,61.09079360971914,0
2019-09-19,61.393115997414455,0
2019-09-20,60.951534271340236,0
2019-09-23,61.19190216074453,0
2019-09-24,60.38108825693594,0
2019-09-25,61.74945068369375,0
2019-09-26,61.568557739357814,0
2019-09-27,60.758743286232814,0
2019-09-30,60.52035141001211,0
2019-10-01,59.770000457863674,0
2019-10-02,58.378345489601955,0
2019-10-03,58.948787689308986,1
2019-10-04,60.015823364357814,1
2019-10-07,59.881519317726955,1
2019-10-08,58.983482360939846,1
2019-10-09,59.59158325205313,1
2019-10-10,59.94198608408438,1
2019-10-11,60.251235962014064,1
2019-10-14,60.35333633432852,0
2019-10-15,61.56607437143789,1
2019-10-16,61.60374450693594,1
2019-10-17,62.089439392189846,0
2019-10-18,61.67362976084219,-1
2019-10-21,61.66718673716055,-1
2019-10-22,61.514541626076564,-1
2019-10-23,62.32881546030508,-1
2019-10-24,62.40216827402578,-1
2019-10-25,62.65938186655508,-1
2019-10-28,63.88253402719961,1
2019-10-29,62.47898864756094,1
2019-10-30,62.48096084604727,1
2019-10-31,62.38679885874258,1
2019-11-01,63.05339050302969,1
2019-11-04,63.91376495371328,1
2019-11-05,64.00446319590078,1
2019-11-06,63.983142852883205,1
2019-11-07,64.77265167246328,0
2019-11-08,64.87473297129141,0
2019-11-11,64.34344482431875,0
2019-11-12,64.29041290293203,0
2019-11-13,64.23937225351797,0
2019-11-14,64.88216400156485,0
2019-11-15,66.09095764170156,0
2019-11-18,65.41197204599844,0
2019-11-19,65.05267333994375,0
2019-11-20,64.52086639414297,0
2019-11-21,64.43563842783438,0
2019-11-22,64.11498260508047,0
2019-11-25,64.70822143564688,0
2019-11-26,65.07296752939688,0
2019-11-27,65.02986145029531,0
2019-11-29,64.63139343271719,0
2019-12-02,63.8765983582543,0
2019-12-03,64.16802215586172,0
2019-12-04,65.36737060556875,-1
2019-12-05,65.76485443125235,0
2019-12-06,66.3808822632836,0
2019-12-09,66.55929565439688,0
2019-12-10,66.5543441773461,0
2019-12-11,66.62175750742422,0
2019-12-12,66.83188629160391,0
2019-12-13,66.75159454355703,0
2019-12-16,67.43702697763906,0
2019-12-17,67.1490707398461,0
2019-12-18,67.00138092051016,0
2019-12-19,67.22587585459219,0
2019-12-20,66.9671859742211,0
2019-12-23,66.93795013437735,1
2019-12-24,66.63065338144766,1
2019-12-26,67.52474212656485,1
2019-12-27,67.13668060312735,1
2019-12-30,66.39673614511953,1
2019-12-31,66.3808822632836,1
2020-01-02,67.83251953135,1
2020-01-03,67.4776611329125,1
2020-01-06,69.27622985849844,0
2020-01-07,69.14240264902578,0
2020-01-08,69.63452911386953,0
2020-01-09,70.36556243906485,-1
2020-01-10,70.82002258310781,-1
2020-01-13,71.36865997324453,-1
2020-01-14,70.90079498301016,-1
2020-01-15,71.32752227793203,-1
2020-01-16,71.87071990976797,-1
2020-01-17,73.32579040537344,-1
2020-01-21,73.46111297617422,-1
2020-01-22,73.54138946543203,-1
2020-01-23,73.58202362070547,-1
2020-01-24,72.66416168222891,-1
2020-01-27,70.9572982789086,-1
2020-01-28,71.88755798349844,-1
2020-01-29,72.19483184824453,-1
2020-01-30,72.07341766367422,-1
2020-01-31,71.00933837900625,-1
2020-02-03,73.47844696054922,-1
2020-02-04,71.63528442392813,-1
2020-02-05,71.66700744638906,-1
2020-02-06,73.14985656748281,-1
2020-02-07,73.30548858652578,0
2020-02-10,74.77000427256094,0
2020-02-11,74.8393783570336,0
2020-02-12,75.26412963877188,0
2020-02-13,75.00440979013906,-1
2020-02-14,75.26908111582266,-1
2020-02-18,75.30426025400625,-1
2020-02-19,75.57337951670156,-1
2020-02-20,75.18283844004141,-1
2020-02-21,73.52108764658438,-1
2020-02-24,70.36900329599844,-1
2020-02-25,68.70675659189688,0
2020-02-26,68.91242980967031,0
2020-02-27,65.16963195810781,0
2020-02-28,66.37393951426016,0
2020-03-02,68.70675659189688,0
2020-03-03,66.2981185914086,0
2020-03-04,68.47283172617422,0
2020-03-05,65.16020202646719,0
2020-03-06,64.21756744394766,0
2020-03-09,60.255203247170314,0
2020-03-10,63.19810485849844,0
2020-03-11,60.01285552988516,0
2020-03-12,55.089012146096096,0
2020-03-13,60.17987442026602,0
2020-03-16,53.17845916758047,0
2020-03-17,55.41165161142813,0
2020-03-18,54.07996368418203,1
2020-03-19,55.09496307383047,1
2020-03-20,52.941055297951564,1
2020-03-23,52.243247985939846,1
2020-03-24,56.00389862070547,1
2020-03-25,54.59688186655508,0
2020-03-26,57.634937286476955,0
2020-03-27,55.02508544931875,0
2020-03-30,56.81173324594961,-1
2020-03-31,57.58686065683828,0
2020-04-01,54.620662689308986,0
2020-04-02,55.360610962014064,0
2020-04-03,54.15479278574453,0
2020-04-06,58.6395263672875,0
2020-04-07,58.608299255471096,0
2020-04-08,59.819568634133205,0
2020-04-09,59.79825592051016,0
2020-04-13,59.988567352394924,0
2020-04-14,62.70548248301016,0
2020-04-15,62.312461853127346,0
2020-04-16,62.31890106211172,0
2020-04-17,63.38792419443594,0
2020-04-20,62.50326538095938,0
2020-04-21,60.075298309426174,1
2020-04-22,62.36747741709219,1
2020-04-23,62.99986267099844,1
2020-04-24,63.26898574839102,1
2020-04-27,62.9845085145043,1
2020-04-28,61.087818145851955,0
2020-04-29,66.51914978037344,0
2020-04-30,66.74317932138906,0
2020-05-01,65.28707885752188,0
2020-05-04,65.56363677988516,0
2020-05-05,66.85814666758047,0
2020-05-06,66.68023681650625,0
2020-05-07,67.86225128183828,0
2020-05-08,68.60863494883047,1
2020-05-11,69.56266784677969,0
2020-05-12,68.1546630860375,0
2020-05-13,66.82394409189688,0
2020-05-14,67.24671936045156,0
2020-05-15,68.04959869394766,0
2020-05-18,68.6502685547875,0
2020-05-19,68.11599731455313,0
2020-05-20,69.83872222910391,0
2020-05-21,69.71929931650625,0
2020-05-22,70.04094696054922,0
2020-05-26,70.44384765635,0
2020-05-27,70.38984680185781,0
2020-05-28,70.28872680674063,0
2020-05-29,71.04602813730703,0
2020-06-01,71.1129379273461,0
2020-06-02,71.48166656504141,0
2020-06-03,71.33000183115469,0
2020-06-04,70.09346008310781,0
2020-06-05,71.3681640626,0
2020-06-08,71.76564025888906,0
2020-06-09,71.96585083017813,-1
2020-06-10,72.59131622324453,-1
2020-06-11,69.47891998301016,-1
2020-06-12,70.02507019052969,-1
2020-06-15,70.41264343271719,-1
2020-06-16,71.68783569345938,-1
2020-06-17,71.9886703492211,-1
2020-06-18,71.07575988779531,-1
2020-06-19,70.60592651377188,-1
2020-06-22,71.89548492441641,-1
2020-06-23,72.55563354502188,-1
2020-06-24,71.00538635263906,-1
2020-06-25,71.42168426523672,-1
2020-06-26,67.52820587168203,-1
2020-06-29,69.24447631845938,1
2020-06-30,70.27932739267813,1
2020-07-01,71.46628570566641,1
2020-07-02,72.85050201426016,0
2020-07-06,74.32345581064688,0
2020-07-07,73.84123229990469,0
2020-07-08,74.51921844492422,0
2020-07-09,75.26560974131094,0
2020-07-10,76.27416229258047,-1
2020-07-13,74.94692993174063,-1
2020-07-14,75.37464141855703,-1
2020-07-15,75.17739868174063,-1
2020-07-16,75.08023834238516,0
2020-07-17,75.17589569101797,0
2020-07-20,77.50474548349844,0
2020-07-21,77.11222839365469,0
2020-07-22,77.55479431162344,0
2020-07-23,75.17095184336172,0
2020-07-24,74.74768829355703,0
2020-07-27,75.79936981211172,0
2020-07-28,74.52170562754141,-1
2020-07-29,75.50596618662344,-1
2020-07-30,76.24244689951406,-1
2020-07-31,73.74359893808828,-1
2020-08-03,73.48638153086172,-1
2020-08-04,73.01753997812735,-1
2020-08-05,73.30448913584219,-1
2020-08-06,74.58612060556875,-1
2020-08-07,74.26002502451406,-1
2020-08-10,74.18320465097891,0
2020-08-11,73.3763656617211,0
2020-08-12,74.69962310801016,0
2020-08-13,75.16598510752188,0
2020-08-14,74.57027435312735,0
2020-08-17,75.14566040049063,0
2020-08-18,77.10529327402578,0
2020-08-19,76.55169677744375,-1
2020-08-20,78.11978912363516,0
2020-08-21,78.0860824585961,-1
2020-08-24,78.56087493906485,0
2020-08-25,79.58679962168203,0
2020-08-26,81.48396301279531,0
2020-08-27,80.7103271485375,0
2020-08-28,81.25102996836172,0
2020-08-31,80.76038360605703,1
2020-09-01,82.02664947519766,1
2020-09-02,85.1147689820336,-1
2020-09-03,80.75938415537344,-1
2020-09-04,78.36560821543203,-1
2020-09-08,75.51043701181875,0
2020-09-09,76.68154907236563,1
2020-09-10,75.63185119638906,1
2020-09-11,75.12187194834219,1
2020-09-14,74.77841949472891,1
2020-09-15,76.08136749277578,1
2020-09-16,74.94000244150625,1
2020-09-17,73.69850158701406,0
2020-09-18,71.91679382334219,0
2020-09-21,70.87850189218985,0
2020-09-22,72.34945678720938,0
2020-09-23,69.85011291513906,0
2020-09-24,70.51771545420156,0
2020-09-25,71.32058715830313,0
2020-09-28,72.29197692881094,0
2020-09-29,72.65674591074453,0
2020-09-30,72.63593292246328,0
2020-10-01,73.74111938486563,0
2020-10-02,72.14031982431875,-1
2020-10-05,73.48984527597891,-1
2020-10-06,71.91331481943594,1
2020-10-07,72.31576538095938,1
2020-10-08,73.51959228525625,1
2020-10-09,74.85870361338125,1
2020-10-12,77.54191589365469,1
2020-10-13,77.66482543955313,1
2020-10-14,77.48493194590078,1
2020-10-15,77.08992767343985,1
2020-10-16,77.69605255136953,1
2020-10-19,75.82514953623281,1
2020-10-20,76.87236022959219,1
2020-10-21,78.60250854502188,1
2020-10-22,79.62694549570547,1
2020-10-23,80.93137359629141,1
2020-10-26,78.51825714121328,0
2020-10-27,79.24134063730703,0
2020-10-28,74.87606048593985,0
2020-10-29,77.1598129273461,1
2020-10-30,80.09527587900625,1
2020-11-02,80.50216674814688,1
2020-11-03,81.55978393564688,0
2020-11-04,86.52526092539297,0
2020-11-05,87.35044097910391,0
2020-11-06,87.21316528330313,0
2020-11-09,87.29692840586172,0
2020-11-10,86.12232971201406,0
2020-11-11,86.59365844736563,0
2020-11-12,86.37509155283438,0
2020-11-13,87.83414459238516,0
2020-11-16,87.92188262949453,0
2020-11-17,87.30881500254141,0
2020-11-18,86.26705169687735,1
2020-11-19,87.15567016611563,1
2020-11-20,86.05591583261953,0
2020-11-23,85.6187973023461,1
2020-11-24,87.4198226929711,1
2020-11-25,87.43123626718985,0
2020-11-27,88.56566619883047,0
2020-11-30,86.9489974976586,0
2020-12-01,88.97899627695547,0
2020-12-02,90.44648742685781,-1
2020-12-03,90.2913818360375,-1
2020-12-04,90.38651275644766,-1
2020-12-07,90.05298614511953,0
2020-12-08,89.77048492441641,0
2020-12-09,88.1116943360375,0
2020-12-10,87.60567474375235,0
2020-12-11,87.96003723154531,0
2020-12-14,86.84294128427969,0
2020-12-15,87.28006744394766,0
2020-12-16,87.08727264414297,0
2020-12-17,86.26060485849844,0
2020-12-18,85.5523910523461,0
2020-12-21,85.9657211304711,0
2020-12-22,85.25503540049063,0
2020-12-23,85.65200805674063,0
2020-12-24,85.94589233408438,0
2020-12-28,87.91839599619375,0
2020-12-29,87.11553192148672,0
2020-12-30,86.04947662363516,0
2020-12-31,86.86177062998281,0
2021-01-04,85.54792785654531,1
2021-01-05,86.2378158570336,1
2021-01-06,85.38684844980703,1
2021-01-07,87.937255859475,1
2021-01-08,89.10141754160391,1
2021-01-11,87.04266357431875,1
2021-01-12,86.10795593271719,1
2021-01-13,86.59465789804922,1
2021-01-14,85.78532409677969,1
2021-01-15,85.62176513681875,1
2021-01-19,88.43928527842031,1
2021-01-20,93.17727661142813,1
2021-01-21,93.37947845468985,1
2021-01-22,93.7962875367211,1
2021-01-25,93.88152313242422,1
2021-01-26,94.55902099619375,1
2021-01-27,90.14763641367422,0
2021-01-28,91.8455810547875,0
2021-01-29,90.56492614756094,0
2021-02-01,93.82157135019766,1
2021-02-02,95.11260223398672,1
2021-02-03,102.03919219980703,1
2021-02-04,101.77901458750235,0
2021-02-05,103.52352905283438,0
2021-02-08,103.3099365235375,0
2021-02-09,102.85743713388906,0
2021-02-10,103.40705871592031,0
2021-02-11,103.51956939707266,0
2021-02-12,103.83080291758047,0
2021-02-16,104.60742950449453,0
2021-02-17,104.99994659433828,-1
2021-02-18,104.36506652842031,-1
2021-02-19,103.52254486093985,-1
2021-02-22,101.81021881113516,-1
2021-02-23,102.10065460215078,0
2021-02-24,103.27474212656485,0
2021-02-25,99.91156005869375,0
2021-02-26,100.20693969736563,0
2021-03-01,102.57345581064688,0
2021-03-02,102.31673431406485,0
2021-03-03,99.68656158457266,0
2021-03-04,100.80266571054922,0
2021-03-05,103.9319076539086,0
2021-03-08,99.49277496347891,0
2021-03-09,101.12133026133047,0
2021-03-10,100.91466522226797,0
2021-03-11,104.1038818360375,0
2021-03-12,101.59909820566641,0
2021-03-15,101.81914520273672,0
2021-03-16,103.27870178232656,0
2021-03-17,103.19593811045156,-1
2021-03-18,100.17869567881094,0
2021-03-19,100.45722198496328,0
2021-03-22,100.64208984385,0
2021-03-23,101.16940307627188,0
2021-03-24,100.73328399668203,0
2021-03-25,100.72981262217031,0
2021-03-26,100.34671783457266,0
2021-03-29,101.39044189463125,0
2021-03-30,101.42414093027578,0
2021-03-31,102.21959686289297,0
2021-04-01,105.55303955088125,0
2021-04-05,109.97283935556875,0
2021-04-06,109.49210357676016,0
2021-04-07,110.967529296975,0
2021-04-08,111.53252410898672,0
2021-04-09,112.53562164316641,0
2021-04-12,111.24456787119375,0
2021-04-13,111.73075103769766,0
2021-04-14,111.1102523804711,0
2021-04-15,113.25820922861563,0
2021-04-16,113.13430786142813,0
2021-04-19,113.48173522959219,0
2021-04-20,112.94895935068594,0
2021-04-21,112.916259765725,-1
2021-04-22,111.63609313974844,-1
2021-04-23,113.98575592051016,-1
2021-04-26,114.48136901865469,-1
2021-04-27,113.54219055185781,-1
2021-04-28,116.91529083261953,-1
2021-04-29,118.58646392832266,-1
2021-04-30,116.64073181162344,-1
2021-05-03,116.12430572519766,-1
2021-05-04,114.32772827158438,-1
2021-05-05,114.72123718271719,-1
2021-05-06,115.84030914316641,-1
2021-05-07,116.56291198740469,-1
2021-05-10,113.58035278330313,-1
2021-05-11,112.50538635263906,-1
2021-05-12,109.04557037363516,-1
2021-05-13,110.47242736826406,1
2021-05-14,112.9177474976586,1
2021-05-17,113.44009399424063,1
2021-05-18,112.12921905527578,1
2021-05-19,112.57675933847891,1
2021-05-20,114.33368682871328,1
2021-05-21,113.69831085215078,1
2021-05-24,117.01441192636953,1
2021-05-25,117.10509490976797,-1
2021-05-26,117.96945190439688,-1
2021-05-27,117.09568786631094,-1
2021-05-28,116.80673980722891,-1
2021-06-01,118.01256561289297,-1
2021-06-02,117.48771667490469,1
2021-06-03,116.3473129273461,1
2021-06-04,118.6266098023461,1
2021-06-07,119.05927276621328,1
2021-06-08,118.86796569834219,1
2021-06-09,119.33879089365469,1
2021-06-10,120.68635559092031,1
2021-06-11,120.44202423105703,1
2021-06-14,121.36929321299063,1
2021-06-15,120.3523178101586,1
2021-06-16,119.71099090586172,1
2021-06-17,120.67347717295156,1
2021-06-18,119.05531311045156,1
2021-06-21,120.74185180674063,1
2021-06-22,121.25531005869375,0
2021-06-23,121.0535888672875,-1
2021-06-24,121.42330169687735,-1
2021-06-25,121.43174743662344,-1
2021-06-28,121.4590072632836,-1
2021-06-29,121.19780731211172,-1
2021-06-30,121.01642608652578,-1
2021-07-01,121.36830139170156,-1
2021-07-02,124.15657043467031,-1
2021-07-06,125.08087921152578,-1
2021-07-07,125.36238098154531,-1
2021-07-08,123.94493865976797,-1
2021-07-09,124.41527557383047,-1
2021-07-12,125.85946655283438,-1
2021-07-13,126.22225952158438,-1
2021-07-14,127.1098861695336,-1
2021-07-15,125.88871765146719,0
2021-07-16,125.8540267945336,-1
2021-07-19,123.48304748545156,-1
2021-07-20,125.10019683847891,1
2021-07-21,126.42794036875235,-1
2021-07-22,127.29276275644766,-1
2021-07-23,131.8459014893578,-1
2021-07-26,132.85693359385,-1
2021-07-27,130.7406768799828,0
2021-07-28,134.8978271485375,0
2021-07-29,134.58412170420155,0
2021-07-30,133.54234313974843,0
2021-08-02,133.66925048838124,-1
2021-08-03,134.4378967286156,-1
2021-08-04,133.93783569345936,-1
2021-08-05,135.053955078225,-1
2021-08-06,134.54545593271718,0
2021-08-09,135.70960998545155,0
2021-08-10,135.6045684815453,0
2021-08-11,135.0812072754906,0
2021-08-12,135.9881591797875,0
2021-08-13,136.5169982911156,0
2021-08-16,137.09384155283436,0
2021-08-17,135.46034240732655,0
2021-08-18,134.25851440439686,0
2021-08-19,134.4874572754906,0
2021-08-20,136.22157287607655,0
2021-08-23,138.8106231690453,0
2021-08-24,140.0199279786156,0
2021-08-25,140.83021545420155,-1
2021-08-26,140.1973419190453,-1
2021-08-27,142.73829650888905,-1
2021-08-30,143.31964111338124,-1
2021-08-31,143.42570495615468,-1
2021-09-01,143.93917846689686,-1
2021-09-02,142.02760314951405,-1
2021-09-03,142.47613525400624,-1
2021-09-07,143.0123596192406,-1
2021-09-08,142.4280548096703,-1
2021-09-09,142.2793731690453,0
2021-09-10,139.6378173829125,0
2021-09-13,141.08151245127186,0
2021-09-14,141.2916259766625,0
2021-09-15,143.16007995615468,0
2021-09-16,142.34776306162343,0
2021-09-17,139.56246948252186,1
2021-09-20,137.50025939951405,1
2021-09-21,137.8109893799828,1
2021-09-22,139.0504913331078,1
2021-09-23,139.97482299814686,1
2021-09-24,140.96501159677968,1
2021-09-27,139.83207702646718,1
2021-09-28,134.63615417490468,1
2021-09-29,133.17262268076405,-1
2021-09-30,132.50106811533436,-1
2021-10-01,135.34288024912343,-1
2021-10-04,132.48472595224843,1
2021-10-05,134.82745361338124,1
2021-10-06,136.35589599619374,1
2021-10-07,138.00131225595936,1
2021-10-08,138.55685424814686,1
2021-10-11,137.69305419931874,1
2021-10-12,135.2497100831078,1
2021-10-13,136.37274169931874,1
2021-10-14,139.910400390725,1
2021-10-15,140.12548828135,1
2021-10-18,141.52308654795155,1
2021-10-19,141.97802734385,1
2021-10-20,140.52293396006093,1
2021-10-21,140.63893127451405,1
2021-10-22,136.3573760987328,1
2021-10-25,136.23893737802968,1
2021-10-26,138.08407592783436,1
2021-10-27,144.93235778818593,1
2021-10-28,144.5670928956078,1
2021-10-29,146.74476623545155,1
2021-11-01,142.23576354990468,1
2021-11-02,144.15426635752186,1
2021-11-03,145.30950927744374,1
2021-11-04,146.96434021006093,1
2021-11-05,147.54371643076405,1
2021-11-08,147.7211456299828,1
2021-11-09,147.609619140725,1
2021-11-10,144.61119079599843,1
2021-11-11,144.48532104502186,1
2021-11-12,147.3712463379906,1
2021-11-15,147.14720153818593,1
2021-11-16,146.57630920420155,1
2021-11-17,146.7457580567406,1
2021-11-18,148.52154541025624,1
2021-11-19,147.6175537110375,1
2021-11-22,145.01611328135,1
2021-11-23,144.5006866456078,1
2021-11-24,144.83570861826405,1
2021-11-26,140.93331909189686,1
2021-11-29,144.25138854990468,1
2021-11-30,140.6503448487328,1
2021-12-01,139.81173706064686,1
2021-12-02,141.70944213877186,1
2021-12-03,140.75340271006093,1
2021-12-06,141.89677429209218,1
2021-12-07,145.97509765635,1
2021-12-08,146.884033203225,1
2021-12-09,146.34088134775624,1
2021-12-10,146.70066833506093,1
2021-12-13,144.5447998047875,1
2021-12-14,142.64213562021718,1
2021-12-15,145.1538848877953,1
2021-12-16,143.17543029795155,1
2021-12-17,140.47935485849843,1
2021-12-20,140.3623809815453,1
2021-12-21,142.21148681650624,1
2021-12-22,145.12811279306874,1
2021-12-23,145.62521362314686,1
2021-12-27,146.60649108896718,1
2021-12-28,145.397705078225,1
2021-12-29,145.36602783213124,1
2021-12-30,144.91549682627186,1
2021-12-31,143.578857421975,1
2022-01-03,143.71713256845936,1
2022-01-04,143.13034057627186,1
2022-01-05,136.56402587900624,1
2022-01-06,136.53678894052968,1
2022-01-07,135.81271362314686,1
2022-01-10,137.45066833506093,1
2022-01-11,138.50779724131093,1
2022-01-12,140.1874084473656,1
2022-01-13,137.36891174326405,1
2022-01-14,138.2545471192406,1
2022-01-18,134.80267333994374,1
2022-01-19,133.92892456064686,1
2022-01-20,132.13583374033436,1
2022-01-21,129.205810546975,1
2022-01-24,129.65434265146718,1
2022-01-25,125.81931304941641,1
2022-01-26,128.09715271006093,1
2022-01-27,127.87115478525625,1
2022-01-28,132.17893981943593,1
2022-01-31,134.1142883301781,1
2022-02-01,136.43418884287343,1
2022-02-02,146.69918823252186,1
2022-02-03,141.83233642588124,-1
2022-02-04,142.03355407724843,1
2022-02-07,137.97750854502186,1
2022-02-08,138.17381286631093,1
2022-02-09,140.34751892099843,1
2022-02-10,137.40162658701405,1
2022-02-11,133.10226440439686,1
2022-02-14,134.33480834970936,1
2022-02-15,135.40782165537343,1
2022-02-16,136.52738952646718,1
2022-02-17,131.3740539551781,1
2022-02-18,129.25685119638905,1
2022-02-22,128.67254638681874,1
2022-02-23,126.4665756226586,1
2022-02-24,131.5247344971703,1
2022-02-25,133.27769470224843,1
2022-02-28,133.8699493409203,1
2022-03-01,132.88319396982655,1
2022-03-02,133.38871765146718,1
2022-03-03,132.7226104737328,1
2022-03-04,130.74711608896718,1
2022-03-07,125.2677230835961,1
2022-03-08,125.98734283457266,1
2022-03-09,132.247314453225,1
2022-03-10,131.26554870615468,1
2022-03-11,128.72904968271718,1
2022-03-14,124.84397125254141,1
2022-03-15,128.06242370615468,1
2022-03-16,132.10906982431874,1
2022-03-17,132.6626739502953,1
2022-03-18,134.92904663095936,1
2022-03-21,134.90528869638905,1
2022-03-22,138.63865661631093,1
2022-03-23,137.06016540537343,1
2022-03-24,140.3276672364281,1
2022-03-25,140.4278106690453,1
2022-03-28,140.21220397959218,1
2022-03-29,141.25297546396718,1
2022-03-30,140.69097900400624,1
2022-03-31,137.84519958506093,1
2022-04-01,138.91867065439686,1
2022-04-04,141.7148742676781,1
2022-04-05,139.35528564463124,1
2022-04-06,135.3478546143578,1
2022-04-07,134.69415283213124,1
2022-04-08,132.11598205576405,1
2022-04-11,127.69121551523672,1
2022-04-12,126.59197235117422,1
2022-04-13,128.75230407724843,1
2022-04-14,125.61613464365469,1
2022-04-18,126.55431365976797,1
2022-04-19,128.86631774912343,1
2022-04-20,126.91461944590078,1
2022-04-21,123.71746063242422,1
2022-04-22,118.58399200449453,1
2022-04-25,121.99225616465078,1
2022-04-26,117.60715484629141,1
2022-04-27,113.2899398804711,1
2022-04-28,117.48078155527578,1
2022-04-29,113.10655212412344,1
2022-05-02,115.55831909189688,1
2022-05-03,116.30272674570547,1
2022-05-04,121.18641662607656,1
2022-05-05,115.48149871836172,1
2022-05-06,114.72917175302969,1
2022-05-09,111.52210998545156,1
2022-05-10,113.3895492554711,1
2022-05-11,112.60401916513906,1
2022-05-12,111.85218811045156,1
2022-05-13,115.03049469004141,1
2022-05-16,113.4391098023461,1
2022-05-17,115.44927978525625,1
2022-05-18,110.91598510752188,1
2022-05-19,109.41378784189688,1
2022-05-20,107.95077514658438,1
2022-05-23,110.50810241709219,1
2022-05-24,105.03860473642813,1
2022-05-25,104.87504577646719,1
2022-05-26,106.84508514414297,1
2022-05-27,111.32930755625235,1
2022-05-31,112.76212310801016,1
2022-06-01,112.89097595224844,1
2022-06-02,116.58867645273672,1
2022-06-03,113.53427124033438,1
2022-06-06,115.79373931894766,1
2022-06-07,116.11983490000235,1
2022-06-08,116.16394805918203,1
2022-06-09,113.82617950449453,1
2022-06-10,110.18446350107656,1
2022-06-13,105.45738983164297,1
2022-06-14,105.77754974375235,1
2022-06-15,108.79975128183828,1
2022-06-16,105.10153961191641,1
2022-06-17,106.2017822266625,1
2022-06-21,110.56360626230703,1
2022-06-22,110.50761413584219,1
2022-06-23,111.25546264658438,1
2022-06-24,116.93807983408438,1
2022-06-27,114.81539917002188,1
2022-06-28,111.02302551279531,1
2022-06-29,110.71971893320547,1
2022-06-30,108.00529479990469,1
2022-07-01,107.78177642832266,1
2022-07-05,112.26750946054922,1
2022-07-06,113.56498718271719,1
2022-07-07,117.73898315439688,1
2022-07-08,118.30447387705313,1
2022-07-11,114.65979766855703,1
2022-07-12,113.01834106455313,1
2022-07-13,110.3747787476586,1
2022-07-14,109.39745330820547,1
2022-07-15,110.79505920420156,1
2022-07-18,108.07169342051016,1
2022-07-19,112.80968475351797,1
2022-07-20,112.89890289316641,1
2022-07-21,113.33502197275625,1
2022-07-22,106.95163726816641,1
2022-07-25,106.56507110605703,1
2022-07-26,104.09693908701406,1
2022-07-27,112.0662841797875,1
2022-07-28,113.21607971201406,1
2022-07-29,115.29763793955313,1
2022-08-01,113.85045623789297,1
2022-08-02,114.11808776865469,1
2022-08-03,117.04216766367422,1
2022-08-04,117.15119934092031,1
2022-08-05,116.4375228882836,1
2022-08-08,116.26902771006094,1
2022-08-09,115.60491180429922,1
2022-08-10,118.64792633066641,1
2022-08-11,117.79547882090078,1
2022-08-12,120.61051177988516,1
2022-08-15,121.00700378427969,1
2022-08-16,120.63034820566641,1
2022-08-17,118.49924469004141,1
2022-08-18,119.11378479013906,1
2022-08-19,116.17980194101797,1
2022-08-22,113.23591613779531,1
2022-08-23,112.85924530039297,1
2022-08-24,112.69075012217031,1
2022-08-25,115.62472534189688,1
2022-08-26,109.37017822275625,1
2022-08-29,108.45828247080313,1
2022-08-30,107.98250579843985,1
2022-08-31,107.2688217164086,1
2022-09-01,108.77545928965078,1
2022-09-02,106.90208435068594,1
2022-09-06,105.87122344980703,1
2022-09-07,108.48799896250235,1
2022-09-08,107.42742156992422,1
2022-09-09,109.67746734629141,1
2022-09-12,109.8856201172875,1
2022-09-13,103.40311431894766,1
2022-09-14,104.07712554941641,1
2022-09-15,102.00548553476797,1
2022-09-16,101.89646911631094,1
2022-09-19,102.1640853882836,1
2022-09-20,100.25105285654531,1
2022-09-21,98.40740203867422,1
2022-09-22,99.25984191904531,1
2022-09-23,97.87213134775625,1
2022-09-26,97.30714416513906,1
2022-09-27,96.64304351816641,1
2022-09-28,99.17063903818594,1
2022-09-29,96.56375122080313,1
2022-09-30,94.80929565439688,1
2022-10-03,97.77301025400625,1
2022-10-04,100.74665069590078,1
2022-10-05,100.53849792490469,1
2022-10-06,100.52860260019766,1
2022-10-07,97.81267547617422,1
2022-10-10,96.99988555918203,1
2022-10-11,96.32585906992422,1
2022-10-12,96.70252227793203,1
2022-10-13,98.18932342539297,1
2022-10-14,95.71131134043203,1
2022-10-17,99.09133911142813,1
2022-10-18,99.8843002320336,1
2022-10-19,98.75433349619375,1
2022-10-20,99.09133911142813,1
2022-10-21,100.24113464365469,1
2022-10-24,101.61892700205313,-1
2022-10-25,103.56169128427969,-1
2022-10-26,94.09563446054922,-1
2022-10-27,91.40945434580313,-1
2022-10-28,95.44367218027578,1
2022-10-31,93.67932891855703,1
2022-11-01,89.6748275757836,1
2022-11-02,86.20560455332266,1
2022-11-03,82.69670104990469,1
2022-11-04,85.81901550302969,1
2022-11-07,87.71222686777578,1
2022-11-08,88.11862945566641,1
2022-11-09,86.55252075205313,1
2022-11-10,93.11433410654531,1
2022-11-11,95.5626220704125,1
2022-11-14,94.85886383066641,1
2022-11-15,97.57478332529531,1
2022-11-16,97.98118591318594,1
2022-11-17,97.49547576914297,1
2022-11-18,96.57364654551016,1
2022-11-21,94.75974273691641,1
2022-11-22,96.19699859629141,1
2022-11-23,97.59459686289297,1
2022-11-25,96.60340881357656,1
2022-11-28,95.20578765879141,1
2022-11-29,94.35334777842031,1
2022-11-30,100.10237884531485,1
2022-12-01,100.10237884531485,1
2022-12-02,99.55720520029531,1
2022-12-05,98.60563659677969,1
2022-12-06,96.12761688242422,1
2022-12-07,94.10554504404531,1
2022-12-08,92.88636016855703,1
2022-12-09,92.01409912119375,1
2022-12-12,92.4898681641625,1
2022-12-13,94.78947448740469,1
2022-12-14,94.23441314707266,1
2022-12-15,90.06141662607656,1
2022-12-16,89.4666976929711,1
2022-12-19,87.66268157968985,1
2022-12-20,88.23757934580313,1
2022-12-21,88.79265594492422,1
2022-12-22,86.9886474610375,1
2022-12-23,88.44573211679922,1
2022-12-27,86.62190246592031,1
2022-12-28,85.26394653330313,1
2022-12-29,87.67256927500235,1
2022-12-30,87.45452880869375,1
2023-01-03,88.3366928101586,1
2023-01-04,87.30583953867422,1
2023-01-05,85.4423828126,1
2023-01-06,86.57234191904531,1
2023-01-09,87.24635314951406,1
2023-01-10,87.64286041269766,1
2023-01-11,90.7155990601586,1
2023-01-12,90.32904052744375,1
2023-01-13,91.3103256226586,1
2023-01-17,90.48762512217031,1
2023-01-18,90.31910705576406,1
2023-01-19,92.23217010508047,1
2023-01-20,97.15847778330313,1
2023-01-23,98.91291809092031,1
2023-01-24,96.84130096445547,1
2023-01-25,94.38309478769766,1
2023-01-26,96.66287994394766,1
2023-01-27,98.49661254892813,1
2023-01-30,96.08796691904531,1
2023-01-31,97.97125244150625,1
2023-02-01,99.54728698740469,1
2023-02-02,106.79303741465078,1
2023-02-03,103.85906219492422,1
2023-02-06,101.99558258066641,0
2023-02-07,106.69392395029531,0
2023-02-08,98.49661254892813,0
2023-02-09,94.17493438730703,0
2023-02-10,93.7387924195336,1
2023-02-13,93.77845764170156,1
2023-02-14,93.84783172617422,1
2023-02-15,96.08796691904531,1
2023-02-16,94.67052459726797,1
2023-02-17,93.52072906504141,1
2023-02-21,90.98322296152578,1
2023-02-22,90.84446716318594,1
2023-02-23,90.09114074717031,1
2023-02-24,88.34661865244375,1
2023-02-27,89.08010864267813,0
2023-02-28,89.26844787607656,1
2023-03-01,89.56580352793203,1
2023-03-02,91.19139099131094,1
2023-03-03,92.82689666758047,0
2023-03-06,94.29387664804922,1
2023-03-07,93.03502655039297,1
2023-03-08,93.42162323008047,1
2023-03-09,91.5085678101586,1
2023-03-10,89.83341979990469,1
2023-03-13,90.3092041016625,1
2023-03-14,93.14407348642813,1
2023-03-15,95.26525115976797,1
2023-03-16,99.43827056894766,1
2023-03-17,100.7268295289086,1
2023-03-20,100.3303451539086,1
2023-03-21,103.99783325205313,1
2023-03-22,102.46144104013906,1
2023-03-23,104.67185974131094,1
2023-03-24,104.51325225840078,1
2023-03-27,101.55944061289297,1
2023-03-28,100.14201354990469,1
2023-03-29,100.49885559092031,1
2023-03-30,100.00325012217031,1
2023-03-31,102.81829071054922,1
2023-04-03,103.4427490235375,1
2023-04-04,103.79957580576406,1
2023-04-05,103.5517807007836,1
2023-04-06,107.4670639039086,1
2023-04-10,105.50447082529531,1
2023-04-11,104.42404937754141,1
2023-04-12,103.72028350840078,1
2023-04-13,106.48574829111563,1
2023-04-14,107.91312408457266,1
2023-04-17,105.03860473642813,1
2023-04-18,103.58152008066641,1
2023-04-19,103.26434326181875,1
2023-04-20,104.36457061777578,1
2023-04-21,104.4835205079125,1
2023-04-24,105.03860473642813,1
2023-04-25,102.93723297129141,1
2023-04-26,102.7984619141625,1
2023-04-27,106.64436340342031,1
2023-04-28,106.39654541025625,0
2023-05-01,106.25778198252188,0
2023-05-02,104.39431762705313,0
2023-05-03,104.4835205079125,1
2023-05-04,103.76985931406485,1
2023-05-05,104.6421127320336,1
2023-05-08,106.82276916513906,1
2023-05-09,106.40646362314688,1
2023-05-10,110.76779174814688,1
2023-05-11,115.54544067392813,0
2023-05-12,116.47718048105703,0
2023-05-15,115.48596954355703,0
2023-05-16,118.45958709726797,0
2023-05-17,119.77788543711172,0
2023-05-18,121.75041961679922,0
2023-05-19,121.6810302735375,0
2023-05-22,123.95089721689688,0
2023-05-23,121.4827880860375,0
2023-05-24,119.83737945566641,0
2023-05-25,122.39469909677969,0
2023-05-26,123.5147705079125,0
2023-05-30,122.58303833017813,0
2023-05-31,121.7900619507836,0
2023-06-01,122.6325912476586,0
2023-06-02,123.5742416382836,0
2023-06-05,124.9024658204125,-1
2023-06-06,126.19103240976797,-1
2023-06-07,121.42330169687735,-1
2023-06-08,121.06646728525625,-1
2023-06-09,121.15568542490469,-1
2023-06-12,122.55329132090078,-1
2023-06-13,122.74163055429922,-1
2023-06-14,122.58303833017813,-1
2023-06-15,123.99053955088125,-1
2023-06-16,122.44426727304922,0
2023-06-20,122.01802825937735,0
2023-06-21,119.49045562754141,0
2023-06-22,122.06759643564688,0
2023-06-23,121.26470947275625,-1
2023-06-26,117.29987335215078,-1
2023-06-27,117.28996276865469,0
2023-06-28,119.12371826181875,0
2023-06-29,118.05319976816641,0
2023-06-30,118.64792633066641,0
2023-07-03,118.84617614756094,0
2023-07-05,120.67990112314688,0
2023-07-06,119.05431365976797,0
2023-07-07,118.42986297617422,0
2023-07-10,115.42649078379141,1
2023-07-11,116.11042022715078,1
2023-07-12,117.88468933115469,1
2023-07-13,123.44538116465078,1
2023-07-14,124.31765747080313,1
2023-07-17,123.55441284189688,1
2023-07-18,122.6722412110375,1
2023-07-19,120.95744323740469,1
2023-07-20,118.15232849131094,1
2023-07-21,118.9651107789086,1
2023-07-24,120.46183776865469,1
2023-07-25,121.1358642579125,1
2023-07-26,128.13383483896718,1
2023-07-27,128.2626495362328,1
2023-07-28,131.4147033692406,1
2023-07-31,131.55351257334218,1
2023-08-01,130.393798828225,1
2023-08-02,127.25164794931875,1
2023-08-03,127.32100677500235,1
2023-08-04,126.98400115976797,1
2023-08-07,130.37391662607655,1
2023-08-08,130.2450714112328,1
2023-08-09,128.5204162598656,1
2023-08-10,128.55009460459218,1
2023-08-11,128.4212646485375,1
2023-08-14,130.17570495615468,1
2023-08-15,128.6393585206078,1
2023-08-16,127.56882476816641,1
2023-08-17,128.778076171975,1
2023-08-18,126.3397216797875,1
2023-08-21,127.24171447763906,1
2023-08-22,127.94548797617422,1
2023-08-23,131.20655822763905,1
2023-08-24,128.6393585206078,1
2023-08-25,128.73844909677968,1
2023-08-28,129.85848999033436,1
2023-08-29,133.38722229013905,1
2023-08-30,134.68572998056874,1
2023-08-31,134.97319030771718,-1
2023-09-01,134.4676513672875,-1
2023-09-05,134.57667541513905,-1
2023-09-06,133.2781982422875,-1
2023-09-07,134.07115173349843,-1
2023-09-08,135.18132019052968,1
2023-09-11,135.7165832520531,1
2023-09-12,134.15043640146718,1
2023-09-13,135.50840759287343,1
2023-09-14,136.88619995127186,1
2023-09-15,136.19236755381093,1
2023-09-18,136.99525451670155,1
2023-09-19,136.82672119150624,1
2023-09-20,132.56451416025624,1
2023-09-21,129.2934875489281,1
2023-09-22,129.10519409189686,1
2023-09-25,129.9576416016625,1
2023-09-26,127.43995666513906,1
2023-09-27,129.3926544190453,1
2023-09-28,131.14710998545155,1
2023-09-29,129.7098388672875,1
2023-10-02,132.9907531739281,1
2023-10-03,131.26603698740468,1
2023-10-04,134.05136108408436,1
2023-10-05,133.8828430176781,1
2023-10-06,136.37077331552968,1
2023-10-09,137.20338439951405,1
2023-10-10,136.8465576172875,1
2023-10-11,139.31468200693593,1
2023-10-12,137.7485656739281,1
2023-10-13,136.15267944345936,1
2023-10-16,137.87741088877186,1
2023-10-17,138.491943359475,1
2023-10-18,136.74742126474843,1
2023-10-19,136.53929138193593,1
2023-10-20,134.40818786631093,1
2023-10-23,135.30027771006093,1
2023-10-24,137.58998107920155,1
2023-10-25,124.50597381601797,1
2023-10-26,121.20524597177969,1
2023-10-27,121.0962142945336,1
2023-10-30,123.36609649668203,1
2023-10-31,122.98943328867422,1
2023-11-01,125.33858490000235,1
2023-11-02,126.36946105967031,1
2023-11-03,127.96532440195547,1
2023-11-06,129.10519409189686,1
2023-11-07,129.81884765635,1
2023-11-08,130.68121337900624,1
2023-11-09,129.0952911377953,1
2023-11-10,131.42462158213124,1
2023-11-13,130.92900085459218,1
2023-11-14,132.44557189951405,1
2023-11-15,133.43678283701405,1
2023-11-16,135.72648620615468,1
2023-11-17,134.1207275391625,1
2023-11-20,135.05247497568593,1
2023-11-21,135.76612854013905,1
2023-11-22,137.2727813721703,1
2023-11-24,135.4886016846703,1
2023-11-27,135.21107482920155,1
2023-11-28,135.99411010752186,-1
2023-11-29,133.80352783213124,-1
2023-11-30,131.36515808115468,-1
2023-12-01,130.70101928720936,1
2023-12-04,128.13383483896718,1
2023-12-05,129.83871459970936,1
2023-12-06,128.87724304209218,1
2023-12-07,135.72648620615468,1
2023-12-08,133.80352783213124,1
2023-12-11,132.11845397959218,1
2023-12-12,131.3552551270531,1
2023-12-13,131.4048156739281,1
2023-12-14,130.78033447275624,1
2023-12-15,131.4345703126,1
2023-12-18,134.60643005381093,1
2023-12-19,135.44895935068593,1
2023-12-20,137.12408447275624,1
2023-12-21,139.18580627451405,1
2023-12-22,140.24639892588124,1
2023-12-26,140.2761535645531,1
2023-12-27,139.1362609864281,1
2023-12-28,138.9974670411156,1
2023-12-29,138.4622344971703,1
2024-01-02,136.9555969239281,1
2024-01-03,137.698974609475,1
2024-01-04,135.19120788584218,1
2024-01-05,134.5370178223656,1
2024-01-08,137.61968994150624,1
2024-01-09,139.71115112314686,1
2024-01-10,141.0294494629906,1
2024-01-11,140.83122253427968,1
2024-01-12,141.3961944581078,1
2024-01-16,141.23760986338124,1
2024-01-17,140.2265930176781,1
2024-01-18,142.2189025879906,1
2024-01-19,145.09339904795155,1
2024-01-22,144.7068634034203,1
2024-01-23,145.7476348877953,1
2024-01-24,147.39303588877186,1
2024-01-25,150.5351562501,0
2024-01-26,150.85235595713124,0
2024-01-29,152.1607666016625,0
2024-01-30,150.1287841797875,0
2024-01-31,138.86863708506093,0
2024-02-01,139.91929626474843,0
2024-02-02,141.12858581552968,0
2024-02-05,142.41712951670155,0
2024-02-06,142.83348083506093,0
2024-02-07,144.26080322275624,0
2024-02-08,144.62754821787343,0
2024-02-09,147.6903839112328,0
2024-02-12,146.2333068848656,1
2024-02-13,143.86431884775624,1
2024-02-14,144.6573028565453,1
2024-02-15,141.51515197763905,1
2024-02-16,139.28492736826405,1
2024-02-20,139.879638671975,1
2024-02-21,141.29708862314686,1
2024-02-22,142.82353210459218,1
2024-02-23,142.69468688974843,1
2024-02-26,136.3608703614281,1
2024-02-27,137.65936279306874,1
2024-02-28,135.18132019052968,1
2024-02-29,137.2430419922875,1
2024-03-01,135.93461608896718,1
2024-03-04,132.17796325693593,1
2024-03-05,131.5039367676781,1
2024-03-06,130.2450714112328,1
2024-03-07,133.19889831552968,1
2024-03-08,134.2198486329125,1
2024-03-11,136.4599609376,1
2024-03-12,137.28269958506093,1
2024-03-13,138.56134033213124,1
2024-03-14,141.84225463877186,1
2024-03-15,139.9391174317406,1
2024-03-18,146.38200378427968,1
2024-03-19,145.73771667490468,1
2024-03-20,147.4326934815453,1
2024-03-21,146.30271911631093,1
2024-03-22,149.4448547364281,1
2024-03-25,148.7509765626,1
2024-03-26,149.3457031251,1
2024-03-27,149.5439453126,1
2024-03-28,149.60343933115468,1
2024-04-01,154.12335205088124,1
2024-04-02,153.20152282724843,1
2024-04-03,153.558349609475,1
2024-04-04,149.20695495615468,1
2024-04-05,151.15965271006093,1
2024-04-08,153.48898315439686,1
2024-04-09,155.22361755381093,1
2024-04-10,154.76763916025624,1
2024-04-11,158.00889587412343,1
2024-04-12,156.3436279297875,1
2024-04-15,153.49888610849843,1
2024-04-16,153.04293823252186,1
2024-04-17,154.1035461426781,1
2024-04-18,154.6387939454125,1
2024-04-19,152.7356719971703,1
2024-04-22,154.90638732920155,1
2024-04-23,156.86900329599843,1
2024-04-24,157.7313537598656,1
2024-04-25,154.6288604737328,1
2024-04-26,170.43869018564686,1
2024-04-29,164.6896514893578,1
2024-04-30,161.3492736817406,1
2024-05-01,162.41978454599843,1
2024-05-02,165.155517578225,1
2024-05-03,165.7700958252953,1
2024-05-06,166.6225128174828,1
2024-05-07,169.74481201181874,1
2024-05-08,167.89128112802968,1
2024-05-09,168.46617126474843,1
2024-05-10,167.16769409189686,1
2024-05-13,167.65336608896718,1
2024-05-14,168.84281921396718,1
2024-05-15,170.99374389658436,1
2024-05-16,172.64909362802968,1
2024-05-17,174.51254272470936,0
2024-05-20,175.364990234475,0
2024-05-21,176.28683471689686,0
2024-05-22,174.82975769052968,0
2024-05-23,172.024658203225,0
2024-05-24,173.4519805909203,0
2024-05-28,174.84959411631093,0
2024-05-29,174.35397338877186,0
2024-05-30,170.59725952158436,0
2024-05-31,170.98387146006093,0
2024-06-03,171.64796447763905,0
2024-06-04,172.26251220713124,0
2024-06-05,173.8682861329125,0
2024-06-06,175.17665100107655,0
2024-06-07,172.92665100107655,0
2024-06-10,173.6708526612328,0
2024-06-11,175.2685546876,0
2024-06-12,176.42962646494374,0
2024-06-13,173.81976318369374,0
2024-06-14,175.43724060068593,0
2024-06-17,175.8838195801781,0
2024-06-18,173.75025939951405,0
2024-06-20,174.9510040284203,0
2024-06-21,178.25555419931874,0
2024-06-24,177.8486633301781,0
2024-06-25,182.6218566895531,0
2024-06-26,182.47303771982655,0
2024-06-27,183.99130249033436,0
2024-06-28,180.75624084482655,0
2024-07-01,181.5897979737328,0
2024-07-02,183.8225860596703,0
2024-07-03,184.398193359475,0
2024-07-05,189.14158630381093,0
2024-07-08,187.58358764658436,0
2024-07-09,187.53398132334218,0
2024-07-10,189.71714782724843,0
2024-07-11,184.15008544931874,0
2024-07-12,183.65391540537343,1
2024-07-15,185.10272216806874,1
2024-07-16,182.5127258301781,1
2024-07-17,179.63487243662343,1
2024-07-18,176.3303985596703,1
2024-07-19,176.3006134034203,1
2024-07-22,180.27992248545155,1
2024-07-23,180.39897155771718,1
2024-07-24,171.3091125489281,1
2024-07-25,166.00004577646718,1
2024-07-26,165.72218322763905,1
2024-07-29,168.2328186036156,1
2024-07-30,168.98699951181874,1
2024-07-31,170.22743225107655,1
2024-08-01,169.45341491709218,1
2024-08-02,165.38478088388905,1
2024-08-05,158.031494140725,1
2024-08-06,157.0788116456078,1
2024-08-07,157.72384643564686,1
2024-08-08,160.7901916504906,1
2024-08-09,162.41764831552968,1
2024-08-12,161.04820251474843,1
2024-08-13,162.90391540537343,1
2024-08-14,159.14288330088124,1
2024-08-15,160.0657958985375,1
2024-08-16,161.71310424814686,1
2024-08-19,165.39469909677968,1
2024-08-20,165.9007873536156,-1
2024-08-21,164.58099365244374,-1
2024-08-22,162.5466613770531,1
2024-08-23,164.35272216806874,1
2024-08-26,164.88859558115468,-1
2024-08-27,163.4199218751,-1
2024-08-28,161.6039123536156,-1
2024-08-29,160.54209899912343,1
2024-08-30,162.12986755381093,1
2024-09-03,156.15594482431874,1
2024-09-04,155.25289917002186,1
2024-09-05,156.03684997568593,1
2024-09-06,149.76522827158436,1
2024-09-09,147.76795959482655,1
2024-09-10,147.71827697763905,1
2024-09-11,150.2024230958031,1
2024-09-12,153.71005249033436,1
2024-09-13,156.4625244141625,1
2024-09-16,157.05870056162343,1
2024-09-17,158.31072998056874,1
2024-09-18,158.7976379395531,1
2024-09-19,161.11285400400624,1
2024-09-20,162.55368042002186,1
2024-09-23,160.82470703135,1
2024-09-24,161.26190185556874,1
2024-09-25,160.4669952393578,1
2024-09-26,161.6991271973656,1
2024-09-27,162.91139221201405,1
2024-09-30,164.79936218271718,1
2024-10-01,165.93214416513905,1
2024-10-02,164.80929565439686,1
2024-10-03,164.80929565439686,1
2024-10-04,166.00169372568593,1
2024-10-07,161.9475402833031,1
2024-10-08,163.33868408213124,1
2024-10-09,160.83464050302968,1
2024-10-10,161.05323791513905,1
2024-10-11,162.2058868409203,1
2024-10-14,163.9149932862328,1
2024-10-15,164.4118194581078,1
2024-10-16,164.1137237549828,1
2024-10-17,161.89787292490468,1
2024-10-18,162.38475036631093,1
2024-10-21,163.03062438974843,1
2024-10-22,164.0938720704125,1
2024-10-23,161.74879455576405,1
2024-10-24,161.68919372568593,1
2024-10-25,164.2230224610375,1
2024-10-28,165.6638488770531,1
2024-10-29,168.60508728037343,1
2024-10-30,173.35482788095936,1
2024-10-31,170.0260314942406,1
2024-11-01,170.2049102784203,1
2024-11-04,168.16789245615468,1
2024-11-05,168.66471862802968,1
2024-11-06,175.39183044443593,1
2024-11-07,179.60498046885,1
2024-11-08,177.2201690674828,1
2024-11-11,179.20751953135,1
2024-11-12,180.46945190439686,1
2024-11-13,177.74681091318593,1
2024-11-14,174.4677276612328,1
2024-11-15,171.39730834970936,1
2024-11-18,174.1894836426781,1
2024-11-19,176.9916534424828,1
2024-11-20,174.86517333994374,1
2024-11-21,166.56809997568593,1
2024-11-22,163.7162628174828,1
2024-11-25,166.58795166025624,1
2024-11-26,168.04864501963124,1
2024-11-27,168.15794372568593,1
2024-11-29,167.87969970713124,1
2024-12-02,170.4036407471703,1
2024-12-03,170.2545928956078,1
2024-12-04,173.265380859475,1
2024-12-05,171.54635620127186,1
2024-12-06,173.60324096689686,1
2024-12-09,174.45875549326405,1
2024-12-10,184.20782470713124,1
2024-12-11,194.3846740723656,1
2024-12-12,190.96257019052968,1
2024-12-13,188.83367919931874,1
2024-12-16,195.6381378174828,1
2024-12-17,194.40458679209218,1
2024-12-18,187.42106628427968,1
2024-12-19,187.53048706064686,1
2024-12-20,190.4154357911156,1
2024-12-23,193.61869812021718,1
2024-12-24,195.09100341806874,1
2024-12-26,194.5836486817406,1
2024-12-27,191.75840759287343,1
2024-12-30,190.24630737314686,1
2024-12-31,188.31637573252186,1
2025-01-02,188.4457092286156,1
2025-01-03,190.79342651377186,1
2025-01-06,195.8470458985375,1
2025-01-07,194.4741973877953,1
2025-01-08,192.94219970713124,1
2025-01-10,191.04212951670155,1
2025-01-13,190.0174865723656,1
2025-01-14,188.6745147706078,1
2025-01-15,194.53390502939686,1
2025-01-16,191.90763854990468,1
2025-01-17,194.98158264170155,1
2025-01-21,197.02091979990468,1
2025-01-22,197.33924865732655,1
2025-01-23,196.95127868662343,1
2025-01-24,199.16969299326405,1
2025-01-27,190.81332397470936,1
2025-01-28,194.28521728525624,1
2025-01-29,194.3946533204125,1
2025-01-30,199.82626342783436,1
2025-01-31,202.95993042002186,1
2025-02-03,200.18441772470936,1
2025-02-04,205.3076477051781,1
2025-02-05,190.3358459473656,1
2025-02-06,190.60443115244374,1
2025-02-07,184.37693786631093,1
2025-02-10,185.50108337412343,1
2025-02-11,184.35707092295155,1
2025-02-12,182.6559600831078,1
2025-02-13,185.1728057862328,1
2025-02-14,184.26754760752186,1
2025-02-18,182.81510925302968,1
2025-02-19,184.30734252939686,1
2025-02-20,183.60101318369374,1
2025-02-21,178.72648620615468,1
2025-02-24,178.31861877451405,1
2025-02-25,174.5084991456078,1
2025-02-26,171.8324737549828,1
2025-02-27,167.6244659424828,1
2025-02-28,169.39520263681874,1
2025-03-03,166.14219665537343,1
2025-03-04,170.03187561045155,1
2025-03-05,172.1209716797875,1
2025-03-06,171.4544677735375,1
2025-03-07,172.95660400400624,1
2025-03-10,165.19816589365468,1
2025-03-11,163.37557983408436,1
2025-03-12,166.4331359864281,1
2025-03-13,162.10076904306874,1
2025-03-14,164.81971740732655,1
2025-03-17,163.62455749521718,1
2025-03-18,160.01922607431874,1
2025-03-19,163.2261962891625,1
2025-03-20,162.14059448252186,1
2025-03-21,163.3258056641625,1
2025-03-24,167.00083923349843,1
2025-03-25,169.86918640146718,1
2025-03-26,164.39144897470936,1
2025-03-27,161.58287048349843,1
2025-03-28,153.70489501963124,1
2025-03-31,154.01364135752186,1
2025-04-01,156.43380737314686,1
2025-04-02,156.40391540537343,1
2025-04-03,150.1095275879906,1
2025-04-04,145.0102844239281,1
2025-04-07,146.15560913095936,1
2025-04-08,144.11390686045155,1
2025-04-09,158.0671691895531,1
2025-04-10,152.20103454599843,1
2025-04-11,156.50352478037343,1
2025-04-14,158.42570495615468,1
2025-04-15,155.6768798829125,1
2025-04-16,152.70896911631093,1
2025-04-17,150.54774475107655,1
2025-04-21,147.07188415537343,1
2025-04-22,150.85649108896718,1
2025-04-23,154.7207794190453,1
2025-04-24,158.63487243662343,1
2025-04-25,161.30401611338124,1
2025-04-28,159.95948791513905,1
2025-04-29,159.51129150400624,1
2025-04-30,158.1568145752953,1
2025-05-01,160.6466827393578,1
2025-05-02,163.36561584482655,1
2025-05-05,163.54489135752186,1
2025-05-06,162.56884765635,1
2025-05-07,150.76686096201405,1
2025-05-08,153.6551055909203,1
2025-05-09,152.1313018799828,1
2025-05-12,157.8181915284203,1
2025-05-13,158.88383483896718,1
2025-05-14,164.70021057138905,1
2025-05-15,163.29591369638905,1
2025-05-16,165.5168762208031,1
2025-05-19,165.86546325693593,1
2025-05-20,163.3158264161156,1
2025-05-21,167.8772735596703,1
2025-05-22,170.17790222177968,1
2025-05-23,167.7876281739281,1
2025-05-27,172.19969177256093,1
2025-05-28,171.661865234475,1
2025-05-29,171.16392517099843,1
2025-05-30,171.04440307627186,1
2025-06-02,168.34535217295155,1
2025-06-03,165.5069122315453,1
2025-06-04,167.3693389893578,1
2025-06-05,167.5286865235375,1
2025-06-06,172.9765167237328,1
2025-06-09,175.58908081064686,1
2025-06-10,178.09196472177968,1
2025-06-11,176.84550476084218,1
2025-06-12,175.2001953126,1
2025-06-13,174.1731262208031,1
2025-06-16,176.2671661377953,1
2025-06-17,175.4494934083031,1
2025-06-18,172.8269805909203,1
2025-06-20,166.1659698487328,1
2025-06-23,164.72010803232655,1
2025-06-24,166.29559326181874,1
2025-06-25,170.19447326670155,1
2025-06-26,173.04632568369374,1
2025-06-27,178.02215576181874,1
2025-06-30,175.72869873056874,1
2025-07-01,175.33981323252186,1
2025-07-02,178.1318359376,1
2025-07-03,179.0193176270531,1
2025-07-07,176.28709411631093,1
2025-07-08,173.864013671975,1
2025-07-09,176.11756896982655,1
2025-07-10,177.11471557627186,1
2025-07-11,179.67742919931874,1
2025-07-14,181.04351806650624,1
2025-07-15,181.48226928720936,1
2025-07-16,182.44950866709218,1
2025-07-17,183.05778503427968,1
2025-07-18,184.53355407724843,1
2025-07-21,189.5592346192406,1
2025-07-22,190.79570007334218,1
2025-07-23,189.6888427735375,1
2025-07-24,191.62335205088124,1
2025-07-25,192.63046264658436,1
2025-07-28,192.0321807862328,1
2025-07-29,195.1931457520531,1
2025-07-30,195.970947265725,1
2025-07-31,191.35411071787343,1
2025-08-01,188.5919952393578,1
2025-08-04,194.4851837159203,1
2025-08-05,194.11622619638905,1
2025-08-06,195.5321807862328,1
2025-08-07,195.96098327646718,1
2025-08-08,200.84701538095936,1
2025-08-11,200.42822265635,1
2025-08-12,202.76156616220936,1
2025-08-13,201.385498046975,1
2025-08-14,202.3627014161156,1
2025-08-15,203.31996154795155,1
2025-08-18,202.92111206064686,1
2025-08-19,200.9966125489281,1
2025-08-20,198.7530059815453,1
2025-08-21,199.1817932129906,1
2025-08-22,205.5037384034203,1
2025-08-25,207.89694213877186,1
2025-08-26,206.55076599131093,1
2025-08-27,206.88978576670155,1
2025-08-28,211.03794860849843,1
2025-08-29,212.3043518067406,1
2025-09-02,210.74879455576405,1
2025-09-03,230.00384521494374,1
2025-09-04,231.6391906739281,0
2025-09-05,234.33151245127186,0
2025-09-08,233.5829620362328,1
2025-09-09,239.16204833994374,1
2025-09-10,238.70292663584218,1
2025-09-11,239.9005889893578,1
2025-09-12,240.32977294931874,1
2025-09-15,251.11865234385,1
2025-09-16,250.66952514658436,1
2025-09-17,249.04270935068593,1
2025-09-18,251.53782653818593,1
2025-09-19,254.22257995615468,1
2025-09-22,252.036865234475,1
2025-09-23,251.16856384287343,1
2025-09-24,246.6573791504906,0
2025-09-25,245.30999755869374,0
2025-09-26,246.0585479737328,1
2025-09-29,243.57342529306874,1
2025-09-30,242.6252746583031,1
2025-10-01,244.42173767099843,1
2025-10-02,245.210205078225,1
2025-10-03,244.87089538584218,1
2025-10-06,249.94096374521718,1
2025-10-07,245.28007507334218,1
2025-10-08,244.1422882081078,1
2025-10-09,241.05833435068593,1
2025-10-10,236.1080322266625,1
2025-10-13,243.6732177735375,1
2025-10-14,244.97068786631093,1
2025-10-15,250.53977966318593,1
2025-10-16,250.9689483643578,1
2025-10-17,252.80535888681874,1
2025-10-20,256.04901123056874,1
2025-10-21,249.9709014893578,1
2025-10-22,251.1985168458031,1
2025-10-23,252.58578491220936,1
2025-10-24,259.41244506845936,1
2025-10-27,268.7441711426781,1
2025-10-28,266.9476623536156,1
2025-10-29,274.0338134766625,1
2025-10-30,280.93035888681874,1
2025-10-31,280.6408996583031,1
2025-11-03,283.16595458994374,1
2025-11-04,276.99801635752186,1
2025-11-05,283.7547912598656,1
2025-11-06,284.19393920908436,1
2025-11-07,278.28549194345936,1
2025-11-10,289.5334777833031,1
2025-11-11,290.7411193848656,1
2025-11-12,286.15011596689686,1
2025-11-13,278.0260314942406,1
2025-11-14,275.87020874033436,1
2025-11-17,284.4634094239281,1
2025-11-18,283.724853515725,1
2025-11-19,292.2381896973656,1
2025-11-20,288.8847656251,1
2025-11-21,299.0748291016625,1
2025-11-24,317.95785522470936,1
2025-11-25,322.8083801270531,1
2025-11-26,319.3252258301781,1
2025-11-28,319.55474853525624,1
2025-12-01,314.27511596689686,1
2025-12-02,315.19329833994374,1
2025-12-03,319.00582885752186,1
2025-12-04,316.99972534189686,1
2025-12-05,320.6426086426781,1
2025-12-08,313.3121643067406,1
2025-12-09,316.66778564463124,1
2025-12-10,319.7937316895531,1
2025-12-11,312.02386474619374,1
2025-12-12,308.887939453225,1
2025-12-15,307.8193359376,1
2025-12-16,306.17147827158436,1
2025-12-17,296.3342590333031,1
2025-12-18,302.0668029786156,1
2025-12-19,306.76071167002186,1
2025-12-22,309.3773193360375,1
2025-12-23,313.94134521494374,1
2025-12-24,313.6816711426781,1
2025-12-26,313.10247802744374,1
2025-12-29,313.15240478525624,1
2025-12-30,313.4420166016625,1
2025-12-31,312.59310913095936,1
2026-01-02,314.74029541025624,1
2026-01-05,316.12850952158436,1
2026-01-06,313.93136596689686,1
2026-01-07,321.56146240244374,1
2026-01-08,325.01693725595936,1
2026-01-09,328.14288330088124,1
2026-01-12,331.4285888672875,1
2026-01-13,335.5332336426781,1
2026-01-14,335.40341186533436,1
2026-01-15,332.347412109475,1
2026-01-16,329.57101440439686,1
2026-01-20,321.5814208985375,1
2026-01-21,327.9531250001,1
2026-01-22,330.11029052744374,1
2026-01-23,327.5036926270531,1
2026-01-26,332.8267822266625,1
2026-01-27,334.11508178720936,1
2026-01-28,335.57318115244374,1
2026-01-29,337.810302734475,1
2026-01-30,337.56060791025624,1
2026-02-02,343.2431945801781,1
2026-02-03,339.26837158213124,1
2026-02-04,332.6070861817406,1
2026-02-05,330.81939697275624,1
2026-02-06,322.44027709970936,1
2026-02-09,323.89840698252186,1
2026-02-10,318.16583251963124,1
2026-02-11,310.55572509775624,1
2026-02-12,308.59832763681874,1
2026-02-13,305.32257080088124,1
2026-02-17,301.6273498536156,1
2026-02-18,302.9356689454125,1
2026-02-19,302.456298828225,1
2026-02-20,314.570556640725,1
2026-02-23,311.08505249033436,1
2026-02-24,310.495849609475,1
2026-02-25,312.49325561533436,1
2026-02-26,306.98040771494374,1
2026-02-27,311.354736328225,1
2026-03-02,306.12152099619374,1
2026-03-03,303.1853332520531,1
2026-03-04,302.7359619141625,1
2026-03-05,300.4888916016625,1
2026-03-06,298.13192749033436,1
2026-03-09,306.17709350595936,1
2026-03-10,306.8567199708031,1
2026-03-11,308.5157470704125,1
2026-03-12,303.3687744141625,1
2026-03-13,302.09954833994374,1
2026-03-16,305.3775939942406,1
2026-03-17,310.7344055176781,1
2026-03-18,307.50631713877186,1
2026-03-19,306.9466552735375,1
2026-03-20,300.8203125001,1
2026-03-23,301.87969970713124,1
2026-03-24,290.2666320801781,1
2026-03-25,290.75631713877186,1
2026-03-26,280.7523193360375,1
2026-03-27,274.17623901377186,1
2026-03-30,273.33673095713124,1
2026-03-31,287.3883361817406,1
2026-04-01,297.21249389658436,1
2026-04-02,295.59344482431874,1
2026-04-06,299.8109130860375,1
2026-04-07,305.27764892588124,1
2026-04-08,317.13058471689686,1
2026-04-09,318.29986572275624,1
2026-04-10,317.05062866220936,1
2026-04-13,321.1181945801781,1
2026-04-14,332.71127319345936,1
2026-04-15,336.91876220713124,1
2026-04-16,335.81939697275624,1
2026-04-17,341.47604370127186,1
2026-04-20,337.21859741220936,1
2026-04-21,332.09164428720936,1
2026-04-22,339.1174621583031,1
2026-04-23,338.68771362314686,1
2026-04-24,344.19439697275624,1
2026-04-27,350.1308593751,1
2026-04-28,349.5711975098656,1
2026-04-29,349.7311096192406,1
2026-04-30,384.57028198252186,1
2026-05-01,385.45977783213124,1
2026-05-04,383.02120971689686,1
2026-05-05,388.1981201172875,1
2026-05-06,397.8023986817406,1
2026-05-07,397.75241088877186,1
2026-05-08,400.56072998056874,1
2026-05-11,388.40802001963124,1
2026-05-12,387.1187744141625,1
2026-05-13,402.3796691895531,1
2026-05-14,400.8305969239281,1
2026-05-15,396.54315185556874,1
2026-05-18,396.70306396494374,1
2026-05-19,387.4285888672875,1
2026-05-20,388.6778564454125,1
2026-05-21,387.4285888672875,1
2026-05-22,382.74139404306874,1
2026-05-26,388.6478576661156,1
2026-05-27,388.59786987314686,1
2026-05-28,389.8971252442406,1
2026-05-29,380.1129455567406,1
2026-06-01,376.14532470713124,1
2026-06-02,361.63400268564686,1
2026-06-03,358.77569580088124,1
2026-06-04,371.96783447275624,1
2026-06-05,368.30999755869374,1
2026-06-08,363.30999755869374,1
2026-06-09,364.260009765725,1
2026-06-10,356.3800048829125,1
2026-06-11,357.76998901377186,1
2026-06-12,359.67999267588124,1
2026-06-15,369.3500061036156,1
2026-06-16,373.2500000001,1
2026-06-17,363.79000854502186,1
2026-06-18,368.02999877939686,1
2026-06-22,349.67999267588124,1
2026-06-23,346.1300048829125,1
2026-06-24,345.29000854502186,1
2026-06-25,343.7099914551781,1
2026-06-26,337.3900146485375,1
2026-06-29,353.64999389658436,1
2026-06-30,357.3699951172875,1
2026-07-01,361.2099914551781,1
2026-07-02,359.91000366220936,1
2026-07-06,366.4599914551781,1
2026-07-07,367.02999877939686,1
2026-07-08,361.92001342783436,1
2026-07-09,358.8900146485375,1
2026-07-10,357.17999267588124,1
2026-07-13,352.510009765725,1
2026-07-14,359.510009765725,1
2026-07-15,370.92001342783436,1
2026-07-16,354.4599914551781,1
2026-07-17,346.76998901377186,1
2026-07-20,351.989990234475,1
2026-07-21,347.14999389658436,1
2026-07-22,342.0899963379906,1
