Date,Close,epoch_signal
1963-11-14,0.06499165306554565,1
1963-11-15,0.06404293338523635,1
1963-11-18,0.06277775029407272,1
1963-11-19,0.06341032693849334,1
1963-11-20,0.06451726714835891,1
1963-11-21,0.06348957131372222,1
1963-11-22,0.06008954356179962,1
1963-11-26,0.06421199450956115,1
1963-11-27,0.06548046330676803,1
1963-11-29,0.06769995401368865,1
1963-12-02,0.06849275539384612,1
1963-12-03,0.06722428659663925,1
1963-12-04,0.06849275539384612,1
1963-12-05,0.06865143040881881,1
1963-12-06,0.06706589470372924,1
1963-12-09,0.06587667028175125,1
1963-12-10,0.06563883284793624,1
1963-12-11,0.06532182554469833,1
1963-12-12,0.06595609347091445,1
1963-12-13,0.06563883284793624,1
1963-12-16,0.06555969278083572,1
1963-12-17,0.06754157702193984,1
1963-12-18,0.06627308587299117,1
1963-12-19,0.064687579970224,1
1963-12-20,0.06389498720632324,1
1963-12-23,0.06421199450956115,1
1963-12-24,0.06516322503553161,1
1963-12-26,0.06548046330676803,1
1963-12-27,0.06563883284793624,1
1963-12-30,0.064687579970224,1
1963-12-31,0.064687579970224,1
1964-01-02,0.06619392345414886,1
1964-01-03,0.07134672264323959,1
1964-01-06,0.07134672264323959,1
1964-01-07,0.07039524624810943,1
1964-01-08,0.06849275539384612,1
1964-01-09,0.06944403062330017,-1
1964-01-10,0.07198066274390945,-1
1964-01-13,0.07261498282418975,1
1964-01-14,0.0716637522982193,1
1964-01-15,0.07229796807037124,1
1964-01-16,0.07102946202026138,1
1964-01-17,0.07039524624810943,1
1964-01-20,0.06880979994998702,1
1964-01-21,0.06880979994998702,1
1964-01-22,0.06912706057296523,1
1964-01-23,0.06912706057296523,1
1964-01-24,0.0680963323520256,-1
1964-01-27,0.06611444811092147,-1
1964-01-28,0.066748708586557,-1
1964-01-29,0.06659038374887237,-1
1964-01-30,0.066748708586557,-1
1964-01-31,0.066748708586557,-1
1964-02-03,0.06754157702193984,-1
1964-02-04,0.06785853217111358,-1
1964-02-05,0.0680171177791191,-1
1964-02-06,0.0681757778929306,-1
1964-02-07,0.06785853217111358,-1
1964-02-10,0.0680171177791191,-1
1964-02-11,0.06960265348420867,-1
1964-02-12,0.0715050996349884,-1
1964-02-13,0.07118813703523406,-1
1964-02-14,0.07118813703523406,-1
1964-02-17,0.07071248451934585,-1
1964-02-18,0.07023688415752181,-1
1964-02-19,0.0735664741204811,-1
1964-02-20,0.07396266619430313,-1
1964-02-24,0.07324916879401931,-1
1964-02-25,0.07218283424840698,-1
1964-02-26,0.07576425383554229,-1
1964-02-27,0.07226231704221496,-1
1964-02-28,0.07321760068403015,-1
1964-03-02,0.07289910326467285,-1
1964-03-03,0.07162588844762573,-1
1964-03-04,0.07130735377536544,-1
1964-03-05,0.07162588844762573,-1
1964-03-06,0.07274004081950912,-1
1964-03-09,0.07289910326467285,-1
1964-03-10,0.07162588844762573,-1
1964-03-11,0.07162588844762573,-1
1964-03-12,0.07098916182981262,-1
1964-03-13,0.07098916182981262,-1
1964-03-16,0.07003425816760787,-1
1964-03-17,0.06995446244941482,1
1964-03-18,0.07082992057071456,1
1964-03-19,0.07067067186103591,1
1964-03-20,0.07035237560735473,1
1964-03-23,0.06971573094592819,-1
1964-03-24,0.06987496475444564,-1
1964-03-25,0.06939750174747238,-1
1964-03-26,0.06923819343314895,-1
1964-03-30,0.0689200461910797,-1
1964-03-31,0.06812405596242675,-1
1964-04-01,0.0673283116029335,-1
1964-04-02,0.06812405596242675,-1
1964-04-03,0.0676465631531311,-1
1964-04-06,0.06780584911571273,-1
1964-04-07,0.06685089329944381,-1
1964-04-08,0.06685089329944381,-1
1964-04-09,0.06844253103004226,-1
1964-04-10,0.06716910014615783,-1
1964-04-13,0.06812405596242675,-1
1964-04-14,0.06812405596242675,-1
1964-04-15,0.06828324506746063,-1
1964-04-16,0.06971573094592819,-1
1964-04-17,0.06844253103004226,-1
1964-04-20,0.06812405596242675,-1
1964-04-21,0.06812405596242675,-1
1964-04-22,0.06780584911571273,-1
1964-04-23,0.0679648072527481,-1
1964-04-24,0.0673283116029335,-1
1964-04-27,0.06685089329944381,-1
1964-04-28,0.0665324107812477,-1
1964-04-29,0.06207556660042534,-1
1964-04-30,0.06334904591308364,-1
1964-05-01,0.06350830207334289,-1
1964-05-04,0.06398579488263854,-1
1964-05-05,0.06462249169812927,-1
1964-05-06,0.06494070599542388,-1
1964-05-07,0.06430397937761077,-1
1964-05-08,0.06414497653709182,-1
1964-05-11,0.06494070599542388,-1
1964-05-12,0.06494070599542388,-1
1964-05-13,0.06446322063670883,-1
1964-05-14,0.06494070599542388,-1
1964-05-15,0.06398579488263854,-1
1964-05-18,0.06374700377450714,-1
1964-05-19,0.06318866471515426,-1
1964-05-20,0.06318866471515426,-1
1964-05-21,0.06398632387386093,-1
1964-05-22,0.06398632387386093,-1
1964-05-25,0.06414603451953658,-1
1964-05-26,0.06382668773399124,-1
1964-05-27,0.06542261699901351,-1
1964-05-28,0.06414603451953658,-1
1964-06-01,0.06223103786574135,-1
1964-06-02,0.06127369786368141,-1
1964-06-03,0.06127369786368141,-1
1964-06-04,0.06223103786574135,1
1964-06-05,0.06318866471515426,1
1964-06-08,0.06366733471618423,1
1964-06-09,0.06398632387386093,1
1964-06-10,0.06366733471618423,1
1964-06-11,0.06334804008470306,1
1964-06-12,0.06255034367309341,1
1964-06-15,0.06334804008470306,1
1964-06-16,0.06446500877605209,-1
1964-06-17,0.06366733471618423,-1
1964-06-18,0.06430563340650329,-1
1964-06-19,0.06462466726766357,-1
1964-06-22,0.06446500877605209,-1
1964-06-23,0.06478433320985565,-1
1964-06-24,0.06446500877605209,-1
1964-06-25,0.06446500877605209,-1
1964-06-26,0.06422571102844009,-1
1964-06-29,0.06478433320985565,-1
1964-06-30,0.06478433320985565,-1
1964-07-01,0.06478433320985565,-1
1964-07-02,0.06494369367824325,-1
1964-07-06,0.06494369367824325,-1
1964-07-07,0.06494369367824325,-1
1964-07-08,0.06446500877605209,-1
1964-07-09,0.06526300321088561,-1
1964-07-10,0.06478433320985565,1
1964-07-13,0.06478433320985565,1
1964-07-14,0.06494369367824325,-1
1964-07-15,0.06478433320985565,-1
1964-07-16,0.06478433320985565,-1
1964-07-17,0.06510334471927413,1
1964-07-20,0.06510334471927413,1
1964-07-21,0.06478433320985565,1
1964-07-22,0.06526300321088561,1
1964-07-23,0.06510334471927413,1
1964-07-24,0.06510334471927413,1
1964-07-27,0.06494369367824325,1
1964-07-28,0.06494369367824325,1
1964-07-29,0.06510334471927413,1
1964-07-30,0.06510334471927413,1
1964-07-31,0.06462466726766357,1
1964-08-03,0.06446500877605209,1
1964-08-04,0.06318866471515426,1
1964-08-05,0.06286937008367309,1
1964-08-06,0.06255034367309341,1
1964-08-07,0.06286937008367309,1
1964-08-10,0.06286937008367309,1
1964-08-11,0.06302905837760696,1
1964-08-12,0.0627099723623825,1
1964-08-13,0.06255034367309341,1
1964-08-14,0.0627099723623825,1
1964-08-17,0.06223103786574135,1
1964-08-18,0.0628712848828865,1
1964-08-19,0.0628712848828865,1
1964-08-20,0.06319116065965423,1
1964-08-21,0.0636710302041603,1
1964-08-24,0.06383109847770461,1
1964-08-25,0.0635109544800354,1
1964-08-26,0.0635109544800354,1
1964-08-27,0.06383109847770461,1
1964-08-28,0.06399086872802505,1
1964-08-31,0.0635109544800354,1
1964-09-01,0.06335119168029556,1
1964-09-02,0.06383109847770461,1
1964-09-03,0.06383109847770461,1
1964-09-04,0.0635911078260971,1
1964-09-08,0.06431102762685546,1
1964-09-09,0.06463080654607543,1
1964-09-10,0.06431102762685546,1
1964-09-11,0.06783036897645721,1
1964-09-14,0.0671907217310501,1
1964-09-15,0.06703059385286102,1
1964-09-16,0.06687057028280029,1
1964-09-17,0.06575073311792144,1
1964-09-18,0.06463080654607543,1
1964-09-21,0.06463080654607543,1
1964-09-22,0.06447101394401321,1
1964-09-23,0.06447101394401321,1
1964-09-24,0.06415089974866638,1
1964-09-25,0.06463080654607543,1
1964-09-28,0.06447101394401321,1
1964-09-29,0.06455093632207641,1
1964-09-30,0.06479083756671676,1
1964-10-01,0.06479083756671676,1
1964-10-02,0.06447101394401321,1
1964-10-05,0.06431102762685546,1
1964-10-06,0.06559090326295623,1
1964-10-07,0.06543086479173431,1
1964-10-08,0.06511071334348449,1
1964-10-09,0.06575073311792144,1
1964-10-12,0.06575073311792144,1
1964-10-13,0.0660707877086235,1
1964-10-14,0.06623057286010513,1
1964-10-15,0.06543086479173431,1
1964-10-16,0.0660707877086235,1
1964-10-19,0.06591074178682098,1
1964-10-20,0.06687057028280029,1
1964-10-21,0.06639065603481063,1
1964-10-22,0.0660707877086235,1
1964-10-23,0.06591074178682098,1
1964-10-26,0.06655069450603256,1
1964-10-27,0.06663062433467636,1
1964-10-28,0.06655069450603256,1
1964-10-29,0.06655069450603256,1
1964-10-30,0.0671907217310501,1
1964-11-02,0.06815048317180404,1
1964-11-04,0.06815048317180404,1
1964-11-05,0.06815048317180404,1
1964-11-06,0.0671907217310501,1
1964-11-09,0.06735047708020934,1
1964-11-10,0.06751053045259246,1
1964-11-11,0.0671907217310501,1
1964-11-12,0.06847032169566879,1
1964-11-13,0.07007009546027908,1
1964-11-16,0.06911025951371917,1
1964-11-17,0.0694301501916481,1
1964-11-18,0.0694301501916481,1
1964-11-19,0.07007009546027908,1
1964-11-20,0.07102986435161361,1
1964-11-23,0.07135072360502014,1
1964-11-24,0.07167163501249084,1
1964-11-25,0.0719921515391899,1
1964-11-27,0.07215253273711929,1
1964-11-30,0.07119032005534896,1
1964-12-01,0.07006819556222686,1
1964-12-02,0.07022833834157714,1
1964-12-03,0.07054921994672546,1
1964-12-04,0.06990779946313629,1
1964-12-07,0.06910594562755355,1
1964-12-08,0.06958692530856857,1
1964-12-09,0.06990779946313629,1
1964-12-10,0.06990779946313629,1
1964-12-11,0.06990779946313629,1
1964-12-14,0.0696672574685646,1
1964-12-15,0.0687853918479515,1
1964-12-16,0.06782341758476028,1
1964-12-17,0.06830441216693649,1
1964-12-18,0.06926636407838592,1
1964-12-21,0.0696672574685646,1
1964-12-22,0.07183167348371276,1
1964-12-23,0.07279364774690399,1
1964-12-24,0.0719921515391899,1
1964-12-28,0.07207220057712325,1
1964-12-29,0.07103017727599868,1
1964-12-30,0.07070932547317275,1
1964-12-31,0.07167163501249084,1
1965-01-04,0.07135072360502014,1
1965-01-05,0.07215253273711929,1
1965-01-06,0.07343513528571853,1
1965-01-07,0.07343513528571853,1
1965-01-08,0.07455746094451675,1
1965-01-11,0.07519887397752532,1
1965-01-12,0.07648173729644546,1
1965-01-13,0.07632131884561309,1
1965-01-14,0.07503844062553176,1
1965-01-15,0.0747179240988327,1
1965-01-18,0.07495829473005065,1
1965-01-19,0.07567988346086273,1
1965-01-20,0.07519887397752532,1
1965-01-21,0.07487831274734268,1
1965-01-22,0.07543939362035522,1
1965-01-25,0.0747179240988327,1
1965-01-26,0.07567988346086273,1
1965-01-27,0.07632131884561309,1
1965-01-28,0.07760410765872726,1
1965-01-29,0.07760410765872726,1
1965-02-01,0.07856608192191848,1
1965-02-02,0.07712285230623016,1
1965-02-03,0.07680222402082214,1
1965-02-04,0.07632131884561309,1
1965-02-05,0.07808506498800048,1
1965-02-08,0.0769626424716545,1
1965-02-09,0.0769626424716545,1
1965-02-10,0.07744364450441131,1
1965-02-11,0.07680222402082214,1
1965-02-12,0.07712285230623016,1
1965-02-15,0.07728321115241775,1
1965-02-16,0.07792463163600692,1
1965-02-17,0.07744364450441131,1
1965-02-18,0.07744364450441131,1
1965-02-19,0.07936754087672958,1
1965-02-23,0.08052728335128555,1
1965-02-24,0.08181559304462203,1
1965-02-25,0.08149358640180358,1
1965-02-26,0.08004418025480041,1
1965-03-01,0.08004418025480041,1
1965-03-02,0.08084926764236221,1
1965-03-03,0.08149358640180358,1
1965-03-04,0.08101045350299606,1
1965-03-05,0.0806884617613388,1
1965-03-08,0.08036615709529647,1
1965-03-09,0.08052728335128555,1
1965-03-10,0.08004418025480041,1
1965-03-11,0.08117156485782394,1
1965-03-12,0.08149358640180358,1
1965-03-15,0.08213786045776138,1
1965-03-16,0.08133242289291152,1
1965-03-17,0.08125197152362594,1
1965-03-18,0.08117156485782394,1
1965-03-19,0.08052728335128555,1
1965-03-22,0.08052728335128555,1
1965-03-23,0.08012459437118301,1
1965-03-24,0.08004418025480041,1
1965-03-25,0.07923883209691772,1
1965-03-26,0.07923883209691772,1
1965-03-29,0.07923883209691772,1
1965-03-30,0.07923883209691772,1
1965-03-31,0.07988304654823074,1
1965-04-01,0.0802050308393074,1
1965-04-02,0.08052728335128555,1
1965-04-05,0.08084926764236221,1
1965-04-06,0.08117156485782394,1
1965-04-07,0.08117156485782394,1
1965-04-08,0.08084926764236221,1
1965-04-09,0.08181559304462203,1
1965-04-12,0.08439262221322784,1
1965-04-13,0.08374837795959243,1
1965-04-14,0.08535892526374587,1
1965-04-15,0.08664749572740325,1
1965-04-19,0.08632516870961914,1
1965-04-20,0.08519777665601501,1
1965-04-21,0.08519777665601501,1
1965-04-22,0.08535892526374587,1
1965-04-23,0.08535892526374587,1
1965-04-26,0.0840703398989273,1
1965-04-27,0.0840703398989273,1
1965-04-28,0.08342640111909637,1
1965-04-29,0.08278208981023559,1
1965-04-30,0.08310408155189285,1
1965-05-03,0.0826210008071495,1
1965-05-04,0.0840703398989273,1
1965-05-05,0.08519777665601501,1
1965-05-06,0.08568088720308074,1
1965-05-07,0.08552002916799316,1
1965-05-10,0.08503692607150802,1
1965-05-11,0.08503692607150802,1
1965-05-12,0.08503692607150802,1
1965-05-13,0.08600317696796188,1
1965-05-14,0.08503692607150802,1
1965-05-17,0.08568088720308074,1
1965-05-18,0.08652018765674362,1
1965-05-19,0.08781170109973678,1
1965-05-20,0.08797313282953033,1
1965-05-21,0.0871659518288208,1
1965-05-24,0.08652018765674362,1
1965-05-25,0.08732743571267852,1
1965-05-26,0.08684322247968444,1
1965-05-27,0.08522906164394149,1
1965-05-28,0.08635870377288589,1
1965-06-01,0.08700435618625411,1
1965-06-02,0.08522906164394149,1
1965-06-03,0.08522906164394149,1
1965-06-04,0.08426030735240707,1
1965-06-07,0.08296912173496017,1
1965-06-08,0.08070920417772064,1
1965-06-09,0.08022501329646835,1
1965-06-10,0.07957925657497177,1
1965-06-11,0.08006351451144943,1
1965-06-14,0.07893355200753936,1
1965-06-15,0.07780355225072631,1
1965-06-16,0.07844934622512588,1
1965-06-17,0.07877205322252044,1
1965-06-18,0.08070920417772064,1
1965-06-21,0.08167772005067596,1
1965-06-22,0.08232346187101135,1
1965-06-23,0.0818391666816307,1
1965-06-24,0.08103195587859878,1
1965-06-25,0.08006351451144943,1
1965-06-28,0.07844934622512588,1
1965-06-29,0.07925657937989959,1
1965-06-30,0.08022501329646835,1
1965-07-01,0.08022501329646835,1
1965-07-02,0.08070920417772064,1
1965-07-06,0.08006351451144943,1
1965-07-07,0.0803861917065216,1
1965-07-08,0.08070920417772064,1
1965-07-09,0.0818391666816307,1
1965-07-12,0.08232346187101135,1
1965-07-13,0.08200041214690933,1
1965-07-14,0.08264611671434173,1
1965-07-15,0.08361487100587615,1
1965-07-16,0.0839376003550125,1
1965-07-19,0.08409903953538665,1
1965-07-20,0.08280764530168304,1
1965-07-21,0.0838569552706314,1
1965-07-22,0.08409903953538665,1
1965-07-23,0.08474454293714294,1
1965-07-26,0.08587445328698882,1
1965-07-27,0.08619750301109085,1
1965-07-28,0.08652018765674362,1
1965-07-29,0.0871659518288208,1
1965-07-30,0.08934520940051803,1
1965-08-02,0.09120148430333862,1
1965-08-03,0.0923313946531845,1
1965-08-04,0.09362261752353439,1
1965-08-05,0.09685096154676208,1
1965-08-06,0.09668972353206405,1
1965-08-09,0.09475255767570266,1
1965-08-10,0.09394557784066924,1
1965-08-11,0.09475255767570266,1
1965-08-12,0.09555985788570175,1
1965-08-13,0.09555985788570175,1
1965-08-16,0.09539826224313507,1
1965-08-17,0.09559223810897598,1
1965-08-18,0.09510702649818191,1
1965-08-19,0.09575416157708892,1
1965-08-20,0.09575416157708892,1
1965-08-23,0.0965626762317253,1
1965-08-24,0.09720981131063232,1
1965-08-25,0.09737158576713333,1
1965-08-26,0.09737158576713333,1
1965-08-27,0.09769487390981445,1
1965-08-30,0.09704790274368057,1
1965-08-31,0.09704790274368057,1
1965-09-01,0.09720981131063232,1
1965-09-02,0.09704790274368057,1
1965-09-03,0.09704790274368057,1
1965-09-07,0.09720981131063232,1
1965-09-08,0.09704790274368057,1
1965-09-09,0.09704790274368057,1
1965-09-10,0.09704790274368057,1
1965-09-13,0.09704790274368057,1
1965-09-14,0.0967244730399681,1
1965-09-15,0.09704790274368057,1
1965-09-16,0.09720981131063232,1
1965-09-17,0.09704790274368057,1
1965-09-20,0.0978567824767662,1
1965-09-21,0.09866537908778915,1
1965-09-22,0.09931236515508422,-1
1965-09-23,0.10157688717113265,-1
1965-09-24,0.10367952297197112,-1
1965-09-27,0.10934080938564071,-1
1965-09-28,0.10950233052240142,1
1965-09-29,0.10610594610439071,1
1965-09-30,0.10610594610439071,1
1965-10-01,0.10529698441491851,1
1965-10-04,0.10529698441491851,1
1965-10-05,0.10626748214231262,1
1965-10-06,0.10626748214231262,1
1965-10-07,0.10545885572896728,1
1965-10-08,0.10448841760621795,1
1965-10-11,0.10513519505725631,1
1965-10-12,0.10416477928624877,1
1965-10-13,0.10270909975038299,1
1965-10-14,0.10157688717113265,1
1965-10-15,0.10076797763572463,1
1965-10-18,0.10125353942380676,1
1965-10-19,0.10092989365325698,1
1965-10-20,0.10125353942380676,1
1965-10-21,0.10157688717113265,1
1965-10-22,0.10092989365325698,1
1965-10-25,0.09947416196332702,1
1965-10-26,0.09898902485833892,1
1965-10-27,0.09737158576713333,1
1965-10-28,0.095430389146669,1
1965-10-29,0.09737158576713333,1
1965-11-01,0.09720981131063232,1
1965-11-03,0.09704790274368057,1
1965-11-04,0.09720981131063232,1
1965-11-05,0.09688635180459747,1
1965-11-08,0.095430389146669,1
1965-11-09,0.0952686072395874,1
1965-11-10,0.095430389146669,1
1965-11-11,0.09607741991744766,1
1965-11-12,0.0967244730399681,1
1965-11-15,0.0965626762317253,1
1965-11-16,0.0967244730399681,1
1965-11-17,0.0965626762317253,1
1965-11-18,0.09753312180505523,1
1965-11-19,0.09898902485833892,1
1965-11-22,0.10372102270589599,1
1965-11-23,0.10598988841043243,1
1965-11-24,0.10453144470916519,1
1965-11-26,0.10582809160218963,1
1965-11-29,0.10696221153007278,1
1965-11-30,0.10696221153007278,1
1965-12-01,0.10712437341676483,1
1965-12-02,0.10728655020461807,1
1965-12-03,0.10858284692035446,1
1965-12-06,0.10712437341676483,1
1965-12-07,0.10712437341676483,1
1965-12-08,0.10696221153007278,1
1965-12-09,0.10680042962299117,1
1965-12-10,0.10647607604728469,1
1965-12-13,0.10680042962299117,1
1965-12-14,0.1087450237082077,1
1965-12-15,0.11279669414029846,1
1965-12-16,0.11312076459394226,-1
1965-12-17,0.11295857290492782,-1
1965-12-20,0.11182446787820587,1
1965-12-21,0.11101388941274414,1
1965-12-22,0.1102037952350212,1
1965-12-23,0.10939323912130126,1
1965-12-27,0.1102037952350212,1
1965-12-28,0.10955545316205749,1
1965-12-29,0.10939323912130126,1
1965-12-30,0.10979852835403213,1
1965-12-31,0.11166228363977203,1
1966-01-03,0.11344500641093978,1
1966-01-04,0.11263452480302581,1
1966-01-05,0.11409304301009902,-1
1966-01-06,0.11279669414029846,-1
1966-01-07,0.11263452480302581,1
1966-01-10,0.11279669414029846,1
1966-01-11,0.11295857290492782,1
1966-01-12,0.11312076459394226,1
1966-04-01,0.12159618745313415,1
1966-04-04,0.12224644432531127,1
1966-04-05,0.12094610194431075,1
1966-04-06,0.11997058997617492,1
1966-04-07,0.12094610194431075,1
1966-04-11,0.12159618745313415,1
1966-04-12,0.12159618745313415,1
1966-04-13,0.12192136804328689,-1
1966-06-03,0.11402776847348937,-1
1966-06-06,0.11386480192409286,-1
1966-06-07,0.11370177577005157,-1
1966-06-08,0.11402776847348937,-1
1966-06-09,0.11451644460426101,-1
1966-06-10,0.11663398156629333,-1
1966-06-13,0.11663398156629333,-1
1966-06-14,0.11761131892667541,-1
1966-06-15,0.11924030641780624,-1
1966-06-16,0.12135799984203109,1
1966-06-17,0.12200955311523208,1
1966-06-20,0.12380146245227584,-1
1966-06-21,0.1270594895886017,-1
1966-06-22,0.12640777240262757,-1
1966-06-23,0.12624479840265046,-1
1966-06-24,0.12640777240262757,-1
1966-06-27,0.1228242890046669,-1
1966-06-28,0.12184653441177139,1
1966-06-29,0.1211952121065689,1
1966-06-30,0.12217257926927337,1
1966-07-01,0.12217257926927337,1
1966-11-04,0.11115938435064086,1
1966-11-07,0.11099636564718017,1
1966-11-09,0.11099636564718017,1
1966-11-10,0.1116490365074707,1
1966-11-11,0.11148599545226821,1
1966-11-14,0.11148599545226821,1
1966-11-15,0.11099636564718017,1
1966-11-16,0.11099636564718017,1
1966-11-17,0.10985368500219116,1
1966-11-18,0.11050634841190109,1
1966-11-21,0.10901799808011779,1
1966-12-21,0.11727829287515411,1
1966-12-22,0.1171145812676979,1
1966-12-23,0.11744163940416107,1
1966-12-27,0.1171145812676979,1
1966-12-28,0.1154790000127388,1
1966-12-29,0.1144975946353508,1
1966-12-30,0.111880324880941,1
1967-01-03,0.11057187626825103,1
1967-01-04,0.10860899845824966,1
1967-01-05,0.1089363620685173,1
1967-02-09,0.12463867674337158,1
1967-02-10,0.12611104557977448,1
1967-02-13,0.12660162160859834,1
1967-02-14,0.12709236155019532,1
1967-02-15,0.12611104557977448,1
1967-02-16,0.1262742430971695,1
1967-02-17,0.1262742430971695,1
1967-02-20,0.12469935427175292,1
1967-02-21,0.12387877712713012,1
1967-02-23,0.12535560141073,1
1967-02-24,0.12601175914273988,1
1967-02-27,0.1269965023802353,-1
1967-02-28,0.1266680956886841,-1
1967-03-01,0.12765249619947205,-1
1967-03-02,0.13027799139486085,-1
1967-03-03,0.13224668810830842,1
1967-03-06,0.13421595106588136,1
1967-03-07,0.13323119292722474,1
1967-03-08,0.13388749967084657,1
1967-03-09,0.1337236912058426,1
1967-03-10,0.13323119292722474,1
1967-03-13,0.13323119292722474,1
1967-03-14,0.13323119292722474,1
1967-03-15,0.1337236912058426,1
1967-03-16,0.13388749967084657,1
1967-03-17,0.13454395542608033,1
1967-03-20,0.13520024726854096,1
1967-03-21,0.13749741027818452,1
1967-03-22,0.14110712717042695,1
1967-03-23,0.14406058202253114,1
1967-03-27,0.14389640102849732,1
1967-03-28,0.143076092104776,1
1967-03-29,0.14422477791772614,1
1967-03-30,0.1437322200344635,1
1967-03-31,0.14570121477113496,1
1967-04-03,0.14438854167924653,1
1967-04-04,0.14406058202253114,1
1967-04-05,0.14438854167924653,1
1967-04-06,0.14438854167924653,1
1967-04-07,0.14504478881822358,1
1967-04-10,0.1429119111107422,-1
1967-04-11,0.14274778972135316,-1
1967-04-12,0.1429119111107422,-1
1967-04-13,0.13979464779363404,-1
1967-04-14,0.140450656514032,1
1967-04-17,0.14176341901288758,1
1967-04-18,0.14274778972135316,1
1967-04-19,0.14832653115258942,1
1967-04-20,0.15259233127103577,1
1967-04-21,0.1591557414339615,1
1967-04-24,0.15948376069532166,1
1967-04-25,0.16128872344957124,1
1967-04-26,0.16145260642038117,1
1967-04-27,0.159319669108255,1
1967-04-28,0.15357713411317597,1
1967-05-01,0.1555459202335907,1
1967-05-02,0.1545613707111908,1
1967-05-03,0.1516079754637314,1
1967-05-04,0.1499672831104828,1
1967-05-05,0.14701396236882935,1
1967-05-08,0.15029554079042207,1
1967-05-09,0.15324871252046357,1
1967-05-10,0.1562023163841797,1
1967-05-11,0.1571866274880005,1
1967-05-12,0.1565302611397339,1
1967-05-15,0.1565302611397339,1
1967-05-16,0.1581709534929825,1
1967-05-17,0.15774399052129517,1
1967-05-18,0.15774399052129517,1
1967-05-19,0.16037309179769288,1
1967-05-22,0.16037309179769288,1
1967-05-23,0.15840096781717072,1
1967-05-24,0.15774399052129517,1
1967-05-25,0.15577204535470734,1
1967-05-26,0.15445742021070252,1
1967-05-29,0.1523212642477585,1
1967-05-31,0.14887088547216187,1
1967-06-01,0.1478848160313202,1
1967-06-02,0.14919956038461457,1
1967-06-05,0.14755624542699586,1
1967-06-06,0.1478848160313202,1
1967-06-07,0.14952807138429414,1
1967-06-08,0.1508425922201706,1
1967-06-09,0.15051411102281342,1
1967-06-12,0.1508425922201706,1
1967-06-13,0.15051411102281342,1
1967-06-14,0.15051411102281342,1
1967-06-15,0.15314309308992158,1
1967-06-16,0.15314309308992158,1
1967-06-19,0.1547861398266388,1
1967-06-20,0.15552566955552827,1
1967-06-21,0.15725094089971314,1
1967-06-22,0.15799045572744141,1
1967-06-23,0.15774399052129517,1
1967-06-26,0.1567579508827759,1
1967-06-27,0.15380044291482697,1
1967-06-28,0.1547861398266388,-1
1967-06-29,0.15404678891168366,-1
1967-06-30,0.15281426916585694,1
1967-07-03,0.1533074677990509,1
1967-07-05,0.15182840834127198,1
1967-07-06,0.14640609930024873,1
1967-07-07,0.14665260920987855,1
1967-07-10,0.1478848160313202,1
1967-07-11,0.14887088547216187,1
1967-07-12,0.1478848160313202,1
1967-07-13,0.14542028317914735,1
1967-07-14,0.1432018281029297,1
1967-07-17,0.14344833801255952,1
1967-07-18,0.1382722408579422,1
1967-07-19,0.13753296444879304,1
1967-07-20,0.14196960638032685,1
1967-07-21,0.1422160715864731,1
1967-07-24,0.14270883808599244,1
1967-07-25,0.14196960638032685,1
1967-07-26,0.14295539269910584,1
1967-07-27,0.14344833801255952,1
1967-07-28,0.1436947138117386,1
1967-07-31,0.1436947138117386,1
1967-08-01,0.14344833801255952,1
1967-08-02,0.14394117901788483,1
1967-08-03,0.14394117901788483,1
1967-08-04,0.14492735276685487,1
1967-08-07,0.14492735276685487,1
1967-08-08,0.14591313908563386,1
1967-08-09,0.14517378817067872,1
1967-08-10,0.14517378817067872,1
1967-08-11,0.14468085775838624,1
1967-08-14,0.14423616240487824,1
1967-08-15,0.14522430310712586,1
1967-08-16,0.14497724185453187,1
1967-08-17,0.1447303594158722,1
1967-08-18,0.14448343227372895,1
1967-08-21,0.14423616240487824,1
1967-08-22,0.14448343227372895,1
1967-08-23,0.14324826012120973,1
1967-08-24,0.1447303594158722,1
1967-08-25,0.14497724185453187,1
1967-08-28,0.1447303594158722,1
1967-08-29,0.14448343227372895,1
1967-08-30,0.1491759718464447,1
1967-08-31,0.1526334435747696,1
1967-09-01,0.1558443159864975,1
1967-09-05,0.1563382149742676,1
1967-09-06,0.1560913623379303,1
1967-09-07,0.1563382149742676,1
1967-09-08,0.15707917521463166,1
1967-09-11,0.1568322480724884,1
1967-09-12,0.1560913623379303,1
1967-09-13,0.15658514211641084,1
1967-09-14,0.15707917521463166,1
1967-09-15,0.16103096316324006,1
1967-09-18,0.16844043145643006,1
1967-09-19,0.16992206881509553,1
1967-09-20,0.17337998757825623,1
1967-09-21,0.17930722246633302,1
1967-09-22,0.17708460996614228,1
1967-09-25,0.17708460996614228,1
1967-09-26,0.17189821610914002,1
1967-09-27,0.17189821610914002,1
1967-09-28,0.17165115485654603,1
1967-09-29,0.16819338510499726,1
1967-10-02,0.16844043145643006,1
1967-10-03,0.1748616249369217,1
1967-10-04,0.1802954376743866,1
1967-10-05,0.18400000045762788,1
1967-10-06,0.18671685467229615,1
1967-10-09,0.18424686799512635,1
1967-10-10,0.18350602696405183,1
1967-10-11,0.17757856855855714,1
1967-10-12,0.1748616249369217,1
1967-10-13,0.17831945429311524,1
1967-10-16,0.17634375403390656,1
1967-10-17,0.1748616249369217,1
1967-10-18,0.1721450836466385,1
1967-10-19,0.17189821610914002,1
1967-10-20,0.17362681041227113,1
1967-10-23,0.16745254407392274,1
1967-10-24,0.16745254407392274,1
1967-10-25,0.16769932220445405,1
1967-10-26,0.17387397597299348,1
1967-10-27,0.17510879049764405,1
1967-10-30,0.17362681041227113,1
1967-10-31,0.17140413830743562,1
1967-11-01,0.16844043145643006,1
1967-11-02,0.16745254407392274,1
1967-11-03,0.16745254407392274,1
1967-11-06,0.16572338352666627,1
1967-11-08,0.16547645638452302,1
1967-11-09,0.16498257229791413,1
1967-11-10,0.1635008753346039,1
1967-11-13,0.16004286716447602,1
1967-11-14,0.1620185823248459,1
1967-11-15,0.16103096316324006,1
1967-11-16,0.1635008753346039,1
1967-11-17,0.16547645638452302,1
1967-11-20,0.16329945633874665,1
1967-11-21,0.1662682742880417,1
1967-11-22,0.1702270657824112,1
1967-11-24,0.17220664034353028,1
1967-11-27,0.17220664034353028,1
1967-11-28,0.17220664034353028,1
1967-11-29,0.17171189198957215,1
1967-11-30,0.17171189198957215,1
1967-12-01,0.1731962264584137,1
1967-12-04,0.17369112382398377,1
1967-12-05,0.1741858870791031,1
1967-12-06,0.1786395014332367,1
1967-12-07,0.1801239402102066,1
1967-12-08,0.1796291769550873,1
1967-12-11,0.17814461896882783,1
1967-12-12,0.18061897168622743,1
1967-12-13,0.18309323499665986,1
1967-12-14,0.18556766221986543,1
1967-12-15,0.18160878131852876,1
1967-12-18,0.18358787904248963,1
1967-12-19,0.18952640901075135,1
1967-12-20,0.18804165730939637,1
1967-12-21,0.18630966554151307,1
1967-12-22,0.18606224666105042,1
1967-12-26,0.1875467897461487,1
1967-12-27,0.1875467897461487,1
1967-12-28,0.18556766221986543,1
1967-12-29,0.18160878131852876,-1
1968-01-02,0.17814461896882783,-1
1968-01-03,0.1731962264584137,-1
1968-01-04,0.1702270657824112,1
1968-01-05,0.17220664034353028,1
1968-01-08,0.17270158241258393,1
1968-01-09,0.1719592810677124,1
1968-01-10,0.16948488364682923,1
1968-01-11,0.1662682742880417,1
1968-01-12,0.16676312695012818,1
1968-01-15,0.16503125439153443,1
1968-01-16,0.16329945633874665,1
1968-01-17,0.16453643153177033,1
1968-01-18,0.1707219035433365,1
1968-01-19,0.1712166966007782,1
1968-01-22,0.16997969160543214,1
1968-01-23,0.1662682742880417,1
1968-01-24,0.16428902755246888,1
1968-01-25,0.16552609215245973,-1
1968-01-26,0.16824789355264436,-1
1968-01-29,0.1712166966007782,-1
1968-01-30,0.1712166966007782,-1
1968-01-31,0.16800041506753693,-1
1968-02-01,0.16725823293195496,-1
1968-02-02,0.16750551770196687,-1
1968-02-05,0.1670108289526535,-1
1968-02-06,0.1657734216259552,-1
1968-02-07,0.16379423449502717,-1
1968-02-08,0.15835098932252656,-1
1968-02-09,0.1543921084211899,-1
1968-02-13,0.1519177408026291,-1
1968-02-14,0.15488699088559876,-1
1968-02-15,0.15835098932252656,-1
1968-02-16,0.1589958817766739,1
1968-02-19,0.16023609052167664,1
1968-02-20,0.1589958817766739,1
1968-02-21,0.16370874653325806,1
1968-02-23,0.1599879414843155,1
1968-02-26,0.1597399563597275,1
1968-02-27,0.1597399563597275,1
1968-02-28,0.16197225461469422,1
1968-02-29,0.1592438818024231,1
1968-03-01,0.1577555389212204,1
1968-03-04,0.1547790915773941,1
1968-03-05,0.15180248032079469,1
1968-03-06,0.15205058465467225,1
1968-03-07,0.15180248032079469,1
1968-03-08,0.15205058465467225,1
1968-03-11,0.1562671960400177,1
1968-03-12,0.1577555389212204,1
1968-03-13,0.15725933025346528,1
1968-03-14,0.14832985411153565,1
1968-03-15,0.1505623758839203,1
1968-03-18,0.15676336000428925,1
1968-03-19,0.15527521083818208,1
1968-03-20,0.15329067419038545,1
1968-03-21,0.1522984952734543,1
1968-03-22,0.1503143609570099,1
1968-03-25,0.15180248032079469,1
1968-03-26,0.15428313622937928,1
1968-03-27,0.15825146446691285,1
1968-03-28,0.1597399563597275,1
1968-03-29,0.1612280459211899,1
1968-04-01,0.16866956661210786,1
1968-04-02,0.16668505976663361,1
1968-04-03,0.16842149208055268,1
1968-04-04,0.16742944727407227,1
1968-04-05,0.16618891070352326,1
1968-04-08,0.16990967104898225,1
1968-04-10,0.17611062536702882,1
1968-04-11,0.17462249110208283,1
1968-04-15,0.1696617604302002,1
1968-04-16,0.1716458649443222,1
1968-04-17,0.17065374563203584,1
1968-04-18,0.171149879793985,1
1968-04-19,0.17586250613199006,-1
1968-04-22,0.17313443134294282,-1
1968-04-23,0.17660687873826753,1
1968-04-24,0.17759911725984345,1
1968-04-25,0.17561452100740205,1
1968-04-26,0.17611062536702882,1
1968-04-29,0.17710310230718385,1
1968-04-30,0.17462249110208283,1
1968-05-01,0.17313443134294282,1
1968-05-02,0.17263825247751008,1
1968-05-03,0.17015774558053742,1
1968-05-06,0.1736302674816681,1
1968-05-07,0.17387838671670686,1
1968-05-08,0.17462249110208283,1
1968-05-09,0.17263825247751008,1
1968-05-10,0.17387838671670686,1
1968-05-13,0.1736302674816681,1
1968-05-14,0.1716458649443222,1
1968-05-15,0.17437449107633363,1
1968-05-16,0.17139783511625062,1
1968-05-17,0.17313443134294282,1
1968-05-20,0.1729356349514557,1
1968-05-21,0.1729356349514557,1
1968-05-22,0.17368106554017793,1
1968-05-23,0.17442651103006135,1
1968-05-24,0.17442651103006135,-1
1968-05-27,0.17268721769319306,-1
1968-05-28,0.17343267808423768,-1
1968-05-29,0.1754201353596283,-1
1968-05-31,0.17939579496846925,-1
1968-06-03,0.18486207733617555,-1
1968-06-04,0.18337129066453706,-1
1968-06-05,0.18287429223523866,-1
1968-06-06,0.18486207733617555,-1
1968-06-07,0.18486207733617555,-1
1968-06-10,0.18684998164640199,-1
1968-06-11,0.18585625300870667,-1
1968-06-13,0.18287429223523866,-1
1968-06-14,0.1798926443861557,-1
1968-06-17,0.17914730320440064,-1
1968-06-18,0.1781533808516098,-1
1968-06-20,0.1774081290768219,-1
1968-06-21,0.17939579496846925,-1
1968-06-24,0.17939579496846925,-1
1968-06-25,0.18038970242009889,-1
1968-06-27,0.1798926443861557,-1
1968-06-28,0.18386837850080262,-1
1968-07-01,0.18486207733617555,-1
1968-07-02,0.18486207733617555,-1
1968-07-03,0.18287429223523866,-1
1968-07-08,0.18411672125325929,-1
1968-07-09,0.18784374008641969,-1
1968-07-11,0.19181929538713227,-1
1968-07-12,0.19032877693639527,-1
1968-07-15,0.1873469651745392,-1
1968-07-16,0.1873469651745392,-1
1968-07-18,0.18386837850080262,-1
1968-07-19,0.1846136600779129,-1
1968-07-22,0.18088650713430177,-1
1968-07-23,0.17939579496846925,-1
1968-07-25,0.17641398320661317,-1
1968-07-26,0.17666271338926087,-1
1968-07-29,0.17889881144033204,-1
1968-07-30,0.17914730320440064,-1
1968-08-01,0.1823776663349701,-1
1968-08-02,0.1846136600779129,-1
1968-08-05,0.1813836545752121,-1
1968-08-06,0.18287429223523866,-1
1968-08-08,0.1813836545752121,-1
1968-08-09,0.18088650713430177,-1
1968-08-12,0.1798926443861557,-1
1968-08-13,0.1811351628111435,-1
1968-08-15,0.17889881144033204,-1
1968-08-16,0.17616547654138337,-1
1968-08-19,0.17920219908223878,1
1968-08-20,0.17970003197656403,1
1968-08-22,0.18069563816056977,-1
1968-08-23,0.17920219908223878,-1
1968-08-26,0.17820683131681214,-1
1968-08-27,0.1787043959902359,-1
1968-08-29,0.17994903038011323,-1
1968-08-30,0.18119323263631593,-1
1968-09-03,0.18044671426282655,-1
1968-09-04,0.1831844599054886,-1
1968-09-05,0.1831844599054886,-1
1968-09-06,0.18418020019994508,-1
1968-09-09,0.1831844599054886,-1
1968-09-10,0.18194016824231873,-1
1968-09-12,0.17820683131681214,-1
1968-09-13,0.17721128473745118,-1
1968-09-16,0.17795780311094056,-1
1968-09-17,0.17721128473745118,1
1968-09-19,0.17770901332364808,1
1968-09-20,0.17721128473745118,1
1968-09-23,0.1787043959902359,1
1968-09-24,0.17920219908223878,1
1968-09-26,0.17621545503602754,1
1968-09-27,0.17073996375070344,1
1968-09-30,0.1732289345072342,1
1968-10-01,0.17571763704286347,1
1968-10-03,0.17596651623712312,1
1968-10-04,0.17571763704286347,1
1968-10-07,0.17497116337285767,1
1968-10-08,0.174722358684404,1
1968-10-10,0.17447331557737122,1
1968-10-11,0.174722358684404,1
1968-10-14,0.17521993825898896,1
1968-10-15,0.17571763704286347,1
1968-10-17,0.17721128473745118,1
1968-10-18,0.17721128473745118,1
1968-10-21,0.17770901332364808,1
1968-10-22,0.17671318362222443,1
1968-10-24,0.17746016393171082,1
1968-10-25,0.17770901332364808,1
1968-10-28,0.17746016393171082,1
1968-10-29,0.17671318362222443,1
1968-10-31,0.1709887833403183,1
1968-11-01,0.17024226496682893,1
1968-11-04,0.17148658643232118,1
1968-11-06,0.17621545503602754,1
1968-11-07,0.17521993825898896,1
1968-11-08,0.17497116337285767,1
1968-11-12,0.17820683131681214,1
1968-11-13,0.17920219908223878,1
1968-11-14,0.18119323263631593,1
1968-11-15,0.1816912592457367,1
1968-11-18,0.18548059473500977,1
1968-11-19,0.18697671602235566,1
1968-11-21,0.18897074470983277,1
1968-11-22,0.19545283923612367,1
1968-11-25,0.2029317320393158,1
1968-11-26,0.19794563959108125,1
1968-11-27,0.1939568967627121,1
1968-11-29,0.19320903728471528,1
1968-12-02,0.194455623726709,1
1968-12-03,0.19545283923612367,1
1968-12-05,0.20043885717855225,1
1968-12-06,0.19844429204927216,1
1968-12-09,0.20043885717855225,1
1968-12-10,0.2024330795811249,1
1968-12-12,0.2094138265656067,1
1968-12-13,0.20791779468522797,1
1968-12-16,0.21041081855760346,1
1968-12-17,0.2059234232710434,1
1968-12-19,0.20143598328099976,1
1968-12-20,0.19844429204927216,1
1968-12-23,0.19844429204927216,1
1968-12-24,0.19994035373197327,1
1968-12-26,0.2049262822674347,1
1968-12-27,0.2049262822674347,1
1968-12-30,0.2059234232710434,0
1968-12-31,0.21240533898339997,0
1969-01-02,0.2109094263123108,1
1969-01-03,0.2094138265656067,1
1969-01-06,0.20642218003736268,1
1969-01-07,0.20343033979402314,1
1969-01-08,0.20343033979402314,1
1969-01-09,0.2024330795811249,1
1969-01-10,0.2029317320393158,1
1969-01-13,0.2029317320393158,1
1969-01-14,0.20193478475080262,1
1969-01-15,0.20193478475080262,1
1969-01-16,0.2029317320393158,1
1969-01-17,0.20642218003736268,1
1969-01-20,0.21041081855760346,1
1969-01-21,0.21464909623132478,1
1969-01-22,0.21789012859330903,1
1969-01-23,0.2198842764900757,1
1969-01-24,0.21938563893304597,1
1969-01-27,0.22138015935884248,1
1969-01-28,0.22088146219716798,1
1969-01-29,0.21913646171556245,1
1969-01-30,0.21838857243524323,1
1969-01-31,0.21789012859330903,1
1969-02-03,0.2171420455978943,1
1969-02-04,0.21539683650003205,1
1969-02-05,0.2158954442547394,1
1969-02-06,0.21739131222234498,1
1969-02-07,0.21838857243524323,1
1969-02-11,0.21789012859330903,1
1969-03-13,0.21938252459035645,1
1969-03-14,0.22088149199949036,1
1969-03-17,0.22088149199949036,1
1969-03-18,0.22088149199949036,1
1969-03-19,0.22687818119989167,1
1969-03-20,0.2353738398359848,1
1969-03-21,0.23387458930478822,1
1969-03-24,0.23187580714689027,1
1969-03-25,0.2288772464798523,1
1969-03-26,0.22987669716344605,1
1969-03-27,0.23087602863775025,1
1969-03-28,0.235873282055719,1
1969-04-01,0.23387458930478822,1
1969-04-02,0.23087602863775025,1
1969-04-03,0.22687818119989167,1
1969-04-07,0.22587881992326508,1
1969-04-08,0.2281276286648346,1
1969-04-09,0.23287497470842133,1
1969-04-10,0.23437434444890748,1
1969-04-11,0.2438691110418869,1
1969-04-14,0.24586823592649232,1
1969-04-15,0.25036582360730897,1
1969-04-16,0.25461366782651673,1
1969-04-17,0.2553631068276001,1
1969-04-18,0.2521146834896637,1
1969-04-21,0.24836671362386475,1
1969-04-22,0.24586823592649232,1
1969-04-23,0.2438691110418869,1
1969-04-24,0.235873282055719,1
1969-04-25,0.2381223888205124,1
1969-04-28,0.24237000952230225,1
1969-04-29,0.24736720333562623,1
1969-04-30,0.246367946367128,1
1969-05-01,0.24486859152780305,1
1969-05-02,0.24486859152780305,1
1969-05-05,0.24786701808439027,1
1969-05-06,0.24886636445985566,1
1969-05-07,0.24736720333562623,1
1969-05-08,0.24786701808439027,1
1969-05-09,0.24786701808439027,1
1969-05-12,0.246367946367128,1
1969-05-13,0.24986620257364045,1
1969-05-14,0.24836671362386475,-1
1969-05-15,0.24686779091821442,-1
1969-05-16,0.24786701808439027,-1
1969-05-19,0.2487679273890091,-1
1969-05-20,0.24726635227666627,-1
1969-05-21,0.24726635227666627,-1
1969-05-22,0.24726635227666627,-1
1969-05-23,0.24626532206998597,-1
1969-05-26,0.24376267204747926,-1
1969-05-27,0.24025879810319672,-1
1969-05-28,0.24176058183179627,-1
1969-05-29,0.24326232085691224,-1
1969-06-02,0.24025879810319672,-1
1969-06-03,0.24025879810319672,1
1969-06-04,0.24025879810319672,-1
1969-06-05,0.24125997732148896,-1
1969-06-06,0.24025879810319672,1
1969-06-09,0.24125997732148896,1
1969-06-10,0.24176058183179627,-1
1969-06-11,0.24025879810319672,-1
1969-06-12,0.23775623748765717,-1
1969-06-13,0.2372557819889618,-1
1969-06-16,0.23625437925325166,1
1969-06-17,0.23525333414541016,1
1969-06-18,0.23575405786500703,1
1969-06-19,0.2302481384085251,1
1969-06-20,0.23225034783349763,1
1969-06-23,0.2342524380491806,1
1969-06-24,0.2347531170652939,1
1969-06-25,0.2347531170652939,1
1969-06-26,0.22924691448674928,1
1969-06-27,0.2257431448505951,1
1969-06-30,0.22674429426656495,1
1969-07-01,0.22724466035829316,1
1969-07-02,0.22424192736612092,1
1969-07-03,0.2252427638577057,1
1969-07-07,0.22123846421705018,1
1969-07-08,0.22073782990442048,1
1969-07-09,0.22273966680036317,1
1969-07-10,0.22724466035829316,1
1969-07-11,0.2302481384085251,1
1969-07-14,0.22674429426656495,1
1969-07-15,0.22924691448674928,1
1969-07-16,0.23225034783349763,1
1969-07-17,0.2372557819889618,1
1969-07-18,0.2342524380491806,1
1969-07-22,0.23325139294133912,1
1969-07-23,0.23325139294133912,1
1969-07-24,0.231749564509256,1
1969-07-25,0.22874628017411958,1
1969-07-28,0.231749564509256,1
1969-07-29,0.22824618230329285,1
1969-07-30,0.231749564509256,1
1969-07-31,0.23525333414541016,1
1969-08-01,0.2342524380491806,1
1969-08-04,0.2372557819889618,1
1969-08-05,0.2372557819889618,1
1969-08-06,0.2372557819889618,1
1969-08-07,0.24125997732148896,1
1969-08-08,0.24726635227666627,1
1969-08-11,0.2552752197788788,1
1969-08-12,0.25577566037641297,1
1969-08-13,0.2542736829327179,1
1969-08-14,0.2662867308662964,1
1969-08-15,0.26328325281606446,1
1969-08-18,0.2606770695255829,1
1969-08-19,0.26268213997350465,1
1969-08-20,0.2686980665730072,1
1969-08-21,0.2727080584572388,1
1969-08-22,0.27872401485906373,1
1969-08-25,0.2727080584572388,1
1969-08-26,0.2676950992153717,1
1969-08-27,0.26970043788419495,1
1969-08-28,0.2686980665730072,1
1969-08-29,0.2676950992153717,1
1969-09-02,0.2686980665730072,1
1969-09-03,0.2656901181744171,1
1969-09-04,0.26468756804929505,1
1969-09-05,0.26970043788419495,1
1969-09-08,0.2676950992153717,1
1969-09-09,0.2676950992153717,1
1969-09-10,0.27371084700093995,1
1969-09-11,0.2742123008774353,1
1969-09-12,0.27621743093000184,1
1969-09-15,0.2797263861702515,1
1969-09-16,0.27922508130536805,1
1969-09-17,0.28123030076490174,1
1969-09-18,0.289752334456308,1
1969-09-19,0.3007812501,1
1969-09-22,0.3012823463486267,1
1969-09-23,0.304791659216745,1
1969-09-24,0.29977843175397645,1
1969-09-25,0.29576832066045533,1
1969-09-26,0.2907548547791077,1
1969-09-29,0.28473928580747376,1
1969-09-30,0.27872401485906373,1
1969-10-01,0.28373688469396363,1
1969-10-02,0.27922508130536805,1
1969-10-03,0.28774747262464295,1
1969-10-06,0.2987760604427887,1
1969-10-07,0.2952667475746704,1
1969-10-08,0.2955176533268524,1
1969-10-09,0.29576832066045533,1
1969-10-10,0.296770840983255,1
1969-10-13,0.29977843175397645,1
1969-10-14,0.29977843175397645,1
1969-10-15,0.30053025494085084,1
1969-10-16,0.3022851646946503,1
1969-10-17,0.2992771864937378,1
1969-10-20,0.2992771864937378,1
1969-10-21,0.2992771864937378,1
1969-10-22,0.3057941795395447,1
1969-10-23,0.3027861715363098,1
1969-10-24,0.3057941795395447,1
1969-10-27,0.3098047376679016,1
1969-10-28,0.31080716858373414,1
1969-10-29,0.30629539499746095,1
1969-10-30,0.3067965806530548,1
1969-10-31,0.30779924998746644,1
1969-11-03,0.3088018299149109,1
1969-11-04,0.3098047376679016,1
1969-11-05,0.30779924998746644,1
1969-11-06,0.3067965806530548,1
1969-11-07,0.3067965806530548,1
1969-11-10,0.30779924998746644,1
1969-11-11,0.3093031645821167,1
1969-11-12,0.31581997881398927,1
1969-11-13,0.30779924998746644,1
1969-11-14,0.29576832066045533,1
1969-11-17,0.28713417063222657,1
1969-11-18,0.29767581830487977,1
1969-11-19,0.3031975031899048,1
1969-11-20,0.2991814614342285,1
1969-11-21,0.3001854718731476,1
1969-11-24,0.29717379818425904,1
1969-11-25,0.301189661126001,1
1969-11-26,0.29717379818425904,1
1969-11-28,0.3026953936623169,1
1969-12-01,0.301189661126001,1
1969-12-02,0.30169156203733216,-1
1969-12-03,0.3031975031899048,-1
1969-12-04,0.30620944509969483,-1
1969-12-05,0.30671128640638123,-1
1969-12-08,0.3021934927509857,-1
1969-12-09,0.30169156203733216,1
1969-12-10,0.3082171381519867,1
1969-12-11,0.31122925887571107,1
1969-12-12,0.3092212678001953,1
1969-12-15,0.3082171381519867,1
1969-12-16,0.30620944509969483,-1
1969-12-17,0.3182567359016968,1
1969-12-18,0.31424105177388917,1
1969-12-19,0.3282967806862427,1
1969-12-22,0.3333164156483246,-1
1969-12-23,0.3313082755611969,-1
1969-12-24,0.3413481415318085,-1
1969-12-26,0.3483758569763733,-1
1969-12-29,0.3513880671070648,-1
1969-12-30,0.3574114144848419,-1
1969-12-31,0.36142754564748536,-1
1970-01-02,0.35239169011579285,-1
1970-01-05,0.34385791430936585,-1
1970-01-06,0.35038384805188905,-1
1970-01-07,0.34887781749234925,-1
1970-01-08,0.3513880671070648,-1
1970-01-09,0.35339558134542237,-1
1970-01-12,0.347371906142099,-1
1970-01-13,0.35038384805188905,-1
1970-01-14,0.3554035724209381,-1
1970-01-15,0.3559057415531708,-1
1970-01-16,0.3554035724209381,-1
1970-01-19,0.350885808567865,-1
1970-01-20,0.350885808567865,-1
1970-01-21,0.35239169011579285,-1
1970-01-22,0.35339558134542237,-1
1970-01-23,0.3513880671070648,-1
1970-01-26,0.3513880671070648,-1
1970-01-27,0.347371906142099,-1
1970-01-28,0.3282967806862427,-1
1970-01-29,0.3212686778114868,-1
1970-01-30,0.3172528148697449,-1
1970-02-02,0.3333164156483246,-1
1970-02-03,0.3313082755611969,-1
1970-02-04,0.3167509437607361,-1
1970-02-05,0.3313082755611969,-1
1970-02-06,0.3272925616310669,-1
1970-02-09,0.34185031066404115,-1
1970-02-10,0.3483758569763733,-1
1970-02-11,0.34536394486890565,-1
1970-02-12,0.33281445513234864,-1
1970-02-13,0.3252847493694855,-1
1970-02-16,0.32513389001355897,-1
1970-02-17,0.31884711990819703,-1
1970-02-18,0.3213619888828827,-1
1970-02-19,0.3190988601254059,-1
1970-02-20,0.31306380043493043,-1
1970-02-24,0.30627459297643433,-1
1970-02-25,0.317841500143869,-1
1970-02-26,0.31180650005803834,-1
1970-02-27,0.32060763249860535,-1
1970-03-02,0.317841500143869,-1
1970-03-03,0.3183441461132599,-1
1970-03-04,0.3213619888828827,-1
1970-03-05,0.32085901508794556,-1
1970-03-06,0.3163326681660248,-1
1970-03-09,0.31432101140485535,-1
1970-03-10,0.31180650005803834,-1
1970-03-11,0.31432101140485535,-1
1970-03-12,0.31532689939008485,-1
1970-03-13,0.31180650005803834,-1
1970-03-16,0.3067775369690491,-1
1970-03-17,0.3052685261772705,-1
1970-03-18,0.30828633914457093,-1
1970-03-19,0.3092920185135437,-1
1970-03-20,0.3092920185135437,-1
1970-03-23,0.3067775369690491,-1
1970-03-24,0.30501705418096314,-1
1970-03-25,0.31482404480443726,-1
1970-03-26,0.31482404480443726,-1
1970-03-30,0.31331542144284974,-1
1970-03-31,0.31080085049138795,-1
1970-04-01,0.30853745351300965,-1
1970-04-02,0.303508460621698,-1
1970-04-03,0.30476561198697816,-1
1970-04-06,0.2967192233608795,-1
1970-04-07,0.2881697119282318,-1
1970-04-08,0.2876668871449066,-1
1970-04-09,0.29420456300245057,1
1970-04-10,0.2937017382191254,1
1970-04-13,0.2916898728416992,1
1970-04-14,0.29621589193807374,1
1970-04-15,0.29772475371824036,1
1970-04-16,0.29445597539411317,1
1970-04-17,0.29420456300245057,-1
1970-04-20,0.2937017382191254,-1
1970-04-21,0.29194146404729615,-1
1970-04-22,0.2899296582745148,-1
1970-04-23,0.2813801468418671,-1
1970-04-24,0.2801230252789093,1
1970-04-27,0.27710530171857606,1
1970-04-28,0.2755967975662781,1
1970-04-29,0.28565481315122376,1
1970-04-30,0.2876668871449066,1
1970-05-01,0.2861575783299042,1
1970-05-04,0.27710530171857606,1
1970-05-05,0.2740881444023682,1
1970-05-06,0.2786144019173218,1
1970-05-07,0.2826373876141144,1
1970-05-08,0.2786144019173218,1
1970-05-11,0.27157339463697205,1
1970-05-12,0.27358511100278626,1
1970-05-13,0.27182480702863465,1
1970-05-14,0.2690587342785431,1
1970-05-15,0.28163164864049683,1
1970-05-18,0.28515201817022096,1
1970-05-19,0.27006477127538453,1
1970-05-20,0.26629289994703065,1
1970-05-21,0.2564862073467804,1
1970-05-22,0.2554580272244049,1
1970-05-25,0.23731917152868043,1
1970-05-26,0.22598233829007874,1
1970-05-27,0.24336555610166322,1
1970-05-28,0.24790045629010926,1
1970-05-29,0.26301610479818116,1
1970-06-01,0.2720856071518494,1
1970-06-02,0.26906245956884156,1
1970-06-03,0.28039950142369996,1
1970-06-04,0.2781320811317993,1
1970-06-05,0.27132999907003175,1
1970-06-08,0.2735970915363861,1
1970-06-09,0.2720856071518494,1
1970-06-10,0.27132999907003175,1
1970-06-11,0.27662044773565064,1
1970-06-12,0.27662044773565064,1
1970-06-15,0.28115522871480714,1
1970-06-16,0.30231770883069764,1
1970-06-17,0.296271026234491,1
1970-06-18,0.30231770883069764,1
1970-06-19,0.296271026234491,1
1970-06-22,0.296271026234491,1
1970-06-23,0.285690039496286,1
1970-06-24,0.28191089640126954,1
1970-06-25,0.28191089640126954,1
1970-06-26,0.2781320811317993,1
1970-06-29,0.2781320811317993,1
1970-06-30,0.28191089640126954,1
1970-07-01,0.2826667130993439,1
1970-07-02,0.2788878382252289,1
1970-07-06,0.2826667130993439,1
1970-07-07,0.2720856071518494,1
1970-07-08,0.28115522871480714,1
1970-07-09,0.2841784359024597,1
1970-07-10,0.290980339150293,1
1970-07-13,0.2879576087997986,-1
1970-07-14,0.2872014344738556,-1
1970-07-15,0.29022470126615296,-1
1970-07-16,0.2887133062885834,-1
1970-07-17,0.2992941738174988,-1
1970-07-20,0.30156180272565614,-1
1970-07-21,0.30080583701596986,-1
1970-07-22,0.2992941738174988,-1
1970-07-23,0.29778271923528443,-1
1970-07-24,0.2932480276630951,-1
1970-07-27,0.285690039496286,-1
1970-07-28,0.2932480276630951,-1
1970-07-29,0.30005016932950745,1
1970-07-30,0.29778271923528443,-1
1970-07-31,0.2985384465263916,-1
1970-08-03,0.2932480276630951,-1
1970-08-04,0.29022470126615296,-1
1970-08-05,0.2864457667873932,-1
1970-08-06,0.2879576087997986,-1
1970-08-07,0.2864457667873932,-1
1970-08-10,0.2751090229557587,-1
1970-08-11,0.2735970915363861,1
1970-08-12,0.2743530870483948,1
1970-08-13,0.2675508261726929,1
1970-08-14,0.26226046691404115,1
1970-08-17,0.26350227008329163,1
1970-08-18,0.2733457685516907,1
1970-08-19,0.2733457685516907,1
1970-08-20,0.27561748037801514,1
1970-08-21,0.28924691687093507,1
1970-08-24,0.2968186141060425,1
1970-08-25,0.2998473049210144,1
1970-08-26,0.29378992329107056,1
1970-08-27,0.2922753096626831,1
1970-08-28,0.2968186141060425,1
1970-08-31,0.2945471705006195,1
1970-09-01,0.2983330191181732,1
1970-09-02,0.2922753096626831,1
1970-09-03,0.3043906093643738,1
1970-09-04,0.31196242580877076,1
1970-09-08,0.31650570044980775,1
1970-09-09,0.32407724867330323,1
1970-09-10,0.3202917576836182,1
1970-09-11,0.31801998625264893,1
1970-09-14,0.3172627092407776,1
1970-09-15,0.305904895167215,1
1970-09-16,0.3134768606232239,1
1970-09-17,0.31801998625264893,1
1970-09-18,0.3195341230438782,1
1970-09-21,0.31499117622838746,1
1970-09-22,0.3096908927963806,1
1970-09-23,0.3104480804012848,1
1970-09-24,0.31801998625264893,1
1970-09-25,0.32407724867330323,1
1970-09-28,0.3134768606232239,1
1970-09-29,0.31801998625264893,1
1970-09-30,0.3195341230438782,1
1970-10-01,0.321048766474588,1
1970-10-02,0.32407724867330323,1
1970-10-05,0.33316373835073243,1
1970-10-06,0.3377068639801575,1
1970-10-07,0.33619263778196107,1
1970-10-08,0.328620582918985,1
1970-10-09,0.31877711425290833,1
1970-10-12,0.3172627092407776,1
1970-10-13,0.32407724867330323,1
1970-10-14,0.32710617790685426,1
1970-10-15,0.32786360393033753,1
1970-10-16,0.3195341230438782,1
1970-10-19,0.31574854264722596,1
1970-10-20,0.33316373835073243,1
1970-10-21,0.33013522634969483,1
1970-10-22,0.3316492737339569,1
1970-10-23,0.33467847118840943,1
1970-10-26,0.3384639919804169,1
1970-10-27,0.3377068639801575,1
1970-10-28,0.33543553958402406,1
1970-10-29,0.33619263778196107,1
1970-10-30,0.34376448402868043,1
1970-11-02,0.34376448402868043,1
1970-11-03,0.34376448402868043,1
1970-11-04,0.34830763946042786,1
1970-11-05,0.35890838513837586,1
1970-11-06,0.3566368819283081,1
1970-11-09,0.3543653191135956,1
1970-11-10,0.35285094390378724,1
1970-11-11,0.3513361216591431,1
1970-11-12,0.3467931152390076,1
1970-11-13,0.34452158222661744,1
1970-11-16,0.3396992088364197,1
1970-11-17,0.3434906304882599,1
1970-11-18,0.3396992088364197,1
1970-11-19,0.3412159086273743,1
1970-11-20,0.3427322805927826,1
1970-11-23,0.3396992088364197,1
1970-11-24,0.3442489207790924,1
1970-11-25,0.3472816349075867,1
1970-11-27,0.35789754996763,1
1970-11-30,0.3563809097813202,1
1970-12-01,0.35183119783864747,1
1970-12-02,0.35562267909513245,1
1970-12-03,0.34879839430318604,1
1970-12-04,0.3457651437328888,1
1970-12-07,0.3412159086273743,1
1970-12-08,0.3412159086273743,1
1970-12-09,0.3434906304882599,1
1970-12-10,0.3427322805927826,1
1970-12-11,0.33211666355596314,1
1970-12-14,0.3313584626720978,1
1970-12-15,0.341973751883371,1
1970-12-16,0.3533480764435364,1
1970-12-17,0.35031452785001527,1
1970-12-18,0.3510729969547821,1
1970-12-21,0.3472816349075867,1
1970-12-22,0.3427322805927826,1
1970-12-23,0.3465235532330109,1
1970-12-24,0.3495567740009857,1
1970-12-28,0.35031452785001527,1
1970-12-29,0.35183119783864747,1
1970-12-30,0.3457651437328888,1
1970-12-31,0.3457651437328888,1
1971-01-04,0.3472816349075867,1
1971-01-05,0.35183119783864747,1
1971-01-06,0.35789754996763,1
1971-01-07,0.3715459705399109,1
1971-01-08,0.37609583149419556,1
1971-01-11,0.3882276714848114,1
1971-01-12,0.3927769363926483,1
1971-01-13,0.3973267377422882,1
1971-01-14,0.4003598989056183,1
1971-01-15,0.393535852532251,1
1971-01-18,0.36851301799283753,1
1971-01-19,0.3783703149365021,1
1971-01-20,0.3851946295307709,1
1971-01-21,0.3814036251114441,1
1971-01-22,0.38367807875142823,1
1971-01-25,0.38064518580899964,1
1971-01-26,0.39050239334569703,1
1971-01-27,0.3851946295307709,1
1971-01-28,0.3867110312985016,1
1971-01-29,0.39126068363652955,1
1971-02-01,0.3927769363926483,1
1971-02-02,0.3988434673355652,1
1971-02-03,0.40642577419744264,1
1971-02-04,0.40642577419744264,1
1971-02-05,0.4094589949654175,1
1971-02-08,0.4109754265354706,1
1971-02-09,0.4079424739883972,1
1971-02-10,0.4322067202137543,1
1971-02-11,0.4246238173054291,1
1971-02-12,0.4208328128861023,1
1971-02-16,0.4200744331883026,1
1971-02-17,0.41855770359502564,1
1971-02-18,0.4215912223862244,1
1971-02-19,0.4094589949654175,1
1971-02-22,0.4087294341133667,1
1971-02-23,0.4193653167294098,1
1971-02-24,0.42392364154325257,1
1971-02-25,0.430001437764032,1
1971-02-26,0.4284820557640625,1
1971-03-01,0.43076154599653016,1
1971-03-02,0.4322808087872101,1
1971-03-03,0.430001437764032,1
1971-03-04,0.4429169000195099,1
1971-03-05,0.4558315874146057,1
1971-03-08,0.4558315874146057,1
1971-03-09,0.46798792491422425,1
1971-03-10,0.4862206281231476,1
1971-03-11,0.4619095326469971,1
1971-03-12,0.4543130100773407,1
1971-03-15,0.45735129724012147,1
1971-03-16,0.47406527410016785,1
1971-03-17,0.4801429809139801,1
1971-03-18,0.4748252333210541,1
1971-03-19,0.46874752650724183,1
1971-03-22,0.4619095326469971,1
1971-03-23,0.4482350052403046,1
1971-03-24,0.44975438724027406,1
1971-03-25,0.4482350052403046,1
1971-03-26,0.45735129724012147,1
1971-03-29,0.4664680362747742,1
1971-03-30,0.47178637991414796,1
1971-03-31,0.46950697908864747,1
1971-04-01,0.4672282339142395,1
1971-04-02,0.46798792491422425,1
1971-04-05,0.4641891122864319,1
1971-04-06,0.4649490715073181,1
1971-04-07,0.4649490715073181,1
1971-04-08,0.4619095326469971,1
1971-04-12,0.4649490715073181,1
1971-04-13,0.46798792491422425,1
1971-04-14,0.4771045745419098,1
1971-04-15,0.48090296993718873,1
1971-04-16,0.48318180451856385,1
1971-04-19,0.48546138415799867,1
1971-04-20,0.48318180451856385,1
1971-04-21,0.48166272054181825,1
1971-04-22,0.48166272054181825,1
1971-04-23,0.47634464512334596,1
1971-04-26,0.47862353930936585,1
1971-04-27,0.49077951918111573,1
1971-04-28,0.5029348135994507,1
1971-04-29,0.5059736968086792,1
1971-04-30,0.5135705472038818,1
1971-05-03,0.505213737587793,1
1971-05-04,0.5074929595993591,1
1971-05-05,0.5196487904594971,1
1971-05-06,0.5401613117264343,1
1971-05-07,0.5500376225517822,1
1971-05-10,0.5447198749588562,1
1971-05-11,0.5439596177147461,1
1971-05-12,0.5394010544823242,1
1971-05-13,0.5378820301102234,1
1971-05-14,0.5394010544823242,1
1971-05-17,0.5301220418022705,1
1971-05-18,0.5339251161621643,1
1971-05-19,0.5339251161621643,1
1971-05-20,0.5346855522202087,1
1971-05-21,0.5301220418022705,1
1971-05-24,0.5278405548142029,1
1971-05-25,0.5308828354881836,1
1971-05-26,0.5263192058609558,1
1971-05-27,0.5217556954430176,1
1971-05-28,0.5263192058609558,1
1971-06-01,0.5293616057442261,1
1971-06-02,0.536967396836145,1
1971-06-03,0.5400094986961914,1
1971-06-04,0.5415311456726624,1
1971-06-07,0.537727952103479,1
1971-06-08,0.5324040056274963,1
1971-06-09,0.5339251161621643,1
1971-06-10,0.536967396836145,1
1971-06-11,0.5415311456726624,1
1971-06-14,0.5559819937752319,1
1971-06-15,0.576517403225763,1
1971-06-16,0.5856441856430603,1
1971-06-17,0.5749964119003845,1
1971-06-18,0.5734751225517822,1
1971-06-21,0.5628268719719483,1
1971-06-22,0.5506577492760254,1
1971-06-23,0.5658696294830872,1
1971-06-24,0.5734751225517822,1
1971-06-25,0.5658696294830872,1
1971-06-28,0.5597853065537048,1
1971-06-29,0.576517403225763,-1
1971-06-30,0.5856441856430603,-1
1971-07-01,0.5879263282822205,-1
1971-07-02,0.5848838091896607,-1
1971-07-06,0.5780389905975891,-1
1971-07-07,0.5696720481918884,-1
1971-07-08,0.5749964119003845,-1
1971-07-09,0.5795595646904541,-1
1971-07-12,0.5826022625969483,-1
1971-07-13,0.5780389905975891,-1
1971-07-14,0.576517403225763,-1
1971-07-15,0.5856441856430603,-1
1971-07-16,0.5818418265389038,-1
1971-07-19,0.5734751225517822,-1
1971-07-20,0.5810808540390564,-1
1971-07-21,0.5826022625969483,-1
1971-07-22,0.5803203583763672,-1
1971-07-23,0.5978134871529175,-1
1971-07-26,0.5932501555489136,-1
1971-07-27,0.5810808540390564,-1
1971-07-28,0.5772780180977417,-1
1971-07-29,0.5689114929245545,-1
1971-07-30,0.5719535947846008,-1
1971-08-02,0.5658696294830872,-1
1971-08-03,0.5460942984627319,-1
1971-08-04,0.5529394746826721,-1
1971-08-05,0.54837566624151,-1
1971-08-06,0.5324040056274963,-1
1971-08-09,0.5209951401756836,-1
1971-08-10,0.5354461670921875,1
1971-08-11,0.5521790982292725,1
1971-08-12,0.5605454445885254,1
1971-08-13,0.5689114929245545,1
1971-08-16,0.595532238583429,1
1971-08-17,0.5932501555489136,1
1971-08-18,0.576517403225763,1
1971-08-19,0.5734751225517822,1
1971-08-20,0.5727148057030274,1
1971-08-23,0.5832216144608093,1
1971-08-24,0.5847441555069519,1
1971-08-25,0.5832216144608093,1
1971-08-26,0.5756078363464905,1
1971-08-27,0.5695163608597351,1
1971-08-30,0.5489588380859924,1
1971-08-31,0.5558117033051087,1
1971-09-01,0.5497207046555115,1
1971-09-02,0.5542884470032288,1
1971-09-03,0.5558117033051087,1
1971-09-07,0.5527663231895996,1
1971-09-08,0.5542884470032288,1
1971-09-09,0.5580957532929016,1
1971-09-10,0.5588569046066834,1
1971-09-13,0.5588569046066834,1
1971-09-14,0.5535275341080261,1
1971-09-15,0.5542884470032288,1
1971-09-16,0.5512436033295227,1
1971-09-17,0.5512436033295227,1
1971-09-20,0.5451520682381226,1
1971-09-21,0.542107105355127,1
1971-09-22,0.5436294675873352,1
1971-09-23,0.5481978059815003,1
1971-09-24,0.5466750861214233,1
1971-09-27,0.5405839086578919,1
1971-09-28,0.5390612484024597,1
1971-09-29,0.5405839086578919,1
1971-09-30,0.5504822732018066,1
1971-10-01,0.5459140540169312,1
1971-10-04,0.5459140540169312,1
1971-10-05,0.5481978059815003,1
1971-10-06,0.5512436033295227,1
1971-10-07,0.5466750861214233,1
1971-10-08,0.542107105355127,1
1971-10-11,0.5436294675873352,1
1971-10-12,0.5497207046555115,1
1971-10-13,0.5489588380859924,1
1971-10-14,0.5405839086578919,1
1971-10-15,0.536015510659082,1
1971-10-18,0.5314472914742066,1
1971-10-19,0.517742395501001,1
1971-10-20,0.5230719448135925,1
1971-10-21,0.536015510659082,1
1971-10-22,0.5466750861214233,1
1971-10-25,0.544390857319696,1
1971-10-26,0.542107105355127,1
1971-10-27,0.5413455368088318,1
1971-10-28,0.542107105355127,1
1971-10-29,0.5481978059815003,1
1971-11-01,0.5405839086578919,1
1971-11-02,0.5451520682381226,1
1971-11-03,0.5481978059815003,1
1971-11-04,0.5497207046555115,1
1971-11-05,0.544390857319696,1
1971-11-08,0.542107105355127,1
1971-11-09,0.5398223997162415,1
1971-11-10,0.5398223997162415,1
1971-11-11,0.542107105355127,1
1971-11-12,0.5451520682381226,1
1971-11-15,0.5459140540169312,1
1971-11-16,0.5497207046555115,1
1971-11-17,0.5474362970398499,1
1971-11-18,0.5474362970398499,1
1971-11-19,0.5503326059387756,1
1971-11-22,0.5472838283585144,1
1971-11-23,0.5488086343811585,1
1971-11-24,0.5480460525559021,1
1971-11-26,0.5518574715660645,1
1971-11-29,0.5594792367027832,1
1971-11-30,0.5747244359062744,1
1971-12-01,0.5869196654366089,1
1971-12-02,0.5861573220299316,1
1971-12-03,0.5838709474609924,1
1971-12-06,0.5869196654366089,1
1971-12-07,0.5853953958557678,1
1971-12-08,0.5899689794586731,1
1971-12-09,0.5869196654366089,1
1971-12-10,0.602927029232843,1
1971-12-13,0.6006395817802979,1
1971-12-14,0.5914933682488037,1
1971-12-15,0.5975921751068665,1
1971-12-16,0.5991159082459045,1
1971-12-17,0.6006395817802979,1
1971-12-20,0.6006395817802979,1
1971-12-21,0.5991159082459045,1
1971-12-22,0.5846332908676697,1
1971-12-23,0.5869196654366089,1
1971-12-27,0.5884442330406738,1
1971-12-28,0.5914933682488037,1
1971-12-29,0.5975921751068665,1
1971-12-30,0.5975921751068665,1
1971-12-31,0.6006395817802979,1
1972-01-03,0.5960666538284851,1
1972-01-04,0.5983536840485169,1
1972-01-05,0.5968291164444519,1
1972-01-06,0.5983536840485169,1
1972-01-07,0.5975921751068665,1
1972-01-10,0.5991159082459045,1
1972-01-11,0.5960666538284851,1
1972-01-12,0.5930180550621582,1
1972-01-13,0.5869196654366089,1
1972-01-14,0.5823466778801514,1
1972-01-17,0.5785354972885681,1
1972-01-18,0.5823466778801514,1
1972-01-19,0.5869196654366089,1
1972-01-20,0.5930180550621582,1
1972-01-21,0.5869196654366089,1
1972-01-24,0.5792983771370483,1
1972-01-25,0.5823466778801514,1
1972-01-26,0.5884442330406738,1
1972-01-27,0.5914933682488037,1
1972-01-28,0.5968291164444519,1
1972-01-31,0.601402759652002,1
1972-02-01,0.5975921751068665,1
1972-02-02,0.5960666538284851,1
1972-02-03,0.6044513584183289,1
1972-02-04,0.6433250309036804,1
1972-02-07,0.6326537729309631,1
1972-02-08,0.6280800701187683,1
1972-02-09,0.6257940531776978,1
1972-02-10,0.6219825149582459,1
1972-02-11,0.6296052933739258,1
1972-02-14,0.6296052933739258,1
1972-02-15,0.6387520433472229,1
1972-02-16,0.6402766109512879,1
1972-02-17,0.6570455432938171,1
1972-02-18,0.6518372894333435,1
1972-02-22,0.6495471597717835,1
1972-02-23,0.6319920421646668,1
1972-02-24,0.6289384366081787,1
1972-02-25,0.6075669528053833,1
1972-02-28,0.6213058234261108,1
1972-02-29,0.6289384366081787,1
1972-03-01,0.6426780224846436,1
1972-03-02,0.6426780224846436,1
1972-03-03,0.6503101588295532,1
1972-03-06,0.657943070034845,1
1972-03-07,0.6686287523315979,1
1972-03-08,0.6754990817116333,1
1972-03-09,0.6991603375481201,1
1972-03-10,0.6732086540268494,1
1972-03-13,0.662523090939386,1
1972-03-14,0.6762621403740479,1
1972-03-15,0.6785514951752258,1
1972-03-16,0.6732086540268494,1
1972-03-17,0.6716822982834412,1
1972-03-20,0.6701557041214539,1
1972-03-21,0.6701557041214539,1
1972-03-22,0.6671023965881897,1
1972-03-23,0.6732086540268494,1
1972-03-24,0.6693920494125916,1
1972-03-27,0.6716822982834412,1
1972-03-28,0.682368278603418,1
1972-03-29,0.68160480270849,1
1972-03-30,0.6747351289795471,1
1972-04-03,0.6747351289795471,1
1972-04-04,0.6808419824646545,1
1972-04-05,0.6808419824646545,1
1972-04-06,0.6861851812408997,1
1972-04-07,0.7022138834999634,1
1972-04-10,0.7037398220108582,1
1972-04-11,0.7037398220108582,1
1972-04-12,0.7121362091110779,1
1972-04-13,0.7113724947975708,1
1972-04-14,0.7205318809555603,1
1972-04-17,0.7220582366989685,1
1972-04-18,0.7205318809555603,1
1972-04-19,0.7113724947975708,1
1972-04-20,0.7090829015778137,1
1972-04-21,0.7029768825577332,1
1972-04-24,0.697633683781488,1
1972-04-25,0.697633683781488,1
1972-04-26,0.6953439713524414,1
1972-04-27,0.6961068512009216,1
1972-04-28,0.7113724947975708,1
1972-05-01,0.705265998940332,1
1972-05-02,0.697633683781488,1
1972-05-03,0.6945804358528687,1
1972-05-04,0.6991603375481201,1
1972-05-05,0.705265998940332,1
1972-05-08,0.705265998940332,1
1972-05-09,0.6991603375481201,1
1972-05-10,0.7113724947975708,1
1972-05-11,0.7128994465874268,1
1972-05-12,0.716715931992395,1
1972-05-15,0.7266383172081543,1
1972-05-16,0.7243481279419495,1
1972-05-17,0.7205318809555603,1
1972-05-18,0.7327446938561035,1
1972-05-19,0.7327446938561035,1
1972-05-22,0.7455776930855347,1
1972-05-23,0.764676034550531,1
1972-05-24,0.774606466393335,-1
1972-05-25,0.7692592145012451,-1
1972-05-26,0.7364106775330139,-1
1972-05-30,0.7348833085106445,-1
1972-05-31,0.7302992344902588,-1
1972-06-01,0.7379388214157654,-1
1972-06-02,0.7555090189980103,-1
1972-06-05,0.763911783795221,-1
1972-06-06,0.7486329675720764,-1
1972-06-07,0.7455776930855347,-1
1972-06-08,0.7440500260399414,-1
1972-06-09,0.7471058369682861,-1
1972-06-12,0.7562723756836487,-1
1972-06-13,0.7516889573143555,-1
1972-06-14,0.7654398680733276,-1
1972-06-15,0.7532169819878174,-1
1972-06-16,0.7425225378082825,-1
1972-06-19,0.7455776930855347,-1
1972-06-20,0.7562723756836487,-1
1972-06-21,0.7578007579849793,-1
1972-06-22,0.7562723756836487,-1
1972-06-23,0.7478699089096619,-1
1972-06-26,0.7455776930855347,0
1972-06-27,0.7455776930855347,0
1972-06-28,0.7440500260399414,0
1972-06-29,0.7425225378082825,0
1972-06-30,0.7501615882919861,0
1972-07-03,0.7516889573143555,0
1972-07-05,0.7547449470566345,0
1972-07-06,0.7662036419914795,-1
1972-07-07,0.7562723756836487,-1
1972-07-10,0.7547449470566345,-1
1972-07-11,0.7593283654259277,-1
1972-07-12,0.763911783795221,-1
1972-07-13,0.762384295563562,-1
1972-07-14,0.7669671774910523,-1
1972-07-17,0.7547449470566345,-1
1972-07-18,0.7486329675720764,-1
1972-07-19,0.7402307988213135,-1
1972-07-20,0.7486329675720764,0
1972-07-21,0.7455776930855347,0
1972-07-24,0.7578007579849793,0
1972-07-25,0.7516889573143555,0
1972-07-26,0.7516889573143555,0
1972-07-27,0.7432864309357239,0
1972-07-28,0.7440500260399414,0
1972-07-31,0.7440500260399414,0
1972-08-01,0.7516889573143555,-1
1972-08-02,0.7532169819878174,-1
1972-08-03,0.7486329675720764,-1
1972-08-04,0.7593283654259277,0
1972-08-07,0.7600922585533691,-1
1972-08-08,0.7578007579849793,-1
1972-08-09,0.763911783795221,-1
1972-08-10,0.7929404378937317,-1
1972-08-11,0.8005796671913696,-1
1972-08-14,0.7952315212296082,-1
1972-08-15,0.7532169819878174,-1
1972-08-16,0.763911783795221,-1
1972-08-17,0.7669671774910523,-1
1972-08-18,0.7715511323021484,-1
1972-08-21,0.762988031010492,-1
1972-08-22,0.7614595294998718,-1
1972-08-23,0.7476982475327087,-1
1972-08-24,0.752284586529596,-1
1972-08-25,0.749991774659021,-1
1972-08-28,0.7461690903709961,-1
1972-08-29,0.7476982475327087,-1
1972-08-30,0.7476982475327087,-1
1972-08-31,0.7553431988762451,-1
1972-09-01,0.7584012747810913,1
1972-09-05,0.7614595294998718,1
1972-09-06,0.7614595294998718,1
1972-09-07,0.759929895501001,1
1972-09-08,0.7637532354401184,1
1972-09-11,0.7538138629005982,1
1972-09-12,0.7461690903709961,1
1972-09-13,0.7461690903709961,1
1972-09-14,0.7476982475327087,1
1972-09-15,0.7461690903709961,1
1972-09-18,0.7446398139999939,1
1972-09-19,0.7415819765137268,1
1972-09-20,0.7446398139999939,1
1972-09-21,0.7492265106247498,1
1972-09-22,0.7446398139999939,1
1972-09-25,0.7400524617241455,1
1972-09-26,0.7415819765137268,1
1972-09-27,0.759929895501001,1
1972-09-28,0.7698690892265869,1
1972-09-29,0.7614595294998718,1
1972-10-02,0.7484623194740845,-1
1972-10-03,0.7645170093582703,-1
1972-10-04,0.762988031010492,-1
1972-10-05,0.7530500293778015,-1
1972-10-06,0.762988031010492,-1
1972-10-09,0.7675755621002747,-1
1972-10-10,0.7645170093582703,-1
1972-10-11,0.7660468221710754,-1
1972-10-12,0.7675755621002747,-1
1972-10-13,0.762988031010492,-1
1972-10-16,0.7553431988762451,-1
1972-10-17,0.759929895501001,1
1972-10-18,0.7614595294998718,1
1972-10-19,0.7614595294998718,1
1972-10-20,0.7584012747810913,1
1972-10-23,0.752284586529596,1
1972-10-24,0.7561077476547791,-1
1972-10-25,0.762988031010492,-1
1972-10-26,0.7821011544273926,-1
1972-10-27,0.7767494917915894,-1
1972-10-30,0.7752204538391663,-1
1972-10-31,0.7912753225372864,1
1972-11-01,0.8080947400139404,1
1972-11-02,0.7996851206825806,-1
1972-11-03,0.7981562615440918,-1
1972-11-06,0.7843949199722839,-1
1972-11-08,0.7973914743469788,-1
1972-11-09,0.7721619607018066,-1
1972-11-10,0.7668105960892273,-1
1972-11-13,0.7553431988762451,-1
1972-11-14,0.7874529958771301,-1
1972-11-15,0.7790434957550598,-1
1972-11-16,0.7767494917915894,-1
1972-11-17,0.7788920403526856,-1
1972-11-20,0.7781270147369934,-1
1972-11-21,0.7559384108589722,-1
1972-11-22,0.7505828143166138,-1
1972-11-24,0.757468044857843,-1
1972-11-27,0.7498167754219605,1
1972-11-28,0.7505828143166138,1
1972-11-29,0.7498167754219605,1
1972-11-30,0.757468044857843,1
1972-12-01,0.7704755664871765,1
1972-12-04,0.777361810307367,1
1972-12-05,0.7758315206574036,1
1972-12-06,0.7819519640015198,-1
1972-12-07,0.7850126625107361,-1
1972-12-08,0.7880733610199524,-1
1972-12-11,0.7880733610199524,-1
1972-12-12,0.7850126625107361,-1
1972-12-13,0.7880733610199524,-1
1972-12-14,0.7865430117653442,-1
1972-12-15,0.7834824920700623,-1
1972-12-18,0.7635890246437622,-1
1972-12-19,0.7589986921356751,-1
1972-12-20,0.7605289221809937,-1
1972-12-21,0.768180251221521,-1
1972-12-22,0.777361810307367,-1
1972-12-26,0.7788920403526856,-1
1972-12-27,0.7880733610199524,-1
1972-12-29,0.7987849713371826,-1
1973-01-02,0.7865430117653442,-1
1973-01-03,0.7911337019013001,-1
1973-01-04,0.7888386250542236,-1
1973-01-05,0.7865430117653442,-1
1973-01-08,0.7857782245682312,-1
1973-01-09,0.7819519640015198,-1
1973-01-10,0.7758315206574036,-1
1973-01-11,0.7819519640015198,-1
1973-01-12,0.781187117199762,-1
1973-01-15,0.777361810307367,-1
1973-01-16,0.768180251221521,-1
1973-01-17,0.7704755664871765,-1
1973-01-18,0.7819519640015198,-1
1973-01-19,0.7865430117653442,-1
1973-01-22,0.7834824920700623,-1
1973-01-23,0.7987849713371826,-1
1973-01-24,0.7850126625107361,-1
1973-01-26,0.7918992639587952,-1
1973-01-29,0.7880733610199524,-1
1973-01-30,0.7819519640015198,-1
1973-01-31,0.7743009925888611,-1
1973-02-01,0.7498167754219605,-1
1973-02-02,0.7498167754219605,-1
1973-02-05,0.7544075847672058,-1
1973-02-06,0.7712407113121582,-1
1973-02-07,0.7651196123169495,-1
1973-02-08,0.7666500211762024,-1
1973-02-09,0.7758315206574036,-1
1973-02-12,0.7758315206574036,-1
1973-02-13,0.7658847571419312,-1
1973-02-14,0.7597635985420776,-1
1973-02-15,0.757468044857843,-1
1973-02-16,0.7599199415253235,-1
1973-02-20,0.755323052506311,-1
1973-02-21,0.7277456522987915,-1
1973-02-22,0.7476629019783569,-1
1973-02-23,0.7369385958717896,-1
1973-02-26,0.7377039791153504,-1
1973-02-27,0.7361724377678467,-1
1973-02-28,0.7415339947746826,-1
1973-03-01,0.7193201185272766,-1
1973-03-02,0.7292780877159668,-1
1973-03-05,0.7400023938225342,-1
1973-03-06,0.7583873868988587,-1
1973-03-07,0.7836674452828003,-1
1973-03-08,0.7706443668411804,-1
1973-03-09,0.7629842759178711,-1
1973-03-12,0.7737087608383728,-1
1973-03-13,0.7783051730202271,-1
1973-03-14,0.7783051730202271,-1
1973-03-15,0.7683458925293518,-1
1973-03-16,0.7821351290749146,-1
1973-03-19,0.7637497783707214,-1
1973-03-20,0.7583873868988587,-1
1973-03-21,0.7537914515541626,-1
1973-03-22,0.7354065180824829,-1
1973-03-23,0.752258837323053,-1
1973-03-26,0.7476629019783569,-1
1973-03-27,0.7629842759178711,-1
1973-03-28,0.7660481930779053,-1
1973-03-29,0.7599199415253235,1
1973-03-30,0.7438330055283142,1
1973-04-02,0.7239155174301697,-1
1973-04-03,0.7208515406654907,-1
1973-04-04,0.7239155174301697,-1
1973-04-05,0.7262136937187744,-1
1973-04-06,0.7369385958717896,-1
1973-04-09,0.7560898662613464,-1
1973-04-10,0.7675804496811462,-1
1973-04-11,0.7629842759178711,1
1973-04-12,0.7537914515541626,1
1973-04-13,0.7568559051559998,1
1973-04-16,0.7537914515541626,1
1973-04-17,0.7461310030029846,1
1973-04-18,0.7476629019783569,1
1973-04-19,0.750726580719812,1
1973-04-23,0.754557728867395,-1
1973-04-24,0.7231494785355164,-1
1973-04-25,0.7269791961716248,-1
1973-04-26,0.7354065180824829,-1
1973-04-27,0.7208515406654907,-1
1973-04-30,0.7262136937187744,-1
1973-05-01,0.7246809602783753,-1
1973-05-02,0.7323418856667114,-1
1973-05-03,0.7323418856667114,-1
1973-05-04,0.721617341141565,-1
1973-05-07,0.7047644258545471,-1
1973-05-08,0.7292780877159668,-1
1973-05-09,0.7093604804085327,1
1973-05-10,0.7200854421661926,1
1973-05-11,0.7231494785355164,1
1973-05-14,0.7024664283798767,1
1973-05-15,0.7139564157532288,1
1973-05-16,0.7193201185272766,1
1973-05-17,0.7124245763825012,1
1973-05-18,0.6940399409340454,1
1973-05-21,0.6932730675743652,1
1973-05-22,0.6840701104210449,1
1973-05-23,0.6863704920815064,1
1973-05-24,0.7070773840950562,1
1973-05-25,0.7086106539772583,1
1973-05-29,0.7116787434624268,1
1973-05-30,0.71014404306875,-1
1973-05-31,0.7109113336609436,-1
1973-06-01,0.7001746893929077,-1
1973-06-04,0.6902051569031311,-1
1973-06-05,0.7047756911324097,-1
1973-06-06,0.7001746893929077,-1
1973-06-07,0.7155129314468933,-1
1973-06-08,0.7178130150841309,-1
1973-06-11,0.7224147320793701,-1
1973-06-12,0.7377527953194214,-1
1973-06-13,0.7377527953194214,-1
1973-06-14,0.7362186313675476,-1
1973-06-15,0.7316174508141113,-1
1973-06-18,0.7216475010918213,-1
1973-06-19,0.7254826427506043,-1
1973-06-20,0.7285493613289429,-1
1973-06-21,0.7086106539772583,-1
1973-06-22,0.7147454024361206,-1
1973-06-25,0.6948065162705017,-1
1973-06-26,0.7147454024361206,-1
1973-06-27,0.7162799836205078,-1
1973-06-28,0.7009414435432983,-1
1973-06-29,0.6986410022781921,-1
1973-07-02,0.6948065162705017,-1
1973-07-03,0.680235743622644,-1
1973-07-05,0.6702655554817749,-1
1973-07-06,0.6794686914490295,-1
1973-07-09,0.7024753094719483,-1
1973-07-10,0.7132116557167603,-1
1973-07-11,0.7300837636993958,-1
1973-07-12,0.72394859800802,-1
1973-07-13,0.7201147080467774,-1
1973-07-16,0.7254826427506043,-1
1973-07-17,0.7155129314468933,-1
1973-07-18,0.7193471790360046,-1
1973-07-19,0.7208808661507202,-1
1973-07-20,0.72394859800802,-1
1973-07-23,0.7162799836205078,-1
1973-07-24,0.7193471790360046,-1
1973-07-25,0.7270164490746094,-1
1973-07-26,0.7300837636993958,-1
1973-07-27,0.7247154117630554,-1
1973-07-30,0.7224147320793701,-1
1973-07-31,0.7247154117630554,-1
1973-08-01,0.7201147080467774,-1
1973-08-02,0.7208808661507202,-1
1973-08-03,0.7193471790360046,-1
1973-08-06,0.7162799836205078,-1
1973-08-07,0.71014404306875,-1
1973-08-08,0.7063097358749939,-1
1973-08-09,0.7086106539772583,-1
1973-08-10,0.699407696823938,-1
1973-08-13,0.6948065162705017,-1
1973-08-14,0.7001746893929077,-1
1973-08-15,0.699407696823938,1
1973-08-16,0.6986410022781921,1
1973-08-17,0.7009414435432983,1
1973-08-20,0.6924964190529419,1
1973-08-21,0.6894258261726929,-1
1973-08-22,0.6955674887703491,-1
1973-08-23,0.6986380220459534,-1
1973-08-24,0.6971031428383423,-1
1973-08-27,0.7017090321587158,-1
1973-08-28,0.7170640827225281,-1
1973-08-29,0.7170640827225281,-1
1973-08-30,0.7255095840500427,-1
1973-08-31,0.7308833600090576,-1
1973-09-04,0.7362569571541382,-1
1973-09-05,0.7354894877480103,-1
1973-09-06,0.7331865430878235,-1
1973-09-07,0.7032445670174194,-1
1973-09-10,0.6986380220459534,-1
1973-09-11,0.7017090321587158,-1
1973-09-12,0.6963349581764771,-1
1973-09-13,0.7078517080353333,-1
1973-09-14,0.7262771130608154,-1
1973-09-17,0.7285799981163574,-1
1973-09-18,0.7285799981163574,-1
1973-09-19,0.7354894877480103,-1
1973-09-20,0.7354894877480103,-1
1973-09-21,0.7385606170700623,-1
1973-09-24,0.743166983227594,-1
1973-09-25,0.7370249033974243,-1
1973-09-26,0.7377927304314209,-1
1973-09-27,0.7308833600090576,-1
1973-09-28,0.72781240950094,-1
1973-10-01,0.716296374897821,-1
1973-10-02,0.7139924169586731,-1
1973-10-03,0.7070836425827576,0
1973-10-04,0.7009415627525879,0
1973-10-05,0.7139924169586731,-1
1973-10-08,0.7178319097565247,-1
1973-10-09,0.7201350332306458,-1
1973-10-10,0.7139924169586731,-1
1973-10-11,0.7155282498406006,-1
1973-10-12,0.7262771130608154,-1
1973-10-15,0.729347288708551,-1
1973-10-16,0.729347288708551,-1
1973-10-17,0.7239733935402466,-1
1973-10-18,0.7201350332306458,-1
1973-10-19,0.7324187756584717,-1
1973-10-22,0.7339543701218201,-1
1973-10-23,0.7423988581703735,-1
1973-10-24,0.7400961519287659,-1
1973-10-25,0.743166983227594,-1
1973-10-26,0.7569858432816101,-1
1973-10-29,0.7615923286484314,-1
1973-10-30,0.749309241871698,-1
1973-10-31,0.7423988581703735,-1
1973-11-01,0.7339543701218201,-1
1973-11-02,0.7408637405441834,-1
1973-11-05,0.7331865430878235,-1
1973-11-06,0.7370249033974243,-1
1973-11-07,0.7508442402885986,-1
1973-11-08,0.7508442402885986,-1
1973-11-09,0.7439347506569458,-1
1973-11-12,0.7447022200630737,-1
1973-11-13,0.7377927304314209,-1
1973-11-14,0.7370249033974243,-1
1973-11-15,0.7339543701218201,-1
1973-11-16,0.7393341065453125,-1
1973-11-19,0.731648862461908,-1
1973-11-20,0.7101296187447144,-1
1973-11-21,0.7201200128601624,-1
1973-11-23,0.7208888531731201,-1
1973-11-26,0.7070554495857788,-1
1973-11-27,0.7085928321884705,-1
1973-11-28,0.7270374299095703,-1
1973-11-29,0.7239630223320557,-1
1973-11-30,0.7178150416420532,-1
1973-12-03,0.7108972669647766,-1
1973-12-04,0.6870734096573425,-1
1973-12-05,0.6732391120003296,-1
1973-12-06,0.6932217479752136,-1
1973-12-07,0.7101296187447144,-1
1973-12-10,0.7324166298912598,-1
1973-12-11,0.7247310877846314,-1
1973-12-12,0.696295976738794,-1
1973-12-13,0.6640174389885498,-1
1973-12-14,0.6609429122017456,-1
1973-12-17,0.6424983144806458,-1
1973-12-18,0.680925190548761,-1
1973-12-19,0.6778507233666016,-1
1973-12-20,0.6578691006706787,-1
1973-12-21,0.645572304825647,-1
1973-12-24,0.645572304825647,-1
1973-12-26,0.6955273152397705,-1
1973-12-27,0.7039812804268433,-1
1973-12-28,0.6870734096573425,-1
1973-12-31,0.6932217479752136,-1
1974-01-02,0.6870734096573425,-1
1974-01-03,0.6870734096573425,-1
1974-01-04,0.6640174389885498,-1
1974-01-07,0.6348122955368591,-1
1974-01-08,0.6132932902382446,-1
1974-01-09,0.600996732811792,-1
1974-01-10,0.596385657887323,-1
1974-01-11,0.6117568017052246,-1
1974-01-14,0.6255903841065003,-1
1974-01-15,0.6355814338730408,-1
1974-01-16,0.6532574893044067,-1
1974-01-17,0.6732391120003296,-1
1974-01-18,0.6624804736183716,-1
1974-01-21,0.6624804736183716,-1
1974-01-22,0.6763139368103577,-1
1974-01-23,0.6839990616844727,-1
1974-01-24,0.6732391120003296,-1
1974-01-25,0.6855360866592957,-1
1974-01-28,0.6678600312279297,-1
1974-01-29,0.6624804736183716,-1
1974-01-30,0.6632488966988159,-1
1974-01-31,0.6524894238518311,-1
1974-02-01,0.6471090317772461,-1
1974-02-04,0.6440351010368897,-1
1974-02-05,0.6302013994263245,-1
1974-02-06,0.627895712952478,-1
1974-02-07,0.6302013994263245,-1
1974-02-08,0.62405264387594,-1
1974-02-11,0.6140619517372681,-1
1974-02-12,0.6179049016045166,-1
1974-02-13,0.6148303152130676,-1
1974-02-14,0.616367519001825,-1
1974-02-15,0.629763662915094,-1
1974-02-19,0.6351529360817505,-1
1974-02-20,0.629763662915094,-1
1974-02-21,0.6436217428253723,1
1974-02-22,0.6428511739777161,1
1974-02-25,0.6405423880623413,1
1974-02-26,0.6420813799904419,1
1974-02-27,0.6336131692932678,1
1974-02-28,0.6282238961266113,1
1974-03-01,0.6189851761864258,1
1974-03-04,0.6174456478165222,1
1974-03-05,0.6474714280174805,1
1974-03-06,0.6497806311653687,1
1974-03-07,0.6520896554993225,1
1974-03-08,0.6574791670845581,1
1974-03-11,0.6651780606316162,1
1974-03-12,0.6813461781548096,-1
1974-03-13,0.6921244860695435,-1
1974-03-14,0.7067517043160034,-1
1974-03-15,0.6998231411980225,-1
1974-03-18,0.6851950884865357,-1
1974-03-19,0.6728767157600952,-1
1974-03-20,0.6821158529327942,-1
1974-03-21,0.6821158529327942,-1
1974-03-22,0.6944338084267212,-1
1974-03-25,0.688275158505304,-1
1974-03-26,0.6851950884865357,-1
1974-03-27,0.6859650612877441,-1
1974-03-28,0.6767268181847168,-1
1974-03-29,0.6713371277855469,-1
1974-04-01,0.6659480930374695,-1
1974-04-02,0.6728767157600952,-1
1974-04-03,0.675956666569574,-1
1974-04-04,0.6836554409073425,1
1974-04-05,0.675956666569574,1
1974-04-08,0.666718602280481,1
1974-04-09,0.6813461781548096,1
1974-04-10,0.675956666569574,1
1974-04-11,0.6782667637871338,1
1974-04-15,0.6690279842423035,1
1974-04-16,0.6774962545441223,1
1974-04-17,0.6774962545441223,1
1974-04-18,0.6782667637871338,1
1974-04-19,0.668258011441095,1
1974-04-22,0.6605588794754578,1
1974-04-23,0.6559395791100098,1
1974-04-24,0.6543997527168823,-1
1974-04-25,0.6497806311653687,-1
1974-04-26,0.6613290906952454,-1
1974-04-29,0.666718602280481,-1
1974-04-30,0.6713371277855469,-1
1974-05-01,0.675956666569574,-1
1974-05-02,0.6744166017578674,-1
1974-05-03,0.6697975994156433,-1
1974-05-06,0.6744166017578674,-1
1974-05-07,0.6713371277855469,-1
1974-05-08,0.6805757881210877,-1
1974-05-09,0.6990531087921692,-1
1974-05-10,0.6982827187584473,-1
1974-05-13,0.686735212902887,-1
1974-05-14,0.6944338084267212,-1
1974-05-15,0.6975138188408447,-1
1974-05-16,0.6975138188408447,-1
1974-05-17,0.691354513268335,-1
1974-05-20,0.6938211918877197,-1
1974-05-21,0.7046138049171997,-1
1974-05-22,0.7053850294159485,-1
1974-05-23,0.7046138049171997,-1
1974-05-24,0.7200323344276978,-1
1974-05-28,0.7138649822281433,-1
1974-05-29,0.6984471679733826,-1
1974-05-30,0.7076979280518128,-1
1974-05-31,0.7092393637703491,-1
1974-06-03,0.7215739489601685,-1
1974-06-04,0.7246577144669129,-1
1974-06-05,0.7215739489601685,-1
1974-06-06,0.7238874436424805,-1
1974-06-07,0.7331376076744629,-1
1974-06-10,0.7323663831757141,-1
1974-06-11,0.7200323344276978,-1
1974-06-12,0.7315963507698608,-1
1974-06-13,0.7308251858757568,-1
1974-06-14,0.7300538421677185,-1
1974-06-17,0.7169480324791504,-1
1974-06-18,0.7261995078133179,-1
1974-06-19,0.7223450542496277,-1
1974-06-20,0.7200323344276978,-1
1974-06-21,0.7169480324791504,-1
1974-06-24,0.7238874436424805,-1
1974-06-25,0.727741539578302,-1
1974-06-26,0.7261995078133179,-1
1974-06-27,0.7015302778290344,-1
1974-06-28,0.6984471679733826,-1
1974-07-01,0.6999883652733399,-1
1974-07-02,0.6876538396881653,-1
1974-07-03,0.6814865470932556,-1
1974-07-05,0.6599013210342957,-1
1974-07-08,0.641399085621698,-1
1974-07-09,0.6514207721756531,-1
1974-07-10,0.6491080523537232,-1
1974-07-11,0.6383152605103088,-1
1974-07-12,0.6652973891304566,-1
1974-07-15,0.6753190756844116,-1
1974-07-16,0.6668394805000855,-1
1974-07-17,0.6791740656899048,-1
1974-07-18,0.6814865470932556,-1
1974-07-19,0.683028519253595,-1
1974-07-22,0.6737775803612305,-1
1974-07-23,0.6645265222595764,-1
1974-07-24,0.6506505013512207,-1
1974-07-25,0.6306065321968628,-1
1974-07-26,0.6113336683319641,-1
1974-07-29,0.6043957472847534,-1
1974-07-30,0.6105629206703735,-1
1974-07-31,0.605937123398645,-1
1974-08-01,0.5828096271561218,-1
1974-08-02,0.5612239838646484,-1
1974-08-05,0.5542862416313721,-1
1974-08-06,0.5635372997330261,-1
1974-08-07,0.5974569917725159,-1
1974-08-08,0.5843514801071716,-1
1974-08-09,0.579725980858667,-1
1974-08-12,0.5658494831131531,-1
1974-08-13,0.5473479629562927,-1
1974-08-14,0.5396386982010437,-1
1974-08-15,0.5334716440247131,-1
1974-08-16,0.5396386982010437,-1
1974-08-19,0.5292853117989136,-1
1974-08-20,0.5316030980156494,-1
1974-08-21,0.5254215003059937,-1
1974-08-22,0.51614910374151,-1
1974-08-23,0.503014087777002,-1
1974-08-26,0.5099677444504334,-1
1974-08-27,0.4945141078041626,-1
1974-08-28,0.5053318739937378,-1
1974-08-29,0.5061042309807373,-1
1974-08-30,0.5308306218193604,-1
1974-09-03,0.5292853117989136,-1
1974-09-04,0.49374189982877503,-1
1974-09-05,0.5331485272453858,-1
1974-09-06,0.5269667507217957,-1
1974-09-09,0.5200126172112061,-1
1974-09-10,0.5130586625145508,-1
1974-09-11,0.5076501966522766,-1
1974-09-12,0.4945141078041626,-1
1974-09-13,0.4713345469044281,-1
1974-09-16,0.4682433308170868,-1
1974-09-17,0.47828832278714906,-1
1974-09-18,0.48987823734746705,-1
1974-09-19,0.51614910374151,-1
1974-09-20,0.530057430367334,-1
1974-09-23,0.51614910374151,-1
1974-09-24,0.4999231995152069,-1
1974-09-25,0.5099677444504334,-1
1974-09-26,0.5006955863045288,-1
1974-09-27,0.4643797279404236,-1
1974-09-30,0.46669822941289674,-1
1974-10-01,0.47828832278714906,-1
1974-10-02,0.48756036172376405,-1
1974-10-03,0.4744246603058411,-1
1974-10-04,0.4697886110352112,-1
1974-10-07,0.48910558233724366,-1
1974-10-08,0.46669822941289674,-1
1974-10-09,0.49683189402089845,-1
1974-10-10,0.5138314367340637,-1
1974-10-11,0.5269667507217957,-1
1974-10-14,0.5439655185745789,-1
1974-10-15,0.535466730694635,-1
1974-10-16,0.5254215003059937,-1
1974-10-17,0.5269667507217957,-1
1974-10-18,0.5431928635643555,-1
1974-10-21,0.5656012297676636,-1
1974-10-22,0.5663735867546631,-1
1974-10-23,0.542420506577356,-1
1974-10-24,0.5377845169113709,-1
1974-10-25,0.5401023627327515,-1
1974-10-28,0.5470566750572754,-1
1974-10-29,0.5594195128487183,-1
1974-10-30,0.5578740836189819,-1
1974-10-31,0.5377845169113709,-1
1974-11-01,0.5408751965569092,-1
1974-11-04,0.5323760510490967,-1
1974-11-05,0.5563285947846008,-1
1974-11-06,0.5401023627327515,-1
1974-11-07,0.5501470566795899,-1
1974-11-08,0.5408751965569092,-1
1974-11-11,0.5377845169113709,-1
1974-11-12,0.528512179951532,-1
1974-11-13,0.5246483684586121,-1
1974-11-14,0.5362389088677002,-1
1974-11-15,0.5292853117989136,-1
1974-11-18,0.5119366646812988,-1
1974-11-19,0.5127109886215759,-1
1974-11-20,0.5158087612198425,-1
1974-11-21,0.5189070702599121,-1
1974-11-22,0.5181326271103455,-1
1974-11-25,0.5266516209648682,-1
1974-11-26,0.521230161290033,-1
1974-11-27,0.5251024962471558,-1
1974-11-29,0.5204559565590454,-1
1974-12-02,0.5080642701195313,-1
1974-12-03,0.5003190637634827,-1
1974-12-04,0.49489793191419373,-1
1974-12-05,0.4887019396828247,-1
1974-12-06,0.48947617421613465,-1
1974-12-09,0.49412313113675843,-1
1974-12-10,0.5111621619270874,-1
1974-12-11,0.5142599941299988,-1
1974-12-12,0.5158087612198425,-1
1974-12-13,0.5165833235786987,-1
1974-12-16,0.5142599941299988,-1
1974-12-17,0.5158087612198425,-1
1974-12-18,0.523553729157312,-1
1974-12-19,0.5204559565590454,-1
1974-12-20,0.5049663783119751,-1
1974-12-23,0.49412313113675843,-1
1974-12-24,0.49334871778951417,-1
1974-12-26,0.49954506764875184,-1
1974-12-27,0.4987701774643494,-1
1974-12-30,0.4972214103745056,-1
1974-12-31,0.5010939241455628,-1
1975-01-02,0.5142599941299988,-1
1975-01-03,0.5111621619270874,-1
1975-01-06,0.5072894097374512,-1
1975-01-07,0.4910254181431366,-1
1975-01-08,0.4832806886242462,-1
1975-01-09,0.4832806886242462,-1
1975-01-10,0.49412313113675843,-1
1975-01-13,0.46624144921766053,1
1975-01-14,0.464692622523172,1
1975-01-15,0.46933966885076295,1
1975-01-16,0.47088876376615296,-1
1975-01-17,0.4569479824112488,-1
1975-01-20,0.46082040677533875,-1
1975-01-21,0.4639183581875397,-1
1975-01-22,0.46159496913419495,-1
1975-01-23,0.46779102097020875,-1
1975-01-24,0.4724380374954773,-1
1975-01-27,0.4863782526062561,-1
1975-01-28,0.4917997420834137,-1
1975-01-29,0.4987701774643494,-1
1975-01-30,0.48018231997953187,-1
1975-01-31,0.481731653313501,-1
1975-02-03,0.4832806886242462,-1
1975-02-04,0.4987701774643494,-1
1975-02-05,0.5173578859375549,-1
1975-02-06,0.5243287087486816,-1
1975-02-07,0.5436904431389404,-1
1975-02-10,0.5475629569099976,-1
1975-02-11,0.5359457136200501,-1
1975-02-12,0.5483374000595642,-1
1975-02-13,0.5669252277420593,-1
1975-02-14,0.5669252277420593,-1
1975-02-18,0.5653716326759888,1
1975-02-19,0.5715848804520203,1
1975-02-20,0.588670015435083,1
1975-02-21,0.5840099454926087,1
1975-02-24,0.5700309873627258,1
1975-02-25,0.5591589213417603,1
1975-02-26,0.5669252277420593,1
1975-02-27,0.5777977109955383,1
1975-02-28,0.5840099454926087,1
1975-03-03,0.5894468427704407,-1
1975-03-04,0.6010956169174744,-1
1975-03-05,0.6042026878403259,-1
1975-03-06,0.6057555080460144,-1
1975-03-07,0.6003193260239197,-1
1975-03-10,0.6042026878403259,-1
1975-03-11,0.594883144001825,-1
1975-03-12,0.5909998417900635,-1
1975-03-13,0.5762442351387573,-1
1975-03-14,0.5715848804520203,-1
1975-03-17,0.5723612309502197,-1
1975-03-18,0.5746907592819763,-1
1975-03-19,0.5576058031128479,-1
1975-03-20,0.5544998646782471,-1
1975-03-21,0.5529456735657288,-1
1975-03-24,0.548286497692926,-1
1975-03-25,0.5669252277420593,-1
1975-03-26,0.5824570060776306,-1
1975-03-27,0.5770210028694702,-1
1975-03-31,0.5638185144470764,-1
1975-04-01,0.5560523272560669,-1
1975-04-02,0.5591589213417603,-1
1975-04-03,0.5467329026268555,-1
1975-04-04,0.5459568501518799,-1
1975-04-07,0.5428501964615418,-1
1975-04-08,0.5451798440025879,-1
1975-04-09,0.5638185144470764,-1
1975-04-10,0.5700309873627258,-1
1975-04-11,0.5746907592819763,-1
1975-04-14,0.5840099454926087,-1
1975-04-15,0.5816806555794312,-1
1975-04-16,0.5777977109955383,-1
1975-04-17,0.5669252277420593,-1
1975-04-18,0.5669252277420593,-1
1975-04-21,0.5762442351387573,-1
1975-04-22,0.5708083511398865,-1
1975-04-23,0.5684780479477478,-1
1975-04-24,0.5576058031128479,-1
1975-04-25,0.5599358082817627,-1
1975-04-28,0.5568291545914246,-1
1975-04-29,0.5576058031128479,-1
1975-04-30,0.5622654558228088,-1
1975-05-01,0.5599358082817627,-1
1975-05-02,0.5762442351387573,-1
1975-05-05,0.5840099454926087,-1
1975-05-06,0.580128014187677,-1
1975-05-07,0.5847870708511902,-1
1975-05-08,0.587893545727594,-1
1975-05-09,0.6010956169174744,-1
1975-05-12,0.6010956169174744,-1
1975-05-13,0.5979894996689392,-1
1975-05-14,0.6057555080460144,-1
1975-05-15,0.6018723250435425,-1
1975-05-16,0.5902237893150879,-1
1975-05-19,0.5914690495537354,-1
1975-05-20,0.5914690495537354,-1
1975-05-21,0.588355302910669,-1
1975-05-22,0.588355302910669,-1
1975-05-23,0.5945817829178406,-1
1975-05-27,0.5961381794022156,-1
1975-05-28,0.589134156803949,-1
1975-05-29,0.588355302910669,-1
1975-05-30,0.592246413330896,-1
1975-06-02,0.5976948143051697,-1
1975-06-03,0.5976948143051697,-1
1975-06-04,0.5969167352722717,-1
1975-06-05,0.5976948143051697,-1
1975-06-06,0.5914690495537354,-1
1975-06-09,0.5875775815056397,-1
1975-06-10,0.5867992640541626,-1
1975-06-11,0.5914690495537354,-1
1975-06-12,0.5875775815056397,-1
1975-06-13,0.5852424503372742,-1
1975-06-16,0.5914690495537354,-1
1975-06-17,0.5930253268288208,-1
1975-06-18,0.5906903744743897,-1
1975-06-19,0.6039206386612488,-1
1975-06-20,0.5992511511848999,-1
1975-06-23,0.6070336700485779,-1
1975-06-24,0.6070336700485779,-1
1975-06-25,0.6163727642105652,-1
1975-06-26,0.6155942679451538,-1
1975-06-27,0.6031423212097717,-1
1975-06-30,0.6062552333878113,-1
1975-07-01,0.5992511511848999,-1
1975-07-02,0.588355302910669,-1
1975-07-03,0.5899119974182678,-1
1975-07-07,0.588355302910669,-1
1975-07-08,0.5852424503372742,-1
1975-07-09,0.589134156803949,1
1975-07-10,0.5945817829178406,-1
1975-07-11,0.5821295977638794,-1
1975-07-14,0.588355302910669,-1
1975-07-15,0.5852424503372742,-1
1975-07-16,0.5743470789002014,-1
1975-07-17,0.5673432351158691,-1
1975-07-18,0.5681214929627014,-1
1975-07-21,0.558782160382135,-1
1975-07-22,0.5618951321648193,1
1975-07-23,0.5634515882538391,1
1975-07-24,0.5618951321648193,1
1975-07-25,0.5580037833260132,1
1975-07-28,0.5564475060509277,1
1975-07-29,0.5533345342682434,1
1975-07-30,0.5509997011231018,1
1975-07-31,0.5541123152779175,1
1975-08-01,0.5525560976074768,1
1975-08-04,0.5494433046387268,1
1975-08-05,0.5471087099121643,1
1975-08-06,0.5471087099121643,1
1975-08-07,0.548664927582605,1
1975-08-08,0.5478865505264832,1
1975-08-11,0.5517783165978027,1
1975-08-12,0.5525560976074768,1
1975-08-13,0.5369911790894104,1
1975-08-14,0.5292084218071533,1
1975-08-15,0.5245391727493836,1
1975-08-18,0.5242272616432739,1
1975-08-19,0.5203268528984619,1
1975-08-20,0.5094050169991089,1
1975-08-21,0.5148662329720093,1
1975-08-22,0.517986536126001,1
1975-08-25,0.5242272616432739,1
1975-08-26,0.5226671696709229,1
1975-08-27,0.5234470964478088,1
1975-08-28,0.5398293138550354,1
1975-08-29,0.5374892951057983,1
1975-09-02,0.532028079132898,1
1975-09-03,0.5304679871605469,1
1975-09-04,0.532028079132898,1
1975-09-05,0.5257874132202698,1
1975-09-08,0.5273475647972656,1
1975-09-09,0.5195466280983521,1
1975-09-10,0.5086254478500916,1
1975-09-11,0.5109654665993286,1
1975-09-12,0.5109654665993286,1
1975-09-15,0.5070652366684509,1
1975-09-16,0.5039443970726563,1
1975-09-17,0.5016043783234192,1
1975-09-18,0.5133060813950134,1
1975-09-19,0.5257874132202698,1
1975-09-22,0.5148662329720093,1
1975-09-23,0.500824511151178,1
1975-09-24,0.500824511151178,1
1975-09-25,0.4961434603737427,1
1975-09-26,0.4992639423416687,1
1975-09-29,0.49302324662671815,1
1975-09-30,0.49302324662671815,1
1975-10-01,0.49770382056699525,1
1975-10-02,0.5039443970726563,1
1975-10-03,0.5086254478500916,1
1975-10-06,0.5172067881630493,1
1975-10-07,0.5133060813950134,1
1975-10-08,0.5304679871605469,1
1975-10-09,0.5273475647972656,1
1975-10-10,0.5211067200707031,1
1975-10-13,0.5226671696709229,1
1975-10-14,0.5304679871605469,1
1975-10-15,0.528127670388086,1
1975-10-16,0.5304679871605469,1
1975-10-17,0.5343686939285828,1
1975-10-20,0.5367088318871094,1
1975-10-21,0.5429496766136719,1
1975-10-22,0.5468499661491943,-1
1975-10-23,0.5569916964577271,-1
1975-10-24,0.5569916964577271,-1
1975-10-27,0.5585516692207886,-1
1975-10-28,0.5632323027657105,-1
1975-10-29,0.5616719723747803,-1
1975-10-30,0.5616719723747803,-1
1975-10-31,0.5585516692207886,-1
1975-11-03,0.5554311872528626,-1
1975-11-04,0.5554311872528626,-1
1975-11-05,0.5632323027657105,-1
1975-11-06,0.5679126382874085,-1
1975-11-07,0.5663524271057678,-1
1975-11-10,0.5679126382874085,-1
1975-11-11,0.5702532530830933,-1
1975-11-12,0.5702532530830933,-1
1975-11-13,0.5679126382874085,-1
1975-11-14,0.5725929738091065,-1
1975-11-17,0.5793172122047974,-1
1975-11-18,0.5800992847488953,-1
1975-11-19,0.5754082799957825,-1
1975-11-20,0.577753484349115,-1
1975-11-21,0.577753484349115,-1
1975-11-24,0.5832260252045227,-1
1975-11-25,0.5863533021019531,-1
1975-11-26,0.5926076770828796,-1
1975-11-28,0.5894804001854492,-1
1975-12-01,0.5816624165581299,-1
1975-12-02,0.5644628406570984,-1
1975-12-03,0.5535175205277039,-1
1975-12-04,0.5582085848854614,-1
1975-12-05,0.5472634435700012,-1
1975-12-08,0.5542995930718018,-1
1975-12-09,0.5550810099648071,-1
1975-12-10,0.5597721935318543,-1
1975-12-11,0.5644628406570984,-1
1975-12-12,0.5613355041550232,-1
1975-12-15,0.5566447378204895,-1
1975-12-16,0.5628989935921265,-1
1975-12-17,0.568371594052179,-1
1975-12-18,0.5668085218475891,-1
1975-12-19,0.5636811257408691,-1
1975-12-22,0.5558628440903259,-1
1975-12-23,0.5542995930718018,-1
1975-12-24,0.5628989935921265,-1
1975-12-26,0.5660266281174255,-1
1975-12-29,0.5636811257408691,-1
1975-12-30,0.5574265719460083,-1
1975-12-31,0.5613355041550232,-1
1976-01-02,0.5636811257408691,-1
1976-01-05,0.5691534877823425,-1
1976-01-06,0.5691534877823425,-1
1976-01-07,0.5699360371635986,-1
1976-01-08,0.5730627776192261,-1
1976-01-09,0.5730627776192261,-1
1976-01-12,0.5816624165581299,-1
1976-01-13,0.5746265650795532,-1
1976-01-14,0.5722810030983521,-1
1976-01-15,0.5644628406570984,-1
1976-01-16,0.5644628406570984,-1
1976-01-19,0.5652447939919067,-1
1976-01-20,0.5582085848854614,-1
1976-01-21,0.548826813797815,-1
1976-01-22,0.5456998349236084,-1
1976-01-23,0.5605542064713074,-1
1976-01-26,0.5691534877823425,-1
1976-01-27,0.5722810030983521,-1
1976-01-28,0.5785349608467651,-1
1976-01-29,0.5965167285011841,-1
1976-01-30,0.601207971672876,-1
1976-02-02,0.5988624096916748,-1
1976-02-03,0.5988624096916748,-1
1976-02-04,0.5933897496269775,-1
1976-02-05,0.5754082799957825,-1
1976-02-06,0.5840082169579102,-1
1976-02-09,0.5832260252045227,-1
1976-02-10,0.580880880455835,-1
1976-02-11,0.5832260252045227,-1
1976-02-12,0.5800992847488953,-1
1976-02-13,0.5796285272644592,-1
1976-02-17,0.5772756339119507,-1
1976-02-18,0.5717853308723999,-1
1976-02-19,0.5615883470581604,-1
1976-02-20,0.5600200296448303,-1
1976-02-23,0.5584513546036316,-1
1976-02-24,0.5451174379395081,-1
1976-02-25,0.5364896060036255,-1
1976-02-26,0.5364896060036255,-1
1976-02-27,0.5349208117531372,-1
1976-03-01,0.5372739435242249,-1
1976-03-02,0.5349208117531372,-1
1976-03-03,0.5270771385239197,-1
1976-03-04,0.5192340017365051,1
1976-03-05,0.5192340017365051,1
1976-03-08,0.5262930394218994,1
1976-03-09,0.5372739435242249,1
1976-03-10,0.5482545496033264,1
1976-03-11,0.5490389467285706,1
1976-03-12,0.5490389467285706,1
1976-03-15,0.5380582214401795,1
1976-03-16,0.5388424397514893,1
1976-03-17,0.5396271348999573,1
1976-03-18,0.5357052684830261,1
1976-03-19,0.5396271348999573,1
1976-03-22,0.5380582214401795,1
1976-03-23,0.5435486436890198,1
1976-03-24,0.5584513546036316,1
1976-03-25,0.5600200296448303,1
1976-03-26,0.5600200296448303,1
1976-03-29,0.5608043075607849,1
1976-03-30,0.5529606939362122,1
1976-03-31,0.5631570220993591,1
1976-04-01,0.5639415980385376,1
1976-04-02,0.56629478941427,1
1976-04-05,0.5678636432694031,1
1976-04-06,0.5615883470581604,1
1976-04-07,0.5568823219345642,1
1976-04-08,0.5545296670006348,1
1976-04-09,0.5537453890846802,1
1976-04-12,0.5521758795784546,1
1976-04-13,0.564725935559137,1
1976-04-14,0.5615883470581604,1
1976-04-15,0.5655105114983154,1
1976-04-19,0.5639415980385376,1
1976-04-20,0.564725935559137,1
1976-04-21,0.5639415980385376,1
1976-04-22,0.5584513546036316,1
1976-04-23,0.5459017158554627,1
1976-04-26,0.5372739435242249,1
1976-04-27,0.5333520771072937,1
1976-04-28,0.5396271348999573,1
1976-04-29,0.5474700928734375,1
1976-04-30,0.5474700928734375,1
1976-05-03,0.5435486436890198,1
1976-05-04,0.5490389467285706,1
1976-05-05,0.5482545496033264,1
1976-05-06,0.549823522667749,1
1976-05-07,0.550607979397638,1
1976-05-10,0.5568823219345642,1
1976-05-11,0.5615883470581604,1
1976-05-12,0.5490389467285706,1
1976-05-13,0.54433274279104,1
1976-05-14,0.5388424397514893,1
1976-05-17,0.5380560756729675,1
1976-05-18,0.5364826322601868,1
1976-05-19,0.5427758694695068,1
1976-05-20,0.5443491340683533,1
1976-05-21,0.5443491340683533,1
1976-05-24,0.5435624123619629,1
1976-05-25,0.5412025452660156,1
1976-05-26,0.5341227055595947,1
1976-05-27,0.5364826322601868,1
1976-05-28,0.5435624123619629,1
1976-06-01,0.5412025452660156,1
1976-06-02,0.5412025452660156,1
1976-06-03,0.54041588316427,1
1976-06-04,0.5270429254578186,1
1976-06-07,0.5246829391525818,1
1976-06-08,0.5238963962601257,1
1976-06-09,0.5231097937630249,1
1976-06-10,0.5270429254578186,1
1976-06-11,0.5278295279549194,1
1976-06-14,0.5341227055595947,1
1976-06-15,0.5301895142601563,1
1976-06-16,0.5333356858299805,1
1976-06-17,0.5380560756729675,1
1976-06-18,0.5427758694695068,1
1976-06-21,0.5356959105537964,1
1976-06-22,0.5317627788590027,1
1976-06-23,0.5325493217514587,1
1976-06-24,0.5278295279549194,1
1976-06-25,0.5254700184868408,1
1976-06-28,0.5238963962601257,1
1976-06-29,0.5294027329491211,1
1976-06-30,0.528616190056665,1
1976-07-01,0.5270429254578186,1
1976-07-02,0.5317627788590027,1
1976-07-06,0.5317627788590027,1
1976-07-07,0.5341227055595947,1
1976-07-08,0.5356959105537964,1
1976-07-09,0.5412025452660156,1
1976-07-12,0.5459222198532654,1
1976-07-13,0.5459222198532654,1
1976-07-14,0.5553619862602783,1
1976-07-15,0.5506419540451599,1
1976-07-16,0.5537881852196289,1
1976-07-19,0.5537881852196289,1
1976-07-20,0.5467089415596558,1
1976-07-21,0.5474957228706909,1
1976-07-22,0.5482823253677918,1
1976-07-23,0.5451356173561646,1
1976-07-26,0.5451356173561646,1
1976-07-27,0.5443491340683533,1
1976-07-28,0.5459222198532654,1
1976-07-29,0.5443491340683533,1
1976-07-30,0.5419889093445374,1
1976-08-02,0.5412025452660156,-1
1976-08-03,0.5490687490509583,-1
1976-08-04,0.5506419540451599,-1
1976-08-05,0.5474957228706909,-1
1976-08-06,0.5467089415596558,-1
1976-08-09,0.5467089415596558,1
1976-08-10,0.5514283181236816,1
1976-08-11,0.5459222198532654,1
1976-08-12,0.5443491340683533,1
1976-08-13,0.5412025452660156,1
1976-08-16,0.5412022472427918,1
1976-08-17,0.5427803994225098,1
1976-08-18,0.5427803994225098,1
1976-08-19,0.5412022472427918,1
1976-08-20,0.5388357640312744,1
1976-08-23,0.5419914127396179,-1
1976-08-24,0.5412022472427918,-1
1976-08-25,0.5522470475243164,-1
1976-08-26,0.5459359885262085,-1
1976-08-27,0.5522470475243164,-1
1976-08-30,0.5569812060402466,-1
1976-08-31,0.561714232067926,-1
1976-09-01,0.5711814762161804,-1
1976-09-02,0.5680258275078369,-1
1976-09-03,0.5680258275078369,-1
1976-09-07,0.5727592707680298,-1
1976-09-08,0.5696037412689758,-1
1976-09-09,0.5680258275078369,-1
1976-09-10,0.5656591654823853,-1
1976-09-13,0.5648701191948486,-1
1976-09-14,0.5680258275078369,-1
1976-09-15,0.5696037412689758,-1
1976-09-16,0.5743367076920105,-1
1976-09-17,0.5845934749649597,-1
1976-09-20,0.5932706595467163,-1
1976-09-21,0.5995824934052063,-1
1976-09-22,0.5948494673775269,-1
1976-09-23,0.5956380368279053,-1
1976-09-24,0.5948494673775269,-1
1976-09-27,0.6019492746399475,-1
1976-09-28,0.5932706595467163,-1
1976-09-29,0.5853826404617859,-1
1976-09-30,0.5711814762161804,-1
1976-10-01,0.5648701191948486,-1
1976-10-04,0.561714232067926,-1
1976-10-05,0.5609257222221924,-1
1976-10-06,0.5656591654823853,-1
1976-10-07,0.5719703436897827,-1
1976-10-08,0.5640812517212463,-1
1976-10-11,0.561714232067926,-1
1976-10-12,0.5561919809387756,-1
1976-10-13,0.5609257222221924,-1
1976-10-14,0.5577698350952698,-1
1976-10-15,0.5554024578140808,-1
1976-10-18,0.5569812060402466,-1
1976-10-19,0.5498806835220886,-1
1976-10-20,0.5443578959511353,-1
1976-10-21,0.5412022472427918,-1
1976-10-22,0.5372577906654907,-1
1976-10-25,0.5372577906654907,-1
1976-10-26,0.5412022472427918,-1
1976-10-27,0.5404131413506104,-1
1976-10-28,0.539624810318811,-1
1976-10-29,0.5412022472427918,-1
1976-11-01,0.5404131413506104,-1
1976-11-03,0.5348906518028809,-1
1976-11-04,0.539624810318811,-1
1976-11-05,0.5301576257752014,-1
1976-11-08,0.5191124678658081,-1
1976-11-09,0.5120124817894531,-1
1976-11-10,0.5025452972458435,-1
1976-11-11,0.5096454621361328,-1
1976-11-12,0.5088563562439514,-1
1976-11-15,0.5143962503479553,-1
1976-11-16,0.5231011510895325,-1
1976-11-17,0.5207268596695496,-1
1976-11-18,0.5215184689568115,-1
1976-11-19,0.5048990250633789,-1
1976-11-22,0.508855939011438,-1
1976-11-23,0.5056907535599304,-1
1976-11-24,0.5041079522179199,-1
1976-11-26,0.5064821840332581,-1
1976-11-29,0.5025252104805542,-1
1976-11-30,0.49382013092504273,-1
1976-12-01,0.48432382951246034,-1
1976-12-02,0.46533048162923585,-1
1976-12-03,0.47878390560613404,-1
1976-12-06,0.4748268724487854,-1
1976-12-07,0.46849635253415833,-1
1976-12-08,0.4621648193405701,-1
1976-12-09,0.4605820179985596,-1
1976-12-10,0.4645389021442963,-1
1976-12-13,0.46849635253415833,-1
1976-12-14,0.46928736577497254,-1
1976-12-15,0.4677046240376068,-1
1976-12-16,0.46374791870580445,-1
1976-12-17,0.4621648193405701,-1
1976-12-20,0.4558338523911072,-1
1976-12-21,0.4582083226250244,-1
1976-12-22,0.4597906471298767,-1
1976-12-23,0.4621648193405701,-1
1976-12-27,0.4803667665527893,-1
1976-12-28,0.4819494188831879,-1
1976-12-29,0.4882803560303284,-1
1976-12-30,0.5017338992165161,-1
1976-12-31,0.49382013092504273,-1
1977-01-03,0.4946117402123047,-1
1977-01-04,0.4874890149639679,-1
1977-01-05,0.4859065116451813,-1
1977-01-06,0.4882803560303284,-1
1977-01-07,0.48669764409528504,-1
1977-01-10,0.48669764409528504,-1
1977-01-11,0.4811580182121826,-1
1977-01-12,0.47245320687757264,-1
1977-01-13,0.4764097035931183,-1
1977-01-14,0.46691328297124635,-1
1977-01-17,0.4605820179985596,-1
1977-01-18,0.45899975309835206,-1
1977-01-19,0.45899975309835206,-1
1977-01-20,0.4502943755196167,-1
1977-01-21,0.4502943755196167,-1
1977-01-24,0.4479201139019562,-1
1977-01-25,0.4463372529553009,-1
1977-01-26,0.43525812039838563,-1
1977-01-27,0.41784775267110597,-1
1977-01-28,0.42338722954259644,-1
1977-01-31,0.42892688522802125,-1
1977-02-01,0.44317159066663514,-1
1977-02-02,0.44079798470006715,-1
1977-02-03,0.4384236038731171,-1
1977-02-04,0.4384236038731171,-1
1977-02-07,0.43525812039838563,-1
1977-02-08,0.43051019320951234,-1
1977-02-09,0.42734435210691224,-1
1977-02-10,0.42417892823682557,-1
1977-02-11,0.412308007578714,-1
1977-02-14,0.41863906393514405,-1
1977-02-15,0.4218048454330994,-1
1977-02-16,0.424970418314798,-1
1977-02-17,0.41863906393514405,-1
1977-02-18,0.4200713039444519,-1
1977-02-22,0.421662300925119,-1
1977-02-23,0.4200713039444519,-1
1977-02-24,0.41688868413434754,-1
1977-02-25,0.41927570114599,-1
1977-02-28,0.42325377474294434,-1
1977-03-01,0.4359829128788544,-1
1977-03-02,0.4320053459213806,-1
1977-03-03,0.4328008593128754,-1
1977-03-04,0.4383697510765625,-1
1977-03-07,0.449508011441095,-1
1977-03-08,0.44871246824727784,-1
1977-03-09,0.4415525198982788,-1
1977-03-10,0.4471213222549988,-1
1977-03-11,0.449508011441095,-1
1977-03-14,0.4542817772434784,-1
1977-03-15,0.45825982103811036,-1
1977-03-16,0.45825982103811036,-1
1977-03-17,0.4606466890381409,-1
1977-03-18,0.45666852603421937,-1
1977-03-21,0.45825982103811036,-1
1977-03-22,0.45507732043729554,-1
1977-03-23,0.4471213222549988,-1
1977-03-24,0.4455300570534302,-1
1977-03-25,0.43916529427037965,-1
1977-03-28,0.43677866468892823,-1
1977-03-29,0.43916529427037965,-1
1977-03-30,0.4296184481190277,-1
1977-03-31,0.4264360071228577,-1
1977-04-01,0.4304139317082001,-1
1977-04-04,0.42325377474294434,-1
1977-04-05,0.4248448611305786,-1
1977-04-06,0.4224582613514496,-1
1977-04-07,0.42325377474294434,-1
1977-04-11,0.42086687694059144,-1
1977-04-12,0.4248448611305786,-1
1977-04-13,0.42802739153371583,-1
1977-04-14,0.43120938549505006,-1
1977-04-15,0.43120938549505006,-1
1977-04-18,0.4288228155182434,-1
1977-04-19,0.42723166952596436,-1
1977-04-20,0.43439191589818726,-1
1977-04-21,0.425640344719751,-1
1977-04-22,0.41370680938230286,-1
1977-04-25,0.39859074364171754,-1
1977-04-26,0.39859074364171754,-1
1977-04-27,0.40256798277364503,-1
1977-04-28,0.40415963540540467,-1
1977-04-29,0.4017727078007294,-1
1977-05-02,0.4017727078007294,-1
1977-05-03,0.4081374705837799,-1
1977-05-04,0.41370680938230286,-1
1977-05-05,0.42086687694059144,-1
1977-05-06,0.41609323034749757,-1
1977-05-09,0.4105241597698761,-1
1977-05-10,0.41131970296369325,-1
1977-05-11,0.3993862868355347,-1
1977-05-12,0.4033641816185547,-1
1977-05-13,0.41370680938230286,-1
1977-05-16,0.41674628863797913,-1
1977-05-17,0.425545334915979,-1
1977-05-18,0.43274423490033875,-1
1977-05-19,0.43274423490033875,-1
1977-05-20,0.4279448391007019,-1
1977-05-23,0.42074570069776307,-1
1977-05-24,0.4215455652283264,-1
1977-05-25,0.41434654603467713,-1
1977-05-26,0.4183458686874939,-1
1977-05-27,0.41514673839078675,-1
1977-05-31,0.4159464241074158,-1
1977-06-01,0.4183458686874939,-1
1977-06-02,0.41914552460180055,-1
1977-06-03,0.4311443270252777,-1
1977-06-06,0.42314550290570985,-1
1977-06-07,0.4303448499249054,-1
1977-06-08,0.43674373636708985,-1
1977-06-09,0.43754369030462037,-1
1977-06-10,0.43674373636708985,-1
1977-06-13,0.44074299941526185,1
1977-06-14,0.45034199963079224,1
1977-06-15,0.4471423030899597,1
1977-06-16,0.451141893963678,-1
1977-06-17,0.451141893963678,-1
1977-06-20,0.4575406313942505,1
1977-06-21,0.46553993235097657,1
1977-06-22,0.4599406720207764,1
1977-06-23,0.46314045796857606,1
1977-06-24,0.4623405934380127,1
1977-06-27,0.4623405934380127,1
1977-06-28,0.4607408047722412,-1
1977-06-29,0.455141544442041,-1
1977-06-30,0.45194193730817567,-1
1977-07-01,0.44554275284276734,-1
1977-07-05,0.45034199963079224,-1
1977-07-06,0.4479420782135559,-1
1977-07-07,0.4471423030899597,1
1977-07-08,0.4471423030899597,1
1977-07-11,0.4415431023644043,1
1977-07-12,0.4383434356258942,1
1977-07-13,0.44074299941526185,1
1977-07-15,0.44314250359998475,1
1977-07-18,0.44234296689496766,1
1977-07-19,0.4479420782135559,1
1977-07-20,0.4535418153809143,1
1977-07-21,0.44954222450719605,1
1977-07-22,0.4479420782135559,1
1977-07-25,0.44554275284276734,1
1977-07-26,0.4447431267307831,1
1977-07-27,0.4383434356258942,1
1977-07-28,0.4399436415241791,1
1977-07-29,0.4399436415241791,1
1977-08-01,0.44074299941526185,1
1977-08-02,0.4383434356258942,1
1977-08-03,0.4463428259895874,1
1977-08-04,0.4471423030899597,1
1977-08-05,0.4471423030899597,1
1977-08-08,0.44314250359998475,1
1977-08-09,0.44314250359998475,1
1977-08-10,0.45034199963079224,1
1977-08-11,0.4479420782135559,1
1977-08-12,0.45274150381551514,1
1977-08-15,0.4501693845795227,1
1977-08-16,0.45258116732106934,1
1977-08-17,0.45901212106214295,1
1977-08-18,0.46544307480321656,1
1977-08-19,0.47428542385564576,1
1977-08-22,0.47910889993177186,1
1977-08-23,0.47187402854429017,1
1977-08-24,0.4726777673767639,1
1977-08-25,0.4670504630611969,1
1977-08-26,0.4638351799057556,1
1977-08-29,0.4710700810955597,1
1977-08-30,0.46222761283384095,1
1977-08-31,0.46463918695913087,1
1977-09-01,0.4670504630611969,1
1977-09-02,0.4702664018677307,1
1977-09-06,0.4702664018677307,1
1977-09-07,0.47428542385564576,1
1977-09-08,0.46624702225194703,1
1977-09-09,0.46222761283384095,1
1977-09-12,0.46061971793638,1
1977-09-13,0.4614238441990448,1
1977-09-14,0.4630314112709595,1
1977-09-15,0.46624702225194703,1
1977-09-16,0.46624702225194703,1
1977-09-19,0.46463918695913087,-1
1977-09-20,0.4694621563957764,-1
1977-09-21,0.4638351799057556,1
1977-09-22,0.4638351799057556,1
1977-09-23,0.4638351799057556,1
1977-09-26,0.4702664018677307,1
1977-09-27,0.4670504630611969,1
1977-09-28,0.4694621563957764,1
1977-09-29,0.47348231087194215,1
1977-09-30,0.4726777673767639,1
1977-10-03,0.47508981833921204,1
1977-10-04,0.47589364657865296,1
1977-10-05,0.4694621563957764,1
1977-10-06,0.4694621563957764,1
1977-10-07,0.4678545595215393,1
1977-10-10,0.46544307480321656,1
1977-10-11,0.4614238441990448,1
1977-10-12,0.46061971793638,1
1977-10-13,0.4598156810806824,1
1977-10-14,0.4638351799057556,1
1977-10-17,0.46624702225194703,1
1977-10-18,0.4678545595215393,1
1977-10-19,0.4566004277275635,1
1977-10-20,0.4549926818417145,1
1977-10-21,0.4566004277275635,1
1977-10-24,0.4557965696858002,1
1977-10-25,0.4501693845795227,1
1977-10-26,0.4630314112709595,1
1977-10-27,0.4710700810955597,1
1977-10-28,0.47428542385564576,1
1977-10-31,0.47187402854429017,1
1977-11-01,0.46544307480321656,1
1977-11-02,0.4566004277275635,1
1977-11-03,0.4493655265377594,1
1977-11-04,0.45177727947698365,1
1977-11-07,0.46061971793638,1
1977-11-08,0.4582080842064453,1
1977-11-09,0.4614238441990448,1
1977-11-10,0.47589364657865296,1
1977-11-11,0.47508981833921204,1
1977-11-14,0.47492799172864686,1
1977-11-15,0.47896653423772584,1
1977-11-16,0.47654321799741517,1
1977-11-17,0.4716971219585968,1
1977-11-18,0.46927401433454285,1
1977-11-21,0.47088930020795594,1
1977-11-22,0.47654321799741517,1
1977-11-23,0.4781593085335327,1
1977-11-25,0.4781593085335327,1
1977-11-28,0.4781593085335327,1
1977-11-29,0.46927401433454285,1
1977-11-30,0.4781593085335327,1
1977-12-01,0.4854283333824707,1
1977-12-02,0.4846203328178955,1
1977-12-05,0.47896653423772584,1
1977-12-06,0.4700817168758942,1
1977-12-07,0.4716971219585968,1
1977-12-08,0.46927401433454285,1
1977-12-09,0.4716971219585968,1
1977-12-12,0.4700817168758942,1
1977-12-13,0.4741204381989075,1
1977-12-14,0.4781593085335327,1
1977-12-15,0.47654321799741517,1
1977-12-16,0.47573623071180116,1
1977-12-19,0.4716971219585968,1
1977-12-20,0.47088930020795594,1
1977-12-21,0.47492799172864686,1
1977-12-22,0.48300504694448243,1
1977-12-23,0.48946678648458253,1
1977-12-27,0.49350520978437196,1
1977-12-28,0.4943130613373352,1
1977-12-29,0.49592846642003785,-1
1977-12-30,0.49592846642003785,-1
1978-01-03,0.4846203328178955,-1
1978-01-04,0.48623570809827577,-1
1978-01-05,0.47250497351156007,-1
1978-01-06,0.46442806730733643,-1
1978-01-09,0.4587741197155548,-1
1978-01-10,0.4490818978355957,1
1978-01-11,0.44504308710561524,1
1978-01-12,0.4506973625229431,1
1978-01-13,0.4506973625229431,1
1978-01-16,0.44827431450353394,1
1978-01-17,0.45392784486280213,1
1978-01-18,0.46200457225309144,1
1978-01-19,0.4571587146328522,1
1978-01-20,0.453120619158609,1
1978-01-23,0.4523124397800995,1
1978-01-24,0.4571587146328522,1
1978-01-25,0.4571587146328522,1
1978-01-26,0.4506973625229431,1
1978-01-27,0.44988957057462464,1
1978-01-30,0.453120619158609,1
1978-01-31,0.4506973625229431,1
1978-02-01,0.45392784486280213,1
1978-02-02,0.45473575602041016,1
1978-02-03,0.4555433691547943,1
1978-02-06,0.45392784486280213,1
1978-02-07,0.4555433691547943,1
1978-02-08,0.45958200107084046,1
1978-02-09,0.4555433691547943,1
1978-02-10,0.45668071518407594,1
1978-02-13,0.45586854229436646,1
1978-02-14,0.45424288521276246,1
1978-02-15,0.45099303136335145,1
1978-02-16,0.4428665340946747,1
1978-02-17,0.4339281917618347,1
1978-02-21,0.4331156314419342,1
1978-02-22,0.4290524126099182,1
1978-02-23,0.4314902723835541,1
1978-02-24,0.4428665340946747,1
1978-02-27,0.4404287935303284,1
1978-02-28,0.4355531931923462,1
1978-03-01,0.4347403646515442,1
1978-03-02,0.4388036132858826,1
1978-03-03,0.4404287935303284,1
1978-03-06,0.441241592268808,1
1978-03-07,0.4428665340946747,1
1978-03-08,0.44530445347295533,1
1978-03-09,0.44774213443265687,1
1978-03-10,0.45343056331144105,1
1978-03-13,0.45505523691640626,1
1978-03-14,0.45017972598539124,1
1978-03-15,0.4469297231243683,1
1978-03-16,0.45017972598539124,1
1978-03-17,0.45424288521276246,1
1978-03-20,0.45343056331144105,1
1978-03-21,0.4469297231243683,1
1978-03-22,0.44367942224012147,1
1978-03-23,0.44367942224012147,1
1978-03-27,0.441241592268808,1
1978-03-28,0.44611719260679017,1
1978-03-29,0.4469297231243683,1
1978-03-30,0.44530445347295533,1
1978-03-31,0.4420543612049652,1
1978-04-03,0.43717852244840394,1
1978-04-04,0.4388036132858826,1
1978-04-05,0.4420543612049652,1
1978-04-06,0.4428665340946747,1
1978-04-07,0.4396162034081055,1
1978-04-10,0.4355531931923462,1
1978-04-11,0.4339281917618347,1
1978-04-12,0.4282400609062744,1
1978-04-13,0.4339281917618347,1
1978-04-14,0.4420543612049652,1
1978-04-17,0.4469297231243683,1
1978-04-18,0.44530445347295533,1
1978-04-19,0.4485548735664917,1
1978-04-20,0.45424288521276246,1
1978-04-21,0.45424288521276246,1
1978-04-24,0.45668071518407594,1
1978-04-25,0.47293278584943543,1
1978-04-26,0.4834962786243988,1
1978-04-27,0.48187097917066346,1
1978-04-28,0.49731093655095826,1
1978-05-01,0.49893611679540406,1
1978-05-02,0.4924353064106537,1
1978-05-03,0.48593419800267945,1
1978-05-04,0.4810590446995331,1
1978-05-05,0.48512181649671327,1
1978-05-08,0.48593419800267945,1
1978-05-09,0.48512181649671327,1
1978-05-10,0.48755943785177003,1
1978-05-11,0.48755943785177003,1
1978-05-12,0.49893611679540406,1
1978-05-15,0.5107026697205139,1
1978-05-16,0.5196908713387085,1
1978-05-17,0.5156053305672241,1
1978-05-18,0.5041657687233521,1
1978-05-19,0.4927257002399994,1
1978-05-22,0.5090682507561279,1
1978-05-23,0.5066167713211609,1
1978-05-24,0.5000800491379334,1
1978-05-25,0.5008971096085144,1
1978-05-26,0.49926266084180604,1
1978-05-30,0.5049825311707092,1
1978-05-31,0.5025314689682556,1
1978-06-01,0.5115193725632263,1
1978-06-02,0.522959292034967,1
1978-06-05,0.5360332728432251,1
1978-06-06,0.5352160931633545,1
1978-06-07,0.5352160931633545,1
1978-06-08,0.5368505717323853,1
1978-06-09,0.5343990326927734,1
1978-06-12,0.5335821510361267,1
1978-06-13,0.5360332728432251,1
1978-06-14,0.5450214744614197,1
1978-06-15,0.5384847522781921,1
1978-06-16,0.5343990326927734,1
1978-06-19,0.5343990326927734,1
1978-06-20,0.5311304927872254,1
1978-06-21,0.5286796093987061,1
1978-06-22,0.5343990326927734,1
1978-06-23,0.5360332728432251,1
1978-06-26,0.5311304927872254,1
1978-06-27,0.527862012486322,1
1978-06-28,0.5303133727119995,1
1978-06-29,0.5303133727119995,1
1978-06-30,0.5319477916763855,1
1978-07-03,0.5327648521469666,1
1978-07-05,0.5270452500389649,1
1978-07-06,0.5237762332962586,1
1978-07-07,0.5311304927872254,1
1978-07-10,0.548289954762323,1
1978-07-11,0.5401187540100647,1
1978-07-12,0.5327648521469666,1
1978-07-13,0.5319477916763855,1
1978-07-14,0.5384847522781921,1
1978-07-17,0.5417532921837402,1
1978-07-18,0.5352160931633545,1
1978-07-19,0.5425704718636108,1
1978-07-20,0.5458388329552246,1
1978-07-21,0.5417532921837402,1
1978-07-24,0.5401187540100647,1
1978-07-25,0.5409359932945801,-1
1978-07-26,0.5384847522781921,-1
1978-07-27,0.5401187540100647,-1
1978-07-28,0.5474730135010315,-1
1978-07-31,0.5548272133873535,-1
1978-08-01,0.5540099741028381,-1
1978-08-02,0.5621813536690308,1
1978-08-03,0.5540099741028381,1
1978-08-04,0.5556444526718689,1
1978-08-07,0.5597296954201294,1
1978-08-08,0.561364472012384,1
1978-08-09,0.5679013730095459,1
1978-08-10,0.5703521967934204,1
1978-08-11,0.5695356727646423,1
1978-08-14,0.5641162992523743,1
1978-08-15,0.5641162992523743,1
1978-08-16,0.569042980770929,1
1978-08-17,0.5706849695252014,1
1978-08-18,0.5657580495880676,-1
1978-08-21,0.5550835133598877,-1
1978-08-22,0.5583678484963013,-1
1978-08-23,0.5665792227791382,1
1978-08-24,0.5674008132027222,1
1978-08-25,0.5682216883705689,1
1978-08-28,0.5624736548470093,1
1978-08-29,0.5632948876427246,1
1978-08-30,0.5632948876427246,1
1978-08-31,0.5550835133598877,-1
1978-09-01,0.5583678484963013,-1
1978-09-05,0.5583678484963013,-1
1978-09-06,0.5706849695252014,-1
1978-09-07,0.5641162992523743,-1
1978-09-08,0.5797172785805298,-1
1978-09-11,0.5830018521355225,-1
1978-09-12,0.5797172785805298,-1
1978-09-13,0.572327196698053,-1
1978-09-14,0.5649368167923523,-1
1978-09-15,0.5583678484963013,-1
1978-09-18,0.5567258597420288,-1
1978-09-19,0.5509778262184692,1
1978-09-20,0.5468721390770508,1
1978-09-21,0.5427663923309876,1
1978-09-22,0.5452303291367127,1
1978-09-25,0.5435879827545715,1
1978-09-26,0.5435879827545715,1
1978-09-27,0.5403031707809998,1
1978-09-28,0.5427663923309876,1
1978-09-29,0.5460512639092041,1
1978-10-02,0.5468721390770508,1
1978-10-03,0.5476934314774109,1
1978-10-04,0.5534414053963257,1
1978-10-05,0.5485144854591919,1
1978-10-06,0.5403031707809998,1
1978-10-09,0.5427663923309876,1
1978-10-10,0.5394822956131531,1
1978-10-11,0.5435879827545715,1
1978-10-12,0.5394822956131531,1
1978-10-13,0.5370184780167175,1
1978-10-16,0.5296286345528198,1
1978-10-17,0.5279861093567444,1
1978-10-18,0.5255230070160462,1
1978-10-19,0.5156691671417786,1
1978-10-20,0.5082790852593018,1
1978-10-23,0.5008891225861145,1
1978-10-24,0.4959622026489807,1
1978-10-25,0.4943196178482605,1
1978-10-26,0.48446619520650636,1
1978-10-27,0.48446619520650636,1
1978-10-30,0.4885720909641815,1
1978-10-31,0.4828242064522339,1
1978-11-01,0.509100079636438,1
1978-11-02,0.5025312901543213,1
1978-11-03,0.5041732789085938,1
1978-11-06,0.5033526421593262,1
1978-11-07,0.5000680089996887,1
1978-11-08,0.4967832566307617,1
1978-11-09,0.4992463291691376,1
1978-11-10,0.5008891225861145,1
1978-11-13,0.4954390824841095,1
1978-11-14,0.49296200285421143,1
1978-11-15,0.5020447970436646,1
1978-11-16,0.5111283660934998,1
1978-11-17,0.5136050582932068,1
1978-11-20,0.5152567029999329,1
1978-11-21,0.5177340508507324,1
1978-11-22,0.5193853379295899,1
1978-11-24,0.5185595155762268,1
1978-11-27,0.5152567029999329,1
1978-11-28,0.5119535327957703,1
1978-11-29,0.5069993735359741,1
1978-11-30,0.5111283660934998,1
1978-12-01,0.5152567029999329,1
1978-12-04,0.5069993735359741,1
1978-12-05,0.5061736107872559,1
1978-12-06,0.5069993735359741,1
1978-12-07,0.5020447970436646,1
1978-12-08,0.4987425209091736,1
1978-12-11,0.4987425209091736,1
1978-12-12,0.4913105369614197,1
1978-12-13,0.4863562882946564,1
1978-12-14,0.48387929807172547,1
1978-12-15,0.48470455418096314,1
1978-12-18,0.4714930356548859,1
1978-12-19,0.47562140236364137,1
1978-12-20,0.47562140236364137,1
1978-12-21,0.47562140236364137,1
1978-12-22,0.4937875271843506,1
1978-12-26,0.5069993735359741,1
1978-12-27,0.49626514325605164,1
1978-12-28,0.49213606129155885,1
1978-12-29,0.4871817232178284,1
1979-01-02,0.49048471460805665,1
1979-01-03,0.49213606129155885,1
1979-01-04,0.497916042904718,1
1979-01-05,0.497916042904718,1
1979-01-08,0.497916042904718,1
1979-01-09,0.4970903695629669,1
1979-01-10,0.49296200285421143,1
1979-01-11,0.4954390824841095,1
1979-01-12,0.5036965609596802,1
1979-01-15,0.5036965609596802,1
1979-01-16,0.4995676578091217,1
1979-01-17,0.5053479076431824,1
1979-01-18,0.5020447970436646,1
1979-01-19,0.5053479076431824,1
1979-01-22,0.5045220852898193,1
1979-01-23,0.5036965609596802,1
1979-01-24,0.5020447970436646,1
1979-01-25,0.5053479076431824,1
1979-01-26,0.510301947693689,1
1979-01-29,0.5078251958893372,1
1979-01-30,0.5061736107872559,1
1979-01-31,0.5012190938995911,1
1979-02-01,0.4954390824841095,1
1979-02-02,0.48883333812223206,1
1979-02-05,0.48800766478048097,1
1979-02-06,0.4863562882946564,1
1979-02-07,0.4797498882816864,1
1979-02-08,0.47314438233838807,1
1979-02-09,0.4690155387924744,1
1979-02-12,0.4690155387924744,1
1979-02-13,0.47479599724279176,1
1979-02-14,0.47231850038038026,1
1979-02-15,0.47231850038038026,1
1979-02-16,0.4690155387924744,1
1979-02-20,0.47483694563375245,1
1979-02-21,0.4706786573933197,1
1979-02-22,0.45155256996618043,1
1979-02-23,0.4523841739700867,1
1979-02-26,0.45654210458265077,1
1979-02-27,0.4523841739700867,1
1979-02-28,0.4540473521755768,1
1979-03-01,0.4523841739700867,1
1979-03-02,0.448226273159845,1
1979-03-05,0.4523841739700867,1
1979-03-06,0.4507206381367279,1
1979-03-07,0.4540473521755768,1
1979-03-08,0.4582049549625946,1
1979-03-09,0.4631947876022888,1
1979-03-12,0.47566843042836915,1
1979-03-13,0.4773320556686951,1
1979-03-14,0.47400546083913575,1
1979-03-15,0.4648577869938446,1
1979-03-16,0.4673527778194977,1
1979-03-19,0.46818435202108155,1
1979-03-20,0.4623631537960602,1
1979-03-21,0.4606996775673462,1
1979-03-22,0.46153175840841065,1
1979-03-23,0.45903679738507996,1
1979-03-26,0.4540473521755768,1
1979-03-27,0.4606996775673462,1
1979-03-28,0.45737388740049134,1
1979-03-29,0.4623631537960602,1
1979-03-30,0.45654210458265077,1
1979-04-02,0.4532158375786377,1
1979-04-03,0.4631947876022888,1
1979-04-04,0.46568918238149415,1
1979-04-05,0.46568918238149415,1
1979-04-06,0.46818435202108155,1
1979-04-09,0.4623631537960602,1
1979-04-10,0.4631947876022888,1
1979-04-11,0.4623631537960602,1
1979-04-12,0.45737388740049134,1
1979-04-16,0.4548787475632263,1
1979-04-17,0.45737388740049134,1
1979-04-18,0.4648577869938446,1
1979-04-19,0.46402645121083985,1
1979-04-20,0.46652135262952577,1
1979-04-23,0.46901559839711915,1
1979-04-24,0.46568918238149415,1
1979-04-25,0.46568918238149415,1
1979-04-26,0.4673527778194977,1
1979-04-27,0.46402645121083985,1
1979-04-30,0.4631947876022888,1
1979-05-01,0.4623631537960602,1
1979-05-02,0.4623631537960602,1
1979-05-03,0.4606996775673462,1
1979-05-04,0.45903679738507996,1
1979-05-07,0.4540473521755768,1
1979-05-08,0.4582049549625946,1
1979-05-09,0.46153175840841065,1
1979-05-10,0.4598682225750519,1
1979-05-11,0.4631947876022888,1
1979-05-14,0.46402645121083985,1
1979-05-15,0.46652135262952577,1
1979-05-16,0.46901559839711915,1
1979-05-17,0.4673527778194977,1
1979-05-18,0.46652135262952577,1
1979-05-21,0.46735888729558717,1
1979-05-22,0.4698716999100281,1
1979-05-23,0.46819642196164857,1
1979-05-24,0.4707092643784119,1
1979-05-25,0.4707092643784119,1
1979-05-29,0.4690336288021637,1
1979-05-30,0.46735888729558717,1
1979-05-31,0.4665213228272034,1
1979-06-01,0.4640084208057953,1
1979-06-04,0.45898303399549256,1
1979-06-05,0.4640084208057953,1
1979-06-06,0.4690336288021637,1
1979-06-07,0.473221629958017,1
1979-06-08,0.4707092643784119,1
1979-06-11,0.4698716999100281,1
1979-06-12,0.48243486891256104,1
1979-06-13,0.48745983849035035,1
1979-06-14,0.48745983849035035,1
1979-06-15,0.48410967002378236,1
1979-06-18,0.48076000819669495,1
1979-06-19,0.483271986346109,1
1979-06-20,0.4849473835037781,1
1979-06-21,0.4899730087326599,1
1979-06-22,0.4899730087326599,1
1979-06-25,0.4849473835037781,1
1979-06-26,0.48410967002378236,1
1979-06-27,0.48662251244054566,1
1979-06-28,0.48243486891256104,1
1979-06-29,0.48076000819669495,1
1979-07-02,0.47740936289296876,1
1979-07-03,0.47657185802922974,1
1979-07-05,0.47405898581014405,1
1979-07-06,0.475734144549234,1
1979-07-09,0.47908443222509156,1
1979-07-10,0.48243486891256104,1
1979-07-11,0.48662251244054566,1
1979-07-12,0.4849473835037781,1
1979-07-13,0.48243486891256104,1
1979-07-16,0.47657185802922974,1
1979-07-17,0.47740936289296876,1
1979-07-18,0.47908443222509156,1
1979-07-19,0.47405898581014405,1
1979-07-20,0.473221629958017,1
1979-07-23,0.475734144549234,1
1979-07-24,0.47740936289296876,1
1979-07-25,0.48913514624105225,1
1979-07-26,0.483271986346109,1
1979-07-27,0.47908443222509156,1
1979-07-30,0.48076000819669495,1
1979-07-31,0.48578524599538575,1
1979-08-01,0.48913514624105225,1
1979-08-02,0.4882977307842804,1
1979-08-03,0.48578524599538575,1
1979-08-06,0.48578524599538575,1
1979-08-07,0.48662251244054566,1
1979-08-08,0.4916476012276245,1
1979-08-09,0.4983484746025635,1
1979-08-10,0.5142621398972107,1
1979-08-13,0.5192873478935791,1
1979-08-14,0.5184497834251953,1
1979-08-15,0.5176122189568115,1
1979-08-16,0.5100746155785156,1
1979-08-17,0.5100746155785156,1
1979-08-20,0.515132486920221,1
1979-08-21,0.5142901540802551,1
1979-08-22,0.5126032830284668,1
1979-08-23,0.5193485618637634,1
1979-08-24,0.5193485618637634,1
1979-08-27,0.5193485618637634,1
1979-08-28,0.5201915503548218,1
1979-08-29,0.5210345388458801,1
1979-08-30,0.5227206350372864,1
1979-08-31,0.5201915503548218,1
1979-09-04,0.5067023039864136,1
1979-09-05,0.5016433597611023,1
1979-09-06,0.4991144836948944,1
1979-09-07,0.5041727424667908,1
1979-09-10,0.5075451136635376,1
1979-09-11,0.5024864078568054,1
1979-09-12,0.49995705495343934,1
1979-09-13,0.49489834914670716,1
1979-09-14,0.49995705495343934,1
1979-09-17,0.49995705495343934,1
1979-09-18,0.4991144836948944,1
1979-09-19,0.4991144836948944,1
1979-09-20,0.5075451136635376,1
1979-09-21,0.5058586002396179,1
1979-09-24,0.4991144836948944,-1
1979-09-25,0.5058586002396179,-1
1979-09-26,0.5058586002396179,-1
1979-09-27,0.5058586002396179,-1
1979-09-28,0.49995705495343934,-1
1979-10-01,0.4965849221752716,-1
1979-10-02,0.4974276424454285,-1
1979-10-03,0.49321237216459046,-1
1979-10-04,0.4940559268997742,-1
1979-10-05,0.49827080975042115,-1
1979-10-08,0.4889971912907196,-1
1979-10-09,0.47466427097783814,-1
1979-10-10,0.47887954125867616,-1
1979-10-11,0.46707630167470704,-1
1979-10-12,0.46707630167470704,1
1979-10-15,0.46454697857366334,1
1979-10-16,0.45442995439039,1
1979-10-17,0.4569588602589203,1
1979-10-18,0.457802414994104,1
1979-10-19,0.4468415380524231,1
1979-10-22,0.4451557994888855,1
1979-10-23,0.4367249609039856,1
1979-10-24,0.43841105709539185,1
1979-10-25,0.44094017158017884,1
1979-10-26,0.4451557994888855,1
1979-10-29,0.4476854206131531,1
1979-10-30,0.46201783428655396,1
1979-10-31,0.4594886005924774,1
1979-11-01,0.4637044073151184,1
1979-11-02,0.4637044073151184,1
1979-11-05,0.4603318275021149,1
1979-11-06,0.46117454777227174,1
1979-11-07,0.4586455822990967,1
1979-11-08,0.4586455822990967,1
1979-11-09,0.4653899670647217,1
1979-11-12,0.47129186997876893,1
1979-11-13,0.46707630167470704,1
1979-11-14,0.4679195285843445,1
1979-11-15,0.4721345902489258,1
1979-11-16,0.474682480196817,1
1979-11-19,0.47553133974538575,1
1979-11-20,0.474682480196817,1
1979-11-21,0.4687383473919464,1
1979-11-23,0.47553133974538575,1
1979-11-26,0.48487260947690736,1
1979-11-27,0.48826906095014344,1
1979-11-28,0.49421313415036927,1
1979-11-29,0.502705454926355,1
1979-11-30,0.5077999235199524,1
1979-12-03,0.5103477240608765,1
1979-12-04,0.5162912012146545,1
1979-12-05,0.5213863850639893,1
1979-12-06,0.5247831345604492,1
1979-12-07,0.5230850578354431,1
1979-12-10,0.5205374957130982,1
1979-12-11,0.5120460988091065,1
1979-12-12,0.5179904700325562,1
1979-12-13,0.51883864412771,1
1979-12-14,0.527330756287439,1
1979-12-17,0.5281798244522644,1
1979-12-18,0.5196880103157593,1
1979-12-19,0.53327476988302,1
1979-12-20,0.5434648991631104,1
1979-12-21,0.5434648991631104,1
1979-12-24,0.5366714597748352,1
1979-12-26,0.537520706753595,1
1979-12-27,0.5383703709648682,1
1979-12-28,0.5417664648102356,1
1979-12-31,0.5383703709648682,1
1980-01-02,0.5213863850639893,1
1980-01-03,0.5222357512520386,1
1980-01-04,0.5298782588051392,1
1980-01-07,0.5290288926170899,1
1980-01-08,0.5502581597374512,1
1980-01-09,0.5417664648102356,1
1980-01-10,0.5409171582268311,1
1980-01-11,0.537520706753595,1
1980-01-14,0.5307273865746094,1
1980-01-15,0.5315765143440796,1
1980-01-16,0.5281798244522644,1
1980-01-17,0.5213863850639893,1
1980-01-18,0.5179904700325562,1
1980-01-21,0.5247831345604492,1
1980-01-22,0.5213863850639893,1
1980-01-23,0.5247831345604492,1
1980-01-24,0.5213863850639893,1
1980-01-25,0.5162912012146545,1
1980-01-28,0.5230850578354431,1
1980-01-29,0.5162912012146545,1
1980-01-30,0.5120460988091065,1
1980-01-31,0.5120460988091065,1
1980-02-01,0.5094980598496033,1
1980-02-04,0.5120460988091065,1
1980-02-05,0.514593243698938,1
1980-02-06,0.5128952861832214,1
1980-02-07,0.5111966730164124,1
1980-02-08,0.5120460988091065,1
1980-02-11,0.5086489916847778,1
1980-02-12,0.5010064841316773,1
1980-02-13,0.5044037104652954,1
1980-02-14,0.5001576543854309,1
1980-02-15,0.49588313708768617,1
1980-02-19,0.4950278104351593,1
1980-02-20,0.49417251358495484,1
1980-02-21,0.48134854445920716,1
1980-02-22,0.4822028876350952,1
1980-02-25,0.47878295193181764,1
1980-02-26,0.4770733715103699,1
1980-02-27,0.4770733715103699,1
1980-02-28,0.47365349541173707,1
1980-02-29,0.4693790675209595,1
1980-03-03,0.4693790675209595,1
1980-03-04,0.4719436765717102,1
1980-03-05,0.46339362869725953,1
1980-03-06,0.4642486871288849,1
1980-03-07,0.46681419024930726,1
1980-03-10,0.46681419024930726,1
1980-03-11,0.4770733715103699,1
1980-03-12,0.46766865263448487,1
1980-03-13,0.4565543533371521,1
1980-03-14,0.4574089051292969,1
1980-03-17,0.4548443854855133,1
1980-03-18,0.4625387192772461,1
1980-03-19,0.4659588635967804,1
1980-03-20,0.4685236216591431,1
1980-03-21,0.46766865263448487,1
1980-03-24,0.4574089051292969,1
1980-03-25,0.4565543533371521,1
1980-03-26,0.4616839588688446,1
1980-03-27,0.46339362869725953,1
1980-03-28,0.4719436765717102,1
1980-03-31,0.4856230915592743,1
1980-04-01,0.4881880284355713,1
1980-04-02,0.486478328804834,1
1980-04-03,0.492462694744928,1
1980-04-07,0.4822028876350952,1
1980-04-08,0.486478328804834,1
1980-04-09,0.4890430272625519,1
1980-04-10,0.4890430272625519,1
1980-04-11,0.4856230915592743,1
1980-04-14,0.4796387256191803,1
1980-04-15,0.4873330296085907,1
1980-04-16,0.4898982645081116,1
1980-04-17,0.4890430272625519,1
1980-04-18,0.4881880284355713,1
1980-04-21,0.4873330296085907,1
1980-04-22,0.49417251358495484,1
1980-04-23,0.492462694744928,1
1980-04-24,0.5061424375580383,1
1980-04-25,0.5146923662231995,1
1980-04-28,0.5164024830864502,1
1980-04-29,0.5189670325325562,1
1980-04-30,0.5189670325325562,1
1980-05-01,0.5172570944832398,1
1980-05-02,0.5181119442986084,1
1980-05-05,0.5198215843247009,1
1980-05-06,0.5249516368912293,1
1980-05-07,0.5232414604233337,1
1980-05-08,0.5258070231484009,1
1980-05-09,0.5258070231484009,1
1980-05-12,0.5283715129898621,1
1980-05-13,0.5283715129898621,1
1980-05-14,0.5326463581131531,1
1980-05-15,0.5429063440369202,1
1980-05-16,0.5420513154076172,1
1980-05-19,0.5391229392098023,1
1980-05-20,0.541706383328302,1
1980-05-21,0.5451516510056091,1
1980-05-22,0.5503191352890564,1
1980-05-23,0.5623758436249329,1
1980-05-27,0.5563472510384155,1
1980-05-28,0.5554860235260559,1
1980-05-29,0.5520414114998413,1
1980-05-30,0.5511800051735474,1
1980-06-02,0.5460129381226135,1
1980-06-03,0.543428897957666,1
1980-06-04,0.5451516510056091,1
1980-06-05,0.5503191352890564,1
1980-06-06,0.5572084785507752,1
1980-06-09,0.5623758436249329,1
1980-06-10,0.5649592281387879,1
1980-06-11,0.563237190346582,1
1980-06-12,0.563237190346582,1
1980-06-13,0.5580702425049378,1
1980-06-16,0.5597923995064331,1
1980-06-17,0.563237190346582,1
1980-06-18,0.5615146161125733,1
1980-06-19,0.5511800051735474,1
1980-06-20,0.5494574309395386,1
1980-06-23,0.5511800051735474,1
1980-06-24,0.5468740464256836,1
1980-06-25,0.5503191352890564,1
1980-06-26,0.5485960246132446,1
1980-06-27,0.547735333542688,1
1980-06-30,0.5408452750252319,1
1980-07-01,0.5425678492592407,1
1980-07-02,0.541706383328302,1
1980-07-03,0.5451516510056091,1
1980-07-07,0.5563472510384155,1
1980-07-08,0.5589308739708496,1
1980-07-09,0.5563472510384155,1
1980-07-10,0.547735333542688,1
1980-07-11,0.547735333542688,1
1980-07-14,0.5503191352890564,1
1980-07-15,0.5520414114998413,1
1980-07-16,0.5485960246132446,1
1980-07-17,0.5468740464256836,1
1980-07-18,0.5468740464256836,1
1980-07-21,0.5494574309395386,1
1980-07-22,0.5529023409889771,1
1980-07-23,0.5563472510384155,1
1980-07-24,0.5511800051735474,1
1980-07-25,0.5468740464256836,1
1980-07-28,0.5520414114998413,1
1980-07-29,0.5546249152229858,1
1980-07-30,0.5597923995064331,1
1980-07-31,0.5580702425049378,1
1980-08-01,0.5572084785507752,1
1980-08-04,0.5580702425049378,1
1980-08-05,0.5606536270187927,1
1980-08-06,0.5735717416809631,1
1980-08-07,0.5813226700829102,1
1980-08-08,0.5882125497864319,1
1980-08-11,0.5847674609230591,1
1980-08-12,0.5787389875458313,1
1980-08-13,0.5752938390778137,1
1980-08-14,0.5718492866562439,1
1980-08-15,0.5701269508408142,1
1980-08-18,0.5567710400627686,1
1980-08-19,0.5507006050156189,1
1980-08-20,0.5576384664581848,1
1980-08-21,0.561974823574884,1
1980-08-22,0.5680452586220337,1
1980-08-25,0.5689122677849365,1
1980-08-26,0.5602400899933411,1
1980-08-27,0.5480986834572388,1
1980-08-28,0.5498334170387817,1
1980-08-29,0.5507006050156189,1
1980-09-02,0.5541694165276123,1
1980-09-03,0.555036723713739,1
1980-09-04,0.5472314954804016,1
1980-09-05,0.5420283080147339,1
1980-09-08,0.5359572769211365,1
1980-09-09,0.5394263864563538,1
1980-09-10,0.542894721131189,1
1980-09-11,0.5472314954804016,1
1980-09-12,0.5480986834572388,1
1980-09-15,0.5507006050156189,1
1980-09-16,0.5498334170387817,1
1980-09-17,0.5602400899933411,1
1980-09-18,0.5567710400627686,1
1980-09-19,0.5567710400627686,1
1980-09-22,0.5732486249016358,1
1980-09-23,0.5827884675072266,1
1980-09-24,0.5784518123673035,1
1980-09-25,0.5741162301109863,1
1980-09-26,0.5663111210869385,1
1980-09-29,0.5559040308998657,1
1980-09-30,0.561974823574884,1
1980-10-01,0.5645763875053955,1
1980-10-02,0.5628420115517212,1
1980-10-03,0.5697799325989319,1
1980-10-06,0.5793196559952332,1
1980-10-07,0.5801868439720703,1
1980-10-08,0.5845230222748352,1
1980-10-09,0.5758504272507263,1
1980-10-10,0.5723814965294434,1
1980-10-13,0.5680452586220337,1
1980-10-14,0.5602400899933411,1
1980-10-15,0.5576384664581848,1
1980-10-16,0.5524351001785828,1
1980-10-17,0.5533018113182617,1
1980-10-20,0.5446299315498901,1
1980-10-21,0.5411607624100281,1
1980-10-22,0.5454970003174378,1
1980-10-23,0.5342225433395935,1
1980-10-24,0.5316212774323059,1
1980-10-27,0.5255504251526428,1
1980-10-28,0.5350903869675232,1
1980-10-29,0.537691593270166,1
1980-10-30,0.5645763875053955,1
1980-10-31,0.5879915953682495,1
1980-11-03,0.597531795601709,1
1980-11-05,0.5897262693451477,1
1980-11-06,0.5741162301109863,1
1980-11-07,0.5663111210869385,1
1980-11-10,0.5680452586220337,1
1980-11-11,0.5723814965294434,1
1980-11-12,0.5732486249016358,1
1980-11-13,0.5931958557175232,1
1980-11-14,0.5931958557175232,1
1980-11-17,0.6216591001556946,1
1980-11-18,0.6443601251648499,1
1980-11-19,0.6539643407867981,1
1980-11-20,0.6530914307640625,1
1980-11-21,0.6356292964027954,1
1980-11-24,0.6242784262703491,1
1980-11-25,0.6356292964027954,1
1980-11-26,0.6312631965683533,1
1980-11-28,0.6338824034737183,1
1980-12-01,0.6268980504082275,1
1980-12-02,0.6242784262703491,1
1980-12-03,0.6303902865456177,1
1980-12-04,0.6365023852394653,1
1980-12-05,0.6391211749123169,1
1980-12-08,0.6216591001556946,1
1980-12-09,0.6216591001556946,1
1980-12-10,0.6129280925797058,1
1980-12-11,0.5998312831924988,1
1980-12-12,0.6295170784996582,1
1980-12-15,0.6373753548668457,1
1980-12-16,0.6626957059906555,1
1980-12-17,0.6670607925461365,1
1980-12-18,0.6644418240593506,1
1980-12-19,0.6688075662659241,1
1980-12-22,0.6792845727013184,1
1980-12-23,0.6757920981453491,1
1980-12-24,0.6836500764893128,1
1980-12-26,0.6984933019684387,1
1980-12-29,0.6932545305298401,1
1980-12-30,0.697620153527124,1
1980-12-31,0.6967468858765198,1
1981-01-02,0.697620153527124,1
1981-01-05,0.7054784894989563,1
1981-01-06,0.7107169629143311,1
1981-01-07,0.6941275001572205,1
1981-01-08,0.6801577807472778,1
1981-01-09,0.6775384546326233,1
1981-01-12,0.6845237613724304,1
1981-01-13,0.6749196649597717,1
1981-01-14,0.670553207497461,1
1981-01-15,0.6749196649597717,1
1981-01-16,0.6766653657959534,1
1981-01-19,0.6688075662659241,1
1981-01-20,0.6626957059906555,1
1981-01-21,0.6504716874168945,1
1981-01-22,0.6539643407867981,1
1981-01-23,0.6635687948273254,1
1981-01-26,0.6740458608673645,1
1981-01-27,0.6775384546326233,1
1981-01-28,0.6775384546326233,1
1981-01-29,0.6740458608673645,1
1981-01-30,0.6688075662659241,1
1981-02-02,0.6583302022026611,1
1981-02-03,0.6688075662659241,1
1981-02-04,0.6679343582199646,1
1981-02-05,0.6661877037094666,1
1981-02-06,0.6714267731712891,1
1981-02-09,0.6714267731712891,1
1981-02-10,0.6862696410225464,1
1981-02-11,0.6810309291885925,1
1981-02-12,0.6731733084724976,1
1981-02-13,0.6605241895721985,1
1981-02-17,0.6614030600594116,1
1981-02-18,0.6816052199410034,1
1981-02-19,0.6816052199410034,1
1981-02-20,0.6851186753319336,1
1981-02-23,0.6895102859543396,1
1981-02-24,0.6991725565002991,1
1981-02-25,0.7070770264671875,1
1981-02-26,0.726401686768396,1
1981-02-27,0.7237660885857178,1
1981-03-02,0.7202526331947876,1
1981-03-03,0.7097127438591553,1
1981-03-04,0.7176178098724915,1
1981-03-05,0.7184954286621643,1
1981-03-06,0.7176178098724915,1
1981-03-09,0.7176178098724915,1
1981-03-10,0.7167396546410156,1
1981-03-11,0.7149825693176819,1
1981-03-12,0.7290365100906921,1
1981-03-13,0.7290365100906921,1
1981-03-16,0.7325502635048462,1
1981-03-17,0.7290365100906921,1
1981-03-18,0.728157639603479,1
1981-03-19,0.7220092416809631,1
1981-03-20,0.7290365100906921,1
1981-03-23,0.731671154599054,1
1981-03-24,0.7220092416809631,1
1981-03-25,0.7325502635048462,1
1981-03-26,0.7237660885857178,1
1981-03-27,0.7211313844727112,1
1981-03-30,0.7184954286621643,1
1981-03-31,0.7290365100906921,1
1981-04-01,0.7211313844727112,1
1981-04-02,0.7211313844727112,1
1981-04-03,0.7211313844727112,1
1981-04-06,0.7202526331947876,1
1981-04-07,0.7211313844727112,1
1981-04-08,0.7378202677773071,1
1981-04-09,0.7448468805359436,1
1981-04-10,0.7527523637817932,1
1981-04-13,0.7518735528992249,1
1981-04-14,0.7518735528992249,1
1981-04-15,0.7720759511993958,1
1981-04-16,0.7834947110222412,1
1981-04-20,0.7870078087853027,1
1981-04-21,0.7694407106445862,1
1981-04-22,0.7518735528992249,1
1981-04-23,0.7624139190720154,1
1981-04-24,0.7676833869026733,-1
1981-04-27,0.7711974383400513,-1
1981-04-28,0.7659275532768799,-1
1981-04-29,0.7518735528992249,-1
1981-04-30,0.7492390276001526,-1
1981-05-01,0.7580220700310303,-1
1981-05-04,0.7536305786179138,-1
1981-05-05,0.7422119976090027,-1
1981-05-06,0.7395766378449036,-1
1981-05-07,0.7378202677773071,1
1981-05-08,0.743090033631189,1
1981-05-11,0.7307932377861572,1
1981-05-12,0.7457254529999329,1
1981-05-13,0.7439685464905335,1
1981-05-14,0.7492390276001526,1
1981-05-15,0.7597789765404297,1
1981-05-18,0.7589003444717957,1
1981-05-19,0.7668060661362244,1
1981-05-20,0.7826165557907654,1
1981-05-21,0.7694407106445862,-1
1981-05-22,0.7741065622376038,-1
1981-05-26,0.8006169200943543,-1
1981-05-27,0.8032686115311218,-1
1981-05-28,0.8006169200943543,-1
1981-05-29,0.8112212420509888,-1
1981-06-01,0.8138722778366638,-1
1981-06-02,0.7900130749748779,-1
1981-06-03,0.7847107649849487,-1
1981-06-04,0.7794085145996643,-1
1981-06-05,0.7820597888039185,-1
1981-06-08,0.7953150869415833,-1
1981-06-09,0.7873622180031372,-1
1981-06-10,0.7767577172325684,-1
1981-06-11,0.7741065622376038,-1
1981-06-12,0.7688049078987671,-1
1981-06-15,0.7900130749748779,-1
1981-06-16,0.7847107649849487,-1
1981-06-17,0.7688049078987671,-1
1981-06-18,0.7688049078987671,-1
1981-06-19,0.7820597888039185,-1
1981-06-22,0.7979663611458374,-1
1981-06-23,0.8165230752037598,-1
1981-06-24,0.8032686115311218,-1
1981-06-25,0.7926643491791321,-1
1981-06-26,0.7688049078987671,-1
1981-06-29,0.7502472997711731,-1
1981-06-30,0.7422942520187927,-1
1981-07-01,0.7343404890106751,-1
1981-07-02,0.7157836557434631,1
1981-07-06,0.7025279403732849,1
1981-07-07,0.7157836557434631,1
1981-07-08,0.7104813457535339,1
1981-07-09,0.6998773218201233,1
1981-07-10,0.6892731190727783,1
1981-07-13,0.6919237972305847,1
1981-07-14,0.6839709282921387,1
1981-07-15,0.6839709282921387,1
1981-07-16,0.6972261072205139,1
1981-07-17,0.7051791549728943,1
1981-07-20,0.6866223217056824,1
1981-07-21,0.6707157493637634,1
1981-07-22,0.6415537596748901,1
1981-07-23,0.6707157493637634,1
1981-07-24,0.6892731190727783,1
1981-07-27,0.7051791549728943,1
1981-07-28,0.6945753694580628,1
1981-07-29,0.6919237972305847,1
1981-07-30,0.6998773218201233,1
1981-07-31,0.7131326795624329,1
1981-08-03,0.7104813457535339,1
1981-08-04,0.7051791549728943,1
1981-08-05,0.7025279403732849,1
1981-08-06,0.6998773218201233,1
1981-08-07,0.6972261072205139,1
1981-08-10,0.6945753694580628,1
1981-08-11,0.6919237972305847,1
1981-08-12,0.6866223217056824,1
1981-08-13,0.6760179997490479,1
1981-08-14,0.6733667255447937,1
1981-08-17,0.6567086578415466,1
1981-08-18,0.6620478631065918,1
1981-08-19,0.6780650616692139,1
1981-08-20,0.6887434721993042,1
1981-08-21,0.6700567604111267,1
1981-08-24,0.6513698102043701,1
1981-08-25,0.6647170783089233,1
1981-08-26,0.6647170783089233,1
1981-08-27,0.6460303665207459,1
1981-08-28,0.6406915784882141,1
1981-08-31,0.6380219460533691,1
1981-09-01,0.6326829196022583,1
1981-09-02,0.64336097250448,1
1981-09-03,0.6300132871674133,1
1981-09-04,0.6193355322884155,1
1981-09-08,0.6086568833397461,1
1981-09-09,0.6193355322884155,1
1981-09-10,0.6406915784882141,1
1981-09-11,0.6700567604111267,1
1981-09-14,0.6647170783089233,1
1981-09-15,0.6700567604111267,1
1981-09-16,0.6700567604111267,1
1981-09-17,0.6620478631065918,1
1981-09-18,0.6487007738159729,1
1981-09-21,0.6700567604111267,1
1981-09-22,0.6673868299530579,1
1981-09-23,0.6620478631065918,1
1981-09-24,0.6593785882996155,1
1981-09-25,0.6700567604111267,1
1981-09-28,0.7100997568176819,1
1981-09-29,0.7100997568176819,1
1981-09-30,0.7047609687851502,1
1981-10-01,0.7207773328827454,1
1981-10-02,0.7181085349129273,1
1981-10-05,0.7020910979317261,1
1981-10-06,0.6940824390457703,1
1981-10-07,0.7207773328827454,1
1981-10-08,0.7474734784172608,1
1981-10-09,0.7314556242035462,1
1981-10-12,0.7314556242035462,1
1981-10-13,0.7261167765663696,1
1981-10-14,0.7127695680664612,1
1981-10-15,0.7314556242035462,1
1981-10-16,0.7261167765663696,1
1981-10-19,0.7474734784172608,1
1981-10-20,0.7688296438263489,1
1981-10-21,0.7474734784172608,1
1981-10-22,0.7821776867912842,1
1981-10-23,0.7581517697380615,1
1981-10-26,0.7581517697380615,1
1981-10-27,0.7634903789566589,1
1981-10-28,0.7661601902054382,1
1981-10-29,0.7661601902054382,1
1981-10-30,0.7768384219215942,1
1981-11-02,0.792855441670282,1
1981-11-03,0.792855441670282,1
1981-11-04,0.7848470212029053,1
1981-11-05,0.7795075179146362,1
1981-11-06,0.7634903789566589,1
1981-11-09,0.7581517697380615,1
1981-11-10,0.750143051247461,1
1981-11-11,0.7528123260544373,1
1981-11-12,0.7528123260544373,1
1981-11-13,0.7474734784172608,1
1981-11-16,0.7333965302513672,1
1981-11-17,0.7575742603348328,1
1981-11-18,0.7575742603348328,1
1981-11-19,0.7441422344254089,1
1981-11-20,0.7522014380501343,1
1981-11-23,0.7683199049042297,1
1981-11-24,0.7844383121536804,1
1981-11-25,0.7871250511215759,1
1981-11-27,0.789811909298761,1
1981-11-30,0.8113031984375549,1
1981-12-01,0.8032446504639221,-1
1981-12-02,0.7817521692322327,1
1981-12-03,0.779066264729364,1
1981-12-04,0.7817521692322327,1
1981-12-07,0.7817521692322327,-1
1981-12-08,0.7763799429939819,-1
1981-12-09,0.7736929060028626,-1
1981-12-10,0.7736929060028626,-1
1981-12-11,0.779066264729364,-1
1981-12-14,0.7548881770180298,-1
1981-12-15,0.7575742603348328,-1
1981-12-16,0.7495151163147522,-1
1981-12-17,0.7522014380501343,-1
1981-12-18,0.7602611781166626,-1
1981-12-21,0.7656340004013611,-1
1981-12-22,0.7683199049042297,-1
1981-12-23,0.7710066438721253,-1
1981-12-24,0.779066264729364,-1
1981-12-28,0.779066264729364,-1
1981-12-29,0.7817521692322327,-1
1981-12-30,0.789811909298761,-1
1981-12-31,0.7978711725281311,-1
1982-01-04,0.7871250511215759,-1
1982-01-05,0.7629479170845581,-1
1982-01-06,0.7522014380501343,-1
1982-01-07,0.7495151163147522,-1
1982-01-08,0.7414554358528687,-1
1982-01-11,0.7280235291527344,-1
1982-01-12,0.7387696505592896,-1
1982-01-13,0.7468289733933045,-1
1982-01-14,0.7441422344254089,-1
1982-01-15,0.7468289733933045,-1
1982-01-18,0.7763799429939819,-1
1982-01-19,0.7710066438721253,-1
1982-01-20,0.7656340004013611,-1
1982-01-21,0.779066264729364,-1
1982-01-22,0.7844383121536804,-1
1982-01-25,0.7951842547463013,-1
1982-01-26,0.7844383121536804,-1
1982-01-27,0.7844383121536804,-1
1982-01-28,0.8005572558449341,-1
1982-01-29,0.8139896393822266,-1
1982-02-01,0.7951842547463013,-1
1982-02-02,0.7978711725281311,-1
1982-02-03,0.789811909298761,-1
1982-02-04,0.7951842547463013,-1
1982-02-05,0.8327943087624146,-1
1982-02-08,0.8139896393822266,-1
1982-02-09,0.7817521692322327,-1
1982-02-10,0.7871250511215759,-1
1982-02-11,0.7817521692322327,-1
1982-02-12,0.8139896393822266,-1
1982-02-16,0.8193624020622803,-1
1982-02-17,0.8220482469605042,-1
1982-02-18,0.8354807497070862,-1
1982-02-19,0.824735164742334,-1
1982-02-22,0.8105771542595459,-1
1982-02-23,0.8078759909676148,-1
1982-02-24,0.8132793308304382,-1
1982-02-25,0.8105771542595459,-1
1982-02-26,0.7997692228363587,-1
1982-03-01,0.8105771542595459,-1
1982-03-02,0.8105771542595459,-1
1982-03-03,0.7997692228363587,-1
1982-03-04,0.7673467994736267,-1
1982-03-05,0.7322213650749756,-1
1982-03-08,0.70250004539953,-1
1982-03-09,0.7457306982086731,1
1982-03-10,0.7295194865273071,1
1982-03-11,0.7268173695610596,1
1982-03-12,0.7295194865273071,1
1982-03-15,0.7457306982086731,1
1982-03-16,0.7349233032272888,1
1982-03-17,0.7403271199272705,1
1982-03-18,0.7646446229027344,1
1982-03-19,0.7673467994736267,1
1982-03-22,0.794365406136377,1
1982-03-23,0.7889613510178162,1
1982-03-24,0.7916632891701294,1
1982-03-25,0.7970675827072693,1
1982-03-26,0.7916632891701294,1
1982-03-29,0.7862599493073059,1
1982-03-30,0.7970675827072693,1
1982-03-31,0.7997692228363587,1
1982-04-01,0.8105771542595459,1
1982-04-02,0.8294904233025147,1
1982-04-05,0.8267884851502014,1
1982-04-06,0.821384608845575,1
1982-04-07,0.821384608845575,1
1982-04-08,0.8240867854164673,1
1982-04-12,0.8484041691826416,1
1982-04-13,0.8348944784210754,1
1982-04-14,0.8240867854164673,1
1982-04-15,0.8240867854164673,1
1982-04-16,0.8267884851502014,1
1982-04-19,0.8294904233025147,1
1982-04-20,0.8186829687164856,1
1982-04-21,0.8024713398026062,1
1982-04-22,0.8186829687164856,1
1982-04-23,0.8538079262779785,1
1982-04-26,0.8619133831070496,1
1982-04-27,0.8457021714256836,1
1982-04-28,0.8457021714256836,1
1982-04-29,0.8429995776222778,1
1982-04-30,0.8646160961197449,1
1982-05-03,0.883529007534845,1
1982-05-04,0.8916346431778504,1
1982-05-05,0.8997412324951721,1
1982-05-06,0.9024428726242615,1
1982-05-07,0.8862309456871582,1
1982-05-10,0.8700193167732788,1
1982-05-11,0.8781252504395081,1
1982-05-12,0.88082754621969,1
1982-05-13,0.8727216125534607,1
1982-05-14,0.88082754621969,1
1982-05-17,0.8781092167900635,1
1982-05-18,0.853641152481897,1
1982-05-19,0.8482039571808411,1
1982-05-20,0.826454758744104,1
1982-05-21,0.8482039571808411,1
1982-05-24,0.8346104622887207,1
1982-05-25,0.8318922520683838,1
1982-05-26,0.8454853297279907,1
1982-05-27,0.8590783477829529,1
1982-05-28,0.853641152481897,1
1982-06-01,0.8672342897461487,1
1982-06-02,0.8781092167900635,1
1982-06-03,0.8699529768036438,1
1982-06-04,0.8563599587486816,1
1982-06-07,0.8373295665787293,1
1982-06-08,0.8427667022751404,1
1982-06-09,0.8482039571808411,1
1982-06-10,0.8563599587486816,1
1982-06-11,0.8482039571808411,1
1982-06-14,0.8346104622887207,1
1982-06-15,0.84004807482229,1
1982-06-16,0.84004807482229,1
1982-06-17,0.8427667022751404,1
1982-06-18,0.8210181594894959,-1
1982-06-21,0.8210181594894959,1
1982-06-22,0.8318922520683838,1
1982-06-23,0.8563599587486816,1
1982-06-24,0.8482039571808411,1
1982-06-25,0.8373295665787293,1
1982-06-28,0.8482039571808411,1
1982-06-29,0.84004807482229,1
1982-06-30,0.8590783477829529,1
1982-07-01,0.8454853297279907,1
1982-07-02,0.8373295665787293,1
1982-07-06,0.8454853297279907,1
1982-07-07,0.8617965580032898,1
1982-07-08,0.8617965580032898,1
1982-07-09,0.8753896356628967,1
1982-07-12,0.9188875556992127,1
1982-07-13,0.9080132843063904,1
1982-07-14,0.9188875556992127,1
1982-07-15,0.9107320309685303,1
1982-07-16,0.9270438552902771,1
1982-07-19,0.9161691666649414,1
1982-07-20,0.9134507180260254,1
1982-07-21,0.9052949548767639,1
1982-07-22,0.8971385360764099,1
1982-07-23,0.8889835477875305,1
1982-07-26,0.8835459352539612,1
1982-07-27,0.8808273078011108,1
1982-07-28,0.8590783477829529,1
1982-07-29,0.8672342897461487,1
1982-07-30,0.8617965580032898,1
1982-08-02,0.9080132843063904,1
1982-08-03,0.8998578191803528,1
1982-08-04,0.8672342897461487,1
1982-08-05,0.8563599587486816,1
1982-08-06,0.8509227634476257,1
1982-08-09,0.8454853297279907,1
1982-08-10,0.853641152481897,1
1982-08-11,0.8509227634476257,1
1982-08-12,0.8454853297279907,1
1982-08-13,0.8373295665787293,1
1982-08-16,0.8373293877647949,1
1982-08-17,0.8975296021507813,1
1982-08-18,0.8838484884308411,1
1982-08-19,0.9112119675682617,1
1982-08-20,0.9467844368027283,1
1982-08-23,0.9632023573921753,1
1982-08-24,0.949520468811853,1
1982-08-25,0.968675434689386,1
1982-08-26,0.9850931764648987,1
1982-08-27,0.9577301145599915,1
1982-08-30,0.9522568584488464,1
1982-08-31,0.9850931764648987,1
1982-09-01,0.9632023573921753,1
1982-09-02,0.9768849016235901,1
1982-09-03,1.0097206831978394,-1
1982-09-07,0.9933024645851685,-1
1982-09-08,0.9796203971909119,-1
1982-09-09,0.9823572040604187,1
1982-09-10,0.965939462284906,1
1982-09-13,0.9850931764648987,1
1982-09-14,1.0015112162636353,1
1982-09-15,1.0042481423424316,1
1982-09-16,0.9987759591148926,1
1982-09-17,0.9905653596924378,1
1982-09-20,0.9987759591148926,1
1982-09-21,1.0179307461784912,1
1982-09-22,1.0097206831978394,1
1982-09-23,1.0179307461784912,1
1982-09-24,1.0316115618752075,1
1982-09-27,1.0343480111168457,1
1982-09-28,1.0316115618752075,1
1982-09-29,1.0097206831978394,1
1982-09-30,0.9440485240028931,1
1982-10-01,0.9604662657784058,1
1982-10-04,0.9030020237968994,1
1982-10-05,0.8537476063774658,1
1982-10-06,0.913948118786676,1
1982-10-07,0.8838484884308411,1
1982-10-08,0.9331032634781433,1
1982-10-11,0.9522568584488464,1
1982-10-12,0.9084753395126892,1
1982-10-13,0.9194205404327942,1
1982-10-14,0.9166845680283142,1
1982-10-15,0.8947939277695252,1
1982-10-18,0.949520468811853,1
1982-10-19,0.9522568584488464,1
1982-10-20,0.9440485240028931,1
1982-10-21,0.968675434689386,1
1982-10-22,0.9549939633415772,1
1982-10-25,0.9030020237968994,1
1982-10-26,0.927629828553064,1
1982-10-27,0.9248932601021362,1
1982-10-28,0.927629828553064,1
1982-10-29,0.9604662657784058,1
1982-11-01,0.9768849016235901,1
1982-11-02,0.9714120627449585,1
1982-11-03,0.9933024645851685,1
1982-11-04,0.9960389138268066,1
1982-11-05,1.0042481423424316,1
1982-11-08,1.015194058518274,1
1982-11-09,1.020666241745813,1
1982-11-10,1.0015112162636353,1
1982-11-11,1.0343480111168457,1
1982-11-12,1.0343480111168457,1
1982-11-15,0.9848312736557556,1
1982-11-16,0.9930843711899353,1
1982-11-17,1.0178430081413818,1
1982-11-18,1.0068387986229492,1
1982-11-19,0.9958347083138062,1
1982-11-22,0.9765790701912476,1
1982-11-23,0.9820807577179504,1
1982-11-24,0.979329526524408,1
1982-11-26,0.9903331399963928,1
1982-11-29,0.9875823856400086,1
1982-11-30,1.0233443976448608,1
1982-12-01,1.012340784172876,1
1982-12-02,0.9820807577179504,1
1982-12-03,0.9985860587166382,1
1982-12-06,1.031597375969751,1
1982-12-07,1.0728613139198853,1
1982-12-08,1.0618571044014526,1
1982-12-09,1.0591071845100952,1
1982-12-10,1.0536043644951416,1
1982-12-13,1.075612187485559,1
1982-12-14,1.050853967766626,1
1982-12-15,1.0398494006203247,1
1982-12-16,1.0453521014259888,1
1982-12-17,1.0618571044014526,1
1982-12-20,1.0618571044014526,1
1982-12-21,1.0893670321510864,1
1982-12-22,1.0618571044014526,1
1982-12-23,1.0783628226326538,1
1982-12-27,1.1223781109856201,1
1982-12-28,1.1003705264137817,1
1982-12-29,1.1058720351265503,1
1982-12-30,1.0893670321510864,1
1982-12-31,1.0921173096703125,1
1983-01-03,1.0893670321510864,1
1983-01-04,1.125129222969873,1
1983-01-05,1.1141257287071777,1
1983-01-06,1.0866165162132813,1
1983-01-07,1.0921173096703125,1
1983-01-10,1.0783628226326538,1
1983-01-11,1.0618571044014526,1
1983-01-12,1.0811142922447754,1
1983-01-13,1.0728613139198853,1
1983-01-14,1.083864688973291,-1
1983-01-17,1.0948690177010132,-1
1983-01-18,1.0811142922447754,1
1983-01-19,1.0783628226326538,1
1983-01-20,1.0783628226326538,1
1983-01-21,1.0426017046974732,1
1983-01-24,1.0288465024040772,1
1983-01-25,1.0618571044014526,1
1983-01-26,1.0453521014259888,1
1983-01-27,1.0783628226326538,1
1983-01-28,1.064609170060022,1
1983-01-31,1.064609170060022,1
1983-02-01,1.050853967766626,1
1983-02-02,1.026095986466272,1
1983-02-03,1.012340784172876,1
1983-02-04,1.012340784172876,1
1983-02-07,1.026095986466272,1
1983-02-08,1.020593285660608,1
1983-02-09,1.012340784172876,1
1983-02-10,1.015092134575708,1
1983-02-11,1.0013374091194702,1
1983-02-14,1.012340784172876,1
1983-02-15,1.020593285660608,1
1983-02-16,1.015092134575708,1
1983-02-17,1.020593285660608,1
1983-02-18,1.023360014061792,1
1983-02-22,1.0095306635902954,1
1983-02-23,1.012296199898584,1
1983-02-24,1.0316574574516846,1
1983-02-25,1.0482527018593384,1
1983-02-28,1.0482527018593384,1
1983-03-01,1.084207534890039,1
1983-03-02,1.1063340903328491,1
1983-03-03,1.1118658782051636,1
1983-03-04,1.0620818139122559,1
1983-03-07,1.023360014061792,1
1983-03-08,1.0150622130440308,1
1983-03-09,1.0344229937599732,1
1983-03-10,1.0178276301430298,1
1983-03-11,1.0178276301430298,1
1983-03-14,1.0150622130440308,1
1983-03-15,1.0039989949272705,1
1983-03-16,0.9929355979965759,1
1983-03-17,1.001232624153955,1
1983-03-18,1.012296199898584,1
1983-03-21,1.0067647696541382,1
1983-03-22,1.0261253119515015,1
1983-03-23,1.0399541855858399,1
1983-03-24,1.0316574574516846,1
1983-03-25,1.0399541855858399,1
1983-03-28,1.0593150855110718,1
1983-03-29,1.0510181189583374,1
1983-03-30,1.0593150855110718,1
1983-03-31,1.0482527018593384,1
1983-04-04,1.0316574574516846,1
1983-04-05,1.0288912058876587,1
1983-04-06,1.012296199898584,1
1983-04-07,1.0067647696541382,1
1983-04-08,1.012296199898584,1
1983-04-11,1.0067647696541382,1
1983-04-12,0.9984670282410217,1
1983-04-13,1.0039989949272705,1
1983-04-14,1.0067647696541382,1
1983-04-15,1.0178276301430298,1
1983-04-18,1.0565495492027832,1
1983-04-19,1.0537837744759155,1
1983-04-20,1.070379376511438,1
1983-04-21,1.070379376511438,1
1983-04-22,1.0759106875465942,1
1983-04-25,1.0676119328545166,1
1983-04-26,1.0620818139122559,1
1983-04-27,1.0786759854363037,1
1983-04-28,1.1118658782051636,1
1983-04-29,1.1091006995247437,1
1983-05-02,1.0952712298439575,1
1983-05-03,1.125696063141687,1
1983-05-04,1.1146323681877686,1
1983-05-05,1.1146323681877686,1
1983-05-06,1.1146323681877686,1
1983-05-09,1.0980371237801148,1
1983-05-10,1.1173979044960571,-1
1983-05-11,1.1063340903328491,-1
1983-05-12,1.084207534890039,-1
1983-05-13,1.084207534890039,-1
1983-05-16,1.0819827319191528,-1
1983-05-17,1.0931085349129273,-1
1983-05-18,1.0819827319191528,-1
1983-05-19,1.0597314835594727,-1
1983-05-20,1.0513862372444702,-1
1983-05-23,1.0625125170754028,-1
1983-05-24,1.079201340775354,-1
1983-05-25,1.0736380816505982,-1
1983-05-26,1.0764200688408447,-1
1983-05-27,1.0486056805656983,-1
1983-05-31,1.0235724450157715,-1
1983-06-01,1.026354193787439,-1
1983-06-02,1.0458242894218994,-1
1983-06-03,1.054168462853296,-1
1983-06-06,1.0486056805656983,-1
1983-06-07,1.0402618647621704,-1
1983-06-08,1.0235724450157715,1
1983-06-09,1.0235724450157715,1
1983-06-10,1.020790696244104,1
1983-06-13,1.015228510002954,-1
1983-06-14,1.020790696244104,-1
1983-06-15,1.026354193787439,-1
1983-06-16,1.0597314835594727,-1
1983-06-17,1.0597314835594727,1
1983-06-20,1.0486056805656983,1
1983-06-21,1.0736380816505982,-1
1983-06-22,1.056950330834253,-1
1983-06-23,1.056950330834253,-1
1983-06-24,1.0847641230629517,-1
1983-06-27,1.0903271437691284,-1
1983-06-28,1.0652942658470703,-1
1983-06-29,1.079201340775354,-1
1983-06-30,1.0958895684288574,-1
1983-07-01,1.0958895684288574,-1
1983-07-05,1.0652942658470703,-1
1983-07-06,1.0764200688408447,-1
1983-07-07,1.0875452757881714,-1
1983-07-08,1.0958895684288574,-1
1983-07-11,1.0958895684288574,-1
1983-07-12,1.0708576441811157,-1
1983-07-13,1.056950330834253,1
1983-07-14,1.0486056805656983,1
1983-07-15,1.0319174529121948,1
1983-07-18,1.0235724450157715,1
1983-07-19,1.0235724450157715,1
1983-07-20,1.056950330834253,1
1983-07-21,1.054168462853296,1
1983-07-22,1.0458242894218994,1
1983-07-25,1.0235724450157715,1
1983-07-26,1.0235724450157715,1
1983-07-27,1.0096651316689087,1
1983-07-28,0.9957583547638489,1
1983-07-29,0.9790686369942261,1
1983-08-01,0.9707252980278565,1
1983-08-02,0.9651615024612976,1
1983-08-03,0.9595996738480164,1
1983-08-04,0.9512551427887512,1
1983-08-05,0.9484739304588867,1
1983-08-08,0.9290032983826233,1
1983-08-09,0.9345663786934448,1
1983-08-10,0.9540362359093262,1
1983-08-11,0.9651615024612976,1
1983-08-12,0.9762881995247437,1
1983-08-15,0.9852444530533386,1
1983-08-16,0.9656520486877991,1
1983-08-17,0.9628530741737915,1
1983-08-18,0.9656520486877991,1
1983-08-19,0.9404608608292175,1
1983-08-22,0.9488588572548462,1
1983-08-23,0.9348628521965576,1
1983-08-24,0.9180686474846436,1
1983-08-25,0.9152708054588867,1
1983-08-26,0.9152708054588867,1
1983-08-29,0.9208678008125855,1
1983-08-30,0.9152708054588867,1
1983-08-31,0.9208678008125855,1
1983-09-01,0.9236671925591065,1
1983-09-02,0.9264662862824036,1
1983-09-06,0.9432600737618042,1
1983-09-07,0.9544560314224793,1
1983-09-08,0.9460587502525879,1
1983-09-09,0.9432600737618042,1
1983-09-12,0.9432600737618042,1
1983-09-13,0.9432600737618042,1
1983-09-14,0.9572548867271973,1
1983-09-15,0.9488588572548462,1
1983-09-16,0.9656520486877991,1
1983-09-19,0.9880439044045044,1
1983-09-20,0.9992398024605347,1
1983-09-21,0.9880439044045044,1
1983-09-22,1.004837989907129,1
1983-09-23,0.9992398024605347,1
1983-09-26,1.0076366663979126,1
1983-09-27,1.0160335303352905,1
1983-09-28,1.0076366663979126,1
1983-09-29,1.0076366663979126,1
1983-09-30,1.0104358197258545,1
1983-10-03,1.0076366663979126,1
1983-10-04,1.0384254456566406,1
1983-10-05,1.0524206162499024,1
1983-10-06,1.0720138550804688,1
1983-10-07,1.058018684487207,-1
1983-10-10,1.060818076233728,-1
1983-10-11,1.0552196503685547,-1
1983-10-12,1.0496217013405396,-1
1983-10-13,1.0272294283913208,-1
1983-10-14,1.0328278542564941,-1
1983-10-17,1.0412248374031616,-1
1983-10-18,1.0216323138283325,-1
1983-10-19,1.0188325644539429,-1
1983-10-20,1.0300284625099732,-1
1983-10-21,1.0328278542564941,-1
1983-10-24,1.0188325644539429,-1
1983-10-25,1.0160335303352905,-1
1983-10-26,0.9880439044045044,-1
1983-10-27,1.0020384789513184,-1
1983-10-28,0.9936420322464539,-1
1983-10-31,0.9824466110275818,-1
1983-11-01,0.9852444530533386,-1
1983-11-02,0.9796470404671265,-1
1983-11-03,0.9936420322464539,-1
1983-11-04,0.9964408875511719,-1
1983-11-07,1.0020384789513184,-1
1983-11-08,0.9992398024605347,-1
1983-11-09,0.9852444530533386,-1
1983-11-10,0.9852444530533386,-1
1983-11-11,0.9936420322464539,-1
1983-11-14,0.9998383523033691,-1
1983-11-15,0.9970213771866394,-1
1983-11-16,0.9913884402321411,-1
1983-11-17,0.9801231027649475,-1
1983-11-18,0.9519584179924561,-1
1983-11-21,0.9491422773407532,-1
1983-11-22,0.9463255406426025,-1
1983-11-23,0.9519584179924561,-1
1983-11-25,0.954775869946344,1
1983-11-28,0.9435091615723206,-1
1983-11-29,0.9463255406426025,-1
1983-11-30,0.954775869946344,-1
1983-12-01,0.9237936736153198,-1
1983-12-02,0.9463255406426025,-1
1983-12-05,0.9406926036881043,-1
1983-12-06,0.9350598455475403,-1
1983-12-07,0.9294272066162659,-1
1983-12-08,0.9068954587982727,-1
1983-12-09,0.9068954587982727,-1
1983-12-12,0.9040793777512146,-1
1983-12-13,0.8928130270050598,-1
1983-12-14,0.8899967075394226,-1
1983-12-15,0.8843641878174378,-1
1983-12-16,0.8899967075394226,-1
1983-12-19,0.9125283361481262,-1
1983-12-20,0.9266102314995361,-1
1983-12-21,0.9237936736153198,-1
1983-12-22,0.9181613327072693,-1
1983-12-23,0.9125283361481262,-1
1983-12-27,0.9209784866379334,-1
1983-12-28,0.9040793777512146,-1
1983-12-29,0.9181613327072693,-1
1983-12-30,0.9209784866379334,-1
1984-01-03,0.9209784866379334,-1
1984-01-04,0.9463255406426025,-1
1984-01-05,0.954775869946344,-1
1984-01-06,0.9463255406426025,-1
1984-01-09,0.9378766418503357,-1
1984-01-10,0.9125283361481262,-1
1984-01-11,0.9097119570778442,-1
1984-01-12,0.9068954587982727,-1
1984-01-13,0.9040793777512146,-1
1984-01-16,0.8956297040985657,-1
1984-01-17,0.9209784866379334,-1
1984-01-18,0.9209784866379334,-1
1984-01-19,0.9209784866379334,-1
1984-01-20,0.9322437048958374,-1
1984-01-23,0.9153449536369873,-1
1984-01-24,0.8984459043549133,-1
1984-01-25,0.8899967075394226,-1
1984-01-26,0.8787307740257813,-1
1984-01-27,0.8618321419762207,-1
1984-01-30,0.8533828855560852,-1
1984-01-31,0.8646486402557922,-1
1984-02-01,0.8674651981400086,-1
1984-02-02,0.8871809841202332,-1
1984-02-03,0.8843641878174378,-1
1984-02-06,0.8787307740257813,-1
1984-02-07,0.8646486402557922,-1
1984-02-08,0.850566566090448,-1
1984-02-09,0.8449341059731079,-1
1984-02-10,0.8364844919251038,-1
1984-02-13,0.8308516145752503,-1
1984-02-14,0.8393008709953858,-1
1984-02-15,0.8336678744362427,-1
1984-02-16,0.816769003968103,-1
1984-02-17,0.7974714041756226,-1
1984-02-21,0.7804437876747681,-1
1984-02-22,0.7946332694099976,-1
1984-02-23,0.8003087044762207,-1
1984-02-24,0.8230127693222595,-1
1984-02-27,0.8286886216209961,-1
1984-02-28,0.8003087044762207,-1
1984-02-29,0.8144987226532532,-1
1984-03-01,0.8144987226532532,-1
1984-03-02,0.7889572979019714,-1
1984-03-05,0.8003087044762207,-1
1984-03-06,0.8059850932167603,-1
1984-03-07,0.8031473160790039,-1
1984-03-08,0.7974714041756226,-1
1984-03-09,0.7832812667893005,-1
1984-03-12,0.7889572979019714,-1
1984-03-13,0.7776050568626953,-1
1984-03-14,0.7804437876747681,-1
1984-03-15,0.7946332694099976,-1
1984-03-16,0.7946332694099976,-1
1984-03-19,0.7861192227409912,-1
1984-03-20,0.7861192227409912,-1
1984-03-21,0.7776050568626953,-1
1984-03-22,0.7662532330559326,-1
1984-03-23,0.7634155751274658,-1
1984-03-26,0.760577142338617,-1
1984-03-27,0.7832812667893005,-1
1984-03-28,0.7946332694099976,-1
1984-03-29,0.7889572979019714,-1
1984-03-30,0.7946332694099976,-1
1984-04-02,0.8003087044762207,-1
1984-04-03,0.811660647492273,-1
1984-04-04,0.8088235260056091,-1
1984-04-05,0.8031473160790039,-1
1984-04-06,0.8088235260056091,-1
1984-04-09,0.8031473160790039,-1
1984-04-10,0.8173369766281677,-1
1984-04-11,0.8144987226532532,-1
1984-04-12,0.8343645931290222,-1
1984-04-13,0.842879057030542,-1
1984-04-16,0.8655821085976196,-1
1984-04-17,0.8712583781288696,-1
1984-04-18,0.8485549689339233,-1
1984-04-19,0.842879057030542,-1
1984-04-23,0.811660647492273,-1
1984-04-24,0.8173369766281677,-1
1984-04-25,0.8286886216209961,-1
1984-04-26,0.842879057030542,-1
1984-04-27,0.8400407434509827,-1
1984-04-30,0.8485549689339233,-1
1984-05-01,0.845716655354364,-1
1984-05-02,0.845716655354364,-1
1984-05-03,0.8542312384651733,-1
1984-05-04,0.8315269948052002,-1
1984-05-07,0.8343645931290222,-1
1984-05-08,0.842879057030542,-1
1984-05-09,0.842879057030542,-1
1984-05-10,0.8343645931290222,-1
1984-05-11,0.8144987226532532,-1
1984-05-14,0.8059850932167603,-1
1984-05-15,0.811660647492273,-1
1984-05-16,0.8031473160790039,-1
1984-05-17,0.7889572979019714,-1
1984-05-18,0.7804437876747681,-1
1984-05-21,0.7672732473419739,-1
1984-05-22,0.7443702221916748,-1
1984-05-23,0.7472327948616577,-1
1984-05-24,0.7386440635727478,-1
1984-05-25,0.7443702221916748,-1
1984-05-29,0.7071518899010254,-1
1984-05-30,0.7214662433670593,-1
1984-05-31,0.7014256120728088,-1
1984-06-01,0.7100144029663635,-1
1984-06-04,0.7100144029663635,-1
1984-06-05,0.7357814909027649,-1
1984-06-06,0.7472327948616577,-1
1984-06-07,0.7357814909027649,-1
1984-06-08,0.7500960827873779,-1
1984-06-11,0.7386440635727478,-1
1984-06-12,0.7386440635727478,-1
1984-06-13,0.7214662433670593,-1
1984-06-14,0.7271921039627625,-1
1984-06-15,0.7271921039627625,-1
1984-06-18,0.7443702221916748,-1
1984-06-19,0.7415069938705994,-1
1984-06-20,0.7558218837784363,-1
1984-06-21,0.7472327948616577,-1
1984-06-22,0.7214662433670593,-1
1984-06-25,0.6756588221596314,-1
1984-06-26,0.6842482687042786,-1
1984-06-27,0.687110424141748,-1
1984-06-28,0.687110424141748,-1
1984-06-29,0.687110424141748,-1
1984-07-02,0.6985627413796021,-1
1984-07-03,0.7042883039520813,-1
1984-07-05,0.689973771672113,-1
1984-07-06,0.6785216332481934,-1
1984-07-09,0.687110424141748,-1
1984-07-10,0.6756588221596314,-1
1984-07-11,0.6670703292893005,-1
1984-07-12,0.664206862549646,-1
1984-07-13,0.664206862549646,-1
1984-07-16,0.6756588221596314,-1
1984-07-17,0.6785216332481934,-1
1984-07-18,0.6670703292893005,-1
1984-07-19,0.6470284462975098,-1
1984-07-20,0.6556181908653809,-1
1984-07-23,0.6613445282982422,-1
1984-07-24,0.6470284462975098,-1
1984-07-25,0.6470284462975098,-1
1984-07-26,0.6527552605675293,-1
1984-07-27,0.6556181908653809,-1
1984-07-30,0.6556181908653809,-1
1984-07-31,0.6699327827499939,-1
1984-08-01,0.6813847423599793,-1
1984-08-02,0.6985627413796021,-1
1984-08-03,0.7100144029663635,-1
1984-08-06,0.7186036706970764,-1
1984-08-07,0.7214662433670593,1
1984-08-08,0.7271921039627625,1
1984-08-09,0.7472327948616577,1
1984-08-10,0.7415069938705994,1
1984-08-13,0.7500960827873779,1
1984-08-14,0.7529593707130982,1
1984-08-15,0.7443702221916748,1
1984-08-16,0.7586849332855774,1
1984-08-17,0.7672732473419739,1
1984-08-20,0.7626514435814453,1
1984-08-21,0.7626514435814453,1
1984-08-22,0.736652135948999,1
1984-08-23,0.736652135948999,1
1984-08-24,0.7539850474403931,1
1984-08-27,0.7626514435814453,1
1984-08-28,0.774206817250116,1
1984-08-29,0.7684288621948792,1
1984-08-30,0.7713180185364319,1
1984-08-31,0.779984176258905,1
1984-09-04,0.785761833290918,1
1984-09-05,0.7886506320046021,1
1984-09-06,0.7944293023155762,1
1984-09-07,0.7886506320046021,1
1984-09-10,0.774206817250116,1
1984-09-11,0.7684288621948792,1
1984-09-12,0.7655405403183533,1
1984-09-13,0.7886506320046021,1
1984-09-14,0.7915396691368652,1
1984-09-17,0.7915396691368652,1
1984-09-18,0.7770956755684448,1
1984-09-19,0.7655405403183533,1
1984-09-20,0.7713180185364319,1
1984-09-21,0.7539850474403931,1
1984-09-24,0.733763337235315,1
1984-09-25,0.7482073308037354,1
1984-09-26,0.7568740845726563,1
1984-09-27,0.7568740845726563,1
1984-09-28,0.7510963083313538,1
1984-10-01,0.7395409346626831,1
1984-10-02,0.7222077251480652,1
1984-10-03,0.7077637911842896,1
1984-10-04,0.725097119908197,1
1984-10-05,0.7106523514793945,1
1984-10-08,0.713541567425592,1
1984-10-09,0.725097119908197,1
1984-10-10,0.725097119908197,1
1984-10-11,0.733763337235315,1
1984-10-12,0.7308741808937622,1
1984-10-15,0.7279855609940125,1
1984-10-16,0.7077637911842896,1
1984-10-17,0.7222077251480652,1
1984-10-18,0.7684288621948792,1
1984-10-19,0.7684288621948792,1
1984-10-22,0.745318353276117,1
1984-10-23,0.7539850474403931,1
1984-10-24,0.7510963083313538,1
1984-10-25,0.7395409346626831,1
1984-10-26,0.7597629428909851,1
1984-10-29,0.7482073308037354,1
1984-10-30,0.7597629428909851,1
1984-10-31,0.7510963083313538,1
1984-11-01,0.7626514435814453,1
1984-11-02,0.7915396691368652,1
1984-11-05,0.8059839011238648,1
1984-11-06,0.8290946484612061,1
1984-11-07,0.8117620945976807,1
1984-11-08,0.8002063036964966,1
1984-11-09,0.7770956755684448,1
1984-11-12,0.7915396691368652,1
1984-11-13,0.782873272995813,1
1984-11-14,0.7973174453781677,1
1984-11-15,0.782873272995813,1
1984-11-16,0.786953330139978,1
1984-11-19,0.8015274406479431,1
1984-11-20,0.8073565364883972,1
1984-11-21,0.8248444200562073,1
1984-11-23,0.8423325420425964,1
1984-11-26,0.8306739331291748,1
1984-11-27,0.8452470303581787,1
1984-11-28,0.8335881234215332,1
1984-11-29,0.8219291568802429,1
1984-11-30,0.8277588487671448,1
1984-12-03,0.8277588487671448,1
1984-12-04,0.8306739331291748,1
1984-12-05,0.8219291568802429,1
1984-12-06,0.8190147281693054,1
1984-12-07,0.7986124158905579,1
1984-12-10,0.804441511731012,1
1984-12-11,0.8306739331291748,1
1984-12-12,0.8248444200562073,1
1984-12-13,0.8248444200562073,1
1984-12-14,0.8306739331291748,-1
1984-12-17,0.8423325420425964,-1
1984-12-18,0.8598199487732483,-1
1984-12-19,0.8598199487732483,-1
1984-12-20,0.8481612802551819,-1
1984-12-21,0.8452470303581787,-1
1984-12-24,0.8452470303581787,-1
1984-12-26,0.839417576889856,-1
1984-12-27,0.8335881234215332,1
1984-12-28,0.8365027905510498,1
1984-12-31,0.8423325420425964,1
1985-01-02,0.8306739331291748,1
1985-01-03,0.8190147281693054,1
1985-01-04,0.8335881234215332,1
1985-01-07,0.8335881234215332,1
1985-01-08,0.8423325420425964,1
1985-01-09,0.8510755301521851,1
1985-01-10,0.8773085475967957,1
1985-01-11,0.8656492830322815,1
1985-01-14,0.8802226186798645,1
1985-01-15,0.8743931652115418,1
1985-01-16,0.8714788557098938,1
1985-01-17,0.8685641289757324,1
1985-01-18,0.8685641289757324,1
1985-01-21,0.8831369877861572,1
1985-01-22,0.8743931652115418,1
1985-01-23,0.8860515953110291,1
1985-01-24,0.8714788557098938,1
1985-01-25,0.8598199487732483,1
1985-01-28,0.8714788557098938,1
1985-01-29,0.8860515953110291,1
1985-01-30,0.9035396576927734,1
1985-01-31,0.9093685151146484,1
1985-02-01,0.8918806911514832,1
1985-02-04,0.8860515953110291,1
1985-02-05,0.8918806911514832,1
1985-02-06,0.8743931652115418,1
1985-02-07,0.8918806911514832,1
1985-02-08,0.8947955370949341,1
1985-02-11,0.8918806911514832,1
1985-02-12,0.9035396576927734,1
1985-02-13,0.9151979685829712,1
1985-02-14,0.9239417911575867,1
1985-02-15,0.9045588971184326,1
1985-02-19,0.9074955583618713,1
1985-02-20,0.9074955583618713,1
1985-02-21,0.88106369982229,1
1985-02-22,0.8781270385788513,1
1985-02-25,0.8928110004471375,1
1985-02-26,0.9104325176285339,1
1985-02-27,0.9251170755432678,1
1985-02-28,0.9251170755432678,1
1985-03-01,0.939801037411554,1
1985-03-04,0.9309902788208557,1
1985-03-05,0.9221796990440918,1
1985-03-06,0.9163058401154114,1
1985-03-07,0.9192434550331665,1
1985-03-08,0.913369357685907,1
1985-03-11,0.9163058401154114,1
1985-03-12,0.9251170755432678,1
1985-03-13,0.9251170755432678,1
1985-03-14,0.9221796990440918,1
1985-03-15,0.9221796990440918,1
1985-03-18,0.9221796990440918,1
1985-03-19,0.939801037411554,1
1985-03-20,0.9427382947014404,1
1985-03-21,0.9456747771309448,1
1985-03-22,0.9339279533432556,1
1985-03-25,0.9309902788208557,1
1985-03-26,0.9456747771309448,1
1985-03-27,0.960360050301416,1
1985-03-28,0.9574227334068848,1
1985-03-29,0.9867910147713257,1
1985-04-01,0.9721074105309082,1
1985-04-02,0.9544854165123535,1
1985-04-03,0.960360050301416,1
1985-04-04,0.975043535332544,1
1985-04-08,0.9544854165123535,1
1985-04-09,0.9574227334068848,1
1985-04-10,0.9662328363464905,1
1985-04-11,0.9632956386612488,1
1985-04-12,0.9632956386612488,1
1985-04-15,0.9662328363464905,1
1985-04-16,0.9721074105309082,1
1985-04-17,0.9809176326798035,1
1985-04-18,0.9779804945992066,1
1985-04-19,0.9691698552177979,1
1985-04-22,0.9721074105309082,1
1985-04-23,1.0220341683434082,1
1985-04-24,1.0484659672783447,1
1985-04-25,1.033780813317163,1
1985-04-26,1.0249706507729126,1
1985-04-29,1.027907371620996,1
1985-04-30,1.0308445693062378,1
1985-05-01,1.010286808113916,1
1985-05-02,1.0220341683434082,1
1985-05-03,1.0455288888023926,1
1985-05-06,1.0514029265450073,1
1985-05-07,1.0543400050209595,1
1985-05-08,1.0572763682411743,1
1985-05-09,1.077834129433496,1
1985-05-10,1.0925185681389404,1
1985-05-13,1.0925185681389404,1
1985-05-14,1.0983924866722656,1
1985-05-15,1.0866451264427734,1
1985-05-16,1.0866451264427734,1
1985-05-17,1.0748974085854126,1
1985-05-20,1.1101398469017578,1
1985-05-21,1.1042660475777222,-1
1985-05-22,1.1013296843575073,-1
1985-05-23,1.1013296843575073,-1
1985-05-24,1.1090190411614014,-1
1985-05-28,1.0912748576210571,-1
1985-05-29,1.0912748576210571,-1
1985-05-30,1.1060614586876465,-1
1985-05-31,1.111975908379419,-1
1985-06-03,1.1326781512306763,-1
1985-06-04,1.1238059998558594,-1
1985-06-05,1.1238059998558594,-1
1985-06-06,1.1326781512306763,-1
1985-06-07,1.111975908379419,-1
1985-06-10,1.1060614586876465,-1
1985-06-11,1.0912748576210571,-1
1985-06-12,1.0764878989265991,-1
1985-06-13,1.0735301972435547,-1
1985-06-14,1.0764878989265991,-1
1985-06-17,1.0971897841499878,-1
1985-06-18,1.1060614586876465,-1
1985-06-19,1.1090190411614014,-1
1985-06-20,1.1060614586876465,-1
1985-06-21,1.1090190411614014,-1
1985-06-24,1.1178905964897705,-1
1985-06-25,1.094232201676233,-1
1985-06-26,1.0824023486183716,-1
1985-06-27,1.1001462937401367,-1
1985-06-28,1.0971897841499878,-1
1985-07-01,1.0883172751473023,-1
1985-07-02,1.0764878989265991,-1
1985-07-03,1.0676162243889404,-1
1985-07-05,1.0853594542549683,-1
1985-07-08,1.094232201676233,-1
1985-07-09,1.1060614586876465,-1
1985-07-10,1.1238059998558594,-1
1985-07-11,1.1326781512306763,-1
1985-07-12,1.1592952014015747,-1
1985-07-15,1.1474648715065552,-1
1985-07-16,1.1267637015389038,-1
1985-07-17,1.1238059998558594,-1
1985-07-18,1.1208487750099732,-1
1985-07-19,1.135635495285852,-1
1985-07-22,1.1326781512306763,-1
1985-07-23,1.1238059998558594,-1
1985-07-24,1.1178905964897705,-1
1985-07-25,1.135635495285852,-1
1985-07-26,1.1090190411614014,-1
1985-07-29,1.0705722571419312,-1
1985-07-30,1.0794453621910645,-1
1985-07-31,1.0912748576210571,-1
1985-08-01,1.1031047106789185,-1
1985-08-02,1.1031047106789185,-1
1985-08-05,1.0676162243889404,-1
1985-08-06,1.0735301972435547,1
1985-08-07,1.0794453621910645,1
1985-08-08,1.0912748576210571,1
1985-08-09,1.0735301972435547,1
1985-08-12,1.0794453621910645,1
1985-08-13,1.0883172751473023,1
1985-08-14,1.0824023486183716,1
1985-08-15,1.0764878989265991,1
1985-08-16,1.0883172751473023,1
1985-08-19,1.0930825472878052,1
1985-08-20,1.1109532118843628,1
1985-08-21,1.1198885441826416,1
1985-08-22,1.1109532118843628,1
1985-08-23,1.104996919731958,1
1985-08-26,1.102018118004663,1
1985-08-27,1.1079753638313843,1
1985-08-28,1.1288245917366577,1
1985-08-29,1.1198885441826416,1
1985-08-30,1.1139323712395264,1
1985-09-03,1.1109532118843628,1
1985-09-04,1.1258454323814941,1
1985-09-05,1.1347811223076416,1
1985-09-06,1.1407378912972046,1
1985-09-09,1.122867465119226,1
1985-09-10,1.0960612298058106,1
1985-09-11,1.0901046992348267,1
1985-09-12,1.0930825472878052,1
1985-09-13,1.0722341538475586,1
1985-09-16,1.0245788098381592,1
1985-09-17,1.0364937783287598,1
1985-09-18,1.0484060050057007,1
1985-09-19,1.0901046992348267,1
1985-09-20,1.0603207350777222,1
1985-09-23,1.0901046992348267,1
1985-09-24,1.0662769080208374,1
1985-09-25,1.0543633700417114,1
1985-09-26,1.0573418141411377,1
1985-09-30,1.0573418141411377,1
1985-10-01,1.0692553521202637,1
1985-10-02,1.0335142613457275,1
1985-10-03,1.0603207350777222,1
1985-10-04,1.0454286337898804,1
1985-10-07,1.0335142613457275,1
1985-10-08,1.0335142613457275,1
1985-10-09,1.0364937783287598,1
1985-10-10,1.0424495936440064,1
1985-10-11,1.0603207350777222,1
1985-10-14,1.075213074784143,1
1985-10-15,1.0722341538475586,1
1985-10-16,1.08712637434469,1
1985-10-17,1.1079753638313843,1
1985-10-18,1.104996919731958,1
1985-10-21,1.099040150742395,1
1985-10-22,1.099040150742395,1
1985-10-23,1.0930825472878052,1
1985-10-24,1.0960612298058106,1
1985-10-25,1.1079753638313843,1
1985-10-28,1.1079753638313843,1
1985-10-29,1.1109532118843628,1
1985-10-30,1.1377594471977783,1
1985-10-31,1.1198885441826416,1
1985-11-01,1.1377594471977783,1
1985-11-04,1.1288245917366577,1
1985-11-05,1.1318023205803467,1
1985-11-06,1.1496731043861939,1
1985-11-07,1.1466950179146362,1
1985-11-08,1.1496731043861939,1
1985-11-11,1.1675441266106201,1
1985-11-12,1.182435393433435,1
1985-11-13,1.182435393433435,1
1985-11-14,1.1943498850868774,1
1985-11-15,1.185414433579309,1
1985-11-18,1.1992050410317017,1
1985-11-19,1.196208119492395,1
1985-11-20,1.1992050410317017,1
1985-11-21,1.1752208472298218,1
1985-11-22,1.1422431469963623,1
1985-11-25,1.1272531748817993,1
1985-11-26,1.1572328806923462,1
1985-11-27,1.1902116538094116,1
1985-11-29,1.196208119492395,1
1985-12-02,1.1842148304985596,1
1985-12-03,1.181217074494226,1
1985-12-04,1.1752208472298218,1
1985-12-05,1.1992050410317017,1
1985-12-06,1.193208932976587,1
1985-12-09,1.2141956091927124,1
1985-12-10,1.2141956091927124,1
1985-12-11,1.220191478829248,1
1985-12-12,1.2471730710075928,1
1985-12-13,1.2801513672875,1
1985-12-16,1.3131294251488281,1
1985-12-17,1.292143702607019,1
1985-12-18,1.2561681271599365,1
1985-12-19,1.2741557360695435,1
1985-12-20,1.2591662407921387,1
1985-12-23,1.2531694174812866,1
1985-12-24,1.244175672631128,1
1985-12-26,1.244175672631128,1
1985-12-27,1.2531694174812866,1
1985-12-30,1.262163758377893,1
1985-12-31,1.262163758377893,1
1986-01-02,1.244175672631128,1
1986-01-03,1.2471730710075928,1
1986-01-06,1.244175672631128,1
1986-01-07,1.2651616335915161,1
1986-01-08,1.238180160622461,1
1986-01-09,1.2171932459877564,1
1986-01-10,1.223189115624292,1
1986-01-13,1.238180160622461,1
1986-01-14,1.244175672631128,1
1986-01-15,1.2261877060936524,1
1986-01-16,1.223189115624292,1
1986-01-17,1.2141956091927124,1
1986-01-20,1.235181212525232,1
1986-01-21,1.223189115624292,1
1986-01-22,1.193208932976587,1
1986-01-23,1.2081995011375977,1
1986-01-24,1.1992050410317017,1
1986-01-27,1.2022035122917725,1
1986-01-28,1.244175672631128,1
1986-01-29,1.235181212525232,1
1986-01-30,1.2681593895958496,1
1986-01-31,1.289145827393396,1
1986-02-03,1.3011374474571777,1
1986-02-04,1.295141577820642,1
1986-02-05,1.3071339131401611,1
1986-02-06,1.316127896408899,1
1986-02-07,1.2831496001289917,1
1986-02-10,1.2411764861153198,1
1986-02-11,1.2141956091927124,1
1986-02-12,1.1992050410317017,1
1986-02-13,1.2411764861153198,1
1986-02-14,1.1452409030006958,1
1986-02-18,1.178218960862024,1
1986-02-19,1.1512372494743897,1
1986-02-20,1.1542351246880127,1
1986-02-21,1.1752208472298218,1
1986-02-24,1.2011758090065552,1
1986-02-25,1.192122459511621,1
1986-02-26,1.170996070008142,1
1986-02-27,1.1951398850487305,1
1986-02-28,1.2011758090065552,1
1986-03-03,1.1951398850487305,1
1986-03-04,1.1951398850487305,1
1986-03-05,1.1860862971352173,1
1986-03-06,1.1860862971352173,1
1986-03-07,1.198158860306604,1
1986-03-10,1.2132484913872315,1
1986-03-11,1.2494637967156006,1
1986-03-12,1.2434282303856445,1
1986-03-13,1.2675727606819702,1
1986-03-14,1.3037893773125244,1
1986-03-17,1.2886993886040283,1
1986-03-18,1.2796449662254883,1
1986-03-19,1.2856810093926025,1
1986-03-20,1.3037893773125244,1
1986-03-21,1.3098255396889282,1
1986-03-24,1.330952525238855,1
1986-03-25,1.3520784379051758,1
1986-03-26,1.3762233258293701,1
1986-03-27,1.3822580576942993,1
1986-03-31,1.385276436905725,1
1986-04-01,1.3460426331566406,1
1986-04-02,1.3641501666115357,1
1986-04-03,1.3490595818565918,1
1986-04-04,1.291717767815454,1
1986-04-07,1.3007709981010986,1
1986-04-08,1.343024730782373,1
1986-04-09,1.4094210864113403,1
1986-04-10,1.4818536044167114,1
1986-04-11,1.4969438315437866,1
1986-04-14,1.4848719836281372,1
1986-04-15,1.475817084412439,1
1986-04-16,1.5120339394615723,1
1986-04-17,1.5573041440056397,1
1986-04-18,1.5844676495598389,1
1986-04-21,1.611628532509668,1
1986-04-22,1.6297370196388794,1
1986-04-23,1.6086113453911377,1
1986-04-24,1.647845983605249,1
1986-04-25,1.6568993331001831,1
1986-04-28,1.647845983605249,1
1986-04-29,1.6206820012138916,1
1986-04-30,1.5905019045876099,1
1986-05-01,1.5633397103355957,1
1986-05-02,1.5633397103355957,1
1986-05-05,1.5874849558876587,1
1986-05-06,1.5844676495598389,-1
1986-05-07,1.5814491511391235,1
1986-05-08,1.5693767071770264,1
1986-05-09,1.566359043221338,1
1986-05-12,1.5542868376778198,1
1986-05-13,1.5573041440056397,-1
1986-05-14,1.611628532509668,-1
1986-05-15,1.5874849558876587,-1
1986-05-16,1.5844676495598389,-1
1986-05-19,1.5814491511391235,-1
1986-05-20,1.6025742293404175,-1
1986-05-21,1.6297370196388794,-1
1986-05-22,1.6750072241829468,-1
1986-05-23,1.6835012436913086,-1
1986-05-27,1.7017014027641846,-1
1986-05-28,1.6986678839729858,-1
1986-05-29,1.6986678839729858,-1
1986-05-30,1.6592340470360352,-1
1986-06-02,1.6137338877724243,-1
1986-06-03,1.6258667708443237,-1
1986-06-04,1.6470997334526611,-1
1986-06-05,1.6865345240639282,-1
1986-06-06,1.732033372025354,-1
1986-06-09,1.6835012436913086,-1
1986-06-10,1.6501343251274658,-1
1986-06-11,1.6501343251274658,1
1986-06-12,1.6531678439186646,1
1986-06-13,1.7047338486717774,1
1986-06-16,1.6986678839729858,1
1986-06-17,1.6865345240639282,1
1986-06-18,1.6956347228096558,1
1986-06-19,1.662267565827234,-1
1986-06-20,1.710800290207727,-1
1986-06-23,1.7229337693260742,-1
1986-06-24,1.7532665730522705,-1
1986-06-25,1.7623687983559204,-1
1986-06-26,1.7654013634728027,-1
1986-06-27,1.7623687983559204,-1
1986-06-30,1.7623687983559204,-1
1986-07-01,1.7532665730522705,1
1986-07-02,1.7684351206825806,1
1986-07-03,1.7441673279808594,1
1986-07-07,1.6562016011284424,-1
1986-07-08,1.6076672078178955,-1
1986-07-09,1.6228339673088623,-1
1986-07-10,1.6319338084267212,-1
1986-07-11,1.6198005677269531,-1
1986-07-14,1.598568081955774,-1
1986-07-15,1.6076672078178955,-1
1986-07-16,1.6107006073998047,-1
1986-07-17,1.6319338084267212,-1
1986-07-18,1.6380013228462769,-1
1986-07-21,1.6349672080086304,-1
1986-07-22,1.6774343253182007,-1
1986-07-23,1.7077665329979492,-1
1986-07-24,1.6804674864815308,-1
1986-07-25,1.6926002503441406,-1
1986-07-28,1.6440664530800415,-1
1986-07-29,1.6349672080086304,-1
1986-07-30,1.6683349610375,-1
1986-07-31,1.6531678439186646,-1
1986-08-01,1.6380013228462769,-1
1986-08-04,1.6592340470360352,-1
1986-08-05,1.6349672080086304,-1
1986-08-06,1.6410330534981323,-1
1986-08-07,1.6440664530800415,-1
1986-08-08,1.662267565827234,-1
1986-08-11,1.6774343253182007,-1
1986-08-12,1.6804674864815308,-1
1986-08-13,1.7199010849999024,-1
1986-08-14,1.7593342066811157,-1
1986-08-15,1.7654013634728027,-1
1986-08-18,1.7556475401924683,-1
1986-08-19,1.7282154561089111,-1
1986-08-20,1.7922219039009644,-1
1986-08-21,1.7922219039009644,-1
1986-08-22,1.7922219039009644,-1
1986-08-25,1.7678401471184326,-1
1986-08-26,1.7891749144600464,-1
1986-08-27,1.7800300122307373,-1
1986-08-28,1.7830793858574463,-1
1986-08-29,1.8013670445488525,-1
1986-09-02,1.7312631608055664,-1
1986-09-03,1.73431134233938,-1
1986-09-04,1.719070553879602,-1
1986-09-05,1.6885910035179688,-1
1986-09-08,1.6611589194344116,-1
1986-09-09,1.6398227215813233,-1
1986-09-10,1.6245840788887573,-1
1986-09-11,1.5727674962090088,-1
1986-09-12,1.5300952197121216,-1
1986-09-15,1.5422868729637695,1
1986-09-16,1.5392391682671143,1
1986-09-17,1.5300952197121216,1
1986-09-18,1.5118073226021362,1
1986-09-19,1.469135046105249,1
1986-09-22,1.496567964653833,1
1986-09-23,1.5209510327385498,1
1986-09-24,1.5636235476540161,1
1986-09-25,1.5239989758537842,1
1986-09-26,1.5331435204552246,1
1986-09-29,1.5422868729637695,1
1986-09-30,1.560575246910913,1
1986-10-01,1.5727674962090088,1
1986-10-02,1.5758156777428223,1
1986-10-03,1.5697195530937744,1
1986-10-06,1.551430106263025,1
1986-10-07,1.5727674962090088,1
1986-10-08,1.6062955857323242,1
1986-10-09,1.6093432904289795,1
1986-10-10,1.600199818711145,1
1986-10-13,1.600199818711145,1
1986-10-14,1.6306790114449097,1
1986-10-15,1.6672563553856445,1
1986-10-16,1.7038304806755615,1
1986-10-17,1.706879735092981,1
1986-10-20,1.6733509303139282,1
1986-10-21,1.6763995886849,1
1986-10-22,1.6916385890053345,1
1986-10-23,1.6977354289101196,1
1986-10-24,1.6733509303139282,1
1986-10-27,1.6916385890053345,1
1986-10-28,1.6733509303139282,1
1986-10-29,1.6824947596596314,1
1986-10-30,1.694688081841333,1
1986-10-31,1.7007826567696167,1
1986-11-03,1.6977354289101196,1
1986-11-04,1.7038304806755615,1
1986-11-05,1.719070553879602,1
1986-11-06,1.7160229683922363,1
1986-11-07,1.694688081841333,1
1986-11-10,1.7007826567696167,1
1986-11-11,1.706879735092981,1
1986-11-12,1.706879735092981,1
1986-11-13,1.664208173851831,1
1986-11-14,1.6855436564491821,1
1986-11-17,1.6573580504463745,1
1986-11-18,1.5991514922188355,1
1986-11-19,1.6267236472176148,1
1986-11-20,1.6512324811028076,1
1986-11-21,1.7002482415245606,1
1986-11-24,1.7216923237846924,1
1986-11-25,1.7125015259789063,1
1986-11-26,1.703311562638147,1
1986-11-28,1.6788032055901123,1
1986-12-01,1.6634864808128906,1
1986-12-02,1.7155653239296509,1
1986-12-03,1.733946442704065,1
1986-12-04,1.703311562638147,1
1986-12-05,1.7002482415245606,1
1986-12-08,1.740073800186975,1
1986-12-09,1.7278188468025757,1
1986-12-10,1.7553918362663818,1
1986-12-11,1.7308827639626099,1
1986-12-12,1.6879953146980835,1
1986-12-15,1.7002482415245606,1
1986-12-16,1.7155653239296509,1
1986-12-17,1.6971837283180786,1
1986-12-18,1.675740361313684,1
1986-12-19,1.6726759673164917,1
1986-12-22,1.6420419217156006,1
1986-12-23,1.6236603261040283,1
1986-12-24,1.6359142066048218,1
1986-12-26,1.6634864808128906,1
1986-12-29,1.6267236472176148,1
1986-12-30,1.6297874451683594,1
1986-12-31,1.6083426476524902,1
1987-01-02,1.6512324811028076,1
1987-01-05,1.7125015259789063,1
1987-01-06,1.7063746453331543,1
1987-01-07,1.7063746453331543,1
1987-01-08,1.6879953146980835,1
1987-01-09,1.703311562638147,1
1987-01-12,1.6879953146980835,1
1987-01-13,1.6788032055901123,1
1987-01-14,1.7155653239296509,1
1987-01-15,1.752327561478479,1
1987-01-16,1.7829625607536865,1
1987-01-19,1.8381062747047974,1
1987-01-20,1.801343321900232,1
1987-01-21,1.801343321900232,1
1987-01-22,1.8381062747047974,1
1987-01-23,1.8381062747047974,1
1987-01-26,1.844233512978418,1
1987-01-27,1.9024399519966675,1
1987-01-28,1.9024399519966675,1
1987-01-29,1.8718039990471436,1
1987-01-30,1.8534237147377564,1
1987-02-02,1.8656768799828125,1
1987-02-03,1.8871220351265503,1
1987-02-04,1.920820951561792,1
1987-02-05,1.9330745936440064,1
1987-02-06,1.9269479514168335,1
1987-02-09,1.905503273110254,1
1987-02-10,1.8871220351265503,1
1987-02-11,1.9606459141777588,1
1987-02-12,1.9637104273842407,1
1987-02-13,2.0249810219811035,1
1987-02-17,2.1138219834374024,1
1987-02-18,2.1322031022118164,1
1987-02-19,2.098504066567285,1
1987-02-20,2.0709331036614014,1
1987-02-23,2.042630672554834,1
1987-02-24,2.088775396447046,1
1987-02-25,2.088775396447046,1
1987-02-26,2.088775396447046,1
1987-02-27,2.1226139069603516,1
1987-03-02,2.113384962181909,1
1987-03-03,2.153376340966089,1
1987-03-04,2.2487399579094483,1
1987-03-05,2.239511728386743,1
1987-03-06,2.221054792504175,1
1987-03-09,2.1779863835381104,1
1987-03-10,2.221054792504175,1
1987-03-11,2.227205276589258,1
1987-03-12,2.2087483407066895,1
1987-03-13,2.211824894051416,1
1987-03-16,2.1872143746422363,-1
1987-03-17,2.230282783608301,-1
1987-03-18,2.211824894051416,-1
1987-03-19,2.2149007321404053,-1
1987-03-20,2.242586612801416,-1
1987-03-23,2.2825798989342285,-1
1987-03-24,2.2825798989342285,-1
1987-03-25,2.23335862169729,-1
1987-03-26,2.2456626893089844,-1
1987-03-27,2.2087483407066895,-1
1987-03-30,2.162604570488794,-1
1987-03-31,2.1779863835381104,-1
1987-04-01,2.211824894051416,-1
1987-04-02,2.1872143746422363,1
1987-04-03,2.211824894051416,1
1987-04-06,2.242586612801416,1
1987-04-07,2.227205276589258,1
1987-04-08,2.227205276589258,1
1987-04-09,2.199519395928247,-1
1987-04-10,2.227205276589258,1
1987-04-13,2.190290689568384,1
1987-04-14,2.104156494240625,1
1987-04-15,2.1226139069603516,1
1987-04-16,2.1226139069603516,1
1987-04-20,2.1103084088371826,1
1987-04-21,2.1779863835381104,1
1987-04-22,2.1503007412956787,1
1987-04-23,2.1656811238335205,1
1987-04-24,2.141071081261499,1
1987-04-27,2.147223472695215,1
1987-04-28,2.162604570488794,1
1987-04-29,2.147223472695215,1
1987-04-30,2.1441476346062256,1
1987-05-01,2.1195361615227295,1
1987-05-04,2.134918212990625,1
1987-05-05,2.2087483407066895,1
1987-05-06,2.1779863835381104,1
1987-05-07,2.153376340966089,1
1987-05-08,2.1441476346062256,1
1987-05-11,2.113384962181909,1
1987-05-12,2.1256892682121826,1
1987-05-13,2.1195361615227295,1
1987-05-14,2.1072330475853516,1
1987-05-15,2.0457077027367188,1
1987-05-18,2.036478281121118,1
1987-05-19,1.9872578383492066,1
1987-05-20,2.0303261281059815,1
1987-05-21,2.0334033967064453,1
1987-05-22,2.0530662537621094,1
1987-05-26,2.0932629109428955,1
1987-05-27,2.087078809838159,1
1987-05-28,2.102538824181421,1
1987-05-29,2.127274513344629,1
1987-06-01,2.111814260582788,1
1987-06-02,2.136550188164575,1
1987-06-03,2.182929277520044,1
1987-06-04,2.182929277520044,1
1987-06-05,2.1705620289848877,1
1987-06-08,2.20766544352041,1
1987-06-09,2.2045743466423584,1
1987-06-10,2.182929277520044,1
1987-06-11,2.201482057671411,1
1987-06-12,2.260227680306299,1
1987-06-15,2.260227680306299,1
1987-06-16,2.2540442944573,1
1987-06-17,2.2509536744164063,1
1987-06-18,2.3066086770104004,1
1987-06-19,2.3127927781151367,1
1987-06-22,2.3375284672783447,1
1987-06-23,2.3375284672783447,1
1987-06-24,2.291149139504297,1
1987-06-25,2.3127927781151367,1
1987-06-26,2.291149139504297,1
1987-06-29,2.3127927781151367,1
1987-06-30,2.2725963593529297,1
1987-07-01,2.2509536744164063,1
1987-07-02,2.241677761177881,1
1987-07-06,2.2045743466423584,1
1987-07-07,2.2447690964745117,1
1987-07-08,2.2633206845329834,1
1987-07-09,2.260227680306299,1
1987-07-10,2.300424575905664,1
1987-07-13,2.297332286934717,1
1987-07-14,2.331345558266504,1
1987-07-15,2.315885305504663,1
1987-07-16,2.346803903679712,1
1987-07-17,2.3375284672783447,1
1987-07-20,2.3097007275627686,1
1987-07-21,2.315885305504663,1
1987-07-22,2.3375284672783447,1
1987-07-23,2.3251595498131348,-1
1987-07-24,2.315885305504663,-1
1987-07-27,2.3097007275627686,-1
1987-07-28,2.303516149620874,-1
1987-07-29,2.356081009011133,-1
1987-07-30,2.3869993687676025,-1
1987-07-31,2.356081009011133,-1
1987-08-03,2.331345558266504,-1
1987-08-04,2.331345558266504,-1
1987-08-05,2.3869993687676025,-1
1987-08-06,2.4179184437798096,-1
1987-08-07,2.442655086617334,-1
1987-08-10,2.4735748768852783,-1
1987-08-11,2.535414695839746,-1
1987-08-12,2.5014026166008545,-1
1987-08-13,2.5014026166008545,-1
1987-08-14,2.4859440327690674,-1
1987-08-17,2.524320125679834,-1
1987-08-18,2.521214485268457,-1
1987-08-19,2.521214485268457,-1
1987-08-20,2.5833144188927246,-1
1987-08-21,2.5895237923668457,-1
1987-08-24,2.5584754944847656,-1
1987-08-25,2.598839521508081,-1
1987-08-26,2.5771028996513916,-1
1987-08-27,2.5274248124168945,-1
1987-08-28,2.4746408463524414,-1
1987-08-31,2.477745771508081,-1
1987-09-01,2.387704372506006,-1
1987-09-02,2.397017240624292,-1
1987-09-03,2.3752834797905518,-1
1987-09-04,2.362863063912256,-1
1987-09-08,2.350442886452539,-1
1987-09-09,2.334916830162866,1
1987-09-10,2.3566534520195557,1
1987-09-11,2.3845980168388916,1
1987-09-14,2.40012264261709,1
1987-09-15,2.381492853264673,1
1987-09-16,2.2852392197655274,1
1987-09-17,2.297659397225244,1
1987-09-18,2.306973695855005,1
1987-09-21,2.226245641808374,1
1987-09-22,2.306973695855005,1
1987-09-23,2.353548765282495,1
1987-09-24,2.3442330361412598,1
1987-09-25,2.3224990368889404,-1
1987-09-28,2.3721766472862793,-1
1987-09-29,2.350442886452539,1
1987-09-30,2.3721766472862793,1
1987-10-01,2.421856165032251,1
1987-10-02,2.462221622567041,1
1987-10-05,2.4498019219444824,1
1987-10-06,2.353548765282495,1
1987-10-07,2.328709125618799,1
1987-10-08,2.2914490700768066,1
1987-10-09,2.254189968209131,1
1987-10-12,2.2479796410606934,1
1987-10-13,2.254189968209131,1
1987-10-14,2.14862060556875,1
1987-10-15,2.092733860115869,1
1987-10-16,1.9623252154396607,1
1987-10-19,1.6021511555718018,1
1987-10-20,1.779134750466211,1
1987-10-21,1.844336986641748,1
1987-10-22,1.7977625132607056,1
1987-10-23,1.8257064820335938,1
1987-10-26,1.68287992487417,1
1987-10-27,1.763608455757959,1
1987-10-28,1.8288124800728394,1
1987-10-29,1.9623252154396607,-1
1987-10-30,1.987164855103357,-1
1987-11-02,1.98095440874563,-1
1987-11-03,1.9312762023018433,-1
1987-11-04,1.9312762023018433,1
1987-11-05,1.9747453928993774,1
1987-11-06,1.8940149546669556,1
1987-11-09,1.8163926602409912,-1
1987-11-10,1.7946577073143555,-1
1987-11-11,1.8257064820335938,-1
1987-11-12,1.9033312798546387,-1
1987-11-13,1.9188551903770996,-1
1987-11-16,1.9480786324547363,-1
1987-11-17,1.919979453186853,-1
1987-11-18,1.951198935608728,-1
1987-11-19,1.9043689967201782,-1
1987-11-20,1.9418329001473023,-1
1987-11-23,1.966808557610376,-1
1987-11-24,1.9886608124779297,-1
1987-11-25,1.9574421645210816,-1
1987-11-27,1.901248812775476,-1
1987-11-30,1.8231990338371826,1
1987-12-01,1.8544188738869263,1
1987-12-02,1.895004391770227,-1
1987-12-03,1.7951033116386963,-1
1987-12-04,1.770127534966333,-1
1987-12-07,1.860662818055017,-1
1987-12-08,1.9262220860527588,-1
1987-12-09,1.9324672223137451,-1
1987-12-10,1.8887618781136108,-1
1987-12-11,1.901248812775476,-1
1987-12-14,1.9792954922722412,-1
1987-12-15,1.9636857510613037,-1
1987-12-16,1.99490487585531,-1
1987-12-17,1.9387129546211792,-1
1987-12-18,1.9730523825691773,-1
1987-12-21,1.982417106728418,-1
1987-12-22,1.954321026902063,-1
1987-12-23,1.9855389596031738,-1
1987-12-24,1.982417106728418,-1
1987-12-28,1.919979453186853,-1
1987-12-29,1.9137356282280518,-1
1987-12-30,1.916857361893518,-1
1987-12-31,1.8700295687721802,-1
1988-01-04,1.951198935608728,-1
1988-01-05,1.9605642558144165,-1
1988-01-06,1.9480786324547363,-1
1988-01-07,1.9387129546211792,-1
1988-01-08,1.8107129336403442,-1
1988-01-11,1.8044688702629639,-1
1988-01-12,1.7919811011360718,-1
1988-01-13,1.7857369185494019,-1
1988-01-14,1.8044688702629639,-1
1988-01-15,1.8450535536812378,-1
1988-01-18,1.8544188738869263,-1
1988-01-19,1.8544188738869263,-1
1988-01-20,1.7919811011360718,-1
1988-01-21,1.8669074774788452,-1
1988-01-22,1.99490487585531,-1
1988-01-25,1.966808557610376,-1
1988-01-26,1.9387129546211792,-1
1988-01-27,1.8825169802712036,-1
1988-01-28,1.916857361893518,-1
1988-01-29,1.9574421645210816,-1
1988-02-01,1.9418329001473023,-1
1988-02-02,1.9387129546211792,-1
1988-02-03,1.9043689967201782,-1
1988-02-04,1.9324672223137451,-1
1988-02-05,1.9262220860527588,-1
1988-02-08,1.916857361893518,-1
1988-02-09,1.9449554682777954,-1
1988-02-10,1.99490487585531,-1
1988-02-11,1.9699301720665527,-1
1988-02-12,1.991782546143396,-1
1988-02-16,2.0479793549583984,-1
1988-02-17,2.0334179402397705,-1
1988-02-18,1.9957612753914429,-1
1988-02-19,2.0302813054131104,-1
1988-02-22,2.0710740090416504,-1
1988-02-23,2.0585219861076904,-1
1988-02-24,2.0616605282829834,-1
1988-02-25,2.027141809563501,-1
1988-02-26,2.0396947861717774,-1
1988-02-29,2.08990216265188,-1
1988-03-01,2.083625316719873,-1
1988-03-02,2.08990216265188,-1
1988-03-03,2.077350378136499,-1
1988-03-04,2.0585219861076904,-1
1988-03-07,2.0710740090416504,-1
1988-03-08,2.0961780549095703,-1
1988-03-09,2.1401093007134033,-1
1988-03-10,2.111867666344507,-1
1988-03-11,2.1055922509239746,-1
1988-03-14,2.1212823391960693,-1
1988-03-15,2.111867666344507,-1
1988-03-16,2.1401093007134033,-1
1988-03-17,2.168351411919458,-1
1988-03-18,2.14638614664541,-1
1988-03-21,2.1275572777794434,-1
1988-03-22,2.1338348389671875,-1
1988-03-23,2.1244194508598877,-1
1988-03-24,2.077350378136499,-1
1988-03-25,2.0302813054131104,-1
1988-03-28,2.008314609627588,-1
1988-03-29,2.027141809563501,-1
1988-03-30,1.9769346715019775,-1
1988-03-31,1.9926246405647827,-1
1988-04-04,1.9486923218773438,-1
1988-04-05,1.9737969637917114,-1
1988-04-06,2.052245617012842,-1
1988-04-07,2.0365562439964844,-1
1988-04-08,2.0742130280541016,-1
1988-04-11,2.0742130280541016,-1
1988-04-12,2.1087300778435303,-1
1988-04-13,2.1087300778435303,-1
1988-04-14,1.9988999367760254,-1
1988-04-15,2.0051753521965576,-1
1988-04-18,1.9737969637917114,-1
1988-04-19,1.9392777682350708,-1
1988-04-20,1.933002233605249,-1
1988-04-21,1.9173128605888916,-1
1988-04-22,1.94555401812063,-1
1988-04-25,1.9863500596092774,-1
1988-04-26,1.9894860983894898,-1
1988-04-27,1.951831340889795,-1
1988-04-28,1.936139464478357,-1
1988-04-29,1.90162193785177,-1
1988-05-02,1.904760241608484,-1
1988-05-03,1.920450210671289,-1
1988-05-04,1.8765183688210083,-1
1988-05-05,1.873380184273584,-1
1988-05-06,1.8482762576149536,-1
1988-05-09,1.8325860501335693,-1
1988-05-10,1.8357244730995728,-1
1988-05-11,1.8294487000511719,-1
1988-05-12,1.8231728077934815,-1
1988-05-13,1.838862419228418,-1
1988-05-16,1.8451387883232666,-1
1988-05-17,1.7949303389595581,-1
1988-05-18,1.7570090294884277,-1
1988-05-19,1.7886099816368652,-1
1988-05-20,1.801251769165857,-1
1988-05-23,1.817051649193628,1
1988-05-24,1.8518126011894775,1
1988-05-25,1.8676133156822754,1
1988-05-26,1.8865736723946167,1
1988-05-27,1.8865736723946167,1
1988-05-31,1.965575933556421,1
1988-06-01,2.0066568852470947,1
1988-06-02,2.0034961701439453,-1
1988-06-03,2.0066568852470947,-1
1988-06-06,2.0066568852470947,-1
1988-06-07,1.9845343829201294,-1
1988-06-08,2.038257360558374,-1
1988-06-09,2.0098166466759277,-1
1988-06-10,1.9592547417687012,-1
1988-06-13,2.0003373623894287,-1
1988-06-14,2.0414178372429443,-1
1988-06-15,2.0666983128593994,-1
1988-06-16,2.0256175995873047,-1
1988-06-17,2.047736883263452,-1
1988-06-20,2.0319387913750244,-1
1988-06-21,2.0350966454552246,-1
1988-06-22,2.0066568852470947,-1
1988-06-23,2.012977123360498,-1
1988-06-24,1.9940165282295776,-1
1988-06-27,1.943455457787378,-1
1988-06-28,1.962416172127588,-1
1988-06-29,1.965575933556421,-1
1988-06-30,2.0066568852470947,-1
1988-07-01,1.9971777201698853,-1
1988-07-05,2.01613712320791,-1
1988-07-06,1.9718955756233765,-1
1988-07-07,1.9592547417687012,1
1988-07-08,1.9529331923531128,1
1988-07-11,1.9876960516975952,-1
1988-07-12,1.9750560523079468,-1
1988-07-13,2.0066568852470947,-1
1988-07-14,2.0192973614739014,-1
1988-07-15,2.0098166466759277,-1
1988-07-18,1.9971777201698853,-1
1988-07-19,1.9971777201698853,-1
1988-07-20,2.012977123360498,-1
1988-07-21,1.9876960516975952,-1
1988-07-22,1.956094741921289,-1
1988-07-25,1.965575933556421,-1
1988-07-26,1.9592547417687012,-1
1988-07-27,1.9276541472481323,-1
1988-07-28,1.9529331923531128,-1
1988-07-29,2.022456646065576,-1
1988-08-01,2.038257360558374,-1
1988-08-02,2.0414178372429443,-1
1988-08-03,2.0698585511253906,-1
1988-08-04,2.0414178372429443,-1
1988-08-05,2.0414178372429443,-1
1988-08-08,2.050899028878076,-1
1988-08-09,2.0350966454552246,-1
1988-08-10,2.012977123360498,1
1988-08-11,2.01613712320791,1
1988-08-12,2.01613712320791,1
1988-08-15,2.0098166466759277,1
1988-08-16,2.01613712320791,1
1988-08-17,2.0479376317070557,1
1988-08-18,2.0574779511498047,1
1988-08-19,2.0352163315819336,-1
1988-08-22,2.0224974156426025,-1
1988-08-23,2.0352163315819336,-1
1988-08-24,2.0701990128563477,1
1988-08-25,2.0797364712761475,-1
1988-08-26,2.0574779511498047,-1
1988-08-29,2.067017078499658,-1
1988-08-30,2.0542969704674316,-1
1988-08-31,2.0606565476463867,-1
1988-09-01,2.0479376317070557,-1
1988-09-02,2.08609676371084,-1
1988-09-06,2.117896795372827,-1
1988-09-07,2.1465187073753906,-1
1988-09-08,2.149698257546289,-1
1988-09-09,2.1369779110954834,-1
1988-09-12,2.133798122506006,-1
1988-09-13,2.1242573262260986,-1
1988-09-14,2.1592392922447754,-1
1988-09-15,2.1465187073753906,-1
1988-09-16,2.1560583115624024,-1
1988-09-19,2.143338680367334,-1
1988-09-20,2.152878522972925,-1
1988-09-21,2.168778419594629,-1
1988-09-22,2.152878522972925,-1
1988-09-23,2.165597915749414,-1
1988-09-26,2.1592392922447754,-1
1988-09-27,2.1624183655785156,-1
1988-09-28,2.1719582081841065,-1
1988-09-29,2.184678316216333,-1
1988-09-30,2.184678316216333,-1
1988-10-03,2.1910383702324463,-1
1988-10-04,2.178318977455957,-1
1988-10-05,2.184678316216333,-1
1988-10-06,2.184678316216333,-1
1988-10-07,2.219658851723535,-1
1988-10-10,2.22283935556875,-1
1988-10-11,2.2037582398460938,-1
1988-10-12,2.1624183655785156,-1
1988-10-13,2.187858820061548,-1
1988-10-14,2.1942200661705566,-1
1988-10-17,2.1973981858299805,-1
1988-10-18,2.2037582398460938,-1
1988-10-19,2.1973981858299805,-1
1988-10-20,2.2387378216789795,-1
1988-10-21,2.2419190407799316,-1
1988-10-24,2.213298797707422,-1
1988-10-25,2.2260193825768066,-1
1988-10-26,2.22283935556875,-1
1988-10-27,2.1973981858299805,-1
1988-10-28,2.213298797707422,-1
1988-10-31,2.213298797707422,-1
1988-11-01,2.219658851723535,-1
1988-11-02,2.2260193825768066,-1
1988-11-03,2.2164788247154785,-1
1988-11-04,2.2037582398460938,-1
1988-11-07,2.184678316216333,-1
1988-11-08,2.2005796433495117,1
1988-11-09,2.1910383702324463,1
1988-11-10,2.1910383702324463,1
1988-11-11,2.1465187073753906,1
1988-11-14,2.1274378300713135,1
1988-11-15,2.114717483620508,1
1988-11-16,2.0699286461876465,1
1988-11-17,2.1051197053001953,1
1988-11-18,2.130713701348169,1
1988-11-21,2.140312433342798,-1
1988-11-22,2.1595089436577393,-1
1988-11-23,2.1595089436577393,-1
1988-11-25,2.1179163456963135,-1
1988-11-28,2.149909734825952,-1
1988-11-29,2.194700241188867,-1
1988-11-30,2.2010979653404785,-1
1988-12-01,2.1819026471184326,-1
1988-12-02,2.1691057683037354,-1
1988-12-05,2.188300848107202,-1
1988-12-06,2.2170934678124024,-1
1988-12-07,2.2330901623772217,-1
1988-12-08,2.213895797829492,-1
1988-12-09,2.226691722969873,-1
1988-12-12,2.194700241188867,-1
1988-12-13,2.1915009022759033,-1
1988-12-14,2.1755056382225586,-1
1988-12-15,2.1787030697868897,-1
1988-12-16,2.194700241188867,-1
1988-12-19,2.226691722969873,-1
1988-12-20,2.1915009022759033,-1
1988-12-21,2.1819026471184326,-1
1988-12-22,2.1723053456352783,-1
1988-12-23,2.1819026471184326,-1
1988-12-27,2.1659069062279297,-1
1988-12-28,2.1691057683037354,1
1988-12-29,2.1978986264275147,1
1988-12-30,2.1787030697868897,1
1989-01-03,2.140312433342798,1
1989-01-04,2.1819026471184326,1
1989-01-05,2.194700241188867,1
1989-01-06,2.1915009022759033,1
1989-01-09,2.188300848107202,1
1989-01-10,2.1691057683037354,1
1989-01-11,2.1787030697868897,1
1989-01-12,2.1627073288963867,1
1989-01-13,2.1627073288963867,1
1989-01-16,2.1851015091942383,1
1989-01-17,2.194700241188867,1
1989-01-18,2.2170934678124024,1
1989-01-19,2.2010979653404785,1
1989-01-20,2.2042973042534424,1
1989-01-23,2.188300848107202,1
1989-01-24,2.226691722969873,1
1989-01-25,2.2170934678124024,1
1989-01-26,2.249086856942041,1
1989-01-27,2.3226702214287354,1
1989-01-30,2.313075304131372,1
1989-01-31,2.3450660706566406,-1
1989-02-01,2.3194708825157715,-1
1989-02-02,2.306673288445337,-1
1989-02-03,2.316272258858545,-1
1989-02-06,2.313075304131372,-1
1989-02-07,2.338667154412134,-1
1989-02-08,2.341867446999414,1
1989-02-09,2.3034751416252686,1
1989-02-10,2.2650837899254395,1
1989-02-13,2.277881145577295,1
1989-02-14,2.277881145577295,1
1989-02-15,2.3100550175713135,1
1989-02-16,2.3036184311913086,1
1989-02-17,2.3261430264519287,1
1989-02-21,2.300403356652124,1
1989-02-22,2.2457072735832764,1
1989-02-23,2.2489256859825684,1
1989-02-24,2.2199695111321045,1
1989-02-27,2.2360546589897705,1
1989-02-28,2.2167513371513916,1
1989-03-01,2.2038822175072266,1
1989-03-02,2.2296199799583984,1
1989-03-03,2.242489814858301,1
1989-03-06,2.2489256859825684,1
1989-03-07,2.242489814858301,1
1989-03-08,2.242489814858301,1
1989-03-09,2.2585771084831787,1
1989-03-10,2.2521426678703858,1
1989-03-13,2.277881145577295,1
1989-03-14,2.3100550175713135,1
1989-03-15,2.3518805504845215,1
1989-03-16,2.3937060833977295,1
1989-03-17,2.329357385735376,1
1989-03-20,2.277881145577295,1
1989-03-21,2.2843143940971924,1
1989-03-22,2.261793375115259,1
1989-03-23,2.2553603650139404,1
1989-03-27,2.287532091240747,1
1989-03-28,2.322922945122583,1
1989-03-29,2.3357927800224854,1
1989-03-30,2.329357385735376,1
1989-03-31,2.3357927800224854,1
1989-04-03,2.3357927800224854,1
1989-04-04,2.322922945122583,1
1989-04-05,2.332575559716089,1
1989-04-06,2.329357385735376,1
1989-04-07,2.3422281743095947,1
1989-04-10,2.345444440941675,1
1989-04-11,2.38083553324209,1
1989-04-12,2.387270212273462,1
1989-04-13,2.3583157063530518,1
1989-04-14,2.3937060833977295,1
1989-04-17,2.396921396355493,1
1989-04-18,2.4419655800865723,1
1989-04-19,2.461268901924951,1
1989-04-20,2.448399782280786,1
1989-04-21,2.4709203244255615,1
1989-04-24,2.4580507279442383,1
1989-04-25,2.4451844693230225,1
1989-04-26,2.4548354149864746,1
1989-04-27,2.477356433968408,1
1989-04-28,2.4741384984062744,1
1989-05-01,2.4580507279442383,1
1989-05-02,2.464484453301294,1
1989-05-03,2.461268901924951,1
1989-05-04,2.4709203244255615,1
1989-05-05,2.4419655800865723,1
1989-05-08,2.4516184330986572,1
1989-05-09,2.448399782280786,1
1989-05-10,2.464484453301294,1
1989-05-11,2.4451844693230225,1
1989-05-12,2.528834104637964,1
1989-05-15,2.5674424172447754,1
1989-05-16,2.5803117753075195,1
1989-05-17,2.5674424172447754,1
1989-05-18,2.5674424172447754,1
1989-05-19,2.5996153355644775,1
1989-05-22,2.666403293709619,1
1989-05-23,2.595214605431421,1
1989-05-24,2.5434398652123047,1
1989-05-25,2.582270860771997,1
1989-05-26,2.5757997036980225,1
1989-05-30,2.5434398652123047,1
1989-05-31,2.5563833714531494,1
1989-06-01,2.601686716179712,1
1989-06-02,2.67287540445791,1
1989-06-05,2.6469883919762207,1
1989-06-06,2.692293405632837,1
1989-06-07,2.685821056465967,1
1989-06-08,2.666403293709619,1
1989-06-09,2.7828989029930664,1
1989-06-12,2.72465181360708,1
1989-06-13,2.6146295071648193,1
1989-06-14,2.595214605431421,1
1989-06-15,2.5563833714531494,1
1989-06-16,2.582270860771997,1
1989-06-19,2.5628557206200195,1
1989-06-20,2.536968231301172,1
1989-06-21,2.5175514222191406,1
1989-06-22,2.536968231301172,1
1989-06-23,2.6340460778282715,1
1989-06-26,2.601686716179712,1
1989-06-27,2.627572536568506,1
1989-06-28,2.582270860771997,1
1989-06-29,2.5175514222191406,1
1989-06-30,2.4787185193108154,1
1989-07-03,2.5175514222191406,1
1989-07-05,2.536968231301172,1
1989-07-06,2.536968231301172,1
1989-07-07,2.582270860771997,1
1989-07-10,2.6081581116722656,1
1989-07-11,2.627572536568506,1
1989-07-12,2.601686716179712,1
1989-07-13,2.569326639275415,1
1989-07-14,2.569326639275415,1
1989-07-17,2.530494213204248,1
1989-07-18,2.5240235329674316,1
1989-07-19,2.595214605431421,1
1989-07-20,2.595214605431421,1
1989-07-21,2.6146295071648193,1
1989-07-24,2.595214605431421,1
1989-07-25,2.582270860771997,1
1989-07-26,2.711707592110498,1
1989-07-27,2.7634828091667725,1
1989-07-28,2.776425361733301,1
1989-07-31,2.7634828091667725,-1
1989-08-01,2.711707592110498,-1
1989-08-02,2.72465181360708,1
1989-08-03,2.737595558266504,1
1989-08-04,2.731123685936792,1
1989-08-07,2.7440669537590576,1
1989-08-08,2.692293405632837,1
1989-08-09,2.65993332872854,1
1989-08-10,2.679349660973413,1
1989-08-11,2.666403293709619,1
1989-08-14,2.692293405632837,1
1989-08-15,2.685821056465967,1
1989-08-16,2.655360460381372,1
1989-08-17,2.681394100289209,1
1989-08-18,2.6879019738243652,1
1989-08-21,2.5707545281456543,1
1989-08-22,2.6032960415886475,1
1989-08-23,2.616312265496118,1
1989-08-24,2.6423442364739014,1
1989-08-25,2.635836362938745,1
1989-08-28,2.668377637963159,1
1989-08-29,2.6423442364739014,1
1989-08-30,2.674886703591211,1
1989-08-31,2.726952076058252,1
1989-09-01,2.7855253220604492,1
1989-09-05,2.766000509362085,1
1989-09-06,2.7464776040123535,1
1989-09-07,2.7139363289879395,1
1989-09-08,2.7074291707085205,1
1989-09-11,2.668377637963159,1
1989-09-12,2.655360460381372,1
1989-09-13,2.635836362938745,1
1989-09-14,2.635836362938745,1
1989-09-15,2.635836362938745,1
1989-09-18,2.73345947275625,1
1989-09-19,2.7204442025230957,1
1989-09-20,2.7464776040123535,1
1989-09-21,2.7139363289879395,1
1989-09-22,2.7139363289879395,1
1989-09-25,2.7204442025230957,1
1989-09-26,2.7204442025230957,1
1989-09-27,2.759493351082666,1
1989-09-28,2.8115603924797608,1
1989-09-29,2.8506088257835938,1
1989-10-02,2.8506088257835938,1
1989-10-03,2.863626003365381,1
1989-10-04,2.902674675087793,1
1989-10-05,2.8831493855522705,1
1989-10-06,2.915691137413843,1
1989-10-09,2.928706169228418,1
1989-10-10,2.928706169228418,1
1989-10-11,2.9091849328087402,1
1989-10-12,2.8701329232262207,1
1989-10-13,2.635836362938745,1
1989-10-16,2.8245763779686524,1
1989-10-17,2.8506088257835938,1
1989-10-18,2.8375935555504395,1
1989-10-19,2.863626003365381,1
1989-10-20,2.8831493855522705,1
1989-10-23,2.863626003365381,1
1989-10-24,2.8441007138298584,1
1989-10-25,2.8375935555504395,1
1989-10-26,2.8245763779686524,1
1989-10-27,2.7855253220604492,1
1989-10-30,2.798543930153711,1
1989-10-31,2.8831493855522705,1
1989-11-01,2.8961687089012695,1
1989-11-02,2.8506088257835938,1
1989-11-03,2.8310844899223877,1
1989-11-06,2.7790184021996094,1
1989-11-07,2.818068027596338,1
1989-11-08,2.8766424656914307,1
1989-11-09,2.863626003365381,1
1989-11-10,2.915691137413843,1
1989-11-13,2.915691137413843,1
1989-11-14,2.8831493855522705,1
1989-11-15,2.9375834466026856,1
1989-11-16,2.8983280659721924,1
1989-11-17,2.89178729067312,1
1989-11-20,2.8787009717033936,1
1989-11-21,2.89178729067312,-1
1989-11-22,2.9506688118980957,-1
1989-11-24,2.9702961445854736,-1
1989-11-27,2.9506688118980957,-1
1989-11-28,2.9375834466026856,-1
1989-11-29,2.9245007039116455,-1
1989-11-30,2.9572105408714844,-1
1989-12-01,3.003009796242578,-1
1989-12-04,3.0357205868767334,1
1989-12-05,3.0095510483788086,1
1989-12-06,3.0291805268333984,1
1989-12-07,3.0291805268333984,-1
1989-12-08,3.0422635079430176,-1
1989-12-11,3.048807382683618,-1
1989-12-12,3.0357205868767334,-1
1989-12-13,3.0618910790489746,-1
1989-12-14,3.0357205868767334,-1
1989-12-15,3.003009796242578,-1
1989-12-18,2.9375834466026856,-1
1989-12-19,2.9375834466026856,-1
1989-12-20,2.9506688118980957,-1
1989-12-21,2.963752269844873,-1
1989-12-22,2.9768388272331787,-1
1989-12-26,2.9833807946251465,-1
1989-12-27,3.0618910790489746,-1
1989-12-28,3.0946037770317627,-1
1989-12-29,3.1076886654900147,-1
1990-01-02,3.1338582039879395,-1
1990-01-03,3.146944284539087,-1
1990-01-04,3.153485059838159,-1
1990-01-05,3.1207730771111084,-1
1990-01-08,3.173114538292749,-1
1990-01-09,3.0749762059258057,-1
1990-01-10,3.0291805268333984,-1
1990-01-11,3.068434476952417,-1
1990-01-12,2.9768388272331787,-1
1990-01-15,2.963752269844873,-1
1990-01-16,2.963752269844873,-1
1990-01-17,2.9375834466026856,-1
1990-01-18,2.963752269844873,-1
1990-01-19,3.003009796242578,-1
1990-01-22,2.8983280659721924,-1
1990-01-23,2.89178729067312,-1
1990-01-24,2.839447498421533,-1
1990-01-25,2.774021625618799,-1
1990-01-26,2.7674789429710938,-1
1990-01-29,2.7674789429710938,1
1990-01-30,2.721682071785791,1
1990-01-31,2.7413086892174316,1
1990-02-01,2.7936489583061768,1
1990-02-02,2.8590734005974365,1
1990-02-05,2.839447498421533,1
1990-02-06,2.826362133126123,1
1990-02-07,2.8656165600823,1
1990-02-08,2.9179558754967285,1
1990-02-09,2.9375834466026856,1
1990-02-12,2.9179558754967285,1
1990-02-13,2.893754243950708,1
1990-02-14,2.9200615883873535,1
1990-02-15,2.9660983086632324,1
1990-02-16,2.9200615883873535,1
1990-02-20,2.867448568444116,1
1990-02-21,2.8279871941612793,1
1990-02-22,2.7951035500572754,1
1990-02-23,2.7424890996025635,1
1990-02-26,2.808257579903467,1
1990-02-27,2.808257579903467,1
1990-02-28,2.8214101792381836,1
1990-03-01,2.841141700844629,1
1990-03-02,2.893754243950708,1
1990-03-05,2.8477165700005127,1
1990-03-06,2.9069066048668457,1
1990-03-07,2.9069066048668457,1
1990-03-08,2.9397921563194824,1
1990-03-09,2.9266393185661865,1
1990-03-12,2.913483142952783,1
1990-03-13,2.860870838265283,1
1990-03-14,2.900329828362329,1
1990-03-15,2.992405891518457,1
1990-03-16,3.012134552101953,1
1990-03-19,2.998980760674341,1
1990-03-20,2.9660983086632324,1
1990-03-21,2.9397921563194824,1
1990-03-22,2.8871777058647705,1
1990-03-23,2.933213949303491,1
1990-03-26,2.9397921563194824,1
1990-03-27,3.005558729271753,1
1990-03-28,3.005558729271753,1
1990-03-29,2.97925066957937,1
1990-03-30,2.9529428483055664,1
1990-04-02,2.9529428483055664,1
1990-04-03,3.0318641663597656,1
1990-04-04,2.985827684502466,1
1990-04-05,3.005558729271753,1
1990-04-06,3.005558729271753,1
1990-04-09,3.0581722260521484,1
1990-04-10,3.0581722260521484,1
1990-04-11,3.064748764138086,1
1990-04-12,3.0844802857445313,1
1990-04-16,3.0713253022240234,1
1990-04-17,3.1107866765068604,1
1990-04-18,3.0844802857445313,1
1990-04-19,3.0581722260521484,1
1990-04-20,3.064748764138086,1
1990-04-23,3.005558729271753,1
1990-04-24,2.97925066957937,1
1990-04-25,2.9726741314934326,1
1990-04-26,3.005558729271753,1
1990-04-27,2.9660983086632324,1
1990-04-30,2.97925066957937,1
1990-05-01,3.012134552101953,1
1990-05-02,3.064748764138086,1
1990-05-03,3.0515949727104736,1
1990-05-04,3.1042094231651856,1
1990-05-07,3.1239380837486816,1
1990-05-08,3.1173627377556397,1
1990-05-09,3.0713253022240234,1
1990-05-10,3.091054916481836,1
1990-05-11,3.156822443108423,1
1990-05-14,3.1897060872124268,1
1990-05-15,3.2094368935631348,1
1990-05-16,3.2208120823906494,1
1990-05-17,3.2406537533806397,1
1990-05-18,3.214198351006372,1
1990-05-21,3.267106294731958,1
1990-05-22,3.2869460583733154,1
1990-05-23,3.2935612202690674,1
1990-05-24,3.35969614992605,1
1990-05-25,3.313401699166162,1
1990-05-29,3.372922897438867,1
1990-05-30,3.392765760521753,1
1990-05-31,3.379537344078882,1
1990-06-01,3.3993778229759766,1
1990-06-04,3.4456751347588135,1
1990-06-05,3.4522857667015625,1
1990-06-06,3.419219970803125,1
1990-06-07,3.3993778229759766,1
1990-06-08,3.3332417012260986,1
1990-06-11,3.386152505974634,1
1990-06-12,3.439060688118799,1
1990-06-13,3.425832986931665,1
1990-06-14,3.379537344078882,1
1990-06-15,3.4059898854302,1
1990-06-18,3.353081464867456,1
1990-06-19,3.372922897438867,1
1990-06-20,3.419219970803125,1
1990-06-21,3.5250370503471924,1
1990-06-22,3.4589004517601563,1
1990-06-25,3.425832986931665,1
1990-06-26,3.432446003060205,1
1990-06-27,3.5250370503471924,1
1990-06-28,3.591172933678491,1
1990-06-29,3.58455753336416,1
1990-07-02,3.6837620736168457,1
1990-07-03,3.6639208794640137,1
1990-07-05,3.617626190285547,1
1990-07-06,3.6440813542412354,1
1990-07-09,3.617626190285547,1
1990-07-10,3.5977842808769775,1
1990-07-11,3.6837620736168457,-1
1990-07-12,3.7498979569481445,-1
1990-07-13,3.7300562859581543,-1
1990-07-16,3.7498979569481445,-1
1990-07-17,3.7631254197166992,1
1990-07-18,3.7763516903923584,1
1990-07-19,3.849102735619409,-1
1990-07-20,3.86232852945791,-1
1990-07-23,3.7565104962395264,-1
1990-07-24,3.8094215394066406,-1
1990-07-25,3.875555992226465,-1
1990-07-26,3.8821682930992676,-1
1990-07-27,3.8292617798851563,-1
1990-07-30,3.789581775765283,-1
1990-07-31,3.736671209435327,-1
1990-08-01,3.7300562859581543,-1
1990-08-02,3.6374664307640625,-1
1990-08-03,3.5581045151756836,-1
1990-08-06,3.386152505974634,-1
1990-08-07,3.4522857667015625,-1
1990-08-08,3.551492214302881,1
1990-08-09,3.5382637978600098,1
1990-08-10,3.498582124810083,1
1990-08-13,3.5647170544670654,1
1990-08-14,3.5779449940727783,1
1990-08-15,3.635906219582422,1
1990-08-16,3.5561439991997315,-1
1990-08-17,3.5029666424797608,-1
1990-08-20,3.4564380646751953,-1
1990-08-21,3.396613597969873,1
1990-08-22,3.3367908001946045,1
1990-08-23,3.2370879651115967,1
1990-08-24,3.2969086171196533,1
1990-08-27,3.4364964963005615,1
1990-08-28,3.4431421757744385,1
1990-08-29,3.509613037209375,1
1990-08-30,3.463085651497705,1
1990-08-31,3.4896724225090576,1
1990-09-04,3.516260862450464,1
1990-09-05,3.516260862450464,1
1990-09-06,3.4431421757744385,1
1990-09-07,3.4896724225090576,1
1990-09-10,3.4697320462273193,1
1990-09-11,3.4564380646751953,1
1990-09-12,3.4564380646751953,1
1990-09-13,3.38331937799917,1
1990-09-14,3.389967441658838,1
1990-09-17,3.409909248452051,1
1990-09-18,3.4431421757744385,1
1990-09-19,3.4032623768852783,1
1990-09-20,3.3102054596947266,1
1990-09-21,3.323497533898218,1
1990-09-24,3.2636752129601074,1
1990-09-25,3.350085497002466,1
1990-09-26,3.3367908001946045,1
1990-09-27,3.316852331261499,1
1990-09-28,3.363380193810327,1
1990-10-01,3.5029666424797608,1
1990-10-02,3.529553175072534,1
1990-10-03,3.476379633049829,1
1990-10-04,3.483024835686548,1
1990-10-05,3.483024835686548,1
1990-10-08,3.5362000466393066,1
1990-10-09,3.463085651497705,1
1990-10-10,3.429849624733789,1
1990-10-11,3.370025396447046,1
1990-10-12,3.416555881600244,1
1990-10-15,3.476379633049829,1
1990-10-16,3.4431421757744385,1
1990-10-17,3.463085651497705,1
1990-10-18,3.5561439991997315,1
1990-10-19,3.5827298165367676,1
1990-10-22,3.629258155922754,1
1990-10-23,3.6491990090416504,1
1990-10-24,3.609318733315332,1
1990-10-25,3.596024513344629,1
1990-10-26,3.516260862450464,1
1990-10-29,3.483024835686548,1
1990-10-30,3.49631929407583,1
1990-10-31,3.4232017994927,1
1990-11-01,3.49631929407583,1
1990-11-02,3.542849063973291,1
1990-11-05,3.589378833870752,1
1990-11-06,3.529553175072534,1
1990-11-07,3.476379633049829,1
1990-11-08,3.4564380646751953,1
1990-11-09,3.483024835686548,1
1990-11-12,3.5494964123772217,1
1990-11-13,3.5229074955986572,1
1990-11-14,3.5410823823021484,1
1990-11-15,3.5143556595848633,1
1990-11-16,3.5076727868126465,1
1990-11-19,3.554443121056421,1
1990-11-20,3.5277175904320313,1
1990-11-21,3.5277175904320313,1
1990-11-23,3.5009922982262207,1
1990-11-26,3.4943127633141113,1
1990-11-27,3.5076727868126465,1
1990-11-28,3.581167459587915,1
1990-11-29,3.634617805580957,1
1990-11-30,3.7281548977898193,1
1990-12-03,3.7949674130486084,1
1990-12-04,3.7949674130486084,1
1990-12-05,3.7682437897728516,1
1990-12-06,3.774925470452173,1
1990-12-07,3.781606435875757,1
1990-12-10,3.7615621090935303,1
1990-12-11,3.754880428414209,1
1990-12-12,3.8150126935051514,1
1990-12-13,3.781606435875757,1
1990-12-14,3.7482011319206787,1
1990-12-17,3.7615621090935303,1
1990-12-18,3.828378200631006,1
1990-12-19,3.828378200631006,1
1990-12-20,3.8216943741844727,1
1990-12-21,3.8016517163323,1
1990-12-24,3.8016517163323,1
1990-12-26,3.8150126935051514,1
1990-12-27,3.781606435875757,1
1990-12-28,3.7949674130486084,1
1990-12-31,3.8350555897759033,1
1991-01-02,3.7415192128227783,1
1991-01-03,3.7014319897698,1
1991-01-04,3.6747071744011475,1
1991-01-07,3.5611257554100586,1
1991-01-08,3.5945303441093994,1
1991-01-09,3.5076727868126465,1
1991-01-10,3.6012113095329834,1
1991-01-11,3.6279375554131104,1
1991-01-14,3.634617805580957,1
1991-01-15,3.641300678353174,1
1991-01-16,3.7081117631004883,1
1991-01-17,3.8216943741844727,1
1991-01-18,3.841738224129541,1
1991-01-21,3.8551008702324463,1
1991-01-22,3.8350555897759033,1
1991-01-23,3.901869058709009,1
1991-01-24,3.995408058266504,1
1991-01-25,3.9887261391686035,1
1991-01-28,3.995408058266504,1
1991-01-29,4.02213191996084,1
1991-01-30,4.082264423470361,1
1991-01-31,4.088946342568262,1
1991-02-01,4.015453815560205,1
1991-02-04,4.082264423470361,1
1991-02-05,4.0755815506981445,1
1991-02-06,4.129033088784082,1
1991-02-07,4.082264423470361,1
1991-02-08,4.129033088784082,1
1991-02-11,4.269341945748193,1
1991-02-12,4.2137813569115234,1
1991-02-13,4.2473344803856445,1
1991-02-14,4.186942100624902,1
1991-02-15,4.34798002253042,1
1991-02-19,4.341273784737451,1
1991-02-20,4.294300556282861,1
1991-02-21,4.314431667427881,1
1991-02-22,4.321139812569482,1
1991-02-25,4.415078163246973,1
1991-02-26,4.341273784737451,1
1991-02-27,4.421790599922998,1
1991-02-28,4.408370018105371,1
1991-03-01,4.401657581429346,1
1991-03-04,4.354691028694971,1
1991-03-05,4.475466251473291,1
1991-03-06,4.703602314095361,1
1991-03-07,4.851220607857568,1
1991-03-08,4.817670822243555,1
1991-03-11,4.737152099709375,1
1991-03-12,4.696893215279443,1
1991-03-13,4.777409553627832,1
1991-03-14,4.925028324227197,1
1991-03-15,5.025674343209131,1
1991-03-18,4.978708267311914,1
1991-03-19,4.864636421303613,1
1991-03-20,4.831087589363916,1
1991-03-21,4.837802410225732,1
1991-03-22,4.904897213082178,1
1991-03-25,5.099483013253076,1
1991-03-26,5.240390777687891,1
1991-03-27,5.193424224953516,-1
1991-03-28,5.1464524270104,-1
1991-04-01,5.065932750801904,-1
1991-04-02,5.1799983979271484,-1
1991-04-03,5.173291206459863,-1
1991-04-04,5.092771530251367,-1
1991-04-05,5.0122551919029785,-1
1991-04-08,5.200131416420801,-1
1991-04-09,5.1330318451927734,-1
1991-04-10,5.106189727883203,-1
1991-04-11,5.226970195870264,-1
1991-04-12,5.247099876503809,-1
1991-04-15,5.206841945748193,-1
1991-04-16,5.381296634774072,-1
1991-04-17,5.341038704018457,-1
1991-04-18,5.280649662117822,-1
1991-04-19,5.220261097054346,-1
1991-04-22,5.1799983979271484,-1
1991-04-23,5.139742851357324,-1
1991-04-24,5.039091110329492,-1
1991-04-25,5.099483013253076,-1
1991-04-26,5.092771530251367,-1
1991-04-29,5.086063385109766,1
1991-04-30,5.072642803292139,1
1991-05-01,5.166583061318262,1
1991-05-02,5.059224605660303,1
1991-05-03,5.059224605660303,1
1991-05-06,5.045805931191309,1
1991-05-07,5.052515030007227,1
1991-05-08,5.025674343209131,1
1991-05-09,5.112903595070703,1
1991-05-10,5.0055437089012695,1
1991-05-13,4.992125034432275,1
1991-05-14,4.9585771561668945,1
1991-05-15,4.926227569680078,1
1991-05-16,4.959924221138818,1
1991-05-17,4.8520989419029785,1
1991-05-20,4.919487953286035,1
1991-05-21,5.047531604866846,1
1991-05-22,5.081226825814111,1
1991-05-23,5.047531604866846,1
1991-05-24,4.993618488411768,1
1991-05-28,5.0879645348595215,1
1991-05-29,5.047531604866846,1
1991-05-30,4.959924221138818,1
1991-05-31,4.885793209175928,1
1991-06-03,4.764491081337793,1
1991-06-04,4.784708023171289,1
1991-06-05,4.771230220894678,1
1991-06-06,4.764491081337793,1
1991-06-07,4.676883697609766,1
1991-06-10,4.676883697609766,1
1991-06-11,4.683623790840967,1
1991-06-12,4.5960164071129395,1
1991-06-13,4.575800895790918,1
1991-06-14,4.609493732552393,1
1991-06-17,4.5960164071129395,1
1991-06-18,4.569059372048242,1
1991-06-19,4.508411407570703,1
1991-06-20,4.575800895790918,1
1991-06-21,4.609493732552393,1
1991-06-24,4.528626918892725,1
1991-06-25,4.51515007029043,1
1991-06-26,4.467976093392236,1
1991-06-27,4.535367965798242,1
1991-06-28,4.501672744850977,1
1991-07-01,4.555582523445947,1
1991-07-02,4.47471284876333,1
1991-07-03,4.420801162819727,1
1991-07-05,4.555582523445947,1
1991-07-08,4.5892767907188965,1
1991-07-09,4.616233825783594,1
1991-07-10,4.663409233193262,1
1991-07-11,4.697102069954736,1
1991-07-12,4.703840255837305,1
1991-07-15,4.683623790840967,1
1991-07-16,4.724058151345117,1
1991-07-17,4.663409233193262,1
1991-07-18,4.737536907296045,1
1991-07-19,4.724058151345117,1
1991-07-22,4.730798244576318,1
1991-07-23,4.697102069954736,1
1991-07-24,4.676883697609766,1
1991-07-25,4.717319488625391,1
1991-07-26,4.737536907296045,1
1991-07-29,4.838623046975,1
1991-07-30,4.899270534615381,1
1991-07-31,4.939708709816797,1
1991-08-01,4.906010151009424,1
1991-08-02,4.932967186074121,1
1991-08-05,4.912749767403467,1
1991-08-06,4.986880302529199,1
1991-08-07,5.000360012154443,1
1991-08-08,4.966662883858545,1
1991-08-09,4.973400592903955,1
1991-08-12,4.932967186074121,1
1991-08-13,4.973400592903955,1
1991-08-14,4.920610427956445,1
1991-08-15,4.934145927529199,1
1991-08-16,4.832618713478906,1
1991-08-19,4.710789680580957,1
1991-08-20,4.724325180153711,1
1991-08-21,4.893535137276514,1
1991-08-22,4.934145927529199,1
1991-08-23,4.988290786843164,1
1991-08-26,5.001826286415918,1
1991-08-27,4.974757671456201,1
1991-08-28,5.028903961281641,1
1991-08-29,5.035669803719385,1
1991-08-30,5.028903961281641,1
1991-09-03,4.9815239907311035,1
1991-09-04,4.934145927529199,1
1991-09-05,4.893535137276514,1
1991-09-06,4.866462707619531,1
1991-09-09,4.839386940102441,1
1991-09-10,4.792011261086328,1
1991-09-11,4.778474807839258,1
1991-09-12,4.866462707619531,1
1991-09-13,4.825852394204004,1
1991-09-16,4.886769771675928,1
1991-09-17,4.8596906662987305,1
1991-09-18,4.839386940102441,1
1991-09-19,4.852924347023828,1
1991-09-20,4.7987775803612305,1
1991-09-23,4.819082737068994,1
1991-09-24,4.907073974709375,1
1991-09-25,4.8596906662987305,1
1991-09-26,4.846155643563135,1
1991-09-27,4.792011261086328,1
1991-09-30,4.785238742928369,1
1991-10-01,4.805548191170557,1
1991-10-02,4.737863540749414,1
1991-10-03,4.717557907204492,1
1991-10-04,4.69725227365957,1
1991-10-07,4.690486908058984,1
1991-10-08,4.704023361306055,1
1991-10-09,4.670180797676904,1
1991-10-10,4.676947116951807,1
1991-10-11,4.676947116951807,1
1991-10-14,4.710789680580957,1
1991-10-15,4.7581658364342285,1
1991-10-16,4.7987775803612305,1
1991-10-17,4.866462707619531,1
1991-10-18,4.927376747231348,1
1991-10-21,4.812316417794092,1
1991-10-22,5.04920768747793,1
1991-10-23,5.103353500466211,1
1991-10-24,5.028903961281641,1
1991-10-25,5.028903961281641,1
1991-10-28,5.116890907387598,1
1991-10-29,5.15073299417959,1
1991-10-30,5.157503604988916,1
1991-10-31,5.15073299417959,1
1991-11-01,5.164271354775293,1
1991-11-04,5.231952667336328,1
1991-11-05,5.211648941140039,1
1991-11-06,5.191343784432275,1
1991-11-07,5.204880237679346,1
1991-11-08,5.1981120110558106,1
1991-11-11,5.306405067543848,1
1991-11-12,5.387627124886377,1
1991-11-13,5.3346171380089356,1
1991-11-14,5.37539529810415,1
1991-11-15,5.123952388863428,1
1991-11-18,5.25986909876333,1
1991-11-19,5.1783199311302734,1
1991-11-20,5.123952388863428,1
1991-11-21,5.1783199311302734,1
1991-11-22,5.1579341889427734,1
1991-11-25,5.123952388863428,1
1991-11-26,5.110362529854639,1
1991-11-27,5.205503940682275,1
1991-11-29,5.239480018715723,1
1991-12-02,5.368595600228174,1
1991-12-03,5.416166305641992,1
1991-12-04,5.504515171151025,1
1991-12-05,5.436557293038232,1
1991-12-06,5.57926607141958,1
1991-12-09,5.4909210206078125,1
1991-12-10,5.6744065285729,1
1991-12-11,5.57926607141958,1
1991-12-12,5.640427112679346,1
1991-12-13,5.681199550728662,1
1991-12-16,5.776340007881982,1
1991-12-17,5.7967281342552734,-1
1991-12-18,5.776340007881982,-1
1991-12-19,5.7967281342552734,-1
1991-12-20,5.898660183052881,-1
1991-12-23,6.020985126595361,-1
1991-12-24,6.007397174935205,-1
1991-12-26,6.1161251069115234,-1
1991-12-27,6.184081554512842,-1
1991-12-30,6.279221057991846,-1
1991-12-31,6.224855899910791,-1
1992-01-02,6.102532863716943,-1
1992-01-03,6.075349807839258,-1
1992-01-06,6.1297173501061035,-1
1992-01-07,6.211266040902002,-1
1992-01-08,6.326789379219873,-1
1992-01-09,6.3132004738854,-1
1992-01-10,6.252037048439844,-1
1992-01-13,6.252037048439844,-1
1992-01-14,6.177286148171289,-1
1992-01-15,5.8918657303856445,-1
1992-01-16,5.687996864418848,-1
1992-01-17,5.8307061196373535,-1
1992-01-20,5.7083821297691895,-1
1992-01-21,5.660811901192529,-1
1992-01-22,5.844298839669092,-1
1992-01-23,5.7967281342552734,-1
1992-01-24,5.8307061196373535,-1
1992-01-27,5.776340007881982,-1
1992-01-28,5.735565662484033,-1
1992-01-29,5.613244533638818,-1
1992-01-30,5.762747764687402,-1
1992-01-31,5.844298839669092,-1
1992-02-03,5.762747764687402,-1
1992-02-04,5.844298839669092,-1
1992-02-05,5.871480465035303,-1
1992-02-06,5.871480465035303,-1
1992-02-07,5.769543171028955,-1
1992-02-10,5.789931297402246,-1
1992-02-11,5.695799350838525,-1
1992-02-12,5.777653694252832,-1
1992-02-13,5.6139421464012695,-1
1992-02-14,5.511620998482568,-1
1992-02-18,5.327448845009668,-1
1992-02-19,5.38201904306875,-1
1992-02-20,5.4434075356529785,-1
1992-02-21,5.429764270882471,-1
1992-02-24,5.497979641060693,-1
1992-02-25,5.511620998482568,-1
1992-02-26,5.648046016793115,-1
1992-02-27,5.6139421464012695,-1
1992-02-28,5.525267124276025,-1
1992-03-02,5.504801273445947,-1
1992-03-03,5.4434075356529785,-1
1992-03-04,5.3342695237206055,-1
1992-03-05,5.3069844246910645,-1
1992-03-06,5.2455878258751465,-1
1992-03-09,5.347910404305322,-1
1992-03-10,5.272876262764795,-1
1992-03-11,5.252413749794824,-1
1992-03-12,5.238769054512842,-1
1992-03-13,5.238769054512842,-1
1992-03-16,5.3069844246910645,-1
1992-03-17,5.313803672890527,-1
1992-03-18,5.2455878258751465,-1
1992-03-19,5.252413749794824,-1
1992-03-20,5.238769054512842,-1
1992-03-23,5.163734436135156,-1
1992-03-24,5.28651762018667,-1
1992-03-25,5.313803672890527,-1
1992-03-26,5.347910404305322,-1
1992-03-27,5.252413749794824,-1
1992-03-30,5.218305587868555,-1
1992-03-31,5.320623874764307,-1
1992-04-01,5.354728698830469,-1
1992-04-02,5.293339252571924,-1
1992-04-03,5.375194549660547,-1
1992-04-06,5.327448845009668,-1
1992-04-07,5.2319464684532715,-1
1992-04-08,5.25923490534292,-1
1992-04-09,5.327448845009668,-1
1992-04-10,5.497979641060693,-1
1992-04-13,5.511620998482568,-1
1992-04-14,5.579833507637842,-1
1992-04-15,5.484337329964502,-1
1992-04-16,5.422945976357324,-1
1992-04-20,5.279698371987207,-1
1992-04-21,5.238769054512842,-1
1992-04-22,5.075057029824121,1
1992-04-23,4.9590959549950195,1
1992-04-24,5.027308464150293,1
1992-04-27,5.109164714913232,1
1992-04-28,5.1432695389793945,1
1992-04-29,5.156912803749902,1
1992-04-30,5.177379608254297,1
1992-05-01,5.225128173928125,1
1992-05-04,5.313803672890527,-1
1992-05-05,5.300159454445703,1
1992-05-06,5.184200286965234,1
1992-05-07,5.225128173928125,1
1992-05-08,5.2046637536095215,1
1992-05-11,5.272876262764795,1
1992-05-12,5.184200286965234,-1
1992-05-13,5.216278076271875,-1
1992-05-14,5.140878677468164,-1
1992-05-15,5.106605529885156,-1
1992-05-18,5.147731781105859,1
1992-05-19,5.223134517769678,-1
1992-05-20,5.161440849404199,-1
1992-05-21,5.1545867920921875,1
1992-05-22,5.202571392159326,1
1992-05-26,5.051768779854639,1
1992-05-27,5.1751532555626465,1
1992-05-28,5.33280611048208,1
1992-05-29,5.312239647011621,1
1992-06-01,5.37393045435415,0
1992-06-02,5.065476894478662,0
1992-06-03,4.942098140816553,0
1992-06-04,4.935244560341699,1
1992-06-05,4.942098140816553,1
1992-06-08,4.962658882241113,1
1992-06-09,4.948954105477197,1
1992-06-10,4.825571537117822,1
1992-06-11,4.948954105477197,1
1992-06-12,4.935244560341699,1
1992-06-15,4.852992534737451,1
1992-06-16,4.839282035927637,1
1992-06-17,4.729607105355127,1
1992-06-18,4.798153877358301,1
1992-06-19,4.866698265175684,1
1992-06-22,4.948954105477197,1
1992-06-23,4.921533107857568,1
1992-06-24,4.798153877358301,1
1992-06-25,4.798153877358301,1
1992-06-26,4.907822609047754,1
1992-06-29,4.990081787209375,1
1992-06-30,4.907822609047754,1
1992-07-01,5.003786087136133,1
1992-07-02,5.003786087136133,1
1992-07-06,5.127169132332666,1
1992-07-07,5.072333335976465,1
1992-07-08,5.182004928688867,1
1992-07-09,5.168295383553369,1
1992-07-10,5.140878677468164,1
1992-07-13,5.140878677468164,1
1992-07-14,5.072333335976465,1
1992-07-15,5.0997514725731445,1
1992-07-16,5.127169132332666,1
1992-07-17,5.0860419274376465,1
1992-07-20,5.031207084755762,1
1992-07-21,5.003786087136133,1
1992-07-22,5.04491662989126,1
1992-07-23,5.017498016457422,1
1992-07-24,5.04491662989126,1
1992-07-27,5.168295383553369,1
1992-07-28,5.346511364083154,1
1992-07-29,5.37393045435415,1
1992-07-30,5.442475319008691,1
1992-07-31,5.401349067787988,-1
1992-08-03,5.483603477578027,-1
1992-08-04,5.4561848641441895,-1
1992-08-05,5.4561848641441895,-1
1992-08-06,5.4561848641441895,-1
1992-08-07,5.469892978768213,-1
1992-08-10,5.469892978768213,-1
1992-08-11,5.387639045815332,-1
1992-08-12,5.3578925133751465,-1
1992-08-13,5.344116687874658,-1
1992-08-14,5.468076229195459,-1
1992-08-17,5.564491272072656,-1
1992-08-18,5.605815887551172,-1
1992-08-19,5.578269004921777,-1
1992-08-20,5.536947727303369,-1
1992-08-21,5.330344200234277,-1
1992-08-24,5.412982940773828,1
1992-08-25,5.412982940773828,1
1992-08-26,5.564491272072656,1
1992-08-27,5.550718307595117,-1
1992-08-28,5.509399890999658,-1
1992-08-31,5.440529823403223,-1
1992-09-01,5.550718307595117,-1
1992-09-02,5.564491272072656,-1
1992-09-03,5.798638820748193,-1
1992-09-04,5.771096229653223,-1
1992-09-08,5.784868240456445,-1
1992-09-09,5.729772091011865,-1
1992-09-10,5.771096229653223,-1
1992-09-11,5.702225685219629,-1
1992-09-14,5.702225685219629,-1
1992-09-15,5.564491272072656,-1
1992-09-16,5.605815887551172,-1
1992-09-17,5.564491272072656,-1
1992-09-18,5.660905838112695,-1
1992-09-21,5.660905838112695,-1
1992-09-22,5.578269004921777,-1
1992-09-23,5.6195831299828125,-1
1992-09-24,5.564491272072656,-1
1992-09-25,5.247702598671777,-1
1992-09-28,5.233928680519922,-1
1992-09-29,5.247702598671777,-1
1992-09-30,5.1926069260643555,-1
1992-10-01,5.151288032631738,-1
1992-10-02,5.054874897103174,-1
1992-10-05,5.06864595423208,-1
1992-10-06,4.958458423714502,-1
1992-10-07,5.013553142647607,-1
1992-10-08,5.178836822609766,-1
1992-10-09,5.151288032631738,-1
1992-10-12,5.302797794442041,-1
1992-10-13,5.302797794442041,-1
1992-10-14,5.289021015267236,-1
1992-10-15,5.399210453133447,-1
1992-10-16,5.371662139992578,-1
1992-10-19,5.371662139992578,-1
1992-10-20,5.426757335762842,-1
1992-10-21,5.550718307595117,-1
1992-10-22,5.536947727303369,-1
1992-10-23,5.426757335762842,-1
1992-10-26,5.468076229195459,-1
1992-10-27,5.412982940773828,-1
1992-10-28,5.454300880532129,-1
1992-10-29,5.468076229195459,-1
1992-10-30,5.509399890999658,-1
1992-11-02,5.592036724190576,-1
1992-11-03,5.481851101021631,-1
1992-11-04,5.412982940773828,-1
1992-11-05,5.31656551371084,-1
1992-11-06,5.412982940773828,-1
1992-11-09,5.426757335762842,-1
1992-11-10,5.466055870156152,-1
1992-11-11,5.576764106850488,-1
1992-11-12,5.5905985833214356,-1
1992-11-13,5.521409034829004,-1
1992-11-16,5.507572174172266,-1
1992-11-17,5.521409034829004,-1
1992-11-18,5.576764106850488,-1
1992-11-19,5.562924862007959,-1
1992-11-20,5.5905985833214356,-1
1992-11-23,5.562924862007959,-1
1992-11-24,5.687466621498926,-1
1992-11-25,5.687466621498926,-1
1992-11-27,5.64594841013418,-1
1992-11-30,5.576764106850488,-1
1992-12-01,5.576764106850488,-1
1992-12-02,5.535248279671533,-1
1992-12-03,5.562924862007959,-1
1992-12-04,5.659789085488184,-1
1992-12-07,5.756656646828516,-1
1992-12-08,5.756656646828516,-1
1992-12-09,5.67362642298208,-1
1992-12-10,5.701309681038721,-1
1992-12-11,5.64594841013418,-1
1992-12-14,5.67362642298208,-1
1992-12-15,5.659789085488184,-1
1992-12-16,5.715144634346826,-1
1992-12-17,5.839685917000635,-1
1992-12-18,5.964228630165918,-1
1992-12-21,5.908877849678857,-1
1992-12-22,5.88120174417959,-1
1992-12-23,5.715144634346826,-1
1992-12-24,5.701309681038721,-1
1992-12-28,5.604441166024072,-1
1992-12-29,5.576764106850488,-1
1992-12-30,5.61827278147207,-1
1992-12-31,5.5905985833214356,-1
1993-01-04,5.479894161324365,-1
1993-01-05,5.355353355507715,-1
1993-01-06,5.189295292000635,-1
1993-01-07,5.050912857155664,-1
1993-01-08,5.175457000832422,-1
1993-01-11,5.175457000832422,-1
1993-01-12,5.189295292000635,-1
1993-01-13,5.175457000832422,-1
1993-01-14,5.120102882485254,-1
1993-01-15,5.189295292000635,-1
1993-01-18,5.175457000832422,-1
1993-01-19,5.023235321144922,-1
1993-01-20,5.064752101998193,-1
1993-01-21,5.0924272538231445,-1
1993-01-22,5.078590393166406,-1
1993-01-25,4.981723308663232,-1
1993-01-26,4.829502582650049,1
1993-01-27,4.898696422676904,1
1993-01-28,4.857182502846582,1
1993-01-29,4.871018886666162,1
1993-02-01,4.871018886666162,1
1993-02-02,4.815665245156152,-1
1993-02-03,5.009396553139551,-1
1993-02-04,5.050912857155664,-1
1993-02-05,4.981723308663232,-1
1993-02-08,4.967884063820703,-1
1993-02-09,4.965660095314844,-1
1993-02-10,5.06302547464834,-1
1993-02-11,5.007389068703516,-1
1993-02-12,5.007389068703516,-1
1993-02-16,4.743106365303857,-1
1993-02-17,4.673560619454248,-1
1993-02-18,4.61792516718374,-1
1993-02-19,4.5205583573387695,-1
1993-02-22,4.353647232155664,-1
1993-02-23,4.4649224282311035,-1
1993-02-24,4.70137882242666,-1
1993-02-25,4.631833553414209,-1
1993-02-26,4.7291998864220215,-1
1993-03-01,4.77092981348501,-1
1993-03-02,4.840475559334619,-1
1993-03-03,4.7291998864220215,-1
1993-03-04,4.604015350441797,-1
1993-03-05,4.492738247017725,-1
1993-03-08,4.71528959284292,1
1993-03-09,4.798746585945947,1
1993-03-10,4.979567051033838,1
1993-03-11,4.910023212532861,1
1993-03-12,4.854383945565088,1
1993-03-15,4.840475559334619,-1
1993-03-16,4.673560619454248,-1
1993-03-17,4.492738247017725,-1
1993-03-18,4.478830337624414,-1
1993-03-19,4.367555141548975,-1
1993-03-22,4.3953752518700195,-1
1993-03-23,4.5205583573387695,-1
1993-03-24,4.3953752518700195,-1
1993-03-25,4.5622878075646,-1
1993-03-26,4.3953752518700195,-1
1993-03-29,4.451011657814844,-1
1993-03-30,4.673560619454248,-1
1993-03-31,4.743106365303857,-1
1993-04-01,4.534468174080713,-1
1993-04-02,4.4649224282311035,-1
1993-04-05,4.604015350441797,-1
1993-04-06,4.451011657814844,-1
1993-04-07,4.42319393167959,-1
1993-04-08,4.284099102120264,-1
1993-04-12,4.451011657814844,-1
1993-04-13,4.381463527779443,-1
1993-04-14,4.367555141548975,-1
1993-04-15,4.311917305092676,-1
1993-04-16,4.381463527779443,-1
1993-04-19,4.61792516718374,-1
1993-04-20,4.7291998864220215,-1
1993-04-21,4.70137882242666,-1
1993-04-22,4.5205583573387695,-1
1993-04-23,4.4371018410729,-1
1993-04-26,4.409284591774805,-1
1993-04-27,4.757017135720117,-1
1993-04-28,4.743106365303857,-1
1993-04-29,4.71528959284292,-1
1993-04-30,4.854383945565088,-1
1993-05-03,4.993476867775781,-1
1993-05-04,4.896112442116602,-1
1993-05-05,4.965660095314844,-1
1993-05-06,4.854383945565088,-1
1993-05-07,4.812653541664941,-1
1993-05-10,4.882204055886133,-1
1993-05-11,4.993476867775781,-1
1993-05-12,4.868683338265283,-1
1993-05-13,4.742767334084375,-1
1993-05-14,4.840703010659082,-1
1993-05-17,4.896666050057275,-1
1993-05-18,4.896666050057275,-1
1993-05-19,5.022578239540918,-1
1993-05-20,5.092531204323633,-1
1993-05-21,5.0505595208214356,-1
1993-05-24,5.0505595208214356,-1
1993-05-25,4.994596481423242,-1
1993-05-26,5.0785369874046875,-1
1993-05-27,4.952625751595361,-1
1993-05-28,4.994596481423242,-1
1993-06-01,5.008584499459131,-1
1993-06-02,4.952625751595361,-1
1993-06-03,4.8826751709984375,-1
1993-06-04,4.798732280831201,-1
1993-06-07,4.798732280831201,-1
1993-06-08,4.812720775704248,-1
1993-06-09,4.8546929360436035,-1
1993-06-10,4.980607032875879,-1
1993-06-11,5.008584499459131,-1
1993-06-14,5.022578239540918,-1
1993-06-15,5.036569118599756,-1
1993-06-16,5.064547062020166,-1
1993-06-17,5.120511531929834,-1
1993-06-18,4.798732280831201,-1
1993-06-21,4.7567596436546875,-1
1993-06-22,4.64483642588125,-1
1993-06-23,4.588874340157373,-1
1993-06-24,4.68680477152334,-1
1993-06-25,4.700799465279443,-1
1993-06-28,4.616856098275049,-1
1993-06-29,4.700799465279443,-1
1993-06-30,4.64483642588125,-1
1993-07-01,4.518923759560449,-1
1993-07-02,4.462961673836572,-1
1993-07-06,4.434980392556055,-1
1993-07-07,4.434980392556055,-1
1993-07-08,4.490941524605615,-1
1993-07-09,4.448970794777734,-1
1993-07-12,4.462961673836572,-1
1993-07-13,4.546902179818018,-1
1993-07-14,4.53291130075918,-1
1993-07-15,4.434980392556055,-1
1993-07-16,4.393009185891016,-1
1993-07-19,4.420988082985742,-1
1993-07-20,4.448970794777734,-1
1993-07-21,4.281082630257471,-1
1993-07-22,4.253101825814111,-1
1993-07-23,4.295074939827783,-1
1993-07-26,4.281082630257471,-1
1993-07-27,4.253101825814111,-1
1993-07-28,4.211131572823389,-1
1993-07-29,4.113198280434473,-1
1993-07-30,4.0852179528282715,-1
1993-08-02,4.183150291542871,-1
1993-08-03,4.225120544533594,-1
1993-08-04,4.211131572823389,-1
1993-08-05,4.141178608040674,-1
1993-08-06,4.197141170601709,1
1993-08-09,4.113198280434473,1
1993-08-10,4.0852179528282715,1
1993-08-11,4.015888691048486,1
1993-08-12,4.100435257058008,1
1993-08-13,4.156796932320459,1
1993-08-16,4.1990718842552734,1
1993-08-17,4.339977741341455,1
1993-08-18,4.509072303871973,1
1993-08-19,4.551344871620996,1
1993-08-20,4.62179708490835,1
1993-08-23,4.551344871620996,1
1993-08-24,4.509072303871973,1
1993-08-25,4.480890274147852,1
1993-08-26,4.551344871620996,1
1993-08-27,4.551344871620996,1
1993-08-30,4.565431594948633,1
1993-08-31,4.5936150551842285,1
1993-09-01,4.551344871620996,1
1993-09-02,4.607706070046289,1
1993-09-03,4.494978904824121,1
1993-09-07,4.438614368538721,1
1993-09-08,4.325889587502344,1
1993-09-09,4.368162632088525,1
1993-09-10,4.368162632088525,1
1993-09-13,4.354068756203516,1
1993-09-14,4.438614368538721,1
1993-09-15,4.396341800789697,1
1993-09-16,4.368162632088525,1
1993-09-17,4.4104323388146,1
1993-09-20,4.269524574379785,1
1993-09-21,4.382251739601953,1
1993-09-22,4.424525737862451,1
1993-09-23,4.466800212960107,1
1993-09-24,4.4104323388146,1
1993-09-27,4.466800212960107,1
1993-09-28,4.424525737862451,1
1993-09-29,4.452706813912256,1
1993-09-30,4.438614368538721,1
1993-10-01,4.4104323388146,1
1993-10-04,4.354068756203516,1
1993-10-05,4.452706813912256,1
1993-10-06,4.438614368538721,1
1993-10-07,4.466800212960107,1
1993-10-08,4.438614368538721,1
1993-10-11,4.494978904824121,1
1993-10-12,4.509072303871973,1
1993-10-13,4.537250995735986,1
1993-10-14,4.5936150551842285,1
1993-10-15,4.649977207283838,1
1993-10-18,4.692248344521387,1
1993-10-19,4.664066314797266,1
1993-10-20,4.748612880806787,1
1993-10-21,4.804976940255029,1
1993-10-22,4.706344127755029,1
1993-10-25,4.734524250130518,1
1993-10-26,4.678160667519434,1
1993-10-27,4.692248344521387,-1
1993-10-28,4.706344127755029,-1
1993-10-29,4.748612880806787,-1
1993-11-01,4.819066047768457,-1
1993-11-02,4.819066047768457,-1
1993-11-03,4.819066047768457,-1
1993-11-04,4.776796341042383,-1
1993-11-05,4.804976940255029,-1
1993-11-08,4.861342430214746,0
1993-11-09,4.862475872139795,0
1993-11-10,4.933355808358057,0
1993-11-11,4.89082670221792,0
1993-11-12,4.9191789628075195,0
1993-11-15,4.947534561257227,-1
1993-11-16,5.018415451149805,-1
1993-11-17,4.975884914498193,-1
1993-11-18,5.046769619088037,-1
1993-11-19,5.046769619088037,-1
1993-11-22,5.075118064980371,-1
1993-11-23,5.1176509858177734,-1
1993-11-24,5.075118064980371,-1
1993-11-26,5.004237651924951,-1
1993-11-29,5.018415451149805,-1
1993-11-30,4.947534561257227,-1
1993-12-01,4.990061283211572,-1
1993-12-02,5.018415451149805,-1
1993-12-03,5.075118064980371,-1
1993-12-06,5.146002292733057,-1
1993-12-07,5.1176509858177734,-1
1993-12-08,5.146002292733057,-1
1993-12-09,5.018415451149805,-1
1993-12-10,4.933355808358057,-1
1993-12-13,4.876648902993066,-1
1993-12-14,4.834122181038721,-1
1993-12-15,4.905002594094141,-1
1993-12-16,4.876648902993066,-1
1993-12-17,4.89082670221792,-1
1993-12-20,4.834122181038721,-1
1993-12-21,4.834122181038721,-1
1993-12-22,4.862475872139795,-1
1993-12-23,4.933355808358057,-1
1993-12-27,5.032593250374658,-1
1993-12-28,5.06094217310415,-1
1993-12-29,5.075118064980371,-1
1993-12-30,5.103471279244287,-1
1993-12-31,5.089295864205225,-1
1994-01-03,5.131825924019678,-1
1994-01-04,5.1176509858177734,-1
1994-01-05,5.103471279244287,-1
1994-01-06,5.004237651924951,-1
1994-01-07,5.06094217310415,-1
1994-01-10,5.160179138283594,-1
1994-01-11,5.046769619088037,-1
1994-01-12,5.032593250374658,-1
1994-01-13,4.961709499459131,-1
1994-01-14,4.961709499459131,-1
1994-01-17,5.004237651924951,-1
1994-01-18,4.947534561257227,-1
1994-01-19,4.862475872139795,-1
1994-01-20,4.720711708168848,-1
1994-01-21,4.74906587610708,-1
1994-01-24,4.578948497872217,-1
1994-01-25,4.635653972725732,-1
1994-01-26,4.74906587610708,-1
1994-01-27,4.805771350960596,-1
1994-01-28,4.819943428139551,-1
1994-01-31,4.805771350960596,-1
1994-02-01,4.777414798836572,-1
1994-02-02,4.834122181038721,-1
1994-02-03,4.805771350960596,-1
1994-02-04,4.763240814308984,-1
1994-02-07,4.720711708168848,-1
1994-02-08,4.834122181038721,-1
1994-02-09,4.749682426552637,-1
1994-02-10,4.721156597237451,-1
1994-02-11,4.778212070565088,-1
1994-02-14,4.806734562020166,-1
1994-02-15,4.8210015297936035,-1
1994-02-16,4.763945579628809,-1
1994-02-17,4.706892490486963,-1
1994-02-18,4.73541784296499,-1
1994-02-22,4.706892490486963,-1
1994-02-23,4.678365707497461,-1
1994-02-24,4.621316909890039,-1
1994-02-25,4.635576248268945,-1
1994-02-28,4.5785231591271,-1
1994-03-01,4.607050895790918,-1
1994-03-02,4.59278678904043,-1
1994-03-03,4.535734176735742,-1
1994-03-04,4.535734176735742,-1
1994-03-07,4.5214715004967285,1
1994-03-08,4.535734176735742,1
1994-03-09,4.5785231591271,1
1994-03-10,4.5214715004967285,1
1994-03-11,4.5214715004967285,1
1994-03-14,4.535734176735742,1
1994-03-15,4.549997806649072,1
1994-03-16,4.5072078705833984,1
1994-03-17,4.492943286995752,1
1994-03-18,4.5072078705833984,1
1994-03-21,4.5072078705833984,1
1994-03-22,4.464415550331934,1
1994-03-23,4.393101215462549,1
1994-03-24,4.4073615075157715,1
1994-03-25,4.4073615075157715,1
1994-03-28,4.435890197853906,1
1994-03-29,4.336049556832178,1
1994-03-30,4.236204624276025,1
1994-03-31,4.307520866494043,1
1994-04-04,4.2076778412865234,1
1994-04-05,4.236204624276025,1
1994-04-06,4.193417549233301,1
1994-04-07,4.236204624276025,1
1994-04-08,4.264730930428369,1
1994-04-11,4.421627998452051,1
1994-04-12,4.5072078705833984,1
1994-04-13,4.535734176735742,1
1994-04-14,4.45015287409292,1
1994-04-15,4.4786810875938965,1
1994-04-18,4.435890197853906,1
1994-04-19,4.607050895790918,1
1994-04-20,4.621316909890039,1
1994-04-21,4.66410493860708,1
1994-04-22,4.59278678904043,1
1994-04-25,4.5785231591271,1
1994-04-26,4.59278678904043,1
1994-04-28,4.749682426552637,1
1994-04-29,4.721156597237451,1
1994-05-02,4.792474269966943,1
1994-05-03,4.749682426552637,1
1994-05-04,4.763945579628809,1
1994-05-05,4.721156597237451,1
1994-05-06,4.649839878182275,1
1994-05-09,4.649839878182275,1
1994-05-10,4.749682426552637,1
1994-05-11,4.869186878304346,1
1994-05-12,4.826096057991846,1
1994-05-13,4.883548736672266,1
1994-05-16,4.9122748375938965,1
1994-05-17,4.969729423622949,1
1994-05-18,4.969729423622949,1
1994-05-19,4.98409366617666,1
1994-05-20,4.969729423622949,1
1994-05-23,5.027182579140527,1
1994-05-24,5.012820243935449,1
1994-05-25,5.055911541085107,1
1994-05-26,5.070273399453027,1
1994-05-27,5.1133646966026856,1
1994-05-31,5.084638595681055,1
1994-06-01,5.055911541085107,1
1994-06-02,5.027182579140527,1
1994-06-03,5.027182579140527,1
1994-06-06,4.9122748375938965,1
1994-06-07,4.998458385567529,1
1994-06-08,4.98409366617666,1
1994-06-09,5.041548729042871,1
1994-06-10,4.98409366617666,1
1994-06-13,5.012820243935449,1
1994-06-14,5.027182579140527,1
1994-06-15,4.98409366617666,1
1994-06-16,5.027182579140527,1
1994-06-17,5.012820243935449,1
1994-06-20,5.012820243935449,1
1994-06-21,5.041548729042871,1
1994-06-22,4.98409366617666,1
1994-06-23,4.969729423622949,1
1994-06-24,4.897914409737451,1
1994-06-27,4.9122748375938965,1
1994-06-28,4.969729423622949,1
1994-06-29,4.998458385567529,1
1994-06-30,4.926639556984766,1
1994-07-01,4.926639556984766,1
1994-07-05,4.9122748375938965,1
1994-07-06,4.869186878304346,1
1994-07-07,4.883548736672266,1
1994-07-08,4.9122748375938965,1
1994-07-11,4.941001892189844,1
1994-07-12,4.897914409737451,1
1994-07-13,4.869186878304346,1
1994-07-14,4.941001892189844,1
1994-07-15,5.027182579140527,1
1994-07-18,5.012820243935449,1
1994-07-19,5.012820243935449,1
1994-07-20,5.14208984385,1
1994-07-21,5.328813076119287,1
1994-07-22,5.213906288246973,1
1994-07-25,5.3719048501061035,1
1994-07-26,5.357540607552393,1
1994-07-27,5.443721771340234,1
1994-07-28,5.400629997353418,1
1994-07-29,5.400629997353418,1
1994-08-01,5.400629997353418,1
1994-08-02,5.414995193581445,1
1994-08-03,5.515539646248682,1
1994-08-04,5.572991371254785,1
1994-08-05,5.5011773110436035,1
1994-08-08,5.472449779610498,1
1994-08-09,5.5011773110436035,1
1994-08-10,5.606958866219385,1
1994-08-11,5.520248890023096,1
1994-08-12,5.621407985787256,1
1994-08-15,5.722564220528467,1
1994-08-16,5.722564220528467,1
1994-08-17,5.693661213021143,1
1994-08-18,5.563601493935449,1
1994-08-19,5.664762497048242,1
1994-08-22,5.67921257029043,1
1994-08-23,5.621407985787256,1
1994-08-24,5.693661213021143,1
1994-08-25,5.664762497048242,1
1994-08-26,5.722564220528467,1
1994-08-29,5.722564220528467,1
1994-08-30,5.67921257029043,1
1994-08-31,5.79481840143667,1
1994-09-01,5.838169098000391,1
1994-09-02,5.79481840143667,1
1994-09-06,5.780365944008691,1
1994-09-07,5.708113670449121,1
1994-09-08,5.765910625557764,1
1994-09-09,5.765910625557764,1
1994-09-12,5.708113670449121,1
1994-09-13,5.737016677956445,1
1994-09-14,5.664762497048242,1
1994-09-15,5.765910625557764,1
1994-09-16,5.765910625557764,1
1994-09-19,5.765910625557764,1
1994-09-20,5.708113670449121,1
1994-09-21,5.708113670449121,1
1994-09-22,5.664762497048242,1
1994-09-23,5.708113670449121,1
1994-09-26,5.67921257029043,1
1994-09-27,5.924877166848047,1
1994-09-28,5.9826812745140625,1
1994-09-29,5.910427570443018,1
1994-09-30,5.9826812745140625,1
1994-10-03,5.939328193764551,1
1994-10-04,5.79481840143667,1
1994-10-05,5.823720932106836,1
1994-10-06,5.838169098000391,1
1994-10-07,5.881526470284326,1
1994-10-10,5.867069721321924,1
1994-10-11,6.0260329247521,1
1994-10-12,6.0693840981529785,1
1994-10-13,6.098287105660303,1
1994-10-14,6.054935932259424,1
1994-10-17,6.1416425705956055,1
1994-10-18,6.1416425705956055,1
1994-10-19,6.300601482491357,1
1994-10-20,6.343951225380762,1
1994-10-21,6.315053463082178,1
1994-10-24,6.242799282173975,1
1994-10-25,6.271697521309717,1
1994-10-26,6.286147594551904,1
1994-10-27,6.286147594551904,1
1994-10-28,6.372857570748193,1
1994-10-31,6.315053463082178,1
1994-11-01,6.445108890633447,1
1994-11-02,6.4162044526146484,1
1994-11-03,6.300601482491357,1
1994-11-04,6.0838398934410645,1
1994-11-07,6.1416425705956055,1
1994-11-08,6.3351850510643555,1
1994-11-09,6.364243984322412,1
1994-11-10,6.34971284876333,1
1994-11-11,6.277065277199609,1
1994-11-14,6.364243984322412,1
1994-11-15,6.306121826271875,1
1994-11-16,6.306121826271875,1
1994-11-17,6.2915940285729,1
1994-11-18,6.393299579720361,1
1994-11-21,6.277065277199609,1
1994-11-22,6.1317596436546875,1
1994-11-23,6.160821437935693,1
1994-11-25,6.146288871865137,1
1994-11-28,6.20441198358999,1
1994-11-29,6.20441198358999,1
1994-11-30,6.20441198358999,1
1994-12-01,6.218939781288965,1
1994-12-02,6.248002529244287,1
1994-12-05,6.233470440010889,1
1994-12-06,6.233470440010889,1
1994-12-07,6.218939781288965,1
1994-12-08,6.1172285080956055,1
1994-12-09,6.160821437935693,1
1994-12-12,6.189879417519434,1
1994-12-13,6.20441198358999,1
1994-12-14,6.320653438668115,1
1994-12-15,6.364243984322412,1
1994-12-16,6.422365665535791,1
1994-12-19,6.436896324257715,1
1994-12-20,6.34971284876333,1
1994-12-21,6.320653438668115,1
1994-12-22,6.34971284876333,1
1994-12-23,6.422365665535791,1
1994-12-27,6.451423645119531,1
1994-12-28,6.407836437325342,1
1994-12-29,6.393299579720361,1
1994-12-30,6.364243984322412,1
1995-01-03,6.3351850510643555,1
1995-01-04,6.393299579720361,1
1995-01-05,6.364243984322412,1
1995-01-06,6.320653438668115,1
1995-01-09,6.248002529244287,1
1995-01-10,6.378775596718652,1
1995-01-11,6.378775596718652,1
1995-01-12,6.320653438668115,1
1995-01-13,6.306121826271875,1
1995-01-16,6.364243984322412,1
1995-01-17,6.393299579720361,1
1995-01-18,6.378775596718652,1
1995-01-19,6.3351850510643555,1
1995-01-20,6.3351850510643555,1
1995-01-23,6.4950127602623535,1
1995-01-24,6.407836437325342,1
1995-01-25,6.364243984322412,1
1995-01-26,6.4950127602623535,1
1995-01-27,6.64031982431875,1
1995-01-30,6.6984405518578125,1
1995-01-31,6.756558418373926,1
1995-02-01,6.59672737131582,1
1995-02-02,6.611258506874902,1
1995-02-03,6.669375419716699,1
1995-02-06,6.712967872719629,1
1995-02-07,6.727500915627344,1
1995-02-08,6.717568397621973,1
1995-02-09,6.629948616127832,1
1995-02-10,6.673759937386377,1
1995-02-13,6.673759937386377,1
1995-02-14,6.659157753090723,1
1995-02-15,6.600740909676416,1
1995-02-16,6.600740909676416,1
1995-02-17,6.49851655970083,1
1995-02-21,6.527726173500879,1
1995-02-22,6.629948616127832,1
1995-02-23,6.659157753090723,1
1995-02-24,6.673759937386377,1
1995-02-27,6.644554615120752,1
1995-02-28,6.629948616127832,1
1995-03-01,6.615347385506494,1
1995-03-02,6.790584564308984,1
1995-03-03,6.746777534584863,1
1995-03-06,6.775981903176172,1
1995-03-07,6.775981903176172,1
1995-03-08,6.790584564308984,1
1995-03-09,6.790584564308984,1
1995-03-10,6.892807960610254,1
1995-03-13,7.038845539193018,1
1995-03-14,7.038845539193018,1
1995-03-15,7.1702728272484375,1
1995-03-16,7.1994805336998535,1
1995-03-17,7.301707744698389,1
1995-03-20,7.243290424446924,1
1995-03-21,7.214087963204248,1
1995-03-22,7.184877872567041,1
1995-03-23,7.141066074471338,1
1995-03-24,7.228686332802637,1
1995-03-27,7.228686332802637,1
1995-03-28,7.214087963204248,1
1995-03-29,7.009639263253076,1
1995-03-30,7.009639263253076,1
1995-03-31,6.951225280861719,1
1995-04-03,6.951225280861719,1
1995-04-04,6.995034217934473,1
1995-04-05,6.969478130440576,1
1995-04-06,6.922018051247461,1
1995-04-07,6.892807960610254,1
1995-04-10,7.009639263253076,1
1995-04-11,7.024242401223047,1
1995-04-12,7.024242401223047,1
1995-04-13,7.1994805336998535,1
1995-04-17,7.068050861458643,1
1995-04-18,7.316308975319727,1
1995-04-19,7.33090877542959,1
1995-04-20,7.360116005043848,1
1995-04-21,7.38932466516958,1
1995-04-24,7.476944923500879,1
1995-04-25,7.4477410317467285,1
1995-04-26,7.491549491982324,1
1995-04-27,7.403926849465234,1
1995-04-28,7.593771457772119,1
1995-05-01,7.579167366127832,1
1995-05-02,7.593771457772119,1
1995-05-03,7.681395053963525,1
1995-05-04,7.725203991036279,1
1995-05-05,7.652186393837793,1
1995-05-08,7.769012928109033,1
1995-05-09,7.769012928109033,1
1995-05-10,7.822437286476953,1
1995-05-11,7.925172329048975,1
1995-05-12,7.602290153603418,1
1995-05-15,7.470202922921045,1
1995-05-16,7.455526828865869,1
1995-05-17,7.543587684731348,1
1995-05-18,7.279414653878076,1
1995-05-19,7.352799415688379,1
1995-05-22,7.470202922921045,1
1995-05-23,7.602290153603418,1
1995-05-24,7.631644249062402,1
1995-05-25,7.616966247658594,1
1995-05-26,7.528909683327539,1
1995-05-30,7.528909683327539,1
1995-05-31,7.76373291025625,1
1995-06-01,7.807758331398828,1
1995-06-02,7.734377384285791,1
1995-06-05,7.734377384285791,1
1995-06-06,7.793086052040918,1
1995-06-07,7.778405666451318,1
1995-06-08,7.793086052040918,1
1995-06-09,7.76373291025625,1
1995-06-12,7.778405666451318,1
1995-06-13,7.925172329048975,1
1995-06-14,8.013224601845605,1
1995-06-15,7.954523086647852,1
1995-06-16,8.071931839089258,1
1995-06-19,8.130634307961328,1
1995-06-20,8.02790355692373,1
1995-06-21,8.17466926584707,1
1995-06-22,8.350780487160547,1
1995-06-23,8.350780487160547,0
1995-06-26,8.159990310768945,0
1995-06-27,7.939846038918359,0
1995-06-28,8.013224601845605,0
1995-06-29,8.02790355692373,0
1995-06-30,7.925172329048975,0
1995-07-03,7.947186470131738,0
1995-07-05,7.807758331398828,1
1995-07-06,7.91049337397085,1
1995-07-07,7.616966247658594,1
1995-07-10,7.6609978676842285,1
1995-07-11,7.793086052040918,1
1995-07-12,7.749056816201074,1
1995-07-13,7.807758331398828,1
1995-07-14,7.851784706215723,1
1995-07-17,7.895817279915674,1
1995-07-18,8.057260513405664,1
1995-07-19,8.10128402719961,1
1995-07-20,8.057260513405664,1
1995-07-21,8.11596393595205,1
1995-07-24,8.189339637856348,1
1995-07-25,8.218698501686914,1
1995-07-26,8.277399063210352,1
1995-07-27,8.394805908303125,1
1995-07-28,8.424160957436426,1
1995-07-31,8.424160957436426,1
1995-08-01,8.350780487160547,1
1995-08-02,8.277399063210352,1
1995-08-03,8.204012870888574,1
1995-08-04,8.29207706461416,1
1995-08-07,8.306756019692285,1
1995-08-08,8.29207706461416,1
1995-08-09,8.262724876503809,1
1995-08-10,8.248045921425684,1
1995-08-11,8.095284462075098,1
1995-08-14,8.198507309059961,1
1995-08-15,8.139520645241602,1
1995-08-16,8.021556854348047,1
1995-08-17,7.962569713692529,1
1995-08-18,7.9478302002953125,1
1995-08-21,7.977320671181543,1
1995-08-22,8.021556854348047,1
1995-08-23,8.051046371559961,1
1995-08-24,8.021556854348047,1
1995-08-25,8.021556854348047,1
1995-08-28,8.12477970133291,1
1995-08-29,8.139520645241602,1
1995-08-30,8.139520645241602,1
1995-08-31,8.139520645241602,1
1995-09-01,8.110029220681055,1
1995-09-05,8.183760643105371,1
1995-09-06,8.198507309059961,1
1995-09-07,8.213252067665918,1
1995-09-08,8.227992057900293,1
1995-09-11,8.257478714089258,1
1995-09-12,8.227992057900293,1
1995-09-13,8.286972045998438,1
1995-09-14,8.47866439829336,1
1995-09-15,8.434430122475488,1
1995-09-18,8.41968822489248,1
1995-09-19,8.50815200815664,1
1995-09-20,8.449172973732813,1
1995-09-21,8.699848175148828,1
1995-09-22,8.58188533792959,1
1995-09-25,8.714591980080469,1
1995-09-26,8.773580551247461,1
1995-09-27,8.803071022133691,1
1995-09-28,8.670354843239648,1
1995-09-29,8.744087219338281,1
1995-10-02,8.670354843239648,1
1995-10-03,8.817811966042383,1
1995-10-04,8.906281471352441,1
1995-10-05,8.906281471352441,1
1995-10-06,9.1127290726708,1
1995-10-09,9.038994789223535,1
1995-10-10,8.980012893776758,1
1995-10-11,8.980012893776758,1
1995-10-12,9.024248123268945,1
1995-10-13,9.156960487465723,1
1995-10-16,9.156960487465723,1
1995-10-17,9.1422119141625,1
1995-10-18,9.215946197609766,1
1995-10-19,9.319159507851465,1
1995-10-20,9.407634735207422,1
1995-10-23,9.52559757242666,1
1995-10-24,9.761524200539453,1
1995-10-25,9.673052787880762,1
1995-10-26,9.481364250283105,1
1995-10-27,9.52559757242666,1
1995-10-30,9.628820419411523,1
1995-10-31,9.614069938759668,1
1995-11-01,9.64356803904043,1
1995-11-02,9.584575653176172,1
1995-11-03,9.46661376963125,1
1995-11-06,9.451872825722559,1
1995-11-07,9.64356803904043,1
1995-11-08,9.687796592812402,1
1995-11-09,9.599326133828027,1
1995-11-10,9.445945739846094,1
1995-11-13,9.682825088600977,1
1995-11-14,9.845687866310938,1
1995-11-15,10.171411514382227,1
1995-11-16,9.978939056496484,1
1995-11-17,9.99374771128164,1
1995-11-20,9.904915809731348,1
1995-11-21,10.112191200356348,1
1995-11-22,10.038163185219629,1
1995-11-24,10.008551597695215,1
1995-11-27,9.99374771128164,1
1995-11-28,10.097384452919824,1
1995-11-29,10.18621826181875,1
1995-11-30,10.260246276955469,1
1995-12-01,10.171411514382227,1
1995-12-04,10.39349365244375,1
1995-12-05,10.600777626137598,1
1995-12-06,10.748832702736719,1
1995-12-07,10.763629913430078,1
1995-12-08,10.689606666664941,1
1995-12-11,10.674799919228418,1
1995-12-12,10.748832702736719,1
1995-12-13,10.763629913430078,1
1995-12-14,10.837657928566797,1
1995-12-15,10.822855949501855,1
1995-12-18,10.556354522805078,1
1995-12-19,10.304662704567773,1
1995-12-20,10.33427619944082,1
1995-12-21,10.467525482277734,1
1995-12-22,10.245438575844629,1
1995-12-26,10.245438575844629,1
1995-12-27,10.289852142433984,1
1995-12-28,10.18621826181875,1
1995-12-29,10.126995086769922,1
1996-01-02,9.978939056496484,1
1996-01-03,10.378687858681543,1
1996-01-04,10.275042533974512,1
1996-01-05,10.275042533974512,1
1996-01-08,10.408296585183008,1
1996-01-09,10.467525482277734,1
1996-01-10,10.126995086769922,1
1996-01-11,9.919719696144922,1
1996-01-12,10.156599998574121,1
1996-01-15,10.245438575844629,1
1996-01-16,10.275042533974512,1
1996-01-17,10.349081039528711,1
1996-01-18,10.275042533974512,1
1996-01-19,10.230635643105371,1
1996-01-22,10.275042533974512,1
1996-01-23,10.39349365244375,1
1996-01-24,11.104167938332422,1
1996-01-25,11.015326500038965,1
1996-01-26,11.044938087563379,1
1996-01-29,11.163382530312402,1
1996-01-30,11.41507625589834,1
1996-01-31,11.370659828286035,1
1996-02-01,11.178194046120508,1
1996-02-02,11.355855941872461,1
1996-02-05,11.592740058998926,1
1996-02-06,11.503913879494531,1
1996-02-07,11.489109993080957,1
1996-02-08,11.696381569008691,1
1996-02-09,11.740799903969629,1
1996-02-12,11.711187362770898,1
1996-02-13,11.72600269327627,1
1996-02-14,11.563128471474512,1
1996-02-15,11.3052396775292,1
1996-02-16,11.18639087687002,1
1996-02-20,11.008124351601465,1
1996-02-21,11.27552604685293,1
1996-02-22,11.3052396775292,1
1996-02-23,11.11210823069082,1
1996-02-26,11.141822815041406,1
1996-02-27,11.11210823069082,1
1996-02-28,11.156675338845117,1
1996-02-29,11.11210823069082,1
1996-03-01,11.409228324990137,1
1996-03-04,11.498360633950098,1
1996-03-05,11.438935279946191,1
1996-03-06,11.394373893837793,1
1996-03-07,11.67662525187002,1
1996-03-08,11.290382385353906,1
1996-03-11,11.32009506235586,1
1996-03-12,11.18639087687002,1
1996-03-13,11.037835121254785,1
1996-03-14,11.008124351601465,1
1996-03-15,11.171540260414941,1
1996-03-18,11.216103553871973,1
1996-03-19,10.993265152077539,1
1996-03-20,11.141822815041406,1
1996-03-21,11.18639087687002,1
1996-03-22,11.23095989237295,1
1996-03-25,11.12696647654043,1
1996-03-26,11.245813369850977,1
1996-03-27,11.067543029885156,1
1996-03-28,11.022974968056543,1
1996-03-29,10.963554382424219,1
1996-04-01,11.082401275734766,1
1996-04-02,11.32009506235586,1
1996-04-03,11.18639087687002,1
1996-04-04,11.245813369850977,1
1996-04-08,10.94870376596914,1
1996-04-09,10.844708442787988,1
1996-04-10,10.488173484902246,1
1996-04-11,10.39903450022207,1
1996-04-12,10.53273868570791,1
1996-04-15,10.66643238077627,1
1996-04-16,10.829852104287012,1
1996-04-17,10.770430564980371,1
1996-04-18,10.88927936563955,1
1996-04-19,10.800141334633691,1
1996-04-22,10.696146965126855,1
1996-04-23,10.755576133828027,1
1996-04-24,10.66643238077627,1
1996-04-25,10.711009979348047,1
1996-04-26,10.770430564980371,1
1996-04-29,10.918986320595605,1
1996-04-30,10.993265152077539,1
1996-05-01,11.022974968056543,1
1996-05-02,10.636731147866113,1
1996-05-03,10.636731147866113,1
1996-05-06,10.66643238077627,1
1996-05-07,10.66643238077627,1
1996-05-08,10.918986320595605,1
1996-05-09,10.800141334633691,1
1996-05-10,10.88927936563955,1
1996-05-13,11.008124351601465,1
1996-05-14,10.993265152077539,1
1996-05-15,11.156675338845117,1
1996-05-16,11.201251030068262,1
1996-05-17,11.321168899636133,1
1996-05-20,11.36591625223623,1
1996-05-21,11.410665512184961,1
1996-05-22,11.57474136362539,1
1996-05-23,11.51508617411123,1
1996-05-24,11.64931583414541,1
1996-05-28,11.619491577248438,1
1996-05-29,11.485245704750879,1
1996-05-30,11.664239883522852,1
1996-05-31,11.619491577248438,1
1996-06-03,11.57474136362539,1
1996-06-04,11.723904609780176,1
1996-06-05,11.84322738657461,1
1996-06-06,11.723904609780176,1
1996-06-07,11.768648147683008,1
1996-06-10,11.858139991860254,1
1996-06-11,11.93272590647207,1
1996-06-12,11.93272590647207,1
1996-06-13,11.664239883522852,1
1996-06-14,11.694068908791406,1
1996-06-17,11.634407043557031,1
1996-06-18,11.425580978493555,1
1996-06-19,11.455409050087793,1
1996-06-20,11.425580978493555,1
1996-06-21,11.485245704750879,1
1996-06-24,11.544910431008203,1
1996-06-25,11.783565521340234,1
1996-06-26,11.783565521340234,1
1996-06-27,11.723904609780176,1
1996-06-28,11.813395500283105,1
1996-07-01,11.84322738657461,1
1996-07-02,11.873062133889063,1
1996-07-03,11.783565521340234,1
1996-07-05,11.544910431008203,1
1996-07-08,11.455409050087793,1
1996-07-09,11.276419639687402,1
1996-07-10,11.455409050087793,1
1996-07-11,11.455409050087793,1
1996-07-12,11.26150894175039,1
1996-07-15,10.978104591469629,1
1996-07-16,11.51508617411123,1
1996-07-17,11.336089134316309,1
1996-07-18,11.723904609780176,1
1996-07-19,11.783565521340234,1
1996-07-22,11.664239883522852,1
1996-07-23,11.306259155373438,1
1996-07-24,11.336089134316309,1
1996-07-25,11.306259155373438,1
1996-07-26,11.485245704750879,1
1996-07-29,11.36591625223623,1
1996-07-30,11.51508617411123,1
1996-07-31,11.395753860573633,1
1996-08-01,11.723904609780176,1
1996-08-02,11.84322738657461,1
1996-08-05,12.022221565346582,1
1996-08-06,12.052043914894922,1
1996-08-07,12.290706634621484,1
1996-08-08,12.231040954689844,1
1996-08-09,12.231040954689844,1
1996-08-12,12.559188842873438,1
1996-08-13,12.529359817604883,1
1996-08-14,12.678518295388086,1
1996-08-15,12.678518295388086,1
1996-08-16,12.36475944529043,1
1996-08-19,12.484514236550195,1
1996-08-20,12.394693374733789,1
1996-08-21,12.424633979897363,1
1996-08-22,12.45457649240957,1
1996-08-23,12.245004654030664,1
1996-08-26,12.095306396584375,1
1996-08-27,12.185132026772363,1
1996-08-28,12.065372467141016,1
1996-08-29,11.945606231789453,1
1996-08-30,11.795914650063379,1
1996-09-03,11.765984535317285,1
1996-09-04,11.765984535317285,1
1996-09-05,11.616286277870996,1
1996-09-06,11.91567611704336,1
1996-09-09,11.945606231789453,1
1996-09-10,11.825857162575586,1
1996-09-11,11.795914650063379,1
1996-09-12,11.795914650063379,1
1996-09-13,11.97555160532461,1
1996-09-16,12.0054931641625,1
1996-09-17,11.97555160532461,1
1996-09-18,11.885733604531152,1
1996-09-19,11.97555160532461,1
1996-09-20,12.095306396584375,1
1996-09-23,12.155192375283105,1
1996-09-24,12.065372467141016,1
1996-09-25,12.035429000954492,1
1996-09-26,12.21506404886709,1
1996-09-27,12.334821701149805,1
1996-09-30,12.274941444496973,1
1996-10-01,12.245004654030664,1
1996-10-02,12.274941444496973,1
1996-10-03,12.21506404886709,1
1996-10-04,12.424633979897363,1
1996-10-07,12.45457649240957,1
1996-10-08,12.424633979897363,1
1996-10-09,12.274941444496973,1
1996-10-10,12.185132026772363,1
1996-10-11,12.334821701149805,1
1996-10-14,12.574333191017969,1
1996-10-15,12.274941444496973,1
1996-10-16,12.274941444496973,1
1996-10-17,12.544393539528711,1
1996-10-18,12.424633979897363,1
1996-10-21,12.155192375283105,1
1996-10-22,11.91567611704336,1
1996-10-23,11.91567611704336,1
1996-10-24,11.646224022011621,1
1996-10-25,11.316896438698633,1
1996-10-28,11.406715393166406,1
1996-10-29,11.55640983591543,1
1996-10-30,11.496537208657129,1
1996-10-31,11.795914650063379,1
1996-11-01,11.765984535317285,1
1996-11-04,11.706103324990137,1
1996-11-05,11.97555160532461,1
1996-11-06,12.574333191017969,1
1996-11-07,12.334821701149805,1
1996-11-08,12.334821701149805,1
1996-11-11,12.334821701149805,1
1996-11-12,12.185132026772363,1
1996-11-13,12.185132026772363,1
1996-11-14,12.185132026772363,1
1996-11-15,12.200753212075098,1
1996-11-18,12.17070484171377,1
1996-11-19,12.411109924416406,1
1996-11-20,12.351009368996484,1
1996-11-21,12.531312942604883,1
1996-11-22,12.561365127663477,1
1996-11-25,12.921981811623438,1
1996-11-26,12.891928672890527,1
1996-11-27,12.861876487831934,1
1996-11-29,12.801770210366113,1
1996-12-02,12.711625099282129,1
1996-12-03,12.44115924845205,1
1996-12-04,12.501267433266504,1
1996-12-05,12.411109924416406,1
1996-12-06,12.44115924845205,1
1996-12-09,12.591416359047754,1
1996-12-10,12.621463775734766,1
1996-12-11,12.44115924845205,1
1996-12-12,12.14064884195791,1
1996-12-13,11.960342407326563,1
1996-12-16,11.749985694985254,1
1996-12-17,11.689879417519434,1
1996-12-18,11.810090065102441,1
1996-12-19,12.17070484171377,1
1996-12-20,11.990386962990625,1
1996-12-23,11.990386962990625,1
1996-12-24,12.0204439164208,1
1996-12-26,12.050492286782129,1
1996-12-27,12.14064884195791,1
1996-12-30,12.290910720925195,1
1996-12-31,11.960342407326563,1
1997-01-02,11.960342407326563,1
1997-01-03,12.08054256449209,1
1997-01-06,12.17070484171377,1
1997-01-07,12.200753212075098,1
1997-01-08,12.290910720925195,1
1997-01-09,12.381057739357813,1
1997-01-10,12.290910720925195,1
1997-01-13,12.08054256449209,1
1997-01-14,12.32095718393789,1
1997-01-15,12.531312942604883,1
1997-01-16,12.411109924416406,1
1997-01-17,12.351009368996484,1
1997-01-20,12.260856628517969,1
1997-01-21,12.861876487831934,1
1997-01-22,13.793458938698633,1
1997-01-23,13.492945671181543,1
1997-01-24,13.252538681130273,1
1997-01-27,13.132336616616113,1
1997-01-28,13.072236061196191,1
1997-01-29,13.222489357094629,1
1997-01-30,13.673259735207422,1
1997-01-31,13.883615493874414,1
1997-02-03,13.763415336708887,1
1997-02-04,14.154070854287012,1
1997-02-05,13.793458938698633,-1
1997-02-06,14.154070854287012,-1
1997-02-07,14.364433288674219,-1
1997-02-10,14.334378242592676,-1
1997-02-11,14.424532890419824,-1
1997-02-12,14.634891510109766,-1
1997-02-13,14.891717910866602,-1
1997-02-14,14.801295280556543,1
1997-02-18,15.132884979348047,1
1997-02-19,14.861594200234277,1
1997-02-20,14.529986381630762,1
1997-02-21,14.529986381630762,1
1997-02-24,14.650569915871484,1
1997-02-25,14.469696045021875,1
1997-02-26,14.168246269326074,1
1997-02-27,13.896944999794824,1
1997-02-28,13.86679744730459,1
1997-03-03,14.077810287575586,1
1997-03-04,13.836645126442773,-1
1997-03-05,14.318974495034082,-1
1997-03-06,14.25868034372793,-1
1997-03-07,14.620421409706934,-1
1997-03-10,14.77115535746084,1
1997-03-11,14.680708885292871,1
1997-03-12,14.379262924294336,1
1997-03-13,14.168246269326074,1
1997-03-14,13.957230568032129,1
1997-03-17,13.957230568032129,1
1997-03-18,13.896944999794824,1
1997-03-19,13.836645126442773,1
1997-03-20,13.776350021462305,1
1997-03-21,13.655777931313379,1
1997-03-24,13.957230568032129,1
1997-03-25,13.86679744730459,1
1997-03-26,13.776350021462305,1
1997-03-27,13.294034957985742,1
1997-03-31,12.751420974831445,1
1997-04-01,13.23373794565664,1
1997-04-02,13.113165855507715,1
1997-04-03,13.022723198037012,1
1997-04-04,13.173449516396387,1
1997-04-07,13.14330768595205,1
1997-04-08,13.14330768595205,1
1997-04-09,12.932292938332422,1
1997-04-10,13.113165855507715,1
1997-04-11,12.600696563820703,1
1997-04-14,12.78156566629873,1
1997-04-15,13.263880729775293,1
1997-04-16,13.474907875161035,1
1997-04-17,13.324180603127344,1
1997-04-18,13.444754600624902,1
1997-04-21,13.806499481301172,1
1997-04-22,14.228535652260645,1
1997-04-23,13.987370491127832,1
1997-04-24,14.017513275246484,1
1997-04-25,14.017513275246484,1
1997-04-28,14.349115371804102,1
1997-04-29,14.469696045021875,1
1997-04-30,14.740995407204492,1
1997-05-01,14.379262924294336,1
1997-05-02,14.801295280556543,1
1997-05-05,15.042448997597559,1
1997-05-06,14.831454277138574,1
1997-05-07,14.560132026772363,1
1997-05-08,14.469696045021875,1
1997-05-09,14.740995407204492,1
1997-05-12,14.952019691567285,1
1997-05-13,15.012314796547754,1
1997-05-14,14.77115535746084,1
1997-05-15,14.891717910866602,1
1997-05-16,14.581937790016992,1
1997-05-19,14.82396411905752,1
1997-05-20,14.733194351296289,1
1997-05-21,14.370172500710352,1
1997-05-22,14.400423050026758,-1
1997-05-23,14.491177558998926,1
1997-05-27,14.491177558998926,1
1997-05-28,14.370172500710352,1
1997-05-29,14.249150276284082,1
1997-05-30,14.521430969338281,1
1997-06-02,14.370172500710352,1
1997-06-03,14.460926056008203,1
1997-06-04,14.370172500710352,1
1997-06-05,14.339914321999414,1
1997-06-06,14.551687240700586,1
1997-06-09,14.914724350075586,1
1997-06-10,14.975224495034082,1
1997-06-11,15.459282875161035,1
1997-06-12,15.85256576548086,-1
1997-06-13,16.06433868418203,-1
1997-06-16,16.034084320168358,-1
1997-06-17,15.731546402077539,-1
1997-06-18,15.550039291481836,-1
1997-06-19,15.913066864113672,-1
1997-06-20,15.943319320778711,-1
1997-06-23,15.489522934059961,-1
1997-06-24,16.06433868418203,-1
1997-06-25,15.776930809120996,-1
1997-06-26,15.459282875161035,-1
1997-06-27,15.58028507242666,-1
1997-06-30,15.58028507242666,-1
1997-07-01,15.27774715433584,-1
1997-07-02,15.35339069376455,-1
1997-07-03,15.534910202126367,-1
1997-07-07,15.671034813027246,1
1997-07-08,15.85256576548086,1
1997-07-09,15.413893699745996,-1
1997-07-10,15.096240043740137,-1
1997-07-11,15.262639045815332,-1
1997-07-14,15.232375145058496,-1
1997-07-15,14.944967269997461,-1
1997-07-16,15.005476951699121,-1
1997-07-17,15.096240043740137,1
1997-07-18,14.566811561684473,1
1997-07-21,14.687820434670313,1
1997-07-22,15.232375145058496,1
1997-07-23,15.156749725441797,1
1997-07-24,14.975224495034082,1
1997-07-25,14.899599075417383,1
1997-07-28,14.657574653725488,1
1997-07-29,14.778581619362695,1
1997-07-30,14.914724350075586,1
1997-07-31,15.035730362038477,1
1997-08-01,14.778581619362695,1
1997-08-04,14.748337745766504,1
1997-08-05,14.869343757729395,1
1997-08-06,15.06598949442373,1
1997-08-07,14.687820434670313,1
1997-08-08,14.355043411354883,1
1997-08-11,14.113009452919824,1
1997-08-12,13.931503295998438,1
1997-08-13,13.81048583994375,1
1997-08-14,14.27940559397207,1
1997-08-15,13.619250297646387,1
1997-08-18,14.10510540018545,1
1997-08-19,14.363216400246484,1
1997-08-20,14.469498634438379,1
1997-08-21,14.363216400246484,1
1997-08-22,14.25693130503164,1
1997-08-25,14.02918815622793,0
1997-08-26,13.892542839150293,0
1997-08-27,14.089927673439844,1
1997-08-28,13.846997261147363,1
1997-08-29,13.771080017189844,1
1997-09-02,14.181028366188867,1
1997-09-03,14.074748993019922,1
1997-09-04,14.25693130503164,1
1997-09-05,14.120287895302637,1
1997-09-08,13.968457222084863,1
1997-09-09,14.014007568459375,1
1997-09-10,13.649612426857813,1
1997-09-11,13.755899429421289,1
1997-09-12,13.968457222084863,1
1997-09-15,14.04437255869375,1
1997-09-16,14.272124290566309,1
1997-09-17,14.04437255869375,1
1997-09-18,14.02918815622793,1
1997-09-19,14.241753578286035,1
1997-09-22,14.636520385842188,1
1997-09-23,14.393590927224023,1
1997-09-24,14.241753578286035,1
1997-09-25,13.983640670876367,1
1997-09-26,13.998830795388086,1
1997-09-29,14.089927673439844,1
1997-09-30,14.014007568459375,1
1997-10-01,14.059557914833887,1
1997-10-02,14.226581573586328,1
1997-10-03,14.48468017588125,1
1997-10-06,14.530238151650293,1
1997-10-07,14.940179824929102,1
1997-10-08,14.818718910317285,1
1997-10-09,14.697242736916406,1
1997-10-10,14.590962410073145,1
1997-10-13,14.727608680825098,1
1997-10-14,14.682065963845117,1
1997-10-15,14.42395305643545,1
1997-10-16,14.302491188149316,1
1997-10-17,14.165828704933984,1
1997-10-20,14.332850456337793,1
1997-10-21,14.530238151650293,1
1997-10-22,14.56059455881582,1
1997-10-23,14.211395263771875,1
1997-10-24,14.165828704933984,1
1997-10-27,13.36113166819082,1
1997-10-28,13.604066848854883,1
1997-10-29,13.877355575661523,1
1997-10-30,13.72552490244375,1
1997-10-31,13.938089370827539,1
1997-11-03,14.332850456337793,1
1997-11-04,14.606158256630762,1
1997-11-05,14.621330261330469,1
1997-11-06,14.621330261330469,1
1997-11-07,14.530238151650293,1
1997-11-10,14.49986457834707,1
1997-11-11,14.712434768776758,1
1997-11-12,14.181028366188867,1
1997-11-13,14.56059455881582,1
1997-11-14,15.208562851052148,1
1997-11-17,15.46762752542959,1
1997-11-18,15.360954284767969,1
1997-11-19,15.391427040200098,1
1997-11-20,15.665733337502344,1
1997-11-21,15.833366394142969,1
1997-11-24,15.63525104532705,1
1997-11-25,15.604776382546289,1
1997-11-26,15.284751892189844,1
1997-11-28,15.345709800820215,1
1997-12-01,15.77241325388418,1
1997-12-02,15.696213722329004,1
1997-12-03,15.726692199807031,1
1997-12-04,15.696213722329004,1
1997-12-05,15.89431381235586,1
1997-12-08,15.89431381235586,1
1997-12-09,15.848602295021875,1
1997-12-10,16.092426300148826,1
1997-12-11,15.89431381235586,1
1997-12-12,15.604776382546289,1
1997-12-15,15.848602295021875,1
1997-12-16,15.924792289833887,1
1997-12-17,16.18386650095449,1
1997-12-18,16.290533065895897,1
1997-12-19,16.15338325510488,1
1997-12-22,16.32102012644277,1
1997-12-23,16.107666015725,1
1997-12-24,15.863840103249414,1
1997-12-26,15.818126678566797,1
1997-12-29,15.924792289833887,1
1997-12-30,16.15338325510488,1
1997-12-31,16.06193923960195,1
1998-01-02,15.863840103249414,1
1998-01-05,15.848602295021875,1
1998-01-06,15.604776382546289,1
1998-01-07,15.757173538308008,1
1998-01-08,15.940037727455957,1
1998-01-09,15.757173538308008,1
1998-01-12,16.07718276987539,1
1998-01-13,16.18386650095449,1
1998-01-14,16.214334488015037,1
1998-01-15,16.016246795754295,-1
1998-01-16,16.519126892189842,-1
1998-01-20,16.90009307871328,-1
1998-01-21,16.610559463600975,-1
1998-01-22,16.3972110749291,-1
1998-01-23,16.3057746888207,-1
1998-01-26,16.381971359352928,-1
1998-01-27,16.442916870217186,-1
1998-01-28,16.3057746888207,-1
1998-01-29,16.3057746888207,-1
1998-01-30,16.32102012644277,-1
1998-02-02,16.77818489084707,-1
1998-02-03,16.945817947487694,-1
1998-02-04,16.762950897316795,-1
1998-02-05,16.793418884377342,1
1998-02-06,17.006771087746483,-1
1998-02-09,16.793418884377342,-1
1998-02-10,17.006771087746483,-1
1998-02-11,16.86960983286367,-1
1998-02-12,17.015150070290428,-1
1998-02-13,16.89285659800039,-1
1998-02-17,16.99986457834707,-1
1998-02-18,17.24446678171621,-1
1998-02-19,17.2597599030541,-1
1998-02-20,17.13745880136953,-1
1998-02-23,17.611385345558983,-1
1998-02-24,17.88655662546621,-1
1998-02-25,18.161735534767967,-1
1998-02-26,18.192306518654686,-1
1998-02-27,18.436901092629295,-1
1998-03-02,18.28402519236074,-1
1998-03-03,18.222885131935936,-1
1998-03-04,17.93242073069082,-1
1998-03-05,17.672529220681053,-1
1998-03-06,18.070005416970115,-1
1998-03-09,18.146450042824608,-1
1998-03-10,18.345180511574608,-1
1998-03-11,18.57449722300039,-1
1998-03-12,18.589788436989647,-1
1998-03-13,18.375757217507225,-1
1998-03-16,18.31461143503652,-1
1998-03-17,18.360471725563865,-1
1998-03-18,18.299322128395897,-1
1998-03-19,18.222885131935936,-1
1998-03-20,18.52863311777578,-1
1998-03-23,18.146450042824608,-1
1998-03-24,18.070005416970115,-1
1998-03-25,17.901847839455467,-1
1998-03-26,17.779546737770897,-1
1998-03-27,17.48906898508535,-1
1998-03-30,17.534938812355858,-1
1998-03-31,17.96298599253164,-1
1998-04-01,17.947704315285545,-1
1998-04-02,18.650930404763084,-1
1998-04-03,18.834388733010154,-1
1998-04-06,18.635644912819725,-1
1998-04-07,18.40634536753164,-1
1998-04-08,18.024133682350975,-1
1998-04-09,18.20759582529531,-1
1998-04-13,18.039432525734764,-1
1998-04-14,17.748971939186912,1
1998-04-15,17.50436782846914,1
1998-04-16,17.12217330942617,1
1998-04-17,17.748971939186912,1
1998-04-20,17.458505630593162,1
1998-04-21,17.30563163767324,1
1998-04-22,17.458505630593162,1
1998-04-23,17.33619689951406,1
1998-04-24,17.275049209694725,1
1998-04-27,16.96930122385488,1
1998-04-28,16.877573013405662,1
1998-04-29,16.92343521128164,1
1998-04-30,17.48906898508535,1
1998-05-01,17.168035507302147,1
1998-05-04,17.30563163767324,1
1998-05-05,17.213897705178123,1
1998-05-06,16.95400047312246,1
1998-05-07,17.015150070290428,1
1998-05-08,17.397352218727928,1
1998-05-11,17.152755737404686,1
1998-05-12,17.33619689951406,1
1998-05-13,17.718395233254295,1
1998-05-14,17.657243728737694,1
1998-05-15,17.27371788034902,1
1998-05-18,17.42713165293203,1
1998-05-19,17.35041809092031,1
1998-05-20,17.473157882790428,1
1998-05-21,17.41179275522695,1
1998-05-22,17.304399490456444,1
1998-05-26,17.150993347267967,1
1998-05-27,17.043609619240623,1
1998-05-28,17.181678772072654,1
1998-05-29,16.951560974221092,1
1998-06-01,16.920877456765037,1
1998-06-02,16.79815673838125,1
1998-06-03,16.629413604836326,1
1998-06-04,17.02826690683828,1
1998-06-05,17.54985237131582,1
1998-06-08,17.36577224741445,1
1998-06-09,17.687923431496483,1
1998-06-10,17.87201118479238,1
1998-06-11,17.887342453102928,1
1998-06-12,17.91803169260488,1
1998-06-15,17.519174575905662,1
1998-06-16,17.91803169260488,1
1998-06-17,18.224853515725,1
1998-06-18,18.378259658913475,1
1998-06-19,18.56234550486074,1
1998-06-22,18.34757041941152,1
1998-06-23,18.746437072853904,1
1998-06-24,19.083932876686912,-1
1998-06-25,18.884504318337303,1
1998-06-26,18.884504318337303,1
1998-06-29,18.89984130869375,1
1998-06-30,18.163482666115623,1
1998-07-01,17.979396820168358,1
1998-07-02,18.08677864084707,1
1998-07-06,17.764633178810936,1
1998-07-07,18.301551818947654,1
1998-07-08,17.93337059030996,1
1998-07-09,17.779966354470115,1
1998-07-10,17.641897201638084,1
1998-07-13,17.626548767189842,1
1998-07-14,18.224853515725,1
1998-07-15,18.623714447121483,1
1998-07-16,18.991886139016014,1
1998-07-17,19.037900924782615,1
1998-07-20,18.93052864084707,1
1998-07-21,18.715749740700584,1
1998-07-22,19.053245544533592,1
1998-07-23,18.4089298249291,1
1998-07-24,18.79244804392324,1
1998-07-27,18.89984130869375,1
1998-07-28,18.94586372385488,1
1998-07-29,19.2526741028832,1
1998-07-30,19.4827880860375,1
1998-07-31,18.961206436257225,1
1998-08-03,18.56234550486074,-1
1998-08-04,18.04075813303457,1
1998-08-05,18.393587112526756,1
1998-08-06,18.531667709450584,1
1998-08-07,18.639049530129295,1
1998-08-10,18.25552749643789,1
1998-08-11,18.163482666115623,1
1998-08-12,18.424272537331444,1
1998-08-13,18.59302520761953,1
1998-08-14,18.46989822397695,1
1998-08-17,18.823898315529686,1
1998-08-18,18.762334823708397,1
1998-08-19,18.70076560984121,1
1998-08-20,18.593027114968162,1
1998-08-21,18.7469425202416,1
1998-08-24,18.854686737160545,1
1998-08-25,18.716157913308006,1
1998-08-26,18.931644439797264,1
1998-08-27,18.208234787087303,1
1998-08-28,18.26980972300039,1
1998-08-31,16.992307663063865,1
1998-09-01,17.82345390329824,1
1998-09-02,17.900413513283592,1
1998-09-03,18.439109802346092,1
1998-09-04,18.7469425202416,1
1998-09-08,19.4395751954125,1
1998-09-09,18.87007713327871,1
1998-09-10,18.62380790720449,1
1998-09-11,18.808509826760154,1
1998-09-14,19.454961776833397,1
1998-09-15,19.22408103952871,1
1998-09-16,18.931644439797264,1
1998-09-17,18.777721405129295,1
1998-09-18,18.900861740212303,1
1998-09-21,19.53190803537832,1
1998-09-22,19.270256042580467,1
1998-09-23,19.562700271706444,1
1998-09-24,19.39338684092031,1
1998-09-25,19.16251182566152,1
1998-09-28,19.70123481760488,1
1998-09-29,19.53190803537832,1
1998-09-30,19.270256042580467,1
1998-10-01,18.808509826760154,1
1998-10-02,18.993209838967186,1
1998-10-05,19.562700271706444,1
1998-10-06,19.59347915659414,1
1998-10-07,19.03938293467031,1
1998-10-08,18.669988632302147,1
1998-10-09,18.716157913308006,1
1998-10-12,18.823898315529686,1
1998-10-13,19.147134780983787,1
1998-10-14,19.670440673928123,1
1998-10-15,20.347669601540428,1
1998-10-16,20.470788955788475,1
1998-10-19,20.393838882546287,-1
1998-10-20,20.009052276711326,-1
1998-10-21,19.901317596535545,-1
1998-10-22,20.470788955788475,-1
1998-10-23,20.624713897805076,-1
1998-10-26,20.19375419626699,-1
1998-10-27,20.086015701393944,-1
1998-10-28,19.901317596535545,-1
1998-10-29,20.286102295021873,-1
1998-10-30,20.07061767588125,-1
1998-11-02,20.086015701393944,-1
1998-11-03,20.239919662575584,-1
1998-11-04,20.162977218727928,-1
1998-11-05,20.116792678933006,-1
1998-11-06,20.178342819313865,-1
1998-11-09,20.239919662575584,-1
1998-11-10,20.516971588234764,-1
1998-11-11,20.486198425392967,-1
1998-11-12,20.794023513893944,-1
1998-11-13,20.902090072731834,-1
1998-11-16,21.056449890236717,-1
1998-11-17,20.963829040627342,-1
1998-11-18,21.22627258310781,-1
1998-11-19,21.39607810984121,-1
1998-11-20,21.98270034800039,-1
1998-11-23,21.735694885353904,-1
1998-11-24,21.056449890236717,-1
1998-11-25,20.45440101633535,-1
1998-11-27,20.31547164926992,-1
1998-11-30,20.068477630715233,-1
1998-12-01,20.00672149668203,-1
1998-12-02,19.883216858010154,-1
1998-12-03,19.651657104592186,-1
1998-12-04,20.19196319590078,-1
1998-12-07,20.161102295021873,-1
1998-12-08,19.651657104592186,-1
1998-12-09,19.728843689064842,-1
1998-12-10,19.574474334816795,-1
1998-12-11,19.71341323862539,-1
1998-12-14,19.48185348520742,-1
1998-12-15,19.944972992043358,-1
1998-12-16,19.790605545143944,1
1998-12-17,19.759721756081444,1
1998-12-18,19.636222839455467,1
1998-12-21,18.987857818703514,1
1998-12-22,19.018728256325584,1
1998-12-23,19.466421127419334,1
1998-12-24,19.6053409577416,1
1998-12-28,19.898658752541404,1
1998-12-29,20.68596839914785,1
1998-12-30,20.74771499643789,-1
1998-12-31,20.716848373513084,-1
1999-01-04,20.423528671364647,-1
1999-01-05,20.50071907053457,-1
1999-01-06,20.74771499643789,-1
1999-01-07,20.547029495339256,-1
1999-01-08,20.56245422373281,-1
1999-01-11,19.806039810280662,-1
1999-01-12,19.71341323862539,-1
1999-01-13,19.018728256325584,1
1999-01-14,19.28117561350332,1
1999-01-15,19.759721756081444,1
1999-01-19,19.867788314919334,1
1999-01-20,20.00672149668203,1
1999-01-21,19.759721756081444,1
1999-01-22,19.389226913552147,1
1999-01-25,19.45097541819082,1
1999-01-26,20.377223968605858,1
1999-01-27,20.655080795388084,1
1999-01-28,20.932960510353904,1
1999-01-29,21.02558135996328,1
1999-02-01,20.670522689919334,1
1999-02-02,20.485273361306053,1
1999-02-03,20.84033203135,1
1999-02-04,20.716848373513084,1
1999-02-05,20.74771499643789,1
1999-02-08,20.74771499643789,1
1999-02-09,20.423528671364647,1
1999-02-10,20.701393127541404,1
1999-02-11,20.964626312355858,1
1999-02-12,20.964626312355858,1
1999-02-16,21.460088729958397,1
1999-02-17,21.243326187233787,1
1999-02-18,21.38267135630117,1
1999-02-19,21.460088729958397,1
1999-02-22,21.785240173439842,1
1999-02-23,21.645900726418358,-1
1999-02-24,21.243326187233787,-1
1999-02-25,20.918169021706444,-1
1999-02-26,21.15041160593496,1
1999-03-01,21.16590118418203,1
1999-03-02,21.072998046975,1
1999-03-03,20.9800968171166,1
1999-03-04,21.537508010964256,1
1999-03-05,22.048452377419334,1
1999-03-08,22.063947677712303,1
1999-03-09,21.70782470713125,1
1999-03-10,21.67685508738027,1
1999-03-11,22.002010345558983,1
1999-03-12,21.940067291359764,1
1999-03-15,22.52845764170156,1
1999-03-16,22.358133316140037,-1
1999-03-17,22.28072166452871,-1
1999-03-18,22.2497444153832,-1
1999-03-19,22.55942153940664,-1
1999-03-22,22.69877243051992,-1
1999-03-23,22.358133316140037,-1
1999-03-24,22.466522216896873,-1
1999-03-25,22.79166793833242,-1
1999-03-26,22.621343612770897,-1
1999-03-29,23.271665573220115,-1
1999-03-30,23.054882049660545,-1
1999-03-31,23.16326332102285,-1
1999-04-01,23.31809616098867,-1
1999-04-05,23.503902435402733,-1
1999-04-06,23.349069595436912,-1
1999-04-07,23.503902435402733,-1
1999-04-08,24.092277526955467,-1
1999-04-09,24.278079986672264,-1
1999-04-12,24.680648803810936,-1
1999-04-13,24.43291091928945,-1
1999-04-14,23.457477569680076,-1
1999-04-15,22.8381233216332,-1
1999-04-16,23.07036018381582,1
1999-04-19,22.358133316140037,1
1999-04-20,23.844552993874412,1
1999-04-21,24.95935249338613,1
1999-04-22,25.392892837624412,1
1999-04-23,25.20708656321035,1
1999-04-26,24.81999588022695,-1
1999-04-27,25.2535400391625,-1
1999-04-28,24.649681091408592,-1
1999-04-29,24.44840049753652,-1
1999-04-30,24.15420913706289,-1
1999-05-03,24.216156005959373,-1
1999-05-04,23.53487205515371,-1
1999-05-05,23.28714370737539,-1
1999-05-06,24.185176849465233,-1
1999-05-07,23.813577652077537,-1
1999-05-10,23.132289886574608,-1
1999-05-11,22.992952346901756,-1
1999-05-12,23.457477569680076,-1
1999-05-13,23.59680366526113,-1
1999-05-14,23.07626724253164,-1
1999-05-17,22.796743393044334,-1
1999-05-18,22.455108642678123,-1
1999-05-19,23.200498581032615,1
1999-05-20,23.60426902780996,1
1999-05-21,22.983089447121483,1
1999-05-24,22.486164093117576,1
1999-05-25,21.818416595558983,1
1999-05-26,22.361948013405662,1
1999-05-27,22.424057006935936,1
1999-05-28,23.014152526955467,1
1999-06-01,23.014152526955467,1
1999-06-02,22.78122329721914,1
1999-06-03,23.278146743874412,1
1999-06-04,24.023551941017967,-1
1999-06-07,23.837215423683983,-1
1999-06-08,23.045209884743553,-1
1999-06-09,22.81227684030996,1
1999-06-10,22.237697601418358,1
1999-06-11,22.5793342591332,1
1999-06-14,22.517234802346092,1
1999-06-15,22.532752990822654,1
1999-06-16,22.5793342591332,1
1999-06-17,22.84333801279531,1
1999-06-18,22.548276901345115,1
1999-06-21,22.377458572487694,1
1999-06-22,22.563806533913475,1
1999-06-23,22.486164093117576,1
1999-06-24,22.750148773293358,1
1999-06-25,22.517234802346092,1
1999-06-28,22.5793342591332,1
1999-06-29,23.355806350808006,1
1999-06-30,24.349666595558983,1
1999-07-01,24.20990753183828,1
1999-07-02,24.20990753183828,1
1999-07-06,24.070142746071678,-1
1999-07-07,24.318614959816795,-1
1999-07-08,23.77508735666738,-1
1999-07-09,23.86825370798574,-1
1999-07-12,24.20990753183828,-1
1999-07-13,24.039075851540428,-1
1999-07-14,23.883787155251365,-1
1999-07-15,24.039075851540428,-1
1999-07-16,24.225435257058006,-1
1999-07-19,23.837215423683983,-1
1999-07-20,23.96143341074453,-1
1999-07-21,24.20990753183828,-1
1999-07-22,24.442821502785545,-1
1999-07-23,24.303070068459373,-1
1999-07-26,24.163309097390037,-1
1999-07-27,24.039075851540428,-1
1999-07-28,23.790613174538475,-1
1999-07-29,23.169439315895897,-1
1999-07-30,22.62593650827871,1
1999-08-02,22.84333801279531,1
1999-08-03,23.402383804421287,1
1999-08-04,22.858865738015037,1
1999-08-05,22.563806533913475,1
1999-08-06,22.84333801279531,1
1999-08-09,23.12285804758535,1
1999-08-10,22.92098808298574,1
1999-08-11,22.983089447121483,1
1999-08-12,23.542152404885154,1
1999-08-13,24.250501632790428,1
1999-08-16,24.312808990578514,1
1999-08-17,24.499700546364647,1
1999-08-18,23.970159530739647,1
1999-08-19,23.876705169777733,1
1999-08-20,24.655452728371483,1
1999-08-23,25.247320175270897,1
1999-08-24,25.714565277199608,1
1999-08-25,26.3531494141625,-1
1999-08-26,26.026073455910545,-1
1999-08-27,25.465364456276756,-1
1999-08-30,25.5120849610375,-1
1999-08-31,25.480934143166404,-1
1999-09-01,25.294036865334373,-1
1999-09-02,24.920238494973045,-1
1999-09-03,25.262889862160545,-1
1999-09-07,25.371919632058006,-1
1999-09-08,25.044845581154686,-1
1999-09-09,25.122720718483787,-1
1999-09-10,24.795637130837303,-1
1999-09-13,24.74890327463613,-1
1999-09-14,24.406253814797264,1
1999-09-15,24.2193546296166,1
1999-09-16,23.861122131447654,1
1999-09-17,23.938995361428123,1
1999-09-20,24.048030853371483,1
1999-09-21,23.42501640329824,1
1999-09-22,23.238121032814842,1
1999-09-23,22.708576202492576,1
1999-09-24,22.428213119606834,1
1999-09-27,22.92661666880117,1
1999-09-28,22.802007675270897,1
1999-09-29,22.84874153147207,1
1999-09-30,22.895458221535545,1
1999-10-01,23.42501640329824,1
1999-10-04,23.549613952736717,1
1999-10-05,23.471746444802147,1
1999-10-06,23.611921310524803,1
1999-10-07,23.48732566843496,1
1999-10-08,24.60872459421621,1
1999-10-11,24.515281677346092,1
1999-10-12,24.11032485971914,1
1999-10-13,23.752099990944725,1
1999-10-14,23.580766677956444,1
1999-10-15,23.253688812355858,1
1999-10-18,23.549613952736717,1
1999-10-19,24.85793876657949,1
1999-10-20,25.543239593605858,1
1999-10-21,26.119510650734764,-1
1999-10-22,26.10394477854238,-1
1999-10-25,26.22855758676992,-1
1999-10-26,26.24412727365957,-1
1999-10-27,25.994916915993553,-1
1999-10-28,25.91705322275625,-1
1999-10-29,26.10394477854238,-1
1999-11-01,26.181819915871483,-1
1999-11-02,25.543239593605858,-1
1999-11-03,25.97934341440664,-1
1999-11-04,26.24412727365957,-1
1999-11-05,26.290838241677147,-1
1999-11-08,26.026073455910545,-1
1999-11-09,25.8236026764916,-1
1999-11-10,25.667837143044334,-1
1999-11-11,25.870313644509178,-1
1999-11-12,25.9246711731957,-1
1999-11-15,25.8621826172875,-1
1999-11-16,26.51812171946035,-1
1999-11-17,26.393180847267967,-1
1999-11-18,26.08084487925039,-1
1999-11-19,26.283870697121483,-1
1999-11-22,26.315103530983787,-1
1999-11-23,26.00276184092031,-1
1999-11-24,26.174539566140037,-1
1999-11-26,25.78410720835195,-1
1999-11-29,26.25262451181875,-1
1999-11-30,25.9246711731957,-1
1999-12-01,25.612321853737694,-1
1999-12-02,25.00715637217031,-1
1999-12-03,24.300487518410545,-1
1999-12-06,24.191144943337303,-1
1999-12-07,23.33220291147695,-1
1999-12-08,22.793409347634178,-1
1999-12-09,23.30095100412832,-1
1999-12-10,23.582069397072654,-1
1999-12-13,23.285348892311912,-1
1999-12-14,23.535230636696678,-1
1999-12-15,23.65625190744863,-1
1999-12-16,23.644542694191795,-1
1999-12-17,23.70701217661367,-1
1999-12-20,22.984718322853904,-1
1999-12-21,22.738752365212303,-1
1999-12-22,22.87929344187246,-1
1999-12-23,23.87879943857656,-1
1999-12-27,24.4254093171166,-1
1999-12-28,23.84757041941152,-1
1999-12-29,23.097938537697654,-1
1999-12-30,23.363430023293358,-1
1999-12-31,23.30095100412832,-1
2000-01-03,23.035467147927147,-1
2000-01-04,22.192136764626365,-1
2000-01-05,22.4263916016625,-1
2000-01-06,23.12917900095449,-1
2000-01-07,24.113067627053123,-1
2000-01-10,23.503976821999412,-1
2000-01-11,23.582069397072654,-1
2000-01-12,23.363430023293358,-1
2000-01-13,23.33220291147695,-1
2000-01-14,23.41028022776113,-1
2000-01-18,22.816829681496483,-1
2000-01-19,22.894920349221092,1
2000-01-20,22.972999572853904,1
2000-01-21,22.457632064919334,1
2000-01-24,20.911521911721092,1
2000-01-25,21.301944732766014,1
2000-01-26,20.86466598520742,1
2000-01-27,20.11503982553945,1
2000-01-28,21.11455154428945,1
2000-01-31,21.504976272683006,1
2000-02-01,21.192619323830467,1
2000-02-02,21.333189010720115,1
2000-02-03,20.817819595436912,1
2000-02-04,20.52109909067617,1
2000-02-07,20.349302291970115,1
2000-02-08,20.505483627419334,1
2000-02-09,19.9901008606957,1
2000-02-10,19.4903507233666,1
2000-02-11,19.419504165749412,1
2000-02-14,19.466531753640037,1
2000-02-15,19.983757019142967,1
2000-02-16,20.015098571877342,-1
2000-02-17,19.858369827370506,-1
2000-02-18,19.419504165749412,-1
2000-02-22,19.717296600441795,-1
2000-02-23,19.090370178322654,-1
2000-02-24,18.494762420754295,-1
2000-02-25,18.055906295876365,-1
2000-02-28,18.243988037209373,-1
2000-02-29,18.055906295876365,1
2000-03-01,18.40073204050527,1
2000-03-02,18.479089737038475,1
2000-03-03,18.432073593239647,-1
2000-03-06,17.67974281321035,-1
2000-03-07,17.17819595346914,1
2000-03-08,17.805139541725975,1
2000-03-09,18.228309631447654,1
2000-03-10,17.773788452248436,1
2000-03-13,17.55435562143789,1
2000-03-14,18.243988037209373,1
2000-03-15,19.29412269602285,1
2000-03-16,20.015098571877342,1
2000-03-17,19.952405929665428,1
2000-03-20,19.88971138010488,1
2000-03-21,20.124828338723045,1
2000-03-22,20.626367569069725,-1
2000-03-23,20.062116623024803,1
2000-03-24,18.118608474831444,1
2000-03-27,17.491662979225975,1
2000-03-28,18.055906295876365,1
2000-03-29,17.82080841074453,1
2000-03-30,17.74243927011953,-1
2000-03-31,17.617061615090233,-1
2000-04-03,18.118608474831444,-1
2000-04-04,19.247095108132225,-1
2000-04-05,19.4351806641625,1
2000-04-06,18.77688980112539,1
2000-04-07,18.573143005471092,1
2000-04-10,19.05902099619375,1
2000-04-11,19.62325859079824,1
2000-04-12,19.30978965769277,1
2000-04-13,19.12170600901113,1
2000-04-14,18.38505935678945,1
2000-04-17,19.4351806641625,1
2000-04-18,20.43828010569082,1
2000-04-19,20.626367569069725,1
2000-04-20,20.469635009865623,1
2000-04-24,21.033880233864647,1
2000-04-25,21.143598556618553,1
2000-04-26,20.75175857553945,-1
2000-04-27,20.814443588356834,-1
2000-04-28,20.689069748024803,-1
2000-05-01,20.73608589182363,-1
2000-05-02,21.11224365244375,-1
2000-05-03,20.877155304055076,-1
2000-05-04,20.83011436472402,1
2000-05-05,21.065223693947654,1
2000-05-08,22.005638122658592,1
2000-05-09,21.81755447397695,1
2000-05-10,21.441404342751365,1
2000-05-11,21.582450866799217,1
2000-05-12,21.441404342751365,1
2000-05-15,21.629474639992576,1
2000-05-16,21.89592361460195,1
2000-05-17,21.833230972390037,1
2000-05-18,22.193731308083397,1
2000-05-19,22.33719253550039,1
2000-05-22,21.865274429421287,1
2000-05-23,21.896728515725,1
2000-05-24,22.63604927072988,-1
2000-05-25,22.478765487770897,-1
2000-05-26,22.17987823496328,-1
2000-05-30,22.384376525978904,-1
2000-05-31,22.52593994150625,-1
2000-06-01,22.06976509104238,-1
2000-06-02,21.141675949196678,-1
2000-06-05,21.141675949196678,1
2000-06-06,21.173139572243553,1
2000-06-07,21.063020706276756,1
2000-06-08,21.361894607643944,1
2000-06-09,21.676513671975,1
2000-06-12,21.338302612404686,1
2000-06-13,22.148427963356834,1
2000-06-14,22.5888671876,1
2000-06-15,22.809093475441795,-1
2000-06-16,22.54168128977285,-1
2000-06-19,22.698980331520897,-1
2000-06-20,22.289991378884178,-1
2000-06-21,22.620338440041404,-1
2000-06-22,22.289991378884178,-1
2000-06-23,22.5888671876,-1
2000-06-26,24.036067962746483,-1
2000-06-27,24.649562835793358,-1
2000-06-28,24.684949874977928,-1
2000-06-29,24.806848526100975,-1
2000-06-30,25.640569686989647,-1
2000-07-03,25.436073303322654,-1
2000-07-05,25.420345306496483,-1
2000-07-06,25.08999443064199,-1
2000-07-07,25.10572814951406,-1
2000-07-10,25.215852737526756,-1
2000-07-11,25.215852737526756,-1
2000-07-12,24.681013107399803,-1
2000-07-13,23.973148346047264,-1
2000-07-14,23.107975006203514,-1
2000-07-17,23.745061874489647,-1
2000-07-18,23.910230636696678,-1
2000-07-19,23.454036712746483,-1
2000-07-20,23.12370491037832,-1
2000-07-21,23.21809387217031,-1
2000-07-24,23.77259063730703,-1
2000-07-25,23.53269004831777,0
2000-07-26,22.714714050392967,0
2000-07-27,23.11977195749746,0
2000-07-28,23.572017669777733,0
2000-07-31,23.422573089699608,0
2000-08-01,23.863029480080467,0
2000-08-02,24.287763595681053,0
2000-08-03,24.41360282907949,0
2000-08-04,24.30349540720449,0
2000-08-07,24.37821006784902,0
2000-08-08,24.33102226267324,0
2000-08-09,23.863029480080467,-1
2000-08-10,24.515838623146873,-1
2000-08-11,24.625959396462303,-1
2000-08-14,24.492244720558983,-1
2000-08-15,24.185503006081444,-1
2000-08-16,24.625959396462303,-1
2000-08-17,24.41360282907949,-1
2000-08-18,24.348413467507225,-1
2000-08-21,24.494407653908592,-1
2000-08-22,24.683786392311912,-1
2000-08-23,24.478614807228904,-1
2000-08-24,24.305019378762108,-1
2000-08-25,24.099845886330467,-1
2000-08-28,23.926227569680076,-1
2000-08-29,23.484325409035545,-1
2000-08-30,23.042423248391014,-1
2000-08-31,23.219970703225,-1
2000-09-01,23.389644622902733,-1
2000-09-05,23.547443389992576,-1
2000-09-06,23.547443389992576,-1
2000-09-07,23.594806671242576,-1
2000-09-08,23.8552188874291,-1
2000-09-11,23.993312835793358,-1
2000-09-12,24.39971923838125,-1
2000-09-13,24.6522216797875,-1
2000-09-14,24.226097107033592,-1
2000-09-15,23.9893741608666,-1
2000-09-18,23.26336860666738,-1
2000-09-19,23.184461593727928,-1
2000-09-20,22.999006271462303,-1
2000-09-21,23.79997444162832,-1
2000-09-22,24.21033477793203,-1
2000-09-25,24.206365585427147,-1
2000-09-26,23.863117218117576,-1
2000-09-27,24.013038635353904,1
2000-09-28,23.579017639260154,1
2000-09-29,23.721067428688865,-1
2000-10-02,23.531669616799217,-1
2000-10-03,23.358072280983787,-1
2000-10-04,22.80569267282949,-1
2000-10-05,23.500099182228904,1
2000-10-06,23.310733795266014,1
2000-10-09,23.05820083628164,1
2000-10-10,23.894672393898826,1
2000-10-11,24.241899490456444,-1
2000-10-12,24.494407653908592,-1
2000-10-13,24.194549560646873,-1
2000-10-16,24.478614807228904,-1
2000-10-17,24.51018714914785,-1
2000-10-18,23.79997444162832,-1
2000-10-19,23.168672561745506,-1
2000-10-20,23.200239181618553,-1
2000-10-23,23.12132453928457,1
2000-10-24,23.15289497385488,1
2000-10-25,23.721067428688865,-1
2000-10-26,23.515888214211326,-1
2000-10-27,23.42119216928945,-1
2000-10-30,23.8315315247582,-1
2000-10-31,23.26336860666738,1
2000-11-01,22.97929573069082,1
2000-11-02,22.695203781227928,1
2000-11-03,23.15289497385488,1
2000-11-06,23.24759292612539,1
2000-11-07,23.26336860666738,1
2000-11-08,23.594806671242576,1
2000-11-09,23.62637710581289,1
2000-11-10,23.847314834694725,-1
2000-11-13,23.500099182228904,-1
2000-11-14,23.894672393898826,-1
2000-11-15,23.9893741608666,-1
2000-11-16,23.784198761086326,-1
2000-11-17,24.102828979592186,1
2000-11-20,24.37205123911367,1
2000-11-21,24.767940521340233,-1
2000-11-22,24.451215744118553,-1
2000-11-24,24.086984634499412,-1
2000-11-27,24.672924041848045,-1
2000-11-28,25.369714737038475,-1
2000-11-29,25.401397705178123,-1
2000-11-30,25.33804893503652,-1
2000-12-01,24.767940521340233,-1
2000-12-04,25.22720909128652,-1
2000-12-05,25.21134567270742,-1
2000-12-06,24.356199264626365,-1
2000-12-07,24.5937442780541,-1
2000-12-08,24.4195556641625,-1
2000-12-11,24.229497909645897,-1
2000-12-12,24.577899932961326,-1
2000-12-13,25.0054817200707,-1
2000-12-14,25.14801788340078,-1
2000-12-15,24.97381019602285,-1
2000-12-18,24.97381019602285,-1
2000-12-19,25.13218307505117,-1
2000-12-20,25.496417999367576,-1
2000-12-21,25.59143829355703,-1
2000-12-22,25.71811294565664,-1
2000-12-26,25.9398193360375,-1
2000-12-27,26.09819221506582,-1
2000-12-28,26.541584014992576,-1
2000-12-29,26.620792389016014,-1
2001-01-02,25.84482383738027,-1
2001-01-03,25.021324157814842,-1
2001-01-04,24.482889175515037,-1
2001-01-05,24.79962158213125,-1
2001-01-08,24.767940521340233,-1
2001-01-09,24.94214057932363,-1
2001-01-10,24.292858123879295,-1
2001-01-11,23.421857833962303,-1
2001-01-12,23.96029472361074,-1
2001-01-16,23.865280151467186,-1
2001-01-17,23.23181915293203,-1
2001-01-18,23.817771911721092,-1
2001-01-19,23.849443435768944,-1
2001-01-22,23.896949768166404,-1
2001-01-23,23.48520278940664,-1
2001-01-24,22.94676399240957,-1
2001-01-25,23.247657775978904,-1
2001-01-26,23.295175552468162,-1
2001-01-29,23.209648132424217,-1
2001-01-30,23.209648132424217,-1
2001-01-31,23.59732627878652,-1
2001-02-01,23.784828186135154,-1
2001-02-02,24.096481323342186,-1
2001-02-05,23.80003547678457,-1
2001-02-06,23.670801162819725,-1
2001-02-07,24.045803070168358,-1
2001-02-08,23.97739219675527,-1
2001-02-09,24.06608200083242,-1
2001-02-12,24.856632232766014,-1
2001-02-13,24.552562713723045,-1
2001-02-14,24.235832214455467,-1
2001-02-15,23.948566436867576,-1
2001-02-16,24.03245735178457,-1
2001-02-20,24.413795471291404,-1
2001-02-21,24.63754081736074,-1
2001-02-22,24.53837966928945,-1
2001-02-23,24.27652549753652,-1
2001-02-26,24.342622757058006,-1
2001-02-27,24.393472671608787,-1
2001-02-28,24.744302749733787,-1
2001-03-01,25.18921661386953,-1
2001-03-02,25.20700454721914,-1
2001-03-05,25.036672592263084,-1
2001-03-06,24.60956001291738,-1
2001-03-07,24.10110282907949,-1
2001-03-08,24.8815860749291,-1
2001-03-09,24.584138870339256,-1
2001-03-12,24.139230728249412,-1
2001-03-13,23.935855865578514,-1
2001-03-14,23.707035064797264,-1
2001-03-15,23.73246955881582,-1
2001-03-16,23.3867187501,-1
2001-03-19,23.37655448923574,-1
2001-03-20,23.08417510996328,-1
2001-03-21,22.17657661447988,-1
2001-03-22,22.32149314890371,-1
2001-03-23,22.425716400246483,-1
2001-03-26,21.706247329811912,1
2001-03-27,21.16472053537832,1
2001-03-28,21.9350471497582,1
2001-03-29,22.46894073496328,1
2001-03-30,22.23759651194082,1
2001-04-02,22.1994571686791,1
2001-04-03,21.891836166481834,1
2001-04-04,22.095218658547264,1
2001-04-05,22.5960636139916,1
2001-04-06,22.979942321877342,1
2001-04-09,23.196041107277733,1
2001-04-10,23.39687156687246,1
2001-04-11,23.0943546296166,1
2001-04-12,23.122306823830467,1
2001-04-16,23.541791915993553,1
2001-04-17,24.012111663918358,1
2001-04-18,23.885007858376365,1
2001-04-19,23.605352401833397,1
2001-04-20,23.41720962534414,1
2001-04-23,23.36382484446035,1
2001-04-24,23.51890754709707,1
2001-04-25,23.897716522316795,1
2001-04-26,24.291765213112694,1
2001-04-27,24.248548507790428,1
2001-04-30,24.528202056984764,1
2001-05-01,24.60956001291738,1
2001-05-02,24.787515640358787,1
2001-05-03,24.599409103493553,1
2001-05-04,24.8536262513207,1
2001-05-07,24.94007110605703,1
2001-05-08,24.90191650400625,1
2001-05-09,24.978202819924217,1
2001-05-10,24.7214241028832,1
2001-05-11,24.726505279641014,1
2001-05-14,24.861246109108787,1
2001-05-15,24.680738449196678,1
2001-05-16,25.364641189675194,1
2001-05-17,25.595973968605858,1
2001-05-18,25.76947784433828,1
2001-05-21,25.675067901711326,1
2001-05-22,25.259178161721092,1
2001-05-23,24.935165405373436,1
2001-05-24,24.863721847634178,1
2001-05-25,24.812700271706444,1
2001-05-29,24.861169815163475,1
2001-05-30,24.7744140626,1
2001-05-31,24.736141204933983,1
2001-06-01,25.004053115944725,1
2001-06-04,25.550060272316795,1
2001-06-05,26.0731086731957,1
2001-06-06,26.30527305613027,1
2001-06-07,26.295074462990623,1
2001-06-08,26.02716827402578,1
2001-06-11,25.863887786965233,1
2001-06-12,25.973581314186912,1
2001-06-13,25.876638412575584,1
2001-06-14,25.978694915871483,1
2001-06-15,26.555316925148826,1
2001-06-18,26.55020523081289,1
2001-06-19,27.18808364878164,1
2001-06-20,27.35647392282949,-1
2001-06-21,27.055402755837303,-1
2001-06-22,26.733913421730858,-1
2001-06-25,26.33078575144277,1
2001-06-26,26.080753326516014,1
2001-06-27,25.871540069680076,1
2001-06-28,26.63696479807363,1
2001-06-29,25.49391746530996,1
2001-07-02,26.1215763093041,1
2001-07-03,26.045015335183006,1
2001-07-05,25.978694915871483,1
2001-07-06,25.723554611306053,1
2001-07-09,26.596141815285545,1
2001-07-10,26.790037155251365,1
2001-07-11,27.223787307839256,1
2001-07-12,26.963554382424217,1
2001-07-13,27.07069969187246,1
2001-07-16,27.41771125803457,1
2001-07-17,28.01983642588125,1
2001-07-18,27.75959014902578,1
2001-07-19,27.657541275124412,1
2001-07-20,27.805507660012108,1
2001-07-23,27.351358413796287,1
2001-07-24,26.897207260231834,1
2001-07-25,26.892099380593162,1
2001-07-26,27.14213752756582,1
2001-07-27,27.050304412941795,1
2001-07-30,27.004364013771873,1
2001-07-31,27.606517791848045,1
2001-08-01,27.45343208322988,-1
2001-08-02,27.14213752756582,-1
2001-08-03,27.341156005959373,-1
2001-08-06,27.228904724221092,-1
2001-08-07,27.54526901255117,1
2001-08-08,27.407484054665428,1
2001-08-09,27.48405647287832,1
2001-08-10,28.075960159401756,1
2001-08-13,28.4229621888207,1
2001-08-14,29.081241607766014,-1
2001-08-15,29.086341858010154,-1
2001-08-16,28.009641647438865,-1
2001-08-17,27.518144607643944,-1
2001-08-20,28.081315994362694,-1
2001-08-21,27.79973220835195,-1
2001-08-22,28.045467376808983,-1
2001-08-23,27.97379684458242,1
2001-08-24,27.953317642311912,1
2001-08-27,27.825334549050194,1
2001-08-28,27.579580307106834,1
2001-08-29,27.27753448496328,1
2001-08-30,27.180259704689842,1
2001-08-31,26.985702514748436,1
2001-09-04,28.746866226296287,1
2001-09-05,28.792940139870506,1
2001-09-06,29.151329040627342,1
2001-09-07,28.53183364878164,1
2001-09-10,28.47552680979238,1
2001-09-17,28.577919006447654,1
2001-09-18,27.902124405007225,1
2001-09-19,27.410640716652733,1
2001-09-20,26.801397323708397,1
2001-09-21,26.745080947975975,1
2001-09-24,26.832117080788475,1
2001-09-25,27.10345458994375,1
2001-09-26,27.712684631447654,1
2001-09-27,27.891891479592186,1
2001-09-28,28.362894058327537,1
2001-10-01,28.373132705788475,-1
2001-10-02,28.15299034128652,-1
2001-10-03,27.78437042246328,1
2001-10-04,27.87653350840078,1
2001-10-05,28.004514694313865,1
2001-10-08,28.55231475840078,-1
2001-10-09,28.383367538552147,-1
2001-10-10,28.6905403138207,-1
2001-10-11,28.127384185891014,-1
2001-10-12,28.337303161721092,-1
2001-10-15,28.526712417702537,-1
2001-10-16,29.064292907814842,-1
2001-10-17,29.57624053965078,-1
2001-10-18,29.734964370827537,-1
2001-10-19,29.90902519236074,-1
2001-10-22,30.190605163674217,-1
2001-10-23,30.129177093605858,-1
2001-10-24,30.339090347390037,-1
2001-10-25,30.190605163674217,-1
2001-10-26,30.03702163706289,-1
2001-10-29,29.9807071686791,-1
2001-10-30,29.617197036843162,-1
2001-10-31,29.64792442331777,-1
2001-11-01,30.139410019020897,-1
2001-11-02,30.195730209450584,-1
2001-11-05,29.93974685678945,-1
2001-11-06,30.20597457895742,-1
2001-11-07,30.077974319558006,-1
2001-11-08,30.20597457895742,-1
2001-11-09,30.492668151955467,-1
2001-11-12,30.216190338234764,-1
2001-11-13,30.538742065529686,-1
2001-11-14,30.753761291603904,-1
2001-11-15,30.717933654885154,-1
2001-11-16,30.769279480080467,-1
2001-11-19,30.75901412973867,-1
2001-11-20,31.210914611916404,-1
2001-11-21,31.24684715280996,-1
2001-11-23,31.308464050392967,-1
2001-11-26,31.06711196909414,-1
2001-11-27,30.815500259499412,-1
2001-11-28,30.805221557717186,-1
2001-11-29,30.029838562111717,-1
2001-11-30,29.911722183327537,-1
2001-12-03,29.942548751931053,0
2001-12-04,29.387939453225,0
2001-12-05,29.064443588356834,0
2001-12-06,28.58688163767324,0
2001-12-07,29.090120315651756,1
2001-12-10,28.50986099253164,1
2001-12-11,28.828237533669334,1
2001-12-12,28.782014846901756,1
2001-12-13,28.874462127785545,1
2001-12-14,28.91038703928457,1
2001-12-17,28.987409591774803,1
2001-12-18,29.162004470925194,1
2001-12-19,29.629302978615623,1
2001-12-20,29.942548751931053,1
2001-12-21,30.66145896921621,1
2001-12-24,30.533063888649803,1
2001-12-26,30.640899658303123,1
2001-12-27,30.820623397927147,1
2001-12-28,30.73847198496328,1
2001-12-31,30.34819984446035,1
2002-01-02,30.142807006935936,1
2002-01-03,30.13254356394277,-1
2002-01-04,29.855257034401756,-1
2002-01-07,29.716596603493553,-1
2002-01-08,29.52145195017324,-1
2002-01-09,29.223623275856834,-1
2002-01-10,29.92712593088613,1
2002-01-11,29.90146255503164,-1
2002-01-14,30.255777359108787,-1
2002-01-15,30.384160995583397,-1
2002-01-16,30.594703674416404,-1
2002-01-17,30.723073959450584,-1
2002-01-18,30.656314849953514,1
2002-01-22,30.358465194802147,-1
2002-01-23,30.183891296486717,1
2002-01-24,29.803892135720115,-1
2002-01-25,29.603609085183006,-1
2002-01-28,29.685783386330467,1
2002-01-29,29.36227798471914,1
2002-01-30,29.372562408547264,1
2002-01-31,29.5317325593041,1
2002-02-01,29.577945709328514,0
2002-02-04,28.915523529152733,1
2002-02-05,28.499586105446678,1
2002-02-06,28.69471740732656,1
2002-02-07,29.00795555124746,1
2002-02-08,29.208236694435936,1
2002-02-11,29.2955322266625,1
2002-02-12,29.423900604348045,1
2002-02-13,29.829568863015037,1
2002-02-14,29.515359878640037,1
2002-02-15,29.484447479348045,1
2002-02-19,29.319604873757225,1
2002-02-20,29.937736511330467,1
2002-02-21,29.87593650827871,1
2002-02-22,30.597068786721092,1
2002-02-25,30.751611709694725,1
2002-02-26,30.91128349314199,1
2002-02-27,31.024614334206444,1
2002-02-28,31.36971855173574,1
2002-03-01,31.987852096657615,1
2002-03-04,31.8951301575707,1
2002-03-05,31.58091926584707,1
2002-03-06,32.20419311533438,-1
2002-03-07,32.770809173683986,-1
2002-03-08,32.79140853891836,-1
2002-03-11,32.868675232033596,-1
2002-03-12,32.786251068215236,-1
2002-03-13,32.9150390626,-1
2002-03-14,33.16227722177969,-1
2002-03-15,33.27560806284414,-1
2002-03-18,33.306507110695705,-1
2002-03-19,33.734031677346096,-1
2002-03-20,33.21895217905508,-1
2002-03-21,33.37863922129141,-1
2002-03-22,33.40437698374258,-1
2002-03-25,33.14683532724844,-1
2002-03-26,33.33226013193594,-1
2002-03-27,33.55374145517813,1
2002-03-28,33.45589065561758,1
2002-04-01,33.280757904152736,1
2002-04-02,33.198318481545314,1
2002-04-03,32.97684478769766,1
2002-04-04,32.69868850718008,1
2002-04-05,32.47719192514883,1
2002-04-08,32.64717483530508,1
2002-04-09,32.451431274514064,1
2002-04-10,32.67807388315664,1
2002-04-11,32.29691314707266,1
2002-04-12,32.281455993752346,1
2002-04-15,32.018753051857814,1
2002-04-16,32.585369110207424,1
2002-04-17,32.20419311533438,1
2002-04-18,33.115921020607814,1
2002-04-19,33.21895217905508,1
2002-04-22,32.6265869141625,1
2002-04-23,32.348411560158596,1
2002-04-24,32.76565551767813,1
2002-04-25,32.657485962014064,1
2002-04-26,32.76565551767813,1
2002-04-29,32.40508270273672,1
2002-04-30,32.894424438576564,1
2002-05-01,32.940784454445705,1
2002-05-02,33.069561004738674,1
2002-05-03,32.67293167124258,1
2002-05-06,31.987852096657615,1
2002-05-07,31.122467041115623,1
2002-05-08,31.36971855173574,1
2002-05-09,31.611827850441795,1
2002-05-10,31.85908508310781,1
2002-05-13,31.85392951975332,1
2002-05-14,31.44183349619375,1
2002-05-15,31.02976608286367,1
2002-05-16,31.18943977365957,1
2002-05-17,31.770900726418358,1
2002-05-20,31.24371528635488,1
2002-05-21,31.341917038063865,1
2002-05-22,32.044822692971096,1
2002-05-23,31.915607452492576,1
2002-05-24,31.734720230202537,1
2002-05-28,31.63652420053945,1
2002-05-29,31.71405220041738,1
2002-05-30,31.719209671120506,1
2002-05-31,31.708873748879295,1
2002-06-03,31.03697395334707,1
2002-06-04,30.70102500925527,1
2002-06-05,30.80955696115957,1
2002-06-06,30.36505126963125,1
2002-06-07,30.137651443581444,1
2002-06-10,30.49428367624746,1
2002-06-11,29.71382141123281,1
2002-06-12,29.58460998545156,1
2002-06-13,29.6724853516625,1
2002-06-14,29.367536544899803,1
2002-06-17,29.693155288796287,1
2002-06-18,29.181463241677147,1
2002-06-19,29.13495635996328,1
2002-06-20,28.447547912697654,1
2002-06-21,27.39315605173574,1
2002-06-24,27.97720909128652,1
2002-06-25,27.56888198862539,1
2002-06-26,27.982370376686912,1
2002-06-27,28.12192916880117,1
2002-06-28,27.010704040627342,1
2002-07-01,26.101030349831444,1
2002-07-02,26.674715042214256,1
2002-07-03,27.3673095704125,1
2002-07-05,28.214950561623436,1
2002-07-08,27.692935943703514,1
2002-07-09,27.196756363015037,1
2002-07-10,25.997671127419334,1
2002-07-11,26.349117279152733,1
2002-07-12,26.101030349831444,1
2002-07-15,25.325748443703514,1
2002-07-16,25.894287109475,1
2002-07-17,26.48350143442617,1
2002-07-18,25.703046798806053,1
2002-07-19,21.630258560280662,1
2002-07-22,21.981714248757225,1
2002-07-23,22.782854080300194,1
2002-07-24,24.653835296730858,1
2002-07-25,25.170700073342186,1
2002-07-26,25.64102554331289,1
2002-07-29,26.493839264016014,1
2002-07-30,26.328460693459373,1
2002-07-31,27.186420440773826,1
2002-08-01,26.57651138315664,1
2002-08-02,27.005519867043358,1
2002-08-05,25.894287109475,1
2002-08-06,26.40081787119375,1
2002-08-07,27.139909744362694,1
2002-08-08,28.204603195290428,1
2002-08-09,28.17361259470449,1
2002-08-12,28.209787368874412,1
2002-08-13,27.58438682566152,1
2002-08-14,28.685281753640037,1
2002-08-15,28.928228378395897,1
2002-08-16,28.697364807228904,1
2002-08-19,28.99823760996328,1
2002-08-20,28.4794921876,1
2002-08-21,28.474281311135154,1
2002-08-22,29.15387725840078,1
2002-08-23,28.437994003395897,1
2002-08-26,28.899682998757225,1
2002-08-27,28.40167427072988,1
2002-08-28,28.19936943064199,1
2002-08-29,28.095611572365623,1
2002-08-30,28.17343711863027,1
2002-09-03,27.327865600685936,1
2002-09-04,28.18899345407949,1
2002-09-05,28.23048973093496,1
2002-09-06,28.4898681641625,1
2002-09-09,28.635114669899803,1
2002-09-10,28.73367881784902,1
2002-09-11,28.780366897683006,1
2002-09-12,27.997049331765037,1
2002-09-13,28.085237503151756,1
2002-09-16,28.4794921876,1
2002-09-17,27.799911499123436,1
2002-09-18,27.934797287087303,1
2002-09-19,26.954362869362694,1
2002-09-20,27.13072395334707,1
2002-09-23,27.416042327980858,1
2002-09-24,27.810302734475,1
2002-09-25,27.831047058205467,1
2002-09-26,28.811489105324608,1
2002-09-27,28.583229065041404,1
2002-09-30,28.05411148081289,1
2002-10-01,29.20573616037832,1
2002-10-02,30.24324035654531,1
2002-10-03,30.077249527077537,1
2002-10-04,29.542930603127342,1
2002-10-07,29.41324424753652,1
2002-10-08,30.341815948586326,1
2002-10-09,29.15387725840078,1
2002-10-10,29.465127945046287,1
2002-10-11,29.41324424753652,1
2002-10-14,29.99943161020742,1
2002-10-15,30.896883010964256,1
2002-10-16,30.554487228493553,1
2002-10-17,31.228887558083397,1
2002-10-18,30.787946701149803,1
2002-10-21,31.700937271218162,1
2002-10-22,31.031747818093162,1
2002-10-23,30.061698913674217,1
2002-10-24,29.937187194924217,1
2002-10-25,29.963111877541404,1
2002-10-28,29.708927154641014,1
2002-10-29,29.17981147776113,1
2002-10-30,29.7244873047875,1
2002-10-31,30.476694107155662,1
2002-11-01,30.393682479958397,1
2002-11-04,30.455942154030662,1
2002-11-05,31.06806945810781,1
2002-11-06,31.265190124611717,1
2002-11-07,31.06806945810781,1
2002-11-08,31.265190124611717,1
2002-11-11,31.125118255715233,1
2002-11-12,31.135488510231834,1
2002-11-13,31.088804245095115,1
2002-11-14,31.363767624001365,1
2002-11-15,31.30909729013906,1
2002-11-18,30.752145767311912,1
2002-11-19,30.606410980324608,1
2002-11-20,31.23102569590078,1
2002-11-21,30.960357666115623,1
2002-11-22,30.476270675759178,-1
2002-11-25,30.52312088022695,-1
2002-11-26,29.362371444802147,-1
2002-11-27,30.05466079721914,-1
2002-11-29,29.679876327614647,-1
2002-12-02,28.99279975901113,-1
2002-12-03,29.060470581154686,-1
2002-12-04,29.528928756813865,-1
2002-12-05,29.0812873841332,-1
2002-12-06,28.768980026345115,-1
2002-12-09,28.919933319191795,1
2002-12-10,29.07606506357656,1
2002-12-11,29.237449646096092,1
2002-12-12,28.654462814431053,1
2002-12-13,28.581596374611717,1
2002-12-16,28.930335998635154,1
2002-12-17,28.45666694651113,1
2002-12-18,27.95175552378164,1
2002-12-19,27.80080986032949,1
2002-12-20,28.378591537575584,1
2002-12-23,28.36817169199453,1
2002-12-24,28.576398849587303,1
2002-12-26,28.035057067971092,1
2002-12-27,27.644657135109764,1
2002-12-30,27.9934024811791,1
2002-12-31,27.95697212229238,1
2003-01-02,28.80019950876699,1
2003-01-03,29.570566177468162,1
2003-01-06,29.85164451609121,1
2003-01-07,29.180173874001365,-1
2003-01-08,29.00840950022207,-1
2003-01-09,29.591386795143944,-1
2003-01-10,29.773584365944725,-1
2003-01-13,29.16977500925527,-1
2003-01-14,29.33633995066152,-1
2003-01-15,28.628431320290428,-1
2003-01-16,28.461870193581444,-1
2003-01-17,28.519130706887108,-1
2003-01-21,28.102705001931053,-1
2003-01-22,28.107927322487694,1
2003-01-23,28.524330139260154,-1
2003-01-24,27.90492248545156,-1
2003-01-27,27.160579681496483,-1
2003-01-28,27.608226776223045,-1
2003-01-29,27.275083541970115,1
2003-01-30,26.82745361338125,1
2003-01-31,27.90492248545156,1
2003-02-03,27.76437759409414,-1
2003-02-04,27.46248435984121,-1
2003-02-05,27.11893081675039,1
2003-02-06,27.12934112558828,1
2003-02-07,26.983600616555076,1
2003-02-10,27.08770179758535,1
2003-02-11,27.066886901955467,1
2003-02-12,26.025856018166404,-1
2003-02-13,26.817686081032615,1
2003-02-14,27.047651290993553,1
2003-02-18,27.73233604441152,1
2003-02-19,27.476228714089256,1
2003-02-20,27.13649559030996,1
2003-02-21,27.951847076516014,1
2003-02-24,27.4030647278832,1
2003-02-25,27.575538635353904,1
2003-02-26,27.084239959816795,1
2003-02-27,27.585981369118553,1
2003-02-28,27.413518905739647,1
2003-03-03,27.4030647278832,1
2003-03-04,27.016300201516014,1
2003-03-05,27.601682663063865,1
2003-03-06,27.85776901255117,1
2003-03-07,28.903089523415428,1
2003-03-10,28.291578292946678,-1
2003-03-11,28.474506378273826,-1
2003-03-12,28.579050064186912,-1
2003-03-13,28.997171402077537,-1
2003-03-14,28.84560203562246,-1
2003-03-17,29.472805023293358,-1
2003-03-18,29.676631927590233,-1
2003-03-19,29.953638076882225,-1
2003-03-20,29.99545097361074,-1
2003-03-21,30.664445877175194,-1
2003-03-24,29.66093635569082,-1
2003-03-25,29.833431243996483,-1
2003-03-26,29.613916397194725,-1
2003-03-27,29.770704269509178,-1
2003-03-28,29.990226745705467,-1
2003-03-31,30.246343612770897,-1
2003-04-01,30.533790588478904,-1
2003-04-02,30.528547287087303,-1
2003-04-03,30.03204536447988,-1
2003-04-04,30.230649948220115,-1
2003-04-07,29.964101791481834,-1
2003-04-08,30.052944183449608,-1
2003-04-09,29.92751121530996,-1
2003-04-10,29.90137481699453,-1
2003-04-11,29.990226745705467,-1
2003-04-14,30.199291229348045,-1
2003-04-15,29.258510589699608,-1
2003-04-16,28.427482605080467,-1
2003-04-17,28.751522064308983,1
2003-04-21,28.934440612892967,1
2003-04-22,29.315992355446678,1
2003-04-23,29.68708038340078,1
2003-04-24,30.052944183449608,-1
2003-04-25,29.37872505197988,-1
2003-04-28,29.796854019265037,1
2003-04-29,29.734127044777733,1
2003-04-30,29.457115173439842,0
2003-05-01,29.436208725075584,0
2003-05-02,29.603467941384178,0
2003-05-05,29.509382248024803,0
2003-05-06,29.54074478159414,0
2003-05-07,29.796854019265037,-1
2003-05-08,29.498933792214256,-1
2003-05-09,29.44666290293203,-1
2003-05-12,29.35257339487539,-1
2003-05-13,29.007627487282615,-1
2003-05-14,28.92922782907949,1
2003-05-15,28.97627830515371,1
2003-05-16,29.4172248841332,1
2003-05-19,28.67705726633535,1
2003-05-20,28.34110641489492,1
2003-05-21,28.057649612526756,1
2003-05-22,28.020883560280662,1
2003-05-23,27.86865425119863,1
2003-05-27,28.041873931984764,1
2003-05-28,28.167884826760154,1
2003-05-29,28.026155471901756,1
2003-05-30,28.530069351296287,1
2003-06-02,27.9368896485375,1
2003-06-03,28.26762008676992,1
2003-06-04,28.377840042214256,1
2003-06-05,27.30698776255117,1
2003-06-06,27.69019317636953,1
2003-06-09,27.67444038401113,1
2003-06-10,27.632438659767967,1
2003-06-11,27.821416854958397,1
2003-06-12,27.96315002451406,1
2003-06-13,27.5904426575707,1
2003-06-16,28.188865661721092,1
2003-06-17,28.74529457102285,1
2003-06-18,28.845029831032615,1
2003-06-19,28.561569213967186,1
2003-06-20,28.58256721506582,1
2003-06-23,28.005146026711326,1
2003-06-24,27.6114444733666,1
2003-06-25,27.543212890725,1
2003-06-26,27.453956604103904,1
2003-06-27,27.055017471413475,1
2003-06-30,27.138999939064842,1
2003-07-01,27.516952514748436,1
2003-07-02,27.7689208985375,1
2003-07-03,27.81616401682363,1
2003-07-07,27.810924530129295,1
2003-07-08,27.5484561921166,1
2003-07-09,27.254480362038475,1
2003-07-10,26.902788162331444,1
2003-07-11,27.23349380503164,1
2003-07-14,28.136384964089256,1
2003-07-15,27.585205078225,1
2003-07-16,27.6114444733666,1
2003-07-17,27.438215255837303,1
2003-07-18,27.68493843088613,1
2003-07-21,26.971021652321678,1
2003-07-22,27.17048645029531,1
2003-07-23,27.401466369728904,1
2003-07-24,27.138999939064842,1
2003-07-25,27.4172248841332,1
2003-07-28,27.013025283913475,1
2003-07-29,26.57732009897695,1
2003-07-30,26.808280944924217,1
2003-07-31,27.186244964699608,1
2003-08-01,26.472347259621483,1
2003-08-04,26.561580658058983,1
2003-08-05,26.131134033303123,1
2003-08-06,26.356855392556053,1
2003-08-07,27.191484451393944,1
2003-08-08,27.165248870949608,1
2003-08-11,27.12850761423574,1
2003-08-12,26.908025741677147,1
2003-08-13,26.76630401621328,1
2003-08-14,26.771549224953514,1
2003-08-15,26.924491882424217,1
2003-08-18,26.592229843239647,1
2003-08-19,26.402362823586326,1
2003-08-20,26.38653564463125,1
2003-08-21,26.05426788340078,1
2003-08-22,26.12809944162832,1
2003-08-25,26.143932342629295,1
2003-08-26,26.196668624977928,1
2003-08-27,25.980419159035545,1
2003-08-28,25.917131424050194,1
2003-08-29,26.149192810158592,1
2003-09-02,26.370712280373436,1
2003-09-03,26.497297287087303,1
2003-09-04,26.961410522560936,1
2003-09-05,26.634422302346092,1
2003-09-08,27.056354522805076,1
2003-09-09,27.029987335305076,1
2003-09-10,27.446638107399803,1
2003-09-11,27.557395935158592,1
2003-09-12,27.230392456154686,1
2003-09-15,26.813745498757225,1
2003-09-16,26.819015503029686,1
2003-09-17,26.486751556496483,1
2003-09-18,26.760995864968162,1
2003-09-19,26.534219741921287,1
2003-09-22,26.46565818796621,1
2003-09-23,26.381265640358787,1
2003-09-24,26.080638885598045,1
2003-09-25,26.122842788796287,1
2003-09-26,25.938236236672264,1
2003-09-29,26.29688262949453,1
2003-09-30,26.1175479889916,1
2003-10-01,26.51311683664785,1
2003-10-02,26.528940200905662,1
2003-10-03,26.42873191843496,1
2003-10-06,26.455095291237694,1
2003-10-07,26.423454284767967,1
2003-10-08,26.254678726296287,1
2003-10-09,26.04899215708242,1
2003-10-10,25.969888687233787,1
2003-10-13,26.259965896706444,1
2003-10-14,26.861217498879295,1
2003-10-15,26.634422302346092,1
2003-10-16,26.734630584816795,1
2003-10-17,26.58695602426992,1
2003-10-20,26.702981948952537,1
2003-10-21,26.819015503029686,1
2003-10-22,26.323261261086326,1
2003-10-23,26.528940200905662,1
2003-10-24,26.555311203102928,1
2003-10-27,26.328523635964256,1
2003-10-28,26.65551948557363,1
2003-10-29,26.09645652780996,1
2003-10-30,26.09645652780996,1
2003-10-31,26.544755935768944,1
2003-11-03,26.254678726296287,1
2003-11-04,25.922428131203514,1
2003-11-05,25.922428131203514,1
2003-11-06,25.93295860300527,1
2003-11-07,25.74309730539785,1
2003-11-10,25.700906753640037,1
2003-11-11,25.8854923249291,1
2003-11-12,26.107011795143944,1
2003-11-13,26.55002975473867,1
2003-11-14,27.620515823464256,1
2003-11-17,27.38204765329824,1
2003-11-18,27.5251350403832,1
2003-11-19,27.69470977793203,1
2003-11-20,27.28664207468496,1
2003-11-21,26.963397979836326,1
2003-11-24,27.281343460183006,1
2003-11-25,26.862689972023826,1
2003-11-26,26.338069915871483,1
2003-11-28,26.12608528147207,1
2003-12-01,26.23208427439199,1
2003-12-02,25.94061470041738,1
2003-12-03,26.051889419655662,1
2003-12-04,26.141981124977928,1
2003-12-05,26.051889419655662,1
2003-12-08,26.417551040749412,1
2003-12-09,26.502338409523826,1
2003-12-10,26.629529953102928,1
2003-12-11,26.497049331765037,-1
2003-12-12,26.173789978127342,-1
2003-12-15,26.21087074289785,1
2003-12-16,26.189676284890037,1
2003-12-17,26.152585983376365,1
2003-12-18,26.481136322121483,1
2003-12-19,26.55002975473867,-1
2003-12-22,26.75141143808828,-1
2003-12-23,26.788518905739647,-1
2003-12-24,26.88389205942617,-1
2003-12-26,26.82560920725332,-1
2003-12-29,27.159467697243553,-1
2003-12-30,27.223060608010154,-1
2003-12-31,27.37674522409902,-1
2004-01-02,27.37674522409902,-1
2004-01-05,27.535728454689842,-1
2004-01-06,27.41384696970449,-1
2004-01-07,27.42444610605703,-1
2004-01-08,27.551633834938865,-1
2004-01-09,27.23895263681875,-1
2004-01-12,27.76361083994375,-1
2004-01-13,27.68940734873281,-1
2004-01-14,27.55693244944082,-1
2004-01-15,27.472131729225975,-1
2004-01-16,26.735513687233787,-1
2004-01-20,27.29195976267324,-1
2004-01-21,27.85369300852285,-1
2004-01-22,28.11337089548574,-1
2004-01-23,28.08687400827871,-1
2004-01-26,28.351844787697654,-1
2004-01-27,28.235254287819725,-1
2004-01-28,28.17165184030996,-1
2004-01-29,28.558511734108787,-1
2004-01-30,28.30942916880117,-1
2004-02-02,28.367740631203514,-1
2004-02-03,28.53200340280996,-1
2004-02-04,28.871164321999412,-1
2004-02-05,28.881784439186912,-1
2004-02-06,28.696302414040428,-1
2004-02-09,28.675102233986717,-1
2004-02-10,28.844682693581444,-1
2004-02-11,28.961267471413475,-1
2004-02-12,29.062408447365623,-1
2004-02-13,28.8654670716332,-1
2004-02-17,28.961267471413475,-1
2004-02-18,28.68448448191152,-1
2004-02-19,28.514163971047264,-1
2004-02-20,28.370431900124412,-1
2004-02-23,28.237379074196678,1
2004-02-24,28.838844299416404,1
2004-02-25,28.774959564308983,1
2004-02-26,28.72707176218496,1
2004-02-27,28.695142746071678,-1
2004-03-01,28.615287780861717,-1
2004-03-02,28.141567230324608,-1
2004-03-03,28.32785606394277,-1
2004-03-04,28.226715087990623,-1
2004-03-05,28.27994346628652,1
2004-03-08,28.263996124367576,1
2004-03-09,28.035112381081444,1
2004-03-10,27.556068420510154,1
2004-03-11,27.20474815378652,1
2004-03-12,26.99183654795156,1
2004-03-15,26.917320251564842,1
2004-03-16,27.188785553078514,1
2004-03-17,27.082332611183983,1
2004-03-18,27.13556098947988,1
2004-03-19,26.640542984108787,1
2004-03-22,26.34779357920156,1
2004-03-23,26.427618026833397,1
2004-03-24,26.427618026833397,1
2004-03-25,26.72037887583242,1
2004-03-26,26.683124542336326,1
2004-03-29,26.917320251564842,1
2004-03-30,26.83746528635488,1
2004-03-31,26.997161865334373,1
2004-04-01,26.890703201393944,1
2004-04-02,27.24201202402578,1
2004-04-05,27.42298889170156,1
2004-04-06,27.401681900124412,1
2004-04-07,27.348466873268944,1
2004-04-08,27.07700157175527,1
2004-04-12,27.252656936745506,1
2004-04-13,27.353784561257225,1
2004-04-14,27.99785804758535,1
2004-04-15,29.019819259743553,1
2004-04-16,28.81222915659414,1
2004-04-19,28.700450897316795,1
2004-04-20,28.27994346628652,1
2004-04-21,28.57270812998281,1
2004-04-22,28.551429748635154,1
2004-04-23,28.57270812998281,1
2004-04-26,28.6898078919457,1
2004-04-27,28.93466758738027,1
2004-04-28,28.84416580210195,1
2004-04-29,28.796257019142967,1
2004-04-30,28.759004592995506,1
2004-05-03,29.238059997658592,1
2004-05-04,29.16885185251699,1
2004-05-05,28.785615921120506,1
2004-05-06,29.190151214699608,1
2004-05-07,29.434989929299217,1
2004-05-10,29.514850616555076,1
2004-05-11,29.34982681284414,1
2004-05-12,29.40305709848867,1
2004-05-13,29.238059997658592,1
2004-05-14,29.171169281105858,1
2004-05-17,29.26747703562246,1
2004-05-18,29.23004150400625,1
2004-05-19,29.042747497658592,1
2004-05-20,29.203279495339256,1
2004-05-21,29.395883560280662,1
2004-05-24,29.058820724587303,1
2004-05-25,29.62061309824453,1
2004-05-26,29.684825897316795,1
2004-05-27,29.85069465647207,1
2004-05-28,29.807888031105858,1
2004-06-01,29.839969635109764,1
2004-06-02,30.070066452126365,1
2004-06-03,30.278732299904686,1
2004-06-04,30.16638946543203,1
2004-06-07,30.348299026589256,1
2004-06-08,30.48206329355703,1
2004-06-09,30.369699478249412,1
2004-06-10,30.53556442270742,1
2004-06-14,30.503456115822654,1
2004-06-15,30.07541275034414,1
2004-06-16,29.898836135964256,1
2004-06-17,29.722269058327537,1
2004-06-18,29.561763763527733,1
2004-06-21,29.577810287575584,1
2004-06-22,29.625955581765037,1
2004-06-23,29.77044677744375,1
2004-06-24,29.79718780527578,1
2004-06-25,29.160474777321678,1
2004-06-28,29.41195487986074,1
2004-06-29,29.823945999245506,1
2004-06-30,29.802536010842186,1
2004-07-01,29.67947959909902,1
2004-07-02,29.615272522072654,1
2004-07-06,29.401241302590233,1
2004-07-07,29.176538467507225,1
2004-07-08,29.29957580576406,1
2004-07-09,29.422651290993553,1
2004-07-12,29.369153976540428,1
2004-07-13,29.631303787331444,1
2004-07-14,29.920240402321678,1
2004-07-15,29.615272522072654,1
2004-07-16,30.39109420786367,1
2004-07-19,30.17708396921621,1
2004-07-20,30.128915786843162,1
2004-07-21,29.82927322397695,1
2004-07-22,30.091470718483787,1
2004-07-23,29.823945999245506,1
2004-07-26,29.658071518044334,1
2004-07-27,29.775800705056053,1
2004-07-28,29.791835785012108,1
2004-07-29,29.67947959909902,1
2004-07-30,29.57246398935781,1
2004-08-02,29.70622444162832,1
2004-08-03,29.658071518044334,1
2004-08-04,29.738332748513084,1
2004-08-05,29.545705795388084,1
2004-08-06,29.213981628517967,1
2004-08-09,29.155107498268944,1
2004-08-10,29.422651290993553,1
2004-08-11,29.963058471779686,1
2004-08-12,30.123559951882225,1
2004-08-13,29.868129730324608,1
2004-08-16,30.163896560768944,1
2004-08-17,30.40589141855703,1
2004-08-18,30.669404983620506,1
2004-08-19,30.534971237282615,1
2004-08-20,30.67479133615957,1
2004-08-23,30.680158615212303,1
2004-08-24,30.744701385598045,1
2004-08-25,31.008205413918358,1
2004-08-26,30.932931900124412,1
2004-08-27,31.03509712229238,1
2004-08-30,30.94367218027578,1
2004-08-31,31.244834900002342,1
2004-09-01,31.0781250001,1
2004-09-02,31.040485382180076,1
2004-09-03,31.110391616921287,1
2004-09-07,31.115768432717186,1
2004-09-08,31.336261749367576,1
2004-09-09,30.927547454933983,1
2004-09-10,30.95981979380117,1
2004-09-13,31.2717170716332,1
2004-09-14,31.3792667389916,1
2004-09-15,31.287845611672264,1
2004-09-16,31.25558853159414,1
2004-09-17,31.47068977365957,1
2004-09-20,31.148042678933006,1
2004-09-21,31.137285232643944,1
2004-09-22,30.814605712990623,1
2004-09-23,30.416656494240623,1
2004-09-24,30.41127586374746,1
2004-09-27,30.400531768898826,1
2004-09-28,30.70705223093496,1
2004-09-29,30.669404983620506,1
2004-09-30,30.292980194191795,1
2004-10-01,30.653282165627342,1
2004-10-04,30.787733078102928,1
2004-10-05,30.900659561257225,1
2004-10-06,31.056623458962303,1
2004-10-07,30.072479248146873,1
2004-10-08,29.74981117258535,1
2004-10-11,29.771326065163475,1
2004-10-12,30.556482315163475,1
2004-10-13,30.389760971169334,1
2004-10-14,30.395158767800194,1
2004-10-15,30.427408218483787,1
2004-10-18,30.82538032541738,1
2004-10-19,30.443540573220115,1
2004-10-20,30.922157287697654,1
2004-10-21,31.072744369606834,1
2004-10-22,30.80923271189199,1
2004-10-25,30.696313858132225,1
2004-10-26,30.7769718171166,1
2004-10-27,31.067365646462303,1
2004-10-28,31.196428299050194,1
2004-10-29,31.39541435251699,1
2004-11-01,31.427671432595115,1
2004-11-02,31.212575912575584,1
2004-11-03,31.970829010109764,1
2004-11-04,31.847150802712303,1
2004-11-05,31.82563781748281,1
2004-11-08,32.180564880471096,1
2004-11-09,32.175186157326564,1
2004-11-10,32.33114242563711,1
2004-11-11,32.589282989601955,1
2004-11-12,32.959400177101955,1
2004-11-15,33.04584121714102,1
2004-11-16,32.975608825783596,1
2004-11-17,32.905357360939846,1
2004-11-18,33.02422332773672,1
2004-11-19,32.71085357676016,1
2004-11-22,32.889156341652736,1
2004-11-23,32.727066040139064,1
2004-11-24,32.69464492807852,1
2004-11-26,32.662220001320705,1
2004-11-29,32.52714538584219,1
2004-11-30,32.59198379526602,1
2004-12-01,33.06204223642813,1
2004-12-02,33.364639282326564,1
2004-12-03,33.45107650766836,1
2004-12-06,33.40786361704336,1
2004-12-07,32.64059066782461,1
2004-12-08,33.04043960581289,1
2004-12-09,33.12689590464102,1
2004-12-10,32.554153442482814,1
2004-12-13,32.76486969004141,1
2004-12-14,33.19173049936758,1
2004-12-15,32.905357360939846,1
2004-12-16,34.28317642221914,1
2004-12-17,34.35342788706289,1
2004-12-20,34.07783126841055,1
2004-12-21,34.01301956186758,1
2004-12-22,34.202129364113674,1
2004-12-23,34.36421585093008,-1
2004-12-27,34.32639312754141,-1
2004-12-28,34.450664520363674,-1
2004-12-29,34.32639312754141,-1
2004-12-30,34.33720397959219,-1
2004-12-31,34.26697158823477,-1
2005-01-03,33.98599624643789,-1
2005-01-04,33.87793731699453,-1
2005-01-05,33.85633087168203,-1
2005-01-06,33.95357894907461,-1
2005-01-07,33.82930374155508,1
2005-01-10,34.09405899057852,1
2005-01-11,33.97519683847891,1
2005-01-12,34.21295166025625,1
2005-01-13,33.48349761972891,1
2005-01-14,33.87793731699453,1
2005-01-18,34.05624389658438,1
2005-01-19,33.94278335581289,1
2005-01-20,33.76447677622305,1
2005-01-21,33.418655395607814,1
2005-01-24,33.224143982033596,1
2005-01-25,34.42905044565664,1
2005-01-26,34.93155288706289,1
2005-01-27,34.699214935402736,1
2005-01-28,34.91534423838125,1
2005-01-31,34.95856475840078,1
2005-02-01,35.34760284433828,1
2005-02-02,35.66098022470938,1
2005-02-03,35.47187042246328,1
2005-02-04,35.79065322885977,1
2005-02-07,35.904129028420314,1
2005-02-08,35.839282989601955,1
2005-02-09,35.76364135752188,1
2005-02-10,35.73123168955313,1
2005-02-11,36.14092254648672,1
2005-02-14,35.81534576426016,1
2005-02-15,35.766494751076564,1
2005-02-16,35.674243927101955,1
2005-02-17,35.46261596689688,1
2005-02-18,35.506023407082424,1
2005-02-22,35.31067276010977,1
2005-02-23,35.49518203745352,1
2005-02-24,35.75564575205313,1
2005-02-25,35.93472671518789,1
2005-02-28,35.59827423105703,1
2005-03-01,36.16806793222891,1
2005-03-02,36.33628845224844,1
2005-03-03,36.22232818613516,1
2005-03-04,36.759563446144924,1
2005-03-07,37.139427185158596,1
2005-03-08,37.003765106301174,1
2005-03-09,36.77042007456289,1
2005-03-10,36.90066146860586,1
2005-03-11,36.683589935402736,1
2005-03-14,36.80295181284414,1
2005-03-15,36.499080658058986,1
2005-03-16,36.38511657724844,1
2005-03-17,36.35256576548086,1
2005-03-18,36.49365997324453,1
2005-03-21,36.27657699594961,1
2005-03-22,36.244033813576564,1
2005-03-23,37.00918197641836,1
2005-03-24,36.949485778908596,1
2005-03-28,37.090591430764064,1
2005-03-29,36.85723114023672,1
2005-03-30,36.92780303965078,1
2005-03-31,36.44483184824453,1
2005-04-01,36.27657699594961,1
2005-04-04,36.88979721079336,1
2005-04-05,37.44873046885,1
2005-04-06,37.3402099610375,1
2005-04-07,37.573543548683986,1
2005-04-08,37.24795150766836,1
2005-04-11,37.38360595713125,1
2005-04-12,37.24795150766836,1
2005-04-13,37.22080230722891,1
2005-04-14,37.578968048195705,1
2005-04-15,37.66036987314688,1
2005-04-18,37.46501159677969,1
2005-04-19,37.47043228159414,1
2005-04-20,36.95492172251211,1
2005-04-21,37.05801391611563,1
2005-04-22,37.16655731211172,1
2005-04-25,37.19369888315664,1
2005-04-26,36.911495208840236,1
2005-04-27,37.079727172951564,1
2005-04-28,36.71615600595938,1
2005-04-29,37.24251937876211,1
2005-05-02,37.32392501841055,1
2005-05-03,37.29679870615469,1
2005-05-04,37.020034790139064,1
2005-05-05,37.17739486704336,1
2005-05-06,37.01460647593008,1
2005-05-09,36.99290466318594,1
2005-05-10,36.75414276133047,1
2005-05-11,36.873497009377346,1
2005-05-12,36.71072769175039,1
2005-05-13,36.590755462746486,1
2005-05-16,36.885234832863674,1
2005-05-17,37.032459259133205,1
2005-05-18,36.86342239389883,1
2005-05-19,36.75981140146719,1
2005-05-20,36.64528274546133,1
2005-05-23,36.67800521860586,1
2005-05-24,36.86342239389883,1
2005-05-25,36.79251098642813,1
2005-05-26,36.76524353037344,1
2005-05-27,36.77070999155508,1
2005-05-31,36.590755462746486,1
2005-06-01,36.70526504526602,1
2005-06-02,36.536216735939846,1
2005-06-03,36.23083877573477,1
2005-06-06,36.19812393198477,1
2005-06-07,36.28536987314688,1
2005-06-08,36.187210083107814,1
2005-06-09,36.38898468027578,1
2005-06-10,36.252647400002346,1
2005-06-13,36.247207641701564,1
2005-06-14,36.30719375620352,1
2005-06-15,36.1817626954125,1
2005-06-16,36.154495239357814,1
2005-06-17,36.2962760926293,1
2005-06-20,36.290813446144924,1
2005-06-21,36.279922485451564,1
2005-06-22,35.99091339121328,1
2005-06-23,35.63645172129141,1
2005-06-24,35.76187896738516,1
2005-06-27,35.80004119883047,1
2005-06-28,36.029075622658596,1
2005-06-29,35.82730484018789,1
2005-06-30,35.44559097300039,1
2005-07-01,35.41830444345938,1
2005-07-05,35.3637809754418,1
2005-07-06,34.98208236704336,1
2005-07-07,34.85663604746328,1
2005-07-08,35.05297088633047,1
2005-07-11,35.3310661316918,1
2005-07-12,35.325611114601955,1
2005-07-13,35.12929153452383,1
2005-07-14,35.22745513926016,1
2005-07-15,35.461956024269924,1
2005-07-18,35.22745513926016,1
2005-07-19,35.45650100718008,1
2005-07-20,35.42379379282461,1
2005-07-21,34.88936233530508,1
2005-07-22,35.07476043711172,1
2005-07-25,34.54036331186758,1
2005-07-26,34.17499542246328,1
2005-07-27,35.19473266611563,1
2005-07-28,35.29837417612539,1
2005-07-29,34.878440857033596,1
2005-08-01,35.17293167124258,1
2005-08-02,35.24380111704336,1
2005-08-03,35.37470245371328,1
2005-08-04,34.98208236704336,1
2005-08-05,34.64942169199453,1
2005-08-08,34.59488296518789,1
2005-08-09,34.911174774269924,1
2005-08-10,34.81846618662344,1
2005-08-11,35.06930923471914,1
2005-08-12,34.66033935556875,1
2005-08-15,34.54581069956289,1
2005-08-16,34.360408783058986,1
2005-08-17,34.627613067726955,1
2005-08-18,35.036602020363674,1
2005-08-19,34.84475326548086,1
2005-08-22,34.80638122568594,1
2005-08-23,34.4007682801293,1
2005-08-24,34.12122344980703,1
2005-08-25,34.274700164894924,1
2005-08-26,33.9512939454125,1
2005-08-29,34.537796020607814,1
2005-08-30,34.532310485939846,1
2005-08-31,34.746089935402736,1
2005-09-01,34.603572845558986,1
2005-09-02,34.47748947153555,1
2005-09-06,34.96533203135,1
2005-09-07,35.51895904551016,1
2005-09-08,35.135269165139064,1
2005-09-09,35.480606079201564,1
2005-09-12,35.45317840586172,1
2005-09-13,35.10784912119375,1
2005-09-14,35.244888305764064,1
2005-09-15,35.283252716164455,1
2005-09-16,35.727249145607814,1
2005-09-19,35.43674087534414,1
2005-09-20,35.299724578957424,1
2005-09-21,35.46414947519766,1
2005-09-22,35.45317840586172,1
2005-09-23,35.074974060158596,1
2005-09-26,35.00918197641836,1
2005-09-27,34.77899169931875,1
2005-09-28,34.647415161232814,1
2005-09-29,34.943416595558986,1
2005-09-30,34.68579483042227,1
2005-10-03,34.30210876474844,1
2005-10-04,34.55972290049063,1
2005-10-05,34.12122344980703,1
2005-10-06,33.74848556528555,1
2005-10-07,33.62241363535391,1
2005-10-10,33.69367599497305,1
2005-10-11,33.595020294289455,1
2005-10-12,33.87454986582266,1
2005-10-13,35.091411590676174,1
2005-10-14,34.9160156251,1
2005-10-17,34.532310485939846,1
2005-10-18,34.515884399514064,1
2005-10-19,35.255840301613674,1
2005-10-20,35.17361831675039,1
2005-10-21,35.118816375832424,1
2005-10-24,35.135269165139064,1
2005-10-25,34.850234985451564,1
2005-10-26,34.42817306528555,1
2005-10-27,33.677234649758205,1
2005-10-28,34.504905700783596,1
2005-10-31,34.324024200539455,1
2005-11-01,33.92938232431875,1
2005-11-02,33.60049438486563,1
2005-11-03,33.54568862925039,1
2005-11-04,33.37027359018789,1
2005-11-07,33.671749115090236,1
2005-11-08,33.30997085581289,1
2005-11-09,33.44701385508047,1
2005-11-10,33.660789489846096,1
2005-11-11,33.392200470070705,1
2005-11-14,33.167469024758205,1
2005-11-15,34.439136505226955,1
2005-11-16,34.669361114601955,1
2005-11-17,34.718685150246486,1
2005-11-18,34.4652099610375,1
2005-11-21,34.156658172707424,1
2005-11-22,33.9472770691918,1
2005-11-23,33.9803466797875,1
2005-11-25,34.24481964121328,1
2005-11-28,34.38257598886953,1
2005-11-29,34.16217041025625,1
2005-11-30,34.02442169199453,1
2005-12-01,33.99135208139883,1
2005-12-02,33.726882934670314,1
2005-12-05,33.638713836769924,1
2005-12-06,33.31915283213125,1
2005-12-07,33.082195282082424,1
2005-12-08,33.104236602883205,1
2005-12-09,33.11526107798086,1
2005-12-12,33.142822265725,1
2005-12-13,33.19791030893789,1
2005-12-14,33.12077331552969,1
2005-12-15,33.148338317971096,1
2005-12-16,33.53401565561758,1
2005-12-19,33.715877533058986,1
2005-12-20,33.489944458107814,1
2005-12-21,33.54504776010977,1
2005-12-22,33.78750228891836,1
2005-12-23,33.67179107676016,1
2005-12-27,33.2254638672875,1
2005-12-28,33.29159927378164,1
2005-12-29,33.19791030893789,1
2005-12-30,33.11526107798086,1
2006-01-03,33.95830535898672,1
2006-01-04,34.48176193247305,1
2006-01-05,34.33847808847891,1
2006-01-06,34.49277496347891,1
2006-01-09,34.707664489846096,1
2006-01-10,34.76826858530508,1
2006-01-11,34.437671661476955,1
2006-01-12,34.27789306650625,1
2006-01-13,34.06299209604727,1
2006-01-17,33.76544952402578,1
2006-01-18,34.266868591408596,1
2006-01-19,34.25584411631094,1
2006-01-20,33.500965118508205,1
2006-01-23,33.715877533058986,1
2006-01-24,32.70750427256094,1
2006-01-25,32.233665466408596,1
2006-01-26,32.310791015725,1
2006-01-27,32.34937286386953,1
2006-01-30,32.17855834970938,1
2006-01-31,31.704694748024803,1
2006-02-01,31.881025314431053,1
2006-02-02,31.76529502878652,1
2006-02-03,31.616529464821678,1
2006-02-06,31.32451248178945,1
2006-02-07,31.296953201393944,1
2006-02-08,32.288753509621486,1
2006-02-09,32.261219024758205,1
2006-02-10,32.17304611216055,1
2006-02-13,32.233665466408596,1
2006-02-14,32.53671646128164,1
2006-02-15,32.564250946144924,1
2006-02-16,32.498149871926174,1
2006-02-17,32.54773712168203,1
2006-02-21,32.58630752573477,1
2006-02-22,32.52569580088125,1
2006-02-23,32.283260345558986,1
2006-02-24,32.00617599497305,1
2006-02-27,32.089309692482814,1
2006-02-28,31.945222854714256,1
2006-03-01,31.9507942200707,1
2006-03-02,31.9674015046166,1
2006-03-03,31.845499038796287,1
2006-03-06,32.05605697641836,1
2006-03-07,32.261089325051174,1
2006-03-08,32.54923248301016,1
2006-03-09,32.310970306496486,1
2006-03-10,32.71546173105703,1
2006-03-13,32.73762893686758,1
2006-03-14,32.85400772104727,1
2006-03-15,33.13660049448477,1
2006-03-16,33.25851821909414,1
2006-03-17,33.43582153330313,1
2006-03-20,33.513408660988674,1
2006-03-21,33.563274383644924,1
2006-03-22,33.80154800425039,1
2006-03-23,33.69626235971914,1
2006-03-24,33.46352767954336,1
2006-03-27,33.21416473398672,1
2006-03-28,33.02578735361563,1
2006-03-29,32.97591018686758,1
2006-03-30,32.88723373423086,1
2006-03-31,32.81521224985586,1
2006-04-03,32.78750228891836,1
2006-04-04,32.593555450539455,1
2006-04-05,32.360828399758205,1
2006-04-06,32.41624450693594,1
2006-04-07,32.04498672495352,1
2006-04-10,31.97847557077871,1
2006-04-11,32.00064849863516,1
2006-04-12,32.067127227883205,1
2006-04-13,32.089309692482814,1
2006-04-17,31.945222854714256,1
2006-04-18,32.21120834360586,1
2006-04-19,32.15026092539297,1
2006-04-20,32.261089325051174,1
2006-04-21,32.344219207863674,1
2006-04-24,32.322036743264064,1
2006-04-25,32.255542755226955,1
2006-04-26,32.438396453957424,1
2006-04-27,32.49936676035391,1
2006-04-28,32.47718048105703,1
2006-05-01,32.466121673683986,1
2006-05-02,32.51044845591055,1
2006-05-03,32.333118438820705,1
2006-05-04,32.283245086769924,1
2006-05-05,32.527053833107814,1
2006-05-08,32.532608032326564,1
2006-05-09,32.338665008644924,1
2006-05-10,32.31649780283438,1
2006-05-11,32.60464477549063,1
2006-05-12,32.599102020363674,1
2006-05-15,33.23081207285391,1
2006-05-16,33.38595581064688,1
2006-05-17,33.31945037851797,1
2006-05-18,33.32501602182852,1
2006-05-19,33.19200897226797,1
2006-05-22,33.16983795176016,1
2006-05-23,33.24741363535391,1
2006-05-24,33.685176849465236,1
2006-05-25,33.70468902597891,1
2006-05-26,33.838497161965236,1
2006-05-30,33.37015533457266,1
2006-05-31,33.57645034800039,1
2006-06-01,33.81621551523672,1
2006-06-02,33.86638641367422,1
2006-06-05,33.526268005471096,1
2006-06-06,33.977893829445705,1
2006-06-07,34.10614013681875,1
2006-06-08,34.323596954445705,1
2006-06-09,34.22323608408438,1
2006-06-12,34.22323608408438,1
2006-06-13,34.039241790871486,1
2006-06-14,34.150737762551174,1
2006-06-15,34.27342224131094,1
2006-06-16,34.39051055918203,1
2006-06-19,34.20650100718008,1
2006-06-20,34.30685806284414,1
2006-06-21,34.45183563242422,1
2006-06-22,34.111717224221096,1
2006-06-23,34.189781189064846,1
2006-06-26,33.570884704689846,1
2006-06-27,33.202877044777736,1
2006-06-28,33.024463653664455,1
2006-06-29,33.392471313576564,1
2006-06-30,33.409202575783596,1
2006-07-03,33.537437439064846,1
2006-07-05,33.4760856629418,1
2006-07-06,33.74371719370352,1
2006-07-07,33.79947662363516,1
2006-07-10,33.98348617563711,1
2006-07-11,33.88312530527578,1
2006-07-12,33.79947662363516,1
2006-07-13,33.60434722910391,1
2006-07-14,33.71027374277578,1
2006-07-17,33.96118545542227,1
2006-07-18,33.78833389292227,1
2006-07-19,34.18419647226797,1
2006-07-20,34.2176513672875,1
2006-07-21,34.418376922707424,1
2006-07-24,34.55777740488516,1
2006-07-25,34.56892013559805,1
2006-07-26,34.59679412851797,1
2006-07-27,34.88114929209219,1
2006-07-28,35.08185958872305,1
2006-07-31,34.875572204689846,1
2006-08-01,34.94805145273672,1
2006-08-02,35.21012115488516,1
2006-08-03,35.17108535776602,1
2006-08-04,35.42198944101797,1
2006-08-07,35.27703094492422,1
2006-08-08,35.43871307383047,1
2006-08-09,35.30490875254141,1
2006-08-10,35.43314361582266,1
2006-08-11,35.3885498047875,1
2006-08-14,35.63386917124258,1
2006-08-15,35.91265869150625,1
2006-08-16,36.02416229258047,1
2006-08-17,35.81230926523672,1
2006-08-18,35.91822052011953,1
2006-08-21,35.8345947266625,1
2006-08-22,35.77326202402578,1
2006-08-23,35.63386917124258,1
2006-08-24,36.24160766611563,1
2006-08-25,36.266860962014064,1
2006-08-28,36.216384887795314,1
2006-08-29,36.227596283058986,1
2006-08-30,36.227596283058986,1
2006-08-31,36.261245727639064,1
2006-09-01,36.29489898691641,1
2006-09-05,36.064964294533596,1
2006-09-06,35.84625244150625,1
2006-09-07,35.58828353891836,1
2006-09-08,35.66119384775625,1
2006-09-11,35.91355896006094,1
2006-09-12,35.7957763672875,1
2006-09-13,35.78456497202383,1
2006-09-14,35.73969268808828,1
2006-09-15,35.77334976206289,1
2006-09-18,35.9808464051293,1
2006-09-19,35.992061615090236,1
2006-09-20,35.99765396128164,1
2006-09-21,36.02011108408438,1
2006-09-22,35.86867141733633,1
2006-09-25,35.99765396128164,1
2006-09-26,36.266860962014064,1
2006-09-27,36.350967407326564,1
2006-09-28,36.39582061777578,1
2006-09-29,36.418262481789455,1
2006-10-02,36.50238800058828,1
2006-10-03,36.73230361948477,1
2006-10-04,36.91738510141836,1
2006-10-05,36.51360321054922,1
2006-10-06,36.48556900034414,1
2006-10-09,36.379009246926174,1
2006-10-10,36.42948150644766,1
2006-10-11,36.50798797617422,1
2006-10-12,36.36216735849844,1
2006-10-13,36.216384887795314,1
2006-10-16,36.412654876808986,1
2006-10-17,37.05757522593008,1
2006-10-18,38.21841812143789,1
2006-10-19,38.1567497254418,1
2006-10-20,38.48200607309805,1
2006-10-23,38.75119018564688,1
2006-10-24,38.55490112314688,1
2006-10-25,38.599781036476955,1
2006-10-26,38.59416198740469,1
2006-10-27,38.22964859018789,1
2006-10-30,37.9660758973168,1
2006-10-31,37.79782104502188,1
2006-11-01,37.674434661965236,1
2006-11-02,38.078227996926174,1
2006-11-03,38.02774810801016,1
2006-11-06,38.36984634409414,1
2006-11-07,38.532470703225,1
2006-11-08,38.12870788584219,1
2006-11-09,37.09682846079336,1
2006-11-10,37.175342559914455,1
2006-11-13,36.97906494150625,1
2006-11-14,37.32674789438711,1
2006-11-15,37.315540313820705,1
2006-11-16,37.30994415293203,1
2006-11-17,37.70809936533438,1
2006-11-20,37.579116821389064,1
2006-11-21,37.34919357309805,1
2006-11-22,37.444534301857814,1
2006-11-24,37.13715744028555,1
2006-11-27,37.024375915627346,1
2006-11-28,37.2048454285668,1
2006-11-29,37.334529876808986,1
2006-11-30,37.171001434426174,1
2006-12-01,37.2048454285668,1
2006-12-04,37.37967300425039,1
2006-12-05,37.31763076792227,1
2006-12-06,37.23866653452383,1
2006-12-07,37.25559234629141,1
2006-12-08,37.19356155405508,1
2006-12-11,37.052574157814846,1
2006-12-12,36.984886169533596,1
2006-12-13,36.9228630066918,1
2006-12-14,37.36273956308828,1
2006-12-15,37.38530731211172,1
2006-12-18,37.56014633188711,1
2006-12-19,37.71806335459219,1
2006-12-20,37.46427154551016,1
2006-12-21,37.22175979624258,1
2006-12-22,37.024375915627346,1
2006-12-26,37.018733978371486,1
2006-12-27,37.2274169922875,1
2006-12-28,37.45862197885977,1
2006-12-29,37.2330322266625,1
2007-01-03,37.44735336313711,1
2007-01-04,37.91543579111563,1
2007-01-05,37.57141876230703,1
2007-01-08,37.509380340676174,1
2007-01-09,37.368389129738674,1
2007-01-10,37.30635452280508,1
2007-01-11,37.63345336924063,1
2007-01-12,37.58270645151602,1
2007-01-16,37.52630615244375,1
2007-01-17,37.71240615854727,1
2007-01-18,38.18613433847891,1
2007-01-19,38.214336395363674,1
2007-01-22,37.88723754892813,1
2007-01-23,37.503746032814846,1
2007-01-24,37.79136657724844,1
2007-01-25,37.605247497658596,1
2007-01-26,37.26122283945547,1
2007-01-29,37.30635452280508,1
2007-01-30,37.441699981789455,1
2007-01-31,37.672935485939846,1
2007-02-01,37.79136657724844,1
2007-02-02,37.54884719858633,1
2007-02-05,37.390945434670314,1
2007-02-06,37.22175979624258,1
2007-02-07,37.108963012795314,1
2007-02-08,37.08640289316641,1
2007-02-09,36.99616241465078,1
2007-02-12,36.91720199594961,1
2007-02-13,36.8720817566918,1
2007-02-14,37.13715744028555,1
2007-02-15,37.10332489023672,1
2007-02-16,36.94541931162344,1
2007-02-20,36.91720199594961,1
2007-02-21,36.65778732309805,1
2007-02-22,36.53372573862539,1
2007-02-23,36.38907623301016,1
2007-02-26,36.47416687021719,1
2007-02-27,35.765098571877346,1
2007-02-28,35.697021484475,1
2007-03-01,35.424739837746486,1
2007-03-02,35.14112091074453,1
2007-03-05,35.073055267433986,1
2007-03-06,34.99930572519766,1
2007-03-07,35.09008026133047,1
2007-03-08,35.01065826426016,1
2007-03-09,35.248897552590236,1
2007-03-12,35.05036544809805,1
2007-03-13,34.47177505503164,1
2007-03-14,34.437740326027736,1
2007-03-15,34.335613250832424,1
2007-03-16,34.32427215586172,1
2007-03-19,34.44906616220938,1
2007-03-20,34.64195251474844,1
2007-03-21,34.727031707863674,1
2007-03-22,34.522815704445705,1
2007-03-23,34.32427215586172,1
2007-03-26,34.176799774269924,1
2007-03-27,34.051998138527736,1
2007-03-28,34.03498458872305,1
2007-03-29,34.227859497170314,1
2007-03-30,34.18246459970938,1
2007-04-02,34.09170150766836,1
2007-04-03,34.39802169809805,1
2007-04-04,34.76672744760977,1
2007-04-05,34.91423797617422,1
2007-04-09,34.95960235605703,1
2007-04-10,34.982295990090236,1
2007-04-11,35.107078552346096,1
2007-04-12,35.124107360939846,1
2007-04-13,35.368022918801174,1
2007-04-16,35.74807739267813,1
2007-04-17,36.61597442636953,1
2007-04-18,36.54789733896719,1
2007-04-19,36.83719635019766,1
2007-04-20,36.93930053720938,1
2007-04-23,36.72943115244375,1
2007-04-24,36.581924438576564,1
2007-04-25,36.68970489511953,1
2007-04-26,36.44013214121328,1
2007-04-27,36.400405883889064,1
2007-04-30,36.42878341684805,1
2007-05-01,36.621665954689846,1
2007-05-02,36.576255798439846,1
2007-05-03,36.48550796518789,1
2007-05-04,36.576255798439846,1
2007-05-07,36.45146179209219,1
2007-05-08,36.13381576548086,1
2007-05-09,36.36637878427969,1
2007-05-10,35.45310211191641,1
2007-05-11,35.3226432801293,1
2007-05-14,35.515499115090236,1
2007-05-15,35.06737518320547,1
2007-05-16,35.765098571877346,1
2007-05-17,35.5892448426293,1
2007-05-18,35.97497940073477,1
2007-05-21,36.03171157846914,1
2007-05-22,36.06575393686758,1
2007-05-23,36.196208953957424,1
2007-05-24,36.24474334726797,1
2007-05-25,36.07915496836172,1
2007-05-29,35.99923706064688,1
2007-05-30,36.096294403176174,1
2007-05-31,36.12484359751211,1
2007-06-01,36.204761505226955,1
2007-06-04,36.313255310158596,1
2007-06-05,36.147686004738674,1
2007-06-06,35.91357803354727,1
2007-06-07,35.39972305307852,1
2007-06-08,35.47393798838125,1
2007-06-11,35.55386352549063,1
2007-06-12,35.302654266457424,1
2007-06-13,35.502483368019924,1
2007-06-14,35.65664291391836,1
2007-06-15,35.83935928354727,1
2007-06-18,35.58813858042227,1
2007-06-19,35.63951110849844,1
2007-06-20,35.42254638681875,1
2007-06-21,35.46252822885977,1
2007-06-22,34.67459487925039,1
2007-06-25,34.89155197153555,1
2007-06-26,35.19987487802969,1
2007-06-27,35.08568573008047,1
2007-06-28,35.11424255381094,1
2007-06-29,35.1827392579125,1
2007-07-02,35.314075470070705,1
2007-07-03,35.371177673439846,1
2007-07-05,35.559585571389064,1
2007-07-06,35.47393798838125,1
2007-07-09,35.81081008921133,1
2007-07-10,35.51390075693594,1
2007-07-11,35.89073944101797,1
2007-07-12,36.17621994028555,1
2007-07-13,36.2161865235375,1
2007-07-16,36.42744064341055,1
2007-07-17,35.822227478127346,1
2007-07-18,35.51390075693594,1
2007-07-19,35.62238693247305,1
2007-07-20,35.279808044533596,1
2007-07-23,35.39972305307852,1
2007-07-24,35.09711074839102,1
2007-07-25,35.1313591004418,1
2007-07-26,34.8059196473168,1
2007-07-27,34.12647247324453,1
2007-07-30,34.29775619516836,1
2007-07-31,34.54326629648672,1
2007-08-01,34.8059196473168,1
2007-08-02,34.84587860117422,1
2007-08-03,34.57182312021719,1
2007-08-06,35.571006775002346,1
2007-08-07,35.445396423439846,1
2007-08-08,35.67947006235586,1
2007-08-09,34.731685638527736,1
2007-08-10,34.91437911997305,1
2007-08-13,35.08568573008047,1
2007-08-14,34.90297317514883,1
2007-08-15,35.000041961769924,1
2007-08-16,35.188457489113674,1
2007-08-17,35.411128997902736,1
2007-08-20,35.302654266457424,1
2007-08-21,35.211292266945705,1
2007-08-22,35.405418396096096,1
2007-08-23,35.46252822885977,1
2007-08-24,35.568862915139064,1
2007-08-27,35.407913208107814,1
2007-08-28,35.206714630226955,1
2007-08-29,35.557361602883205,1
2007-08-30,35.407913208107814,1
2007-08-31,35.51713562021719,1
2007-09-04,35.626338958840236,1
2007-09-05,35.43667221079336,1
2007-09-06,35.4423942566918,1
2007-09-07,35.45389556894766,1
2007-09-10,35.54586792002188,1
2007-09-11,35.666580200295314,1
2007-09-12,35.930992126564846,1
2007-09-13,36.275859832863674,1
2007-09-14,36.32761383066641,1
2007-09-17,36.178157806496486,1
2007-09-18,36.689720153908596,1
2007-09-19,37.06909561167227,1
2007-09-20,37.241531372170314,1
2007-09-21,37.43122100840078,1
2007-09-24,37.47720718393789,1
2007-09-25,37.34500122080313,1
2007-09-26,37.586406707863674,1
2007-09-27,37.67264556894766,1
2007-09-28,37.76460647593008,1
2007-10-01,38.01750183115469,1
2007-10-02,37.96578979502188,1
2007-10-03,37.99451065073477,1
2007-10-04,38.00027847300039,1
2007-10-05,38.08074188242422,1
2007-10-08,37.948535919289455,1
2007-10-09,38.08074188242422,1
2007-10-10,37.83932876596914,1
2007-10-11,37.908306121926174,1
2007-10-12,37.90256500254141,1
2007-10-15,37.73585891733633,1
2007-10-16,37.4024772645043,1
2007-10-17,37.27603149424063,1
2007-10-18,37.30475997934805,1
2007-10-19,36.91965103159414,1
2007-10-22,36.98286819468008,1
2007-10-23,37.10358428965078,1
2007-10-24,37.04036331186758,1
2007-10-25,36.758708953957424,1
2007-10-26,36.959880828957424,1
2007-10-29,37.350749969582424,1
2007-10-30,37.258785247902736,1
2007-10-31,37.4599609376,1
2007-11-01,37.16681671152578,1
2007-11-02,37.235774993996486,1
2007-11-05,37.06909561167227,1
2007-11-06,37.1380729676293,1
2007-11-07,36.73570251474844,1
2007-11-08,37.12657165537344,1
2007-11-09,37.45421600351797,1
2007-11-12,38.1152343751,1
2007-11-13,38.69002151499258,1
2007-11-14,38.4486198426293,1
2007-11-15,38.44287490854727,1
2007-11-16,38.94296646128164,1
2007-11-19,38.850994110207424,1
2007-11-20,38.879722595314846,1
2007-11-21,38.59232330332266,1
2007-11-23,38.68197250376211,1
2007-11-26,38.96536254892813,1
2007-11-27,39.173606872658596,1
2007-11-28,39.53220367441641,1
2007-11-29,39.56111526499258,1
2007-11-30,39.17938613901602,1
2007-12-03,39.16204071054922,1
2007-12-04,39.295040130715236,1
2007-12-05,39.451229095558986,1
2007-12-06,39.50326919565664,1
2007-12-07,39.144676208596096,1
2007-12-10,39.20829010019766,1
2007-12-11,39.06949615488516,1
2007-12-12,39.156230926613674,1
2007-12-13,39.25456237802969,1
2007-12-14,39.09262466440664,1
2007-12-17,39.06949615488516,1
2007-12-18,39.16204071054922,1
2007-12-19,38.936450958351955,1
2007-12-20,38.9422607422875,1
2007-12-21,39.347103118996486,1
2007-12-24,39.25456237802969,1
2007-12-26,39.07526397715078,1
2007-12-27,38.9422607422875,1
2007-12-28,38.97115707407461,1
2007-12-31,38.57786560068594,1
2008-01-02,38.12096405039297,1
2008-01-03,38.132495880226955,1
2008-01-04,38.08045196543203,1
2008-01-07,38.67040252695547,1
2008-01-08,38.7166862488793,1
2008-01-09,39.21408081064688,1
2008-01-10,39.27770233164297,1
2008-01-11,39.26034164438711,1
2008-01-14,39.30084609995352,1
2008-01-15,39.19095230112539,1
2008-01-16,39.50905227671133,1
2008-01-17,39.23143005381094,1
2008-01-18,38.34071731577383,1
2008-01-22,37.75078582773672,1
2008-01-23,37.131919860939846,1
2008-01-24,36.73284912119375,1
2008-01-25,36.125545501808986,1
2008-01-28,36.478347778420314,1
2008-01-29,36.42050933847891,1
2008-01-30,35.963584900002346,1
2008-01-31,36.518840789894924,1
2008-02-01,36.646080017189846,1
2008-02-04,36.70969390879141,1
2008-02-05,36.362667083840236,1
2008-02-06,36.46678924570547,1
2008-02-07,36.327983856301174,1
2008-02-08,35.8768424988793,1
2008-02-11,35.79008483896719,1
2008-02-12,36.42050933847891,1
2008-02-13,36.67498779306875,1
2008-02-14,36.31641006479727,1
2008-02-15,36.380020141701564,1
2008-02-19,36.8195915223168,1
2008-02-20,36.57088851938711,1
2008-02-21,36.42629623423086,1
2008-02-22,36.784358978371486,1
2008-02-25,37.17444610605703,1
2008-02-26,37.0987663270043,1
2008-02-27,36.70285415659414,1
2008-02-28,36.51071929941641,1
2008-02-29,36.07404708872305,1
2008-03-03,36.231250763039455,1
2008-03-04,36.469970703225,1
2008-03-05,36.75524139414297,1
2008-03-06,36.464134216408596,1
2008-03-07,35.81204986582266,1
2008-03-10,35.70725250254141,1
2008-03-11,36.35352325449453,1
2008-03-12,36.41755294809805,1
2008-03-13,36.56894683847891,1
2008-03-14,36.475784301857814,1
2008-03-17,37.28506851206289,1
2008-03-18,38.02448272715078,1
2008-03-19,37.77412033091055,1
2008-03-20,38.065242767433986,1
2008-03-24,37.77994155893789,1
2008-03-25,37.58199691782461,1
2008-03-26,37.6693229676293,1
2008-03-27,37.622756958107814,1
2008-03-28,37.3665771485375,1
2008-03-31,37.768310546975,1
2008-04-01,38.35051727304922,1
2008-04-02,38.02448272715078,1
2008-04-03,38.00119018564688,1
2008-04-04,38.26902008066641,1
2008-04-07,38.507705688576564,1
2008-04-08,38.61252594004141,1
2008-04-09,38.59503555307852,1
2008-04-10,38.61835098276602,1
2008-04-11,38.42620849619375,1
2008-04-14,38.27483367929922,1
2008-04-15,38.222427368264064,1
2008-04-16,38.25153732309805,1
2008-04-17,38.28646469126211,1
2008-04-18,38.723133087258205,1
2008-04-21,38.61252594004141,1
2008-04-22,39.00260162363516,1
2008-04-23,39.159805297951564,1
2008-04-24,39.22382354746328,1
2008-04-25,39.18888854990469,1
2008-04-28,39.194717407326564,1
2008-04-29,39.11905670176016,1
2008-04-30,39.06081771860586,1
2008-05-01,39.480022430519924,1
2008-05-02,39.74201583872305,1
2008-05-05,39.532424926857814,1
2008-05-06,39.34609603891836,1
2008-05-07,38.95602417002188,1
2008-05-08,38.9501953126,1
2008-05-09,38.746421814064846,1
2008-05-12,38.83957290659414,1
2008-05-13,38.66492462168203,1
2008-05-14,38.89780426035391,1
2008-05-15,38.822097778420314,1
2008-05-16,38.822097778420314,1
2008-05-19,38.79299926767813,1
2008-05-20,38.51354217539297,1
2008-05-21,38.26902008066641,1
2008-05-22,38.35109329233633,1
2008-05-23,38.063804626564846,1
2008-05-27,38.198657989601955,1
2008-05-28,38.04034805307852,1
2008-05-29,38.94326782236563,1
2008-05-30,39.13089370737539,1
2008-06-02,38.99604034433828,1
2008-06-03,39.142620086769924,1
2008-06-04,39.01948928843008,1
2008-06-05,39.259883880715236,1
2008-06-06,38.55630111704336,1
2008-06-09,38.48007583628164,1
2008-06-10,38.47421646128164,1
2008-06-11,38.22797012339102,1
2008-06-12,38.5152587891625,1
2008-06-13,38.8553466797875,1
2008-06-16,38.603206634621486,1
2008-06-17,38.45661544809805,1
2008-06-18,37.78236770639883,1
2008-06-19,37.887901306252346,1
2008-06-20,37.559551239113674,1
2008-06-23,37.694419860939846,1
2008-06-24,37.946529388527736,1
2008-06-25,38.27486038218008,1
2008-06-26,37.67683029184805,1
2008-06-27,37.272258758644924,1
2008-06-30,37.723716735939846,1
2008-07-01,37.92894744883047,1
2008-07-02,37.89963150034414,1
2008-07-03,38.18106842051016,1
2008-07-07,38.25727462778555,1
2008-07-08,38.82013702402578,1
2008-07-09,38.80255889902578,1
2008-07-10,39.248165130715236,1
2008-07-11,38.84946060190664,1
2008-07-14,38.937419891457424,1
2008-07-15,39.693748474221096,1
2008-07-16,39.98104858408438,1
2008-07-17,39.769981384377346,1
2008-07-18,39.76410675058828,1
2008-07-21,39.34781646738516,1
2008-07-22,39.86380004892813,1
2008-07-23,40.02796173105703,1
2008-07-24,40.25661849985586,1
2008-07-25,40.473552703957424,1
2008-07-28,40.15109634409414,1
2008-07-29,40.15109634409414,1
2008-07-30,39.91656494150625,1
2008-07-31,40.14523696909414,1
2008-08-01,39.92829513559805,1
2008-08-04,40.444255828957424,1
2008-08-05,41.306148529152736,1
2008-08-06,41.66965484629141,1
2008-08-07,41.423416137795314,1
2008-08-08,41.951099395851955,1
2008-08-11,42.01560974131094,1
2008-08-12,42.03903961191641,1
2008-08-13,41.745864868264064,1
2008-08-14,41.74000930796133,1
2008-08-15,41.822105407814846,1
2008-08-18,41.68136978159414,1
2008-08-19,41.7165641785668,1
2008-08-20,41.67551422129141,1
2008-08-21,41.79278564463125,1
2008-08-22,42.146865844826564,1
2008-08-25,41.780986785988674,1
2008-08-26,41.727859497170314,1
2008-08-27,42.022911071877346,1
2008-08-28,42.14096450815664,1
2008-08-29,41.5626335145043,1
2008-09-02,42.32979202280508,1
2008-09-03,42.199974060158596,1
2008-09-04,41.57443618784414,1
2008-09-05,41.70425796518789,1
2008-09-08,42.618946075539455,1
2008-09-09,42.09966278086172,1
2008-09-10,42.034725189308986,1
2008-09-11,41.99341201792227,1
2008-09-12,41.657058715920314,1
2008-09-15,41.07872772226797,1
2008-09-16,41.19085693369375,1
2008-09-17,41.01970672617422,1
2008-09-18,41.857681274514064,1
2008-09-19,41.302978515725,1
2008-09-22,40.37058258066641,1
2008-09-23,40.21714782724844,1
2008-09-24,40.24074172983633,1
2008-09-25,40.93118286142813,1
2008-09-26,40.95478057871328,1
2008-09-29,39.4794921876,1
2008-09-30,40.883987426857814,1
2008-10-01,40.004695892433986,1
2008-10-02,40.004695892433986,1
2008-10-03,39.04279708872305,1
2008-10-06,38.06319046030508,1
2008-10-07,36.87703323374258,1
2008-10-08,36.80029678354727,1
2008-10-09,33.979507446389064,1
2008-10-10,32.95858383188711,1
2008-10-13,36.9891471863793,1
2008-10-14,37.768123626808986,1
2008-10-15,35.72627639780508,1
2008-10-16,37.47304916391836,1
2008-10-17,36.971450805764064,1
2008-10-20,38.02777099619375,1
2008-10-21,37.56747436533438,1
2008-10-22,36.24557495127188,1
2008-10-23,36.853416442971096,1
2008-10-24,35.87381362925039,1
2008-10-27,35.49612808237539,1
2008-10-28,37.880237579445705,1
2008-10-29,36.31050491343008,1
2008-10-30,35.74397659311758,1
2008-10-31,36.198379516701564,1
2008-11-03,36.092159271340236,1
2008-11-04,36.52294158945547,1
2008-11-05,35.319091796975,1
2008-11-06,34.18014526377188,1
2008-11-07,35.53743362436758,1
2008-11-10,35.41351699839102,1
2008-11-11,35.14204025278555,1
2008-11-12,34.18014526377188,1
2008-11-13,37.11896896372305,1
2008-11-14,35.437114715676174,1
2008-11-17,34.9768180848168,1
2008-11-18,35.93282699594961,1
2008-11-19,34.29815673838125,1
2008-11-20,32.93496704111563,1
2008-11-21,34.72006607065664,1
2008-11-24,35.172290802101955,1
2008-11-25,34.92831802378164,1
2008-11-26,34.67246246347891,1
2008-11-28,34.85692596445547,1
2008-12-01,32.923076629738674,1
2008-12-02,33.815628051857814,1
2008-12-03,34.1071891785668,1
2008-12-04,33.428848266701564,1
2008-12-05,34.64865875254141,1
2008-12-08,34.96999740610586,1
2008-12-09,34.39875030527578,1
2008-12-10,34.39279937754141,1
2008-12-11,34.660579681496486,1
2008-12-12,34.065532684426174,1
2008-12-15,34.39875030527578,1
2008-12-16,35.4638671876,1
2008-12-17,34.97592926035391,1
2008-12-18,35.10089492807852,1
2008-12-19,35.01164245615469,1
2008-12-22,35.06519317636953,1
2008-12-23,34.91643524179922,1
2008-12-24,34.84503555307852,1
2008-12-26,34.84503555307852,1
2008-12-29,34.601070404152736,1
2008-12-30,35.20800018320547,1
2008-12-31,35.6007194520043,1
2009-01-02,36.08864974985586,1
2009-01-05,35.731624603371486,1
2009-01-06,35.51741409311758,1
2009-01-07,35.184192657570705,1
2009-01-08,35.11874771128164,1
2009-01-09,35.136592865090236,1
2009-01-12,34.71413040171133,1
2009-01-13,35.01164245615469,1
2009-01-14,34.48206329355703,1
2009-01-15,34.285686493019924,1
2009-01-16,34.17859268198477,1
2009-01-20,33.768028259377346,1
2009-01-21,33.53595352182852,1
2009-01-22,33.83942031870352,1
2009-01-23,33.303890228371486,1
2009-01-26,33.64901351938711,1
2009-01-27,34.23810577402578,1
2009-01-28,34.84503555307852,1
2009-01-29,34.67841339121328,1
2009-01-30,34.32733917246328,1
2009-02-02,34.32733917246328,1
2009-02-03,34.85692596445547,1
2009-02-04,34.48800277719961,1
2009-02-05,34.57726287851797,1
2009-02-06,34.81527328501211,1
2009-02-09,34.809322357277736,1
2009-02-10,33.7561149598168,1
2009-02-11,34.113147735695705,1
2009-02-12,34.380901336769924,1
2009-02-13,33.976280212502346,1
2009-02-17,33.30984497080313,1
2009-02-18,33.22058486948477,1
2009-02-19,33.28009033213125,1
2009-02-20,32.78811645517813,1
2009-02-23,32.18816375742422,1
2009-02-24,32.722122192482814,1
2009-02-25,32.37414932260977,1
2009-02-26,31.462190628151756,1
2009-02-27,29.9982852936791,1
2009-03-02,28.75036811838613,1
2009-03-03,28.582359314064842,1
2009-03-04,29.458316803078514,1
2009-03-05,28.600355148415428,1
2009-03-06,28.780344009499412,1
2009-03-09,27.958398819069725,1
2009-03-10,28.666360855202537,1
2009-03-11,28.738355636696678,1
2009-03-12,29.3983039856957,1
2009-03-13,30.382253646950584,1
2009-03-16,30.43626022348867,1
2009-03-17,30.430253982643944,1
2009-03-18,30.394271850685936,1
2009-03-19,30.034278869728904,1
2009-03-20,31.000234603981834,1
2009-03-23,31.936162948708397,1
2009-03-24,31.618190765480858,1
2009-03-25,31.714191436867576,1
2009-03-26,31.73818779001699,1
2009-03-27,31.696184158425194,1
2009-03-30,31.80418586740957,1
2009-03-31,31.558193206887108,1
2009-04-01,31.822166442971092,1
2009-04-02,31.780181884865623,1
2009-04-03,31.288185119728904,1
2009-04-06,31.31821823130117,1
2009-04-07,30.814228057961326,1
2009-04-08,30.86823272715078,1
2009-04-09,30.844234466652733,1
2009-04-13,30.688243866066795,1
2009-04-14,30.820241928200584,1
2009-04-15,31.06022262583242,1
2009-04-16,31.31821823130117,1
2009-04-17,31.828168869118553,1
2009-04-20,31.480182647805076,1
2009-04-21,31.474191665749412,1
2009-04-22,30.706235885720115,1
2009-04-23,30.83823204050527,1
2009-04-24,30.550249099831444,1
2009-04-27,30.514244079689842,1
2009-04-28,30.388261795143944,1
2009-04-29,30.616250991921287,1
2009-04-30,31.41419982920156,1
2009-05-01,31.552202224831444,1
2009-05-04,32.254146576027736,1
2009-05-05,32.61414337168203,1
2009-05-06,32.52413558969961,1
2009-05-07,32.93211364756094,1
2009-05-08,32.98611068735586,1
2009-05-11,32.464134216408596,1
2009-05-12,32.99810028086172,1
2009-05-13,33.08810424814688,1
2009-05-14,33.01010894785391,1
2009-05-15,33.24409103403555,1
2009-05-18,33.62807846079336,1
2009-05-19,33.53207778940664,1
2009-05-20,33.520076751808986,1
2009-05-21,33.28403472910391,1
2009-05-22,33.15086364756094,1
2009-05-26,33.447444915871486,1
2009-05-27,32.81796264658438,1
2009-05-28,33.00558853159414,1
2009-05-29,33.386917114357814,1
2009-06-01,33.76219940195547,1
2009-06-02,34.022449493508205,1
2009-06-03,33.9921875001,1
2009-06-04,33.798503875832424,1
2009-06-05,33.85297775278555,1
2009-06-08,33.67138671885,1
2009-06-09,33.71376419077383,1
2009-06-10,33.689563751320705,1
2009-06-11,33.925621032814846,1
2009-06-12,33.931655883889064,1
2009-06-15,33.138774871926174,1
2009-06-16,33.06007766733633,1
2009-06-17,33.41112518320547,1
2009-06-18,33.768245697121486,1
2009-06-19,33.9498291016625,1
2009-06-22,33.586666107277736,1
2009-06-23,33.29611969004141,1
2009-06-24,33.56851196299063,1
2009-06-25,34.05876159677969,1
2009-06-26,34.25851440439688,1
2009-06-29,34.47640991220938,1
2009-06-30,34.37957763681875,1
2009-07-01,34.542991638283596,1
2009-07-02,33.883255004982814,1
2009-07-06,34.270618438820705,1
2009-07-07,34.03456497202383,1
2009-07-08,34.549060821633205,1
2009-07-09,34.31299591074453,1
2009-07-10,34.4582633973168,1
2009-07-13,34.93642044077383,1
2009-07-14,35.24510955820547,1
2009-07-15,35.686946868996486,1
2009-07-16,35.86248779306875,1
2009-07-17,35.850391388039455,1
2009-07-20,35.74747467051016,1
2009-07-21,36.007747650246486,1
2009-07-22,35.826168060402736,1
2009-07-23,36.449600219826564,1
2009-07-24,37.23041152964102,1
2009-07-27,37.085140228371486,-1
2009-07-28,36.87329864511953,-1
2009-07-29,37.01857376108633,-1
2009-07-30,37.399890899758205,-1
2009-07-31,36.855144500832424,-1
2009-08-03,36.98224639902578,-1
2009-08-04,36.95804595957266,-1
2009-08-05,36.58881378183828,1
2009-08-06,36.27407836924063,1
2009-08-07,36.25592041025625,1
2009-08-10,36.752246856789455,1
2009-08-11,36.449600219826564,1
2009-08-12,36.67356109629141,1
2009-08-13,36.510128021340236,-1
2009-08-14,36.36487197885977,-1
2009-08-17,36.20750427256094,-1
2009-08-18,36.195388794045314,-1
2009-08-19,36.540401458840236,-1
2009-08-20,36.89145660410391,-1
2009-08-21,37.23926544199453,-1
2009-08-24,37.391807556252346,-1
2009-08-25,37.30636596689688,-1
2009-08-26,36.99519729624258,-1
2009-08-27,36.90977478037344,-1
2009-08-28,36.7877311707543,-1
2009-08-31,36.87924575815664,-1
2009-09-01,36.574172973732814,-1
2009-09-02,36.46432876596914,-1
2009-09-03,36.42160797129141,-1
2009-09-04,36.806011200051174,-1
2009-09-08,36.95858764658438,-1
2009-09-09,37.172142028908596,-1
2009-09-10,37.01347351084219,-1
2009-09-11,36.86705017099844,-1
2009-09-14,36.81824493418203,-1
2009-09-15,36.702312469582424,-1
2009-09-16,36.72671127329336,-1
2009-09-17,37.080615997414455,-1
2009-09-18,37.08673095713125,-1
2009-09-21,37.01959609995352,-1
2009-09-22,37.26978302011953,-1
2009-09-23,37.080615997414455,-1
2009-09-24,37.05010223398672,-1
2009-09-25,36.98907852182852,-1
2009-09-28,37.38570022593008,-1
2009-09-29,37.17824172983633,-1
2009-09-30,37.15383529673086,-1
2009-10-01,36.49484634409414,-1
2009-10-02,36.446025848488674,1
2009-10-05,36.50094223032461,1
2009-10-06,36.7877311707543,1
2009-10-07,37.043987274269924,1
2009-10-08,37.1843376160668,1
2009-10-09,37.6724853516625,1
2009-10-12,38.15453338633047,1
2009-10-13,37.22705459604727,1
2009-10-14,36.94636917124258,1
2009-10-15,37.1843376160668,1
2009-10-16,36.891460418801174,1
2009-10-19,37.318584442238674,1
2009-10-20,36.970779419045314,1
2009-10-21,36.799922943215236,1
2009-10-22,37.1843376160668,1
2009-10-23,36.94026565561758,1
2009-10-26,36.665691375832424,1
2009-10-27,36.62297821054922,1
2009-10-28,36.34839248667227,1
2009-10-29,36.52534103403555,1
2009-10-30,36.03111267099844,1
2009-11-02,36.299583435158596,1
2009-11-03,35.95787811289297,1
2009-11-04,36.317886352639064,1
2009-11-05,36.59856414804922,1
2009-11-06,36.7938346863793,1
2009-11-09,37.06840515146719,1
2009-11-10,37.361282348732814,1
2009-11-11,37.14163589487539,1
2009-11-12,37.31247329721914,1
2009-11-13,37.48334503183828,1
2009-11-16,37.947063446144924,1
2009-11-17,37.934864044289455,1
2009-11-18,38.026382446389064,1
2009-11-19,38.093505859475,1
2009-11-20,38.3210563660668,1
2009-11-23,38.554763794045314,1
2009-11-24,38.85610961924063,1
2009-11-25,38.92991638193594,1
2009-11-27,38.67777252207266,1
2009-11-30,38.64701843271719,1
2009-12-01,39.05905914316641,1
2009-12-02,39.28662109385,1
2009-12-03,39.45883178720938,1
2009-12-04,39.58181762705313,1
2009-12-07,39.58797836313711,-1
2009-12-08,39.514175415139064,-1
2009-12-09,39.59413528452383,1
2009-12-10,39.83397674570547,1
2009-12-11,39.88318252573477,1
2009-12-14,39.95083236704336,1
2009-12-15,39.815513610939846,1
2009-12-16,39.85243606577383,1
2009-12-17,39.64946746836172,1
2009-12-18,39.58797836313711,1
2009-12-21,39.563377380471096,1
2009-12-22,39.686382293801174,1
2009-12-23,39.71097183237539,1
2009-12-24,39.79092788706289,1
2009-12-28,39.93852996836172,1
2009-12-29,39.93852996836172,1
2009-12-30,39.92008972177969,1
2009-12-31,39.61258316050039,1
2010-01-04,39.77862548838125,1
2010-01-05,39.31738662729727,1
2010-01-06,39.63716506968008,1
2010-01-07,39.35426712046133,1
2010-01-08,39.48957061777578,1
2010-01-11,39.4957275391625,1
2010-01-12,39.704822540383205,1
2010-01-13,39.956966400246486,1
2010-01-14,40.03692626963125,1
2010-01-15,39.704822540383205,1
2010-01-19,40.190670013527736,1
2010-01-20,40.06769180307852,1
2010-01-21,39.34198379526602,1
2010-01-22,38.86841201792227,1
2010-01-25,38.880718231301174,1
2010-01-26,38.61626434336172,1
2010-01-27,39.016014099221096,1
2010-01-28,39.237415313820705,1
2010-01-29,38.6593017579125,1
2010-02-01,38.800777435402736,1
2010-02-02,39.35426712046133,1
2010-02-03,39.13286590586172,1
2010-02-04,38.52402114878164,1
2010-02-05,38.52402114878164,1
2010-02-08,38.357959747414455,1
2010-02-09,38.59781646738516,1
2010-02-10,38.57937240610586,1
2010-02-11,38.6900634766625,1
2010-02-12,38.57322692881094,1
2010-02-16,39.12056350718008,1
2010-02-17,39.34812927256094,1
2010-02-18,39.686382293801174,1
2010-02-19,39.5438346863793,1
2010-02-22,39.34553909311758,1
2010-02-23,39.233989715676174,1
2010-02-24,39.32074737558828,1
2010-02-25,39.21540069590078,1
2010-02-26,39.041893005471096,1
2010-03-01,39.2835693360375,1
2010-03-02,39.31454849253164,1
2010-03-03,39.28976058969961,1
2010-03-04,39.39509963999258,1
2010-03-05,39.686382293801174,1
2010-03-08,39.785537719826564,1
2010-03-09,39.828907013039455,1
2010-03-10,39.8413200379418,1
2010-03-11,39.79792404184805,1
2010-03-12,39.77312469492422,1
2010-03-15,40.014820098976955,1
2010-03-16,39.990032196144924,1
2010-03-17,40.064407348732814,1
2010-03-18,40.31848907480703,1
2010-03-19,40.349475860695705,1
2010-03-22,40.3432731629418,1
2010-03-23,40.50438690195547,1
2010-03-24,40.12637710581289,1
2010-03-25,40.014820098976955,1
2010-03-26,39.89707946787344,1
2010-03-29,40.16975021372305,1
2010-03-30,40.21932983408438,1
2010-03-31,40.40524673471914,1
2010-04-01,40.758472442726955,1
2010-04-05,40.52918243418203,1
2010-04-06,40.47341918955313,1
2010-04-07,40.417644500832424,1
2010-04-08,40.23793411264883,1
2010-04-09,40.36806106577383,1
2010-04-12,40.349475860695705,1
2010-04-13,40.70270919809805,1
2010-04-14,40.584957122902736,1
2010-04-15,40.59735870371328,1
2010-04-16,40.29369354258047,1
2010-04-19,40.919597625832424,1
2010-04-20,40.894824981789455,1
2010-04-21,40.52298736582266,1
2010-04-22,40.14495849619375,1
2010-04-23,40.30609893808828,1
2010-04-26,40.13257217417227,1
2010-04-27,39.835098266701564,1
2010-04-28,40.045818328957424,1
2010-04-29,40.28751373301016,1
2010-04-30,39.84749984751211,1
2010-05-03,40.48581314096914,1
2010-05-04,40.095386505226955,1
2010-05-05,40.36806106577383,1
2010-05-06,39.28976058969961,1
2010-05-07,39.233989715676174,1
2010-05-10,40.12637710581289,1
2010-05-11,40.0767936707543,1
2010-05-12,40.21932983408438,1
2010-05-13,40.0767936707543,1
2010-05-14,39.64300918589102,1
2010-05-17,39.587215423683986,1
2010-05-18,39.02328109751211,1
2010-05-19,38.55850982676016,1
2010-05-20,37.52359008799063,1
2010-05-21,37.72808074961172,1
2010-05-24,37.535972595314846,1
2010-05-25,37.39962768564688,1
2010-05-26,36.97203063974844,1
2010-05-27,36.91575622568594,1
2010-05-28,36.45923614511953,1
2010-06-01,36.74690628061758,1
2010-06-02,37.353496551613674,1
2010-06-03,37.37853240976797,1
2010-06-04,36.27786636362539,1
2010-06-07,36.27161026010977,1
2010-06-08,36.67185974131094,1
2010-06-09,36.377944946389064,1
2010-06-10,36.584304809670314,1
2010-06-11,36.55927658091055,1
2010-06-14,36.53427124033438,1
2010-06-15,36.98454284677969,1
2010-06-16,37.04708862314688,1
2010-06-17,37.00955581675039,1
2010-06-18,37.00955581675039,1
2010-06-21,36.978286743264064,1
2010-06-22,36.99704742441641,1
2010-06-23,37.04708862314688,1
2010-06-24,37.27220916758047,1
2010-06-25,36.70937728891836,1
2010-06-28,37.17841720591055,1
2010-06-29,37.04708862314688,1
2010-06-30,36.934524536232814,1
2010-07-01,36.94076156626211,1
2010-07-02,36.947017669777736,1
2010-07-06,36.947017669777736,1
2010-07-07,37.90384292612539,1
2010-07-08,38.3853759766625,1
2010-07-09,37.86006546030508,1
2010-07-12,37.65370559702383,1
2010-07-13,37.83504867563711,1
2010-07-14,37.910091400246486,1
2010-07-15,37.684951782326564,1
2010-07-16,37.17215347300039,1
2010-07-19,37.25344848642813,1
2010-07-20,36.63433837900625,1
2010-07-21,35.72128295908438,1
2010-07-22,35.65875625620352,1
2010-07-23,36.040245056252346,1
2010-07-26,36.109024047951564,1
2010-07-27,36.334163665871486,1
2010-07-28,36.16530990610586,1
2010-07-29,36.16530990610586,1
2010-07-30,36.3278923035668,1
2010-08-02,36.721885681252346,1
2010-08-03,37.115867614846096,1
2010-08-04,37.35976791391836,1
2010-08-05,37.37227249155508,1
2010-08-06,37.49735260019766,1
2010-08-09,37.55364227304922,1
2010-08-10,37.1658935547875,1
2010-08-11,36.584304809670314,1
2010-08-12,36.59680557260977,1
2010-08-13,36.365432739357814,1
2010-08-16,36.27786636362539,1
2010-08-17,37.034568786721096,1
2010-08-18,37.115867614846096,1
2010-08-19,36.721885681252346,1
2010-08-20,36.73440170298086,1
2010-08-23,36.8156852723168,1
2010-08-24,36.27786636362539,1
2010-08-25,36.259117126564846,1
2010-08-26,36.14654922495352,1
2010-08-27,36.36117935190664,1
2010-08-30,36.171794891457424,1
2010-08-31,35.995037078957424,1
2010-09-01,36.79674530039297,1
2010-09-02,36.99876403818594,1
2010-09-03,37.20077133188711,1
2010-09-07,37.05557632456289,1
2010-09-08,37.15027236948477,1
2010-09-09,37.762588501076564,1
2010-09-10,37.863601684670314,1
2010-09-13,38.078227996926174,1
2010-09-14,38.242359161476955,1
2010-09-15,38.539058685402736,1
2010-09-16,38.690567016701564,1
2010-09-17,38.8673210145043,1
2010-09-20,39.19559097300039,1
2010-09-21,39.10089111338125,1
2010-09-22,39.119834900002346,1
2010-09-23,39.01882934580313,1
2010-09-24,39.227134704689846,1
2010-09-27,39.157695770363674,1
2010-09-28,39.410213470558986,1
2010-09-29,39.33446502695547,1
2010-09-30,39.113521576027736,1
2010-10-01,38.980945587258205,1
2010-10-04,38.93044662485586,1
2010-10-05,39.64377212534414,1
2010-10-06,39.902603149514064,1
2010-10-07,39.908916473488674,1
2010-10-08,39.91522598276602,1
2010-10-11,39.95941925058828,1
2010-10-12,39.953105926613674,1
2010-10-13,40.13616943369375,1
2010-10-14,40.23719024668203,1
2010-10-15,40.12985610971914,1
2010-10-18,40.31291961679922,1
2010-10-19,39.953105926613674,1
2010-10-20,40.14880752573477,1
2010-10-21,40.39498901377188,1
2010-10-22,40.28136444101797,1
2010-10-25,40.38867950449453,1
2010-10-26,40.30032348642813,1
2010-10-27,40.12985610971914,1
2010-10-28,40.12356567392813,1
2010-10-29,40.23719024668203,1
2010-11-01,40.205615997414455,1
2010-11-02,40.32554626474844,1
2010-11-03,40.521236419777736,1
2010-11-04,40.88108062754141,1
2010-11-05,40.81163787851797,1
2010-11-08,40.60962295542227,1
2010-11-09,40.597000122170314,1
2010-11-10,40.3697509766625,1
2010-11-11,40.35082244883047,1
2010-11-12,40.1929931641625,1
2010-11-15,40.48969268808828,1
2010-11-16,39.8584098816918,1
2010-11-17,39.80791473398672,1
2010-11-18,40.293994903664455,1
2010-11-19,40.293994903664455,1
2010-11-22,40.16143798838125,1
2010-11-23,39.687976837258205,1
2010-11-24,39.953105926613674,1
2010-11-26,39.66657638559805,1
2010-11-29,39.41828536997305,1
2010-11-30,39.18905639658438,1
2010-12-01,39.74300003061758,1
2010-12-02,39.85760498056875,1
2010-12-03,39.832141876320705,1
2010-12-06,39.602920532326564,1
2010-12-07,39.67295837412344,1
2010-12-08,39.76209259043203,1
2010-12-09,39.513782501320705,1
2010-12-10,39.41828536997305,1
2010-12-13,39.38643264780508,1
2010-12-14,39.965843200783596,1
2010-12-15,39.838516235451564,1
2010-12-16,39.73025131235586,1
2010-12-17,39.81938934336172,1
2010-12-20,39.78757476816641,1
2010-12-21,39.69206237802969,1
2010-12-22,39.48831176767813,1
2010-12-23,39.63476943979727,1
2010-12-27,39.431011200051174,1
2010-12-28,39.507427215676174,1
2010-12-29,39.55835723886953,1
2010-12-30,39.437374115090236,1
2010-12-31,39.38007354746328,1
2011-01-03,39.997669220070705,1
2011-01-04,40.33512115488516,1
2011-01-05,40.30965805063711,1
2011-01-06,40.24599075327383,1
2011-01-07,39.85760498056875,1
2011-01-10,39.577449798683986,1
2011-01-11,39.64749526987539,1
2011-01-12,39.79392242441641,1
2011-01-13,40.05497741709219,1
2011-01-14,39.82577514658438,1
2011-01-18,39.53924560556875,1
2011-01-19,39.832141876320705,1
2011-01-20,40.02315139780508,1
2011-01-21,39.89580535898672,1
2011-01-24,39.615650177101955,1
2011-01-25,38.88980865488516,1
2011-01-26,38.58420562754141,1
2011-01-27,38.63513565073477,1
2011-01-28,38.20853042612539,1
2011-01-31,38.05573654184805,1
2011-02-01,38.603294372658596,1
2011-02-02,38.59692764292227,1
2011-02-03,38.711528778176174,1
2011-02-04,38.736995697121486,1
2011-02-07,38.7561149598168,1
2011-02-08,38.80067825327383,1
2011-02-09,38.762466430764064,1
2011-02-10,38.79431533823477,1
2011-02-11,38.64786148081289,1
2011-02-14,38.64786148081289,1
2011-02-15,38.59692764292227,1
2011-02-16,38.53325653086172,1
2011-02-17,38.705154419045314,1
2011-02-18,38.908924102883205,1
2011-02-22,38.61603546152578,1
2011-02-23,38.45047760019766,1
2011-02-24,38.36135482798086,1
2011-02-25,38.31637954721914,1
2011-02-28,39.47279739389883,1
2011-03-01,38.99738311777578,1
2011-03-02,39.06805801401602,1
2011-03-03,39.222244262795314,1
2011-03-04,39.22866821299063,1
2011-03-07,38.80465698252188,1
2011-03-08,39.00381088266836,1
2011-03-09,38.80465698252188,1
2011-03-10,38.297107696633205,1
2011-03-11,38.34850311289297,1
2011-03-14,37.98871994028555,1
2011-03-15,37.571102142433986,1
2011-03-16,37.04431533823477,1
2011-03-17,37.346248626808986,1
2011-03-18,37.62894439707266,1
2011-03-21,37.795974731545314,1
2011-03-22,37.770286560158596,1
2011-03-23,37.72531890879141,1
2011-03-24,37.924480438332424,1
2011-03-25,37.8923454285668,1
2011-03-28,38.059402465920314,1
2011-03-29,38.04655456552969,1
2011-03-30,38.149349212746486,1
2011-03-31,38.065818786721096,1
2011-04-01,38.21999740610586,1
2011-04-04,38.64402771006094,1
2011-04-05,38.41916656504141,1
2011-04-06,38.32922744760977,1
2011-04-07,38.213584900002346,1
2011-04-08,38.200740814308986,1
2011-04-11,38.45772171030508,1
2011-04-12,38.50911331186758,1
2011-04-13,38.290672302346096,1
2011-04-14,38.56051635752188,1
2011-04-15,38.90744781504141,1
2011-04-18,38.84319305429922,1
2011-04-19,40.27587127695547,1
2011-04-20,41.368064880471096,1
2011-04-21,41.1624870301293,1
2011-04-25,41.188186645607814,1
2011-04-26,41.72782897959219,1
2011-04-27,42.12617111216055,1
2011-04-28,42.004112243752346,1
2011-04-29,42.2225341797875,1
2011-05-02,42.537349701027736,1
2011-05-03,42.569473266701564,1
2011-05-04,42.19041442881094,1
2011-05-05,41.76639175425039,1
2011-05-06,41.93342971811758,1
2011-05-09,42.16471862802969,1
2011-05-10,42.24823760996328,1
2011-05-11,42.768638610939846,1
2011-05-12,43.166946411232814,1
2011-05-13,42.800762176613674,1
2011-05-16,42.64013671885,1
2011-05-17,42.65940856943594,1
2011-05-18,42.723655700783596,1
2011-05-19,42.65298461924063,1
2011-05-20,42.203269958596096,1
2011-05-23,42.11974334726797,1
2011-05-24,42.26108169565664,1
2011-05-25,42.58873748789297,1
2011-05-26,42.45265579233633,1
2011-05-27,43.26919174204336,1
2011-05-31,43.60614395151602,1
2011-06-01,43.08125686655508,1
2011-06-02,43.08125686655508,1
2011-06-03,42.828514099221096,1
2011-06-06,42.80258941660391,1
2011-06-07,42.44617080698477,1
2011-06-08,42.86090850840078,1
2011-06-09,43.27566528330313,1
2011-06-10,42.828514099221096,1
2011-06-13,43.152515411476955,1
2011-06-14,43.48302459726797,1
2011-06-15,42.87387847910391,1
2011-06-16,42.977554321389064,1
2011-06-17,42.95811462412344,1
2011-06-20,43.10068511972891,1
2011-06-21,43.087722778420314,1
2011-06-22,42.815540313820705,1
2011-06-23,42.55633926401602,1
2011-06-24,42.16102981577383,1
2011-06-27,42.284160614113674,1
2011-06-28,42.71187210093008,1
2011-06-29,42.971084594826564,1
2011-06-30,43.10716247568594,1
2011-07-01,43.61262893686758,1
2011-07-05,43.81999969492422,1
2011-07-06,43.77466201792227,1
2011-07-07,44.01440811167227,1
2011-07-08,43.78761672983633,1
2011-07-11,43.593189239601955,1
2011-07-12,43.43766784677969,1
2011-07-13,43.82648849497305,1
2011-07-14,43.845935821633205,1
2011-07-15,43.70982360849844,1
2011-07-18,43.47653961191641,1
2011-07-19,43.23678207407461,1
2011-07-20,42.925708770851955,1
2011-07-21,43.074764251808986,1
2011-07-22,43.23678207407461,1
2011-07-25,42.93220138559805,1
2011-07-26,42.71834945688711,1
2011-07-27,42.27121353159414,1
2011-07-28,42.17398834238516,1
2011-07-29,41.986064910988674,1
2011-08-01,41.739822387795314,1
2011-08-02,41.10474395761953,1
2011-08-03,41.09178924570547,1
2011-08-04,40.07437515268789,1
2011-08-05,40.63815307627188,1
2011-08-08,39.6077880860375,1
2011-08-09,40.30765533457266,1
2011-08-10,39.01160049448477,1
2011-08-11,41.11120986948477,1
2011-08-12,41.05937957773672,1
2011-08-15,41.85644912729727,1
2011-08-16,41.707412719826564,1
2011-08-17,41.642601013283596,1
2011-08-18,40.929763794045314,1
2011-08-19,40.91681289682852,1
2011-08-22,41.014019012551174,1
2011-08-23,42.10272598276602,1
2011-08-24,42.46560668955313,1
2011-08-25,41.830547332863674,1
2011-08-26,42.02667617807852,1
2011-08-29,43.059688568215236,1
2011-08-30,43.0008544922875,1
2011-08-31,43.020469665627346,1
2011-09-01,42.71316909800039,1
2011-09-02,41.88938140879141,1
2011-09-06,42.26205825815664,1
2011-09-07,42.77856826792227,1
2011-09-08,42.464744567971096,1
2011-09-09,41.60824966440664,1
2011-09-12,41.5755615235375,1
2011-09-13,41.58863067636953,1
2011-09-14,41.66710662851797,1
2011-09-15,42.10513687143789,1
2011-09-16,42.22934722910391,1
2011-09-19,41.93514633188711,1
2011-09-20,41.98746109018789,1
2011-09-21,41.274795532326564,1
2011-09-22,40.48370361338125,1
2011-09-23,40.26794815073477,1
2011-09-26,40.98713302622305,1
2011-09-27,41.72591781626211,1
2011-09-28,41.353267669777736,1
2011-09-29,41.778240203957424,1
2011-09-30,41.64093399057852,1
2011-10-03,40.58832168589102,1
2011-10-04,40.64715576181875,1
2011-10-05,40.76483535776602,1
2011-10-06,41.06559753427969,1
2011-10-07,41.274795532326564,1
2011-10-10,42.12475967417227,1
2011-10-11,41.81746292124258,1
2011-10-12,42.059383392433986,1
2011-10-13,41.99400329599844,1
2011-10-14,42.31436157236563,1
2011-10-17,41.706314087014064,1
2011-10-18,42.118213653664455,1
2011-10-19,40.95444107065664,1
2011-10-20,40.882530212502346,1
2011-10-21,41.69977951059805,1
2011-10-24,42.32089996347891,1
2011-10-25,41.64093399057852,1
2011-10-26,42.163982391457424,1
2011-10-27,42.82432556162344,1
2011-10-28,42.88970947275625,1
2011-10-31,42.09859848032461,1
2011-11-01,41.438255310158596,1
2011-11-02,41.60824966440664,1
2011-11-03,42.065906524758205,1
2011-11-04,41.92207717905508,1
2011-11-07,41.8436279297875,1
2011-11-08,42.40589141855703,1
2011-11-09,41.53632354746328,1
2011-11-10,41.92207717905508,1
2011-11-11,42.660877227883205,1
2011-11-14,42.438579559426174,1
2011-11-15,42.49088287363516,1
2011-11-16,42.10513687143789,1
2011-11-17,41.80438613901602,1
2011-11-18,41.74555587778555,1
2011-11-21,41.15057754526602,1
2011-11-22,41.12442779551016,1
2011-11-23,40.529476165871486,1
2011-11-25,40.430496215920314,1
2011-11-28,41.15633773813711,1
2011-11-29,41.426902771096096,1
2011-11-30,42.707046508889064,1
2011-12-01,42.52888107309805,1
2011-12-02,41.8822021485375,1
2011-12-05,41.80961608896719,1
2011-12-06,41.895408630471096,1
2011-12-07,42.52888107309805,1
2011-12-08,42.08677673349844,1
2011-12-09,42.581680297951564,1
2011-12-12,41.90860366831289,1
2011-12-13,41.80961608896719,1
2011-12-14,41.690837860207424,1
2011-12-15,42.231948852639064,1
2011-12-16,42.42990875254141,1
2011-12-19,41.921810150246486,1
2011-12-20,42.57506561289297,1
2011-12-21,42.865432739357814,1
2011-12-22,43.01059722910391,1
2011-12-23,43.53849792490469,1
2011-12-27,43.56488418589102,1
2011-12-28,43.188770294289455,1
2011-12-29,43.47249984751211,1
2011-12-30,43.27453994760977,1
2012-01-03,43.47249984751211,1
2012-01-04,43.20856475840078,1
2012-01-05,43.15575408945547,1
2012-01-06,42.779644012551174,1
2012-01-09,42.84561157236563,1
2012-01-10,43.02378845224844,1
2012-01-11,42.977588653664455,1
2012-01-12,43.04358673105703,1
2012-01-13,43.06339263926016,1
2012-01-17,42.97101593027578,1
2012-01-18,43.07657623301016,1
2012-01-19,43.01718139658438,1
2012-01-20,43.06998443613516,1
2012-01-23,42.89181137094961,1
2012-01-24,42.89181137094961,1
2012-01-25,43.036975860695705,1
2012-01-26,43.35372543344961,1
2012-01-27,43.261341095070705,1
2012-01-30,43.36032104502188,1
2012-01-31,43.492305755715236,1
2012-02-01,43.34713363657461,1
2012-02-02,43.281143188576564,1
2012-02-03,43.31415176401602,1
2012-02-06,43.01718139658438,1
2012-02-07,43.06339263926016,1
2012-02-08,43.05017471323477,1
2012-02-09,42.8192253113793,1
2012-02-10,42.627864837746486,1
2012-02-13,42.680660247902736,1
2012-02-14,42.634456634621486,1
2012-02-15,42.660869598488674,1
2012-02-16,42.839031219582424,1
2012-02-17,42.88521957407461,1
2012-02-21,42.91820526133047,1
2012-02-22,42.89181137094961,1
2012-02-23,42.95780181894766,1
2012-02-24,42.91120147715078,1
2012-02-27,42.90454483042227,1
2012-02-28,43.39051055918203,1
2012-02-29,43.32394409189688,1
2012-03-01,43.15752410898672,1
2012-03-02,43.11756134043203,1
2012-03-05,43.21077346811758,1
2012-03-06,42.837974548439846,1
2012-03-07,42.8046875001,1
2012-03-08,43.170825958351955,1
2012-03-09,43.097583770851955,1
2012-03-12,43.33725357065664,1
2012-03-13,43.49036026010977,1
2012-03-14,43.32394409189688,1
2012-03-15,43.317276001076564,1
2012-03-16,43.35057830820547,1
2012-03-19,43.41046905527578,1
2012-03-20,43.244060516457424,1
2012-03-21,43.110916137795314,1
2012-03-22,42.91120147715078,1
2012-03-23,42.971118927101955,1
2012-03-26,43.38385391245352,1
2012-03-27,43.536949157814846,1
2012-03-28,43.68342971811758,1
2012-03-29,43.630168914894924,1
2012-03-30,43.90975952158438,1
2012-04-02,44.07619094858633,1
2012-04-03,43.85649871836172,1
2012-04-04,43.53030776987539,1
2012-04-05,43.497024536232814,1
2012-04-09,43.21744155893789,1
2012-04-10,42.738113403420314,1
2012-04-11,42.6915283204125,1
2012-04-12,42.70482635508047,1
2012-04-13,42.29875183115469,1
2012-04-16,42.59166717539297,1
2012-04-17,42.751445770363674,1
2012-04-18,42.11235046396719,1
2012-04-19,41.95924758921133,1
2012-04-20,42.41193771372305,1
2012-04-23,42.18559265146719,1
2012-04-24,42.45186233530508,1
2012-04-25,42.8912353516625,1
2012-04-26,43.10425567636953,1
2012-04-27,43.164165496926174,1
2012-04-30,43.33725357065664,1
2012-05-01,43.41714096079336,1
2012-05-02,43.49036026010977,1
2012-05-03,43.497024536232814,1
2012-05-04,43.097583770851955,1
2012-05-07,43.137535095314846,1
2012-05-08,43.257381439308986,1
2012-05-09,42.79137420664297,1
2012-05-10,42.984432220558986,1
2012-05-11,42.83132553110586,1
2012-05-14,42.55838012705313,1
2012-05-15,42.34536743174063,1
2012-05-16,42.41193771372305,1
2012-05-17,42.305419921975,1
2012-05-18,42.17227554331289,1
2012-05-21,42.25215530405508,1
2012-05-22,42.28543472300039,1
2012-05-23,42.1190299988793,1
2012-05-24,42.414775848488674,1
2012-05-25,42.01818084726797,1
2012-05-29,42.071956634621486,1
2012-05-30,41.81653594980703,1
2012-05-31,41.964405059914455,1
2012-06-01,41.52749252329336,1
2012-06-04,41.903926849465236,1
2012-06-05,41.81653594980703,1
2012-06-06,42.213115692238674,1
2012-06-07,42.213115692238674,1
2012-06-08,42.334121704201564,1
2012-06-11,41.756038665871486,1
2012-06-12,42.40134048471914,1
2012-06-13,43.322219848732814,1
2012-06-14,43.99442291269766,1
2012-06-15,44.370845794777736,1
2012-06-18,44.56577301035391,1
2012-06-19,44.84808349619375,1
2012-06-20,45.03628921518789,1
2012-06-21,44.626262664894924,1
2012-06-22,44.787586212258205,1
2012-06-25,44.70019912729727,1
2012-06-26,44.646411895851955,1
2012-06-27,44.92874526987539,1
2012-06-28,44.9959716797875,1
2012-06-29,45.41271209726797,1
2012-07-02,45.70846176157461,1
2012-07-03,45.73537063608633,1
2012-07-05,45.56059265146719,1
2012-07-06,45.46648406992422,1
2012-07-09,45.56059265146719,1
2012-07-10,45.62781524668203,1
2012-07-11,45.64126586924063,1
2012-07-12,45.5135498047875,1
2012-07-13,46.11851501474844,1
2012-07-16,46.010948181252346,1
2012-07-17,46.380664825539455,1
2012-07-18,46.62936019907461,1
2012-07-19,46.73691177378164,1
2012-07-20,46.13196563730703,1
2012-07-23,45.782424926857814,1
2012-07-24,45.271568298439846,1
2012-07-25,45.39255523691641,1
2012-07-26,46.20589828501211,1
2012-07-27,46.73020172129141,1
2012-07-30,46.683147430519924,1
2012-07-31,46.52854919443594,1
2012-08-01,46.63609313974844,1
2012-08-02,46.010948181252346,1
2012-08-03,46.46133422861563,1
2012-08-06,46.27313995371328,1
2012-08-07,45.90341568003164,1
2012-08-08,45.94373321543203,1
2012-08-09,45.923564910988674,1
2012-08-10,46.1386718751,1
2012-08-13,46.017681121926174,1
2012-08-14,46.1386718751,1
2012-08-15,45.94373321543203,1
2012-08-16,45.84292602549063,1
2012-08-17,45.574058532814846,1
2012-08-20,45.50680923471914,1
2012-08-21,45.56059265146719,1
2012-08-22,45.54043960581289,1
2012-08-23,45.53372573862539,1
2012-08-24,45.85251617441641,1
2012-08-27,45.77789306650625,1
2012-08-28,45.791458129982814,1
2012-08-29,45.69650268564688,1
2012-08-30,45.58797836313711,1
2012-08-31,45.737197876076564,1
2012-09-04,45.62187957773672,1
2012-09-05,45.6286735535668,1
2012-09-06,46.01528930674063,1
2012-09-07,46.04242706308828,1
2012-09-10,46.24592208872305,1
2012-09-11,46.259483337502346,1
2012-09-12,46.22555923471914,1
2012-09-13,46.795337677101955,1
2012-09-14,46.442615509133205,1
2012-09-17,46.29339599619375,1
2012-09-18,46.496883392433986,1
2012-09-19,46.53079223642813,1
2012-09-20,46.73428726206289,1
2012-09-21,46.84280776987539,1
2012-09-24,46.802120208840236,1
2012-09-25,47.019161224465236,1
2012-09-26,46.802120208840236,1
2012-09-27,46.80890655527578,1
2012-09-28,46.74106216440664,1
2012-10-01,46.89029693613516,1
2012-10-02,46.77499389658438,1
2012-10-03,46.802120208840236,1
2012-10-04,46.985244751076564,1
2012-10-05,47.242996215920314,1
2012-10-08,47.100566864113674,1
2012-10-09,46.401931762795314,1
2012-10-10,46.27305603037344,1
2012-10-11,46.10347366343008,1
2012-10-12,46.10347366343008,1
2012-10-15,46.53079223642813,1
2012-10-16,47.17517471323477,1
2012-10-17,48.15869903574453,1
2012-10-18,49.189712524514064,1
2012-10-19,48.742019653420314,1
2012-10-22,48.6877555848168,1
2012-10-23,48.08409881601797,1
2012-10-24,47.982349395851955,1
2012-10-25,48.25366592417227,1
2012-10-26,48.09088516245352,1
2012-10-31,48.036617279152736,1
2012-11-01,48.49783706675039,1
2012-11-02,48.09088516245352,1
2012-11-05,48.01626205454336,1
2012-11-06,48.16547393808828,1
2012-11-07,47.71100997934805,1
2012-11-08,47.242996215920314,1
2012-11-09,47.39223098764883,1
2012-11-12,47.263355255226955,1
2012-11-13,47.14804840097891,1
2012-11-14,46.985244751076564,1
2012-11-15,46.84958267221914,1
2012-11-16,46.930984497170314,1
2012-11-19,46.97170639048086,1
2012-11-20,47.256572723488674,1
2012-11-21,47.202312469582424,1
2012-11-23,47.59919357309805,1
2012-11-26,47.27756500254141,1
2012-11-27,47.085979461769924,1
2012-11-28,47.41443634043203,1
2012-11-29,47.36654281626211,1
2012-11-30,47.71552276621328,1
2012-12-03,47.66078567514883,1
2012-12-04,47.80447769175039,1
2012-12-05,47.87975311289297,1
2012-12-06,47.934505462746486,1
2012-12-07,48.20822525034414,1
2012-12-10,48.31085968027578,1
2012-12-11,48.65299987802969,1
2012-12-12,48.55721664438711,1
2012-12-13,48.413501739601955,1
2012-12-14,48.3724365235375,1
2012-12-17,48.543514251808986,1
2012-12-18,48.550369262795314,1
2012-12-19,48.33138656626211,1
2012-12-20,48.413501739601955,1
2012-12-21,48.08504867563711,1
2012-12-24,47.91395950327383,1
2012-12-26,48.0166130066918,1
2012-12-27,47.96186065683828,1
2012-12-28,47.54446411142813,1
2012-12-31,47.96871566782461,1
2013-01-02,48.47507476816641,1
2013-01-03,48.406658172707424,1
2013-01-04,48.9609375001,1
2013-01-07,48.858272552590236,1
2013-01-08,48.865135192971096,1
2013-01-09,49.08411407480703,1
2013-01-10,49.39887619028555,1
2013-01-11,49.508358001808986,1
2013-01-14,49.652061462502346,1
2013-01-15,49.522048950295314,1
2013-01-16,49.66574859629141,1
2013-01-17,49.88471603403555,1
2013-01-18,50.110557556252346,1
2013-01-22,49.74102020273672,1
2013-01-23,49.850513458351955,1
2013-01-24,50.021568298439846,1
2013-01-25,50.582691192726955,1
2013-01-28,50.377403259377346,1
2013-01-29,50.91799545298086,1
2013-01-30,50.69904708872305,1
2013-01-31,50.582691192726955,1
2013-02-01,50.76062393198477,1
2013-02-04,50.71271514902578,1
2013-02-05,51.08908462534414,1
2013-02-06,51.58859634409414,1
2013-02-07,51.36279296885,1
2013-02-08,51.650188446144924,1
2013-02-11,51.60230255136953,1
2013-02-12,51.86917495737539,1
2013-02-13,51.77335357676016,1
2013-02-14,51.876026153664455,1
2013-02-15,52.11550903330313,1
2013-02-19,52.662944793801174,1
2013-02-20,52.45081329355703,1
2013-02-21,52.60135269175039,1
2013-02-22,52.59446716318594,1
2013-02-25,52.12540435801016,1
2013-02-26,52.249568939308986,1
2013-02-27,52.64273452768789,1
2013-02-28,52.49789428720938,1
2013-03-01,52.90485000620352,1
2013-03-04,53.24972534189688,1
2013-03-05,53.56702041635977,1
2013-03-06,53.38076400766836,1
2013-03-07,53.62910079966055,1
2013-03-08,53.93259429941641,1
2013-03-11,54.105037689308986,1
2013-03-12,54.18781280527578,1
2013-03-13,54.180908203225,1
2013-03-14,54.560291290383205,1
2013-03-15,54.62236022959219,1
2013-03-18,54.360244751076564,1
2013-03-19,54.39474487314688,1
2013-03-20,54.801692962746486,1
2013-03-21,54.49820327768789,1
2013-03-22,55.00174331675039,1
2013-03-25,54.96034622202383,1
2013-03-26,55.76736831675039,1
2013-03-27,56.05706024179922,1
2013-03-28,56.23642349253164,1
2013-04-01,56.51229858408438,1
2013-04-02,57.03652572641836,1
2013-04-03,56.608875274758205,1
2013-04-04,56.843399047951564,1
2013-04-05,56.58820724497305,1
2013-04-08,55.946712493996486,1
2013-04-09,56.22951126108633,1
2013-04-10,56.57437133799063,1
2013-04-11,56.781291961769924,1
2013-04-12,57.071006775002346,1
2013-04-15,56.360557556252346,1
2013-04-16,57.55385208139883,1
2013-04-17,57.87113189707266,1
2013-04-18,57.374526977639064,1
2013-04-19,58.27810287485586,1
2013-04-22,58.512615203957424,1
2013-04-23,58.94028091440664,1
2013-04-24,58.20912551889883,1
2013-04-25,58.781658172707424,1
2013-04-26,58.71265411386953,1
2013-04-29,59.02993774424063,1
2013-04-30,58.78853988657461,1
2013-05-01,58.098770141701564,1
2013-05-02,58.74028778086172,1
2013-05-03,59.14720916758047,1
2013-05-06,58.40915298471914,1
2013-05-07,58.99544906626211,1
2013-05-08,58.94718170176016,1
2013-05-09,58.733352661232814,1
2013-05-10,59.15411758432852,1
2013-05-13,59.2161865235375,1
2013-05-14,59.98872756968008,1
2013-05-15,60.45085906992422,1
2013-05-16,60.319812774758205,1
2013-05-17,60.76123428354727,1
2013-05-20,60.70611572275625,1
2013-05-21,61.106121063332424,1
2013-05-22,61.016468048195705,1
2013-05-23,60.60644912729727,1
2013-05-24,60.33542633066641,1
2013-05-28,60.88442611704336,1
2013-05-29,59.52232360849844,1
2013-05-30,59.758594513039455,1
2013-05-31,58.50075149546133,1
2013-06-03,58.86907958994375,1
2013-06-04,58.445144653420314,1
2013-06-05,58.15328979502188,1
2013-06-06,58.69533920298086,1
2013-06-07,59.008071899514064,1
2013-06-10,59.16791915903555,1
2013-06-11,58.85519790659414,1
2013-06-12,58.19496536264883,1
2013-06-13,59.008071899514064,1
2013-06-14,59.008071899514064,1
2013-06-17,59.508419036965236,1
2013-06-18,60.015743255715236,1
2013-06-19,58.97333526621328,1
2013-06-20,57.416614532570705,1
2013-06-21,57.81969451914297,1
2013-06-24,58.799583435158596,1
2013-06-25,59.31383514414297,1
2013-06-26,60.45357131968008,1
2013-06-27,60.25895690927969,1
2013-06-28,59.668270111183986,1
2013-07-01,60.203369140725,1
2013-07-02,60.161697387795314,1
2013-07-03,60.307605743508205,1
2013-07-05,61.06509399424063,1
2013-07-08,61.565452575783596,1
2013-07-09,61.767024993996486,1
2013-07-10,62.01718902597891,1
2013-07-11,62.31600570688711,1
2013-07-12,62.53842163095938,1
2013-07-15,62.82335662851797,1
2013-07-16,62.82335662851797,1
2013-07-17,62.63569259653555,1
2013-07-18,62.66350555429922,1
2013-07-19,64.09508514414297,1
2013-07-22,64.12983703623281,1
2013-07-23,64.22711181650625,1
2013-07-24,64.18540954599844,1
2013-07-25,64.33135223398672,1
2013-07-26,64.51206970224844,1
2013-07-29,64.77610778818594,1
2013-07-30,64.74835968027578,1
2013-07-31,64.97766876230703,1
2013-08-01,65.16532135019766,1
2013-08-02,65.59616088877188,1
2013-08-05,65.18616485605703,1
2013-08-06,65.19310760508047,1
2013-08-07,65.0888900757836,1
2013-08-08,64.86649322519766,1
2013-08-09,64.18540954599844,1
2013-08-12,63.93522644052969,1
2013-08-13,64.63716125498281,1
2013-08-14,63.03182601938711,1
2013-08-15,62.232620239357814,1
2013-08-16,62.1075439454125,1
2013-08-19,62.858081817726955,1
2013-08-20,62.35771942148672,1
2013-08-21,61.711406707863674,1
2013-08-22,61.33613204966055,1
2013-08-23,61.90331268320547,1
2013-08-26,61.287132263283596,1
2013-08-27,60.334861755471096,1
2013-08-28,60.586936950783596,1
2013-08-29,60.614952087502346,1
2013-08-30,60.5029296876,1
2013-09-03,60.50991821299063,1
2013-09-04,60.84599304209219,1
2013-09-05,60.94406509409414,1
2013-09-06,61.0280876160668,1
2013-09-09,61.30811309824453,1
2013-09-10,61.98732376108633,1
2013-09-11,62.47744369516836,1
2013-09-12,62.32340240488516,1
2013-09-13,62.01532363901602,1
2013-09-16,62.337398529152736,1
2013-09-17,62.358386993508205,1
2013-09-18,62.953575134377346,1
2013-09-19,63.065593719582424,1
2013-09-20,62.79251098642813,1
2013-09-23,62.37939834604727,1
2013-09-24,61.77022171030508,1
2013-09-25,60.972068786721096,1
2013-09-26,60.965023040871486,1
2013-09-27,60.72698974619375,1
2013-09-30,60.6989860535668,1
2013-10-01,61.24512100229727,1
2013-10-02,61.11908340464102,1
2013-10-03,60.6219596863793,1
2013-10-04,61.13310241709219,1
2013-10-07,60.628963470558986,1
2013-10-08,59.94277954111563,1
2013-10-09,60.18785095224844,1
2013-10-10,61.462146759133205,1
2013-10-11,62.631450653176174,1
2013-10-14,62.87654495249258,1
2013-10-15,62.96757507334219,1
2013-10-16,63.793777465920314,1
2013-10-17,64.39594268808828,1
2013-10-18,64.15787506113516,1
2013-10-21,63.85679626474844,1
2013-10-22,64.66902923593985,1
2013-10-23,64.48695373545156,1
2013-10-24,64.6620101929711,1
2013-10-25,64.47997283945547,1
2013-10-28,64.69002532968985,1
2013-10-29,65.21517944345938,1
2013-10-30,64.97008514414297,1
2013-10-31,64.84407043467031,1
2013-11-01,65.37621307383047,1
2013-11-04,65.13813018808828,1
2013-11-05,64.98406982431875,1
2013-11-06,65.14513397226797,1
2013-11-07,64.90005493174063,1
2013-11-08,65.85234832773672,1
2013-11-11,66.02035522470938,1
2013-11-12,65.50923156748281,1
2013-11-13,65.35520935068594,1
2013-11-14,65.76130676279531,1
2013-11-15,66.09040832529531,1
2013-11-18,66.02737426767813,1
2013-11-19,66.41947174082266,1
2013-11-20,66.62252807627188,1
2013-11-21,66.65754699717031,1
2013-11-22,67.15814971933828,1
2013-11-25,67.42606353769766,1
2013-11-26,67.02418518076406,1
2013-11-27,66.96776580820547,1
2013-11-29,66.74214935312735,1
2013-12-02,66.4742431641625,1
2013-12-03,66.25566101084219,1
2013-12-04,66.01592254648672,1
2013-12-05,65.55059051523672,1
2013-12-06,66.5870361329125,1
2013-12-09,66.5870361329125,1
2013-12-10,66.37548828135,1
2013-12-11,65.64926910410391,1
2013-12-12,64.27440643320547,1
2013-12-13,64.40835571299063,1
2013-12-16,64.42247009287344,1
2013-12-17,63.92185974131094,1
2013-12-18,65.31790161142813,1
2013-12-19,64.8525619507836,1
2013-12-20,64.93013000498281,1
2013-12-23,64.8878173829125,1
2013-12-24,64.9089584351586,1
2013-12-26,65.24738311777578,1
2013-12-27,65.11341094980703,1
2013-12-30,65.07819366465078,1
2013-12-31,64.57757568369375,1
2014-01-02,64.18273162851797,1
2014-01-03,64.76089477549063,1
2014-01-06,65.09934234629141,1
2014-01-07,66.48126220713125,1
2014-01-08,66.38961792002188,1
2014-01-09,66.79150390635,1
2014-01-10,66.79855346689688,1
2014-01-13,66.62933349619375,1
2014-01-14,66.78445434580313,1
2014-01-15,66.84085083017813,1
2014-01-16,66.72806549082266,1
2014-01-17,67.02418518076406,1
2014-01-21,66.29796600351797,1
2014-01-22,66.50241851816641,1
2014-01-23,65.38839721689688,1
2014-01-24,63.88661575327383,1
2014-01-27,63.41421508799063,1
2014-01-28,63.52700424204336,1
2014-01-29,62.680957794289455,1
2014-01-30,63.103984832863674,1
2014-01-31,62.377761840920314,1
2014-02-03,61.18616104135977,1
2014-02-04,61.07335662851797,1
2014-02-05,61.538719177346096,1
2014-02-06,62.57516860971914,1
2014-02-07,63.48471069345938,1
2014-02-10,64.21092987070547,1
2014-02-11,65.55059051523672,1
2014-02-12,65.16277313242422,1
2014-02-13,65.2614974976586,1
2014-02-14,65.40252685556875,1
2014-02-18,64.98654174814688,1
2014-02-19,64.61283874521719,1
2014-02-20,65.13456726084219,1
2014-02-21,64.9925537110375,1
2014-02-24,64.70140838633047,1
2014-02-25,64.70140838633047,1
2014-02-26,64.70140838633047,1
2014-02-27,64.8789291382836,1
2014-02-28,65.41865539560781,1
2014-03-03,65.02095031748281,1
2014-03-04,66.28500366220938,1
2014-03-05,65.75239562998281,1
2014-03-06,65.96544647226797,1
2014-03-07,66.27081298838125,1
2014-03-10,66.36313629160391,1
2014-03-11,66.39153289804922,1
2014-03-12,66.46965789804922,1
2014-03-13,66.04357147226797,1
2014-03-14,65.90862274179922,1
2014-03-17,66.70401000986563,1
2014-03-18,66.71111297617422,1
2014-03-19,66.46256256113516,1
2014-03-20,66.83894348154531,1
2014-03-21,68.1242904664086,1
2014-03-24,67.60588836679922,1
2014-03-25,69.15403747568594,1
2014-03-26,68.9197006226586,1
2014-03-27,69.08300018320547,1
2014-03-28,69.19663238535391,1
2014-03-31,69.75765991220938,1
2014-04-01,69.55171966562735,1
2014-04-02,69.75765991220938,1
2014-04-03,69.77894592295156,1
2014-04-04,69.89256286631094,1
2014-04-07,69.51618957529531,1
2014-04-08,69.63690185556875,1
2014-04-09,70.26893615732656,1
2014-04-10,68.55746459970938,1
2014-04-11,68.79183959970938,1
2014-04-14,68.98355865488516,1
2014-04-15,70.44648742685781,1
2014-04-16,70.12691497812735,1
2014-04-17,70.27603912363516,1
2014-04-21,71.01460266123281,1
2014-04-22,71.14242553720938,1
2014-04-23,71.17082214365469,1
2014-04-24,70.98617553720938,1
2014-04-25,70.86545562754141,1
2014-04-28,71.96617889414297,1
2014-04-29,71.74604034433828,1
2014-04-30,71.93069458017813,1
2014-05-01,71.3909912110375,1
2014-05-02,70.52458190927969,1
2014-05-05,71.01460266123281,1
2014-05-06,70.6666259766625,1
2014-05-07,71.66082763681875,1
2014-05-08,71.36967468271719,1
2014-05-09,71.66082763681875,1
2014-05-12,71.38388061533438,1
2014-05-13,71.73890686045156,1
2014-05-14,71.63243103037344,1
2014-05-15,71.50462341318594,1
2014-05-16,71.42646789560781,1
2014-05-19,71.46907806406485,1
2014-05-20,71.19211578379141,1
2014-05-21,71.82416534433828,1
2014-05-22,72.19602966318594,1
2014-05-23,72.21034240732656,1
2014-05-27,72.08872985849844,1
2014-05-28,71.72404479990469,1
2014-05-29,72.052978515725,1
2014-05-30,72.55354309092031,1
2014-06-02,73.06126403818594,1
2014-06-03,73.26866912851797,1
2014-06-04,73.42597198496328,1
2014-06-05,73.81212615976797,1
2014-06-06,73.78352355967031,1
2014-06-09,73.81212615976797,1
2014-06-10,74.4414062501,1
2014-06-11,73.88362884531485,1
2014-06-12,73.3187255860375,1
2014-06-13,73.3187255860375,1
2014-06-16,73.26152038584219,1
2014-06-17,72.8896484376,1
2014-06-18,73.5189437867211,1
2014-06-19,74.23401641855703,1
2014-06-20,75.27809143076406,1
2014-06-23,74.90621948252188,1
2014-06-24,74.79180908213125,1
2014-06-25,75.62847900400625,1
2014-06-26,75.54979705820547,1
2014-06-27,75.07784271250235,1
2014-06-30,74.8132553101586,1
2014-07-01,75.70711517343985,1
2014-07-02,75.69998168955313,1
2014-07-03,75.38536071787344,1
2014-07-07,76.13618469248281,1
2014-07-08,75.5998764039086,1
2014-07-09,75.82868957529531,1
2014-07-10,75.65708160410391,1
2014-07-11,75.15652465830313,1
2014-07-14,75.35671997080313,1
2014-07-15,73.85504913340078,1
2014-07-16,73.09703063974844,1
2014-07-17,71.77411651621328,1
2014-07-18,72.79670715342031,1
2014-07-21,72.41769409189688,1
2014-07-22,73.27581024179922,1
2014-07-23,73.07556915293203,1
2014-07-24,73.08271026621328,1
2014-07-25,73.01837158213125,1
2014-07-28,73.01837158213125,1
2014-07-29,72.91111755381094,1
2014-07-30,73.15425872812735,1
2014-07-31,71.57388305674063,1
2014-08-01,71.43800354013906,1
2014-08-04,71.62393188486563,1
2014-08-05,71.38080596933828,1
2014-08-06,72.01725006113516,1
2014-08-07,71.45946502695547,1
2014-08-08,72.28179931650625,1
2014-08-11,72.33904266367422,1
2014-08-12,71.96001434336172,1
2014-08-13,72.7537841797875,1
2014-08-14,72.9540023804711,1
2014-08-15,72.34618377695547,1
2014-08-18,73.44026947031485,1
2014-08-19,73.62619018564688,1
2014-08-20,73.80496215830313,1
2014-08-21,74.5057601929711,1
2014-08-22,74.22500610361563,1
2014-08-25,74.31858062754141,1
2014-08-26,74.46976470957266,1
2014-08-27,74.31138610849844,1
2014-08-28,74.11700439463125,1
2014-08-29,74.67856597910391,1
2014-09-02,74.41221618662344,1
2014-09-03,74.70017242441641,1
2014-09-04,74.75775909433828,1
2014-09-05,75.17530059824453,1
2014-09-08,74.90894317636953,1
2014-09-09,74.72895812998281,1
2014-09-10,75.58566284189688,1
2014-09-11,75.26891326914297,1
2014-09-12,75.29048156748281,1
2014-09-15,75.39130401621328,1
2014-09-16,76.22641754160391,1
2014-09-17,76.44957733164297,1
2014-09-18,77.28471374521719,1
2014-09-19,77.74546051035391,1
2014-09-22,77.66625213633047,1
2014-09-23,77.36388397226797,1
2014-09-24,78.21339416513906,1
2014-09-25,77.10472106943594,1
2014-09-26,77.10472106943594,1
2014-09-29,76.70156860361563,1
2014-09-30,76.73754119883047,1
2014-10-01,75.08895111093985,1
2014-10-02,74.76494598398672,1
2014-10-03,75.68646240244375,1
2014-10-06,75.49209594736563,1
2014-10-07,73.71385192881094,1
2014-10-08,75.52805328379141,1
2014-10-09,73.49067687998281,1
2014-10-10,72.87870788584219,1
2014-10-13,71.35968017588125,1
2014-10-14,69.84060668955313,1
2014-10-15,70.70454406748281,1
2014-10-16,69.67501831064688,1
2014-10-17,71.05729675302969,1
2014-10-20,71.417236328225,1
2014-10-21,72.25236511240469,1
2014-10-22,72.87153625498281,1
2014-10-23,73.88661193857656,1
2014-10-24,74.24658966074453,1
2014-10-27,74.92331695566641,1
2014-10-28,75.441650390725,1
2014-10-29,75.99605560312735,1
2014-10-30,77.06153869638906,1
2014-10-31,77.59428405771719,1
2014-11-03,77.36388397226797,1
2014-11-04,78.19898986826406,1
2014-11-05,78.34299469004141,1
2014-11-06,78.47979736338125,1
2014-11-07,77.89663696299063,1
2014-11-10,78.34299469004141,1
2014-11-11,78.40780639658438,1
2014-11-12,78.29258728037344,1
2014-11-13,78.52297973642813,1
2014-11-14,77.86785125742422,1
2014-11-17,77.9686508179711,1
2014-11-18,78.35020446787344,1
2014-11-19,78.2998046876,1
2014-11-20,77.88225555429922,1
2014-11-21,78.15760040293203,1
2014-11-24,77.44750213633047,1
2014-11-25,77.31705474863516,1
2014-11-26,77.68662261972891,1
2014-11-28,78.4402084351586,1
2014-12-01,78.28083038340078,1
2014-12-02,78.62861633310781,1
2014-12-03,78.05618286142813,1
2014-12-04,77.94023895273672,1
2014-12-05,78.62861633310781,1
2014-12-08,78.6358642579125,1
2014-12-09,78.2952880860375,1
2014-12-10,76.98372650156485,1
2014-12-11,77.33155059824453,1
2014-12-12,75.67218017588125,1
2014-12-15,75.33155822763906,1
2014-12-16,74.4620590210961,1
2014-12-17,75.41128540049063,1
2014-12-18,77.3967514039086,1
2014-12-19,76.48374176035391,1
2014-12-22,77.34603881845938,1
2014-12-23,75.5634765626,1
2014-12-24,75.7881088257836,1
2014-12-26,76.12864685068594,1
2014-12-29,76.32431793222891,1
2014-12-30,76.34604644785391,1
2014-12-31,75.77362823496328,1
2015-01-02,75.73735809336172,1
2015-01-05,75.2083969117211,1
2015-01-06,74.83885192881094,1
2015-01-07,76.49099731455313,1
2015-01-08,77.09239959726797,1
2015-01-09,76.04170990000235,1
2015-01-12,75.78083801279531,1
2015-01-13,75.9112777710961,1
2015-01-14,75.36058044443594,1
2015-01-15,74.2663803101586,1
2015-01-16,75.38955688486563,1
2015-01-20,73.39685821543203,1
2015-01-21,73.83888244638906,1
2015-01-22,75.18667602549063,1
2015-01-23,74.05623626718985,1
2015-01-26,74.09971618662344,1
2015-01-27,73.97657012949453,1
2015-01-28,73.53452301035391,1
2015-01-29,74.18667602549063,1
2015-01-30,72.56353759775625,1
2015-02-02,73.06353759775625,1
2015-02-03,74.24462890635,1
2015-02-04,73.44756317148672,1
2015-02-05,74.24462890635,1
2015-02-06,73.25914764414297,1
2015-02-09,72.30268096933828,1
2015-02-10,72.7157211304711,1
2015-02-11,72.73743438730703,1
2015-02-12,71.33167266855703,1
2015-02-13,72.18671417246328,1
2015-02-17,72.7809066773461,1
2015-02-18,72.43310546885,1
2015-02-19,72.96929931650625,1
2015-02-20,73.15904235849844,1
2015-02-23,73.10067749033438,1
2015-02-24,73.48011016855703,1
2015-02-25,73.85224914560781,1
2015-02-26,75.0124740601586,1
2015-02-27,74.80086517343985,1
2015-03-02,75.31891632090078,1
2015-03-03,74.67679595957266,1
2015-03-04,74.17330169687735,1
2015-03-05,74.80811309824453,1
2015-03-06,73.04957580576406,1
2015-03-09,73.450927734475,1
2015-03-10,72.6263656617211,1
2015-03-11,71.7434310914086,1
2015-03-12,72.84527587900625,1
2015-03-13,72.39286804209219,1
2015-03-16,73.7427978516625,1
2015-03-17,72.88905334482656,1
2015-03-18,74.03465271006094,1
2015-03-19,74.20250701914297,1
2015-03-20,74.72058868418203,1
2015-03-23,75.1438217164086,1
2015-03-24,74.39951324472891,1
2015-03-25,73.21739959726797,1
2015-03-26,73.07148742685781,1
2015-03-27,73.21739959726797,1
2015-03-30,74.10034942636953,1
2015-03-31,73.40713500986563,1
2015-04-01,72.34909057627188,1
2015-04-02,72.70663452158438,1
2015-04-06,72.35639953623281,1
2015-04-07,73.04230499277578,1
2015-04-08,73.08607482920156,1
2015-04-09,73.9398193360375,1
2015-04-10,74.47248077402578,1
2015-04-13,73.37068176279531,1
2015-04-14,73.34876251230703,1
2015-04-15,73.40713500986563,1
2015-04-16,72.81608581552969,1
2015-04-17,72.662841796975,1
2015-04-20,73.12257385263906,1
2015-04-21,73.18824005136953,1
2015-04-22,73.28306579599844,1
2015-04-23,73.30497741709219,1
2015-04-24,73.75737762461172,1
2015-04-27,73.39254760752188,1
2015-04-28,73.50930786142813,1
2015-04-29,73.25389862070547,1
2015-04-30,72.38556671152578,1
2015-05-01,73.06418609629141,1
2015-05-04,73.22473907480703,1
2015-05-05,72.6044921876,1
2015-05-06,72.3636474610375,1
2015-05-07,72.72122192392813,1
2015-05-08,74.04195404062735,1
2015-05-11,73.72090148935781,1
2015-05-12,73.31226348886953,1
2015-05-13,73.37068176279531,1
2015-05-14,74.30466461191641,1
2015-05-15,74.64762115488516,1
2015-05-18,75.46487426767813,1
2015-05-19,75.85889434824453,1
2015-05-20,75.59620666513906,1
2015-05-21,75.28015899668203,1
2015-05-22,74.49368286142813,1
2015-05-26,74.10413360605703,1
2015-05-27,74.33199310312735,1
2015-05-28,74.34669494638906,1
2015-05-29,73.60433197031485,1
2015-06-01,73.53080749521719,1
2015-06-02,73.48674774179922,1
2015-06-03,73.56755065927969,1
2015-06-04,72.93547821054922,1
2015-06-05,72.46505737314688,1
2015-06-08,72.00199127207266,1
2015-06-09,72.18574523935781,1
2015-06-10,72.67819213877188,1
2015-06-11,72.94281005869375,1
2015-06-12,72.28865814218985,1
2015-06-15,71.65654754648672,1
2015-06-16,72.29598999033438,1
2015-06-17,72.56797790537344,1
2015-06-18,73.76603698740469,1
2015-06-19,73.39853668222891,1
2015-06-22,73.56755065927969,1
2015-06-23,73.3397445679711,1
2015-06-24,73.00897979746328,1
2015-06-25,72.85460662851797,1
2015-06-26,73.23683166513906,1
2015-06-29,71.79621124277578,1
2015-06-30,71.63447570810781,1
2015-07-01,72.37684631357656,1
2015-07-02,72.35480499277578,1
2015-07-06,72.17840576181875,1
2015-07-07,72.70761108408438,1
2015-07-08,71.86236572275625,1
2015-07-09,72.32538604746328,1
2015-07-10,73.15597534189688,1
2015-07-13,73.69987487802969,1
2015-07-14,73.3397445679711,1
2015-07-15,73.81013488779531,1
2015-07-16,74.31727600107656,1
2015-07-17,73.56022644052969,1
2015-07-20,73.77339172373281,1
2015-07-21,73.75131988535391,1
2015-07-22,73.63373565683828,1
2015-07-23,73.64844512949453,1
2015-07-24,72.87666320810781,1
2015-07-27,72.2371826172875,1
2015-07-28,72.78112030039297,1
2015-07-29,73.30296325693594,1
2015-07-30,73.3838119507836,1
2015-07-31,73.6557846070336,1
2015-08-03,73.51612854013906,1
2015-08-04,73.35440826426016,1
2015-08-05,73.88365936289297,1
2015-08-06,72.81785583506094,1
2015-08-07,72.65617370615469,1
2015-08-10,73.34707641611563,1
2015-08-11,72.77377319345938,1
2015-08-12,72.55325317392813,1
2015-08-13,72.38421630869375,1
2015-08-14,72.62677001963125,1
2015-08-17,73.40586853037344,1
2015-08-18,73.03839111338125,1
2015-08-19,72.99425506601797,1
2015-08-20,72.612060546975,1
2015-08-21,70.7752914429711,1
2015-08-24,68.74593353281485,1
2015-08-25,67.19801330576406,1
2015-08-26,70.44197845468985,1
2015-08-27,71.26410675058828,1
2015-08-28,70.48644256601797,1
2015-08-31,69.60504913340078,1
2015-09-01,68.20528411875235,1
2015-09-02,69.13847351084219,1
2015-09-03,68.61258697519766,1
2015-09-04,67.62757873545156,1
2015-09-08,69.575439453225,1
2015-09-09,68.30156707773672,1
2015-09-10,68.67185211191641,1
2015-09-11,68.82740020761953,1
2015-09-14,69.11624145517813,1
2015-09-15,69.9161376954125,1
2015-09-16,70.07167053232656,1
2015-09-17,70.24201965342031,1
2015-09-18,69.16808319101797,1
2015-09-21,68.97551727304922,1
2015-09-22,69.05699920664297,1
2015-09-23,68.87183380136953,1
2015-09-24,68.49412536631094,1
2015-09-25,67.3979721070336,1
2015-09-28,67.67202758799063,1
2015-09-29,68.90888214121328,1
2015-09-30,69.13847351084219,1
2015-10-01,69.0051498414086,1
2015-10-02,69.56803894052969,1
2015-10-05,70.1827621460961,1
2015-10-06,69.19029998789297,1
2015-10-07,70.34573364267813,1
2015-10-08,70.41977691660391,1
2015-10-09,70.63456726084219,1
2015-10-12,71.0937500001,1
2015-10-13,70.69380187998281,1
2015-10-14,70.01243591318594,1
2015-10-15,71.95289611826406,1
2015-10-16,72.76016998301016,1
2015-10-19,72.5379867554711,1
2015-10-20,72.27876281748281,1
2015-10-21,72.30841064463125,1
2015-10-22,73.71560668955313,1
2015-10-23,74.29329681406485,1
2015-10-26,74.01927185068594,1
2015-10-27,74.20442199717031,1
2015-10-28,74.41922760019766,1
2015-10-29,75.0783920289086,1
2015-10-30,74.8265609742211,1
2015-11-02,75.67089080820547,1
2015-11-03,75.51535797129141,1
2015-11-04,75.50051879892813,1
2015-11-05,75.78939819345938,1
2015-11-06,75.4857406617211,1
2015-11-09,74.68585205088125,1
2015-11-10,75.13764190683828,1
2015-11-11,75.44127655039297,1
2015-11-12,74.26365661631094,1
2015-11-13,73.97483825693594,1
2015-11-16,74.96728515635,1
2015-11-17,75.17465209970938,1
2015-11-18,76.04122924814688,1
2015-11-19,75.90789031992422,1
2015-11-20,76.45999908457266,1
2015-11-23,76.67637634287344,1
2015-11-24,76.13170623789297,1
2015-11-25,76.07203674326406,1
2015-11-27,76.3779296876,1
2015-11-30,75.53485107431875,1
2015-12-01,76.37049102793203,1
2015-12-02,76.1391830445336,1
2015-12-03,75.1990966797875,1
2015-12-04,76.81066131601797,1
2015-12-07,77.08670806894766,1
2015-12-08,76.41523742685781,1
2015-12-09,76.21380615244375,1
2015-12-10,76.5793685914086,1
2015-12-11,75.86313629160391,1
2015-12-14,76.21380615244375,1
2015-12-15,77.6910400391625,1
2015-12-16,78.52670288095938,1
2015-12-17,77.32547760019766,1
2015-12-18,76.06455993662344,1
2015-12-21,75.78852844248281,1
2015-12-22,76.631591796975,1
2015-12-23,77.21353149424063,1
2015-12-24,77.38516235361563,1
2015-12-28,77.01212310801016,1
2015-12-29,77.61643981943594,1
2015-12-30,77.42991638193594,1
2015-12-31,76.6390609742211,1
2016-01-04,74.96780395517813,1
2016-01-05,75.28117370615469,1
2016-01-06,74.9006576539086,1
2016-01-07,74.02772521982656,1
2016-01-08,73.23686981211172,1
2016-01-11,72.79666900644766,1
2016-01-12,73.29653930674063,1
2016-01-13,72.38631439218985,1
2016-01-14,73.78152465830313,1
2016-01-15,72.37139892588125,1
2016-01-19,72.74444580088125,1
2016-01-20,71.43878936777578,1
2016-01-21,71.58050537119375,1
2016-01-22,72.18487548838125,1
2016-01-25,71.9237289429711,1
2016-01-26,75.49006652842031,1
2016-01-27,76.22126770029531,1
2016-01-28,76.30332183847891,1
2016-01-29,77.92234802256094,1
2016-02-01,77.87014770517813,1
2016-02-02,77.15387725840078,1
2016-02-03,77.6985092164086,1
2016-02-04,77.51946258554922,1
2016-02-05,75.01258087168203,1
2016-02-08,76.10189056406485,1
2016-02-09,76.07947540293203,1
2016-02-10,75.90043640146719,1
2016-02-11,75.87803649912344,1
2016-02-12,75.96759033213125,1
2016-02-16,76.34062957773672,1
2016-02-17,76.47495269785391,1
2016-02-18,77.77313232431875,1
2016-02-19,78.27665710459219,1
2016-02-22,78.72003173838125,1
2016-02-23,78.21651458750235,1
2016-02-24,78.87786102304922,1
2016-02-25,79.9449691773461,1
2016-02-26,79.49406433115469,1
2016-02-29,79.06570434580313,1
2016-03-01,80.57625579843985,1
2016-03-02,80.44096374521719,1
2016-03-03,80.14787292490469,1
2016-03-04,80.0351562501,1
2016-03-07,80.21551513681875,1
2016-03-08,79.8247299195336,1
2016-03-09,80.2906723023461,1
2016-03-10,80.5161361695336,1
2016-03-11,80.9444808960961,1
2016-03-14,80.90689849863516,1
2016-03-15,80.98206329355703,1
2016-03-16,80.71903991709219,1
2016-03-17,80.21551513681875,1
2016-03-18,80.78665161142813,1
2016-03-21,80.62130737314688,1
2016-03-22,80.69646453867422,1
2016-03-23,81.53816986093985,1
2016-03-24,81.39537811289297,1
2016-03-28,81.33524322519766,1
2016-03-29,82.01912689218985,1
2016-03-30,81.89889526377188,1
2016-03-31,81.31271362314688,1
2016-04-01,82.05670928965078,1
2016-04-04,81.60580444345938,1
2016-04-05,81.8763427735375,1
2016-04-06,82.22956085215078,1
2016-04-07,82.11682891855703,1
2016-04-08,81.98908996592031,1
2016-04-11,81.891357421975,1
2016-04-12,82.36482238779531,1
2016-04-13,82.56774139414297,1
2016-04-14,82.54519653330313,-1
2016-04-15,82.80066680918203,-1
2016-04-18,83.36431884775625,-1
2016-04-19,84.679443359475,-1
2016-04-20,85.35581207285391,-1
2016-04-21,85.3482894898461,-1
2016-04-22,85.1604232789086,-1
2016-04-25,85.30319976816641,-1
2016-04-26,84.85227966318594,1
2016-04-27,84.74707794199453,1
2016-04-28,84.52915954599844,1
2016-04-29,84.22855377207266,1
2016-05-02,84.73204040537344,-1
2016-05-03,84.68697357187735,-1
2016-05-04,84.33377075205313,-1
2016-05-05,84.82975006113516,1
2016-05-06,84.72455596933828,1
2016-05-09,85.46100616465078,1
2016-05-10,86.17494201670156,1
2016-05-11,85.94947052011953,1
2016-05-12,85.84427642832266,1
2016-05-13,85.34077453623281,1
2016-05-16,86.00210571299063,1
2016-05-17,85.54369354258047,1
2016-05-18,85.36331939707266,1
2016-05-19,84.80720520029531,1
2016-05-20,85.25375366220938,1
2016-05-23,84.89047241220938,1
2016-05-24,85.29161071787344,1
2016-05-25,85.79114532480703,1
2016-05-26,85.45057678232656,1
2016-05-27,85.57163238535391,1
2016-05-31,85.29161071787344,1
2016-06-01,85.35971832285391,1
2016-06-02,86.6539535523461,1
2016-06-03,86.85833740244375,1
2016-06-06,87.62275695810781,1
2016-06-07,87.59250640879141,1
2016-06-08,87.64549255381094,1
2016-06-09,88.5537109376,1
2016-06-10,88.56126403818594,1
2016-06-13,88.39479064951406,-1
2016-06-14,88.6445541382836,-1
2016-06-15,88.10718536386953,-1
2016-06-16,88.28121185312735,-1
2016-06-17,87.40325927744375,-1
2016-06-20,88.20554351816641,-1
2016-06-21,87.93308258066641,-1
2016-06-22,88.14500427256094,-1
2016-06-23,88.8413314820336,-1
2016-06-24,87.51679229746328,1
2016-06-27,88.21315002451406,1
2016-06-28,89.48468017588125,1
2016-06-29,90.31721496592031,1
2016-06-30,91.80827331552969,1
2016-07-01,91.8006820679711,1
2016-07-05,92.54241180429922,1
2016-07-06,92.82244110117422,1
2016-07-07,92.72408294687735,1
2016-07-08,92.98141479502188,1
2016-07-11,93.04195404062735,1
2016-07-12,93.03437805185781,1
2016-07-13,93.09494018564688,1
2016-07-14,93.23117828379141,1
2016-07-15,93.09494018564688,1
2016-07-18,93.20088958750235,1
2016-07-19,94.79786682138906,1
2016-07-20,94.71461486826406,1
2016-07-21,94.72220611582266,1
2016-07-22,94.63136291513906,1
2016-07-25,94.52542114267813,1
2016-07-26,94.72220611582266,1
2016-07-27,94.43458557138906,1
2016-07-28,94.19996643076406,1
2016-07-29,94.78275299082266,1
2016-08-01,94.91142272959219,1
2016-08-02,94.4951171876,1
2016-08-03,93.776123046975,1
2016-08-04,93.745849609475,1
2016-08-05,94.033447265725,1
2016-08-08,93.58689880381094,1
2016-08-09,93.42036437998281,1
2016-08-10,93.36740875254141,1
2016-08-11,93.67770385752188,1
2016-08-12,93.26145172129141,1
2016-08-15,92.57270050058828,1
2016-08-16,91.0740966797875,1
2016-08-17,91.81580352793203,1
2016-08-18,91.3692626954125,1
2016-08-19,91.3692626954125,1
2016-08-22,90.76734924326406,1
2016-08-23,91.00355529795156,1
2016-08-24,90.44734191904531,1
2016-08-25,90.34068298349844,1
2016-08-26,90.69878387461172,1
2016-08-29,91.3692626954125,1
2016-08-30,91.02639770517813,1
2016-08-31,90.92736053476797,1
2016-09-01,90.72924041758047,1
2016-09-02,90.91212463388906,1
2016-09-06,91.2397689820336,1
2016-09-07,91.13307189951406,1
2016-09-08,91.02639770517813,1
2016-09-09,90.08164978037344,1
2016-09-12,90.79019165049063,1
2016-09-13,89.60926055918203,1
2016-09-14,89.79972839365469,1
2016-09-15,90.38639831552969,1
2016-09-16,90.09686279306875,1
2016-09-19,89.64733123789297,1
2016-09-20,89.86827087412344,1
2016-09-21,90.5997314454125,1
2016-09-22,91.01879119883047,1
2016-09-23,90.52353668222891,1
2016-09-26,89.73878479013906,1
2016-09-27,90.83591461191641,1
2016-09-28,90.96543884287344,1
2016-09-29,89.35019683847891,1
2016-09-30,90.00543212900625,1
2016-10-03,90.52353668222891,1
2016-10-04,90.53113555918203,1
2016-10-05,90.80545806894766,1
2016-10-06,90.47782135019766,1
2016-10-07,90.85118103037344,1
2016-10-10,91.27783203135,1
2016-10-11,89.63209533701406,1
2016-10-12,89.88350677500235,1
2016-10-13,90.10448455820547,1
2016-10-14,89.57114410410391,1
2016-10-17,90.27974700937735,1
2016-10-18,87.93301391611563,1
2016-10-19,87.3082275391625,1
2016-10-20,87.52159118662344,1
2016-10-21,86.43204498301016,1
2016-10-24,86.56155395517813,1
2016-10-25,86.82822418222891,1
2016-10-26,87.28538513193594,1
2016-10-27,88.15396881113516,1
2016-10-28,87.87204742441641,1
2016-10-31,88.37490844736563,1
2016-11-01,87.87966918955313,1
2016-11-02,87.51394653330313,1
2016-11-03,87.64347839365469,1
2016-11-04,87.70443725595938,1
2016-11-07,88.8853988648461,1
2016-11-08,89.18255615244375,1
2016-11-09,91.66642761240469,1
2016-11-10,91.07975006113516,1
2016-11-11,90.26448059092031,1
2016-11-14,88.83970642099844,1
2016-11-15,88.62635803232656,1
2016-11-16,88.65686798105703,1
2016-11-17,88.81682586679922,1
2016-11-18,88.50231170664297,1
2016-11-21,88.22611999521719,1
2016-11-22,86.49225616465078,1
2016-11-23,86.74544525156485,1
2016-11-25,87.55866241465078,1
2016-11-28,86.79149627695547,1
2016-11-29,86.29281616220938,1
2016-11-30,85.38752746592031,1
2016-12-01,85.44890594492422,1
2016-12-02,85.89387512217031,1
2016-12-05,85.87853240976797,1
2016-12-06,85.97059631357656,1
2016-12-07,85.23408508310781,1
2016-12-08,85.14970397959219,1
2016-12-09,86.1240234376,1
2016-12-12,88.50231170664297,1
2016-12-13,88.90891265879141,1
2016-12-14,88.21842193613516,1
2016-12-15,88.90891265879141,1
2016-12-16,88.90122985849844,1
2016-12-19,89.00865936289297,1
2016-12-20,88.73245239267813,1
2016-12-21,88.46394348154531,1
2016-12-22,88.56367492685781,1
2016-12-23,88.96260070810781,1
2016-12-27,88.92424774179922,1
2016-12-28,88.30284118662344,1
2016-12-29,88.60202789316641,1
2016-12-30,88.38721466074453,1
2017-01-03,88.87052917490469,1
2017-01-04,88.72479248056875,1
2017-01-05,89.65305328379141,1
2017-01-06,89.22345733652578,1
2017-01-09,89.20808410654531,1
2017-01-10,89.11605834970938,1
2017-01-11,88.01897430429922,1
2017-01-12,87.9345703126,1
2017-01-13,87.91922760019766,1
2017-01-17,88.12638854990469,1
2017-01-18,87.9959716797875,1
2017-01-19,87.61237335215078,1
2017-01-20,87.57400512705313,1
2017-01-23,87.38987731943594,1
2017-01-24,85.74042510996328,1
2017-01-25,86.53832244883047,1
2017-01-26,85.80179595957266,1
2017-01-27,86.98328399668203,1
2017-01-30,86.79149627695547,1
2017-01-31,86.88352966318594,1
2017-02-01,86.86821746836172,1
2017-02-02,87.12904357920156,1
2017-02-03,87.18274688730703,1
2017-02-06,86.99861145029531,1
2017-02-07,87.06000518808828,1
2017-02-08,86.99861145029531,1
2017-02-09,87.52030181894766,1
2017-02-10,88.41023254404531,1
2017-02-13,88.90122985849844,1
2017-02-14,89.26947784433828,1
2017-02-15,89.91392517099844,1
2017-02-16,90.58902740488516,1
2017-02-17,91.18741607676016,1
2017-02-21,91.80119323740469,1
2017-02-22,91.69377899179922,1
2017-02-23,93.36621856699453,1
2017-02-24,94.77945709238516,1
2017-02-27,94.524658203225,1
2017-02-28,94.37790679941641,1
2017-03-01,95.65211486826406,1
2017-03-02,95.47449493418203,1
2017-03-03,95.59808349619375,1
2017-03-06,95.53629302988516,1
2017-03-07,95.62896728525625,1
2017-03-08,95.83747863779531,1
2017-03-09,97.26615142832266,1
2017-03-10,97.4669418335961,1
2017-03-13,97.82991790781485,1
2017-03-14,98.11564636240469,1
2017-03-15,99.59066009531485,1
2017-03-16,99.20452880869375,1
2017-03-17,98.8956298829125,1
2017-03-20,98.90332794199453,1
2017-03-21,98.27008056650625,1
2017-03-22,97.50557708750235,1
2017-03-23,97.22752380381094,1
2017-03-24,96.9031982422875,1
2017-03-27,97.15030670176016,1
2017-03-28,97.04220581064688,1
2017-03-29,96.4707260132836,1
2017-03-30,96.26994323740469,1
2017-03-31,96.18497467051016,1
2017-04-03,96.29309844980703,1
2017-04-04,96.28540802011953,1
2017-04-05,96.37806701670156,1
2017-04-06,96.57112121592031,1
2017-04-07,96.4707260132836,1
2017-04-10,96.02279663095938,1
2017-04-11,95.93014526377188,1
2017-04-12,96.84140777597891,1
2017-04-13,96.52478790293203,1
2017-04-17,97.0885238648461,1
2017-04-18,94.07670593271719,1
2017-04-19,93.72918701181875,1
2017-04-20,94.11533355722891,1
2017-04-21,94.03038787851797,1
2017-04-24,94.90303802500235,1
2017-04-25,95.320068359475,1
2017-04-26,95.3818359376,1
2017-04-27,95.55945587168203,1
2017-04-28,95.3509521485375,1
2017-05-01,95.25055694590078,1
2017-05-02,95.52855682383047,1
2017-05-03,95.24284362802969,1
2017-05-04,95.72162628183828,1
2017-05-05,95.3818359376,1
2017-05-08,95.18109130869375,1
2017-05-09,95.15015411386953,1
2017-05-10,94.84125518808828,1
2017-05-11,95.14241790781485,1
2017-05-12,95.48222351084219,1
2017-05-15,98.06930542002188,1
2017-05-16,98.67166137705313,1
2017-05-17,97.82218170176016,1
2017-05-18,98.05387878427969,1
2017-05-19,98.0770263672875,1
2017-05-22,98.27781677256094,1
2017-05-23,98.47862243662344,1
2017-05-24,98.47088623056875,1
2017-05-25,99.13941192636953,1
2017-05-26,98.66522216806875,1
2017-05-30,98.81292724619375,1
2017-05-31,99.69915771494375,1
2017-06-01,100.11113739023672,1
2017-06-02,101.12175750742422,1
2017-06-05,101.33942413340078,1
2017-06-06,101.70478057871328,1
2017-06-07,101.6425781251,1
2017-06-08,101.48711395273672,1
2017-06-09,102.24898529062735,1
2017-06-12,102.47441864023672,1
2017-06-13,102.62989807138906,1
2017-06-14,103.21292114267813,1
2017-06-15,103.42280578623281,1
2017-06-16,104.4411849976586,1
2017-06-19,104.2235107422875,1
2017-06-20,104.34011840830313,1
2017-06-21,104.87651062021719,1
2017-06-22,105.76272583017813,1
2017-06-23,106.05814361582266,1
2017-06-26,105.98817443857656,1
2017-06-27,104.9542465210961,1
2017-06-28,104.0291748047875,1
2017-06-29,103.11184692392813,1
2017-06-30,102.83978271494375,1
2017-07-03,103.31394195566641,1
2017-07-05,103.88922882090078,1
2017-07-06,103.0185546876,1
2017-07-07,103.03411865244375,1
2017-07-10,102.26449584970938,1
2017-07-11,102.0157470704125,1
2017-07-12,102.79312896738516,1
2017-07-13,102.50550079355703,1
2017-07-14,103.08078002939688,1
2017-07-17,102.73092651377188,1
2017-07-18,104.52669525156485,1
2017-07-19,105.10971832285391,1
2017-07-20,106.16696929941641,1
2017-07-21,105.18744659433828,1
2017-07-24,103.39945983896719,1
2017-07-25,102.52104187021719,1
2017-07-26,101.79807281504141,1
2017-07-27,101.70478057871328,1
2017-07-28,102.49772644052969,1
2017-07-31,103.17403411875235,1
2017-08-01,103.01080322275625,1
2017-08-02,102.73871612558828,1
2017-08-03,103.66378784189688,1
2017-08-04,103.5316162110375,1
2017-08-07,103.28286743174063,1
2017-08-08,102.82422637949453,1
2017-08-09,103.57049560556875,1
2017-08-10,103.4616928101586,1
2017-08-11,103.46945190439688,1
2017-08-14,103.76484680185781,1
2017-08-15,103.68712615976797,1
2017-08-16,104.30124664316641,1
2017-08-17,103.42280578623281,1
2017-08-18,103.10408782968985,1
2017-08-21,103.74153137217031,1
2017-08-22,104.71324920664297,1
2017-08-23,103.23623657236563,1
2017-08-24,103.30619049082266,1
2017-08-25,103.01673126230703,1
2017-08-28,103.06366729746328,1
2017-08-29,103.43135833750235,1
2017-08-30,102.53953552256094,1
2017-08-31,103.55655670176016,1
2017-09-01,102.50823974619375,1
2017-09-05,101.62419128427969,1
2017-09-06,102.2265853882836,1
2017-09-07,103.41574096689688,1
2017-09-08,102.46910095224844,1
2017-09-11,104.21371459970938,1
2017-09-12,103.75995635996328,1
2017-09-13,103.61909484873281,1
2017-09-14,104.97254943857656,1
2017-09-15,105.18377685556875,1
2017-09-18,105.91134643564688,1
2017-09-19,105.78617858896719,1
2017-09-20,104.22150421152578,1
2017-09-21,103.07148742685781,1
2017-09-22,102.78984069834219,1
2017-09-25,102.61774444590078,1
2017-09-26,102.43780517588125,1
2017-09-27,101.50684356699453,1
2017-09-28,101.28777313242422,1
2017-09-29,101.71024322519766,1
2017-10-02,102.65686798105703,1
2017-10-03,103.34531402597891,1
2017-10-04,103.96331787119375,1
2017-10-05,104.1980209351586,1
2017-10-06,104.22150421152578,1
2017-10-09,104.40146636972891,1
2017-10-10,104.75350952158438,1
2017-10-11,106.90491485605703,1
2017-10-12,107.04570007334219,1
2017-10-13,106.7328109742211,1
2017-10-16,106.4902572632836,1
2017-10-17,110.14369201670156,1
2017-10-18,110.05766296396719,1
2017-10-19,111.12163543711172,1
2017-10-20,111.40327453623281,1
2017-10-23,112.35771179209219,1
2017-10-24,110.80870056162344,1
2017-10-25,111.37198638926016,1
2017-10-26,110.94170379648672,1
2017-10-27,110.91819763193594,1
2017-10-30,109.52568054209219,1
2017-10-31,109.0641098023461,1
2017-11-01,109.51005554209219,1
2017-11-02,109.47091674814688,1
2017-11-03,109.5882568360375,1
2017-11-06,109.33792877207266,1
2017-11-07,109.34576416025625,1
2017-11-08,110.55835723886953,1
2017-11-09,109.79949951181875,1
2017-11-10,109.18145751963125,1
2017-11-13,109.33792877207266,1
2017-11-14,109.126708984475,1
2017-11-15,108.82158660898672,1
2017-11-16,108.64166259775625,1
2017-11-17,107.9610595704125,1
2017-11-20,107.90625762949453,1
2017-11-21,108.22705841074453,1
2017-11-22,107.40558624277578,1
2017-11-24,107.96884155283438,1
2017-11-27,108.70088195810781,1
2017-11-28,110.21214294443594,1
2017-11-29,110.04684448252188,1
2017-11-30,109.66903686533438,1
2017-12-01,110.1806640626,1
2017-12-04,109.41714477549063,1
2017-12-05,109.93669128427969,1
2017-12-06,111.03073883066641,1
2017-12-07,110.2042465210961,1
2017-12-08,110.6607894898461,1
2017-12-11,111.09371948252188,1
2017-12-12,112.24291229258047,1
2017-12-13,112.47118377695547,1
2017-12-14,111.4951400757836,1
2017-12-15,112.13272094736563,1
2017-12-18,111.61320495615469,1
2017-12-19,111.59745788584219,1
2017-12-20,111.10945892343985,1
2017-12-21,111.03073883066641,1
2017-12-22,110.29084777842031,1
2017-12-26,110.26727294931875,1
2017-12-27,110.64508056650625,1
2017-12-28,110.63719177256094,1
2017-12-29,109.97600555429922,1
2018-01-02,109.59033203135,1
2018-01-03,110.63719177256094,1
2018-01-04,110.62930297861563,1
2018-01-05,111.5423812867211,1
2018-01-08,111.68403625498281,1
2018-01-09,113.4550781251,1
2018-01-10,113.32124328623281,1
2018-01-11,113.96665191660391,1
2018-01-12,114.73019409189688,1
2018-01-16,115.59599304209219,1
2018-01-17,115.6904296876,1
2018-01-18,115.64325714121328,1
2018-01-19,115.98959350595938,1
2018-01-22,116.6035385132836,1
2018-01-23,111.63681030283438,1
2018-01-24,111.82572937021719,1
2018-01-25,113.65970611582266,1
2018-01-26,114.3917465210961,1
2018-01-29,113.09298706064688,1
2018-01-30,112.10909271250235,1
2018-01-31,108.771728515725,1
2018-02-01,110.21214294443594,1
2018-02-02,108.37029266367422,1
2018-02-05,102.63219451914297,1
2018-02-06,103.76566314707266,1
2018-02-07,103.44293212900625,1
2018-02-08,99.46012878427969,1
2018-02-09,101.95526885996328,1
2018-02-12,102.53776550302969,1
2018-02-13,102.29375457773672,1
2018-02-14,102.06548309336172,1
2018-02-15,103.29337310801016,1
2018-02-16,104.80464172373281,1
2018-02-20,103.01001739511953,1
2018-02-21,102.25439453135,1
2018-02-22,102.25439453135,1
2018-02-23,103.91522216806875,1
2018-02-26,104.62023162851797,1
2018-02-27,104.3033676148461,1
2018-02-28,102.88542175302969,1
2018-03-01,100.82579040537344,1
2018-03-02,102.04572296152578,1
2018-03-05,102.81410217295156,1
2018-03-06,101.57041168222891,1
2018-03-07,102.2199935914086,1
2018-03-08,104.61228942881094,1
2018-03-09,105.99066925058828,1
2018-03-12,105.06383514414297,1
2018-03-13,106.42633819590078,1
2018-03-14,104.81827545176016,1
2018-03-15,105.40448760996328,1
2018-03-16,105.89559173593985,1
2018-03-19,103.17057037363516,1
2018-03-20,103.93896484385,1
2018-03-21,103.92312622080313,1
2018-03-22,100.90502166758047,1
2018-03-23,99.09888458261953,1
2018-03-26,100.91292572031485,1
2018-03-27,100.77035522470938,1
2018-03-28,100.96043396006094,1
2018-03-29,101.51496124277578,1
2018-04-02,98.67112731943594,1
2018-04-03,101.67341613779531,1
2018-04-04,103.30526733408438,1
2018-04-05,103.54287719736563,1
2018-04-06,101.47537231455313,1
2018-04-09,102.56854248056875,1
2018-04-10,103.17849731455313,1
2018-04-11,102.68736267099844,1
2018-04-12,103.32106018076406,1
2018-04-13,103.47158813486563,1
2018-04-16,104.3746337891625,1
2018-04-17,103.4082260132836,1
2018-04-18,101.17435455332266,1
2018-04-19,101.0396957398461,1
2018-04-20,100.33465576181875,1
2018-04-23,100.46931457529531,1
2018-04-24,99.96234130869375,1
2018-04-25,100.41387176523672,1
2018-04-26,101.40403747568594,1
2018-04-27,101.61003875742422,1
2018-04-30,100.1999740601586,1
2018-05-01,99.81976318369375,1
2018-05-02,97.83145141611563,1
2018-05-03,97.45911407480703,1
2018-05-04,98.37802124033438,1
2018-05-07,97.90274810801016,1
2018-05-08,97.12640380869375,1
2018-05-09,97.83935546885,1
2018-05-10,99.29693603525625,1
2018-05-11,100.7940902710961,1
2018-05-14,99.85935211191641,1
2018-05-15,99.12264251718985,1
2018-05-16,99.29693603525625,1
2018-05-17,98.10868835459219,1
2018-05-18,98.41761016855703,1
2018-05-21,98.00571441660391,1
2018-05-22,97.36408996592031,1
2018-05-23,97.79181671152578,1
2018-05-24,96.84125518808828,1
2018-05-25,96.93700408945547,1
2018-05-29,95.28507232676016,1
2018-05-30,96.5379867554711,1
2018-05-31,95.46064758310781,1
2018-06-01,96.76941680918203,1
2018-06-04,97.32004547129141,1
2018-06-05,96.94498443613516,1
2018-06-06,97.99041748056875,1
2018-06-07,98.42134857187735,1
2018-06-08,99.0039062501,1
2018-06-11,97.88668060312735,1
2018-06-12,97.79090118418203,1
2018-06-13,97.86270904551016,1
2018-06-14,97.68714141855703,1
2018-06-15,97.84675598154531,1
2018-06-18,96.81730651865469,1
2018-06-19,97.81483459482656,1
2018-06-20,97.39188385019766,1
2018-06-21,96.92105102549063,1
2018-06-22,98.03030395517813,1
2018-06-25,97.83080291758047,1
2018-06-26,97.63927459726797,1
2018-06-27,97.04872131357656,1
2018-06-28,97.35997772226797,1
2018-06-29,96.83326721201406,1
2018-07-02,97.02477264414297,1
2018-07-03,97.92656707773672,1
2018-07-05,99.75406646738516,1
2018-07-06,100.35260009775625,1
2018-07-09,100.59201812754141,1
2018-07-10,101.65338897715078,1
2018-07-11,100.74362945566641,1
2018-07-12,101.95664215097891,1
2018-07-13,100.49622344980703,1
2018-07-16,99.50666809092031,1
2018-07-17,103.03396606455313,1
2018-07-18,101.98855590830313,1
2018-07-19,100.50422668467031,1
2018-07-20,100.43240356455313,1
2018-07-23,101.05486297617422,1
2018-07-24,103.23347473154531,1
2018-07-25,102.64290618906485,1
2018-07-26,103.96766662607656,1
2018-07-27,104.98118591318594,1
2018-07-30,105.47595977793203,1
2018-07-31,105.7552490235375,1
2018-08-01,105.85102081308828,1
2018-08-02,104.74176788340078,1
2018-08-03,105.30037689218985,1
2018-08-06,105.35626220713125,1
2018-08-07,104.90937042246328,1
2018-08-08,104.67790985117422,1
2018-08-09,104.70184326181875,1
2018-08-10,104.34272766123281,1
2018-08-13,103.91980743418203,1
2018-08-14,103.34521484385,1
2018-08-15,104.08735656748281,1
2018-08-16,105.72335815439688,1
2018-08-17,107.31143951426016,1
2018-08-20,109.23469543467031,1
2018-08-21,108.01370239267813,1
2018-08-22,107.42316436777578,1
2018-08-23,107.82217407236563,1
2018-08-24,108.49252319345938,1
2018-08-27,108.38807678232656,1
2018-08-28,107.90607452402578,1
2018-08-29,108.33988952646719,1
2018-08-30,108.41217041025625,1
2018-08-31,108.20330810556875,1
2018-09-04,107.42406463633047,1
2018-09-05,109.14322662363516,1
2018-09-06,109.95460510263906,1
2018-09-07,110.31613159189688,1
2018-09-10,110.22774505625235,1
2018-09-11,111.2721176148461,1
2018-09-12,111.95496368418203,1
2018-09-13,112.38071441660391,1
2018-09-14,112.05940246592031,1
2018-09-17,112.43696594248281,1
2018-09-18,112.90292358408438,1
2018-09-19,112.83863830576406,1
2018-09-20,114.05976104746328,1
2018-09-21,114.78274536142813,1
2018-09-24,112.8466796876,1
2018-09-25,111.37655639658438,1
2018-09-26,110.99091339121328,1
2018-09-27,111.03916931162344,1
2018-09-28,110.99895477304922,1
2018-10-01,112.22007751474844,1
2018-10-02,112.854736328225,1
2018-10-03,111.68989562998281,1
2018-10-04,111.94692993174063,1
2018-10-05,111.74608612070547,1
2018-10-08,111.97908020029531,1
2018-10-09,111.82642364511953,1
2018-10-10,110.64551544199453,1
2018-10-11,107.52047729502188,1
2018-10-12,107.5445556641625,1
2018-10-15,107.60882568369375,1
2018-10-16,109.70558166513906,1
2018-10-17,112.03529357920156,1
2018-10-18,112.06742095957266,1
2018-10-19,111.70592498789297,1
2018-10-22,111.40866851816641,1
2018-10-23,111.6095199585961,1
2018-10-24,110.43663787851797,1
2018-10-25,111.23995971689688,1
2018-10-26,110.03495788584219,1
2018-10-29,110.50093841562735,1
2018-10-30,113.07163238535391,1
2018-10-31,112.46106719980703,1
2018-11-01,113.12783813486563,1
2018-11-02,113.01537323008047,1
2018-11-05,114.2364730835961,1
2018-11-06,114.53374481211172,1
2018-11-07,116.28500366220938,1
2018-11-08,116.72686767588125,1
2018-11-09,116.75901794443594,1
2018-11-12,116.98391723642813,1
2018-11-13,116.2287826539086,1
2018-11-14,115.88337707529531,1
2018-11-15,116.08418273935781,1
2018-11-16,117.28118133554922,1
2018-11-19,118.67900085459219,1
2018-11-20,117.65068817148672,1
2018-11-21,114.06779479990469,1
2018-11-23,114.26055908213125,1
2018-11-26,114.29290008554922,1
2018-11-27,115.78861999521719,1
2018-11-28,118.39185333261953,1
2018-11-29,117.91487884531485,1
2018-11-30,118.76374816904531,1
2018-12-03,118.20590209970938,1
2018-12-04,118.06038665781485,1
2018-12-06,117.96334838877188,1
2018-12-07,117.57529449472891,1
2018-12-10,117.4378662110375,1
2018-12-11,118.44039917002188,1
2018-12-12,118.92542266855703,1
2018-12-13,119.52368927011953,1
2018-12-14,107.52603912363516,1
2018-12-17,104.40536499033438,1
2018-12-18,105.44022369394766,1
2018-12-19,103.16842651377188,1
2018-12-20,103.70201110849844,1
2018-12-21,103.55650329599844,1
2018-12-24,99.3120346070336,1
2018-12-26,102.44082641611563,1
2018-12-27,103.00672912607656,1
2018-12-28,102.89352417002188,1
2018-12-31,104.33260345468985,1
2019-01-02,103.28160858164297,1
2019-01-03,101.64041137705313,1
2019-01-04,103.34626770029531,1
2019-01-07,102.68334198008047,1
2019-01-08,105.06832122812735,1
2019-01-09,104.23558044443594,1
2019-01-10,104.8662109376,1
2019-01-11,104.89853668222891,1
2019-01-14,103.7100830079125,1
2019-01-15,104.58322143564688,1
2019-01-16,103.51605987558828,1
2019-01-17,104.36493682871328,1
2019-01-18,105.65850830088125,1
2019-01-22,104.13047027597891,1
2019-01-23,104.13047027597891,1
2019-01-24,102.69950866709219,1
2019-01-25,103.669677734475,1
2019-01-28,104.28410339365469,1
2019-01-29,105.36746978769766,1
2019-01-30,106.42655181894766,1
2019-01-31,107.5907211304711,1
2019-02-01,108.49620819101797,1
2019-02-04,107.42906188974844,1
2019-02-05,107.42906188974844,1
2019-02-06,107.52603912363516,1
2019-02-07,106.75798797617422,1
2019-02-08,107.04094696054922,1
2019-02-11,106.71759033213125,1
2019-02-12,108.46389770517813,1
2019-02-13,108.69832611093985,1
2019-02-14,108.58512878427969,1
2019-02-15,110.2586669922875,1
2019-02-19,109.70085906992422,1
2019-02-20,110.23442840586172,1
2019-02-21,109.48252868662344,1
2019-02-22,110.43653869638906,1
2019-02-25,110.84346008310781,1
2019-02-26,110.77020263681875,1
2019-02-27,110.57488250742422,1
2019-02-28,111.2015380860375,1
2019-03-01,112.59319305429922,1
2019-03-04,112.69895935068594,1
2019-03-05,112.93500518808828,1
2019-03-06,113.19539642343985,1
2019-03-07,112.50367736826406,1
2019-03-08,112.35713958750235,1
2019-03-11,112.76407623301016,1
2019-03-12,113.26866149912344,1
2019-03-13,113.4558334351586,1
2019-03-14,112.32462310801016,1
2019-03-15,111.98280334482656,1
2019-03-18,111.63286590586172,1
2019-03-19,112.66641235361563,1
2019-03-20,111.73052978525625,1
2019-03-21,112.38973236093985,1
2019-03-22,111.42125701914297,1
2019-03-25,111.1771469117211,1
2019-03-26,112.77223205576406,1
2019-03-27,112.87800598154531,1
2019-03-28,113.0245361329125,1
2019-03-29,113.76507568369375,1
2019-04-01,113.10587310801016,1
2019-04-02,112.07231903086172,1
2019-04-03,111.63286590586172,1
2019-04-04,110.33073425302969,1
2019-04-05,110.8271713257836,1
2019-04-08,110.79463195810781,1
2019-04-09,110.33073425302969,1
2019-04-10,110.3388671876,1
2019-04-11,110.03776550302969,1
2019-04-12,110.66439056406485,1
2019-04-15,111.10385894785391,1
2019-04-16,112.32462310801016,1
2019-04-17,112.73152160654531,1
2019-04-18,111.91769409189688,1
2019-04-22,112.17000579843985,1
2019-04-23,113.85460662851797,1
2019-04-24,113.2849349976586,1
2019-04-25,113.65113830576406,1
2019-04-26,114.25339508066641,1
2019-04-29,113.80576324472891,1
2019-04-30,114.91258239756094,1
2019-05-01,115.52294921885,1
2019-05-02,114.97770690927969,1
2019-05-03,115.57178497324453,1
2019-05-06,115.63690948496328,1
2019-05-07,113.91158294687735,1
2019-05-08,113.76507568369375,1
2019-05-09,112.90244293222891,1
2019-05-10,113.162841796975,1
2019-05-13,111.65727233896719,1
2019-05-14,111.34803009043203,1
2019-05-15,111.42125701914297,1
2019-05-16,112.479248046975,1
2019-05-17,112.80477905283438,1
2019-05-20,112.65017700205313,1
2019-05-21,112.40599060068594,1
2019-05-22,112.92686462412344,1
2019-05-23,113.76507568369375,1
2019-05-24,113.77330780039297,1
2019-05-28,112.31473541269766,1
2019-05-29,107.61140441904531,1
2019-05-30,108.25054931650625,1
2019-05-31,107.46393585215078,1
2019-06-03,107.70156860361563,1
2019-06-04,109.57798004160391,1
2019-06-05,110.11058044443594,1
2019-06-06,111.99519348154531,1
2019-06-07,113.5274658204125,1
2019-06-10,113.91257476816641,1
2019-06-11,114.53530883799063,1
2019-06-12,116.0921859742211,1
2019-06-13,115.29734802256094,1
2019-06-14,114.78933715830313,1
2019-06-17,114.25672912607656,1
2019-06-18,114.90403747568594,1
2019-06-19,115.08431243906485,1
2019-06-20,116.52647399912344,1
2019-06-21,116.42814636240469,1
2019-06-24,117.22294616709219,1
2019-06-25,118.1898422242211,1
2019-06-26,116.23146057138906,1
2019-06-27,115.28096771250235,1
2019-06-28,114.1256332398461,1
2019-07-01,114.19117736826406,1
2019-07-02,114.74015808115469,1
2019-07-03,116.46908569345938,1
2019-07-05,115.18267822275625,1
2019-07-08,115.51039123545156,1
2019-07-09,115.87093353281485,1
2019-07-10,115.70709991465078,1
2019-07-11,114.80571746836172,1
2019-07-12,110.04502868662344,1
2019-07-15,110.38095092783438,1
2019-07-16,108.57010650644766,1
2019-07-17,108.04568481455313,1
2019-07-18,108.21778106699453,1
2019-07-19,106.77564239511953,1
2019-07-22,105.40723419199453,1
2019-07-23,105.57112121592031,1
2019-07-24,106.34135437021719,1
2019-07-25,107.43932342539297,1
2019-07-26,107.11976623545156,1
2019-07-29,108.9962158204125,1
2019-07-30,108.2259750367211,1
2019-07-31,106.70188140879141,1
2019-08-01,106.75922393808828,1
2019-08-02,107.39839935312735,1
2019-08-05,106.6527328492211,1
2019-08-06,107.15254211435781,1
2019-08-07,106.6937255860375,1
2019-08-08,107.89820098886953,1
2019-08-09,108.19319915781485,1
2019-08-12,108.10304260263906,1
2019-08-13,109.32398223886953,1
2019-08-14,106.73465728769766,1
2019-08-15,106.96408844004141,1
2019-08-16,107.63602447519766,1
2019-08-19,108.3652572632836,1
2019-08-20,107.01325988779531,1
2019-08-21,107.77530670176016,1
2019-08-22,107.562255859475,1
2019-08-23,104.66157531748281,1
2019-08-26,105.50364685068594,1
2019-08-27,107.02262878427969,1
2019-08-28,106.23011016855703,1
2019-08-29,105.86686706552969,1
2019-08-30,105.96593475351797,1
2019-09-03,106.27967071543203,1
2019-09-04,106.37870788584219,1
2019-09-05,106.14754486093985,1
2019-09-06,105.84210205088125,1
2019-09-09,104.8019027710961,1
2019-09-10,106.94832611093985,1
2019-09-11,108.28569793711172,1
2019-09-12,107.67478179941641,1
2019-09-13,107.96375274668203,1
2019-09-16,106.94007110605703,1
2019-09-17,107.0473861695336,1
2019-09-18,107.65830230722891,1
2019-09-19,107.41062927256094,1
2019-09-20,108.68194580088125,1
2019-09-23,108.7562484742211,1
2019-09-24,108.59941864023672,1
2019-09-25,108.13710021982656,1
2019-09-26,106.37045288095938,1
2019-09-27,106.16407775888906,1
2019-09-30,106.8079833985375,1
2019-10-01,107.31157684336172,1
2019-10-02,108.97090148935781,1
2019-10-03,108.30218505869375,1
2019-10-04,110.34126281748281,1
2019-10-07,109.92852020273672,1
2019-10-08,108.83878326426016,1
2019-10-09,106.6759033204125,1
2019-10-10,106.54383087168203,1
2019-10-11,108.41776275644766,1
2019-10-14,107.91419982920156,1
2019-10-15,109.66433715830313,1
2019-10-16,111.58784484873281,1
2019-10-17,112.41339111338125,1
2019-10-18,105.42107391367422,1
2019-10-21,105.68527221689688,1
2019-10-22,106.65937805185781,1
2019-10-23,107.23725891123281,1
2019-10-24,105.25596618662344,1
2019-10-25,105.95767211924063,1
2019-10-28,106.64287567148672,1
2019-10-29,106.59332275400625,1
2019-10-30,109.66433715830313,1
2019-10-31,109.00392150888906,1
2019-11-01,108.31046295176016,1
2019-11-04,107.50969696054922,1
2019-11-05,107.66656494150625,1
2019-11-06,108.11235046396719,1
2019-11-07,108.50033569345938,1
2019-11-08,109.79642486582266,1
2019-11-11,108.9543685914086,1
2019-11-12,108.43430328379141,1
2019-11-13,108.36826324472891,1
2019-11-14,108.11235046396719,1
2019-11-15,111.3979721070336,1
2019-11-18,111.30718994150625,1
2019-11-19,111.29891204843985,1
2019-11-20,112.2235107422875,1
2019-11-21,112.63627624521719,1
2019-11-22,113.98191070566641,1
2019-11-25,114.03176879892813,1
2019-11-26,114.02347564707266,1
2019-11-27,114.50559997568594,1
2019-11-29,114.28947448740469,1
2019-12-02,114.18140411386953,1
2019-12-03,114.01515197763906,1
2019-12-04,115.86054229746328,1
2019-12-05,116.01018524179922,1
2019-12-06,116.6917953492211,1
2019-12-09,116.79154968271719,1
2019-12-10,116.36760711679922,1
2019-12-11,117.1905517579125,1
2019-12-12,117.48979187021719,1
2019-12-13,117.52308654795156,1
2019-12-16,117.86386871347891,1
2019-12-17,119.33519744883047,1
2019-12-18,119.02762603769766,1
2019-12-19,120.82315826426016,1
2019-12-20,121.41332244883047,1
2019-12-23,121.72926330576406,1
2019-12-24,121.30525970468985,1
2019-12-26,121.22214508066641,1
2019-12-27,121.15565490732656,1
2019-12-30,120.78158569345938,1
2019-12-31,121.25540161142813,1
2020-01-02,121.3385009766625,1
2020-01-03,119.93368530283438,1
2020-01-06,119.78410339365469,1
2020-01-07,120.51557922373281,1
2020-01-08,120.49897766123281,1
2020-01-09,120.85638427744375,1
2020-01-10,120.58206939707266,1
2020-01-13,121.11409759531485,1
2020-01-14,121.79570007334219,1
2020-01-15,122.20304107676016,1
2020-01-16,123.19223785410391,1
2020-01-17,123.99851989756094,1
2020-01-21,124.0816879273461,1
2020-01-22,123.2337875367211,1
2020-01-23,123.466552734475,1
2020-01-24,123.2919921876,1
2020-01-27,123.6494369507836,1
2020-01-28,124.27290344248281,1
2020-01-29,125.13735961924063,1
2020-01-30,124.98775482187735,1
2020-01-31,123.74919891367422,1
2020-02-03,124.82979583750235,1
2020-02-04,126.01852417002188,1
2020-02-05,128.00517272959218,1
2020-02-06,127.62277221689688,1
2020-02-07,126.25952911386953,1
2020-02-10,126.23466491709219,1
2020-02-11,126.34270477304922,1
2020-02-12,125.5946044922875,1
2020-02-13,124.76327514658438,1
2020-02-14,124.7965316773461,1
2020-02-18,123.97361755381094,1
2020-02-19,123.80735778818594,1
2020-02-20,123.33355712900625,1
2020-02-21,124.63031768808828,1
2020-02-24,122.06206512461172,1
2020-02-25,121.00801849375235,1
2020-02-26,120.19654083261953,1
2020-02-27,116.38182067881094,1
2020-02-28,112.50018310556875,1
2020-03-02,117.13475036631094,1
2020-03-03,113.42881011972891,1
2020-03-04,120.0291976929711,1
2020-03-05,118.79949951181875,1
2020-03-06,118.81621551523672,1
2020-03-09,114.13988494883047,1
2020-03-10,118.48996734629141,1
2020-03-11,110.25823974619375,1
2020-03-12,104.91264343271719,1
2020-03-13,112.34125518808828,1
2020-03-16,106.35153198252188,1
2020-03-17,114.26534271250235,1
2020-03-18,112.90176391611563,1
2020-03-19,106.28459167490469,1
2020-03-20,100.29484558115469,1
2020-03-23,92.97498321543203,1
2020-03-24,99.70087432871328,1
2020-03-25,99.88492584238516,1
2020-03-26,105.883056640725,1
2020-03-27,103.0303955079125,1
2020-03-30,111.27046203623281,1
2020-03-31,109.69776153574453,1
2020-04-01,107.75692749033438,1
2020-04-02,111.3875961304711,1
2020-04-03,112.24089813242422,1
2020-04-06,116.9172592164086,1
2020-04-07,115.0098876954125,1
2020-04-08,119.84519195566641,1
2020-04-09,118.14698028574453,1
2020-04-13,116.92559051523672,1
2020-04-14,122.16246032724844,1
2020-04-15,123.52603149424063,1
2020-04-16,125.20751190195547,1
2020-04-17,127.17340850840078,1
2020-04-20,126.880615234475,1
2020-04-21,125.21588897715078,1
2020-04-22,127.9848861695336,1
2020-04-23,130.09300231943593,1
2020-04-24,129.54928588877186,1
2020-04-27,129.0723876954125,1
2020-04-28,126.64640808115469,1
2020-04-29,125.68437194834219,1
2020-04-30,125.51702880869375,1
2020-05-01,124.05305480967031,1
2020-05-04,124.03636169443594,1
2020-05-05,125.06534576426016,1
2020-05-06,123.87741851816641,1
2020-05-07,123.46749115000235,1
2020-05-08,124.39603424082266,1
2020-05-11,124.73905181894766,1
2020-05-12,123.09104919443594,1
2020-05-13,123.08267211924063,1
2020-05-14,123.50933074961172,1
2020-05-15,125.8516845704125,1
2020-05-18,125.91856384287344,1
2020-05-19,124.66374969492422,1
2020-05-20,123.54276275644766,1
2020-05-21,122.7313461304711,1
2020-05-22,121.6109848023461,1
2020-05-26,121.77103424082266,1
2020-05-27,122.04899597177969,1
2020-05-28,123.80113220224844,1
2020-05-29,125.30054473886953,1
2020-06-01,123.98641967783438,1
2020-06-02,124.87930297861563,1
2020-06-03,125.21625518808828,1
2020-06-04,123.59896087656485,1
2020-06-05,124.07909393320547,1
2020-06-08,123.63263702402578,1
2020-06-09,122.95033264170156,1
2020-06-10,124.50025939951406,-1
2020-06-11,118.66275024424063,-1
2020-06-12,119.74095916758047,-1
2020-06-15,118.98284149179922,-1
2020-06-16,121.68679809580313,-1
2020-06-17,121.31614685068594,-1
2020-06-18,120.80233764658438,-1
2020-06-19,121.1561279297875,-1
2020-06-22,120.78544616709219,-1
2020-06-23,120.33904266367422,-1
2020-06-24,117.77825164804922,-1
2020-06-25,117.65189361582266,-1
2020-06-26,116.08511352549063,-1
2020-06-29,117.1212387085961,-1
2020-06-30,118.4605941773461,-1
2020-07-01,118.24996948252188,-1
2020-07-02,118.74697875986563,-1
2020-07-06,120.44010925302969,-1
2020-07-07,120.3305892945336,-1
2020-07-08,120.68440246592031,-1
2020-07-09,120.02732086191641,-1
2020-07-10,119.92625427256094,-1
2020-07-13,122.31855010996328,-1
2020-07-14,124.601318359475,-1
2020-07-15,124.88774871836172,-1
2020-07-16,125.72166442881094,-1
2020-07-17,125.80589294443594,-1
2020-07-20,126.01651000986563,-1
2020-07-21,126.13442993174063,-1
2020-07-22,126.36185455332266,-1
2020-07-23,126.02493286142813,-1
2020-07-24,124.76981353769766,-1
2020-07-27,123.97798156748281,-1
2020-07-28,123.68321228037344,-1
2020-07-29,123.43888854990469,-1
2020-07-30,123.69159698496328,-1
2020-07-31,122.78189086924063,-1
2020-08-03,124.12123107920156,-1
2020-08-04,124.01168823252188,-1
2020-08-05,125.00566101084219,-1
2020-08-06,124.2896957398461,1
2020-08-07,125.17417907724844,1
2020-08-10,124.69400024424063,1
2020-08-11,123.80113220224844,1
2020-08-12,126.06707763681875,1
2020-08-13,124.66871643076406,1
2020-08-14,124.87090301523672,1
2020-08-17,125.50267791758047,1
2020-08-18,126.42924499521719,1
2020-08-19,126.68196105967031,1
2020-08-20,127.54956817636953,1
2020-08-21,128.6783752442406,1
2020-08-24,129.01756286631093,1
2020-08-25,128.94120788584218,1
2020-08-26,129.14476013193593,1
2020-08-27,129.7213134766625,1
2020-08-28,130.28097534189686,1
2020-08-31,130.0859680176781,1
2020-09-01,128.4833526612328,1
2020-09-02,130.4420928956078,1
2020-09-03,126.81280517588125,1
2020-09-04,125.99879455576406,1
2020-09-08,124.8709945679711,1
2020-09-09,126.94002532968985,1
2020-09-10,124.57420349131094,1
2020-09-11,125.31195831308828,1
2020-09-14,125.79530334482656,1
2020-09-15,126.25314331064688,1
2020-09-16,125.83765411386953,1
2020-09-17,124.79465484629141,1
2020-09-18,126.49906921396719,1
2020-09-21,123.03943634043203,1
2020-09-22,122.28473663340078,1
2020-09-23,122.47975158701406,1
2020-09-24,122.67475891123281,1
2020-09-25,123.51425933847891,1
2020-09-28,124.74382019052969,1
2020-09-29,124.70139312754141,1
2020-09-30,126.24469757090078,1
2020-10-01,124.92189025888906,1
2020-10-02,124.00611877451406,1
2020-10-05,125.69347381601797,1
2020-10-06,124.02304840097891,1
2020-10-07,125.396728515725,1
2020-10-08,126.25314331064688,1
2020-10-09,128.0169677735375,1
2020-10-12,128.754638671975,1
2020-10-13,125.80372619638906,1
2020-10-14,125.58330535898672,1
2020-10-15,124.81163787851797,-1
2020-10-16,125.58330535898672,-1
2020-10-19,122.37799072275625,-1
2020-10-20,122.57302856455313,-1
2020-10-21,122.04727935801016,-1
2020-10-22,123.02249145517813,-1
2020-10-23,123.15811157236563,-1
2020-10-26,122.08123779306875,-1
2020-10-27,121.38585662851797,-1
2020-10-28,117.32413482676016,-1
2020-10-29,116.33202362070547,1
2020-10-30,116.26419067392813,1
2020-11-02,117.60395050058828,1
2020-11-03,117.44281768808828,1
2020-11-04,118.20599365244375,1
2020-11-05,118.51128387461172,1
2020-11-06,120.62268829355703,1
2020-11-09,123.87036895761953,1
2020-11-10,125.73593139658438,1
2020-11-11,125.32889556894766,1
2020-11-12,125.75288391123281,1
2020-11-13,127.1096420289086,1
2020-11-16,127.91520690927969,1
2020-11-17,126.64325714121328,1
2020-11-18,124.9642333985375,1
2020-11-19,124.76924133310781,1
2020-11-20,124.10784149179922,1
2020-11-23,122.84410858164297,1
2020-11-24,122.84410858164297,1
2020-11-25,122.68190002451406,1
2020-11-27,122.95514678965078,1
2020-11-30,123.53574371347891,1
2020-12-01,125.90093994150625,1
2020-12-02,126.49008941660391,1
2020-12-03,127.22441101084219,1
2020-12-04,128.30880737314686,1
2020-12-07,127.19878387461172,1
2020-12-08,129.40174865732655,1
2020-12-09,130.72520446787343,1
2020-12-10,129.99945068369374,1
2020-12-11,130.59715271006093,1
2020-12-14,127.2842025757836,1
2020-12-15,128.56494140635,1
2020-12-16,127.79648590097891,1
2020-12-17,131.1692199708031,1
2020-12-18,131.92916870127186,1
2020-12-21,130.65692138681874,1
2020-12-22,130.40074157724843,1
2020-12-23,129.73471069345936,1
2020-12-24,130.18730163584218,1
2020-12-28,130.8020782471703,1
2020-12-29,131.61325073252186,1
2020-12-30,133.24411010752186,1
2020-12-31,134.3797149659203,1
2021-01-04,133.6282958985375,1
2021-01-05,135.19940185556874,1
2021-01-06,136.4716796876,1
2021-01-07,136.9327392579125,1
2021-01-08,136.65093994150624,1
2021-01-11,136.07887268076405,1
2021-01-12,135.02011108408436,1
2021-01-13,134.81515502939686,1
2021-01-14,137.17179870615468,1
2021-01-15,136.87298583994374,1
2021-01-19,138.9905090333031,1
2021-01-20,138.6490020752953,1
2021-01-21,138.093994140725,1
2021-01-22,139.64801025400624,1
2021-01-25,141.72282409677968,1
2021-01-26,145.5652160645531,1
2021-01-27,143.34521484385,1
2021-01-28,144.43812561045155,1
2021-01-29,139.2893829346703,1
2021-02-01,138.93072509775624,1
2021-02-02,137.6841125489281,1
2021-02-03,137.04374694834218,1
2021-02-04,138.31597900400624,1
2021-02-05,140.41650390635,1
2021-02-08,140.81776428232655,1
2021-02-09,141.97047424326405,1
2021-02-10,142.43156433115468,1
2021-02-11,141.7911682129906,1
2021-02-12,142.23515319834218,1
2021-02-16,140.94586181650624,1
2021-02-17,141.4496612549828,1
2021-02-18,141.51791381845936,1
2021-02-19,139.16127014170155,1
2021-02-22,139.07537841806874,1
2021-02-23,137.84674072275624,1
2021-02-24,139.69398498545155,1
2021-02-25,139.84007263193593,1
2021-02-26,136.1456298829125,1
2021-03-01,136.88446044931874,1
2021-03-02,136.62672424326405,1
2021-03-03,134.22099304209218,1
2021-03-04,131.5146026612328,1
2021-03-05,134.11793518076405,1
2021-03-08,135.23484802256093,1
2021-03-09,135.49261474619374,1
2021-03-10,136.73841857920155,1
2021-03-11,136.72982788095936,1
2021-03-12,137.12504577646718,1
2021-03-15,137.8296203614281,1
2021-03-16,138.64576721201405,1
2021-03-17,138.1302795411156,1
2021-03-18,137.87252807627186,1
2021-03-19,137.50306701670155,1
2021-03-22,137.8983154297875,1
2021-03-23,137.76942443857655,1
2021-03-24,139.1097412110375,1
2021-03-25,139.16130065927968,1
2021-03-26,141.7044219971703,1
2021-03-29,142.65818786631093,1
2021-03-30,141.773193359475,1
2021-03-31,141.20616149912343,1
2021-04-01,139.90023803720936,1
2021-04-05,140.4156799317406,1
2021-04-06,140.38136291513905,1
2021-04-07,140.5703430176781,1
2021-04-08,140.02049255381093,1
2021-04-09,138.54269409189686,1
2021-04-12,138.87774658213124,1
2021-04-13,137.0219268799828,1
2021-04-14,137.40000915537343,1
2021-04-15,137.80380249033436,1
2021-04-16,139.39328002939686,1
2021-04-19,139.7799072266625,1
2021-04-20,143.03619384775624,1
2021-04-21,143.13070678720936,1
2021-04-22,141.91923522959218,1
2021-04-23,142.21141052256093,1
2021-04-26,141.00856018076405,1
2021-04-27,140.20091247568593,1
2021-04-28,139.1699523926781,1
2021-04-29,141.07723999033436,1
2021-04-30,139.8142852784203,1
2021-05-03,141.94508361826405,1
2021-05-04,144.14457702646718,1
2021-05-05,143.54313659677968,1
2021-05-06,144.11875915537343,1
2021-05-07,144.77174377451405,1
2021-05-10,146.29249572763905,1
2021-05-11,145.0982208252953,1
2021-05-12,144.51397705088124,1
2021-05-13,146.0261535645531,1
2021-05-14,146.2495422364281,1
2021-05-17,146.39559936533436,1
2021-05-18,146.44712829599843,1
2021-05-19,146.1292724610375,1
2021-05-20,146.9798583985375,1
2021-05-21,146.88531494150624,1
2021-05-24,147.44731140146718,1
2021-05-25,147.04090881357655,1
2021-05-26,146.1677551270531,1
2021-05-27,145.9429931641625,1
2021-05-28,146.32334899912343,1
2021-06-01,143.10726928720936,1
2021-06-02,143.68653869638905,1
2021-06-03,143.54820251474843,1
2021-06-04,143.48765563974843,1
2021-06-07,142.51078796396718,1
2021-06-08,141.2571563721703,1
2021-06-09,143.15911865244374,1
2021-06-10,144.44731140146718,1
2021-06-11,142.61447143564686,1
2021-06-14,142.96893310556874,1
2021-06-15,142.20823669443593,1
2021-06-16,142.15629577646718,1
2021-06-17,142.8392639161156,1
2021-06-18,140.03817749033436,1
2021-06-21,141.64620971689686,1
2021-06-22,141.45599365244374,1
2021-06-23,140.60014343271718,1
2021-06-24,141.23985290537343,1
2021-06-25,141.9660949708031,1
2021-06-28,141.8018341065453,1
2021-06-29,141.81047058115468,1
2021-06-30,142.42433166513905,1
2021-07-01,143.47901916513905,1
2021-07-02,146.08995056162343,1
2021-07-06,145.2167510987328,1
2021-07-07,146.4617004395531,1
2021-07-08,146.1763916016625,1
2021-07-09,146.7556457520531,1
2021-07-12,146.52223205576405,1
2021-07-13,146.3406524659203,1
2021-07-14,147.33489990244374,1
2021-07-15,145.56259155283436,1
2021-07-16,145.32914733896718,1
2021-07-19,144.2744140626,1
2021-07-20,145.6317443848656,1
2021-07-21,146.53089904795155,1
2021-07-22,146.95451354990468,1
2021-07-23,148.5193176270531,1
2021-07-26,148.58848571787343,1
2021-07-27,149.2714385987328,1
2021-07-28,148.85646057138905,1
2021-07-29,148.85646057138905,1
2021-07-30,148.87379455576405,1
2021-08-02,148.9342803956078,1
2021-08-03,150.76707458506093,1
2021-08-04,149.8766174317406,1
2021-08-05,150.16192626963124,1
2021-08-06,149.6605224610375,1
2021-08-09,150.17919921885,1
2021-08-10,150.2310791016625,1
2021-08-11,150.25701904306874,1
2021-08-12,151.46737670908436,1
2021-08-13,152.3751220704125,1
2021-08-16,153.7497863770531,1
2021-08-17,155.15895080576405,1
2021-08-18,153.1878204346703,1
2021-08-19,154.38092041025624,1
2021-08-20,155.13304138193593,1
2021-08-23,154.46337890635,1
2021-08-24,152.53268432627186,1
2021-08-25,151.52384948740468,1
2021-08-26,150.7150421143578,1
2021-08-27,150.39329528818593,1
2021-08-30,151.02813720713124,1
2021-08-31,150.5672149659203,1
2021-09-01,151.09774780283436,1
2021-09-02,152.13265991220936,1
2021-09-03,152.2283020020531,1
2021-09-07,149.86277771006093,1
2021-09-08,149.4975128174828,1
2021-09-09,146.16668701181874,1
2021-09-10,145.21000671396718,1
2021-09-13,144.19252014170155,1
2021-09-14,143.3227844239281,1
2021-09-15,143.86203002939686,1
2021-09-16,143.6880645752953,1
2021-09-17,143.27931213388905,1
2021-09-20,142.4617919922875,1
2021-09-21,143.0880126954125,1
2021-09-22,142.56617736826405,1
2021-09-23,143.37496948252186,1
2021-09-24,142.9401397706078,1
2021-09-27,141.9052276612328,1
2021-09-28,141.5921630860375,1
2021-09-29,142.6444396973656,1
2021-09-30,140.452880859475,1
2021-10-01,139.5570831299828,1
2021-10-04,138.47003173838124,1
2021-10-05,138.78309631357655,1
2021-10-06,139.07008361826405,1
2021-10-07,140.31373596201405,1
2021-10-08,139.95713806162343,1
2021-10-11,139.36578369150624,1
2021-10-12,137.1393585206078,1
2021-10-13,138.45262146006093,1
2021-10-14,139.24398803720936,1
2021-10-15,140.2789306641625,1
2021-10-18,139.2527160645531,1
2021-10-19,142.51400756845936,1
2021-10-20,142.43572998056874,1
2021-10-21,142.1052551270531,1
2021-10-22,142.3835754395531,1
2021-10-25,142.6966094971703,1
2021-10-26,144.14898681650624,1
2021-10-27,142.40093994150624,1
2021-10-28,141.62692260752186,1
2021-10-29,141.6530303956078,1
2021-11-01,141.7748107911156,1
2021-11-02,144.00982666025624,1
2021-11-03,143.54893493662343,1
2021-11-04,143.14884948740468,1
2021-11-05,142.13136291513905,1
2021-11-08,141.64430236826405,1
2021-11-09,141.33126831064686,1
2021-11-10,142.8618927002953,1
2021-11-11,141.80958557138905,1
2021-11-12,143.50543212900624,1
2021-11-15,142.2096252442406,1
2021-11-16,141.4703674317406,1
2021-11-17,142.00091552744374,1
2021-11-18,141.23558044443593,1
2021-11-19,141.6617431641625,1
2021-11-22,139.79718017588124,1
2021-11-23,140.66378784189686,1
2021-11-24,140.26986694345936,1
2021-11-26,139.35946655283436,1
2021-11-29,139.84095764170155,1
2021-11-30,136.49700927744374,1
2021-12-01,138.37907409677968,1
2021-12-02,137.51243591318593,1
2021-12-03,139.5170440674828,1
2021-12-06,142.63339233408436,1
2021-12-07,143.0010528565453,1
2021-12-08,143.85890197763905,1
2021-12-09,145.22450256357655,1
2021-12-10,144.86561584482655,1
2021-12-13,147.4566955567406,1
2021-12-14,149.0673828126,1
2021-12-15,149.8114318848656,1
2021-12-16,151.44837951670155,1
2021-12-17,147.2641143799828,1
2021-12-20,146.84396362314686,1
2021-12-21,146.37123107920155,1
2021-12-22,147.0014953614281,1
2021-12-23,147.28163146982655,1
2021-12-27,148.52464294443593,1
2021-12-28,149.1199035645531,1
2021-12-29,150.1703643799828,1
2021-12-30,150.8356475831078,1
2021-12-31,149.75018310556874,1
2022-01-03,150.16159057627186,1
2022-01-04,149.75889587412343,1
2022-01-05,150.75685119638905,1
2022-01-06,150.24037170420155,1
2022-01-07,152.271240234475,1
2022-01-10,151.5184326172875,1
2022-01-11,149.90776062021718,1
2022-01-12,148.62969970713124,1
2022-01-13,147.7280578614281,1
2022-01-14,146.92269897470936,1
2022-01-18,146.27494812021718,1
2022-01-19,145.81976318369374,1
2022-01-20,144.65550231943593,1
2022-01-21,144.3228302002953,1
2022-01-24,142.65965271006093,1
2022-01-25,146.7388916016625,1
2022-01-26,147.39547729502186,1
2022-01-27,149.33000183115468,1
2022-01-28,150.38043212900624,1
2022-01-31,150.81813049326405,1
2022-02-01,149.58387756357655,1
2022-02-02,151.2383117676781,1
2022-02-03,151.2295684815453,1
2022-02-04,150.24037170420155,1
2022-02-07,149.74142456064686,1
2022-02-08,150.13534545908436,1
2022-02-09,150.1178283692406,1
2022-02-10,148.30583190927968,1
2022-02-11,146.8089599610375,1
2022-02-14,144.96189880381093,1
2022-02-15,146.458740234475,1
2022-02-16,146.37123107920155,1
2022-02-17,145.4783020020531,1
2022-02-18,143.91899108896718,1
2022-02-22,141.9631652833031,1
2022-02-23,142.03369140635,1
2022-02-24,139.3202209473656,1
2022-02-25,146.24484252939686,1
2022-02-28,144.98500061045155,1
2022-03-01,144.48283386240468,1
2022-03-02,146.2800598145531,1
2022-03-03,148.42961120615468,1
2022-03-04,149.3106689454125,1
2022-03-07,151.7157745362328,1
2022-03-08,148.64111328135,1
2022-03-09,149.20497131357655,1
2022-03-10,149.4692687989281,1
2022-03-11,149.1961669922875,1
2022-03-14,151.2576904297875,1
2022-03-15,155.17803955088124,1
2022-03-16,153.7508850098656,1
2022-03-17,155.75953674326405,1
2022-03-18,154.0327911377953,1
2022-03-21,154.9049377442406,1
2022-03-22,154.17372131357655,1
2022-03-23,153.59228515635,1
2022-03-24,154.38519287119374,1
2022-03-25,155.86528015146718,1
2022-03-28,156.66693115244374,1
2022-03-29,156.58769226084218,1
2022-03-30,158.21751403818593,1
2022-03-31,156.1383819581078,1
2022-04-01,156.984130859475,1
2022-04-04,155.46885681162343,1
2022-04-05,156.4731750489281,1
2022-04-06,160.54330444345936,1
2022-04-07,160.12928771982655,1
2022-04-08,160.4464416504906,1
2022-04-11,158.4377746583031,1
2022-04-12,158.4906311036156,1
2022-04-13,159.1601562501,1
2022-04-14,158.4906311036156,1
2022-04-18,156.51718139658436,1
2022-04-19,161.29217529306874,1
2022-04-20,162.00578308115468,1
2022-04-21,161.53883361826405,1
2022-04-22,159.9354248047875,1
2022-04-25,163.8734436036156,1
2022-04-26,162.70175170908436,1
2022-04-27,160.4288330079125,1
2022-04-28,161.6269531251,1
2022-04-29,158.9839630127953,1
2022-05-02,157.38055419931874,1
2022-05-03,157.07220458994374,1
2022-05-04,158.75492858896718,1
2022-05-05,155.72433471689686,1
2022-05-06,155.3807373047875,1
2022-05-09,156.22645568857655,1
2022-05-10,156.0150146485375,1
2022-05-11,155.1692657471703,1
2022-05-12,156.7022247315453,1
2022-05-13,155.80360412607655,1
2022-05-16,156.88719177256093,1
2022-05-17,157.53915405283436,1
2022-05-18,154.6142578126,1
2022-05-19,153.23991394052968,1
2022-05-20,155.91810607920155,1
2022-05-23,159.10121154795155,1
2022-05-24,160.83905029306874,1
2022-05-25,159.2607727051781,1
2022-05-26,159.1189270020531,1
2022-05-27,160.564208984475,1
2022-05-31,159.1810607911156,1
2022-06-01,157.5672912598656,1
2022-06-02,157.07078552256093,1
2022-06-03,156.42352294931874,1
2022-06-06,156.40577697763905,1
2022-06-07,158.1258850098656,1
2022-06-08,157.18605041513905,1
2022-06-09,154.02067565927968,1
2022-06-10,152.9921875001,1
2022-06-13,151.44940185556874,1
2022-06-14,149.1263732911156,1
2022-06-15,150.7223205567406,1
2022-06-16,150.8021545411156,1
2022-06-17,150.25241088877186,1
2022-06-21,153.3999786377953,1
2022-06-22,155.82057189951405,1
2022-06-23,159.29627990732655,1
2022-06-24,161.62815856943593,1
2022-06-27,161.4774475098656,1
2022-06-28,156.8845977784203,1
2022-06-29,156.9289093018578,1
2022-06-30,157.38995361338124,1
2022-07-01,159.1721496583031,1
2022-07-05,157.94853210459218,1
2022-07-06,158.09042358408436,1
2022-07-07,158.26779174814686,1
2022-07-08,158.07269287119374,1
2022-07-11,158.13473510752186,1
2022-07-12,155.9181213379906,1
2022-07-13,155.55462646494374,1
2022-07-14,155.7673645020531,1
2022-07-15,158.0283508301781,1
2022-07-18,154.48175048838124,1
2022-07-19,152.2296447754906,1
2022-07-20,151.36068725595936,1
2022-07-21,151.89271545420155,1
2022-07-22,152.61090087900624,1
2022-07-25,152.91236877451405,1
2022-07-26,153.99407958994374,1
2022-07-27,153.5684814454125,1
2022-07-28,154.45512390146718,1
2022-07-29,154.7388916016625,1
2022-08-01,154.19798278818593,1
2022-08-02,153.3202209473656,1
2022-08-03,154.80096435556874,1
2022-08-04,152.31829833994374,1
2022-08-05,151.7153625489281,1
2022-08-08,150.90850830088124,1
2022-08-09,150.89079284677968,1
2022-08-10,151.32525634775624,1
2022-08-11,148.1953887940453,1
2022-08-12,146.5639190674828,1
2022-08-15,147.26437377939686,1
2022-08-16,148.57664489756093,1
2022-08-17,148.58551025400624,1
2022-08-18,147.86729431162343,1
2022-08-19,150.11940002451405,1
2022-08-22,149.5927734376,1
2022-08-23,148.28956604013905,1
2022-08-24,147.79862976084218,1
2022-08-25,149.18214416513905,1
2022-08-26,146.6293029786156,1
2022-08-29,145.4956817627953,1
2022-08-30,144.98687744150624,1
2022-08-31,144.01393127451405,1
2022-09-01,147.58441162119374,1
2022-09-02,145.26359558115468,1
2022-09-06,145.65634155283436,1
2022-09-07,146.45077514658436,1
2022-09-08,147.62904357920155,1
2022-09-09,147.91464233408436,1
2022-09-12,147.85218811045155,1
2022-09-13,144.00502014170155,1
2022-09-14,146.97743225107655,1
2022-09-15,147.352294921975,1
2022-09-16,149.60169982920155,1
2022-09-19,148.42343139658436,1
2022-09-20,147.25413513193593,1
2022-09-21,145.74562072763905,1
2022-09-22,148.33416748056874,1
2022-09-23,148.8161926270531,1
2022-09-26,147.90573120127186,1
2022-09-27,147.2273712159203,1
2022-09-28,148.49485778818593,1
2022-09-29,146.86137390146718,1
2022-09-30,145.81700134287343,1
2022-10-03,145.67420959482655,1
2022-10-04,147.83433532724843,1
2022-10-05,147.37907409677968,1
2022-10-06,144.52272033701405,1
2022-10-07,142.99638366709218,1
2022-10-10,143.1837921143578,1
2022-10-11,145.2546691895531,1
2022-10-12,145.21896362314686,1
2022-10-13,147.41476440439686,1
2022-10-14,146.79888916025624,1
2022-10-17,148.7001037598656,1
2022-10-18,148.1824035645531,1
2022-10-19,147.00419616709218,1
2022-10-20,147.37907409677968,1
2022-10-21,150.592529296975,1
2022-10-24,152.61874389658436,1
2022-10-25,152.37770080576405,1
2022-10-26,153.71664428720936,1
2022-10-27,153.80589294443593,1
2022-10-28,156.09095764170155,1
2022-10-31,155.28758239756093,1
2022-11-01,154.50212097177968,1
2022-11-02,152.12774658213124,1
2022-11-03,152.38661193857655,1
2022-11-04,153.06500244150624,1
2022-11-07,154.4039306641625,1
2022-11-08,155.17156982431874,1
2022-11-09,153.93080139170155,1
2022-11-10,155.7339172364281,1
2022-11-11,151.07450866709218,1
2022-11-14,153.4488067627953,1
2022-11-15,153.87730407724843,1
2022-11-16,154.8323974610375,1
2022-11-17,156.08204650888905,1
2022-11-18,157.2781524659203,1
2022-11-21,158.08668518076405,1
2022-11-22,158.8502960206078,1
2022-11-23,159.0210266114281,1
2022-11-25,159.22760009775624,1
2022-11-28,159.30845642099843,1
2022-11-29,158.19451904306874,1
2022-11-30,159.91038513193593,1
2022-12-01,160.5751953126,1
2022-12-02,160.70097351084218,1
2022-12-05,160.6111145020531,1
2022-12-06,158.2034912110375,1
2022-12-07,159.1647491456078,1
2022-12-08,159.1916809083031,1
2022-12-09,157.88006591806874,1
2022-12-12,159.76664733896718,1
2022-12-13,160.9974365235375,1
2022-12-14,161.4915313721703,1
2022-12-15,159.45220947275624,1
2022-12-16,157.81719970713124,1
2022-12-19,157.64646911631093,1
2022-12-20,157.81719970713124,1
2022-12-21,159.62289428720936,1
2022-12-22,159.03892517099843,1
2022-12-23,159.4431915284203,1
2022-12-27,159.3983154297875,1
2022-12-28,158.70655822763905,1
2022-12-29,159.51510620127186,1
2022-12-30,158.69755554209218,1
2023-01-03,160.08106994638905,1
2023-01-04,161.82389831552968,1
2023-01-05,160.6290588379906,1
2023-01-06,161.9317169190453,1
2023-01-09,157.7363281251,1
2023-01-10,157.3590087891625,1
2023-01-11,157.10746765146718,1
2023-01-12,156.31687927256093,1
2023-01-13,155.8048400879906,1
2023-01-17,154.84356689463124,1
2023-01-18,152.50778198252186,1
2023-01-19,152.30116271982655,1
2023-01-20,151.59144592295155,1
2023-01-23,151.20516967783436,1
2023-01-24,151.20516967783436,1
2023-01-25,152.2831573487328,1
2023-01-26,151.72621154795155,1
2023-01-27,151.13327026377186,1
2023-01-30,145.53642272959218,1
2023-01-31,146.81210327158436,1
2023-02-01,148.15965271006093,1
2023-02-02,148.71665954599843,1
2023-02-03,147.88116455088124,1
2023-02-06,146.75819396982655,1
2023-02-07,146.7941436768578,1
2023-02-08,146.9827880860375,1
2023-02-09,144.9973907471703,1
2023-02-10,145.6711730958031,1
2023-02-13,146.21018981943593,1
2023-02-14,145.57232666025624,1
2023-02-15,143.17369079599843,1
2023-02-16,142.15849304209218,1
2023-02-17,145.12640380869374,1
2023-02-21,142.96383667002186,1
2023-02-22,142.76478576670155,1
2023-02-23,142.71952819834218,1
2023-02-24,141.1270294190453,1
2023-02-27,140.81939697275624,1
2023-02-28,138.67491149912343,1
2023-03-01,138.0505676270531,1
2023-03-02,137.94198608408436,1
2023-03-03,139.36259460459218,1
2023-03-06,140.75602722177968,1
2023-03-07,139.42591857920155,1
2023-03-08,138.4034729004906,1
2023-03-09,136.84718322763905,1
2023-03-10,137.18194580088124,1
2023-03-13,138.49394226084218,1
2023-03-14,139.27210998545155,1
2023-03-15,139.66119384775624,1
2023-03-16,139.37162780771718,1
2023-03-17,137.87867736826405,1
2023-03-20,139.24496459970936,1
2023-03-21,139.24496459970936,1
2023-03-22,136.67523193369374,1
2023-03-23,136.7476348877953,1
2023-03-24,138.1229553223656,1
2023-03-27,138.71112060556874,1
2023-03-28,137.37196350107655,1
2023-03-29,138.72015380869374,1
2023-03-30,138.8287353516625,1
2023-03-31,140.24932861338124,1
2023-04-03,141.9232940674828,1
2023-04-04,143.40721130381093,1
2023-04-05,149.8496398926781,1
2023-04-06,149.43336486826405,1
2023-04-10,148.68238830576405,1
2023-04-11,148.63714599619374,1
2023-04-12,148.32044982920155,1
2023-04-13,150.3020324708031,1
2023-04-14,150.0577392579125,1
2023-04-17,149.90391540537343,1
2023-04-18,145.68739318857655,1
2023-04-19,147.06272888193593,1
2023-04-20,148.01278686533436,1
2023-04-21,147.20753479013905,1
2023-04-24,148.10328674326405,1
2023-04-25,149.46054077158436,1
2023-04-26,147.14413452158436,1
2023-04-27,147.48797607431874,1
2023-04-28,148.12139892588124,1
2023-05-01,148.03089904795155,1
2023-05-02,149.32481384287343,1
2023-05-03,147.370361328225,1
2023-05-04,146.7008056641625,1
2023-05-05,147.19847106943593,1
2023-05-08,146.86366271982655,1
2023-05-09,145.7235870362328,1
2023-05-10,146.26649475107655,1
2023-05-11,145.66929626474843,1
2023-05-12,145.47930908213124,1
2023-05-15,144.36631774912343,1
2023-05-16,144.17631530771718,1
2023-05-17,143.859619140725,1
2023-05-18,143.39813232431874,1
2023-05-19,143.78721618662343,1
2023-05-22,143.0123291016625,1
2023-05-23,142.95761108408436,1
2023-05-24,142.82086181650624,1
2023-05-25,140.7696075440453,1
2023-05-26,140.71495056162343,1
2023-05-30,140.73313903818593,1
2023-05-31,141.3622131348656,1
2023-06-01,140.8881378174828,1
2023-06-02,143.10348510752186,1
2023-06-05,144.33424377451405,1
2023-06-06,144.20658874521718,1
2023-06-07,144.51658630381093,1
2023-06-08,146.10284423838124,1
2023-06-09,145.87492370615468,1
2023-06-12,145.774658203225,1
2023-06-13,146.5404815674828,1
2023-06-14,147.28800964365468,1
2023-06-15,149.26629638681874,1
2023-06-16,149.72213745127186,1
2023-06-20,149.63099670420155,1
2023-06-21,149.40306091318593,1
2023-06-22,150.98934936533436,1
2023-06-23,150.86174011240468,1
2023-06-26,149.17515563974843,1
2023-06-27,148.86517333994374,1
2023-06-28,148.5643615723656,1
2023-06-29,149.60362243662343,1
2023-06-30,150.898193359475,1
2023-07-03,148.91989135752186,1
2023-07-05,148.42758178720936,1
2023-07-06,147.32447814951405,1
2023-07-07,145.18209838877186,1
2023-07-10,145.41911315927968,1
2023-07-11,144.6168518067406,1
2023-07-12,144.11541748056874,1
2023-07-13,144.78094482431874,1
2023-07-14,145.74728393564686,1
2023-07-17,145.01799011240468,1
2023-07-18,145.00885009775624,1
2023-07-19,144.7171173096703,1
2023-07-20,153.50558471689686,1
2023-07-21,155.15562438974843,1
2023-07-24,155.96701049814686,1
2023-07-25,157.16130065927968,1
2023-07-26,157.46214294443593,1
2023-07-27,158.3464660645531,1
2023-07-28,159.06666564951405,1
2023-07-31,152.73063659677968,1
2023-08-01,153.9704895020531,1
2023-08-02,154.90040588388905,1
2023-08-03,155.56590271006093,1
2023-08-04,154.10723876963124,1
2023-08-07,157.80857849131093,1
2023-08-08,157.88151550302968,1
2023-08-09,157.78123474131093,1
2023-08-10,156.96073913584218,1
2023-08-11,158.49235534677968,1
2023-08-14,158.11859130869374,1
2023-08-15,157.6627197266625,1
2023-08-16,157.16130065927968,1
2023-08-17,158.6382141114281,1
2023-08-18,157.25245666513905,1
2023-08-21,152.5665283204125,1
2023-08-22,151.35400390635,1
2023-08-23,149.9956359864281,1
2023-08-24,150.5061798096703,1
2023-08-25,152.66412353525624,1
2023-08-28,150.8642883301781,1
2023-08-29,150.8826446534203,1
2023-08-30,150.35003662119374,1
2023-08-31,148.46759033213124,1
2023-09-01,147.36566162119374,1
2023-09-05,147.54930114756093,1
2023-09-06,145.09750366220936,1
2023-09-07,146.95243835459218,1
2023-09-08,147.43910217295155,1
2023-09-11,149.3675079346703,1
2023-09-12,150.21232604990468,1
2023-09-13,150.58883667002186,1
2023-09-14,150.35923767099843,1
2023-09-15,148.2563781739281,1
2023-09-18,149.19300842295155,1
2023-09-19,148.9450988770531,1
2023-09-20,149.5970764161156,1
2023-09-21,148.4492187501,1
2023-09-22,147.384033203225,1
2023-09-25,147.1636047364281,1
2023-09-26,146.0249786377953,1
2023-09-27,144.27105712900624,1
2023-09-28,144.05982971201405,1
2023-09-29,143.02218627939686,1
2023-10-02,142.4712219239281,1
2023-10-03,142.64569091806874,1
2023-10-04,142.81100463877186,1
2023-10-05,144.29859924326405,1
2023-10-06,144.75773620615468,1
2023-10-09,145.5841827393578,1
2023-10-10,145.4188995362328,1
2023-10-11,143.41705322275624,1
2023-10-12,143.55479431162343,1
2023-10-13,144.03231811533436,1
2023-10-16,144.65672302256093,1
2023-10-17,143.33441162119374,1
2023-10-18,140.24899292002186,1
2023-10-19,139.87249755869374,1
2023-10-20,140.49693298349843,1
2023-10-23,139.01847839365468,1
2023-10-24,138.87156677256093,1
2023-10-25,139.1837921143578,1
2023-10-26,136.82379150400624,1
2023-10-27,133.70166015635,1
2023-10-30,135.0147705079125,1
2023-10-31,136.21769714365468,1
2023-11-01,136.5391387940453,1
2023-11-02,137.96244812021718,1
2023-11-03,138.97254943857655,1
2023-11-06,139.3031311036156,1
2023-11-07,138.56852722177968,1
2023-11-08,138.06346130381093,1
2023-11-09,135.3729248047875,1
2023-11-10,135.21681213388905,1
2023-11-13,135.5657501221703,1
2023-11-14,135.5932922364281,1
2023-11-15,136.64012146006093,1
2023-11-16,137.8338928223656,1
2023-11-17,137.54920959482655,1
2023-11-20,138.76182556162343,1
2023-11-21,139.8818359376,1
2023-11-22,139.60414123545155,1
2023-11-24,141.15922546396718,1
2023-11-27,140.02992248545155,1
2023-11-28,140.35392761240468,1
2023-11-29,140.79820251474843,1
2023-11-30,143.1585693360375,1
2023-12-01,146.60191345224843,1
2023-12-04,147.06475830088124,1
2023-12-05,146.7593078614281,1
2023-12-06,144.9728088379906,1
2023-12-07,143.84355163584218,1
2023-12-08,142.9364318848656,1
2023-12-11,143.52885437021718,1
2023-12-12,143.5380859376,1
2023-12-13,144.20452880869374,1
2023-12-14,145.2042236329125,1
2023-12-15,143.62139892588124,1
2023-12-18,143.8805694581078,1
2023-12-19,144.82470703135,1
2023-12-20,141.87193298349843,1
2023-12-21,143.3251953126,1
2023-12-22,143.89910888681874,1
2023-12-26,144.5285186768578,1
2023-12-27,144.72291564951405,1
2023-12-28,144.93580627451405,1
2023-12-29,145.08390808115468,1
2024-01-02,148.07369995127186,1
2024-01-03,148.99932861338124,1
2024-01-04,148.68461608896718,1
2024-01-05,149.14744567881093,1
2024-01-08,149.51768493662343,1
2024-01-09,149.6102600098656,1
2024-01-10,149.83238220224843,1
2024-01-11,149.1659240723656,1
2024-01-12,150.3137512208031,1
2024-01-16,148.58282470713124,1
2024-01-17,148.49948120127186,1
2024-01-18,149.22149658213124,1
2024-01-19,149.6565246583031,1
2024-01-22,150.3877716065453,1
2024-01-23,147.92558288584218,1
2024-01-24,147.13880920420155,1
2024-01-25,147.69418334970936,1
2024-01-26,147.63865661631093,1
2024-01-29,147.50904846201405,1
2024-01-30,146.9629211426781,1
2024-01-31,147.0832824708031,1
2024-02-01,146.5834045411156,1
2024-02-02,144.96356201181874,1
2024-02-05,144.21380615244374,1
2024-02-06,146.30572509775624,1
2024-02-07,146.23167419443593,1
2024-02-08,144.76914978037343,1
2024-02-09,145.1024169922875,1
2024-02-12,146.11137390146718,1
2024-02-13,144.83395385752186,1
2024-02-14,144.15824890146718,1
2024-02-15,146.1761474610375,1
2024-02-16,146.00827026377186,1
2024-02-20,147.2300567627953,1
2024-02-21,147.9948272706078,1
2024-02-22,149.6456604004906,1
2024-02-23,150.94206237802968,1
2024-02-26,149.9627685547875,1
2024-02-27,150.13995361338124,1
2024-02-28,150.6715850831078,1
2024-02-29,150.51303100595936,1
2024-03-01,151.2032012940453,1
2024-03-04,149.07672119150624,1
2024-03-05,149.19796752939686,1
2024-03-06,148.6103820801781,1
2024-03-07,148.17204284677968,1
2024-03-08,148.77825927744374,1
2024-03-11,150.37310791025624,1
2024-03-12,151.78143310556874,1
2024-03-13,150.25187683115468,1
2024-03-14,148.4891662598656,1
2024-03-15,147.5284729004906,1
2024-03-18,146.2041320801781,1
2024-03-19,145.69117736826405,1
2024-03-20,145.27145385752186,1
2024-03-21,145.26214599619374,1
2024-03-22,144.7771301270531,1
2024-03-25,144.76780700693593,1
2024-03-26,145.2807922364281,1
2024-03-27,147.3233184815453,1
2024-03-28,147.53782653818593,1
2024-04-01,147.15544128427968,1
2024-04-02,147.1087951661156,1
2024-04-03,143.8724670411156,1
2024-04-04,142.23100280771718,1
2024-04-05,142.12840271006093,1
2024-04-08,141.3822784424828,1
2024-04-09,142.03512573252186,1
2024-04-10,140.0858459473656,1
2024-04-11,138.77079772959218,1
2024-04-12,137.5863342286156,1
2024-04-15,137.651611328225,1
2024-04-16,134.7230529786156,1
2024-04-17,135.0214843751,1
2024-04-18,135.92619323740468,1
2024-04-19,137.95008850107655,1
2024-04-22,139.07858276377186,1
2024-04-23,139.48893737802968,1
2024-04-24,138.52830505381093,1
2024-04-25,136.93345642099843,1
2024-04-26,136.29925537119374,1
2024-04-29,136.93345642099843,1
2024-04-30,134.85362243662343,1
2024-05-01,140.99986267099843,1
2024-05-02,139.82472229013905,1
2024-05-03,139.21847534189686,1
2024-05-06,138.574951171975,1
2024-05-07,138.70550537119374,1
2024-05-08,138.9200439454125,1
2024-05-09,139.75946044931874,1
2024-05-10,139.81539917002186,1
2024-05-13,141.03715515146718,1
2024-05-14,141.18641662607655,1
2024-05-15,142.38954162607655,1
2024-05-16,143.8911437989281,1
2024-05-17,144.22686767588124,1
2024-05-20,142.2242431641625,1
2024-05-21,142.19606018076405,1
2024-05-22,144.32090759287343,1
2024-05-23,140.74813842783436,1
2024-05-24,138.181396484475,1
2024-05-28,135.74626159677968,1
2024-05-29,135.80267333994374,1
2024-05-30,136.5924377442406,1
2024-05-31,137.89930725107655,1
2024-06-03,138.9053497315453,1
2024-06-04,138.9617462159203,1
2024-06-05,137.24118042002186,1
2024-06-06,137.66427612314686,1
2024-06-07,138.28480529795155,1
2024-06-10,138.33180236826405,1
2024-06-11,137.9839630127953,1
2024-06-12,136.7146759034203,1
2024-06-13,136.7522735596703,1
2024-06-14,136.83689880381093,1
2024-06-17,137.2223663331078,1
2024-06-18,136.94032287607655,1
2024-06-20,138.9429473877953,1
2024-06-21,139.85494995127186,1
2024-06-24,140.20280456552968,1
2024-06-25,138.38822937021718,1
2024-06-26,138.0403594971703,1
2024-06-27,137.0813751221703,1
2024-06-28,137.41984558115468,1
2024-07-01,137.68309021006093,1
2024-07-02,137.29759216318593,1
2024-07-03,136.97795104990468,1
2024-07-05,137.72068786631093,1
2024-07-08,136.78048706064686,1
2024-07-09,138.25657653818593,1
2024-07-10,140.49427795420155,1
2024-07-11,140.74813842783436,1
2024-07-12,140.9173889161156,1
2024-07-15,140.31564331064686,1
2024-07-16,141.97979736338124,1
2024-07-17,147.21672058115468,1
2024-07-18,146.1260528565453,1
2024-07-19,145.43974304209218,1
2024-07-22,145.0166320801781,1
2024-07-23,143.23966979990468,1
2024-07-24,146.93467712412343,1
2024-07-25,150.09371948252186,1
2024-07-26,151.033935546975,1
2024-07-29,149.0783233643578,1
2024-07-30,151.68267822275624,1
2024-07-31,148.4107971192406,1
2024-08-01,151.14678955088124,1
2024-08-02,154.32464599619374,1
2024-08-05,151.6074523926781,1
2024-08-06,149.46380615244374,1
2024-08-07,149.39799499521718,1
2024-08-08,150.6390686036156,1
2024-08-09,151.01513671885,1
2024-08-12,150.3193664551781,1
2024-08-13,148.91845703135,1
2024-08-14,149.00309753427968,1
2024-08-15,149.57662963877186,1
2024-08-16,149.85868835459218,1
2024-08-19,150.08432006845936,1
2024-08-20,150.5826721192406,1
2024-08-21,151.77667236338124,1
2024-08-22,152.64169311533436,1
2024-08-23,154.31524658213124,1
2024-08-26,154.76652526865468,1
2024-08-27,154.36863708506093,1
2024-08-28,155.28756713877186,1
2024-08-29,155.58126831064686,1
2024-08-30,157.12542724619374,1
2024-09-03,158.35694885263905,1
2024-09-04,158.5464172364281,1
2024-09-05,156.3012237549828,1
2024-09-06,155.7233428956078,1
2024-09-09,157.83590698252186,1
2024-09-10,158.56536865244374,1
2024-09-11,156.14018249521718,1
2024-09-12,155.9696350098656,1
2024-09-13,156.80332946787343,1
2024-09-16,158.19590759287343,1
2024-09-17,158.2716827393578,1
2024-09-18,157.40011596689686,1
2024-09-19,156.14018249521718,1
2024-09-20,155.5149230958031,1
2024-09-23,154.62443542490468,1
2024-09-24,154.2075958252953,1
2024-09-25,152.14242553720936,1
2024-09-26,152.8908233643578,1
2024-09-27,152.9002685547875,1
2024-09-30,153.52552795420155,1
2024-10-01,153.45921325693593,1
2024-10-02,152.68238830576405,1
2024-10-03,152.04765319834218,1
2024-10-04,151.84873962412343,1
2024-10-07,151.12876892099843,1
2024-10-08,151.2803497315453,1
2024-10-09,152.1897735596703,1
2024-10-10,152.0571594239281,1
2024-10-11,152.95713806162343,1
2024-10-14,153.0897521973656,1
2024-10-15,155.4580841065453,1
2024-10-16,155.62863159189686,1
2024-10-17,155.8085937501,1
2024-10-18,156.42436218271718,1
2024-10-21,154.25497436533436,1
2024-10-22,154.84233093271718,1
2024-10-23,157.12542724619374,1
2024-10-24,155.0507354737328,1
2024-10-25,152.4076690674828,1
2024-10-28,153.0897521973656,1
2024-10-29,151.65928649912343,1
2024-10-30,152.15190124521718,1
2024-10-31,151.4414062501,1
2024-11-01,151.69715881357655,1
2024-11-04,149.90667724619374,1
2024-11-05,150.01092529306874,1
2024-11-06,149.56564331064686,1
2024-11-07,148.47621154795155,1
2024-11-08,147.2825927735375,1
2024-11-11,146.8751983643578,1
2024-11-12,144.60160827646718,1
2024-11-13,145.17002868662343,1
2024-11-14,143.87216186533436,1
2024-11-15,145.88999938974843,1
2024-11-18,146.6194152833031,1
2024-11-19,144.94264221201405,1
2024-11-20,145.04685974131093,1
2024-11-21,147.31100463877186,1
2024-11-22,146.99835205088124,1
2024-11-25,147.57626342783436,1
2024-11-26,147.5571594239281,1
2024-11-27,148.3974914551781,1
2024-11-29,148.0250549317406,1
2024-12-02,147.8245391846703,1
2024-12-03,145.49447631845936,1
2024-12-04,143.6896514893578,1
2024-12-05,142.78244018564686,1
2024-12-06,142.58192443857655,1
2024-12-09,142.8588409424828,1
2024-12-10,142.5055236817406,1
2024-12-11,140.0322265626,1
2024-12-12,139.65025329599843,1
2024-12-13,140.01312255869374,1
2024-12-16,137.36793518076405,1
2024-12-17,139.81259155283436,1
2024-12-18,138.22740173349843,1
2024-12-19,137.110107421975,1
2024-12-20,137.96000671396718,1
2024-12-23,138.7239532471703,1
2024-12-24,139.27784729013905,1
2024-12-26,139.02000427256093,1
2024-12-27,138.5138702393578,1
2024-12-30,136.8809356690453,1
2024-12-31,138.10324096689686,1
2025-01-02,137.5303039551781,1
2025-01-03,137.69264221201405,1
2025-01-06,137.1865234376,1
2025-01-07,139.64071655283436,1
2025-01-08,135.8591613770531,1
2025-01-10,135.65861511240468,1
2025-01-13,137.96000671396718,1
2025-01-14,138.22740173349843,1
2025-01-15,138.43748474131093,1
2025-01-16,141.11131286631093,1
2025-01-17,140.4046630860375,1
2025-01-21,141.4741973877953,1
2025-01-22,138.7239532471703,1
2025-01-23,140.0322265626,1
2025-01-24,140.2041320801781,1
2025-01-27,146.0006103516625,1
2025-01-28,143.60369873056874,1
2025-01-29,144.33897399912343,1
2025-01-30,145.98149108896718,1
2025-01-31,145.2939453126,1
2025-02-03,145.02655029306874,1
2025-02-04,146.57354736338124,1
2025-02-05,147.719482421975,1
2025-02-06,146.59266662607655,1
2025-02-07,146.22023010263905,1
2025-02-10,147.28977966318593,1
2025-02-11,149.0946044922875,1
2025-02-12,148.2637939454125,1
2025-02-13,150.16415405283436,1
2025-02-14,149.11369323740468,1
2025-02-18,149.1907043458031,1
2025-02-19,151.98219299326405,1
2025-02-20,153.70521545420155,1
2025-02-21,156.2271728516625,1
2025-02-24,157.61329650888905,1
2025-02-25,159.8753662110375,1
2025-02-26,156.9779815674828,1
2025-02-27,157.6036682129906,1
2025-02-28,158.8454132081078,1
2025-03-03,161.02085876474843,1
2025-03-04,159.23043823252186,1
2025-03-05,158.94166564951405,1
2025-03-06,159.62510681162343,1
2025-03-07,160.45292663584218,1
2025-03-10,161.42514038095936,1
2025-03-11,159.65397644052968,1
2025-03-12,156.7566223145531,1
2025-03-13,156.891357421975,1
2025-03-14,156.7180938721703,1
2025-03-17,156.74696350107655,1
2025-03-18,158.10421752939686,1
2025-03-19,156.891357421975,1
2025-03-20,156.92025756845936,1
2025-03-21,157.50741577158436,1
2025-03-24,157.1801300049828,1
2025-03-25,154.9950714112328,1
2025-03-26,155.66888427744374,1
2025-03-27,157.026123046975,1
2025-03-28,157.5844268799828,1
2025-03-31,159.6347198487328,1
2025-04-01,147.51580810556874,1
2025-04-02,149.54684448252186,1
2025-04-03,153.83998107920155,1
2025-04-04,147.5061798096703,1
2025-04-07,144.98422241220936,1
2025-04-08,144.38742065439686,1
2025-04-09,145.32113647470936,1
2025-04-10,143.12644958506093,1
2025-04-11,146.05267333994374,1
2025-04-14,148.58427429209218,1
2025-04-15,147.87196350107655,1
2025-04-16,148.151123046975,1
2025-04-17,151.57789611826405,1
2025-04-21,151.0484924317406,1
2025-04-22,151.84742736826405,1
2025-04-23,149.5661163331078,1
2025-04-24,149.13294982920155,1
2025-04-25,148.7960510254906,1
2025-04-28,149.53721618662343,1
2025-04-29,150.0762939454125,1
2025-04-30,150.46131896982655,1
2025-05-01,148.68052673349843,1
2025-05-02,150.27841186533436,1
2025-05-05,149.20033264170155,1
2025-05-06,148.69015502939686,1
2025-05-07,151.41424560556874,1
2025-05-08,149.83563232431874,1
2025-05-09,148.44952392588124,1
2025-05-12,148.37249755869374,1
2025-05-13,142.8858184815453,1
2025-05-14,140.8836212159203,1
2025-05-15,144.01202392588124,1
2025-05-16,145.66764831552968,1
2025-05-19,146.78427124033436,1
2025-05-20,147.9104766846703,1
2025-05-21,147.44841003427968,1
2025-05-22,146.89974975595936,1
2025-05-23,147.21742248545155,1
2025-05-27,148.78044128427968,1
2025-05-28,147.98435974131093,1
2025-05-29,149.10084533701405,1
2025-05-30,150.68328857431874,1
2025-06-02,150.8677520752953,1
2025-06-03,149.91632080088124,1
2025-06-04,148.75132751474843,1
2025-06-05,149.1784973145531,1
2025-06-06,150.508544921975,1
2025-06-09,150.70269775400624,1
2025-06-10,151.8871154786156,1
2025-06-11,150.73182678232655,1
2025-06-12,152.09100341806874,1
2025-06-13,152.51817321787343,1
2025-06-16,150.6929931641625,1
2025-06-17,147.93580627451405,1
2025-06-18,146.3339385987328,1
2025-06-20,145.42135620127186,1
2025-06-23,146.90675354013905,1
2025-06-24,147.75135803232655,1
2025-06-25,147.8387451172875,1
2025-06-26,147.57658386240468,1
2025-06-27,147.96495056162343,1
2025-06-30,148.29502868662343,1
2025-07-01,151.37257385263905,1
2025-07-02,151.0230712891625,1
2025-07-03,151.4599609376,1
2025-07-07,150.74151611338124,1
2025-07-08,151.24635314951405,1
2025-07-09,151.72209167490468,1
2025-07-10,153.09095764170155,1
2025-07-11,152.32398986826405,1
2025-07-14,152.246337890725,1
2025-07-15,150.64445495615468,1
2025-07-16,159.97416687021718,1
2025-07-17,158.22666931162343,1
2025-07-18,158.92567443857655,1
2025-07-21,159.5664062501,1
2025-07-22,163.0323028565453,1
2025-07-23,164.16818237314686,1
2025-07-24,164.61476135263905,1
2025-07-25,163.39152526865468,1
2025-07-28,161.37217712412343,1
2025-07-29,163.20704650888905,1
2025-07-30,162.3818359376,1
2025-07-31,159.93534851084218,1
2025-08-01,162.44979858408436,1
2025-08-04,166.05160522470936,1
2025-08-05,165.76036071787343,1
2025-08-06,165.61471557627186,1
2025-08-07,166.5272979737328,1
2025-08-08,168.27479553232655,1
2025-08-11,168.75054931650624,1
2025-08-12,167.74085998545155,1
2025-08-13,169.3330078126,1
2025-08-14,169.624267578225,1
2025-08-15,171.4882812501,1
2025-08-18,171.10966491709218,1
2025-08-19,172.6144561768578,1
2025-08-20,173.62411499033436,1
2025-08-21,173.71148681650624,1
2025-08-22,174.0609893799828,1
2025-08-25,173.2066650391625,1
2025-08-26,172.60032653818593,1
2025-08-27,172.89369201670155,1
2025-08-28,171.583251953225,1
2025-08-29,173.26531982431874,1
2025-09-02,174.13571167002186,1
2025-09-03,174.07704162607655,1
2025-09-04,174.82029724131093,1
2025-09-05,174.49755859385,1
2025-09-08,174.2041778565453,1
2025-09-09,173.0599670411156,1
2025-09-10,171.91575622568593,1
2025-09-11,174.56602478037343,1
2025-09-12,174.13571167002186,1
2025-09-15,173.49024963388905,1
2025-09-16,172.5709991456078,1
2025-09-17,173.294677734475,1
2025-09-18,170.3216857911156,1
2025-09-19,172.30694580088124,1
2025-09-22,170.37057495127186,1
2025-09-23,172.68833923349843,1
2025-09-24,172.7959289551781,1
2025-09-25,173.81298828135,1
2025-09-26,175.7493438721703,1
2025-09-29,177.61724853525624,1
2025-09-30,181.33351135263905,1
2025-10-01,181.94963073740468,1
2025-10-02,181.8811798096703,1
2025-10-03,184.48255920420155,1
2025-10-06,184.01312255869374,1
2025-10-07,184.72703552256093,1
2025-10-08,185.50941467295155,1
2025-10-09,186.86875915537343,1
2025-10-10,186.51670837412343,1
2025-10-13,186.69271850595936,1
2025-10-14,186.64384460459218,1
2025-10-15,186.95680236826405,1
2025-10-16,187.88584899912343,1
2025-10-17,188.96160888681874,1
2025-10-20,189.45057678232655,1
2025-10-21,187.65113830576405,1
2025-10-22,188.68780517588124,1
2025-10-23,188.22813415537343,1
2025-10-24,186.20375061045155,1
2025-10-27,186.10595703135,1
2025-10-28,182.81022644052968,1
2025-10-29,182.48751831064686,1
2025-10-30,184.8834991456078,1
2025-10-31,184.7074737549828,1
2025-11-03,182.15499877939686,1
2025-11-04,182.7417755127953,1
2025-11-05,181.90072631845936,1
2025-11-06,182.849365234475,1
2025-11-07,182.45819091806874,1
2025-11-10,184.25762939463124,1
2025-11-11,189.55816650400624,1
2025-11-12,190.10581970224843,1
2025-11-13,190.94686889658436,1
2025-11-14,191.61187744150624,1
2025-11-17,195.18144226084218,1
2025-11-18,195.5921936036156,1
2025-11-19,198.04685974131093,1
2025-11-20,198.5945129395531,1
2025-11-21,199.40621948252186,1
2025-11-24,201.50885009775624,1
2025-11-25,203.39845275888905,1
2025-11-26,204.2743682862328,1
2025-11-28,203.64450073252186,1
2025-12-01,202.0895080567406,1
2025-12-02,202.1682434083031,1
2025-12-03,202.0796661377953,1
2025-12-04,199.2747802735375,1
2025-12-05,198.73348999033436,1
2025-12-08,198.42839050302968,1
2025-12-09,196.794677734475,1
2025-12-10,203.2705078126,1
2025-12-11,206.6855773926781,1
2025-12-12,208.23072814951405,1
2025-12-15,210.7797393799828,1
2025-12-16,205.98683166513905,1
2025-12-17,207.0005187989281,1
2025-12-18,205.01249694834218,1
2025-12-19,203.10319519052968,1
2025-12-22,204.03817749033436,1
2025-12-23,202.52255249033436,1
2025-12-24,204.49089050302968,1
2025-12-26,204.34324646006093,1
2025-12-29,204.2743682862328,1
2025-12-30,203.6346435547875,1
2025-12-31,203.6740264893578,1
2026-01-02,204.06768798838124,1
2026-01-05,201.0758056641625,1
2026-01-06,201.5482177735375,1
2026-01-07,204.20549011240468,1
2026-01-08,202.49301147470936,1
2026-01-09,201.15455627451405,1
2026-01-12,206.4001770020531,1
2026-01-13,210.2679443360375,1
2026-01-14,215.0904083252953,1
2026-01-15,216.09425354013905,1
2026-01-16,215.19866943369374,1
2026-01-20,214.75579833994374,1
2026-01-21,214.55894470224843,1
2026-01-22,215.03135681162343,1
2026-01-23,216.6552276612328,1
2026-01-26,217.98385620127186,1
2026-01-27,220.8871612549828,1
2026-01-28,224.11524963388905,1
2026-01-29,223.69203186045155,1
2026-01-30,223.65267944345936,1
2026-02-02,227.09727478037343,1
2026-02-03,229.41007995615468,1
2026-02-04,230.7583770752953,1
2026-02-05,234.02581787119374,1
2026-02-06,236.19102478037343,1
2026-02-09,234.8623809815453,1
2026-02-10,234.57696533213124,1
2026-02-11,237.0472412110375,1
2026-02-12,240.6788330079125,1
2026-02-13,239.59623718271718,1
2026-02-17,239.47813415537343,1
2026-02-18,241.11186218271718,1
2026-02-19,243.00144958506093,1
2026-02-20,238.65142822275624,1
2026-02-23,241.9483947754906,1
2026-02-24,243.66996765146718,1
2026-02-25,242.5717315674828,1
2026-02-26,240.88975524912343,1
2026-02-27,245.79718017588124,1
2026-03-02,245.92579650888905,1
2026-03-03,244.13497924814686,1
2026-03-04,242.70036315927968,1
2026-03-05,237.0904541016625,1
2026-03-06,237.85227966318593,1
2026-03-09,240.01905822763905,1
2026-03-10,241.12721252451405,1
2026-03-11,240.4148254395531,1
2026-03-12,239.4748840333031,1
2026-03-13,238.9604034424828,1
2026-03-16,240.6127014161156,1
2026-03-17,235.5865478516625,1
2026-03-18,234.7653350831078,1
2026-03-19,235.08195495615468,1
2026-03-20,232.87557983408436,1
2026-03-23,232.925048828225,1
2026-03-24,232.7766418458031,1
2026-03-25,237.38725280771718,1
2026-03-26,236.70458984385,1
2026-03-27,237.90174865732655,1
2026-03-30,239.92013549814686,1
2026-03-31,241.84947204599843,1
2026-04-01,241.53285217295155,1
2026-04-02,240.46429443369374,1
2026-04-06,238.41622924814686,1
2026-04-07,235.8833770752953,1
2026-04-08,238.7427520752953,1
2026-04-09,238.7526397706078,1
2026-04-10,235.93284606943593,1
2026-04-13,235.4381408692406,1
2026-04-14,237.55546569834218,1
2026-04-15,236.14060974131093,1
2026-04-16,232.05438232431874,1
2026-04-17,231.6981964112328,1
2026-04-20,228.2451934815453,1
2026-04-21,223.76318359385,1
2026-04-22,223.70384216318593,1
2026-04-23,228.20561218271718,1
2026-04-24,225.0889892579125,1
2026-04-27,222.95188903818593,1
2026-04-28,225.37591552744374,1
2026-04-29,224.9405822754906,1
2026-04-30,227.4140930176781,1
2026-05-01,224.78227233896718,1
2026-05-04,221.82395935068593,1
2026-05-05,223.15966796885,1
2026-05-06,222.23951721201405,1
2026-05-07,220.15187072763905,1
2026-05-08,218.9744873047875,1
2026-05-11,219.08331298838124,1
2026-05-12,221.88331604013905,1
2026-05-13,227.97804260263905,1
2026-05-14,228.3540344239281,1
2026-05-15,224.307373046975,1
2026-05-18,226.49394226084218,1
2026-05-19,227.56248474131093,1
2026-05-20,226.88970947275624,1
2026-05-21,229.27415466318593,1
2026-05-22,231.85650634775624,1
2026-05-26,229.05033874521718,1
2026-05-27,230.15489196787343,1
2026-05-28,229.66729736338124,1
2026-05-29,224.22413635263905,1
2026-06-01,222.41307067881093,1
2026-06-02,221.79611206064686,1
2026-06-03,222.1444091797875,1
2026-06-04,227.0502014161156,1
2026-06-05,231.6276397706078,1
2026-06-08,231.0206298829125,1
2026-06-09,235.8368682862328,1
2026-06-10,237.31956481943593,1
2026-06-11,237.16033935556874,1
2026-06-12,239.6878662110375,1
2026-06-15,234.5034484864281,1
2026-06-16,234.0257873536156,1
2026-06-17,233.0506134034203,1
2026-06-18,227.2691192627953,1
2026-06-22,230.15489196787343,1
2026-06-23,237.90666198740468,1
2026-06-24,239.81723022470936,1
2026-06-25,243.67820739756093,1
2026-06-26,253.41020202646718,1
2026-06-29,257.24130249033436,1
2026-06-30,252.7235870362328,1
2026-07-01,252.73353576670155,1
2026-07-02,261.74908447275624,1
2026-07-06,258.0572509766625,1
2026-07-07,265.92843627939686,1
2026-07-08,262.1072998047875,1
2026-07-09,257.8283996583031,1
2026-07-10,255.7188262940453,1
2026-07-13,256.5049133301781,1
2026-07-14,252.60418701181874,1
2026-07-15,245.8076934815453,1
2026-07-16,248.74320983896718,1
2026-07-17,251.79814147959218,1
2026-07-20,247.59886169443593,1
2026-07-21,249.3800811768578,1
2026-07-22,254.3754425049828,1
2026-07-23,257.99755859385,1
2026-07-24,262.1072998047875,1
2026-07-27,264.6448059083031,1
2026-07-28,265.42095947275624,1
2026-07-29,264.2268371583031,1
2026-07-30,254.56451416025624,1
2026-07-31,255.09190368662343,1
2026-08-03,253.16142272959218,1
2026-08-04,253.6788635254906,1
2026-08-05,256.3258056641625,1
2026-08-06,255.7188262940453,1
2026-08-07,257.96771240244374,1
2026-08-10,260.52511596689686,1
2026-08-11,258.52496337900624,1
2026-08-12,259.5797424317406,1
2026-08-13,260.79376220713124,1
2026-08-14,259.0722656251,1
2026-08-17,261.08236694345936,1
2026-08-18,269.7794494629906,1
2026-08-19,272.06817626963124,1
2026-08-20,266.05783081064686,1
2026-08-21,268.9137268067406,1
2026-08-24,271.70001220713124,1
2026-08-25,273.1400146485375,1
2026-08-26,270.0000000001,1
2026-08-27,265.76998901377186,1
2026-08-28,268.04000854502186,1
