Date,Close,epoch_signal
1986-04-02,1.0758161545799805,0
1986-04-03,1.1355838776634766,0
1986-04-04,1.1475372315453125,0
1986-04-07,1.1594903470085693,0
1986-04-08,1.2431652546928955,0
1986-04-09,1.2431652546928955,0
1986-04-10,1.290979266266687,0
1986-04-11,1.3268393279121948,0
1986-04-14,1.3268393279121948,0
1986-04-15,1.3029330969856812,0
1986-04-16,1.3029330969856812,0
1986-04-17,1.398560881714685,0
1986-04-18,1.3746540547417236,0
1986-04-21,1.3507466317223145,0
1986-04-22,1.3387930394218994,0
1986-04-23,1.3507466317223145,0
1986-04-24,1.4941885472343994,0
1986-04-25,1.5539566279457642,0
1986-04-28,1.5420029164360596,0
1986-04-29,1.5180954934166504,0
1986-04-30,1.38660728941427,0
1986-05-01,1.4105144740151,0
1986-05-02,1.3627002240227295,0
1986-05-05,1.4583282471703125,0
1986-05-06,1.4344215394066406,0
1986-05-07,1.3746540547417236,0
1986-05-08,1.3746540547417236,0
1986-05-09,1.4105144740151,0
1986-05-12,1.4344215394066406,0
1986-05-13,1.3746540547417236,0
1986-05-14,1.2551188469933106,0
1986-05-15,1.2670724392937256,0
1986-05-16,1.279025912384851,0
1986-05-19,1.2431652546928955,0
1986-05-20,1.3029330969856812,0
1986-05-21,1.3268393279121948,0
1986-05-22,1.3268393279121948,0
1986-05-23,1.2551188469933106,0
1986-05-27,1.2073047162102295,0
1986-05-28,1.1355838776634766,0
1986-05-29,1.1714439393089844,0
1986-05-30,1.1953514815376831,0
1986-06-02,1.1475372315453125,0
1986-06-03,1.1355838776634766,0
1986-06-04,1.0399553776787354,0
1986-06-05,1.0519088507698608,0
1986-06-06,0.9562808872269226,0
1986-06-09,0.8845599294708801,0
1986-06-10,0.9204204083489014,0
1986-06-11,0.9682344795273377,0
1986-06-12,0.9084668756531311,0
1986-06-13,0.8726062775658203,0
1986-06-16,0.8128386736916138,0
1986-06-17,0.8008852602051331,0
1986-06-18,0.765024721722467,0
1986-06-19,0.8128386736916138,0
1986-06-20,0.8486993313835693,0
1986-06-23,0.7889318467186524,0
1986-06-24,0.8367457986877991,0
1986-06-25,0.8367457986877991,0
1986-06-26,0.7889318467186524,0
1986-06-27,0.8008852602051331,0
1986-06-30,0.8965134621666504,0
1986-07-01,0.9084668756531311,0
1986-07-02,0.8965134621666504,0
1986-07-03,0.8965134621666504,0
1986-07-07,0.7889318467186524,0
1986-07-08,0.7769783140228821,0
1986-07-09,0.7889318467186524,0
1986-07-10,0.7769783140228821,0
1986-07-11,0.765024721722467,0
1986-07-14,0.6813501120613648,0
1986-07-15,0.6813501120613648,0
1986-07-16,0.7052572370575501,0
1986-07-17,0.7052572370575501,0
1986-07-18,0.7172107697533203,0
1986-07-21,0.693303644757135,0
1986-07-22,0.6693965197609497,0
1986-07-23,0.6574431658791138,0
1986-07-24,0.6574431658791138,0
1986-07-25,0.7291641236351563,0
1986-07-28,0.6813501120613648,0
1986-07-29,0.6813501120613648,0
1986-07-30,0.6813501120613648,0
1986-07-31,0.765024721722467,0
1986-08-01,0.7172107697533203,0
1986-08-04,0.6574431658791138,0
1986-08-05,0.5976757408188416,0
1986-08-06,0.6335362196968628,0
1986-08-07,0.6813501120613648,0
1986-08-08,0.8008852602051331,0
1986-08-11,0.824792206387384,0
1986-08-12,0.7889318467186524,0
1986-08-13,0.824792206387384,0
1986-08-14,0.8128386736916138,0
1986-08-15,0.8008852602051331,0
1986-08-18,0.765024721722467,0
1986-08-19,0.8367457986877991,1
1986-08-20,0.8845599294708801,1
1986-08-21,0.8606527448700501,1
1986-08-22,0.8965134621666504,1
1986-08-25,0.9084668756531311,1
1986-08-26,0.9443274141357971,1
1986-08-27,0.9323739410446716,1
1986-08-28,0.9562808872269226,1
1986-08-29,0.9682344795273377,1
1986-09-02,0.9443274141357971,1
1986-09-03,0.9323739410446716,1
1986-09-04,0.9443274141357971,1
1986-09-05,0.9084668756531311,0
1986-09-08,0.8606527448700501,0
1986-09-09,0.8965134621666504,0
1986-09-10,0.8128386736916138,0
1986-09-11,0.7889318467186524,0
1986-09-12,0.7530711890266968,0
1986-09-15,0.8128386736916138,0
1986-09-16,0.824792206387384,0
1986-09-17,0.8008852602051331,0
1986-09-18,0.7889318467186524,0
1986-09-19,0.7769783140228821,0
1986-09-22,0.8606527448700501,0
1986-09-23,0.8845599294708801,0
1986-09-24,0.9204204083489014,0
1986-09-25,0.9084668756531311,1
1986-09-26,0.8845599294708801,1
1986-09-29,0.8486993313835693,1
1986-09-30,0.8367457986877991,1
1986-10-01,0.8486993313835693,1
1986-10-02,0.8008852602051331,1
1986-10-03,0.8606527448700501,1
1986-10-06,0.824792206387384,1
1986-10-07,0.7889318467186524,1
1986-10-08,0.7769783140228821,1
1986-10-09,0.7530711890266968,1
1986-10-10,0.7291641236351563,1
1986-10-13,0.7172107697533203,1
1986-10-14,0.693303644757135,1
1986-10-15,0.7172107697533203,1
1986-10-16,0.7291641236351563,1
1986-10-17,0.7291641236351563,0
1986-10-20,0.7172107697533203,0
1986-10-21,0.7172107697533203,0
1986-10-22,0.7172107697533203,0
1986-10-23,0.7411176563309265,0
1986-10-24,0.765024721722467,0
1986-10-27,0.7769783140228821,0
1986-10-28,0.7291641236351563,0
1986-10-29,0.7052572370575501,0
1986-10-30,0.6693965197609497,0
1986-10-31,0.6813501120613648,0
1986-11-03,0.6693965197609497,0
1986-11-04,0.7172107697533203,0
1986-11-05,0.7172107697533203,0
1986-11-06,0.7052572370575501,0
1986-11-07,0.7172107697533203,0
1986-11-10,0.6693965197609497,0
1986-11-11,0.6454896331833435,1
1986-11-12,0.5259544254349304,1
1986-11-13,0.4661869705723358,0
1986-11-14,0.3944659234093262,0
1986-11-17,0.45423343787656556,0
1986-11-18,0.41837289939389954,0
1986-11-19,0.41837289939389954,0
1986-11-20,0.43032637248502503,0
1986-11-21,0.45423343787656556,0
1986-11-24,0.45423343787656556,0
1986-11-25,0.4781404436634613,0
1986-11-26,0.4781404436634613,0
1986-11-28,0.4661869705723358,0
1986-12-01,0.44227996478544007,0
1986-12-02,0.44227996478544007,0
1986-12-03,0.38251236091123353,0
1986-12-04,0.38251236091123353,0
1986-12-05,0.37055882821546327,0
1986-12-08,0.33469825993047486,0
1986-12-09,0.37055882821546327,0
1986-12-10,0.37055882821546327,0
1986-12-11,0.3944659234093262,0
1986-12-12,0.38251236091123353,0
1986-12-15,0.3944659234093262,1
1986-12-16,0.41837289939389954,1
1986-12-17,0.41837289939389954,1
1986-12-18,0.4064193368958069,0
1986-12-19,0.3944659234093262,0
1986-12-22,0.38251236091123353,0
1986-12-23,0.38251236091123353,1
1986-12-24,0.4064193368958069,1
1986-12-26,0.44227996478544007,1
1986-12-29,0.43032637248502503,1
1986-12-30,0.43032637248502503,1
1986-12-31,0.43032637248502503,1
1987-01-02,0.45423343787656556,1
1987-01-05,0.44227996478544007,1
1987-01-06,0.41837289939389954,1
1987-01-07,0.41837289939389954,1
1987-01-08,0.4781404436634613,1
1987-01-09,0.4661869705723358,1
1987-01-12,0.41837289939389954,1
1987-01-13,0.4661869705723358,1
1987-01-14,0.5020474792526795,0
1987-01-15,0.5618150235222412,0
1987-01-16,0.5618150235222412,0
1987-01-19,0.5379080773399902,0
1987-01-20,0.5259544254349304,0
1987-01-21,0.4661869705723358,0
1987-01-22,0.490093857149942,0
1987-01-23,0.490093857149942,0
1987-01-26,0.4781404436634613,0
1987-01-27,0.5020474792526795,0
1987-01-28,0.5379080773399902,0
1987-01-29,0.5259544254349304,0
1987-01-30,0.5379080773399902,0
1987-02-02,0.609629213909967,0
1987-02-03,0.6693965197609497,0
1987-02-04,0.6693965197609497,0
1987-02-05,0.6813501120613648,0
1987-02-06,0.6813501120613648,0
1987-02-09,0.6574431658791138,0
1987-02-10,0.6454896331833435,0
1987-02-11,0.693303644757135,0
1987-02-12,0.6693965197609497,0
1987-02-13,0.6693965197609497,0
1987-02-17,0.693303644757135,0
1987-02-18,0.6693965197609497,0
1987-02-19,0.6693965197609497,0
1987-02-20,0.6574431658791138,0
1987-02-23,0.609629213909967,0
1987-02-24,0.609629213909967,0
1987-02-25,0.5976757408188416,0
1987-02-26,0.6574431658791138,0
1987-02-27,0.6454896331833435,0
1987-03-02,0.6215826273964478,0
1987-03-03,0.609629213909967,0
1987-03-04,0.609629213909967,0
1987-03-05,0.6574431658791138,0
1987-03-06,0.7411176563309265,0
1987-03-09,0.7052572370575501,0
1987-03-10,0.7052572370575501,0
1987-03-11,0.7052572370575501,0
1987-03-12,0.693303644757135,0
1987-03-13,0.6574431658791138,0
1987-03-16,0.5976757408188416,0
1987-03-17,0.5976757408188416,0
1987-03-18,0.609629213909967,0
1987-03-19,0.5976757408188416,0
1987-03-20,0.5857219697044922,0
1987-03-23,0.5857219697044922,0
1987-03-24,0.6454896331833435,0
1987-03-25,0.6813501120613648,0
1987-03-26,0.6454896331833435,0
1987-03-27,0.6693965197609497,0
1987-03-30,0.6813501120613648,0
1987-03-31,0.7411176563309265,0
1987-04-01,0.8726062775658203,0
1987-04-02,0.8845599294708801,0
1987-04-03,0.9443274141357971,1
1987-04-06,0.9084668756531311,1
1987-04-07,0.8726062775658203,1
1987-04-08,0.8367457986877991,1
1987-04-09,0.8486993313835693,1
1987-04-10,0.9323739410446716,1
1987-04-13,0.8726062775658203,1
1987-04-14,0.8486993313835693,1
1987-04-15,0.9204204083489014,1
1987-04-16,0.8965134621666504,1
1987-04-20,0.980187714199884,1
1987-04-21,0.9443274141357971,1
1987-04-22,0.9204204083489014,1
1987-04-23,0.8965134621666504,1
1987-04-24,0.8726062775658203,1
1987-04-27,0.8726062775658203,1
1987-04-28,0.9204204083489014,1
1987-04-29,0.9323739410446716,1
1987-04-30,0.9921415449188782,1
1987-05-01,0.9921415449188782,1
1987-05-04,0.980187714199884,1
1987-05-05,1.063862681488855,1
1987-05-06,1.0399553776787354,1
1987-05-07,1.1116766930626465,1
1987-05-08,1.1236300469444824,1
1987-05-11,1.063862681488855,1
1987-05-12,1.0280020237968994,1
1987-05-13,1.0519088507698608,1
1987-05-14,1.1236300469444824,1
1987-05-15,1.0997231007622315,1
1987-05-18,1.0280020237968994,1
1987-05-19,1.0877697468803955,1
1987-05-20,1.0877697468803955,1
1987-05-21,1.1116766930626465,1
1987-05-22,1.1116766930626465,1
1987-05-26,1.1236300469444824,1
1987-05-27,1.1714439393089844,1
1987-05-28,1.1953514815376831,1
1987-05-29,1.1953514815376831,1
1987-06-01,1.1833972931908203,1
1987-06-02,1.1236300469444824,1
1987-06-03,1.1116766930626465,1
1987-06-04,1.1236300469444824,1
1987-06-05,1.1116766930626465,1
1987-06-08,1.1475372315453125,1
1987-06-09,1.1953514815376831,1
1987-06-10,1.1953514815376831,1
1987-06-11,1.1714439393089844,1
1987-06-12,1.219258427719934,1
1987-06-15,1.219258427719934,1
1987-06-16,1.219258427719934,1
1987-06-17,1.290979266266687,1
1987-06-18,1.2431652546928955,1
1987-06-19,1.2670724392937256,1
1987-06-22,1.279025912384851,1
1987-06-23,1.1953514815376831,1
1987-06-24,1.1594903470085693,1
1987-06-25,1.0877697468803955,1
1987-06-26,1.0280020237968994,1
1987-06-29,1.0877697468803955,1
1987-06-30,1.0399553776787354,1
1987-07-01,1.0160481930779053,1
1987-07-02,0.9921415449188782,1
1987-07-06,0.980187714199884,1
1987-07-07,1.0160481930779053,1
1987-07-08,1.0399553776787354,1
1987-07-09,1.0280020237968994,1
1987-07-10,1.0160481930779053,1
1987-07-13,1.004094958405359,1
1987-07-14,1.0519088507698608,1
1987-07-15,1.0877697468803955,1
1987-07-16,1.2073047162102295,1
1987-07-17,1.2431652546928955,1
1987-07-20,1.1594903470085693,1
1987-07-21,1.1475372315453125,1
1987-07-22,1.1475372315453125,1
1987-07-23,1.1355838776634766,1
1987-07-24,1.1594903470085693,1
1987-07-27,1.1475372315453125,1
1987-07-28,1.0519088507698608,1
1987-07-29,1.0519088507698608,1
1987-07-30,1.0997231007622315,1
1987-07-31,1.1475372315453125,1
1987-08-03,1.1714439393089844,1
1987-08-04,1.1355838776634766,1
1987-08-05,1.1475372315453125,1
1987-08-06,1.219258427719934,0
1987-08-07,1.1714439393089844,0
1987-08-10,1.1594903470085693,1
1987-08-11,1.2073047162102295,1
1987-08-12,1.1594903470085693,1
1987-08-13,1.1594903470085693,0
1987-08-14,1.1116766930626465,0
1987-08-17,1.0997231007622315,1
1987-08-18,1.0877697468803955,1
1987-08-19,1.1236300469444824,1
1987-08-20,1.1953514815376831,0
1987-08-21,1.1714439393089844,0
1987-08-24,1.1475372315453125,1
1987-08-25,1.1594903470085693,1
1987-08-26,1.1833972931908203,1
1987-08-27,1.1714439393089844,1
1987-08-28,1.1475372315453125,1
1987-08-31,1.1475372315453125,1
1987-09-01,1.1714439393089844,0
1987-09-02,1.1236300469444824,0
1987-09-03,1.1355838776634766,0
1987-09-04,1.1116766930626465,0
1987-09-08,1.0758161545799805,0
1987-09-09,1.1236300469444824,0
1987-09-10,1.1833972931908203,0
1987-09-11,1.1714439393089844,0
1987-09-14,1.1714439393089844,0
1987-09-15,1.1714439393089844,0
1987-09-16,1.1714439393089844,1
1987-09-17,1.1714439393089844,1
1987-09-18,1.2431652546928955,1
1987-09-21,1.2312119008110596,1
1987-09-22,1.3148863316582275,1
1987-09-23,1.3507466317223145,1
1987-09-24,1.3627002240227295,1
1987-09-25,1.3746540547417236,1
1987-09-28,1.3148863316582275,1
1987-09-29,1.3029330969856812,1
1987-09-30,1.290979266266687,1
1987-10-01,1.422467589478357,1
1987-10-02,1.5180954934166504,1
1987-10-05,1.530049443344934,1
1987-10-06,1.4463751317070557,1
1987-10-07,1.4941885472343994,1
1987-10-08,1.470281958680017,1
1987-10-09,1.4941885472343994,1
1987-10-12,1.4463751317070557,1
1987-10-13,1.4344215394066406,1
1987-10-14,1.4105144740151,1
1987-10-15,1.3387930394218994,1
1987-10-16,1.2312119008110596,1
1987-10-19,0.9204204083489014,1
1987-10-20,0.7052572370575501,1
1987-10-21,0.8726062775658203,1
1987-10-22,0.7530711890266968,1
1987-10-23,0.693303644757135,1
1987-10-26,0.5618150235222412,1
1987-10-27,0.5857219697044922,1
1987-10-28,0.693303644757135,1
1987-10-29,0.7889318467186524,1
1987-10-30,0.824792206387384,1
1987-11-02,0.8606527448700501,1
1987-11-03,0.7530711890266968,1
1987-11-04,0.7889318467186524,1
1987-11-05,0.8128386736916138,1
1987-11-06,0.765024721722467,1
1987-11-09,0.7172107697533203,1
1987-11-10,0.6693965197609497,1
1987-11-11,0.7172107697533203,1
1987-11-12,0.765024721722467,1
1987-11-13,0.8367457986877991,1
1987-11-16,0.8486993313835693,1
1987-11-17,0.8128386736916138,1
1987-11-18,0.8128386736916138,1
1987-11-19,0.8008852602051331,1
1987-11-20,0.7530711890266968,1
1987-11-23,0.7889318467186524,1
1987-11-24,0.8128386736916138,1
1987-11-25,0.824792206387384,1
1987-11-27,0.8128386736916138,1
1987-11-30,0.7889318467186524,1
1987-12-01,0.8128386736916138,1
1987-12-02,0.824792206387384,1
1987-12-03,0.765024721722467,1
1987-12-04,0.7530711890266968,1
1987-12-07,0.8128386736916138,1
1987-12-08,0.9204204083489014,1
1987-12-09,0.9682344795273377,1
1987-12-10,0.9562808872269226,1
1987-12-11,1.1116766930626465,1
1987-12-14,1.1475372315453125,1
1987-12-15,1.1475372315453125,1
1987-12-16,1.2312119008110596,1
1987-12-17,1.3029330969856812,1
1987-12-18,1.3029330969856812,1
1987-12-21,1.3387930394218994,1
1987-12-22,1.2551188469933106,1
1987-12-23,1.3507466317223145,1
1987-12-24,1.4463751317070557,1
1987-12-28,1.38660728941427,1
1987-12-29,1.4344215394066406,1
1987-12-30,1.398560881714685,1
1987-12-31,1.4105144740151,1
1988-01-04,1.38660728941427,1
1988-01-05,1.422467589478357,1
1988-01-06,1.4941885472343994,1
1988-01-07,1.4463751317070557,1
1988-01-08,1.290979266266687,1
1988-01-11,1.3148863316582275,1
1988-01-12,1.2431652546928955,1
1988-01-13,1.3387930394218994,1
1988-01-14,1.4105144740151,1
1988-01-15,1.422467589478357,1
1988-01-18,1.422467589478357,1
1988-01-19,1.4344215394066406,1
1988-01-20,1.279025912384851,1
1988-01-21,1.290979266266687,1
1988-01-22,1.3029330969856812,1
1988-01-25,1.3268393279121948,1
1988-01-26,1.2670724392937256,1
1988-01-27,1.2431652546928955,1
1988-01-28,1.290979266266687,1
1988-01-29,1.3507466317223145,1
1988-02-01,1.290979266266687,1
1988-02-02,1.2551188469933106,1
1988-02-03,1.2312119008110596,1
1988-02-04,1.1953514815376831,1
1988-02-05,1.2670724392937256,1
1988-02-08,1.279025912384851,1
1988-02-09,1.3268393279121948,1
1988-02-10,1.3746540547417236,1
1988-02-11,1.38660728941427,1
1988-02-12,1.4344215394066406,1
1988-02-16,1.482235312561853,1
1988-02-17,1.5180954934166504,1
1988-02-18,1.5539566279457642,1
1988-02-19,1.6376311780022217,1
1988-02-22,1.7810733319328858,1
1988-02-23,1.7452125550316406,1
1988-02-24,1.7093526125954224,1
1988-02-25,1.7452125550316406,1
1988-02-26,1.8527941704796387,1
1988-02-29,1.8408408165978027,1
1988-03-01,1.8049802781151367,1
1988-03-02,1.8288872242973877,1
1988-03-03,1.8527941704796387,1
1988-03-04,2.0201425553368164,1
1988-03-07,2.0799107552574707,1
1988-03-08,2.091865301232202,1
1988-03-09,2.056004047493799,1
1988-03-10,1.8647478819893433,1
1988-03-11,1.8527941704796387,1
1988-03-14,2.008189916710718,1
1988-03-15,2.0320963860558106,1
1988-03-16,2.0320963860558106,1
1988-03-17,2.008189916710718,1
1988-03-18,1.8886548281715942,1
1988-03-21,1.8886548281715942,1
1988-03-22,1.8886548281715942,1
1988-03-23,2.008189916710718,1
1988-03-24,1.9006081820534302,1
1988-03-25,1.8886548281715942,1
1988-03-28,1.8408408165978027,1
1988-03-29,1.7810733319328858,1
1988-03-30,1.6615382433937622,1
1988-03-31,1.7093526125954224,1
1988-04-04,1.7213054896401,1
1988-04-05,1.7452125550316406,1
1988-04-06,1.7213054896401,1
1988-04-07,1.7691198588417603,1
1988-04-08,1.8527941704796387,1
1988-04-11,1.960375428299768,1
1988-04-12,1.996235728363855,1
1988-04-13,1.9723290206001831,1
1988-04-14,1.7930269242333008,1
1988-04-15,1.8527941704796387,1
1988-04-18,1.8767015934990479,1
1988-04-19,1.8767015934990479,1
1988-04-20,1.8767015934990479,1
1988-04-21,1.8169337512062622,1
1988-04-22,1.8527941704796387,1
1988-04-25,1.9364689589546753,1
1988-04-26,1.9364689589546753,1
1988-04-27,1.9842830897377564,1
1988-04-28,1.960375428299768,1
1988-04-29,1.9245152474449707,1
1988-05-02,1.9723290206001831,1
1988-05-03,1.996235728363855,1
1988-05-04,2.008189916710718,1
1988-05-05,2.056004047493799,1
1988-05-06,2.211400032143457,1
1988-05-09,2.175539493660791,1
1988-05-10,2.1157710553215576,1
1988-05-11,2.0799107552574707,1
1988-05-12,2.091865301232202,1
1988-05-13,2.12772536287771,1
1988-05-16,2.163585901360376,1
1988-05-17,2.091865301232202,1
1988-05-18,1.960375428299768,1
1988-05-19,2.0201425553368164,1
1988-05-20,2.0799107552574707,1
1988-05-23,2.0320963860558106,1
1988-05-24,2.0799107552574707,1
1988-05-25,2.067957639794214,1
1988-05-26,2.067957639794214,1
1988-05-27,1.960375428299768,1
1988-05-31,2.0440499783562256,1
1988-06-01,2.1157710553215576,1
1988-06-02,2.163585901360376,1
1988-06-03,2.091865301232202,1
1988-06-06,2.151632309059961,1
1988-06-07,2.211400032143457,1
1988-06-08,2.3189806939171387,1
1988-06-09,2.295074462990625,1
1988-06-10,2.3428878785179688,1
1988-06-13,2.3787484170006348,1
1988-06-14,2.402655840020044,1
1988-06-15,2.3787484170006348,1
1988-06-16,2.438516855339868,1
1988-06-17,2.354841709236963,1
1988-06-20,2.2831203938530518,1
1988-06-21,2.247260093788965,1
1988-06-22,2.23530650148855,1
1988-06-23,2.1038177014397217,1
1988-06-24,2.0799107552574707,1
1988-06-27,2.139678478340967,1
1988-06-28,2.199446201424463,1
1988-06-29,2.151632309059961,1
1988-06-30,2.1157710553215576,1
1988-07-01,2.067957639794214,1
1988-07-05,2.1874916554497315,1
1988-07-06,2.163585901360376,1
1988-07-07,2.199446201424463,1
1988-07-08,2.1874916554497315,1
1988-07-11,2.2831203938530518,1
1988-07-12,2.223353386025293,1
1988-07-13,2.211400032143457,1
1988-07-14,2.1038177014397217,1
1988-07-15,2.0440499783562256,1
1988-07-18,1.9125617743538452,1
1988-07-19,1.8886548281715942,1
1988-07-20,1.8767015934990479,1
1988-07-21,1.7930269242333008,1
1988-07-22,1.7691198588417603,1
1988-07-25,1.7571660281227661,1
1988-07-26,1.7571660281227661,1
1988-07-27,1.6854450703667236,1
1988-07-28,1.7571660281227661,1
1988-07-29,1.8527941704796387,1
1988-08-01,1.8886548281715942,1
1988-08-02,1.8169337512062622,1
1988-08-03,1.7691198588417603,1
1988-08-04,1.7810733319328858,1
1988-08-05,1.7571660281227661,1
1988-08-08,1.7571660281227661,1
1988-08-09,1.7213054896401,1
1988-08-10,1.649584412674768,1
1988-08-11,1.6973986626671387,1
1988-08-12,1.7213054896401,1
1988-08-15,1.6973986626671387,1
1988-08-16,1.7093526125954224,1
1988-08-17,1.7093526125954224,1
1988-08-18,1.6376311780022217,1
1988-08-19,1.6017705203102661,1
1988-08-22,1.482235312561853,1
1988-08-23,1.4583282471703125,1
1988-08-24,1.5898171664284302,1
1988-08-25,1.6017705203102661,1
1988-08-26,1.6615382433937622,1
1988-08-29,1.7213054896401,1
1988-08-30,1.6854450703667236,1
1988-08-31,1.6376311780022217,1
1988-09-01,1.6017705203102661,1
1988-09-02,1.6973986626671387,1
1988-09-06,1.649584412674768,1
1988-09-07,1.5778636933373047,1
1988-09-08,1.6137243510292603,1
1988-09-09,1.6973986626671387,1
1988-09-12,1.6376311780022217,1
1988-09-13,1.6376311780022217,1
1988-09-14,1.6615382433937622,1
1988-09-15,1.6376311780022217,1
1988-09-16,1.6734915972755982,1
1988-09-19,1.7571660281227661,1
1988-09-20,1.8169337512062622,1
1988-09-21,1.8169337512062622,1
1988-09-22,1.7810733319328858,1
1988-09-23,1.8288872242973877,1
1988-09-26,1.8169337512062622,1
1988-09-27,1.8288872242973877,1
1988-09-28,1.9125617743538452,1
1988-09-29,1.996235728363855,1
1988-09-30,2.008189916710718,1
1988-10-03,1.9723290206001831,1
1988-10-04,1.9364689589546753,1
1988-10-05,1.960375428299768,1
1988-10-06,1.9723290206001831,1
1988-10-07,1.8886548281715942,1
1988-10-10,1.8647478819893433,1
1988-10-11,1.9364689589546753,1
1988-10-12,1.8767015934990479,1
1988-10-13,1.8886548281715942,1
1988-10-14,1.996235728363855,1
1988-10-17,1.9723290206001831,1
1988-10-18,1.9842830897377564,1
1988-10-19,1.9842830897377564,1
1988-10-20,2.067957639794214,1
1988-10-21,1.960375428299768,1
1988-10-24,1.9245152474449707,1
1988-10-25,1.9125617743538452,1
1988-10-26,1.8647478819893433,1
1988-10-27,1.8408408165978027,1
1988-10-28,1.7930269242333008,1
1988-10-31,1.8169337512062622,1
1988-11-01,1.8049802781151367,1
1988-11-02,1.7332589627312256,1
1988-11-03,1.6854450703667236,1
1988-11-04,1.6854450703667236,1
1988-11-07,1.6734915972755982,1
1988-11-08,1.7332589627312256,1
1988-11-09,1.7452125550316406,1
1988-11-10,1.7093526125954224,1
1988-11-11,1.649584412674768,1
1988-11-14,1.6615382433937622,1
1988-11-15,1.5898171664284302,1
1988-11-16,1.6137243510292603,1
1988-11-17,1.6256773472832275,1
1988-11-18,1.565909504990442,1
1988-11-21,1.4941885472343994,1
1988-11-22,1.4463751317070557,1
1988-11-23,1.5180954934166504,1
1988-11-25,1.4941885472343994,1
1988-11-28,1.4463751317070557,1
1988-11-29,1.4463751317070557,1
1988-11-30,1.482235312561853,1
1988-12-01,1.5180954934166504,1
1988-12-02,1.565909504990442,1
1988-12-05,1.4941885472343994,1
1988-12-06,1.482235312561853,1
1988-12-07,1.470281958680017,1
1988-12-08,1.470281958680017,1
1988-12-09,1.4344215394066406,1
1988-12-12,1.422467589478357,1
1988-12-13,1.4344215394066406,1
1988-12-14,1.422467589478357,1
1988-12-15,1.4941885472343994,1
1988-12-16,1.5180954934166504,1
1988-12-19,1.565909504990442,1
1988-12-20,1.5061423779533936,1
1988-12-21,1.4941885472343994,1
1988-12-22,1.482235312561853,1
1988-12-23,1.5061423779533936,1
1988-12-27,1.482235312561853,1
1988-12-28,1.482235312561853,1
1988-12-29,1.530049443344934,1
1988-12-30,1.5061423779533936,1
1989-01-03,1.5061423779533936,1
1989-01-04,1.565909504990442,1
1989-01-05,1.6017705203102661,1
1989-01-06,1.6017705203102661,1
1989-01-09,1.565909504990442,1
1989-01-10,1.5420029164360596,1
1989-01-11,1.5420029164360596,1
1989-01-12,1.5778636933373047,1
1989-01-13,1.565909504990442,1
1989-01-16,1.5180954934166504,1
1989-01-17,1.4463751317070557,1
1989-01-18,1.4583282471703125,1
1989-01-19,1.482235312561853,1
1989-01-20,1.4941885472343994,1
1989-01-23,1.482235312561853,1
1989-01-24,1.5180954934166504,1
1989-01-25,1.5539566279457642,1
1989-01-26,1.5778636933373047,1
1989-01-27,1.6017705203102661,1
1989-01-30,1.6854450703667236,1
1989-01-31,1.7332589627312256,1
1989-02-01,1.6854450703667236,1
1989-02-02,1.6734915972755982,1
1989-02-03,1.6854450703667236,1
1989-02-06,1.6854450703667236,1
1989-02-07,1.7093526125954224,1
1989-02-08,1.6854450703667236,1
1989-02-09,1.7093526125954224,1
1989-02-10,1.7691198588417603,1
1989-02-13,1.8169337512062622,1
1989-02-14,1.7691198588417603,1
1989-02-15,1.7691198588417603,1
1989-02-16,1.7571660281227661,1
1989-02-17,1.8527941704796387,1
1989-02-21,1.8767015934990479,1
1989-02-22,1.9006081820534302,1
1989-02-23,1.9245152474449707,1
1989-02-24,1.9245152474449707,1
1989-02-27,1.9245152474449707,1
1989-02-28,1.8647478819893433,1
1989-03-01,1.8049802781151367,1
1989-03-02,1.8647478819893433,1
1989-03-03,1.8647478819893433,1
1989-03-06,1.8408408165978027,1
1989-03-07,1.7930269242333008,1
1989-03-08,1.8169337512062622,1
1989-03-09,1.8049802781151367,1
1989-03-10,1.7810733319328858,1
1989-03-13,1.7452125550316406,1
1989-03-14,1.7571660281227661,1
1989-03-15,1.7332589627312256,1
1989-03-16,1.7213054896401,1
1989-03-17,1.6734915972755982,1
1989-03-20,1.6734915972755982,1
1989-03-21,1.6973986626671387,1
1989-03-22,1.6854450703667236,1
1989-03-23,1.7093526125954224,1
1989-03-27,1.7691198588417603,1
1989-03-28,1.8049802781151367,1
1989-03-29,1.7930269242333008,1
1989-03-30,1.8049802781151367,1
1989-03-31,1.8527941704796387,1
1989-04-03,1.8647478819893433,1
1989-04-04,1.8049802781151367,1
1989-04-05,1.7930269242333008,1
1989-04-06,1.7691198588417603,1
1989-04-07,1.7691198588417603,1
1989-04-10,1.6973986626671387,1
1989-04-11,1.7332589627312256,1
1989-04-12,1.7452125550316406,1
1989-04-13,1.7213054896401,1
1989-04-14,1.7810733319328858,1
1989-04-17,1.8049802781151367,1
1989-04-18,1.8408408165978027,1
1989-04-19,1.8408408165978027,1
1989-04-20,1.8169337512062622,1
1989-04-21,1.8886548281715942,1
1989-04-24,1.9245152474449707,1
1989-04-25,1.9125617743538452,1
1989-04-26,1.8647478819893433,1
1989-04-27,1.960375428299768,1
1989-04-28,2.0320963860558106,1
1989-05-01,2.12772536287771,1
1989-05-02,2.175539493660791,1
1989-05-03,2.139678478340967,1
1989-05-04,2.175539493660791,1
1989-05-05,2.175539493660791,1
1989-05-08,2.211400032143457,1
1989-05-09,2.175539493660791,1
1989-05-10,2.151632309059961,1
1989-05-11,2.199446201424463,1
1989-05-12,2.3189806939171387,1
1989-05-15,2.3787484170006348,1
1989-05-16,2.2592132092522217,1
1989-05-17,2.3189806939171387,1
1989-05-18,2.3070273400353027,1
1989-05-19,2.3070273400353027,1
1989-05-22,2.402655840020044,1
1989-05-23,2.402655840020044,1
1989-05-24,2.3787484170006348,1
1989-05-25,2.3070273400353027,1
1989-05-26,2.3787484170006348,1
1989-05-30,2.3189806939171387,1
1989-05-31,2.3428878785179688,1
1989-06-01,2.390702962975366,1
1989-06-02,2.3309342862175537,1
1989-06-05,2.247260093788965,1
1989-06-06,2.199446201424463,1
1989-06-07,2.23530650148855,1
1989-06-08,2.3070273400353027,1
1989-06-09,2.402655840020044,1
1989-06-12,2.438516855339868,1
1989-06-13,2.3667945862816406,1
1989-06-14,2.354841709236963,1
1989-06-15,2.23530650148855,1
1989-06-16,2.211400032143457,1
1989-06-19,2.139678478340967,1
1989-06-20,2.008189916710718,1
1989-06-21,2.0440499783562256,1
1989-06-22,2.0440499783562256,1
1989-06-23,2.1157710553215576,1
1989-06-26,2.12772536287771,1
1989-06-27,2.0440499783562256,1
1989-06-28,1.9125617743538452,1
1989-06-29,1.7930269242333008,1
1989-06-30,1.7691198588417603,1
1989-07-03,1.7691198588417603,1
1989-07-05,1.7571660281227661,1
1989-07-06,1.7452125550316406,1
1989-07-07,1.7571660281227661,1
1989-07-10,1.7691198588417603,1
1989-07-11,1.6973986626671387,1
1989-07-12,1.6973986626671387,1
1989-07-13,1.6854450703667236,1
1989-07-14,1.5778636933373047,1
1989-07-17,1.4463751317070557,1
1989-07-18,1.3627002240227295,1
1989-07-19,1.4463751317070557,1
1989-07-20,1.4583282471703125,1
1989-07-21,1.422467589478357,1
1989-07-24,1.422467589478357,1
1989-07-25,1.398560881714685,1
1989-07-26,1.3746540547417236,1
1989-07-27,1.398560881714685,1
1989-07-28,1.3746540547417236,1
1989-07-31,1.279025912384851,1
1989-08-01,1.3507466317223145,1
1989-08-02,1.422467589478357,1
1989-08-03,1.470281958680017,1
1989-08-04,1.5420029164360596,1
1989-08-07,1.422467589478357,1
1989-08-08,1.422467589478357,1
1989-08-09,1.38660728941427,1
1989-08-10,1.38660728941427,1
1989-08-11,1.4105144740151,1
1989-08-14,1.38660728941427,1
1989-08-15,1.38660728941427,1
1989-08-16,1.3746540547417236,1
1989-08-17,1.3746540547417236,1
1989-08-18,1.3746540547417236,1
1989-08-21,1.3507466317223145,1
1989-08-22,1.3507466317223145,1
1989-08-23,1.4105144740151,1
1989-08-24,1.3387930394218994,1
1989-08-25,1.3387930394218994,1
1989-08-28,1.4105144740151,1
1989-08-29,1.3507466317223145,1
1989-08-30,1.3627002240227295,1
1989-08-31,1.3746540547417236,1
1989-09-01,1.3507466317223145,1
1989-09-05,1.3627002240227295,1
1989-09-06,1.38660728941427,1
1989-09-07,1.3746540547417236,1
1989-09-08,1.398560881714685,1
1989-09-11,1.4344215394066406,1
1989-09-12,1.422467589478357,1
1989-09-13,1.3627002240227295,1
1989-09-14,1.3507466317223145,1
1989-09-15,1.38660728941427,1
1989-09-18,1.3507466317223145,1
1989-09-19,1.3268393279121948,1
1989-09-20,1.2431652546928955,1
1989-09-21,1.2431652546928955,1
1989-09-22,1.2312119008110596,1
1989-09-25,1.2670724392937256,1
1989-09-26,1.2431652546928955,1
1989-09-27,1.2312119008110596,1
1989-09-28,1.2431652546928955,1
1989-09-29,1.2431652546928955,1
1989-10-02,1.219258427719934,1
1989-10-03,1.2312119008110596,1
1989-10-04,1.2073047162102295,1
1989-10-05,1.2312119008110596,1
1989-10-06,1.2312119008110596,1
1989-10-09,1.2073047162102295,1
1989-10-10,1.1953514815376831,1
1989-10-11,1.1953514815376831,1
1989-10-12,1.1714439393089844,1
1989-10-13,1.1355838776634766,1
1989-10-16,1.1475372315453125,1
1989-10-17,1.1236300469444824,1
1989-10-18,1.1236300469444824,1
1989-10-19,1.1236300469444824,1
1989-10-20,1.1116766930626465,1
1989-10-23,1.0997231007622315,1
1989-10-24,1.0877697468803955,1
1989-10-25,1.0758161545799805,1
1989-10-26,1.0399553776787354,1
1989-10-27,0.9921415449188782,1
1989-10-30,0.980187714199884,1
1989-10-31,1.004094958405359,1
1989-11-01,0.9921415449188782,1
1989-11-02,0.9682344795273377,1
1989-11-03,0.9562808872269226,1
1989-11-06,0.9204204083489014,1
1989-11-07,1.004094958405359,1
1989-11-08,1.0160481930779053,1
1989-11-09,1.0877697468803955,1
1989-11-10,1.1594903470085693,1
1989-11-13,1.1475372315453125,1
1989-11-14,1.0997231007622315,1
1989-11-15,1.0997231007622315,1
1989-11-16,1.063862681488855,1
1989-11-17,0.980187714199884,1
1989-11-20,1.004094958405359,1
1989-11-21,0.9682344795273377,1
1989-11-22,0.980187714199884,1
1989-11-24,0.9921415449188782,1
1989-11-27,0.980187714199884,1
1989-11-28,0.9682344795273377,1
1989-11-29,0.9682344795273377,1
1989-11-30,0.9562808872269226,1
1989-12-01,0.9204204083489014,1
1989-12-04,0.9562808872269226,1
1989-12-05,0.9682344795273377,1
1989-12-06,0.9323739410446716,1
1989-12-07,0.9323739410446716,1
1989-12-08,0.9562808872269226,1
1989-12-11,0.9562808872269226,1
1989-12-12,0.9562808872269226,1
1989-12-13,1.004094958405359,1
1989-12-14,0.9562808872269226,1
1989-12-15,0.9204204083489014,1
1989-12-18,0.9084668756531311,1
1989-12-19,0.8965134621666504,1
1989-12-20,0.9204204083489014,1
1989-12-21,0.9443274141357971,1
1989-12-22,0.9682344795273377,1
1989-12-26,0.980187714199884,1
1989-12-27,0.980187714199884,1
1989-12-28,0.9443274141357971,1
1989-12-29,0.9323739410446716,1
1990-01-02,0.9562808872269226,1
1990-01-03,0.980187714199884,1
1990-01-04,0.9682344795273377,1
1990-01-05,0.9443274141357971,1
1990-01-08,0.9323739410446716,1
1990-01-09,0.9562808872269226,1
1990-01-10,0.9443274141357971,1
1990-01-11,0.9204204083489014,1
1990-01-12,0.8965134621666504,1
1990-01-15,0.8606527448700501,1
1990-01-16,0.8726062775658203,1
1990-01-17,0.8606527448700501,1
1990-01-18,0.8726062775658203,1
1990-01-19,0.8726062775658203,1
1990-01-22,0.8008852602051331,1
1990-01-23,0.7530711890266968,1
1990-01-24,0.7769783140228821,1
1990-01-25,0.765024721722467,1
1990-01-26,0.765024721722467,1
1990-01-29,0.7411176563309265,1
1990-01-30,0.6813501120613648,1
1990-01-31,0.7411176563309265,1
1990-02-01,0.8008852602051331,1
1990-02-02,0.8606527448700501,1
1990-02-05,0.8845599294708801,1
1990-02-06,0.8367457986877991,1
1990-02-07,0.8606527448700501,1
1990-02-08,0.8486993313835693,1
1990-02-09,0.824792206387384,1
1990-02-12,0.824792206387384,1
1990-02-13,0.8845599294708801,1
1990-02-14,0.9204204083489014,1
1990-02-15,0.9921415449188782,1
1990-02-16,0.980187714199884,1
1990-02-20,0.9443274141357971,1
1990-02-21,0.980187714199884,1
1990-02-22,1.063862681488855,1
1990-02-23,1.0877697468803955,1
1990-02-26,1.2431652546928955,1
1990-02-27,1.1953514815376831,1
1990-02-28,1.1594903470085693,1
1990-03-01,1.1594903470085693,1
1990-03-02,1.1833972931908203,1
1990-03-05,1.2073047162102295,1
1990-03-06,1.2312119008110596,1
1990-03-07,1.2073047162102295,1
1990-03-08,1.2073047162102295,1
1990-03-09,1.2431652546928955,1
1990-03-12,1.2551188469933106,1
1990-03-13,1.2312119008110596,1
1990-03-14,1.2670724392937256,1
1990-03-15,1.219258427719934,1
1990-03-16,1.2670724392937256,1
1990-03-19,1.2551188469933106,1
1990-03-20,1.2312119008110596,1
1990-03-21,1.1953514815376831,1
1990-03-22,1.1714439393089844,1
1990-03-23,1.1594903470085693,1
1990-03-26,1.1833972931908203,1
1990-03-27,1.1594903470085693,1
1990-03-28,1.2073047162102295,1
1990-03-29,1.1953514815376831,1
1990-03-30,1.1714439393089844,1
1990-04-02,1.0877697468803955,1
1990-04-03,1.1355838776634766,1
1990-04-04,1.0997231007622315,1
1990-04-05,1.0758161545799805,1
1990-04-06,1.063862681488855,1
1990-04-09,1.0877697468803955,1
1990-04-10,1.1236300469444824,1
1990-04-11,1.1355838776634766,1
1990-04-12,1.1475372315453125,1
1990-04-16,1.1594903470085693,1
1990-04-17,1.1355838776634766,1
1990-04-18,1.0997231007622315,1
1990-04-19,1.1236300469444824,1
1990-04-20,1.1475372315453125,1
1990-04-23,1.1116766930626465,1
1990-04-24,1.1116766930626465,1
1990-04-25,1.0877697468803955,1
1990-04-26,1.1475372315453125,1
1990-04-27,1.1475372315453125,1
1990-04-30,1.1714439393089844,1
1990-05-01,1.1953514815376831,1
1990-05-02,1.2551188469933106,1
1990-05-03,1.2431652546928955,1
1990-05-04,1.2670724392937256,1
1990-05-07,1.290979266266687,1
1990-05-08,1.3268393279121948,1
1990-05-09,1.3029330969856812,1
1990-05-10,1.3268393279121948,1
1990-05-11,1.3746540547417236,1
1990-05-14,1.3746540547417236,1
1990-05-15,1.4105144740151,1
1990-05-16,1.470281958680017,1
1990-05-17,1.530049443344934,1
1990-05-18,1.5420029164360596,1
1990-05-21,1.470281958680017,1
1990-05-22,1.4463751317070557,1
1990-05-23,1.398560881714685,1
1990-05-24,1.3387930394218994,1
1990-05-25,1.3029330969856812,1
1990-05-29,1.3507466317223145,1
1990-05-30,1.3387930394218994,1
1990-05-31,1.290979266266687,1
1990-06-01,1.3387930394218994,1
1990-06-04,1.3268393279121948,1
1990-06-05,1.3148863316582275,1
1990-06-06,1.3627002240227295,1
1990-06-07,1.3627002240227295,1
1990-06-08,1.3268393279121948,1
1990-06-11,1.3507466317223145,1
1990-06-12,1.3507466317223145,1
1990-06-13,1.3746540547417236,1
1990-06-14,1.3387930394218994,1
1990-06-15,1.3268393279121948,1
1990-06-18,1.279025912384851,1
1990-06-19,1.279025912384851,1
1990-06-20,1.2312119008110596,1
1990-06-21,1.2312119008110596,1
1990-06-22,1.219258427719934,1
1990-06-25,1.1714439393089844,1
1990-06-26,1.1475372315453125,1
1990-06-27,1.1714439393089844,1
1990-06-28,1.2073047162102295,1
1990-06-29,1.2670724392937256,1
1990-07-02,1.3627002240227295,1
1990-07-03,1.3148863316582275,1
1990-07-05,1.2551188469933106,1
1990-07-06,1.290979266266687,1
1990-07-09,1.2670724392937256,1
1990-07-10,1.2312119008110596,1
1990-07-11,1.2551188469933106,1
1990-07-12,1.219258427719934,1
1990-07-13,1.1953514815376831,1
1990-07-16,1.1953514815376831,1
1990-07-17,1.1714439393089844,1
1990-07-18,1.1475372315453125,1
1990-07-19,1.1475372315453125,1
1990-07-20,1.0519088507698608,1
1990-07-23,1.0160481930779053,1
1990-07-24,1.0758161545799805,1
1990-07-25,1.1116766930626465,1
1990-07-26,1.1116766930626465,1
1990-07-27,1.0997231007622315,1
1990-07-30,1.063862681488855,1
1990-07-31,1.0758161545799805,1
1990-08-01,1.063862681488855,1
1990-08-02,1.0160481930779053,1
1990-08-03,0.9682344795273377,1
1990-08-06,0.8965134621666504,1
1990-08-07,0.8367457986877991,1
1990-08-08,0.8965134621666504,1
1990-08-09,0.8965134621666504,1
1990-08-10,0.8726062775658203,1
1990-08-13,0.8726062775658203,1
1990-08-14,0.8726062775658203,1
1990-08-15,0.8726062775658203,1
1990-08-16,0.8486993313835693,1
1990-08-17,0.8367457986877991,1
1990-08-20,0.824792206387384,1
1990-08-21,0.8128386736916138,1
1990-08-22,0.7889318467186524,1
1990-08-23,0.7291641236351563,1
1990-08-24,0.765024721722467,1
1990-08-27,0.8367457986877991,1
1990-08-28,0.8965134621666504,1
1990-08-29,0.8606527448700501,1
1990-08-30,0.8486993313835693,1
1990-08-31,0.8606527448700501,1
1990-09-04,0.8367457986877991,1
1990-09-05,0.824792206387384,1
1990-09-06,0.824792206387384,1
1990-09-07,0.8726062775658203,1
1990-09-10,0.8606527448700501,1
1990-09-11,0.8726062775658203,1
1990-09-12,0.8606527448700501,1
1990-09-13,0.8367457986877991,1
1990-09-14,0.8128386736916138,1
1990-09-17,0.8008852602051331,1
1990-09-18,0.7769783140228821,1
1990-09-19,0.7769783140228821,1
1990-09-20,0.7530711890266968,1
1990-09-21,0.7411176563309265,1
1990-09-24,0.7052572370575501,1
1990-09-25,0.7889318467186524,1
1990-09-26,0.8128386736916138,1
1990-09-27,0.7769783140228821,1
1990-09-28,0.7889318467186524,1
1990-10-01,0.7769783140228821,1
1990-10-02,0.7769783140228821,1
1990-10-03,0.765024721722467,1
1990-10-04,0.7172107697533203,1
1990-10-05,0.7172107697533203,1
1990-10-08,0.7291641236351563,1
1990-10-09,0.693303644757135,1
1990-10-10,0.7172107697533203,1
1990-10-11,0.7291641236351563,1
1990-10-12,0.7052572370575501,1
1990-10-15,0.7172107697533203,1
1990-10-16,0.6813501120613648,1
1990-10-17,0.7052572370575501,1
1990-10-18,0.7769783140228821,1
1990-10-19,0.8008852602051331,1
1990-10-22,0.7889318467186524,1
1990-10-23,0.7769783140228821,1
1990-10-24,0.7530711890266968,1
1990-10-25,0.7411176563309265,1
1990-10-26,0.7172107697533203,1
1990-10-29,0.7411176563309265,1
1990-10-30,0.7530711890266968,1
1990-10-31,0.7530711890266968,1
1990-11-01,0.765024721722467,1
1990-11-02,0.7889318467186524,1
1990-11-05,0.8008852602051331,1
1990-11-06,0.7411176563309265,1
1990-11-07,0.7052572370575501,1
1990-11-08,0.7052572370575501,1
1990-11-09,0.7052572370575501,1
1990-11-12,0.7172107697533203,1
1990-11-13,0.824792206387384,1
1990-11-14,0.9204204083489014,1
1990-11-15,0.8965134621666504,1
1990-11-16,0.8606527448700501,1
1990-11-19,0.8486993313835693,1
1990-11-20,0.8486993313835693,1
1990-11-21,0.8965134621666504,1
1990-11-23,0.9921415449188782,1
1990-11-26,0.9921415449188782,1
1990-11-27,0.9562808872269226,1
1990-11-28,0.9562808872269226,1
1990-11-29,0.9204204083489014,1
1990-11-30,0.9443274141357971,1
1990-12-03,0.9921415449188782,1
1990-12-04,1.0758161545799805,1
1990-12-05,1.1116766930626465,1
1990-12-06,1.0399553776787354,1
1990-12-07,1.004094958405359,1
1990-12-10,1.0519088507698608,1
1990-12-11,0.9682344795273377,1
1990-12-12,0.980187714199884,1
1990-12-13,0.9443274141357971,1
1990-12-14,0.8845599294708801,1
1990-12-17,0.8726062775658203,1
1990-12-18,0.9204204083489014,1
1990-12-19,1.0160481930779053,1
1990-12-20,1.0758161545799805,1
1990-12-21,1.0280020237968994,1
1990-12-24,0.9921415449188782,1
1990-12-26,1.0160481930779053,1
1990-12-27,0.9921415449188782,1
1990-12-28,0.980187714199884,1
1990-12-31,0.9682344795273377,1
1991-01-02,0.9443274141357971,1
1991-01-03,0.9443274141357971,1
1991-01-04,0.9443274141357971,1
1991-01-07,0.9323739410446716,1
1991-01-08,0.9443274141357971,1
1991-01-09,0.9323739410446716,1
1991-01-10,0.980187714199884,1
1991-01-11,1.0280020237968994,1
1991-01-14,1.004094958405359,1
1991-01-15,1.0399553776787354,1
1991-01-16,1.0758161545799805,1
1991-01-17,1.0877697468803955,1
1991-01-18,1.1116766930626465,1
1991-01-21,1.0877697468803955,1
1991-01-22,1.0280020237968994,1
1991-01-23,1.0280020237968994,1
1991-01-24,1.063862681488855,1
1991-01-25,1.1116766930626465,1
1991-01-28,1.1355838776634766,1
1991-01-29,1.1475372315453125,1
1991-01-30,1.1594903470085693,1
1991-01-31,1.1833972931908203,1
1991-02-01,1.219258427719934,1
1991-02-04,1.2551188469933106,1
1991-02-05,1.2670724392937256,1
1991-02-06,1.2431652546928955,1
1991-02-07,1.0997231007622315,1
1991-02-08,1.1714439393089844,1
1991-02-11,1.1714439393089844,1
1991-02-12,1.1953514815376831,1
1991-02-13,1.2312119008110596,1
1991-02-14,1.1714439393089844,1
1991-02-15,1.2073047162102295,1
1991-02-19,1.2073047162102295,1
1991-02-20,1.219258427719934,1
1991-02-21,1.2551188469933106,1
1991-02-22,1.3148863316582275,1
1991-02-25,1.38660728941427,1
1991-02-26,1.4583282471703125,1
1991-02-27,1.422467589478357,1
1991-02-28,1.482235312561853,1
1991-03-01,1.470281958680017,1
1991-03-04,1.470281958680017,1
1991-03-05,1.530049443344934,1
1991-03-06,1.470281958680017,1
1991-03-07,1.4941885472343994,1
1991-03-08,1.565909504990442,1
1991-03-11,1.5539566279457642,1
1991-03-12,1.4463751317070557,1
1991-03-13,1.5180954934166504,1
1991-03-14,1.6017705203102661,1
1991-03-15,1.6017705203102661,1
1991-03-18,1.6017705203102661,1
1991-03-19,1.5539566279457642,1
1991-03-20,1.5539566279457642,1
1991-03-21,1.5539566279457642,1
1991-03-22,1.530049443344934,1
1991-03-25,1.482235312561853,1
1991-03-26,1.5539566279457642,1
1991-03-27,1.5539566279457642,1
1991-03-28,1.5539566279457642,1
1991-04-01,1.4941885472343994,1
1991-04-02,1.5898171664284302,1
1991-04-03,1.5898171664284302,1
1991-04-04,1.6615382433937622,1
1991-04-05,1.6376311780022217,1
1991-04-08,1.5898171664284302,1
1991-04-09,1.6017705203102661,1
1991-04-10,1.6256773472832275,1
1991-04-11,1.6973986626671387,1
1991-04-12,1.7213054896401,1
1991-04-15,1.6734915972755982,1
1991-04-16,1.7810733319328858,1
1991-04-17,1.8169337512062622,1
1991-04-18,1.7452125550316406,1
1991-04-19,1.6973986626671387,1
1991-04-22,1.6137243510292603,1
1991-04-23,1.6615382433937622,1
1991-04-24,1.649584412674768,1
1991-04-25,1.6137243510292603,1
1991-04-26,1.6017705203102661,1
1991-04-29,1.4583282471703125,1
1991-04-30,1.4105144740151,1
1991-05-01,1.470281958680017,1
1991-05-02,1.4463751317070557,1
1991-05-03,1.470281958680017,1
1991-05-06,1.4344215394066406,1
1991-05-07,1.38660728941427,1
1991-05-08,1.398560881714685,1
1991-05-09,1.530049443344934,1
1991-05-10,1.4344215394066406,1
1991-05-13,1.422467589478357,1
1991-05-14,1.38660728941427,1
1991-05-15,1.290979266266687,1
1991-05-16,1.3268393279121948,1
1991-05-17,1.3387930394218994,1
1991-05-20,1.3148863316582275,1
1991-05-21,1.3627002240227295,1
1991-05-22,1.4105144740151,1
1991-05-23,1.4105144740151,1
1991-05-24,1.422467589478357,1
1991-05-28,1.4463751317070557,1
1991-05-29,1.4105144740151,1
1991-05-30,1.5180954934166504,1
1991-05-31,1.5898171664284302,1
1991-06-03,1.6137243510292603,1
1991-06-04,1.6376311780022217,1
1991-06-05,1.5898171664284302,1
1991-06-06,1.5539566279457642,1
1991-06-07,1.4941885472343994,1
1991-06-10,1.4463751317070557,1
1991-06-11,1.4105144740151,1
1991-06-12,1.38660728941427,1
1991-06-13,1.4583282471703125,1
1991-06-14,1.3387930394218994,1
1991-06-17,1.290979266266687,1
1991-06-18,1.279025912384851,1
1991-06-19,1.2551188469933106,1
1991-06-20,1.2431652546928955,1
1991-06-21,1.2551188469933106,1
1991-06-24,1.1594903470085693,1
1991-06-25,1.1714439393089844,1
1991-06-26,1.1833972931908203,1
1991-06-27,1.1594903470085693,1
1991-06-28,1.1236300469444824,1
1991-07-01,1.1594903470085693,1
1991-07-02,1.0877697468803955,1
1991-07-03,1.0758161545799805,1
1991-07-05,1.1116766930626465,1
1991-07-08,1.1475372315453125,1
1991-07-09,1.1833972931908203,1
1991-07-10,1.2073047162102295,1
1991-07-11,1.1714439393089844,1
1991-07-12,1.1833972931908203,1
1991-07-15,1.2431652546928955,1
1991-07-16,1.2312119008110596,1
1991-07-17,1.2312119008110596,1
1991-07-18,1.2312119008110596,1
1991-07-19,1.1833972931908203,1
1991-07-22,1.1116766930626465,1
1991-07-23,1.0877697468803955,1
1991-07-24,1.0758161545799805,1
1991-07-25,1.1355838776634766,1
1991-07-26,1.1355838776634766,1
1991-07-29,1.1594903470085693,1
1991-07-30,1.1714439393089844,1
1991-07-31,1.1833972931908203,1
1991-08-01,1.279025912384851,1
1991-08-02,1.290979266266687,1
1991-08-05,1.3507466317223145,1
1991-08-06,1.3507466317223145,1
1991-08-07,1.3268393279121948,1
1991-08-08,1.2431652546928955,1
1991-08-09,1.219258427719934,1
1991-08-12,1.2670724392937256,1
1991-08-13,1.2670724392937256,1
1991-08-14,1.2670724392937256,1
1991-08-15,1.2312119008110596,1
1991-08-16,1.2073047162102295,1
1991-08-19,1.1475372315453125,1
1991-08-20,1.1714439393089844,1
1991-08-21,1.279025912384851,1
1991-08-22,1.3029330969856812,1
1991-08-23,1.3268393279121948,1
1991-08-26,1.3627002240227295,1
1991-08-27,1.3507466317223145,1
1991-08-28,1.3627002240227295,1
1991-08-29,1.3148863316582275,1
1991-08-30,1.3507466317223145,1
1991-09-03,1.3148863316582275,1
1991-09-04,1.279025912384851,1
1991-09-05,1.290979266266687,1
1991-09-06,1.3029330969856812,1
1991-09-09,1.290979266266687,1
1991-09-10,1.290979266266687,1
1991-09-11,1.3387930394218994,1
1991-09-12,1.3387930394218994,1
1991-09-13,1.290979266266687,1
1991-09-16,1.2670724392937256,1
1991-09-17,1.290979266266687,1
1991-09-18,1.3029330969856812,1
1991-09-19,1.3387930394218994,1
1991-09-20,1.3507466317223145,1
1991-09-23,1.3627002240227295,1
1991-09-24,1.4941885472343994,1
1991-09-25,1.4344215394066406,1
1991-09-26,1.422467589478357,1
1991-09-27,1.398560881714685,1
1991-09-30,1.38660728941427,1
1991-10-01,1.3507466317223145,1
1991-10-02,1.3268393279121948,1
1991-10-03,1.3387930394218994,1
1991-10-04,1.398560881714685,1
1991-10-07,1.422467589478357,1
1991-10-08,1.4105144740151,1
1991-10-09,1.4105144740151,1
1991-10-10,1.4463751317070557,1
1991-10-11,1.470281958680017,1
1991-10-14,1.482235312561853,1
1991-10-15,1.5778636933373047,1
1991-10-16,1.6376311780022217,1
1991-10-17,1.5539566279457642,1
1991-10-18,1.530049443344934,1
1991-10-21,1.5539566279457642,1
1991-10-22,1.6376311780022217,1
1991-10-23,1.649584412674768,1
1991-10-24,1.6137243510292603,1
1991-10-25,1.5898171664284302,1
1991-10-28,1.565909504990442,1
1991-10-29,1.649584412674768,1
1991-10-30,1.7093526125954224,0
1991-10-31,1.6734915972755982,0
1991-11-01,1.6017705203102661,0
1991-11-04,1.6017705203102661,0
1991-11-05,1.6137243510292603,0
1991-11-06,1.6137243510292603,0
1991-11-07,1.6017705203102661,0
1991-11-08,1.6017705203102661,0
1991-11-11,1.6017705203102661,0
1991-11-12,1.565909504990442,0
1991-11-13,1.6137243510292603,0
1991-11-14,1.38660728941427,0
1991-11-15,1.219258427719934,0
1991-11-18,1.2431652546928955,0
1991-11-19,1.2312119008110596,0
1991-11-20,1.219258427719934,0
1991-11-21,1.2073047162102295,0
1991-11-22,1.2001038790749146,0
1991-11-25,1.2841111422585083,0
1991-11-26,1.2961125374840332,0
1991-11-27,1.2961125374840332,0
1991-11-29,1.2721102238701416,0
1991-12-02,1.2481080294655396,1
1991-12-03,1.2721102238701416,1
1991-12-04,1.2961125374840332,1
1991-12-05,1.2721102238701416,1
1991-12-06,1.2481080294655396,1
1991-12-09,1.2001038790749146,1
1991-12-10,1.1881029606865479,1
1991-12-11,1.2841111422585083,1
1991-12-12,1.2841111422585083,1
1991-12-13,1.3201146126793457,1
1991-12-16,1.3801195622490479,1
1991-12-17,1.3201146126793457,1
1991-12-18,1.2481080294655396,1
1991-12-19,1.2601089478539063,1
1991-12-20,1.2481080294655396,1
1991-12-23,1.3081133366631104,1
1991-12-24,1.3201146126793457,1
1991-12-26,1.3441163302467896,1
1991-12-27,1.3441163302467896,1
1991-12-30,1.3561174870537354,1
1991-12-31,1.3561174870537354,1
1992-01-02,1.4161221982048584,1
1992-01-03,1.4401248694466187,1
1992-01-06,1.536133051018579,1
1992-01-07,1.6201403142021729,1
1992-01-08,1.5601353646324707,1
1992-01-09,1.5601353646324707,1
1992-01-10,1.5481343270348145,1
1992-01-13,1.536133051018579,1
1992-01-14,1.5721362830208374,1
1992-01-15,1.6681445838020874,1
1992-01-16,1.6441422701881958,1
1992-01-17,1.6561434269951416,1
1992-01-20,1.632141351799829,1
1992-01-21,1.5601353646324707,1
1992-01-22,1.5961384774254395,1
1992-01-23,1.5721362830208374,1
1992-01-24,1.5961384774254395,1
1992-01-27,1.6801460982369019,1
1992-01-28,1.6921467782066895,1
1992-01-29,1.7521518469856812,1
1992-01-30,1.7881553174065186,1
1992-01-31,1.7881553174065186,1
1992-02-03,1.872162103752954,1
1992-02-04,1.884163498978479,1
1992-02-05,2.0161750317619873,1
1992-02-06,1.860161542992456,1
1992-02-07,1.8481602669762207,1
1992-02-10,1.9201666117714478,1
1992-02-11,1.8481602669762207,1
1992-02-12,2.0521774292992188,1
1992-02-13,1.9921728373573853,1
1992-02-14,2.0521774292992188,1
1992-02-18,2.0641791821526123,1
1992-02-19,1.9321672917412354,1
1992-02-20,1.9921728373573853,1
1992-02-21,2.004173755745752,1
1992-02-24,1.9201666117714478,1
1992-02-25,1.9081653357552124,1
1992-02-26,1.8961641789482666,1
1992-02-27,1.8961641789482666,1
1992-02-28,1.872162103752954,1
1992-03-02,1.8481602669762207,1
1992-03-03,1.8961641789482666,1
1992-03-04,1.872162103752954,1
1992-03-05,1.8001561165855957,1
1992-03-06,1.8121567965553833,1
1992-03-09,1.8481602669762207,1
1992-03-10,1.7041476965950562,1
1992-03-11,1.5601353646324707,1
1992-03-12,1.536133051018579,1
1992-03-13,1.5481343270348145,1
1992-03-16,1.5241320134209229,1
1992-03-17,1.5601353646324707,1
1992-03-18,1.584136962990625,1
1992-03-19,1.5601353646324707,1
1992-03-20,1.5481343270348145,1
1992-03-23,1.5481343270348145,1
1992-03-24,1.5961384774254395,1
1992-03-25,1.6081393958138062,1
1992-03-26,1.5481343270348145,1
1992-03-27,1.4881290198372437,1
1992-03-30,1.4641270638512207,1
1992-03-31,1.4881290198372437,1
1992-04-01,1.5001299382256104,1
1992-04-02,1.4281238318489624,1
1992-04-03,1.4041216374443604,1
1992-04-06,1.4761277438210083,1
1992-04-07,1.3921208382652832,1
1992-04-08,1.4161221982048584,1
1992-04-09,1.452126145462854,1
1992-04-10,1.4281238318489624,1
1992-04-13,1.3321154118584229,1
1992-04-14,1.368118405442102,1
1992-04-15,1.3921208382652832,1
1992-04-16,1.4041216374443604,1
1992-04-20,1.3801195622490479,1
1992-04-21,1.4041216374443604,1
1992-04-22,1.3441163302467896,1
1992-04-23,1.2961125374840332,1
1992-04-24,1.3081133366631104,1
1992-04-27,1.2721102238701416,1
1992-04-28,1.2721102238701416,1
1992-04-29,1.3201146126793457,1
1992-04-30,1.3801195622490479,1
1992-05-01,1.3441163302467896,1
1992-05-04,1.368118405442102,1
1992-05-05,1.4041216374443604,1
1992-05-06,1.4161221982048584,1
1992-05-07,1.4161221982048584,1
1992-05-08,1.3801195622490479,1
1992-05-11,1.4041216374443604,1
1992-05-12,1.3921208382652832,1
1992-05-13,1.3921208382652832,1
1992-05-14,1.368118405442102,1
1992-05-15,1.3441163302467896,1
1992-05-18,1.3441163302467896,1
1992-05-19,1.3801195622490479,1
1992-05-20,1.3921208382652832,1
1992-05-21,1.3441163302467896,1
1992-05-22,1.3441163302467896,1
1992-05-26,1.3201146126793457,1
1992-05-27,1.3201146126793457,1
1992-05-28,1.4041216374443604,1
1992-05-29,1.4281238318489624,1
1992-06-01,1.4401248694466187,1
1992-06-02,1.4281238318489624,1
1992-06-03,1.4641270638512207,1
1992-06-04,1.536133051018579,1
1992-06-05,1.5241320134209229,1
1992-06-08,1.4641270638512207,1
1992-06-09,1.452126145462854,1
1992-06-10,1.4161221982048584,1
1992-06-11,1.4401248694466187,1
1992-06-12,1.452126145462854,1
1992-06-15,1.452126145462854,1
1992-06-16,1.4281238318489624,1
1992-06-17,1.3321154118584229,1
1992-06-18,1.3561174870537354,1
1992-06-19,1.2841111422585083,1
1992-06-22,1.2841111422585083,1
1992-06-23,1.3201146126793457,1
1992-06-24,1.2961125374840332,1
1992-06-25,1.2721102238701416,1
1992-06-26,1.368118405442102,1
1992-06-29,1.4401248694466187,1
1992-06-30,1.368118405442102,1
1992-07-01,1.452126145462854,1
1992-07-02,1.3561174870537354,1
1992-07-06,1.3801195622490479,1
1992-07-07,1.3441163302467896,1
1992-07-08,1.3321154118584229,1
1992-07-09,1.3321154118584229,1
1992-07-10,1.3321154118584229,1
1992-07-13,1.3081133366631104,1
1992-07-14,1.3441163302467896,1
1992-07-15,1.3561174870537354,1
1992-07-16,1.3321154118584229,1
1992-07-17,1.3441163302467896,1
1992-07-20,1.3441163302467896,1
1992-07-21,1.3921208382652832,1
1992-07-22,1.3921208382652832,1
1992-07-23,1.3921208382652832,1
1992-07-24,1.4401248694466187,1
1992-07-27,1.4761277438210083,1
1992-07-28,1.5601353646324707,1
1992-07-29,1.5961384774254395,1
1992-07-30,1.536133051018579,1
1992-07-31,1.5601353646324707,1
1992-08-03,1.5241320134209229,1
1992-08-04,1.536133051018579,1
1992-08-05,1.5601353646324707,1
1992-08-06,1.5481343270348145,1
1992-08-07,1.536133051018579,1
1992-08-10,1.512130856613977,1
1992-08-11,1.536133051018579,1
1992-08-12,1.536133051018579,1
1992-08-13,1.536133051018579,1
1992-08-14,1.5721362830208374,1
1992-08-17,1.536133051018579,1
1992-08-18,1.536133051018579,1
1992-08-19,1.536133051018579,1
1992-08-20,1.512130856613977,1
1992-08-21,1.5001299382256104,1
1992-08-24,1.4641270638512207,1
1992-08-25,1.4401248694466187,1
1992-08-26,1.4641270638512207,1
1992-08-27,1.4641270638512207,1
1992-08-28,1.4641270638512207,1
1992-08-31,1.4641270638512207,1
1992-09-01,1.4881290198372437,1
1992-09-02,1.5481343270348145,1
1992-09-03,1.4161221982048584,1
1992-09-04,1.4161221982048584,1
1992-09-08,1.3921208382652832,1
1992-09-09,1.4281238318489624,1
1992-09-10,1.4761277438210083,1
1992-09-11,1.4641270638512207,1
1992-09-14,1.4761277438210083,1
1992-09-15,1.4281238318489624,1
1992-09-16,1.3921208382652832,1
1992-09-17,1.3921208382652832,1
1992-09-18,1.4041216374443604,1
1992-09-21,1.4641270638512207,1
1992-09-22,1.4401248694466187,1
1992-09-23,1.4041216374443604,1
1992-09-24,1.4041216374443604,1
1992-09-25,1.3921208382652832,1
1992-09-28,1.4161221982048584,1
1992-09-29,1.4761277438210083,1
1992-09-30,1.5601353646324707,1
1992-10-01,1.5241320134209229,1
1992-10-02,1.5241320134209229,1
1992-10-05,1.6081393958138062,1
1992-10-06,1.6081393958138062,1
1992-10-07,1.5481343270348145,1
1992-10-08,1.584136962990625,1
1992-10-09,1.5601353646324707,1
1992-10-12,1.5481343270348145,1
1992-10-13,1.5601353646324707,1
1992-10-14,1.5601353646324707,1
1992-10-15,1.7041476965950562,1
1992-10-16,1.7281495333717896,1
1992-10-19,1.7881553174065186,1
1992-10-20,1.6801460982369019,1
1992-10-21,1.884163498978479,1
1992-10-22,1.8361586333321167,1
1992-10-23,1.8481602669762207,1
1992-10-26,1.860161542992456,1
1992-10-27,1.8121567965553833,1
1992-10-28,1.9081653357552124,1
1992-10-29,1.860161542992456,1
1992-10-30,1.860161542992456,1
1992-11-02,1.7881553174065186,1
1992-11-03,1.7401505709694458,1
1992-11-04,1.8121567965553833,1
1992-11-05,1.7641528845833374,1
1992-11-06,1.884163498978479,1
1992-11-09,1.9561702014015747,1
1992-11-10,2.1241841317223145,1
1992-11-11,1.9561702014015747,1
1992-11-12,2.004173755745752,1
1992-11-13,1.9921728373573853,1
1992-11-16,1.9201666117714478,1
1992-11-17,1.860161542992456,1
1992-11-18,1.8121567965553833,1
1992-11-19,1.8121567965553833,1
1992-11-20,1.8961641789482666,1
1992-11-23,1.872162103752954,1
1992-11-24,1.9561702014015747,1
1992-11-25,1.7881553174065186,1
1992-11-27,1.780935287575586,1
1992-11-30,1.8050018549965454,1
1992-12-01,1.889235019783838,1
1992-12-02,1.8651684523628784,1
1992-12-03,1.853135347466333,1
1992-12-04,1.8651684523628784,1
1992-12-07,1.853135347466333,1
1992-12-08,1.817035436730249,1
1992-12-09,1.7568681241081787,1
1992-12-10,1.6606013775871826,1
1992-12-11,1.7207683325813843,1
1992-12-14,1.6606013775871826,1
1992-12-15,1.6365348101662232,1
1992-12-16,1.7929683924721314,1
1992-12-17,1.7568681241081787,1
1992-12-18,1.7689017058418823,1
1992-12-21,1.8290683032082153,1
1992-12-22,1.853135347466333,1
1992-12-23,1.780935287575586,1
1992-12-24,1.7689017058418823,1
1992-12-28,1.780935287575586,1
1992-12-29,1.8050018549965454,1
1992-12-30,1.7929683924721314,1
1992-12-31,1.817035436730249,1
1993-01-04,1.7448349000023438,1
1993-01-05,1.901268720726831,1
1993-01-06,2.0216012002037598,1
1993-01-07,2.0216012002037598,1
1993-01-08,1.9975353480385376,1
1993-01-11,2.081768751244409,1
1993-01-12,1.9855012894676758,1
1993-01-13,1.9975353480385376,1
1993-01-14,2.21413517008291,1
1993-01-15,2.153968334297998,1
1993-01-18,2.105835437874658,1
1993-01-19,2.1900687218712402,1
1993-01-20,2.1178691388176514,1
1993-01-21,2.153968334297998,1
1993-01-22,2.1419355870293213,1
1993-01-25,2.2261693478630615,1
1993-01-26,2.1900687218712402,1
1993-01-27,2.153968334297998,1
1993-01-28,2.105835437874658,1
1993-01-29,2.1299021245049072,1
1993-02-01,2.202101707558496,1
1993-02-02,2.334468364815576,1
1993-02-03,2.3224358559654785,1
1993-02-04,2.2261693478630615,1
1993-02-05,2.2382025719688965,1
1993-02-08,2.21413517008291,1
1993-02-09,2.21413517008291,1
1993-02-10,2.3465020657585693,1
1993-02-11,2.3224358559654785,1
1993-02-12,2.2863357068108154,1
1993-02-16,2.21413517008291,1
1993-02-17,2.1780359746025635,1
1993-02-18,2.2502357960747315,1
1993-02-19,2.406669855217798,1
1993-02-22,2.394634962181909,1
1993-02-23,2.3465020657585693,1
1993-02-24,2.4187018872307373,1
1993-02-25,2.4187018872307373,1
1993-02-26,2.3585360051201416,1
1993-03-01,2.3585360051201416,1
1993-03-02,2.4788691998528076,1
1993-03-03,2.4307358265923096,1
1993-03-04,2.4668352604912354,1
1993-03-05,2.4909021855400635,1
1993-03-08,2.563102960686548,1
1993-03-09,2.563102960686548,1
1993-03-10,2.5390360356377197,1
1993-03-11,2.563102960686548,1
1993-03-12,2.6834359170006348,1
1993-03-15,2.6834359170006348,1
1993-03-16,2.6834359170006348,1
1993-03-17,2.2983686924980713,1
1993-03-18,2.262268304924829,1
1993-03-19,2.1900687218712402,1
1993-03-22,2.2502357960747315,1
1993-03-23,2.2743020058678223,1
1993-03-24,2.262268304924829,1
1993-03-25,2.3585360051201416,1
1993-03-26,2.334468364815576,1
1993-03-29,2.2743020058678223,1
1993-03-30,2.2743020058678223,1
1993-03-31,2.2743020058678223,1
1993-04-01,2.166002035240991,1
1993-04-02,1.9133023024605347,1
1993-04-05,1.9975353480385376,1
1993-04-06,2.0938022137688233,0
1993-04-07,2.069734811882837,0
1993-04-08,2.1178691388176514,0
1993-04-12,2.1299021245049072,0
1993-04-13,2.1299021245049072,0
1993-04-14,2.1299021245049072,0
1993-04-15,2.069734811882837,0
1993-04-16,1.9855012894676758,0
1993-04-19,1.9373688698814941,0
1993-04-20,2.0216012002037598,0
1993-04-21,2.1299021245049072,0
1993-04-22,2.1780359746025635,0
1993-04-23,2.166002035240991,0
1993-04-26,2.0938022137688233,0
1993-04-27,2.081768751244409,0
1993-04-28,2.069734811882837,0
1993-04-29,2.1178691388176514,0
1993-04-30,2.21413517008291,0
1993-05-03,2.262268304924829,0
1993-05-04,2.3224358559654785,0
1993-05-05,2.3465020657585693,0
1993-05-06,2.3465020657585693,0
1993-05-07,2.394634962181909,0
1993-05-10,2.4788691998528076,0
1993-05-11,2.4427685738609863,0
1993-05-12,2.3465020657585693,0
1993-05-13,2.3224358559654785,0
1993-05-14,2.334468364815576,0
1993-05-17,2.3826022149132324,0
1993-05-18,2.5029356480644775,0
1993-05-19,2.5390360356377197,0
1993-05-20,2.6232693196343018,0
1993-05-21,2.7315702439354492,0
1993-05-24,2.7195358277367188,0
1993-05-25,2.791736602883203,0
1993-05-26,2.82783579836355,0
1993-05-27,2.851902723412378,0
1993-05-28,2.863935709099634,0
1993-06-01,3.008336067299707,0
1993-06-02,2.9963021279381348,0
1993-06-03,3.032402277092798,0
1993-06-04,2.984269380669458,0
1993-06-07,2.875969648461206,0
1993-06-08,3.104602336983545,0
1993-06-09,3.0685031415031983,0
1993-06-10,2.9963021279381348,0
1993-06-11,3.056468725304468,0
1993-06-14,3.1647696496056152,0
1993-06-15,3.3452694417046143,0
1993-06-16,3.4415366650627686,0
1993-06-17,3.4174699784325195,0
1993-06-18,3.2610361577080322,0
1993-06-21,3.2610361577080322,0
1993-06-22,3.3813703061150147,0
1993-06-23,3.3934032918022705,0
1993-06-24,3.3573031426476074,0
1993-06-25,3.5257701874779297,0
1993-06-28,3.561870575051172,0
1993-06-29,3.5498366356895996,0
1993-06-30,3.5739033223198486,0
1993-07-01,3.6220362187431885,0
1993-07-02,3.730336904625757,0
1993-07-06,3.6701695920036865,0
1993-07-07,3.814570665459497,0
1993-07-08,3.958970308403833,0
1993-07-09,4.007104873757227,0
1993-07-12,4.007104873757227,0
1993-07-13,4.151503563027246,0
1993-07-14,4.211670875649316,0
1993-07-15,4.127436637978418,0
1993-07-16,3.983036756615503,0
1993-07-19,3.7905032635735108,0
1993-07-20,4.115402698616846,0
1993-07-21,4.067270755867822,0
1993-07-22,4.079303741555078,0
1993-07-23,4.115402698616846,0
1993-07-26,4.332004070381982,0
1993-07-27,4.271836757759912,0
1993-07-28,4.404203415016992,0
1993-07-29,4.295905113320215,0
1993-07-30,4.319971561531885,0
1993-08-02,4.368103981118066,0
1993-08-03,4.42827034006582,0
1993-08-04,4.476405143837793,0
1993-08-05,4.644871711830957,0
1993-08-06,4.741137504677637,0
1993-08-09,4.753170013527734,0
1993-08-10,4.729104042153223,0
1993-08-11,4.789269924263818,0
1993-08-12,4.741137504677637,0
1993-08-13,4.813339710335596,0
1993-08-16,4.873505115609033,0
1993-08-17,5.294672012429102,0
1993-08-18,5.210438251595361,0
1993-08-19,5.150272369484766,0
1993-08-20,5.186371326546533,0
1993-08-23,5.318737983803613,0
1993-08-24,5.005871296028955,0
1993-08-25,4.813339710335596,0
1993-08-26,4.909605503182275,0
1993-08-27,4.945703983406885,0
1993-08-30,4.909605503182275,0
1993-08-31,5.138237476448877,0
1993-09-01,5.041971683602197,0
1993-09-02,5.114170551400049,0
1993-09-03,5.029938221077783,0
1993-09-07,4.825371742348535,0
1993-09-08,4.993837833504541,0
1993-09-09,5.3307719231651856,0
1993-09-10,5.427037716011865,0
1993-09-13,5.270604133705957,0
1993-09-14,5.4631404877708984,0
1993-09-15,5.619571209053857,0
1993-09-16,5.559406280617578,0
1993-09-17,5.571437835793359,0
1993-09-20,5.60753870020376,0
1993-09-21,5.535339832405908,0
1993-09-22,5.7399067879723145,0
1993-09-23,5.9926042557762695,0
1993-09-24,5.95650577555166,0
1993-09-27,6.064804554085596,0
1993-09-28,5.751939296822412,0
1993-09-29,5.3307719231651856,0
1993-09-30,5.258571148018701,0
1993-10-01,5.0780720711754395,0
1993-10-04,5.258571148018701,0
1993-10-05,4.801303386788232,0
1993-10-06,4.837403774361475,0
1993-10-07,4.5847039223717285,0
1993-10-08,4.693004131417139,0
1993-10-11,4.5486040116356445,0
1993-10-12,4.524536609749658,0
1993-10-13,4.2237043381737305,0
1993-10-14,4.295905113320215,0
1993-10-15,4.476405143837793,0
1993-10-18,4.4643707276390625,0
1993-10-19,4.2598042489098145,0
1993-10-20,4.271836757759912,0
1993-10-21,4.3921709061668945,0
1993-10-22,4.500471592049463,0
1993-10-25,4.476405143837793,0
1993-10-26,4.608771801094873,0
1993-10-27,4.729104042153223,0
1993-10-28,4.524536609749658,0
1993-10-29,4.572671413521631,0
1993-11-01,4.668936729531152,0
1993-11-02,4.404203415016992,0
1993-11-03,3.922869920830591,0
1993-11-04,3.7544033528374268,0
1993-11-05,3.814570665459497,0
1993-11-08,3.958970308403833,0
1993-11-09,3.85067081461416,0
1993-11-10,4.247771263222559,0
1993-11-11,4.368103981118066,0
1993-11-12,4.307936668495996,0
1993-11-15,4.055238247017725,0
1993-11-16,4.007104873757227,0
1993-11-17,3.934904098610742,0
1993-11-18,3.730336904625757,0
1993-11-19,3.814570665459497,0
1993-11-22,3.802537441353662,0
1993-11-23,4.211670875649316,0
1993-11-24,4.344038009743555,0
1993-11-26,4.433183193306787,0
1993-11-29,4.288622856240137,0
1993-11-30,4.457277774910791,1
1993-12-01,4.60183572779165,1
1993-12-02,4.722304344277246,0
1993-12-03,4.625930309395654,0
1993-12-06,4.48137092600332,0
1993-12-07,4.589789390663965,0
1993-12-08,4.662069320778711,1
1993-12-09,4.589789390663965,1
1993-12-10,4.529554844002588,1
1993-12-13,4.662069320778711,1
1993-12-14,4.698210716347559,1
1993-12-15,4.662069320778711,1
1993-12-16,4.637977600197656,0
1993-12-17,4.457277774910791,1
1993-12-20,4.336809158425195,1
1993-12-21,4.457277774910791,1
1993-12-22,4.529554844002588,1
1993-12-23,4.457277774910791,0
1993-12-27,4.445230007271631,0
1993-12-28,4.469322204689844,0
1993-12-29,4.457277774910791,0
1993-12-30,4.48137092600332,1
1993-12-31,4.48137092600332,1
1994-01-03,4.372948169808252,1
1994-01-04,4.4090895653771,1
1994-01-05,4.650022983651025,0
1994-01-06,4.734350681404932,1
1994-01-07,4.9993767739342285,1
1994-01-10,5.059612274269922,1
1994-01-11,5.1077985764549805,1
1994-01-12,5.2162184716271,1
1994-01-13,5.0957512856529785,0
1994-01-14,5.3246378899620606,0
1994-01-17,5.5053391457604,0
1994-01-18,5.34873104105459,1
1994-01-19,5.2884979249046875,1
1994-01-20,5.421011448006494,1
1994-01-21,5.481245517830713,1
1994-01-24,5.57761812220083,1
1994-01-25,5.421011448006494,1
1994-01-26,5.336686134438379,1
1994-01-27,5.5294342042015625,1
1994-01-28,5.493292808632715,1
1994-01-31,5.625805378060205,0
1994-02-01,5.782412052254541,0
1994-02-02,5.830599784951074,1
1994-02-03,5.746273040871484,1
1994-02-04,5.553526878456934,1
1994-02-07,5.686039447884424,1
1994-02-08,5.8667402268456055,0
1994-02-09,5.710132598976953,0
1994-02-10,5.649899482827051,1
1994-02-11,5.6137590409325195,1
1994-02-14,5.649899482827051,1
1994-02-15,5.92697286615835,1
1994-02-16,6.035393715004785,0
1994-02-17,5.92697286615835,0
1994-02-18,6.324514865975244,0
1994-02-22,6.637726783852441,0
1994-02-23,6.517260551552637,0
1994-02-24,6.457027912239893,0
1994-02-25,6.6136345864342285,0
1994-02-28,6.830474853615625,0
1994-03-01,6.878661632637842,0
1994-03-02,7.252108574013574,1
1994-03-03,7.3364362717674805,1
1994-03-04,7.709884166817529,1
1994-03-07,7.58941650400625,1
1994-03-08,7.45690393457876,1
1994-03-09,7.7460246087120606,1
1994-03-10,7.770117282967432,1
1994-03-11,8.035144806008203,0
1994-03-14,8.3001708985375,1
1994-03-15,7.878538131813867,1
1994-03-16,8.095376968483789,0
1994-03-17,8.023098945717676,0
1994-03-18,8.529058456520898,0
1994-03-21,8.938644409279688,0
1994-03-22,9.119346618752344,0
1994-03-23,9.010927200417383,0
1994-03-24,8.67361831675039,0
1994-03-25,8.251983642678125,0
1994-03-28,7.974908828835352,0
1994-03-29,7.58941650400625,0
1994-03-30,7.758071422676904,0
1994-03-31,8.023098945717676,0
1994-04-04,8.31221866617666,0
1994-04-05,8.7820405961083,0
1994-04-06,8.96274185190664,0
1994-04-07,9.420514106850488,0
1994-04-08,9.131393432717188,0
1994-04-11,8.806133270363672,0
1994-04-12,8.336313247780664,0
1994-04-13,8.059236526589258,1
1994-04-14,8.04719066629873,0
1994-04-15,7.999005317787988,0
1994-04-18,8.31221866617666,0
1994-04-19,7.920699596505029,0
1994-04-20,7.4388322831200195,0
1994-04-21,8.28210163126455,0
1994-04-22,8.34233570108877,0
1994-04-25,8.613385200600488,0
1994-04-26,8.595287323098047,0
1994-04-28,8.444498062233789,0
1994-04-29,8.806402206520898,0
1994-05-02,9.047674179177148,0
1994-05-03,8.685765266518457,0
1994-05-04,8.715927124123438,0
1994-05-05,8.293701171975,0
1994-05-06,8.474654197792871,0
1994-05-09,8.20322322855459,0
1994-05-10,8.414339065651758,0
1994-05-11,8.052431106667383,0
1994-05-12,7.961951732735498,0
1994-05-13,7.811158657173975,0
1994-05-16,7.630204677681787,0
1994-05-17,7.328616619210107,0
1994-05-18,7.811158657173975,0
1994-05-19,8.173065185646875,0
1994-05-20,8.20322322855459,0
1994-05-23,7.9016337395714356,0
1994-05-24,7.992112636666162,0
1994-05-25,7.841318130593164,0
1994-05-26,7.750842094521387,0
1994-05-27,7.690523624520166,0
1994-05-31,8.142906189064844,0
1994-06-01,8.655608177285059,0
1994-06-02,8.444498062233789,0
1994-06-03,8.504812240700586,0
1994-06-06,8.444498062233789,0
1994-06-07,8.112748146157129,0
1994-06-08,7.8714776040123535,0
1994-06-09,7.841318130593164,0
1994-06-10,8.022270202736719,0
1994-06-13,8.052431106667383,0
1994-06-14,8.293701171975,0
1994-06-15,8.323860168557031,0
1994-06-16,8.444498062233789,0
1994-06-17,8.112748146157129,0
1994-06-20,7.9016337395714356,0
1994-06-21,7.630204677681787,0
1994-06-22,7.9016337395714356,0
1994-06-23,7.539727687935693,0
1994-06-24,7.8714776040123535,0
1994-06-27,8.293701171975,0
1994-06-28,8.474654197792871,0
1994-06-29,8.354018211464746,0
1994-06-30,8.354018211464746,0
1994-07-01,8.263541221718652,0
1994-07-05,8.263541221718652,0
1994-07-06,8.142906189064844,0
1994-07-07,8.89687728891836,0
1994-07-08,8.836562156777246,0
1994-07-11,8.957196235756738,0
1994-07-12,9.349264144997461,0
1994-07-13,9.56037712107168,0
1994-07-14,9.198470115761621,0
1994-07-15,8.746086120705469,0
1994-07-18,8.866720199684961,0
1994-07-19,8.667398452858789,0
1994-07-20,8.486199379067285,0
1994-07-21,8.456002235512598,0
1994-07-22,8.516400337319238,0
1994-07-25,8.456002235512598,0
1994-07-26,8.516400337319238,0
1994-07-27,8.546603202919824,0
1994-07-28,8.606998443703516,0
1994-07-29,9.029801368813379,0
1994-08-01,9.09019947062002,0
1994-08-02,9.060001373391016,0
1994-08-03,8.969398498635156,0
1994-08-04,8.908998489479883,0
1994-08-05,9.09019947062002,0
1994-08-08,9.060001373391016,0
1994-08-09,9.422399520974023,0
1994-08-10,10.20760440836416,0
1994-08-11,10.237799644570215,0
1994-08-12,10.117002487282617,0
1994-08-15,10.20760440836416,0
1994-08-16,10.660601616005762,0
1994-08-17,10.600201606850488,0
1994-08-18,10.660601616005762,0
1994-08-19,10.539801597695215,0
1994-08-22,10.4190034867333,0
1994-08-23,10.20760440836416,0
1994-08-24,9.875398635964258,0
1994-08-25,10.449202537636621,0
1994-08-26,10.569998741249902,0
1994-08-29,10.358602523903711,0
1994-08-30,10.509599685768945,0
1994-08-31,9.724398613076074,0
1994-09-01,9.54319953928457,0
1994-09-02,9.54319953928457,0
1994-09-06,9.66400146494375,0
1994-09-07,9.845197677712305,0
1994-09-08,9.905595779518945,0
1994-09-09,9.54319953928457,0
1994-09-12,9.452600479225977,0
1994-09-13,9.63379955301748,0
1994-09-14,9.603599548439844,0
1994-09-15,10.056600570778711,0
1994-09-16,9.996198654274805,0
1994-09-19,9.573402404885156,0
1994-09-20,9.150601387123926,0
1994-09-21,9.512998581032617,0
1994-09-22,9.422399520974023,0
1994-09-23,9.211002349953516,0
1994-09-26,8.709024429421289,0
1994-09-27,8.52758502970205,0
1994-09-28,8.285666465859277,0
1994-09-29,8.557826042275293,0
1994-09-30,8.346146583657129,0
1994-10-03,7.832072734932764,0
1994-10-04,7.469195366005762,0
1994-10-05,8.013508796791895,0
1994-10-06,8.013508796791895,1
1994-10-07,8.043749809365137,1
1994-10-10,8.497344970803125,1
1994-10-11,8.376385688881738,1
1994-10-12,8.346146583657129,1
1994-10-13,7.983270168404443,1
1994-10-14,8.31590747843252,1
1994-10-17,8.104230880837305,1
1994-10-18,8.104230880837305,1
1994-10-19,8.346146583657129,1
1994-10-20,8.4671049119042,1
1994-10-21,8.648538589577539,1
1994-10-24,8.890462875466211,1
1994-10-25,8.678783416848047,1
1994-10-26,9.283575058083398,1
1994-10-27,9.525493621926172,1
1994-10-28,9.616212844948633,1
1994-10-31,9.676689148049219,1
1994-11-01,9.918608665566309,1
1994-11-02,9.767409324745996,1
1994-11-03,9.676689148049219,1
1994-11-04,9.404535293679102,1
1994-11-07,9.49525260935293,1
1994-11-08,9.827890396218164,1
1994-11-09,9.888370514016016,1
1994-11-10,9.585970878701074,1
1994-11-11,9.49525260935293,1
1994-11-14,9.797649383644922,1
1994-11-15,9.706931114296777,1
1994-11-16,9.767409324745996,1
1994-11-17,9.706931114296777,1
1994-11-18,9.646452903847559,1
1994-11-21,9.827890396218164,0
1994-11-22,9.404535293679102,0
1994-11-23,9.797649383644922,0
1994-11-25,9.918608665566309,0
1994-11-28,9.888370514016016,0
1994-11-29,10.190764427285059,0
1994-11-30,10.16052532206045,0
1994-12-01,9.948847770790918,0
1994-12-02,10.16052532206045,0
1994-12-05,10.704839706520898,0
1994-12-06,10.583881378273828,0
1994-12-07,10.462924003701074,0
1994-12-08,10.100044250588281,0
1994-12-09,10.069805145363672,0
1994-12-12,10.16052532206045,0
1994-12-13,9.948847770790918,0
1994-12-14,10.069805145363672,0
1994-12-15,10.281485557656152,0
1994-12-16,9.85812759409414,0
1994-12-19,9.767409324745996,0
1994-12-20,9.97908878336416,0
1994-12-21,10.432682991127832,0
1994-12-22,10.190764427285059,0
1994-12-23,10.341964721779688,0
1994-12-27,10.76531982431875,0
1994-12-28,10.704839706520898,0
1994-12-29,10.959138870339258,0
1994-12-30,10.686674118141992,0
1995-01-03,10.59585189829336,0
1995-01-04,10.656401634316309,0
1995-01-05,10.505034446816309,0
1995-01-06,10.505034446816309,0
1995-01-09,10.41421127329336,0
1995-01-10,10.838044166664941,0
1995-01-11,10.928865432839258,0
1995-01-12,11.20133113871084,0
1995-01-13,10.959138870339258,0
1995-01-16,10.989415168862207,0
1995-01-17,11.231603622536523,0
1995-01-18,11.292152404885156,0
1995-01-19,11.231603622536523,0
1995-01-20,11.049960136513574,0
1995-01-23,11.11050796518789,0
1995-01-24,11.504069328408105,0
1995-01-25,11.080235481362207,0
1995-01-26,10.777497291664941,0
1995-01-27,10.989415168862207,0
1995-01-30,10.716949462990625,0
1995-01-31,10.716949462990625,0
1995-02-01,10.838044166664941,0
1995-02-02,11.049960136513574,0
1995-02-03,10.898592949013574,0
1995-02-06,10.928865432839258,0
1995-02-07,10.959138870339258,0
1995-02-08,11.594890594582422,0
1995-02-09,12.200369834999902,0
1995-02-10,12.745296478371484,0
1995-02-13,12.80584716806875,0
1995-02-14,13.320503234963281,0
1995-02-15,13.259954452614648,0
1995-02-16,13.865431785683496,0
1995-02-17,13.411324501137598,0
1995-02-21,13.592966079811914,0
1995-02-22,14.319535255532129,0
1995-02-23,14.289265632729395,0
1995-02-24,14.289265632729395,0
1995-02-27,14.289265632729395,0
1995-02-28,15.015837669472559,0
1995-03-01,15.712136268715723,0
1995-03-02,15.954329490761621,0
1995-03-03,16.46898078928457,0
1995-03-06,16.801998138527733,0
1995-03-07,17.013914108376365,0
1995-03-08,16.438713073830467,0
1995-03-09,16.31761360178457,0
1995-03-10,16.2570686341332,0
1995-03-13,16.711172103981834,0
1995-03-14,16.8322639466332,0
1995-03-15,16.953365326027733,0
1995-03-16,16.8322639466332,0
1995-03-17,16.923095703225,0
1995-03-20,17.861585617165428,0
1995-03-21,18.134042739968162,0
1995-03-22,17.982679367165428,0
1995-03-23,18.73952293405996,0
1995-03-24,18.98171806345449,0
1995-03-27,19.435823440651756,0
1995-03-28,20.52568435678945,0
1995-03-29,19.01199150095449,0
1995-03-30,18.06623840342031,0
1995-03-31,18.46030044565664,0
1995-04-03,18.8543643952416,0
1995-04-04,18.005613327126365,0
1995-04-05,18.217803955178123,0
1995-04-06,18.15717315683828,0
1995-04-07,18.490613937477928,0
1995-04-10,18.82405090342031,0
1995-04-11,18.884674072365623,0
1995-04-12,19.005929946999412,0
1995-04-13,19.399990081887108,0
1995-04-17,18.67248725901113,0
1995-04-18,18.97561454782949,0
1995-04-19,18.39967918405996,0
1995-04-20,18.42998695383535,0
1995-04-21,18.46030044565664,0
1995-04-24,19.399990081887108,0
1995-04-25,19.915302276711326,0
1995-04-26,19.854671478371483,0
1995-04-27,19.854671478371483,0
1995-04-28,20.006238937477928,0
1995-05-01,19.76373481760488,0
1995-05-02,19.612174987892967,0
1995-05-03,20.309366226296287,0
1995-05-04,20.430606842141014,0
1995-05-05,20.4609260560082,0
1995-05-08,20.18811225901113,0
1995-05-09,20.036552429299217,0
1995-05-10,19.915302276711326,0
1995-05-11,20.491237640480858,0
1995-05-12,20.97623825083242,0
1995-05-15,21.067169189553123,0
1995-05-16,21.127798080544334,0
1995-05-17,21.824989318947654,0
1995-05-18,22.673736572365623,0
1995-05-19,23.401237487892967,0
1995-05-22,23.58311080942617,0
1995-05-23,24.128736496071678,0
1995-05-24,22.794981002907615,0
1995-05-25,23.219356536965233,0
1995-05-26,22.370611190895897,0
1995-05-30,20.21002388010488,0
1995-05-31,21.666595459084373,0
1995-06-01,22.51626968393789,0
1995-06-02,23.001796722512108,0
1995-06-05,22.759029388527733,0
1995-06-06,21.909360885720115,0
1995-06-07,22.698335647683006,0
1995-06-08,23.183870315651756,0
1995-06-09,23.4266300202416,0
1995-06-12,23.183870315651756,0
1995-06-13,23.36594009409414,0
1995-06-14,23.608699798683983,0
1995-06-15,24.033540725808006,0
1995-06-16,24.276302337746483,0
1995-06-19,25.732881546120506,0
1995-06-20,28.03912544260488,0
1995-06-21,26.582546234230858,0
1995-06-22,27.67498207102285,0
1995-06-23,27.978439331154686,0
1995-06-26,27.67498207102285,0
1995-06-27,26.643241882424217,0
1995-06-28,25.975643158058983,0
1995-06-29,26.764619827370506,0
1995-06-30,26.703931808571678,0
1995-07-03,26.27909469614492,0
1995-07-05,25.55080986032949,0
1995-07-06,26.703931808571678,0
1995-07-07,27.4929141999291,0
1995-07-10,27.432222366433006,0
1995-07-11,27.068071365456444,0
1995-07-12,29.495706558327537,0
1995-07-13,29.799160003762108,0
1995-07-14,30.588138580422264,0
1995-07-17,30.77021026621328,0
1995-07-18,29.13155937204824,0
1995-07-19,27.8570556641625,0
1995-07-20,27.553600311379295,0
1995-07-21,26.825315475563865,0
1995-07-24,29.13155937204824,0
1995-07-25,29.435014724831444,0
1995-07-26,29.677780151467186,0
1995-07-27,30.588138580422264,0
1995-07-28,30.891593933205467,0
1995-07-31,30.284687042336326,0
1995-08-01,29.252943039040428,0
1995-08-02,28.03912544260488,0
1995-08-03,28.403272628884178,0
1995-08-04,27.978439331154686,0
1995-08-07,27.978439331154686,0
1995-08-08,28.70672798166738,0
1995-08-09,30.674770355324608,0
1995-08-10,30.12809371958242,0
1995-08-11,30.553289413552147,0
1995-08-14,31.828868866066795,0
1995-08-15,33.83334732065664,0
1995-08-16,35.10894012461172,0
1995-08-17,34.44078063974844,0
1995-08-18,34.56225967417227,0
1995-08-21,33.04372024546133,0
1995-08-22,35.169677734475,0
1995-08-23,35.959331512551174,0
1995-08-24,35.898601532082424,0
1995-08-25,35.351909637551174,0
1995-08-28,34.805233001808986,0
1995-08-29,34.926719665627346,0
1995-08-30,35.59488296518789,0
1995-08-31,37.35641098032461,0
1995-09-01,37.11344146738516,0
1995-09-05,39.54311752329336,0
1995-09-06,42.39800262461172,0
1995-09-07,42.58022689829336,0
1995-09-08,43.673599243264064,0
1995-09-11,45.86029815683828,0
1995-09-12,44.76694488535391,0
1995-09-13,45.25288009653555,0
1995-09-14,43.55210876474844,0
1995-09-15,41.79058074961172,0
1995-09-18,43.00542449961172,0
1995-09-19,43.73432540903555,0
1995-09-20,42.58022689829336,0
1995-09-21,41.608352661232814,0
1995-09-22,41.66909408579336,0
1995-09-25,39.84683609018789,0
1995-09-26,38.267532348732814,0
1995-09-27,38.146053314308986,0
1995-09-28,40.15054321299063,0
1995-09-29,38.57125473032461,0
1995-10-02,37.477901458840236,0
1995-10-03,36.68823623667227,0
1995-10-04,34.56225967417227,0
1995-10-05,36.20230102549063,0
1995-10-06,34.319297790627346,0
1995-10-09,31.585899353127342,0
1995-10-10,32.86148452768789,0
1995-10-11,32.922229766945705,0
1995-10-12,33.83334732065664,0
1995-10-13,32.13257598886953,0
1995-10-16,32.557781219582424,0
1995-10-17,35.23043441782461,0
1995-10-18,35.351909637551174,0
1995-10-19,35.41265869150625,0
1995-10-20,33.711875915627346,0
1995-10-23,35.777114868264064,0
1995-10-24,34.62300491343008,0
1995-10-25,33.225948333840236,0
1995-10-26,34.137081146340236,0
1995-10-27,33.83334732065664,0
1995-10-30,35.23043441782461,0
1995-10-31,34.258560180764064,0
1995-11-01,33.04372024546133,0
1995-11-02,32.800743103127346,0
1995-11-03,33.16519927988516,0
1995-11-06,31.342933654885154,0
1995-11-07,29.70289611826406,0
1995-11-08,30.152755737404686,0
1995-11-09,31.611766815285545,0
1995-11-10,31.429386139016014,0
1995-11-13,29.970380783181053,0
1995-11-14,27.660291671852928,1
1995-11-15,27.660291671852928,1
1995-11-16,26.869993209938865,1
1995-11-17,26.80920600901113,1
1995-11-20,24.255950927834373,1
1995-11-21,24.62070083628164,1
1995-11-22,23.222486496071678,1
1995-11-24,24.012779235939842,1
1995-11-27,23.648029327492576,1
1995-11-28,26.68762397776113,1
1995-11-29,26.68762397776113,1
1995-11-30,26.3836612702416,1
1995-12-01,25.228622436623436,1
1995-12-04,25.10703086863027,1
1995-12-05,25.167829513649803,1
1995-12-06,25.167829513649803,1
1995-12-07,25.228622436623436,1
1995-12-08,26.626827240090233,1
1995-12-11,26.626827240090233,1
1995-12-12,25.8365364075707,1
1995-12-13,26.079708099465233,1
1995-12-14,24.316741943459373,1
1995-12-15,21.824275970558983,1
1995-12-18,21.033981323342186,1
1995-12-19,22.18902778635488,1
1995-12-20,21.033981323342186,1
1995-12-21,20.912391662697654,1
1995-12-22,21.094770431618553,1
1995-12-26,20.93652534494863,1
1995-12-27,20.327911377053123,1
1995-12-28,19.597566604714256,1
1995-12-29,19.293256759743553,1
1996-01-02,20.206188202004295,1
1996-01-03,19.171535492043358,1
1996-01-04,19.232391357521873,1
1996-01-05,19.049808502297264,1
1996-01-08,18.806360244850975,1
1996-01-09,17.771705627541404,1
1996-01-10,17.71084976206289,1
1996-01-11,17.467397689919334,1
1996-01-12,16.06756591806875,1
1996-01-15,15.032917022805078,1
1996-01-16,15.884981155495508,1
1996-01-17,15.702399253945215,1
1996-01-18,15.580677032570703,1
1996-01-19,15.15463924417959,1
1996-01-22,15.458952903847559,1
1996-01-23,15.580677032570703,1
1996-01-24,18.01515769968496,1
1996-01-25,17.528257370095115,1
1996-01-26,16.797916412453514,1
1996-01-29,16.371877670388084,1
1996-01-30,16.432744979958397,1
1996-01-31,16.676191330056053,1
1996-02-01,17.223949432473045,1
1996-02-02,17.528257370095115,1
1996-02-05,18.31946563730703,1
1996-02-06,20.38877487192617,1
1996-02-07,20.145320892433983,1
1996-02-08,19.41497993479238,1
1996-02-09,18.867225647072654,1
1996-02-12,18.01515769968496,1
1996-02-13,18.380329132180076,1
1996-02-14,18.01515769968496,1
1996-02-15,17.163089752297264,1
1996-02-16,17.589122772316795,1
1996-02-20,17.95429229746328,1
1996-02-21,18.07601737986074,1
1996-02-22,18.867225647072654,1
1996-02-23,18.31946563730703,1
1996-02-26,17.893424987892967,1
1996-02-27,16.371877670388084,1
1996-02-28,16.18929100046621,1
1996-02-29,15.580677032570703,1
1996-03-01,15.398089408974512,1
1996-03-04,15.398089408974512,1
1996-03-05,15.15463924417959,1
1996-03-06,14.180848121743066,1
1996-03-07,13.87653636942373,1
1996-03-08,14.546019554238184,1
1996-03-11,14.606882095436914,1
1996-03-12,14.485158920388086,1
1996-03-13,14.241710662941797,1
1996-03-14,14.180848121743066,1
1996-03-15,15.884981155495508,1
1996-03-18,16.858777999977928,1
1996-03-19,16.18929100046621,1
1996-03-20,15.763260841469629,1
1996-03-21,15.884981155495508,1
1996-03-22,15.458952903847559,1
1996-03-25,15.093777656655176,1
1996-03-26,15.093777656655176,1
1996-03-27,15.276365280251367,1
1996-03-28,15.458952903847559,1
1996-03-29,15.398089408974512,1
1996-04-01,14.972051620583398,1
1996-04-02,14.789470672707422,1
1996-04-03,15.398089408974512,1
1996-04-04,15.093777656655176,1
1996-04-08,16.432744979958397,1
1996-04-09,16.006710052590233,1
1996-04-10,15.945844650368555,1
1996-04-11,16.06756591806875,1
1996-04-12,15.82412338266836,1
1996-04-15,15.884981155495508,1
1996-04-16,16.49360656748281,1
1996-04-17,16.432744979958397,1
1996-04-18,16.676191330056053,1
1996-04-19,16.128431320290428,1
1996-04-22,16.06756591806875,1
1996-04-23,16.18929100046621,1
1996-04-24,17.64998435984121,1
1996-04-25,18.623779296975,1
1996-04-26,18.684637069802147,1
1996-04-29,17.771705627541404,1
1996-04-30,17.71084976206289,1
1996-05-01,17.83256912241445,1
1996-05-02,18.136880874733787,1
1996-05-03,18.01515769968496,1
1996-05-06,17.64998435984121,1
1996-05-07,17.06490135202871,1
1996-05-08,17.1258487702416,1
1996-05-09,16.516387939553123,1
1996-05-10,16.150709152321678,1
1996-05-13,16.699224472145897,1
1996-05-14,16.394495010475975,1
1996-05-15,16.516387939553123,1
1996-05-16,16.516387939553123,1
1996-05-17,16.150709152321678,1
1996-05-20,16.08976364145742,1
1996-05-21,15.785030365090234,1
1996-05-22,15.17557430277334,1
1996-05-23,15.053681373696191,1
1996-05-24,14.809893608193262,1
1996-05-28,15.114625930886133,1
1996-05-29,14.748950958351953,1
1996-05-30,15.845980644326074,1
1996-05-31,15.663139343361719,1
1996-06-03,15.114625930886133,1
1996-06-04,15.053681373696191,1
1996-06-05,14.870841026406152,1
1996-06-06,14.383272171120508,1
1996-06-07,15.053681373696191,1
1996-06-10,14.566112518410547,1
1996-06-11,14.748950958351953,1
1996-06-12,14.566112518410547,1
1996-06-13,14.748950958351953,1
1996-06-14,14.505165100197656,1
1996-06-17,14.383272171120508,0
1996-06-18,13.347190857033594,0
1996-06-19,13.651920318703516,0
1996-06-20,13.712865829567773,0
1996-06-21,13.469083786110742,0
1996-06-24,13.042459488015039,0
1996-06-25,12.859620094399316,0
1996-06-26,12.554890632729395,0
1996-06-27,12.372054100136621,0
1996-06-28,12.615838050942285,0
1996-07-01,12.859620094399316,0
1996-07-02,12.493945121865137,0
1996-07-03,12.372054100136621,0
1996-07-05,12.250161171059473,0
1996-07-08,11.762592315773828,0
1996-07-09,11.579753875832422,0
1996-07-10,12.006376266579492,0
1996-07-11,9.995155334572656,0
1996-07-12,10.421777725319727,0
1996-07-15,9.263803482155664,0
1996-07-16,9.263803482155664,0
1996-07-17,8.715288162331445,0
1996-07-18,9.44664192209707,0
1996-07-19,9.1419095994042,0
1996-07-22,8.898128509621484,0
1996-07-23,8.410557746987207,0
1996-07-24,8.59339714060293,0
1996-07-25,8.837181091408594,0
1996-07-26,9.507589340309961,0
1996-07-29,9.1419095994042,0
1996-07-30,9.202858924965723,0
1996-07-31,9.202858924965723,0
1996-08-01,9.385695457558496,0
1996-08-02,11.153130531411035,0
1996-08-05,10.056103706459863,0
1996-08-06,10.84840202341543,0
1996-08-07,12.615838050942285,0
1996-08-08,12.432998657326563,0
1996-08-09,12.006376266579492,0
1996-08-12,11.945429802040918,0
1996-08-13,11.45786190042959,0
1996-08-14,11.701644897560938,0
1996-08-15,11.82353687296377,0
1996-08-16,11.701644897560938,0
1996-08-19,11.335969925026758,0
1996-08-20,11.275025367836816,0
1996-08-21,11.45786190042959,0
1996-08-22,11.701644897560938,0
1996-08-23,11.518807411293848,0
1996-08-26,10.84840202341543,0
1996-08-27,10.970294952492578,0
1996-08-28,11.031238556008203,0
1996-08-29,11.092184066872461,0
1996-08-30,11.092184066872461,0
1996-09-03,10.84840202341543,0
1996-09-04,10.604615211586816,0
1996-09-05,9.995155334572656,0
1996-09-06,10.299886703591211,0
1996-09-09,10.056103706459863,0
1996-09-10,10.238941192726953,0
1996-09-11,10.482723236183984,0
1996-09-12,11.45786190042959,0
1996-09-13,11.579753875832422,0
1996-09-16,12.92056655893789,0
1996-09-17,13.042459488015039,0
1996-09-18,12.372054100136621,0
1996-09-19,13.347190857033594,0
1996-09-20,13.347190857033594,0
1996-09-23,13.651920318703516,0
1996-09-24,15.358409881691797,0
1996-09-25,15.785030365090234,0
1996-09-26,15.602194786171777,0
1996-09-27,15.17557430277334,0
1996-09-30,14.870841026406152,0
1996-10-01,14.200435638527734,0
1996-10-02,14.505165100197656,0
1996-10-03,13.956650734047754,0
1996-10-04,14.505165100197656,0
1996-10-07,15.236518859963281,0
1996-10-08,15.785030365090234,0
1996-10-09,15.967870712380273,0
1996-10-10,15.358409881691797,0
1996-10-11,15.236518859963281,0
1996-10-14,16.08976364145742,0
1996-10-15,14.93178653727041,0
1996-10-16,15.297462463478906,0
1996-10-17,15.602194786171777,0
1996-10-18,15.724085807900293,0
1996-10-21,14.992733001808984,0
1996-10-22,14.505165100197656,0
1996-10-23,14.809893608193262,0
1996-10-24,14.200435638527734,0
1996-10-25,13.773813247780664,0
1996-10-28,13.28624439249502,0
1996-10-29,12.981513977150781,0
1996-10-30,13.042459488015039,0
1996-10-31,12.189213752846582,0
1996-11-01,12.250161171059473,0
1996-11-04,13.651920318703516,0
1996-11-05,13.895705223183496,0
1996-11-06,14.688004493813379,0
1996-11-07,14.566112518410547,0
1996-11-08,14.62706184397207,0
1996-11-11,15.967870712380273,0
1996-11-12,14.992733001808984,0
1996-11-13,15.236518859963281,0
1996-11-14,15.663139343361719,0
1996-11-15,15.236518859963281,0
1996-11-18,15.236518859963281,0
1996-11-19,14.93178653727041,0
1996-11-20,15.297462463478906,0
1996-11-21,14.992733001808984,0
1996-11-22,15.845980644326074,0
1996-11-25,15.785030365090234,0
1996-11-26,15.724085807900293,0
1996-11-27,16.211660385231834,0
1996-11-29,16.150709152321678,0
1996-12-02,17.491519928078514,0
1996-12-03,16.699224472145897,0
1996-12-04,17.186794281105858,0
1996-12-05,16.516387939553123,0
1996-12-06,16.577329635720115,0
1996-12-09,17.1258487702416,0
1996-12-10,16.516387939553123,0
1996-12-11,17.552467346291404,0
1996-12-12,17.73530578623281,1
1996-12-13,17.308685302834373,1
1996-12-16,16.943010330300194,1
1996-12-17,15.724085807900293,1
1996-12-18,15.785030365090234,1
1996-12-19,15.480303764443262,1
1996-12-20,15.114625930886133,1
1996-12-23,14.748950958351953,1
1996-12-24,14.688004493813379,1
1996-12-26,15.17557430277334,1
1996-12-27,14.93178653727041,1
1996-12-30,14.505165100197656,1
1996-12-31,14.200435638527734,1
1997-01-02,14.505165100197656,1
1997-01-03,15.602194786171777,1
1997-01-06,15.114625930886133,1
1997-01-07,15.358409881691797,1
1997-01-08,15.480303764443262,1
1997-01-09,15.480303764443262,1
1997-01-10,15.541250228981836,1
1997-01-13,15.602194786171777,1
1997-01-14,16.08976364145742,1
1997-01-15,15.724085807900293,1
1997-01-16,15.663139343361719,1
1997-01-17,15.053681373696191,1
1997-01-20,15.053681373696191,1
1997-01-21,14.566112518410547,1
1997-01-22,14.688004493813379,1
1997-01-23,15.541250228981836,1
1997-01-24,15.845980644326074,1
1997-01-27,16.333549499611717,1
1997-01-28,15.967870712380273,1
1997-01-29,16.08976364145742,1
1997-01-30,17.24774360666738,1
1997-01-31,16.943010330300194,1
1997-02-03,16.821115493874412,1
1997-02-04,16.699224472145897,1
1997-02-05,15.724085807900293,1
1997-02-06,15.967870712380273,1
1997-02-07,16.516387939553123,1
1997-02-10,15.906923294167383,1
1997-02-11,15.724085807900293,1
1997-02-12,16.150709152321678,1
1997-02-13,16.211660385231834,1
1997-02-14,16.63827896128164,1
1997-02-18,17.369634628395897,1
1997-02-19,16.882062912087303,1
1997-02-20,17.00395584116445,1
1997-02-21,16.76016807566152,1
1997-02-24,17.97909355173574,1
1997-02-25,18.527606964211326,1
1997-02-26,18.64949607859121,1
1997-02-27,17.97909355173574,1
1997-02-28,18.405717849831444,1
1997-03-03,18.77139091501699,1
1997-03-04,19.441797256569725,1
1997-03-05,20.59977340708242,1
1997-03-06,19.86841583261953,1
1997-03-07,19.380851745705467,1
1997-03-10,19.807477951149803,1
1997-03-11,19.86841583261953,1
1997-03-12,20.295042038063865,1
1997-03-13,20.477882385353904,1
1997-03-14,22.062477111916404,1
1997-03-17,21.513959884743553,1
1997-03-18,19.502742767433983,1
1997-03-19,18.710445404152733,1
1997-03-20,18.89328384409414,1
1997-03-21,18.466659545998436,1
1997-03-24,19.25896072397695,1
1997-03-25,18.89328384409414,1
1997-03-26,19.92936325083242,1
1997-03-27,19.563692092995506,1
1997-03-31,19.68558311472402,1
1997-04-01,18.954227447609764,0
1997-04-02,18.832342147927147,0
1997-04-03,19.807477951149803,0
1997-04-04,19.807477951149803,0
1997-04-07,20.41693305979238,0
1997-04-08,21.14828872690664,0
1997-04-09,20.17315101633535,0
1997-04-10,19.380851745705467,0
1997-04-11,19.198009491066795,0
1997-04-14,18.832342147927147,0
1997-04-15,19.13706588755117,0
1997-04-16,18.77139091501699,0
1997-04-17,18.527606964211326,0
1997-04-18,17.491519928078514,0
1997-04-21,17.491519928078514,1
1997-04-22,17.06490135202871,0
1997-04-23,17.552467346291404,0
1997-04-24,17.186794281105858,0
1997-04-25,16.577329635720115,0
1997-04-28,16.394495010475975,0
1997-04-29,17.24774360666738,0
1997-04-30,17.186794281105858,0
1997-05-01,18.58855628977285,0
1997-05-02,18.89328384409414,0
1997-05-05,19.076120376686912,0
1997-05-06,18.77139091501699,0
1997-05-07,18.222877502541404,0
1997-05-08,18.222877502541404,1
1997-05-09,18.466659545998436,1
1997-05-12,17.796257019142967,1
1997-05-13,16.882062912087303,1
1997-05-14,17.613414764504295,1
1997-05-15,17.613414764504295,1
1997-05-16,17.369634628395897,1
1997-05-19,17.06490135202871,1
1997-05-20,17.91814613352285,0
1997-05-21,17.73530578623281,1
1997-05-22,17.857200622658592,1
1997-05-23,18.64949607859121,1
1997-05-27,20.782609939675194,1
1997-05-28,21.02639579782949,1
1997-05-29,20.782609939675194,1
1997-05-30,20.59977340708242,1
1997-06-02,21.39207649240957,1
1997-06-03,19.746526718239647,1
1997-06-04,19.62463569651113,1
1997-06-05,20.05125617990957,1
1997-06-06,20.295042038063865,1
1997-06-09,20.84355545053945,1
1997-06-10,19.99031066904531,1
1997-06-11,19.502742767433983,1
1997-06-12,19.380851745705467,1
1997-06-13,19.86841583261953,1
1997-06-16,20.721662521462303,1
1997-06-17,20.295042038063865,1
1997-06-18,19.746526718239647,1
1997-06-19,19.62463569651113,1
1997-06-20,19.807477951149803,1
1997-06-23,19.441797256569725,1
1997-06-24,19.9598388672875,1
1997-06-25,20.782609939675194,1
1997-06-26,20.23410415659414,1
1997-06-27,19.502742767433983,0
1997-06-30,19.502742767433983,0
1997-07-01,19.68558311472402,1
1997-07-02,19.746526718239647,1
1997-07-03,19.533216476540428,1
1997-07-07,20.32551574717031,1
1997-07-08,20.995922088723045,1
1997-07-09,20.81308555613027,1
1997-07-10,20.84355545053945,1
1997-07-11,22.001531601052147,1
1997-07-14,22.671939849953514,1
1997-07-15,23.70802307138906,1
1997-07-16,23.647073745827537,1
1997-07-17,22.9766731263207,1
1997-07-18,22.885251999001365,1
1997-07-21,22.001531601052147,1
1997-07-22,22.671939849953514,1
1997-07-23,22.580518722634178,1
1997-07-24,22.245311737160545,1
1997-07-25,21.879638671975,1
1997-07-28,22.032007217507225,1
1997-07-29,21.940589904885154,1
1997-07-30,22.336736679177147,1
1997-07-31,23.647073745827537,1
1997-08-01,24.683162689308983,1
1997-08-04,25.1402587891625,1
1997-08-05,27.425731659035545,1
1997-08-06,27.9742431641625,1
1997-08-07,28.461816787819725,1
1997-08-08,27.669519424538475,1
1997-08-11,26.877220153908592,1
1997-08-12,24.439374923806053,1
1997-08-13,20.782609939675194,1
1997-08-14,21.879638671975,1
1997-08-15,20.782609939675194,0
1997-08-18,21.696804046730858,1
1997-08-19,22.55005073557363,1
1997-08-20,22.9766731263207,0
1997-08-21,22.367204666237694,0
1997-08-22,22.001531601052147,0
1997-08-25,22.336736679177147,0
1997-08-26,22.30626106272207,0
1997-08-27,22.428152084450584,0
1997-08-28,22.09295082102285,0
1997-08-29,21.696804046730858,0
1997-09-02,22.09295082102285,0
1997-09-03,21.788217544655662,0
1997-09-04,21.331129074196678,0
1997-09-05,20.26457405100332,1
1997-09-08,20.965446472267967,1
1997-09-09,20.84355545053945,1
1997-09-10,20.355987548928123,1
1997-09-11,19.99031066904531,1
1997-09-12,20.26457405100332,1
1997-09-15,19.716054916481834,1
1997-09-16,19.92936325083242,1
1997-09-17,19.076120376686912,1
1997-09-18,19.01517868051992,1
1997-09-19,18.222877502541404,1
1997-09-22,19.746526718239647,1
1997-09-23,18.070508957009178,1
1997-09-24,16.912534713845115,1
1997-09-25,17.09537124643789,1
1997-09-26,16.821115493874412,1
1997-09-29,17.00395584116445,1
1997-09-30,16.912534713845115,1
1997-10-01,16.577329635720115,1
1997-10-02,16.5468635560082,1
1997-10-03,16.5468635560082,1
1997-10-06,17.06490135202871,1
1997-10-07,17.796257019142967,1
1997-10-08,18.131460189919334,1
1997-10-09,18.344764709572654,1
1997-10-10,18.466659545998436,1
1997-10-13,18.8018684388207,1
1997-10-14,18.283819198708397,1
1997-10-15,17.857200622658592,1
1997-10-16,17.1258487702416,1
1997-10-17,16.333549499611717,1
1997-10-20,16.181179046730858,1
1997-10-21,16.211660385231834,1
1997-10-22,15.906923294167383,1
1997-10-23,15.480303764443262,1
1997-10-24,14.688004493813379,1
1997-10-27,12.981513977150781,1
1997-10-28,14.07854175577627,1
1997-10-29,13.28624439249502,1
1997-10-30,12.311104774575098,1
1997-10-31,13.103407859902246,1
1997-11-03,13.590971946816309,1
1997-11-04,13.651920318703516,1
1997-11-05,13.712865829567773,1
1997-11-06,13.225298881630762,1
1997-11-07,12.981513977150781,1
1997-11-10,12.493945121865137,1
1997-11-11,12.097794532875879,1
1997-11-12,11.640700340370996,1
1997-11-13,11.335969925026758,1
1997-11-14,11.275025367836816,1
1997-11-17,12.372054100136621,1
1997-11-18,11.82353687296377,1
1997-11-19,11.488336563210352,1
1997-11-20,12.67678451548086,1
1997-11-21,12.768202781777246,1
1997-11-24,12.280634880165918,1
1997-11-25,12.554890632729395,1
1997-11-26,12.280634880165918,1
1997-11-28,12.128266334633691,1
1997-12-01,13.255769729714258,1
1997-12-02,12.707258224587305,1
1997-12-03,12.493945121865137,1
1997-12-04,12.158740997414453,1
1997-12-05,12.554890632729395,1
1997-12-08,12.859620094399316,1
1997-12-09,12.493945121865137,1
1997-12-10,11.762592315773828,1
1997-12-11,11.214076042275293,1
1997-12-12,10.970294952492578,1
1997-12-15,10.970294952492578,1
1997-12-16,11.488336563210352,1
1997-12-17,12.0673246384667,1
1997-12-18,11.701644897560938,1
1997-12-19,13.255769729714258,1
1997-12-22,12.798674583535059,1
1997-12-23,12.524415016274316,1
1997-12-24,12.341581344704492,1
1997-12-26,12.219687461953027,1
1997-12-29,12.311104774575098,1
1997-12-30,12.463468551735742,1
1997-12-31,12.646309852700098,1
1998-01-02,13.590971946816309,1
1998-01-05,13.590971946816309,1
1998-01-06,13.103407859902246,1
1998-01-07,12.92056655893789,1
1998-01-08,13.834759712319238,1
1998-01-09,13.408136367897852,1
1998-01-12,13.956650734047754,1
1998-01-13,15.602194786171777,1
1998-01-14,15.17557430277334,1
1998-01-15,15.388883590798242,1
1998-01-16,13.956650734047754,1
1998-01-20,14.65753173838125,1
1998-01-21,15.663139343361719,1
1998-01-22,15.93740177164541,1
1998-01-23,15.632665634255273,1
1998-01-26,15.17557430277334,1
1998-01-27,15.785030365090234,1
1998-01-28,16.882062912087303,1
1998-01-29,16.485910415749412,1
1998-01-30,16.851589202980858,1
1998-02-02,17.186794281105858,1
1998-02-03,18.436183929543358,1
1998-02-04,18.527606964211326,1
1998-02-05,17.00395584116445,1
1998-02-06,17.582937240700584,1
1998-02-09,17.491519928078514,1
1998-02-10,18.040037155251365,1
1998-02-11,18.222877502541404,1
1998-02-12,17.40010643015371,1
1998-02-13,17.09537124643789,1
1998-02-17,16.424966812233787,1
1998-02-18,17.06490135202871,1
1998-02-19,16.5468635560082,1
1998-02-20,16.577329635720115,1
1998-02-23,16.455440521340233,1
1998-02-24,15.785030365090234,1
1998-02-25,16.943010330300194,1
1998-02-26,17.09537124643789,1
1998-02-27,16.181179046730858,1
1998-03-02,16.76016807566152,1
1998-03-03,16.394495010475975,1
1998-03-04,16.08976364145742,1
1998-03-05,16.851589202980858,1
1998-03-06,17.034427642922264,1
1998-03-09,16.516387939553123,1
1998-03-10,16.577329635720115,1
1998-03-11,16.577329635720115,1
1998-03-12,16.729698181252342,1
1998-03-13,16.08976364145742,1
1998-03-16,16.455440521340233,1
1998-03-17,15.602194786171777,1
1998-03-18,15.449830055336816,1
1998-03-19,15.602194786171777,1
1998-03-20,14.870841026406152,1
1998-03-23,14.65753173838125,1
1998-03-24,13.98712158213125,1
1998-03-25,14.352801323037012,1
1998-03-26,14.200435638527734,1
1998-03-27,14.13948917398916,1
1998-03-30,13.895705223183496,1
1998-03-31,14.169960022072656,1
1998-04-01,15.602194786171777,1
1998-04-02,15.266992569069727,1
1998-04-03,15.358409881691797,1
1998-04-06,14.77942180643545,1
1998-04-07,13.865232467751367,1
1998-04-08,13.651920318703516,1
1998-04-09,13.530030250649316,1
1998-04-13,13.712865829567773,1
1998-04-14,14.566112518410547,1
1998-04-15,14.809893608193262,1
1998-04-16,13.926179885964258,1
1998-04-17,13.773813247780664,1
1998-04-20,14.383272171120508,1
1998-04-21,14.383272171120508,1
1998-04-22,15.480303764443262,1
1998-04-23,14.93178653727041,1
1998-04-24,15.327936172585352,1
1998-04-27,14.535638809304102,1
1998-04-28,14.748950958351953,1
1998-04-29,14.809893608193262,1
1998-04-30,15.145098686318262,1
1998-05-01,15.236518859963281,1
1998-05-04,15.510774612526758,1
1998-05-05,15.602194786171777,1
1998-05-06,15.358409881691797,1
1998-05-07,15.114625930886133,1
1998-05-08,15.602194786171777,1
1998-05-11,15.053681373696191,1
1998-05-12,14.65753173838125,1
1998-05-13,14.383272171120508,1
1998-05-14,13.926179885964258,1
1998-05-15,12.859620094399316,1
1998-05-18,13.164352417092188,1
1998-05-19,12.92056655893789,1
1998-05-20,12.951041221718652,1
1998-05-21,12.554890632729395,1
1998-05-22,12.463468551735742,1
1998-05-26,12.463468551735742,1
1998-05-27,12.0673246384667,1
1998-05-28,11.610225677590234,1
1998-05-29,11.488336563210352,1
1998-06-01,10.970294952492578,1
1998-06-02,10.909348487954004,1
1998-06-03,10.970294952492578,1
1998-06-04,11.579753875832422,1
1998-06-05,11.732117652993066,1
1998-06-08,12.0673246384667,1
1998-06-09,12.615838050942285,1
1998-06-10,11.488336563210352,1
1998-06-11,11.000765800576074,1
1998-06-12,10.330358505349023,1
1998-06-15,9.812317848305566,1
1998-06-16,10.970294952492578,1
1998-06-17,10.482723236183984,1
1998-06-18,10.817928314308984,1
1998-06-19,11.396917343239648,1
1998-06-22,11.640700340370996,1
1998-06-23,11.914957046608789,1
1998-06-24,12.554890632729395,1
1998-06-25,12.189213752846582,1
1998-06-26,12.615838050942285,1
1998-06-29,12.493945121865137,1
1998-06-30,12.097794532875879,1
1998-07-01,12.67678451548086,1
1998-07-02,12.646309852700098,1
1998-07-06,12.737730026345117,1
1998-07-07,13.042459488015039,1
1998-07-08,13.28624439249502,1
1998-07-09,13.895705223183496,1
1998-07-10,14.230908393959863,1
1998-07-13,14.383272171120508,1
1998-07-14,13.865232467751367,1
1998-07-15,14.992733001808984,1
1998-07-16,14.444218635659082,1
1998-07-17,14.505165100197656,1
1998-07-20,13.773813247780664,1
1998-07-21,13.590971946816309,1
1998-07-22,13.164352417092188,1
1998-07-23,13.225298881630762,1
1998-07-24,13.194823265175684,1
1998-07-27,14.291853904824121,1
1998-07-28,14.535638809304102,1
1998-07-29,14.748950958351953,1
1998-07-30,15.206047058205469,1
1998-07-31,16.24212646494375,1
1998-08-03,16.699224472145897,1
1998-08-04,15.845980644326074,1
1998-08-05,16.790645599465233,1
1998-08-06,17.06490135202871,1
1998-08-07,16.699224472145897,1
1998-08-10,16.150709152321678,1
1998-08-11,14.962261200051172,1
1998-08-12,16.181179046730858,1
1998-08-13,15.663139343361719,1
1998-08-14,16.181179046730858,1
1998-08-17,17.186794281105858,1
1998-08-18,16.943010330300194,1
1998-08-19,16.729698181252342,1
1998-08-20,15.724085807900293,1
1998-08-21,14.596583366494043,1
1998-08-24,14.65753173838125,1
1998-08-25,14.65753173838125,1
1998-08-26,14.322328567604883,1
1998-08-27,12.768202781777246,1
1998-08-28,11.884482383828027,1
1998-08-31,11.092184066872461,1
1998-09-01,11.518807411293848,1
1998-09-02,11.671173095803125,1
1998-09-03,12.128266334633691,1
1998-09-04,12.219687461953027,1
1998-09-08,13.103407859902246,1
1998-09-09,13.225298881630762,1
1998-09-10,13.28624439249502,1
1998-09-11,13.560501098732813,1
1998-09-14,13.164352417092188,1
1998-09-15,13.37766170511709,1
1998-09-16,13.408136367897852,1
1998-09-17,13.834759712319238,1
1998-09-18,14.566112518410547,1
1998-09-21,15.602194786171777,1
1998-09-22,14.474692344765527,1
1998-09-23,15.541250228981836,1
1998-09-24,15.114625930886133,1
1998-09-25,16.577329635720115,1
1998-09-28,16.516387939553123,1
1998-09-29,15.419356346230371,1
1998-09-30,14.840368270974023,1
1998-10-01,13.133878707985742,1
1998-10-02,13.651920318703516,1
1998-10-05,13.499557495217188,1
1998-10-06,13.560501098732813,1
1998-10-07,12.250161171059473,1
1998-10-08,12.981513977150781,1
1998-10-09,13.80428695688711,1
1998-10-12,14.169960022072656,1
1998-10-13,14.13948917398916,1
1998-10-14,15.236518859963281,1
1998-10-15,15.480303764443262,1
1998-10-16,15.602194786171777,1
1998-10-19,16.211660385231834,1
1998-10-20,16.272602081398826,1
1998-10-21,16.577329635720115,1
1998-10-22,16.912534713845115,1
1998-10-23,16.97348403940664,1
1998-10-26,16.821115493874412,1
1998-10-27,16.272602081398826,1
1998-10-28,17.40010643015371,1
1998-10-29,19.47227096567617,1
1998-10-30,18.527606964211326,1
1998-11-02,19.47227096567617,1
1998-11-03,19.594160080056053,1
1998-11-04,21.331129074196678,1
1998-11-05,20.904499054055076,1
1998-11-06,20.965446472267967,1
1998-11-09,21.57490539560781,1
1998-11-10,21.57490539560781,1
1998-11-11,23.220451355080467,1
1998-11-12,23.06809043894277,1
1998-11-13,21.696804046730858,1
1998-11-16,20.81308555613027,1
1998-11-17,20.93497848520742,1
1998-11-18,21.27018356333242,1
1998-11-19,21.02639579782949,1
1998-11-20,20.965446472267967,1
1998-11-23,23.09856033335195,1
1998-11-24,21.39207649240957,1
1998-11-25,21.849166870217186,1
1998-11-27,21.60538291941152,1
1998-11-30,20.142679214577537,1
1998-12-01,21.666334152321678,1
1998-12-02,22.30626106272207,1
1998-12-03,22.610992431740623,1
1998-12-04,24.439374923806053,1
1998-12-07,24.98789024363027,1
1998-12-08,25.780189514260154,1
1998-12-09,24.774581909279686,1
1998-12-10,23.403289795021873,1
1998-12-11,23.403289795021873,1
1998-12-14,23.28140068064199,1
1998-12-15,23.06809043894277,1
1998-12-16,22.854774475197654,1
1998-12-17,25.780189514260154,1
1998-12-18,25.780189514260154,1
1998-12-21,26.694381713967186,1
1998-12-22,25.597349166970115,1
1998-12-23,26.328704834084373,1
1998-12-24,25.475460052590233,1
1998-12-28,25.475460052590233,1
1998-12-29,24.98789024363027,1
1998-12-30,24.98789024363027,1
1998-12-31,24.65268516550527,1
1999-01-04,24.347957611183983,1
1999-01-05,26.328704834084373,1
1999-01-06,29.0712776185082,1
1999-01-07,30.716819763283592,1
1999-01-08,31.021549224953514,1
1999-01-11,32.788990020851955,1
1999-01-12,34.251697540383205,1
1999-01-13,34.800212860207424,1
1999-01-14,33.825069427590236,1
1999-01-15,34.76972579966055,1
1999-01-19,35.59251403818594,1
1999-01-20,35.59251403818594,1
1999-01-21,34.03838348398672,1
1999-01-22,34.37358856211172,1
1999-01-25,33.64223098764883,1
1999-01-26,35.04399108896719,1
1999-01-27,34.86115264902578,1
1999-01-28,36.689529419045314,1
1999-01-29,38.030357360939846,1
1999-02-01,36.75048065195547,1
1999-02-02,35.409664154152736,1
1999-02-03,38.76170349131094,1
1999-02-04,36.87236785898672,1
1999-02-05,34.251697540383205,1
1999-02-08,35.531551361183986,1
1999-02-09,32.08810806284414,1
1999-02-10,32.179527282814846,1
1999-02-11,33.550804138283596,1
1999-02-12,31.448171615700584,1
1999-02-16,31.63101768503652,1
1999-02-17,29.833101272683006,1
1999-02-18,30.442564010720115,1
1999-02-19,31.265331268410545,1
1999-02-22,33.21560668955313,1
1999-02-23,34.28216552744375,1
1999-02-24,35.104934692482814,1
1999-02-25,32.575672149758205,1
1999-02-26,28.096139907936912,1
1999-03-01,28.035194397072654,1
1999-03-02,26.45059776316152,1
1999-03-03,25.65829849253164,1
1999-03-04,25.84113311777578,1
1999-03-05,29.22364044199453,1
1999-03-08,27.30384063730703,1
1999-03-09,26.877220153908592,1
1999-03-10,26.694381713967186,1
1999-03-11,26.328704834084373,1
1999-03-12,24.561269760231834,1
1999-03-15,23.890859603981834,1
1999-03-16,24.896469116310936,1
1999-03-17,25.871606826882225,1
1999-03-18,25.384038925270897,1
1999-03-19,24.622209549050194,1
1999-03-22,25.84113311777578,1
1999-03-23,24.683162689308983,1
1999-03-24,25.353569030861717,1
1999-03-25,23.129037857155662,1
1999-03-26,22.9766731263207,1
1999-03-29,23.06809043894277,1
1999-03-30,22.09295082102285,1
1999-03-31,23.494709014992576,1
1999-04-01,24.043224334816795,1
1999-04-05,25.109781265358787,1
1999-04-06,26.20681571970449,1
1999-04-07,24.195589065651756,1
1999-04-08,22.9766731263207,1
1999-04-09,23.34234619150625,1
1999-04-12,21.818696975808006,1
1999-04-13,21.27018356333242,1
1999-04-14,21.75774574289785,1
1999-04-15,22.76335334787832,1
1999-04-16,22.123426437477928,1
1999-04-19,21.453016281227928,1
1999-04-20,21.57490539560781,1
1999-04-21,20.23410415659414,1
1999-04-22,18.00956344614492,1
1999-04-23,18.466659545998436,1
1999-04-26,17.613414764504295,1
1999-04-27,17.43057632456289,1
1999-04-28,18.710445404152733,1
1999-04-29,18.222877502541404,1
1999-04-30,18.161930084328514,1
1999-05-03,18.527606964211326,1
1999-05-04,18.61902618418203,1
1999-05-05,20.05125617990957,1
1999-05-06,18.740915298561912,1
1999-05-07,19.045644760231834,1
1999-05-10,19.594160080056053,1
1999-05-11,19.16753578196035,1
1999-05-12,19.594160080056053,1
1999-05-13,18.314294815163475,1
1999-05-14,18.00956344614492,1
1999-05-17,18.253349304299217,1
1999-05-18,18.527606964211326,1
1999-05-19,19.076120376686912,1
1999-05-20,18.527606964211326,1
1999-05-21,18.19240379343496,1
1999-05-24,17.643890380959373,1
1999-05-25,16.821115493874412,1
1999-05-26,17.369634628395897,1
1999-05-27,18.89328384409414,1
1999-05-28,18.466659545998436,1
1999-06-01,17.73530578623281,1
1999-06-02,18.89328384409414,1
1999-06-03,18.314294815163475,1
1999-06-04,18.55807876596914,1
1999-06-07,19.502742767433983,1
1999-06-08,19.106592178444725,1
1999-06-09,21.02639579782949,1
1999-06-10,22.428152084450584,1
1999-06-11,21.20923042307363,1
1999-06-14,20.87403106699453,1
1999-06-15,21.087339401345115,1
1999-06-16,22.671939849953514,1
1999-06-17,22.001531601052147,1
1999-06-18,21.940589904885154,1
1999-06-21,22.915723800759178,1
1999-06-22,22.062477111916404,1
1999-06-23,21.42254829416738,1
1999-06-24,19.198009491066795,1
1999-06-25,19.16753578196035,1
1999-06-28,18.64949607859121,1
1999-06-29,19.01517868051992,1
1999-06-30,19.746526718239647,1
1999-07-01,21.02639579782949,1
1999-07-02,20.630245208840233,1
1999-07-06,21.940589904885154,1
1999-07-07,21.57490539560781,1
1999-07-08,23.5556583405541,1
1999-07-09,24.683162689308983,1
1999-07-12,24.957414627175194,1
1999-07-13,26.420122146706444,1
1999-07-14,27.608573913674217,1
1999-07-15,26.968633651833397,1
1999-07-16,25.65829849253164,1
1999-07-19,25.53640556345449,1
1999-07-20,24.073696136574608,1
1999-07-21,25.566879272560936,1
1999-07-22,24.683162689308983,1
1999-07-23,24.926937103371483,1
1999-07-26,25.353569030861717,1
1999-07-27,28.218036651711326,1
1999-07-28,30.10736274729238,1
1999-07-29,29.376008987526756,1
1999-07-30,30.046413421730858,1
1999-08-02,29.86357307444082,1
1999-08-03,29.924522400002342,1
1999-08-04,29.376008987526756,1
1999-08-05,29.924522400002342,1
1999-08-06,32.11857604990469,1
1999-08-09,33.0632438660668,1
1999-08-10,31.752899170021873,1
1999-08-11,33.42892074594961,1
1999-08-12,30.777767181496483,1
1999-08-13,31.234859466652733,1
1999-08-16,29.52836990366445,1
1999-08-17,28.157083511452537,1
1999-08-18,29.25412368784414,1
1999-08-19,30.16830825815664,1
1999-08-20,31.722423553566795,1
1999-08-23,31.204389572243553,1
1999-08-24,33.61176300058828,1
1999-08-25,33.88602066050039,1
1999-08-26,34.00791168222891,1
1999-08-27,33.58129119883047,1
1999-08-30,33.76412582407461,1
1999-08-31,36.50669860849844,1
1999-09-01,35.409664154152736,1
1999-09-02,36.689529419045314,1
1999-09-03,39.06643295298086,1
1999-09-07,38.82265090952383,1
1999-09-08,36.81143569956289,1
1999-09-09,36.87236785898672,1
1999-09-10,36.384807586769924,1
1999-09-13,36.93331909189688,1
1999-09-14,39.919677734475,1
1999-09-15,37.42089080820547,1
1999-09-16,37.78656768808828,1
1999-09-17,36.87236785898672,1
1999-09-20,39.00548553476797,1
1999-09-21,38.091289520363674,1
1999-09-22,40.681507110695705,1
1999-09-23,38.45697402964102,1
1999-09-24,39.12738418589102,1
1999-09-27,38.944541931252346,1
1999-09-28,37.298992157082424,1
1999-09-29,35.104934692482814,1
1999-09-30,32.423320770363674,1
1999-10-01,34.86115264902578,1
1999-10-04,37.238052368264064,1
1999-10-05,38.82265090952383,1
1999-10-06,37.42089080820547,1
1999-10-07,33.94696807871328,1
1999-10-08,33.67269897470938,1
1999-10-11,34.312637329201564,1
1999-10-12,31.722423553566795,1
1999-10-13,32.75851440439688,1
1999-10-14,33.21560668955313,1
1999-10-15,34.61737060556875,1
1999-10-18,33.27655792246328,1
1999-10-19,30.47303771982656,1
1999-10-20,31.265331268410545,1
1999-10-21,32.30141830454336,1
1999-10-22,31.021549224953514,1
1999-10-25,30.16830825815664,1
1999-10-26,30.29019737253652,1
1999-10-27,30.10736274729238,1
1999-10-28,32.97182083139883,1
1999-10-29,34.76972579966055,1
1999-11-01,35.409664154152736,1
1999-11-02,36.689529419045314,1
1999-11-03,36.53717041025625,1
1999-11-04,37.05521392832266,1
1999-11-05,37.48183059702383,1
1999-11-08,38.24365997324453,1
1999-11-09,37.359947204689846,1
1999-11-10,37.93893432627188,1
1999-11-11,36.81143569956289,1
1999-11-12,35.836292266945705,1
1999-11-15,33.825069427590236,1
1999-11-16,33.33749771128164,1
1999-11-17,31.112974166970115,1
1999-11-18,34.312637329201564,1
1999-11-19,34.129802703957424,1
1999-11-22,33.154659271340236,1
1999-11-23,32.94135665903555,1
1999-11-24,33.124187469582424,1
1999-11-26,34.09933471689688,1
1999-11-29,32.63662719736563,1
1999-11-30,32.697566986183986,1
1999-12-01,31.752899170021873,1
1999-12-02,31.204389572243553,1
1999-12-03,33.154659271340236,1
1999-12-06,33.535564422707424,1
1999-12-07,32.63662719736563,1
1999-12-08,33.124187469582424,1
1999-12-09,30.96060752878652,1
1999-12-10,29.376008987526756,1
1999-12-13,30.419704437355858,1
1999-12-14,30.412094116310936,1
1999-12-15,32.179527282814846,1
1999-12-16,35.59251403818594,1
1999-12-17,34.86115264902578,1
1999-12-20,36.9942626954125,1
1999-12-21,39.4930534363793,1
1999-12-22,37.05521392832266,1
1999-12-23,36.384807586769924,1
1999-12-27,38.02273559580313,0
1999-12-28,38.06081771860586,0
1999-12-29,37.359947204689846,0
1999-12-30,38.335071563820705,0
1999-12-31,38.091289520363674,0
2000-01-03,37.02474594126211,0
2000-01-04,35.59251403818594,1
2000-01-05,35.47061157236563,1
2000-01-06,36.080074310402736,1
2000-01-07,34.37358856211172,1
2000-01-10,36.262920379738674,1
2000-01-11,35.28778076181875,1
2000-01-12,36.080074310402736,1
2000-01-13,37.96939468393789,1
2000-01-14,35.71440124521719,1
2000-01-18,35.86677169809805,1
2000-01-19,35.165874481301174,1
2000-01-20,34.00791168222891,1
2000-01-21,32.728042602639064,1
2000-01-24,33.88602066050039,1
2000-01-25,32.11857604990469,1
2000-01-26,30.9910774231957,1
2000-01-27,31.570060730080467,1
2000-01-28,29.01033020029531,1
2000-01-31,30.3206729889916,1
2000-02-01,30.96060752878652,1
2000-02-02,32.11857604990469,1
2000-02-03,33.154659271340236,1
2000-02-04,32.84993362436758,1
2000-02-07,36.080074310402736,1
2000-02-08,37.08568573008047,1
2000-02-09,35.71440124521719,1
2000-02-10,35.28778076181875,1
2000-02-11,34.67831420908438,1
2000-02-14,33.03277587900625,1
2000-02-15,33.64223098764883,1
2000-02-16,32.27094650278555,1
2000-02-17,31.813846588234764,1
2000-02-18,30.777767181496483,0
2000-02-22,31.448171615700584,0
2000-02-23,32.66709899912344,0
2000-02-24,34.19074249277578,0
2000-02-25,35.89723587046133,0
2000-02-28,38.06081771860586,0
2000-02-29,46.80657958994375,0
2000-03-01,49.610103607277736,-1
2000-03-02,47.53792953501211,-1
2000-03-03,45.587669372658596,0
2000-03-06,46.80657958994375,0
2000-03-07,51.194698333840236,0
2000-03-08,49.24441909800039,0
2000-03-09,53.63254547129141,0
2000-03-10,51.8651123047875,0
2000-03-13,57.53308868418203,0
2000-03-14,54.363887786965236,0
2000-03-15,55.09525299082266,0
2000-03-16,55.2780876160668,1
2000-03-17,62.83539962778555,1
2000-03-20,66.1264877320336,1
2000-03-21,58.14255523691641,1
2000-03-22,68.74717712412344,1
2000-03-23,65.638916015725,1
2000-03-24,65.69986724863516,1
2000-03-27,68.01582336435781,1
2000-03-28,66.55311584482656,1
2000-03-29,65.57798004160391,1
2000-03-30,58.995803833107814,1
2000-03-31,61.43363952646719,1
2000-04-03,58.50824737558828,1
2000-04-04,55.97896957407461,1
2000-04-05,63.871482849221096,1
2000-04-06,63.810535431008205,1
2000-04-07,62.59162139902578,1
2000-04-10,59.30052948008047,1
2000-04-11,56.8626823426293,1
2000-04-12,54.05916213999258,1
2000-04-13,51.92605590830313,1
2000-04-14,46.837051391701564,1
2000-04-17,55.582820892433986,1
2000-04-18,61.677425384621486,1
2000-04-19,57.04552459726797,1
2000-04-20,61.06797027597891,1
2000-04-24,60.15377426157461,1
2000-04-25,63.322978973488674,1
2000-04-26,62.77444458017813,1
2000-04-27,65.82176208506094,1
2000-04-28,67.92441558847891,1
2000-05-01,64.23715209970938,1
2000-05-02,61.18984985361563,1
2000-05-03,60.76322937021719,1
2000-05-04,60.21472549448477,1
2000-05-05,58.995803833107814,1
2000-05-08,56.923633575539455,1
2000-05-09,54.05916213999258,1
2000-05-10,51.682266235451564,1
2000-05-11,56.984580993752346,1
2000-05-12,59.23957443247305,1
2000-05-15,61.55553436289297,1
2000-05-16,63.01824188242422,1
2000-05-17,63.871482849221096,1
2000-05-18,63.14012146006094,1
2000-05-19,59.05673980722891,1
2000-05-22,59.1176872254418,1
2000-05-23,56.923633575539455,1
2000-05-24,58.81295776377188,1
2000-05-25,63.01824188242422,1
2000-05-26,63.01824188242422,1
2000-05-30,67.0406723023461,1
2000-05-31,68.19866943369375,1
2000-06-01,71.67258453379141,1
2000-06-02,77.27960205088125,1
2000-06-05,79.16896057138906,1
2000-06-06,75.14652252207266,1
2000-06-07,74.84178161631094,1
2000-06-08,78.7423324585961,1
2000-06-09,78.01097106943594,1
2000-06-12,77.52340698252188,1
2000-06-13,80.44882965097891,1
2000-06-14,78.37664031992422,1
2000-06-15,76.06071472177969,1
2000-06-16,75.45122528086172,1
2000-06-19,79.47366333017813,1
2000-06-20,87.64044189463125,1
2000-06-21,88.49370574961172,1
2000-06-22,84.71503448496328,1
2000-06-23,86.29962158213125,1
2000-06-26,86.97003936777578,1
2000-06-27,87.76235961924063,1
2000-06-28,85.38546752939688,1
2000-06-29,88.55464172373281,1
2000-06-30,85.87301635752188,1
2000-07-03,88.0061264039086,1
2000-07-05,81.66773223886953,1
2000-07-06,84.34935760508047,1
2000-07-07,87.27478790293203,1
2000-07-10,88.73747253427969,1
2000-07-11,88.73747253427969,1
2000-07-12,91.66289520273672,1
2000-07-13,89.71260833750235,0
2000-07-14,94.16168212900625,0
2000-07-17,92.75992584238516,0
2000-07-18,90.68775939951406,0
2000-07-19,86.05583953867422,1
2000-07-20,85.9339599610375,0
2000-07-21,80.44882965097891,0
2000-07-24,82.88665008554922,0
2000-07-25,84.59315490732656,0
2000-07-26,80.44882965097891,0
2000-07-27,74.84178161631094,0
2000-07-28,76.97489166269766,0
2000-07-31,79.47366333017813,0
2000-08-01,77.09677886972891,0
2000-08-02,78.3156967164086,0
2000-08-03,75.63407897959219,0
2000-08-04,71.3069076539086,0
2000-08-07,74.23231506357656,0
2000-08-08,74.96366119394766,0
2000-08-09,79.71745300302969,0
2000-08-10,73.1352767945336,0
2000-08-11,73.74473571787344,0
2000-08-14,78.49854278574453,-1
2000-08-15,84.34935760508047,-1
2000-08-16,85.08073425302969,-1
2000-08-17,87.64044189463125,0
2000-08-18,86.90911865244375,0
2000-08-21,86.29962158213125,0
2000-08-22,85.81206512461172,0
2000-08-23,88.49370574961172,0
2000-08-24,90.26112365732656,0
2000-08-25,86.78721618662344,0
2000-08-28,87.0919418335961,0
2000-08-29,85.08073425302969,0
2000-08-30,81.6068115235375,0
2000-08-31,79.47366333017813,0
2000-09-01,76.36542510996328,0
2000-09-05,76.54826354990469,0
2000-09-06,68.25960540781485,0
2000-09-07,71.67258453379141,0
2000-09-08,67.28446197519766,0
2000-09-11,63.26203536997305,0
2000-09-12,61.73838043222891,-1
2000-09-13,64.78567504892813,-1
2000-09-14,61.43363952646719,-1
2000-09-15,57.77687454233633,-1
2000-09-18,57.04552459726797,-1
2000-09-19,64.05432891855703,-1
2000-09-20,64.78567504892813,-1
2000-09-21,53.75444030771719,-1
2000-09-22,51.43848037729727,-1
2000-09-25,45.587669372658596,-1
2000-09-26,48.39117813120352,0
2000-09-27,50.34146118174063,0
2000-09-28,48.2692985535668,0
2000-09-29,44.856304168801174,0
2000-10-02,41.321434021096096,0
2000-10-03,41.991844177346096,0
2000-10-04,45.770503997902736,0
2000-10-05,39.98062133799063,-1
2000-10-06,39.79778289804922,-1
2000-10-09,38.76170349131094,-1
2000-10-10,35.958187103371486,-1
2000-10-11,36.81143569956289,-1
2000-10-12,34.67831420908438,-1
2000-10-13,35.47061157236563,-1
2000-10-16,32.84993362436758,-1
2000-10-17,28.27897834787832,-1
2000-10-18,27.852359771828514,-1
2000-10-19,33.825069427590236,-1
2000-10-20,34.00791168222891,-1
2000-10-23,35.409664154152736,-1
2000-10-24,32.66709899912344,-1
2000-10-25,29.436954498391014,-1
2000-10-26,30.83871269236074,-1
2000-10-27,29.497901916603904,-1
2000-10-30,31.87480354319082,-1
2000-10-31,33.88602066050039,-1
2000-11-01,34.7392692566918,-1
2000-11-02,34.434532165627346,-1
2000-11-03,34.86115264902578,-1
2000-11-06,33.246074676613674,-1
2000-11-07,35.04399108896719,-1
2000-11-08,33.76412582407461,-1
2000-11-09,31.752899170021873,-1
2000-11-10,29.376008987526756,-1
2000-11-13,31.570060730080467,-1
2000-11-14,32.54520416269766,-1
2000-11-15,34.129802703957424,-1
2000-11-16,32.30141830454336,0
2000-11-17,32.91088104258047,0
2000-11-20,34.61737060556875,0
2000-11-21,33.64223098764883,0
2000-11-22,35.04399108896719,0
2000-11-24,39.858726501564846,0
2000-11-27,36.20196914682852,0
2000-11-28,32.66709899912344,0
2000-11-29,33.45939636240469,0
2000-11-30,30.716819763283592,0
2000-12-01,30.16830825815664,0
2000-12-04,30.412094116310936,0
2000-12-05,32.30141830454336,0
2000-12-06,31.204389572243553,0
2000-12-07,29.86357307444082,0
2000-12-08,33.825069427590236,-1
2000-12-11,36.5676383973168,-1
2000-12-12,35.34872436533438,-1
2000-12-13,33.52033615122305,-1
2000-12-14,34.06885528574453,-1
2000-12-15,34.98303985605703,0
2000-12-18,35.104934692482814,0
2000-12-19,33.88602066050039,0
2000-12-20,29.0712776185082,0
2000-12-21,30.16830825815664,0
2000-12-22,34.06885528574453,0
2000-12-26,35.104934692482814,0
2000-12-27,36.384807586769924,0
2000-12-28,35.04399108896719,0
2000-12-29,34.61737060556875,0
2001-01-02,34.49548721323477,0
2001-01-03,40.955764770607814,0
2001-01-04,38.396018982033596,0
2001-01-05,35.59251403818594,0
2001-01-08,36.019126892189846,0
2001-01-09,35.836292266945705,0
2001-01-10,37.05521392832266,0
2001-01-11,39.98062133799063,0
2001-01-12,40.407241821389064,0
2001-01-16,37.96939468393789,0
2001-01-17,38.274131775002346,0
2001-01-18,43.33266830454336,0
2001-01-19,45.28293228159414,0
2001-01-22,43.39360809336172,0
2001-01-23,42.174678802590236,0
2001-01-24,43.75927734385,0
2001-01-25,42.66225814829336,0
2001-01-26,42.84509658823477,0
2001-01-29,44.17371368418203,0
2001-01-30,45.68517303476797,0
2001-01-31,44.63202285776602,0
2001-02-01,41.13128662119375,0
2001-02-02,40.1756591797875,0
2001-02-05,37.3282585145043,0
2001-02-06,38.73244857798086,0
2001-02-07,37.85483169565664,0
2001-02-08,38.976238250832424,0
2001-02-09,37.79631042490469,0
2001-02-12,38.439903259377346,0
2001-02-13,40.46820831308828,-1
2001-02-14,45.34387969980703,-1
2001-02-15,43.49111557016836,-1
2001-02-16,41.49208450327383,-1
2001-02-20,37.64029312143789,-1
2001-02-21,37.44526290903555,-1
2001-02-22,37.05521392832266,0
2001-02-23,36.32386016855703,0
2001-02-26,34.129802703957424,-1
2001-02-27,34.17855834970938,-1
2001-02-28,33.369190216164455,0
2001-03-01,35.007427215676174,0
2001-03-02,35.192703247170314,0
2001-03-05,38.030357360939846,0
2001-03-06,42.769512176613674,-1
2001-03-07,39.98062133799063,-1
2001-03-08,41.78461837778555,-1
2001-03-09,39.736831665139064,-1
2001-03-12,39.74658203135,-1
2001-03-13,42.95478439341055,-1
2001-03-14,42.437976837258205,0
2001-03-15,40.273155212502346,-1
2001-03-16,39.054241180519924,-1
2001-03-19,41.989402771096096,-1
2001-03-20,39.590564727883205,-1
2001-03-21,40.965503692726955,-1
2001-03-22,45.53890991220938,0
2001-03-23,47.61595153818594,0
2001-03-26,45.70466995249258,0
2001-03-27,46.80657958994375,0
2001-03-28,43.14981079111563,0
2001-03-29,44.124954223732814,0
2001-03-30,40.497451782326564,0
2001-04-02,35.34872436533438,0
2001-04-03,35.35847091684805,0
2001-04-04,33.73974990854727,0
2001-04-05,37.44526290903555,-1
2001-04-06,35.90454864511953,-1
2001-04-09,34.997669220070705,-1
2001-04-10,37.20147705088125,0
2001-04-11,40.56571197519766,0
2001-04-12,45.25610733042227,0
2001-04-16,43.39360809336172,0
2001-04-17,41.87238311777578,0
2001-04-18,46.12398910532461,0
2001-04-19,46.757835388283596,0
2001-04-20,45.382888794045314,0
2001-04-23,42.27218627939688,0
2001-04-24,39.00548553476797,0
2001-04-25,41.61885452280508,0
2001-04-26,41.4238281251,0
2001-04-27,42.97429656992422,0
2001-04-30,44.25172805796133,0
2001-05-01,42.69149398813711,0
2001-05-02,42.02840042124258,0
2001-05-03,40.448692321877346,0
2001-05-04,40.76073455820547,0
2001-05-07,41.833389282326564,0
2001-05-08,40.84849548349844,0
2001-05-09,40.46820831308828,0
2001-05-10,39.054241180519924,-1
2001-05-11,39.31753540049063,-1
2001-05-14,39.68808364878164,-1
2001-05-15,38.12786865244375,-1
2001-05-16,38.22537612925039,-1
2001-05-17,40.01962280283438,-1
2001-05-18,39.093242645363674,-1
2001-05-21,41.56035614023672,-1
2001-05-22,39.80509185801016,-1
2001-05-23,39.24927139292227,-1
2001-05-24,39.22976684580313,-1
2001-05-25,39.68808364878164,-1
2001-05-29,37.03571319590078,-1
2001-05-30,35.8265380860375,-1
2001-05-31,36.5676383973168,-1
2001-06-01,38.22537612925039,-1
2001-06-04,37.455013275246486,-1
2001-06-05,40.955764770607814,-1
2001-06-06,40.43893814096914,-1
2001-06-07,43.73490142832266,-1
2001-06-08,42.242942810158596,-1
2001-06-11,40.575462341408596,-1
2001-06-12,40.71197509775625,-1
2001-06-13,39.883113861183986,-1
2001-06-14,36.86017227182852,-1
2001-06-15,38.51792144785391,-1
2001-06-18,37.542781829933986,-1
2001-06-19,37.07471084604727,-1
2001-06-20,35.92404556284414,-1
2001-06-21,36.772415161232814,-1
2001-06-22,37.425769806008205,-1
2001-06-25,38.04985046396719,-1
2001-06-26,39.00548553476797,-1
2001-06-27,38.751949310402736,-1
2001-06-28,40.56571197519766,-1
2001-06-29,40.078140258889064,-1
2001-07-02,41.248306274514064,-1
2001-07-03,42.174678802590236,-1
2001-07-05,40.84849548349844,-1
2001-07-06,37.932842254738674,-1
2001-07-09,37.542781829933986,-1
2001-07-10,36.6554069520043,-1
2001-07-11,38.51792144785391,-1
2001-07-12,38.99573516855703,-1
2001-07-13,38.040096283058986,-1
2001-07-16,35.836292266945705,-1
2001-07-17,37.70854949961172,-1
2001-07-18,37.298992157082424,-1
2001-07-19,38.5764274598168,-1
2001-07-20,38.11811447153555,-1
2001-07-23,37.15272903452383,-1
2001-07-24,36.89919662485586,-1
2001-07-25,37.425769806008205,-1
2001-07-26,39.74658203135,-1
2001-07-27,40.224414825539455,-1
2001-07-30,40.3316764832543,-1
2001-07-31,40.955764770607814,-1
2001-08-01,42.61349487314688,-1
2001-08-02,43.783653259377346,-1
2001-08-03,42.369712829689846,-1
2001-08-06,40.965503692726955,-1
2001-08-07,39.91236114511953,-1
2001-08-08,38.274131775002346,-1
2001-08-09,37.79631042490469,-1
2001-08-10,38.215618133644924,-1
2001-08-13,37.825576782326564,-1
2001-08-14,36.470134735207424,-1
2001-08-15,35.54374694834219,-1
2001-08-16,36.78216552744375,-1
2001-08-17,35.202449798683986,-1
2001-08-20,35.15369415293203,-1
2001-08-21,34.42234802256094,-1
2001-08-22,36.32386016855703,-1
2001-08-23,35.377979278664455,-1
2001-08-24,37.581787109475,-1
2001-08-27,39.346782684426174,-1
2001-08-28,38.04985046396719,-1
2001-08-29,36.61639785776602,-1
2001-08-30,35.816787719826564,-1
2001-08-31,36.67491149912344,-1
2001-09-04,35.3974723816918,-1
2001-09-05,35.104934692482814,-1
2001-09-06,32.628093719582424,-1
2001-09-07,31.935741424660545,-1
2001-09-10,30.970361709694725,-1
2001-09-17,28.474002838234764,-1
2001-09-18,24.787990570168358,-1
2001-09-19,22.866966247658592,-1
2001-09-20,21.540777206520897,-1
2001-09-21,20.585147857766014,-1
2001-09-24,21.745557785134178,-1
2001-09-25,20.7119140626,-1
2001-09-26,16.821115493874412,-1
2001-09-27,17.337934494118553,-1
2001-09-28,18.361833572487694,-1
2001-10-01,17.308685302834373,-1
2001-10-02,17.815752029518944,-1
2001-10-03,18.527606964211326,-1
2001-10-04,19.005424499611717,-1
2001-10-05,19.56124687204824,-1
2001-10-08,20.62415313730703,-1
2001-10-09,19.502742767433983,-1
2001-10-10,20.702157974343162,-1
2001-10-11,22.915723800759178,0
2001-10-12,24.865997314553123,0
2001-10-15,22.56467056284414,0
2001-10-16,21.501775741677147,-1
2001-10-17,20.146331787209373,-1
2001-10-18,19.25896072397695,-1
2001-10-19,20.282855987648826,-1
2001-10-22,21.199485778908592,-1
2001-10-23,21.248243332009178,-1
2001-10-24,21.843070983986717,-1
2001-10-25,22.65243339548574,-1
2001-10-26,23.35453414926992,-1
2001-10-29,21.940589904885154,-1
2001-10-30,20.555891037087303,-1
2001-10-31,22.19412040720449,-1
2001-11-01,22.428152084450584,-1
2001-11-02,24.134649276833397,-1
2001-11-05,23.988372802834373,-1
2001-11-06,23.86160659800039,-1
2001-11-07,25.256053924660545,-1
2001-11-08,26.24094200144277,-1
2001-11-09,25.460832595925194,-1
2001-11-12,26.474971771340233,-1
2001-11-13,28.27897834787832,-1
2001-11-14,27.069808960060936,-1
2001-11-15,27.069808960060936,-1
2001-11-16,25.646108627419334,-1
2001-11-19,26.64074897776113,-1
2001-11-20,25.412075042824608,-1
2001-11-21,25.256053924660545,-1
2001-11-23,26.075166702370506,-1
2001-11-26,27.888925552468162,-1
2001-11-27,28.42525291452871,-1
2001-11-28,26.0654182435082,-1
2001-11-29,27.157569885353904,-1
2001-11-30,26.484725952248436,-1
2001-12-03,27.849912643532615,-1
2001-12-04,29.731931686501365,-1
2001-12-05,32.238033294777736,-1
2001-12-06,31.74072456369863,-1
2001-12-07,30.96060752878652,-1
2001-12-10,30.307262420754295,-1
2001-12-11,30.131740570168358,-1
2001-12-12,30.96060752878652,-1
2001-12-13,28.95182418833242,-1
2001-12-14,29.497901916603904,-1
2001-12-17,29.93670845041738,-1
2001-12-18,31.019109726052147,-1
2001-12-19,29.35162544260488,-1
2001-12-20,28.776302337746483,-1
2001-12-21,29.41013717661367,-1
2001-12-24,28.9810733796166,-1
2001-12-26,29.644168853859764,-1
2001-12-27,30.395025253395897,-1
2001-12-28,30.87284469614492,-1
2001-12-31,30.229251861672264,-1
2002-01-02,32.41354751596914,-1
2002-01-03,35.60226058969961,-1
2002-01-04,35.05619049082266,-1
2002-01-07,35.25121307383047,-1
2002-01-08,34.42234802256094,-1
2002-01-09,34.13954544077383,-1
2002-01-10,32.91088104258047,-1
2002-01-11,34.256572723488674,-1
2002-01-14,34.71488189707266,-1
2002-01-15,34.42234802256094,-1
2002-01-16,32.86212921152578,-1
2002-01-17,33.154659271340236,-1
2002-01-18,30.99960899363027,-1
2002-01-22,30.112234115700584,-1
2002-01-23,30.85334014902578,-1
2002-01-24,31.058116912941795,-1
2002-01-25,31.691961288552147,-1
2002-01-28,31.496931076149803,-1
2002-01-29,29.731931686501365,-1
2002-01-30,31.59444999704824,-1
2002-01-31,32.91088104258047,-1
2002-02-01,33.98352432260977,-1
2002-02-04,33.54472351084219,-1
2002-02-05,33.59347915659414,-1
2002-02-06,35.77777481089102,-1
2002-02-07,33.01814651499258,-1
2002-02-08,34.03229141245352,-1
2002-02-11,36.665149688820705,-1
2002-02-12,36.86017227182852,-1
2002-02-13,38.040096283058986,-1
2002-02-14,37.298992157082424,-1
2002-02-15,36.03131866465078,-1
2002-02-19,35.68026733408438,-1
2002-02-20,35.59251403818594,-1
2002-02-21,32.38430404673086,-1
2002-02-22,31.721210479836326,-1
2002-02-25,33.20342254648672,-1
2002-02-26,32.86212921152578,-1
2002-02-27,33.34969711313711,-1
2002-02-28,31.35066795359121,-1
2002-03-01,35.38772964487539,-1
2002-03-04,37.73781204233633,-1
2002-03-05,38.51792144785391,-1
2002-03-06,36.91868591318594,-1
2002-03-07,36.21659088144766,-1
2002-03-08,37.211231231789455,-1
2002-03-11,36.03131866465078,-1
2002-03-12,34.80263900766836,-1
2002-03-13,33.25217437754141,-1
2002-03-14,31.223896026711326,-1
2002-03-15,32.559829712014064,-1
2002-03-18,32.423320770363674,-1
2002-03-19,32.959636688332424,-1
2002-03-20,31.691961288552147,-1
2002-03-21,33.6519889832543,-1
2002-03-22,33.057151794533596,-1
2002-03-25,32.179527282814846,-1
2002-03-26,33.18390274057852,-1
2002-03-27,32.179527282814846,-1
2002-03-28,32.08202362070547,-1
2002-04-01,32.76461410532461,-1
2002-04-02,31.59444999704824,-1
2002-04-03,30.014720916848045,-1
2002-04-04,29.829446792702537,-1
2002-04-05,29.107845306496483,-1
2002-04-08,30.131740570168358,-1
2002-04-09,29.302865982155662,-1
2002-04-10,29.770940780739647,-1
2002-04-11,28.474002838234764,-1
2002-04-12,28.337490081887108,-1
2002-04-15,27.986442566017967,-1
2002-04-16,29.361379623513084,-1
2002-04-17,29.488143920998436,-1
2002-04-18,28.27897834787832,-1
2002-04-19,28.766544342141014,-1
2002-04-22,30.131740570168358,-1
2002-04-23,28.659278869728904,-1
2002-04-24,26.621246337990623,-1
2002-04-25,26.86502647409902,-1
2002-04-26,25.353569030861717,-1
2002-04-29,25.792381286721092,-1
2002-04-30,23.11075210581289,-1
2002-05-01,24.085889816384178,-1
2002-05-02,22.77920341501699,-1
2002-05-03,22.047855377297264,-1
2002-05-06,22.21362495432363,-1
2002-05-07,22.671939849953514,-1
2002-05-08,23.90060997019277,-1
2002-05-09,22.28188133249746,-1
2002-05-10,21.911334991555076,-1
2002-05-13,23.013236999611717,-1
2002-05-14,25.646108627419334,-1
2002-05-15,24.856245040993553,-1
2002-05-16,25.36331748972402,-1
2002-05-17,24.388187408547264,-1
2002-05-20,23.851852417092186,-1
2002-05-21,23.013236999611717,-1
2002-05-22,22.96447944651113,-1
2002-05-23,23.69582939157949,-1
2002-05-24,22.77920341501699,-1
2002-05-28,22.545171737770897,-1
2002-05-29,22.311136245827537,-1
2002-05-30,22.915723800759178,-1
2002-05-31,22.993736267189842,-1
2002-06-03,21.745557785134178,-1
2002-06-04,22.262380600075584,-1
2002-06-05,21.89182662973867,-1
2002-06-06,21.745557785134178,-1
2002-06-07,21.599287033181053,-1
2002-06-10,20.926445007424217,-1
2002-06-11,20.341361999611717,-1
2002-06-12,21.111721038918358,-1
2002-06-13,20.575391769509178,-1
2002-06-14,21.745557785134178,-1
2002-06-17,22.720693588356834,-1
2002-06-18,23.013236999611717,-1
2002-06-19,19.58075714121328,-1
2002-06-20,17.94252586374746,-1
2002-06-21,18.32283020029531,-1
2002-06-24,19.22970390329824,-1
2002-06-25,19.25896072397695,-1
2002-06-26,18.527606964211326,-1
2002-06-27,19.99031066904531,-1
2002-06-28,19.717269897560936,-1
2002-07-01,19.502742767433983,-1
2002-07-02,18.761640548806053,-1
2002-07-03,19.99031066904531,-1
2002-07-05,21.755306243996483,-1
2002-07-08,21.06296157846914,-1
2002-07-09,21.87232971201406,-1
2002-07-10,20.75092315683828,-1
2002-07-11,21.794317245583397,-1
2002-07-12,22.80845832834707,-1
2002-07-15,23.84210205088125,-1
2002-07-16,22.65243339548574,-1
2002-07-17,23.403289795021873,-1
2002-07-18,22.21362495432363,-1
2002-07-19,21.726058960060936,-1
2002-07-22,19.99031066904531,-1
2002-07-23,19.45398712168203,-1
2002-07-24,21.20923042307363,-1
2002-07-25,18.72263145456777,-1
2002-07-26,19.14194870005117,-1
2002-07-29,20.341361999611717,-1
2002-07-30,20.458379745583397,-1
2002-07-31,19.005424499611717,-1
2002-08-01,18.040037155251365,-1
2002-08-02,17.727993011574608,-1
2002-08-05,16.821115493874412,-1
2002-08-06,17.84500694284902,-1
2002-08-07,18.225318908791404,-1
2002-08-08,18.72263145456777,-1
2002-08-09,18.430086135964256,-1
2002-08-12,17.93277359018789,-1
2002-08-13,17.67923545847402,-1
2002-08-14,18.966421127419334,-1
2002-08-15,19.492994308571678,-1
2002-08-16,20.33161163340078,-1
2002-08-19,21.579786300759178,-1
2002-08-20,19.80503463755117,-1
2002-08-21,20.663158416848045,-1
2002-08-22,20.575391769509178,-1
2002-08-23,19.610010147194725,-1
2002-08-26,18.995672226052147,-1
2002-08-27,17.903520584206444,-1
2002-08-28,17.38669395456777,-1
2002-08-29,16.821115493874412,-1
2002-08-30,16.821115493874412,-1
2002-09-03,16.587080001931053,-1
2002-09-04,16.967386245827537,-1
2002-09-05,16.772361755471092,-1
2002-09-06,17.308685302834373,-1
2002-09-09,16.99664306650625,-1
2002-09-10,18.293569564919334,-1
2002-09-11,18.23506736765371,-1
2002-09-12,17.24042510996328,-1
2002-09-13,16.08976364145742,-1
2002-09-16,15.845980644326074,-1
2002-09-17,15.71921157846914,-1
2002-09-18,15.309653282265527,-1
2002-09-19,14.900096893410547,-1
2002-09-20,13.525150299172266,-1
2002-09-23,12.44275188456045,-1
2002-09-24,12.432998657326563,-1
2002-09-25,13.057086944680078,-1
2002-09-26,12.237972259621484,-1
2002-09-27,12.423248291115625,-1
2002-09-30,12.062446594338281,-1
2002-10-01,12.67678451548086,-1
2002-10-02,13.291119575600488,-1
2002-10-03,12.130707740883691,-1
2002-10-04,11.623636245827539,-1
2002-10-07,11.45786190042959,-1
2002-10-08,11.487114906411035,-1
2002-10-09,11.838164329628809,-1
2002-10-10,12.189213752846582,-1
2002-10-11,13.330123901467188,-1
2002-10-14,13.13509750376211,-1
2002-10-15,14.188247680764063,-1
2002-10-16,12.130707740883691,-1
2002-10-17,12.988828659157617,-1
2002-10-18,13.651920318703516,-1
2002-10-21,14.510041236977441,-1
2002-10-22,14.090731620888574,-1
2002-10-23,15.290148735146387,-1
2002-10-24,15.602194786171777,-1
2002-10-25,16.86987495432363,-1
2002-10-28,16.43106460581289,-1
2002-10-29,15.689959526162012,-1
2002-10-30,15.34865951548086,-1
2002-10-31,15.602194786171777,-1
2002-11-01,16.382307052712303,-1
2002-11-04,16.91862869272695,-1
2002-11-05,16.567579269509178,-1
2002-11-06,17.357440948586326,-1
2002-11-07,16.109266281227928,-1
2002-11-08,15.182883262734277,-1
2002-11-11,13.739683151345117,-1
2002-11-12,13.486149788002832,-1
2002-11-13,12.745040893654688,-1
2002-11-14,13.837196350197656,-1
2002-11-15,13.525150299172266,-1
2002-11-18,13.720181465248926,-1
2002-11-19,13.388630867104395,-1
2002-11-20,14.227251052956445,-1
2002-11-21,15.290148735146387,-1
2002-11-22,15.621699333290918,-1
2002-11-25,16.080009460549217,-1
2002-11-26,15.163382530312402,-1
2002-11-27,15.70946216593252,-1
2002-11-29,15.416919708351953,-1
2002-12-02,15.34865951548086,-1
2002-12-03,15.260897636513574,-1
2002-12-04,13.603163719277246,-1
2002-12-05,13.378881454567773,-1
2002-12-06,13.008329391579492,-1
2002-12-09,12.559764862160547,-1
2002-12-10,13.515398979287012,-1
2002-12-11,13.330123901467188,-1
2002-12-12,13.232610702614648,-1
2002-12-13,12.667032241921289,-1
2002-12-16,13.154600143532617,-1
2002-12-17,12.949820518593652,-1
2002-12-18,9.965901374916895,-1
2002-12-19,9.9366455079125,-1
2002-12-20,9.946398735146387,-1
2002-12-23,10.043914795021875,-1
2002-12-24,10.01466178904043,-1
2002-12-26,10.034162521462305,-1
2002-12-27,10.043914795021875,-1
2002-12-30,9.566096305947168,-1
2002-12-31,9.497836113076074,-1
2003-01-02,9.751371383766992,-1
2003-01-03,9.907393455605371,-1
2003-01-06,10.297447204689844,-1
2003-01-07,10.726508140663965,-1
2003-01-08,9.800128936867578,-1
2003-01-09,9.702617645363672,-1
2003-01-10,10.034162521462305,-1
2003-01-13,9.839133262734277,-1
2003-01-14,9.946398735146387,-1
2003-01-15,9.712364196877344,-1
2003-01-16,9.410073280434473,-1
2003-01-17,8.932257652382715,-1
2003-01-21,8.678720474343164,-1
2003-01-22,8.288664817910059,-1
2003-01-23,8.571455955605371,-1
2003-01-24,8.02538013468252,-1
2003-01-27,7.791345119576318,-1
2003-01-28,7.742590427498682,-1
2003-01-29,8.210653305153711,-1
2003-01-30,8.113141059975488,-1
2003-01-31,8.005875587563379,-1
2003-02-03,8.191153526406152,-1
2003-02-04,8.044881820778711,-1
2003-02-05,7.937618255715234,-1
2003-02-06,7.430545330147607,-1
2003-02-07,7.4207940102623535,-1
2003-02-10,7.167258262734277,-1
2003-02-11,7.050240993599756,-1
2003-02-12,6.825960159401758,-1
2003-02-13,6.591928005318506,-1
2003-02-14,7.0209879876183106,-1
2003-02-18,6.991733074288232,-1
2003-02-19,7.255020618538721,-1
2003-02-20,7.557312965493066,-1
2003-02-21,7.33303165445791,-1
2003-02-24,7.284274578194482,-1
2003-02-25,7.177010536293848,-1
2003-02-26,7.342783451180322,-1
2003-02-27,7.4207940102623535,-1
2003-02-28,7.791345119576318,-1
2003-03-03,7.2355170250938965,-1
2003-03-04,7.411042213539941,-1
2003-03-05,7.801097393135889,-1
2003-03-06,7.703584671120508,-1
2003-03-07,7.411042213539941,0
2003-03-10,7.430545330147607,0
2003-03-11,7.557312965493066,0
2003-03-12,7.547560215096338,0
2003-03-13,8.074134826760156,0
2003-03-14,7.654826641182764,0
2003-03-17,7.830350399117334,0
2003-03-18,7.849855423073633,0
2003-03-19,7.947367191414697,0
2003-03-20,7.801097393135889,0
2003-03-21,8.659218788246973,0
2003-03-24,8.132644653420313,0
2003-03-25,8.493444442849023,0
2003-03-26,8.249661445717676,0
2003-03-27,8.590959549050195,0
2003-03-28,8.503196716408594,0
2003-03-31,7.937618255715234,0
2003-04-01,7.830350399117334,0
2003-04-02,8.532450676064355,0
2003-04-03,8.493444442849023,0
2003-04-04,8.503196716408594,0
2003-04-07,8.776233673195703,0
2003-04-08,8.649467468361719,0
2003-04-09,8.308167457680566,0
2003-04-10,8.337424278359277,0
2003-04-11,8.161897659401758,0
2003-04-14,8.327672004799707,0
2003-04-15,8.464191436867578,0
2003-04-16,8.522699356179102,0
2003-04-17,8.76648235331045,0
2003-04-21,8.932257652382715,0
2003-04-22,9.293057441811426,0
2003-04-23,9.312561988930566,0
2003-04-24,9.127281189064844,0
2003-04-25,8.473942756752832,0
2003-04-28,8.473942756752832,0
2003-04-29,8.444685936074121,0
2003-04-30,8.288664817910059,0
2003-05-01,8.308167457680566,0
2003-05-02,8.493444442849023,0
2003-05-05,8.776233673195703,0
2003-05-06,8.854244232277734,0
2003-05-07,8.873747825722559,0
2003-05-08,8.873747825722559,0
2003-05-09,9.410073280434473,0
2003-05-12,9.575845718483789,0
2003-05-13,9.8976411820458,0
2003-05-14,10.092669487099512,0
2003-05-15,10.053664207558496,0
2003-05-16,10.092669487099512,0
2003-05-19,9.780623436074121,0
2003-05-20,9.6441068650292,0
2003-05-21,9.692865371804102,0
2003-05-22,9.780623436074121,0
2003-05-23,9.780623436074121,0
2003-05-27,10.726508140663965,0
2003-05-28,10.687504768471582,0
2003-05-29,10.941038131813867,0
2003-05-30,11.038554191689355,0
2003-06-02,10.863029480080469,0
2003-06-03,11.106812477211816,0
2003-06-04,11.87717342386709,0
2003-06-05,12.15995979319082,0
2003-06-06,12.189213752846582,0
2003-06-09,12.003939628701074,0
2003-06-10,12.823054313759668,0
2003-06-11,12.949820518593652,0
2003-06-12,13.19360637674795,0
2003-06-13,12.754793167214258,0
2003-06-16,12.862059593300684,0
2003-06-17,12.725541114907129,0
2003-06-18,12.754793167214258,0
2003-06-19,12.423248291115625,0
2003-06-20,12.364739418129785,0
2003-06-23,11.711398124794824,0
2003-06-24,11.46761417398916,0
2003-06-25,11.565126419167383,0
2003-06-26,11.652888298134668,0
2003-06-27,11.50661849985586,-1
2003-06-30,11.45786190042959,-1
2003-07-01,12.023441314797266,-1
2003-07-02,12.61827564249502,0
2003-07-03,12.491506576638086,0
2003-07-07,13.417886734108789,0
2003-07-08,13.651920318703516,0
2003-07-09,14.041975975136621,0
2003-07-10,13.534904480080469,0
2003-07-11,13.554407119850977,0
2003-07-14,13.944462776284082,0
2003-07-15,13.817692756752832,0
2003-07-16,13.5739107132958,0
2003-07-17,12.949820518593652,0
2003-07-18,13.944462776284082,1
2003-07-21,13.661670684914453,1
2003-07-22,13.944462776284082,1
2003-07-23,14.997607231240137,1
2003-07-24,14.480788230995996,1
2003-07-25,14.285758972267969,1
2003-07-28,14.207747459511621,1
2003-07-29,14.158992767433984,1
2003-07-30,13.993221283058984,1
2003-07-31,14.276006698708398,1
2003-08-01,14.734323501686914,1
2003-08-04,14.451533317665918,1
2003-08-05,13.876201629738672,1
2003-08-06,13.42763900766836,1
2003-08-07,13.26186752329336,1
2003-08-08,12.637777328591211,1
2003-08-11,12.686537742714746,1
2003-08-12,12.940069198708398,1
2003-08-13,13.047335624794824,1
2003-08-14,12.579270362954004,1
2003-08-15,12.189213752846582,1
2003-08-18,12.44275188456045,1
2003-08-19,13.515398979287012,1
2003-08-20,12.96932315836416,1
2003-08-21,13.417886734108789,1
2003-08-22,13.544655799965723,1
2003-08-25,13.300870895485742,1
2003-08-26,13.310623169045313,1
2003-08-27,13.651920318703516,1
2003-08-28,13.837196350197656,1
2003-08-29,14.002967834572656,1
2003-09-02,14.110235214333398,1
2003-09-03,13.856698989968164,1
2003-09-04,13.739683151345117,1
2003-09-05,13.944462776284082,1
2003-09-08,14.753826141457422,1
2003-09-09,14.334516525368555,1
2003-09-10,13.01807975779043,1
2003-09-11,13.26186752329336,1
2003-09-12,13.310623169045313,1
2003-09-15,12.891313552956445,1
2003-09-16,13.281366348366602,1
2003-09-17,13.827444076638086,1
2003-09-18,13.817692756752832,1
2003-09-19,14.168745040993555,1
2003-09-22,13.993221283058984,1
2003-09-23,14.305261612038477,0
2003-09-24,13.749435424904688,0
2003-09-25,13.242362976174219,1
2003-09-26,13.310623169045313,1
2003-09-29,13.232610702614648,0
2003-09-30,13.086341858010156,1
2003-10-01,12.949820518593652,1
2003-10-02,13.066837310891016,1
2003-10-03,13.320374488930566,1
2003-10-06,13.154600143532617,1
2003-10-07,12.67678451548086,1
2003-10-08,12.491506576638086,1
2003-10-09,12.608526229958398,1
2003-10-10,12.462251663308008,1
2003-10-13,12.228221893410547,1
2003-10-14,12.325736045937402,1
2003-10-15,12.491506576638086,1
2003-10-16,12.511009216408594,1
2003-10-17,12.530510902504785,1
2003-10-20,12.530510902504785,1
2003-10-21,13.242362976174219,1
2003-10-22,12.96932315836416,1
2003-10-23,12.92056655893789,1
2003-10-24,12.862059593300684,1
2003-10-27,13.661670684914453,1
2003-10-28,13.895705223183496,1
2003-10-29,14.237001419167383,1
2003-10-30,14.334516525368555,1
2003-10-31,13.983466148476465,1
2003-11-03,14.383272171120508,1
2003-11-04,14.276006698708398,1
2003-11-05,14.227251052956445,1
2003-11-06,14.041975975136621,1
2003-11-07,13.866451263527734,1
2003-11-10,13.115593910317285,1
2003-11-11,12.910815239052637,1
2003-11-12,13.26186752329336,1
2003-11-13,12.852309227089746,1
2003-11-14,12.715789795021875,1
2003-11-17,12.462251663308008,1
2003-11-18,12.208715438942773,1
2003-11-19,12.21846866617666,1
2003-11-20,12.267228126625879,1
2003-11-21,12.189213752846582,1
2003-11-24,12.501259803871973,1
2003-11-25,12.764545440773828,1
2003-11-26,12.715789795021875,1
2003-11-28,12.686537742714746,1
2003-12-01,12.725541114907129,1
2003-12-02,12.44275188456045,1
2003-12-03,12.10145378122793,1
2003-12-04,11.857667923073633,1
2003-12-05,11.8186616898583,1
2003-12-08,11.594382286171777,1
2003-12-09,11.27258586893545,1
2003-12-10,11.496868133644922,1
2003-12-11,11.701644897560938,1
2003-12-12,11.838164329628809,1
2003-12-15,11.23358154306875,1
2003-12-16,11.379849433998926,1
2003-12-17,11.214076042275293,1
2003-12-18,11.760153770546777,1
2003-12-19,12.023441314797266,1
2003-12-22,12.45250129709707,1
2003-12-23,12.832803726296289,1
2003-12-24,13.105841636757715,1
2003-12-26,13.183856010537012,1
2003-12-29,13.603163719277246,1
2003-12-30,13.388630867104395,1
2003-12-31,13.13509750376211,1
2004-01-02,13.398386001686914,1
2004-01-05,13.798189163308008,1
2004-01-06,14.178494453530176,1
2004-01-07,14.802582740883691,1
2004-01-08,15.085373878579004,1
2004-01-09,14.968354225258691,1
2004-01-12,14.900096893410547,1
2004-01-13,14.4905366898583,1
2004-01-14,14.500290870766504,1
2004-01-15,14.461282730202539,1
2004-01-16,14.588050842385156,1
2004-01-20,14.744071960549219,1
2004-01-21,14.636809349160059,1
2004-01-22,14.100481987099512,1
2004-01-23,14.344268798928125,1
2004-01-26,14.62706184397207,1
2004-01-27,15.319405555825098,1
2004-01-28,15.70946216593252,1
2004-01-29,15.5729398728417,1
2004-01-30,15.70946216593252,1
2004-02-02,15.592442512612207,1
2004-02-03,15.563187599282129,1
2004-02-04,15.338907241921289,1
2004-02-05,15.06587028513418,1
2004-02-06,15.748465538124902,1
2004-02-09,15.504680633644922,1
2004-02-10,15.806974411110742,1
2004-02-11,15.797224998574121,1
2004-02-12,15.446174621682031,1
2004-02-13,15.338907241921289,1
2004-02-17,15.641199112038477,1
2004-02-18,16.011751175026756,1
2004-02-19,15.738712310891016,1
2004-02-20,15.182883262734277,1
2004-02-23,14.705068588356836,1
2004-02-24,14.773327827553613,1
2004-02-25,14.870841026406152,1
2004-02-26,14.802582740883691,1
2004-02-27,14.66606330881582,1
2004-03-01,14.968354225258691,1
2004-03-02,15.436422348122461,1
2004-03-03,15.670454025368555,1
2004-03-04,15.884981155495508,1
2004-03-05,15.904487609963281,1
2004-03-08,15.085373878579004,1
2004-03-09,15.026864051918848,1
2004-03-10,14.256507873635156,1
2004-03-11,14.071228981118066,1
2004-03-12,14.344268798928125,1
2004-03-15,14.158992767433984,1
2004-03-16,14.480788230995996,1
2004-03-17,15.085373878579004,1
2004-03-18,15.416919708351953,1
2004-03-19,15.29990291605459,1
2004-03-22,15.036617279152734,1
2004-03-23,15.42667007456289,1
2004-03-24,15.416919708351953,1
2004-03-25,15.173135757546289,1
2004-03-26,15.514432907204492,1
2004-03-29,15.797224998574121,1
2004-03-30,15.904487609963281,1
2004-03-31,16.29454231272207,1
2004-04-01,16.47981834421621,1
2004-04-02,17.259927749733787,1
2004-04-05,17.51346206675039,1
2004-04-06,17.06490135202871,1
2004-04-07,16.860120773415428,0
2004-04-08,16.91862869272695,0
2004-04-12,16.762605667214256,0
2004-04-13,16.577329635720115,1
2004-04-14,16.080009460549217,1
2004-04-15,15.611948013405664,0
2004-04-16,15.514432907204492,0
2004-04-19,15.416919708351953,1
2004-04-20,14.987859726052148,1
2004-04-21,14.997607231240137,0
2004-04-22,15.017109871010645,1
2004-04-23,15.153631210427148,1
2004-04-26,15.085373878579004,1
2004-04-27,14.900096893410547,1
2004-04-28,13.924956321816309,1
2004-04-29,13.320374488930566,1
2004-04-30,13.281366348366602,1
2004-05-03,13.369129181008203,1
2004-05-04,13.369129181008203,1
2004-05-05,13.544655799965723,1
2004-05-06,13.788437843422754,1
2004-05-07,14.022473335366113,1
2004-05-10,13.944462776284082,1
2004-05-11,14.090731620888574,1
2004-05-12,13.710429191689355,1
2004-05-13,13.681174278359277,1
2004-05-14,13.515398979287012,1
2004-05-17,13.222861290078027,1
2004-05-18,13.320374488930566,1
2004-05-19,13.544655799965723,1
2004-05-20,13.164352417092188,1
2004-05-21,13.271617889504297,1
2004-05-24,13.398386001686914,1
2004-05-25,13.96396541605459,1
2004-05-26,14.256507873635156,1
2004-05-27,14.480788230995996,1
2004-05-28,14.656311988930566,1
2004-06-01,14.519790649514063,1
2004-06-02,14.383272171120508,1
2004-06-03,13.700677871804102,1
2004-06-04,14.158992767433984,1
2004-06-07,14.529545784096582,1
2004-06-08,14.519790649514063,1
2004-06-09,13.96396541605459,1
2004-06-10,13.846946716408594,1
2004-06-14,13.593413353066309,1
2004-06-15,13.710429191689355,1
2004-06-16,13.632416725258691,1
2004-06-17,13.300870895485742,1
2004-06-18,13.349626541237695,1
2004-06-21,13.388630867104395,1
2004-06-22,13.515398979287012,1
2004-06-23,14.100481987099512,1
2004-06-24,14.012720108132227,1
2004-06-25,14.402777671913965,1
2004-06-28,14.119987487892969,1
2004-06-29,14.861090660195215,1
2004-06-30,14.929350853066309,1
2004-07-01,14.597804069619043,1
2004-07-02,14.315016746620996,1
2004-07-06,13.768939018349512,1
2004-07-07,14.002967834572656,1
2004-07-08,13.768939018349512,1
2004-07-09,14.041975975136621,1
2004-07-12,13.603163719277246,1
2004-07-13,13.749435424904688,1
2004-07-14,13.07658863077627,1
2004-07-15,13.154600143532617,1
2004-07-16,12.901066780190332,1
2004-07-19,12.842556953530176,1
2004-07-20,13.26186752329336,1
2004-07-21,12.715789795021875,1
2004-07-22,13.174103736977441,1
2004-07-23,12.667032241921289,1
2004-07-26,12.520763397316797,1
2004-07-27,12.647529602150781,1
2004-07-28,12.559764862160547,1
2004-07-29,13.183856010537012,1
2004-07-30,13.19360637674795,1
2004-08-02,13.02783203135,1
2004-08-03,12.637777328591211,1
2004-08-04,12.608526229958398,1
2004-08-05,12.413497924904688,1
2004-08-06,12.120955467324121,1
2004-08-09,11.896673202614648,1
2004-08-10,12.033190727333887,1
2004-08-11,11.45786190042959,1
2004-08-12,10.785018920998438,1
2004-08-13,10.83377456675039,1
2004-08-16,10.88253116617666,1
2004-08-17,10.853275299172266,1
2004-08-18,11.389601707558496,1
2004-08-19,11.184822082619531,1
2004-08-20,11.662639618019922,1
2004-08-23,11.857667923073633,1
2004-08-24,11.604131698708398,1
2004-08-25,11.730899810891016,1
2004-08-26,11.535872459511621,1
2004-08-27,11.584630012612207,1
2004-08-30,11.194574356179102,1
2004-08-31,11.22382926950918,1
2004-09-01,11.350597381691797,1
2004-09-02,11.360346794228418,1
2004-09-03,10.950791359047754,1
2004-09-07,10.843523025612695,1
2004-09-08,10.87277889261709,1
2004-09-09,11.23358154306875,1
2004-09-10,11.974684715370996,1
2004-09-13,11.994186401467188,1
2004-09-14,12.15995979319082,1
2004-09-15,11.799159050087793,1
2004-09-16,11.955183029274805,1
2004-09-17,12.44275188456045,1
2004-09-20,12.413497924904688,1
2004-09-21,12.44275188456045,1
2004-09-22,12.033190727333887,1
2004-09-23,12.169711113076074,1
2004-09-24,12.091700553994043,1
2004-09-27,12.013687133889063,1
2004-09-28,11.838164329628809,1
2004-09-29,11.799159050087793,1
2004-09-30,11.730899810891016,1
2004-10-01,12.052695274453027,1
2004-10-04,12.150208473305566,1
2004-10-05,12.130707740883691,1
2004-10-06,12.335485458474023,1
2004-10-07,12.120955467324121,1
2004-10-08,11.711398124794824,1
2004-10-11,11.604131698708398,1
2004-10-12,11.301839828591211,1
2004-10-13,11.350597381691797,1
2004-10-14,11.0678071976708,1
2004-10-15,11.097060203652246,1
2004-10-18,11.087307930092676,1
2004-10-19,11.22382926950918,1
2004-10-20,11.399352073769434,1
2004-10-21,11.555376052956445,1
2004-10-22,11.243331909279688,1
2004-10-25,11.418856620888574,1
2004-10-26,11.399352073769434,1
2004-10-27,11.838164329628809,1
2004-10-28,11.945429802040918,1
2004-10-29,11.87717342386709,1
2004-11-01,11.701644897560938,1
2004-11-02,11.516372680764063,1
2004-11-03,11.389601707558496,1
2004-11-04,11.44810962687002,1
2004-11-05,11.584630012612207,1
2004-11-08,11.652888298134668,1
2004-11-09,11.555376052956445,1
2004-11-10,11.214076042275293,1
2004-11-11,11.360346794228418,1
2004-11-12,11.711398124794824,1
2004-11-15,11.8186616898583,1
2004-11-16,11.652888298134668,1
2004-11-17,12.21846866617666,1
2004-11-18,11.867419242958887,1
2004-11-19,11.40910530100332,1
2004-11-22,11.136067390541895,1
2004-11-23,11.136067390541895,1
2004-11-24,11.194574356179102,1
2004-11-26,11.116562843422754,1
2004-11-29,10.911783218483789,1
2004-11-30,10.804519653420313,1
2004-12-01,11.15556812296377,1
2004-12-02,11.116562843422754,1
2004-12-03,11.253082275490625,1
2004-12-06,11.399352073769434,1
2004-12-07,11.116562843422754,1
2004-12-08,10.92153549204336,1
2004-12-09,10.87277889261709,1
2004-12-10,11.019049644570215,1
2004-12-13,11.253082275490625,1
2004-12-14,11.360346794228418,1
2004-12-15,11.545624733071191,1
2004-12-16,11.34084415445791,1
2004-12-17,11.028802871804102,1
2004-12-20,11.0678071976708,1
2004-12-21,11.253082275490625,1
2004-12-22,11.584630012612207,1
2004-12-23,11.50661849985586,1
2004-12-27,11.50661849985586,1
2004-12-28,11.672390937905176,1
2004-12-29,11.955183029274805,1
2004-12-30,11.98443603525625,1
2004-12-31,12.04294490824209,1
2005-01-03,11.701644897560938,1
2005-01-04,11.370102882485254,1
2005-01-05,11.243331909279688,1
2005-01-06,11.126315116982324,1
2005-01-07,11.175073623757227,1
2005-01-10,11.145820617775781,1
2005-01-11,10.81427001963125,1
2005-01-12,11.048304557900293,1
2005-01-13,10.89228343973623,1
2005-01-14,10.931288719277246,1
2005-01-18,10.92153549204336,1
2005-01-19,10.736259460549219,1
2005-01-20,10.746011734108789,1
2005-01-21,10.151178360085352,1
2005-01-24,9.809881210427148,1
2005-01-25,9.995155334572656,1
2005-01-26,10.053664207558496,1
2005-01-27,10.365707397560938,1
2005-01-28,10.102422714333398,1
2005-01-31,10.151178360085352,1
2005-02-01,10.433967590432031,1
2005-02-02,10.550984382729395,1
2005-02-03,10.580239296059473,1
2005-02-04,10.824023246865137,1
2005-02-07,11.038554191689355,1
2005-02-08,11.048304557900293,1
2005-02-09,10.950791359047754,1
2005-02-10,10.98979377756582,1
2005-02-11,11.43835735331045,1
2005-02-14,11.516372680764063,1
2005-02-15,11.623636245827539,1
2005-02-16,11.50661849985586,1
2005-02-17,11.214076042275293,1
2005-02-18,11.214076042275293,1
2005-02-22,11.175073623757227,1
2005-02-23,11.077560424904688,1
2005-02-24,11.28233528147207,1
2005-02-25,11.389601707558496,1
2005-02-28,11.214076042275293,1
2005-03-01,11.194574356179102,1
2005-03-02,11.136067390541895,1
2005-03-03,10.911783218483789,1
2005-03-04,10.492476463417871,1
2005-03-07,10.658249855141504,1
2005-03-08,10.316950798134668,1
2005-03-09,10.336455345253809,1
2005-03-10,10.424216270546777,1
2005-03-11,10.160929679970605,1
2005-03-14,10.131673812966211,1
2005-03-15,9.995155334572656,1
2005-03-16,10.121922493080957,1
2005-03-17,10.190183639626367,1
2005-03-18,10.034162521462305,1
2005-03-21,9.965901374916895,1
2005-03-22,9.848885536293848,1
2005-03-23,9.965901374916895,1
2005-03-24,9.975653648476465,1
2005-03-28,9.917144775490625,1
2005-03-29,9.868387222390039,1
2005-03-30,10.219435691933496,1
2005-03-31,10.082919120888574,1
2005-04-01,10.004905700783594,1
2005-04-04,9.839133262734277,1
2005-04-05,9.829383850197656,1
2005-04-06,9.819633483986719,1
2005-04-07,9.946398735146387,1
2005-04-08,9.946398735146387,1
2005-04-11,9.965901374916895,1
2005-04-12,9.9366455079125,1
2005-04-13,9.741621017556055,1
2005-04-14,9.527091980080469,1
2005-04-15,9.283308982949121,1
2005-04-18,9.380820274453027,1
2005-04-19,9.400321006874902,1
2005-04-20,9.205293655495508,1
2005-04-21,9.4783353806542,1
2005-04-22,9.176040649514063,1
2005-04-25,9.341813087563379,1
2005-04-26,9.312561988930566,1
2005-04-27,9.25405216227041,1
2005-04-28,9.332064628701074,1
2005-04-29,9.468581199745996,1
2005-05-02,9.419824600319727,1
2005-05-03,9.458830833535059,1
2005-05-04,9.829383850197656,1
2005-05-05,9.79037857065664,1
2005-05-06,9.878140449623926,1
2005-05-09,9.858634948830469,1
2005-05-10,9.751371383766992,1
2005-05-11,9.751371383766992,1
2005-05-12,9.907393455605371,1
2005-05-13,10.307198524575098,1
2005-05-16,10.151178360085352,1
2005-05-17,10.336455345253809,1
2005-05-18,10.277945518593652,1
2005-05-19,10.190183639626367,1
2005-05-20,10.277945518593652,1
2005-05-23,10.424216270546777,1
2005-05-24,10.570486068825586,1
2005-05-25,10.46322250376211,1
2005-05-26,10.755763053994043,1
2005-05-27,10.794767379860742,1
2005-05-31,10.70700454721914,1
2005-06-01,10.570486068825586,1
2005-06-02,10.775266647438867,1
2005-06-03,10.550984382729395,1
2005-06-06,10.336455345253809,1
2005-06-07,10.2291898728417,1
2005-06-08,10.414463996987207,1
2005-06-09,10.69725513468252,1
2005-06-10,10.62899398813711,1
2005-06-13,10.580239296059473,1
2005-06-14,10.492476463417871,1
2005-06-15,10.658249855141504,1
2005-06-16,10.677752494912012,1
2005-06-17,10.560735702614648,1
2005-06-20,10.3949613572167,1
2005-06-21,10.34620189676748,1
2005-06-22,10.336455345253809,1
2005-06-23,10.560735702614648,1
2005-06-24,10.316950798134668,1
2005-06-27,9.917144775490625,1
2005-06-28,9.995155334572656,1
2005-06-29,10.190183639626367,1
2005-06-30,9.95615005503164,1
2005-07-01,9.946398735146387,1
2005-07-05,10.238941192726953,1
2005-07-06,10.60949420938955,1
2005-07-07,10.580239296059473,1
2005-07-08,11.136067390541895,1
2005-07-11,11.43835735331045,1
2005-07-12,11.526121139626367,1
2005-07-13,11.516372680764063,1
2005-07-14,11.604131698708398,1
2005-07-15,11.623636245827539,1
2005-07-18,11.613882064919336,1
2005-07-19,11.867419242958887,1
2005-07-20,11.916176796059473,1
2005-07-21,11.8186616898583,1
2005-07-22,11.633384704689844,1
2005-07-25,11.428607940773828,1
2005-07-26,11.604131698708398,1
2005-07-27,11.613882064919336,1
2005-07-28,11.701644897560938,1
2005-07-29,11.584630012612207,1
2005-08-01,11.87717342386709,1
2005-08-02,11.906425476174219,1
2005-08-03,11.857667923073633,1
2005-08-04,11.604131698708398,1
2005-08-05,11.565126419167383,1
2005-08-08,11.27258586893545,1
2005-08-09,11.253082275490625,1
2005-08-10,10.970294952492578,1
2005-08-11,11.019049644570215,1
2005-08-12,10.83377456675039,1
2005-08-15,11.0678071976708,1
2005-08-16,10.81427001963125,1
2005-08-17,10.950791359047754,1
2005-08-18,10.824023246865137,1
2005-08-19,10.87277889261709,1
2005-08-22,10.970294952492578,1
2005-08-23,10.824023246865137,1
2005-08-24,10.88253116617666,1
2005-08-25,11.0678071976708,1
2005-08-26,10.902033805947168,1
2005-08-29,10.88253116617666,1
2005-08-30,11.028802871804102,1
2005-08-31,11.613882064919336,1
2005-09-01,11.331093788246973,1
2005-09-02,11.379849433998926,1
2005-09-06,11.896673202614648,1
2005-09-07,11.857667923073633,1
2005-09-08,12.091700553994043,1
2005-09-09,12.179461479287012,1
2005-09-12,12.276976585488184,1
2005-09-13,12.364739418129785,1
2005-09-14,12.901066780190332,1
2005-09-15,12.550015449623926,1
2005-09-16,12.491506576638086,1
2005-09-19,12.150208473305566,1
2005-09-20,12.013687133889063,1
2005-09-21,11.935680389504297,1
2005-09-22,11.760153770546777,1
2005-09-23,11.847914695839746,1
2005-09-26,11.799159050087793,1
2005-09-27,11.44810962687002,1
2005-09-28,11.44810962687002,1
2005-09-29,11.886920929055078,1
2005-09-30,12.96932315836416,1
2005-10-03,13.300870895485742,1
2005-10-04,12.998578071694238,1
2005-10-05,12.481754303078516,1
2005-10-06,12.628026962380273,1
2005-10-07,12.852309227089746,1
2005-10-10,12.45250129709707,1
2005-10-11,12.228221893410547,1
2005-10-12,12.423248291115625,1
2005-10-13,12.784048080544336,1
2005-10-14,12.550015449623926,1
2005-10-17,12.686537742714746,1
2005-10-18,12.745040893654688,1
2005-10-19,12.559764862160547,1
2005-10-20,12.491506576638086,1
2005-10-21,12.354988098244531,1
2005-10-24,12.198965072731836,1
2005-10-25,12.335485458474023,1
2005-10-26,12.432998657326563,1
2005-10-27,12.306229591469629,1
2005-10-28,12.354988098244531,1
2005-10-31,12.667032241921289,1
2005-11-01,12.67678451548086,1
2005-11-02,12.940069198708398,1
2005-11-03,13.525150299172266,1
2005-11-04,13.5739107132958,1
2005-11-07,13.534904480080469,1
2005-11-08,13.369129181008203,1
2005-11-09,13.456893920998438,1
2005-11-10,13.437390327553613,1
2005-11-11,13.310623169045313,1
2005-11-14,12.998578071694238,1
2005-11-15,13.02783203135,1
2005-11-16,13.09609317789541,1
2005-11-17,13.417886734108789,1
2005-11-18,13.827444076638086,1
2005-11-21,13.846946716408594,1
2005-11-22,14.305261612038477,1
2005-11-23,14.129738807778223,1
2005-11-25,14.227251052956445,1
2005-11-28,14.022473335366113,1
2005-11-29,13.5739107132958,1
2005-11-30,13.905455589394434,1
2005-12-01,14.129738807778223,1
2005-12-02,14.012720108132227,1
2005-12-05,13.944462776284082,1
2005-12-06,13.642168998818262,1
2005-12-07,13.320374488930566,1
2005-12-08,12.803550720314844,1
2005-12-09,13.07658863077627,1
2005-12-12,13.456893920998438,1
2005-12-13,13.495898246865137,1
2005-12-14,13.19360637674795,1
2005-12-15,13.213109970192773,1
2005-12-16,13.330123901467188,1
2005-12-19,13.310623169045313,1
2005-12-20,13.369129181008203,1
2005-12-21,13.788437843422754,1
2005-12-22,13.300870895485742,1
2005-12-23,13.310623169045313,1
2005-12-27,13.13509750376211,1
2005-12-28,13.115593910317285,1
2005-12-29,12.940069198708398,1
2005-12-30,12.979076385598047,1
2006-01-03,13.174103736977441,1
2006-01-04,13.700677871804102,1
2006-01-05,13.827444076638086,1
2006-01-06,14.110235214333398,1
2006-01-09,14.334516525368555,1
2006-01-10,14.207747459511621,1
2006-01-11,14.383272171120508,1
2006-01-12,14.207747459511621,1
2006-01-13,14.149240493874414,1
2006-01-17,13.62266731272207,1
2006-01-18,13.710429191689355,1
2006-01-19,13.973716735939844,1
2006-01-20,13.661670684914453,1
2006-01-23,13.827444076638086,1
2006-01-24,13.749435424904688,1
2006-01-25,13.759186744789941,1
2006-01-26,13.993221283058984,1
2006-01-27,14.334516525368555,1
2006-01-30,14.558798790078027,1
2006-01-31,14.315016746620996,1
2006-02-01,14.64655876169668,1
2006-02-02,14.578300476174219,1
2006-02-03,14.519790649514063,1
2006-02-06,15.611948013405664,1
2006-02-07,15.95324993143545,1
2006-02-08,15.94349193582998,1
2006-02-09,15.855731010537012,1
2006-02-10,15.992244720558984,1
2006-02-13,15.787467002968652,1
2006-02-14,16.216529846291404,1
2006-02-15,16.36280059824453,1
2006-02-16,16.567579269509178,1
2006-02-17,16.236034393410545,1
2006-02-21,15.680201530556543,1
2006-02-22,15.904487609963281,1
2006-02-23,15.358409881691797,1
2006-02-24,15.485180854897363,1
2006-02-27,15.260897636513574,1
2006-02-28,15.124377250771387,1
2006-03-01,15.553436279396875,1
2006-03-02,15.455924034218652,1
2006-03-03,15.494932174782617,1
2006-03-06,15.212140083412988,1
2006-03-07,14.60755443582998,1
2006-03-08,14.500290870766504,1
2006-03-09,14.158992767433984,1
2006-03-10,14.110235214333398,1
2006-03-13,14.412527084450586,1
2006-03-14,14.705068588356836,1
2006-03-15,14.636809349160059,1
2006-03-16,14.227251052956445,1
2006-03-17,14.402777671913965,1
2006-03-20,14.451533317665918,1
2006-03-21,14.62706184397207,1
2006-03-22,14.188247680764063,1
2006-03-23,14.071228981118066,1
2006-03-24,14.110235214333398,1
2006-03-27,14.402777671913965,1
2006-03-28,14.071228981118066,1
2006-03-29,14.519790649514063,1
2006-03-30,14.451533317665918,1
2006-03-31,14.354021072487695,1
2006-04-03,15.06587028513418,1
2006-04-04,15.251145362954004,1
2006-04-05,15.173135757546289,1
2006-04-06,15.19263744364248,1
2006-04-07,14.870841026406152,1
2006-04-10,14.53929615030752,1
2006-04-11,14.724571228127344,1
2006-04-12,14.939103126625879,1
2006-04-13,14.66606330881582,1
2006-04-17,14.744071960549219,1
2006-04-18,15.631450653176172,0
2006-04-19,16.08976364145742,0
2006-04-20,16.382307052712303,0
2006-04-21,15.992244720558984,0
2006-04-24,15.992244720558984,0
2006-04-25,16.060510635475975,0
2006-04-26,16.382307052712303,0
2006-04-27,16.967386245827537,0
2006-04-28,16.548074722390037,0
2006-05-01,16.323795318703514,0
2006-05-02,16.333549499611717,0
2006-05-03,16.31404685984121,0
2006-05-04,16.5383243561791,0
2006-05-05,16.6260871888207,0
2006-05-08,16.811367035012108,0
2006-05-09,16.821115493874412,0
2006-05-10,16.197031021218162,0
2006-05-11,15.70946216593252,0
2006-05-12,15.416919708351953,0
2006-05-15,15.436422348122461,0
2006-05-16,15.5729398728417,0
2006-05-17,15.24139404306875,0
2006-05-18,14.978108406166895,0
2006-05-19,15.377913475136621,0
2006-05-22,15.173135757546289,0
2006-05-23,14.861090660195215,0
2006-05-24,15.075620651345117,0
2006-05-25,15.767969131569727,0
2006-05-26,15.962998390297754,0
2006-05-30,15.660700798134668,0
2006-05-31,16.14826965342031,0
2006-06-01,16.450567245583397,0
2006-06-02,16.050760269265037,0
2006-06-05,15.631450653176172,0
2006-06-06,15.855731010537012,0
2006-06-07,15.42667007456289,0
2006-06-08,15.143877983193262,0
2006-06-09,15.143877983193262,0
2006-06-12,14.763578415016992,0
2006-06-13,14.480788230995996,0
2006-06-14,14.880593299965723,0
2006-06-15,15.641199112038477,0
2006-06-16,15.94349193582998,0
2006-06-19,15.494932174782617,0
2006-06-20,15.5729398728417,0
2006-06-21,15.553436279396875,0
2006-06-22,15.777718544106348,0
2006-06-23,16.011751175026756,0
2006-06-26,16.265289306740623,0
2006-06-27,15.631450653176172,0
2006-06-28,15.563187599282129,0
2006-06-29,14.744071960549219,0
2006-06-30,14.685566902260645,0
2006-07-03,15.017109871010645,0
2006-07-05,14.62706184397207,0
2006-07-06,14.929350853066309,0
2006-07-07,14.4905366898583,0
2006-07-10,14.168745040993555,0
2006-07-11,14.695317268471582,0
2006-07-12,14.441781997780664,0
2006-07-13,13.96396541605459,0
2006-07-14,14.041975975136621,0
2006-07-17,13.856698989968164,0
2006-07-18,14.188247680764063,0
2006-07-19,14.597804069619043,0
2006-07-20,14.168745040993555,0
2006-07-21,13.798189163308008,0
2006-07-24,13.993221283058984,0
2006-07-25,14.66606330881582,0
2006-07-26,14.948853492836816,0
2006-07-27,15.104873657326563,0
2006-07-28,15.42667007456289,0
2006-07-31,15.202387809853418,0
2006-08-01,14.997607231240137,0
2006-08-02,15.280399322609766,0
2006-08-03,15.407169342141016,0
2006-08-04,15.34865951548086,0
2006-08-07,15.124377250771387,0
2006-08-08,15.06587028513418,0
2006-08-09,15.182883262734277,0
2006-08-10,15.602194786171777,0
2006-08-11,15.34865951548086,0
2006-08-14,15.397415161232813,0
2006-08-15,16.011751175026756,0
2006-08-16,16.28479194651113,0
2006-08-17,16.197031021218162,0
2006-08-18,16.138515472512108,0
2006-08-21,15.914244651894434,0
2006-08-22,15.777718544106348,0
2006-08-23,15.602194786171777,0
2006-08-24,15.621699333290918,0
2006-08-25,15.855731010537012,0
2006-08-28,16.138515472512108,0
2006-08-29,16.811367035012108,0
2006-08-30,17.08440589914785,0
2006-08-31,16.850372314553123,0
2006-09-01,16.88937187204824,0
2006-09-05,16.938135147194725,0
2006-09-06,16.47981834421621,0
2006-09-07,16.518825531105858,0
2006-09-08,17.435451507668358,0
2006-09-11,18.108295440773826,0
2006-09-12,18.010782241921287,0
2006-09-13,17.552467346291404,0
2006-09-14,17.328189849953514,0
2006-09-15,17.6207275391625,0
2006-09-18,17.67923545847402,0
2006-09-19,17.298934936623436,0
2006-09-20,17.123405456642967,0
2006-09-21,17.298934936623436,0
2006-09-22,17.025896072487694,0
2006-09-25,17.435451507668358,0
2006-09-26,17.289182663063865,0
2006-09-27,17.162406921486717,0
2006-09-28,17.006393432717186,0
2006-09-29,16.967386245827537,0
2006-10-02,17.06490135202871,0
2006-10-03,17.0453987122582,0
2006-10-04,17.630477905373436,0
2006-10-05,17.103904724221092,0
2006-10-06,14.763578415016992,0
2006-10-09,14.939103126625879,0
2006-10-10,14.773327827553613,0
2006-10-11,14.792832374672754,0
2006-10-12,14.753826141457422,0
2006-10-13,14.685566902260645,0
2006-10-16,14.900096893410547,1
2006-10-17,14.19799518595205,1
2006-10-18,14.119987487892969,1
2006-10-19,14.110235214333398,1
2006-10-20,13.915207862954004,1
2006-10-23,14.051726341347559,1
2006-10-24,13.934710502724512,1
2006-10-25,14.158992767433984,1
2006-10-26,14.373518943886621,1
2006-10-27,13.817692756752832,1
2006-10-30,14.041975975136621,1
2006-10-31,14.090731620888574,1
2006-11-01,13.827444076638086,1
2006-11-02,13.544655799965723,1
2006-11-03,13.632416725258691,1
2006-11-06,13.96396541605459,1
2006-11-07,13.944462776284082,1
2006-11-08,13.651920318703516,1
2006-11-09,13.232610702614648,1
2006-11-10,13.661670684914453,1
2006-11-13,13.856698989968164,1
2006-11-14,14.578300476174219,1
2006-11-15,14.461282730202539,1
2006-11-16,14.373518943886621,1
2006-11-17,14.207747459511621,1
2006-11-20,14.119987487892969,1
2006-11-21,14.237001419167383,1
2006-11-22,14.636809349160059,1
2006-11-24,14.422277450661523,1
2006-11-27,14.19799518595205,1
2006-11-28,14.13948917398916,1
2006-11-29,14.071228981118066,1
2006-11-30,14.237001419167383,1
2006-12-01,14.110235214333398,1
2006-12-04,14.19799518595205,1
2006-12-05,14.558798790078027,1
2006-12-06,14.471034050087793,1
2006-12-07,14.237001419167383,1
2006-12-08,14.276006698708398,1
2006-12-11,13.866451263527734,1
2006-12-12,13.564157486061914,1
2006-12-13,13.359381675820215,1
2006-12-14,13.456893920998438,1
2006-12-15,13.359381675820215,1
2006-12-18,13.19360637674795,1
2006-12-19,13.01807975779043,1
2006-12-20,13.13509750376211,1
2006-12-21,13.154600143532617,1
2006-12-22,13.593413353066309,1
2006-12-26,13.62266731272207,1
2006-12-27,13.739683151345117,1
2006-12-28,13.671424865822656,1
2006-12-29,13.6129150391625,1
2007-01-03,13.681174278359277,1
2007-01-04,13.44714069376455,1
2007-01-05,13.242362976174219,1
2007-01-08,13.398386001686914,1
2007-01-09,13.330123901467188,1
2007-01-10,13.720181465248926,1
2007-01-11,13.534904480080469,1
2007-01-12,13.876201629738672,1
2007-01-16,13.5739107132958,1
2007-01-17,13.339875221352441,1
2007-01-18,12.92056655893789,1
2007-01-19,12.940069198708398,1
2007-01-22,12.745040893654688,1
2007-01-23,12.608526229958398,1
2007-01-24,12.901066780190332,1
2007-01-25,12.764545440773828,1
2007-01-26,12.871811866860254,1
2007-01-29,12.706037521462305,1
2007-01-30,12.667032241921289,1
2007-01-31,12.628026962380273,1
2007-02-01,12.530510902504785,1
2007-02-02,12.832803726296289,1
2007-02-05,12.793801307778223,1
2007-02-06,12.696287155251367,1
2007-02-07,12.647529602150781,1
2007-02-08,12.579270362954004,1
2007-02-09,12.247722625832422,1
2007-02-12,11.964933395485742,1
2007-02-13,11.906425476174219,1
2007-02-14,12.247722625832422,1
2007-02-15,12.198965072731836,1
2007-02-16,12.013687133889063,1
2007-02-20,11.799159050087793,1
2007-02-21,11.672390937905176,1
2007-02-22,11.857667923073633,1
2007-02-23,12.072197914223535,1
2007-02-26,12.033190727333887,1
2007-02-27,11.604131698708398,1
2007-02-28,11.565126419167383,1
2007-03-01,11.565126419167383,1
2007-03-02,11.535872459511621,1
2007-03-05,11.379849433998926,1
2007-03-06,11.418856620888574,1
2007-03-07,11.15556812296377,1
2007-03-08,11.048304557900293,1
2007-03-09,11.136067390541895,1
2007-03-12,11.116562843422754,1
2007-03-13,10.980046272377832,1
2007-03-14,11.301839828591211,1
2007-03-15,11.27258586893545,1
2007-03-16,11.15556812296377,1
2007-03-19,10.98979377756582,1
2007-03-20,10.98979377756582,1
2007-03-21,11.311591148476465,1
2007-03-22,11.331093788246973,1
2007-03-23,11.301839828591211,1
2007-03-26,11.321344375710352,1
2007-03-27,11.711398124794824,1
2007-03-28,11.711398124794824,1
2007-03-29,11.545624733071191,1
2007-03-30,11.779657363991602,1
2007-04-02,11.828415870766504,1
2007-04-03,11.925926208596094,1
2007-04-04,11.769905090432031,1
2007-04-05,11.22382926950918,1
2007-04-09,10.902033805947168,1
2007-04-10,10.941038131813867,1
2007-04-11,11.019049644570215,1
2007-04-12,11.16532039652334,1
2007-04-13,10.980046272377832,1
2007-04-16,10.794767379860742,1
2007-04-17,10.677752494912012,1
2007-04-18,10.824023246865137,1
2007-04-19,10.853275299172266,1
2007-04-20,10.911783218483789,1
2007-04-23,10.931288719277246,1
2007-04-24,11.301839828591211,1
2007-04-25,11.477364540200098,1
2007-04-26,11.672390937905176,1
2007-04-27,11.399352073769434,1
2007-04-30,11.184822082619531,1
2007-05-01,11.0678071976708,1
2007-05-02,11.16532039652334,1
2007-05-03,11.106812477211816,1
2007-05-04,11.613882064919336,1
2007-05-07,11.662639618019922,1
2007-05-08,11.565126419167383,1
2007-05-09,12.052695274453027,1
2007-05-10,11.828415870766504,1
2007-05-11,12.013687133889063,1
2007-05-14,11.98443603525625,1
2007-05-15,11.769905090432031,1
2007-05-16,11.838164329628809,1
2007-05-17,11.214076042275293,1
2007-05-18,11.184822082619531,1
2007-05-21,11.16532039652334,1
2007-05-22,11.097060203652246,1
2007-05-23,11.243331909279688,1
2007-05-24,11.516372680764063,1
2007-05-25,11.672390937905176,1
2007-05-29,11.662639618019922,1
2007-05-30,11.604131698708398,1
2007-05-31,11.87717342386709,1
2007-06-01,12.286727905373438,1
2007-06-04,12.257472038369043,1
2007-06-05,12.140457153420313,1
2007-06-06,11.935680389504297,1
2007-06-07,11.652888298134668,1
2007-06-08,12.04294490824209,1
2007-06-11,11.69189739237295,1
2007-06-12,11.662639618019922,1
2007-06-13,11.64313793192373,1
2007-06-14,11.925926208596094,1
2007-06-15,12.267228126625879,1
2007-06-18,12.237972259621484,1
2007-06-19,12.130707740883691,1
2007-06-20,12.4037446976708,1
2007-06-21,12.910815239052637,1
2007-06-22,12.511009216408594,1
2007-06-25,12.335485458474023,1
2007-06-26,12.140457153420313,1
2007-06-27,12.345234871010645,1
2007-06-28,12.10145378122793,1
2007-06-29,12.21846866617666,1
2007-07-02,12.169711113076074,1
2007-07-03,12.374489784340723,1
2007-07-05,12.481754303078516,1
2007-07-06,13.115593910317285,1
2007-07-09,13.086341858010156,1
2007-07-10,13.203356742958887,1
2007-07-11,13.495898246865137,1
2007-07-12,13.398386001686914,1
2007-07-13,13.398386001686914,1
2007-07-16,13.632416725258691,1
2007-07-17,13.505650520424707,1
2007-07-18,13.320374488930566,1
2007-07-19,13.26186752329336,1
2007-07-20,13.07658863077627,1
2007-07-23,13.105841636757715,1
2007-07-24,12.725541114907129,1
2007-07-25,12.754793167214258,1
2007-07-26,11.838164329628809,1
2007-07-27,11.574877739052637,1
2007-07-30,11.721149444680078,1
2007-07-31,11.574877739052637,1
2007-08-01,11.799159050087793,1
2007-08-02,11.526121139626367,1
2007-08-03,11.350597381691797,1
2007-08-06,11.34084415445791,1
2007-08-07,11.301839828591211,1
2007-08-08,11.769905090432031,1
2007-08-09,12.189213752846582,1
2007-08-10,11.906425476174219,1
2007-08-13,11.672390937905176,1
2007-08-14,11.23358154306875,1
2007-08-15,10.785018920998438,1
2007-08-16,10.336455345253809,1
2007-08-17,10.716755867104395,1
2007-08-20,10.70700454721914,1
2007-08-21,11.077560424904688,1
2007-08-22,11.16532039652334,1
2007-08-23,10.843523025612695,1
2007-08-24,10.746011734108789,1
2007-08-27,10.950791359047754,1
2007-08-28,10.726508140663965,1
2007-08-29,10.960542678933008,1
2007-08-30,10.931288719277246,1
2007-08-31,11.16532039652334,1
2007-09-04,11.311591148476465,1
2007-09-05,11.077560424904688,1
2007-09-06,11.214076042275293,1
2007-09-07,11.116562843422754,1
2007-09-10,11.350597381691797,1
2007-09-11,11.34084415445791,1
2007-09-12,10.970294952492578,1
2007-09-13,10.999547004799707,1
2007-09-14,10.726508140663965,1
2007-09-17,10.667999267678125,1
2007-09-18,10.89228343973623,1
2007-09-19,10.667999267678125,1
2007-09-20,10.511977195839746,1
2007-09-21,10.46322250376211,1
2007-09-24,10.277945518593652,1
2007-09-25,10.151178360085352,1
2007-09-26,10.482723236183984,1
2007-09-27,11.077560424904688,1
2007-09-28,10.824023246865137,1
2007-10-01,11.0678071976708,1
2007-10-02,11.496868133644922,1
2007-10-03,10.472973823647363,1
2007-10-04,10.34620189676748,1
2007-10-05,10.53148078928457,1
2007-10-08,10.482723236183984,1
2007-10-09,10.37546157846914,1
2007-10-10,10.443717956642969,1
2007-10-11,10.297447204689844,1
2007-10-12,10.2291898728417,1
2007-10-15,10.199934959511621,1
2007-10-16,10.17068099985586,1
2007-10-17,10.112173080544336,1
2007-10-18,10.268195152382715,1
2007-10-19,9.829383850197656,1
2007-10-22,9.741621017556055,1
2007-10-23,9.741621017556055,1
2007-10-24,9.536840438942773,1
2007-10-25,9.195541381935938,1
2007-10-26,9.517339706520898,0
2007-10-29,9.741621017556055,0
2007-10-30,10.092669487099512,0
2007-10-31,10.248693466286523,0
2007-11-01,10.06341552744375,0
2007-11-02,10.209688186745508,0
2007-11-05,9.88789176950918,1
2007-11-06,9.673360824684961,0
2007-11-07,9.25405216227041,0
2007-11-08,9.098029136757715,0
2007-11-09,9.400321006874902,0
2007-11-12,9.088276863198145,0
2007-11-13,9.18579387674795,0
2007-11-14,9.117533683876855,0
2007-11-15,9.010266304116113,1
2007-11-16,8.922503471474512,0
2007-11-19,8.62021255503164,0
2007-11-20,8.317920684914453,0
2007-11-21,7.879108905892236,0
2007-11-23,8.161897659401758,0
2007-11-26,7.820599556069238,1
2007-11-27,7.742590427498682,1
2007-11-28,8.249661445717676,1
2007-11-29,8.02538013468252,1
2007-11-30,8.113141059975488,1
2007-12-03,8.093639373879297,1
2007-12-04,8.386180877785547,1
2007-12-05,8.72747802744375,1
2007-12-06,9.02977180490957,1
2007-12-07,8.805488586525781,1
2007-12-10,8.756731033425195,1
2007-12-11,8.386180877785547,1
2007-12-12,8.434937477211816,0
2007-12-13,8.25941276560293,0
2007-12-14,8.161897659401758,0
2007-12-17,7.6938323975609375,0
2007-12-18,7.606070041756494,0
2007-12-19,7.645074367623193,0
2007-12-20,7.723087310891016,0
2007-12-21,7.342783451180322,0
2007-12-24,7.362285614113672,0
2007-12-26,7.313530922036035,0
2007-12-27,7.177010536293848,0
2007-12-28,7.089247226815088,0
2007-12-31,7.06974458704458,0
2008-01-02,6.8649654389427734,0
2008-01-03,6.777203559975488,0
2008-01-04,6.240877151589258,0
2008-01-07,6.231125831704004,0
2008-01-08,6.026347637276514,0
2008-01-09,6.0458502770470215,0
2008-01-10,6.0458502770470215,0
2008-01-11,5.938586711983545,0
2008-01-14,6.094606876473291,0
2008-01-15,5.6070380211876465,0
2008-01-16,5.782563209633691,0
2008-01-17,5.90933084497915,0
2008-01-18,6.2798824311302734,0
2008-01-22,6.1336140633629395,0
2008-01-23,6.533418655495508,0
2008-01-24,6.816208362679346,0
2008-01-25,6.367645740609033,0
2008-01-28,6.435905933480127,0
2008-01-29,6.699193000893457,0
2008-01-30,6.7869553566979,0
2008-01-31,6.816208362679346,0
2008-02-01,7.61582088480459,0
2008-02-04,7.61582088480459,0
2008-02-05,7.645074367623193,0
2008-02-06,6.816208362679346,0
2008-02-07,6.942976474861963,0
2008-02-08,6.523667812447412,0
2008-02-11,6.660187244515283,0
2008-02-12,6.845462322335107,0
2008-02-13,7.206263542275293,0
2008-02-14,6.991733074288232,0
2008-02-15,6.952727794747217,0
2008-02-19,7.33303165445791,0
2008-02-20,7.61582088480459,0
2008-02-21,7.196512222390039,0
2008-02-22,7.352534294228418,0
2008-02-25,7.576815605263574,0
2008-02-26,7.5280585290001465,0
2008-02-27,7.664578437905176,0
2008-02-28,7.381789207558496,0
2008-02-29,7.33303165445791,0
2008-03-03,6.991733074288232,1
2008-03-04,6.80645751963125,1
2008-03-05,6.855214595894678,1
2008-03-06,6.5724239350365234,1
2008-03-07,6.7089433671043945,1
2008-03-10,6.250629901985986,1
2008-03-11,6.689440727333887,1
2008-03-12,6.33839225779043,1
2008-03-13,6.328639030556543,1
2008-03-14,5.987342357735498,1
2008-03-17,5.870325565438135,1
2008-03-18,5.8410725594566895,1
2008-03-19,5.655795574288232,1
2008-03-20,5.831319809059961,1
2008-03-24,5.694800853829248,1
2008-03-25,5.646043300728662,1
2008-03-26,5.363254070381982,1
2008-03-27,5.3827571869896484,1
2008-03-28,5.324249267678125,1
2008-03-31,5.821568966011865,1
2008-04-01,5.850822448830469,1
2008-04-02,6.231125831704004,1
2008-04-03,6.621181488137109,1
2008-04-04,6.591928005318506,1
2008-04-07,6.523667812447412,1
2008-04-08,6.377396583657129,1
2008-04-09,6.601678371529443,1
2008-04-10,6.816208362679346,1
2008-04-11,6.728446960549219,1
2008-04-14,6.562673568825586,1
2008-04-15,6.591928005318506,1
2008-04-16,7.011236667733057,1
2008-04-17,7.030739784340723,1
2008-04-18,7.216014862160547,1
2008-04-21,7.216014862160547,1
2008-04-22,7.24526834497915,1
2008-04-23,7.401291370491846,1
2008-04-24,7.518308639626367,1
2008-04-25,7.489054203133447,1
2008-04-28,7.67432975779043,1
2008-04-29,7.664578437905176,1
2008-04-30,7.5280585290001465,1
2008-05-01,7.8986124993370606,1
2008-05-02,8.035130500893457,1
2008-05-05,8.064386367897852,1
2008-05-06,8.083888053994043,1
2008-05-07,7.986372947792871,1
2008-05-08,8.015626907448633,1
2008-05-09,8.161897659401758,1
2008-05-12,8.113141059975488,1
2008-05-13,8.12289047251211,1
2008-05-14,8.327672004799707,1
2008-05-15,8.62021255503164,1
2008-05-16,8.62021255503164,1
2008-05-19,8.542202949623926,1
2008-05-20,8.005875587563379,1
2008-05-21,8.15214729319082,1
2008-05-22,7.957122325997217,1
2008-05-23,8.005875587563379,1
2008-05-27,7.937618255715234,1
2008-05-28,8.064386367897852,1
2008-05-29,7.888859272103174,1
2008-05-30,7.869356155495508,1
2008-06-02,7.996122360329492,1
2008-06-03,7.957122325997217,1
2008-06-04,8.20090389261709,1
2008-06-05,8.317920684914453,1
2008-06-06,8.083888053994043,1
2008-06-09,7.820599556069238,1
2008-06-10,7.606070041756494,1
2008-06-11,7.157508373360498,1
2008-06-12,7.157508373360498,1
2008-06-13,7.4695515633629395,1
2008-06-16,7.537810325722559,1
2008-06-17,7.24526834497915,0
2008-06-18,6.972231388192041,1
2008-06-19,7.255020618538721,1
2008-06-20,7.050240993599756,0
2008-06-23,6.835712432961328,0
2008-06-24,7.216014862160547,0
2008-06-25,7.342783451180322,0
2008-06-26,6.816208362679346,0
2008-06-27,5.948336601357324,0
2008-06-30,5.850822448830469,1
2008-07-01,5.646043300728662,1
2008-07-02,5.763060569863184,1
2008-07-03,5.6265411377953125,1
2008-07-07,5.343752384285791,1
2008-07-08,5.3827571869896484,1
2008-07-09,5.324249267678125,1
2008-07-10,5.324249267678125,1
2008-07-11,5.304747104744775,1
2008-07-14,5.148723602394922,1
2008-07-15,5.148723602394922,1
2008-07-16,5.3730058671043945,1
2008-07-17,5.314496994118555,1
2008-07-18,5.558281421761377,0
2008-07-21,5.519277095894678,0
2008-07-22,5.002452850441797,0
2008-07-23,5.002452850441797,0
2008-07-24,4.7879228592918945,0
2008-07-25,4.846432685952051,0
2008-07-28,4.466128826241357,0
2008-07-29,4.563640594582422,0
2008-07-30,4.631901741127832,0
2008-07-31,4.709912300209863,0
2008-08-01,4.553890705208643,0
2008-08-04,4.631901741127832,0
2008-08-05,4.612399578194482,0
2008-08-06,4.856182098488672,0
2008-08-07,4.973199367623193,0
2008-08-08,5.138972759346826,0
2008-08-11,5.255988597969873,0
2008-08-12,5.138972759346826,0
2008-08-13,4.973199367623193,0
2008-08-14,5.236486911873682,0
2008-08-15,5.255988597969873,0
2008-08-18,4.9634480477379395,0
2008-08-19,4.778172016243799,0
2008-08-20,4.583143711190088,0
2008-08-21,4.563640594582422,0
2008-08-22,4.573392391304834,0
2008-08-25,4.378365516762598,0
2008-08-26,4.134581089119775,0
2008-08-27,4.154083728890283,0
2008-08-28,4.183339595894678,0
2008-08-29,4.134581089119775,0
2008-09-02,4.115078449349268,0
2008-09-03,4.212593078713281,0
2008-09-04,4.066322326760156,0
2008-09-05,4.251598358254297,0
2008-09-08,4.300354957680566,0
2008-09-09,4.300354957680566,0
2008-09-10,4.7879228592918945,0
2008-09-11,4.797675609688623,0
2008-09-12,5.002452850441797,0
2008-09-15,4.232095718483789,0
2008-09-16,3.9005486966179443,0
2008-09-17,3.803035020928247,0
2008-09-18,4.154083728890283,0
2008-09-19,4.719663143257959,0
2008-09-22,4.2223429680870606,0
2008-09-23,3.9883124829338623,0
2008-09-24,4.251598358254297,0
2008-09-25,4.553890705208643,0
2008-09-26,4.534387588600977,0
2008-09-29,3.929802894692285,0
2008-09-30,3.9493062497185303,0
2008-10-01,4.1930904389427734,0
2008-10-02,4.368614673714502,0
2008-10-03,4.329609394173486,0
2008-10-06,3.959056854348047,0
2008-10-07,3.812786340813501,0
2008-10-08,3.773780107598169,0
2008-10-09,3.78353214273916,0
2008-10-10,3.4617366791771484,0
2008-10-13,4.1053266526268555,0
2008-10-14,4.397869110207422,0
2008-10-15,3.959056854348047,0
2008-10-16,3.9493062497185303,0
2008-10-17,4.0175652504967285,0
2008-10-20,4.339360237221582,0
2008-10-21,4.35886287699209,-1
2008-10-22,4.232095718483789,-1
2008-10-23,3.8225371838615967,-1
2008-10-24,3.4617366791771484,0
2008-10-27,3.305715322594507,0
2008-10-28,3.647012710671289,0
2008-10-29,3.78353214273916,0
2008-10-30,4.319857120613916,-1
2008-10-31,4.592896938423975,-1
2008-11-03,4.563640594582422,0
2008-11-04,4.856182098488672,0
2008-11-05,4.680657863716943,0
2008-11-06,4.271101474861963,0
2008-11-07,4.368614673714502,0
2008-11-10,3.8907968998955322,0
2008-11-11,3.6372616292046143,0
2008-11-12,3.0229251385735108,0
2008-11-13,3.0229251385735108,-1
2008-11-14,2.681627035240991,-1
2008-11-17,2.5061018467949463,-1
2008-11-18,2.3988378048943115,-1
2008-11-19,2.018533706765039,-1
2008-11-20,1.6479820014046265,-1
2008-11-21,1.8235063553856445,-1
2008-11-24,2.047788381676538,-1
2008-11-25,2.2038097382591797,-1
2008-11-26,2.330577850441797,-1
2008-11-28,2.6718761921928955,-1
2008-12-01,2.184307336907251,-1
2008-12-02,2.038036823372705,-1
2008-12-03,1.9405229092644287,-1
2008-12-04,1.764998436074121,-1
2008-12-05,1.9892805815743042,-1
2008-12-08,2.028285265068872,-1
2008-12-09,2.14530086527334,-1
2008-12-10,2.018533706765039,-1
2008-12-11,1.8040037156151367,-1
2008-12-12,2.018533706765039,-1
2008-12-15,1.8527605534599854,-1
2008-12-16,1.9795284272240234,-1
2008-12-17,2.1160478592918945,-1
2008-12-18,2.5451083184288574,-1
2008-12-19,2.9156599045799805,-1
2008-12-22,2.5451083184288574,-1
2008-12-23,2.301323413948877,-1
2008-12-24,2.5256056786583496,-1
2008-12-26,2.5256056786583496,-1
2008-12-29,2.301323413948877,-1
2008-12-30,2.3793349267052246,-1
2008-12-31,2.574361801247461,-1
2009-01-02,2.769390106301172,-1
2009-01-05,3.237455129723413,-1
2009-01-06,3.383726120095117,-1
2009-01-07,3.1984503270195557,-1
2009-01-08,3.3252177239464356,-1
2009-01-09,3.2082009316490723,-1
2009-01-12,3.0814340115593506,-1
2009-01-13,3.0716819764183594,-1
2009-01-14,2.857151985268457,-1
2009-01-15,2.9156599045799805,-1
2009-01-16,3.31546688089834,-1
2009-01-20,3.0034217835472656,-1
2009-01-21,3.3544716836021973,-1
2009-01-22,3.169196128945215,-1
2009-01-23,3.4714882374809815,-1
2009-01-26,3.31546688089834,-1
2009-01-27,3.403228759865625,0
2009-01-28,3.666515827278955,0
2009-01-29,3.481239080529077,0
2009-01-30,3.6275103093193604,0
2009-02-02,3.5104939938591553,0
2009-02-03,3.666515827278955,0
2009-02-04,3.803035020928247,0
2009-02-05,3.968809127907617,0
2009-02-06,3.9785611630486084,0
2009-02-09,4.212593078713281,0
2009-02-10,3.9200503827141358,0
2009-02-11,3.78353214273916,0
2009-02-12,3.8420400620506836,0
2009-02-13,3.6372616292046143,0
2009-02-17,3.2179529667900635,0
2009-02-18,3.120438575844629,0
2009-02-19,2.9254112244652344,0
2009-02-20,2.740135669808252,0
2009-02-23,2.740135669808252,0
2009-02-24,3.1399412156151367,0
2009-02-25,3.1399412156151367,0
2009-02-26,3.2082009316490723,0
2009-02-27,3.1399412156151367,0
2009-03-02,2.9351627827690674,0
2009-03-03,3.013173818688257,0
2009-03-04,3.120438575844629,0
2009-03-05,3.0716819764183594,0
2009-03-06,2.8376493454979492,0
2009-03-09,2.5158538819359375,0
2009-03-10,2.8083953858421875,0
2009-03-11,3.120438575844629,0
2009-03-12,3.412980079750879,0
2009-03-13,3.5494987965630127,0
2009-03-16,3.5592503548668457,0
2009-03-17,3.588505268196924,0
2009-03-18,3.676267147164209,0
2009-03-19,3.578754186730249,0
2009-03-20,3.3447203637169434,0
2009-03-23,3.7152726651238037,0
2009-03-24,3.6080074311302734,0
2009-03-25,3.6177585125969483,0
2009-03-26,4.115078449349268,0
2009-03-27,4.066322326760156,0
2009-03-30,3.78353214273916,0
2009-03-31,3.959056854348047,0
2009-04-01,4.07607364664541,0
2009-04-02,4.514885902504785,0
2009-04-03,4.388116836647852,0
2009-04-06,4.407619476418359,0
2009-04-07,4.202841758828027,0
2009-04-08,4.173587322335107,0
2009-04-09,4.339360237221582,0
2009-04-13,4.280851364235742,0
2009-04-14,4.1930904389427734,0
2009-04-15,4.388116836647852,0
2009-04-16,4.856182098488672,0
2009-04-17,4.875685691933496,0
2009-04-20,4.475880146126611,0
2009-04-21,4.583143711190088,0
2009-04-22,4.904940605263574,0
2009-04-23,4.797675609688623,0
2009-04-24,4.7391676903771,0
2009-04-27,4.544138431649072,0
2009-04-28,4.446625709633691,0
2009-04-29,4.719663143257959,0
2009-04-30,4.758669853310449,0
2009-05-01,4.768420219521387,0
2009-05-04,5.138972759346826,0
2009-05-05,5.304747104744775,0
2009-05-06,5.255988597969873,0
2009-05-07,4.797675609688623,0
2009-05-08,4.729415416817529,0
2009-05-11,4.544138431649072,0
2009-05-12,4.31010627756582,0
2009-05-13,4.212593078713281,0
2009-05-14,4.436873912911279,0
2009-05-15,4.134581089119775,0
2009-05-18,4.563640594582422,0
2009-05-19,4.729415416817529,0
2009-05-20,4.680657863716943,0
2009-05-21,4.466128826241357,0
2009-05-22,4.397869110207422,0
2009-05-26,4.534387588600977,0
2009-05-27,4.651403904061182,0
2009-05-28,4.7391676903771,0
2009-05-29,4.9341936112450195,0
2009-06-01,5.18773078928457,0
2009-06-02,4.94394588480459,0
2009-06-03,4.846432685952051,0
2009-06-04,5.363254070381982,0
2009-06-05,5.168227672676904,0
2009-06-08,5.168227672676904,0
2009-06-09,5.44126558313833,0
2009-06-10,5.714303970436914,0
2009-06-11,5.451016903023584,0
2009-06-12,5.3339996338890625,0
2009-06-15,5.18773078928457,0
2009-06-16,5.070713996987207,0
2009-06-17,5.168227672676904,0
2009-06-18,5.129220962624414,0
2009-06-19,5.19748067865835,0
2009-06-22,4.89518928537832,0
2009-06-23,4.729415416817529,0
2009-06-24,5.012203693489893,0
2009-06-25,5.168227672676904,0
2009-06-26,4.973199367623193,0
2009-06-29,4.982950687508447,0
2009-06-30,4.9341936112450195,0
2009-07-01,5.051211357216699,0
2009-07-02,4.8366804123924805,0
2009-07-06,4.768420219521387,0
2009-07-07,4.583143711190088,0
2009-07-08,4.602646827797754,0
2009-07-09,4.914691925148828,0
2009-07-10,4.9536967278526856,0
2009-07-13,5.080464840035303,0
2009-07-14,5.18773078928457,0
2009-07-15,5.44126558313833,0
2009-07-16,5.6070380211876465,0
2009-07-17,5.6070380211876465,0
2009-07-20,5.743557453255518,0
2009-07-21,5.70455265055166,0
2009-07-22,6.006843566994531,0
2009-07-23,6.0458502770470215,0
2009-07-24,6.1141109467552734,0
2009-07-27,6.172617435555322,0
2009-07-28,6.240877151589258,0
2009-07-29,6.026347637276514,0
2009-07-30,6.006843566994531,0
2009-07-31,6.231125831704004,0
2009-08-03,6.601678371529443,0
2009-08-04,6.591928005318506,0
2009-08-05,6.5724239350365234,0
2009-08-06,6.621181488137109,0
2009-08-07,6.660187244515283,0
2009-08-10,6.465158462624414,0
2009-08-11,6.63093376169668,0
2009-08-12,6.591928005318506,0
2009-08-13,6.835712432961328,0
2009-08-14,6.552920818428857,0
2009-08-17,6.4066524506615234,0
2009-08-18,6.621181488137109,0
2009-08-19,6.513916015725,0
2009-08-20,6.621181488137109,0
2009-08-21,6.962478160958154,0
2009-08-24,6.913722038369043,0
2009-08-25,7.0209879876183106,0
2009-08-26,7.06974458704458,0
2009-08-27,7.0209879876183106,0
2009-08-28,7.372035980324609,0
2009-08-31,7.1867594719933106,0
2009-09-01,6.845462322335107,0
2009-09-02,6.816208362679346,0
2009-09-03,6.991733074288232,0
2009-09-04,7.167258262734277,0
2009-09-08,7.557312965493066,0
2009-09-09,7.606070041756494,0
2009-09-10,7.927865505318506,0
2009-09-11,7.67432975779043,0
2009-09-14,7.723087310891016,0
2009-09-15,7.947367191414697,0
2009-09-16,8.288664817910059,0
2009-09-17,8.015626907448633,0
2009-09-18,7.996122360329492,0
2009-09-21,8.12289047251211,0
2009-09-22,8.415433883766992,0
2009-09-23,8.327672004799707,0
2009-09-24,7.90836238871084,0
2009-09-25,7.8986124993370606,0
2009-09-28,8.230156898598535,0
2009-09-29,8.191153526406152,0
2009-09-30,7.996122360329492,0
2009-10-01,7.32327938089834,0
2009-10-02,7.2745232583092285,0
2009-10-05,7.771843433480127,0
2009-10-06,7.6938323975609375,0
2009-10-07,8.015626907448633,0
2009-10-08,8.015626907448633,0
2009-10-09,8.561702728371484,0
2009-10-12,8.659218788246973,0
2009-10-13,8.444685936074121,0
2009-10-14,8.688471794228418,0
2009-10-15,8.434937477211816,0
2009-10-16,7.752340316872461,0
2009-10-19,7.849855423073633,0
2009-10-20,7.830350399117334,0
2009-10-21,7.4500484467552734,0
2009-10-22,7.411042213539941,0
2009-10-23,7.264772892098291,0
2009-10-26,7.196512222390039,0
2009-10-27,6.874717712502344,0
2009-10-28,6.660187244515283,0
2009-10-29,7.06974458704458,0
2009-10-30,6.621181488137109,0
2009-11-02,6.4164018631981445,0
2009-11-03,6.48466157923208,0
2009-11-04,6.562673568825586,0
2009-11-05,7.059993743996484,0
2009-11-06,6.903971195320947,0
2009-11-09,7.32327938089834,0
2009-11-10,7.216014862160547,0
2009-11-11,7.33303165445791,0
2009-11-12,7.4207940102623535,0
2009-11-13,7.32327938089834,0
2009-11-16,7.4500484467552734,0
2009-11-17,7.5280585290001465,0
2009-11-18,7.294025421242578,0
2009-11-19,6.942976474861963,0
2009-11-20,7.079496383766992,0
2009-11-23,7.33303165445791,0
2009-11-24,7.342783451180322,0
2009-11-25,7.2745232583092285,0
2009-11-27,7.118500709633691,0
2009-11-30,7.33303165445791,0
2009-12-01,7.576815605263574,0
2009-12-02,7.957122325997217,0
2009-12-03,8.161897659401758,0
2009-12-04,8.239909172158105,0
2009-12-07,8.317920684914453,0
2009-12-08,8.386180877785547,0
2009-12-09,8.37642765055166,0
2009-12-10,8.503196716408594,0
2009-12-11,8.425186157326563,0
2009-12-14,8.76648235331045,1
2009-12-15,8.590959549050195,0
2009-12-16,8.58120346079336,0
2009-12-17,8.512948036293848,0
2009-12-18,8.561702728371484,0
2009-12-21,9.078526496987207,0
2009-12-22,9.176040649514063,0
2009-12-23,9.741621017556055,0
2009-12-24,9.907393455605371,0
2009-12-28,9.79037857065664,0
2009-12-29,10.121922493080957,0
2009-12-30,10.37546157846914,0
2009-12-31,10.297447204689844,0
2010-01-04,10.580239296059473,0
2010-01-05,10.89228343973623,0
2010-01-06,10.941038131813867,0
2010-01-07,10.570486068825586,0
2010-01-08,10.824023246865137,0
2010-01-11,10.62899398813711,0
2010-01-12,10.004905700783594,0
2010-01-13,10.199934959511621,0
2010-01-14,10.46322250376211,0
2010-01-15,9.878140449623926,0
2010-01-19,10.024407386879785,0
2010-01-20,9.731867790322168,0
2010-01-21,9.556344032387598,0
2010-01-22,8.903002739052637,0
2010-01-25,9.098029136757715,0
2010-01-26,9.205293655495508,0
2010-01-27,9.4783353806542,0
2010-01-28,9.166287422280176,0
2010-01-29,8.503196716408594,0
2010-02-01,8.942009925942285,0
2010-02-02,9.117533683876855,0
2010-02-03,8.795738220314844,0
2010-02-04,8.395930290322168,0
2010-02-05,8.48369312296377,0
2010-02-08,8.688471794228418,0
2010-02-09,8.854244232277734,0
2010-02-10,8.327672004799707,0
2010-02-11,8.317920684914453,0
2010-02-12,8.230156898598535,0
2010-02-16,8.415433883766992,0
2010-02-17,8.512948036293848,0
2010-02-18,8.542202949623926,0
2010-02-19,8.678720474343164,0
2010-02-22,8.71772575388418,0
2010-02-23,8.395930290322168,0
2010-02-24,8.863996505837305,0
2010-02-25,8.844494819741113,0
2010-02-26,8.834744453530176,0
2010-03-01,9.527091980080469,0
2010-03-02,9.332064628701074,0
2010-03-03,9.215043068032129,0
2010-03-04,9.176040649514063,1
2010-03-05,9.224799156288965,1
2010-03-08,9.351564407448633,1
2010-03-09,9.176040649514063,1
2010-03-10,9.624604225258691,1
2010-03-11,9.556344032387598,1
2010-03-12,9.722118377785547,1
2010-03-15,9.488080978493555,1
2010-03-16,9.95615005503164,1
2010-03-17,10.141427993874414,1
2010-03-18,9.907393455605371,0
2010-03-19,9.702617645363672,0
2010-03-22,10.073165893654688,0
2010-03-23,10.277945518593652,0
2010-03-24,10.17068099985586,0
2010-03-25,10.121922493080957,0
2010-03-26,10.2291898728417,0
2010-03-29,10.365707397560938,0
2010-03-30,10.521730423073633,0
2010-03-31,10.112173080544336,0
2010-04-01,9.917144775490625,0
2010-04-05,10.336455345253809,0
2010-04-06,9.975653648476465,0
2010-04-07,10.297447204689844,0
2010-04-08,10.316950798134668,0
2010-04-09,10.46322250376211,0
2010-04-12,10.550984382729395,0
2010-04-13,10.492476463417871,0
2010-04-14,11.019049644570215,0
2010-04-15,10.902033805947168,0
2010-04-16,10.64849853525625,0
2010-04-19,10.521730423073633,0
2010-04-20,10.482723236183984,0
2010-04-21,10.472973823647363,0
2010-04-22,10.658249855141504,0
2010-04-23,10.726508140663965,0
2010-04-26,10.69725513468252,1
2010-04-27,10.082919120888574,1
2010-04-28,9.985403061013086,1
2010-04-29,9.95615005503164,0
2010-04-30,9.117533683876855,0
2010-05-03,9.6441068650292,0
2010-05-04,9.283308982949121,0
2010-05-05,9.02977180490957,1
2010-05-06,8.532450676064355,1
2010-05-07,8.356922149758203,1
2010-05-10,8.863996505837305,1
2010-05-11,8.600709915261133,1
2010-05-12,9.098029136757715,1
2010-05-13,8.912755012612207,1
2010-05-14,8.71772575388418,1
2010-05-17,8.942009925942285,1
2010-05-18,8.854244232277734,1
2010-05-19,8.737229347329004,1
2010-05-20,8.522699356179102,1
2010-05-21,8.707975387673242,1
2010-05-24,8.571455955605371,1
2010-05-25,8.58120346079336,1
2010-05-26,8.473942756752832,1
2010-05-27,9.205293655495508,1
2010-05-28,8.863996505837305,1
2010-06-01,8.444685936074121,1
2010-06-02,8.951760292153223,1
2010-06-03,9.010266304116113,1
2010-06-04,8.639714241127832,1
2010-06-07,8.171648979287012,1
2010-06-08,8.327672004799707,1
2010-06-09,8.317920684914453,1
2010-06-10,8.551952362160547,1
2010-06-11,8.707975387673242,1
2010-06-14,8.688471794228418,1
2010-06-15,9.439326286415918,1
2010-06-16,9.663609504799707,1
2010-06-17,9.673360824684961,1
2010-06-18,9.751371383766992,1
2010-06-21,9.673360824684961,1
2010-06-22,9.400321006874902,1
2010-06-23,9.575845718483789,1
2010-06-24,9.380820274453027,1
2010-06-25,9.224799156288965,1
2010-06-28,9.770874977211816,1
2010-06-29,8.454438209633691,1
2010-06-30,8.278914451699121,1
2010-07-01,8.171648979287012,1
2010-07-02,8.015626907448633,1
2010-07-06,8.142395973305566,1
2010-07-07,8.668967247109277,1
2010-07-08,8.473942756752832,1
2010-07-09,8.356922149758203,1
2010-07-12,8.337424278359277,1
2010-07-13,8.512948036293848,1
2010-07-14,8.532450676064355,1
2010-07-15,8.444685936074121,1
2010-07-16,8.064386367897852,1
2010-07-19,8.220406532387598,1
2010-07-20,8.239909172158105,1
2010-07-21,7.966869831185205,1
2010-07-22,8.327672004799707,1
2010-07-23,8.26916217813955,1
2010-07-26,8.298416137795313,1
2010-07-27,8.220406532387598,1
2010-07-28,8.035130500893457,1
2010-07-29,7.5865678788231445,1
2010-07-30,7.098997593026025,1
2010-08-02,7.459799289803369,1
2010-08-03,7.284274578194482,1
2010-08-04,7.4500484467552734,1
2010-08-05,7.508554935555322,1
2010-08-06,7.391538620095117,1
2010-08-09,7.352534294228418,1
2010-08-10,7.089247226815088,1
2010-08-11,6.972231388192041,1
2010-08-12,7.1867594719933106,1
2010-08-13,7.098997593026025,1
2010-08-16,7.001483917336328,1
2010-08-17,7.128253936867578,1
2010-08-18,7.264772892098291,1
2010-08-19,7.001483917336328,1
2010-08-20,6.942976474861963,1
2010-08-23,7.196512222390039,1
2010-08-24,6.884469509224756,1
2010-08-25,6.923473358254297,1
2010-08-26,6.611430645089014,1
2010-08-27,6.660187244515283,1
2010-08-30,6.377396583657129,1
2010-08-31,6.2993855477379395,1
2010-09-01,6.562673568825586,1
2010-09-02,6.660187244515283,1
2010-09-03,6.874717712502344,1
2010-09-07,6.582176208596094,1
2010-09-08,6.435905933480127,1
2010-09-09,6.63093376169668,1
2010-09-10,6.348143577675684,1
2010-09-13,6.874717712502344,1
2010-09-14,7.089247226815088,1
2010-09-15,6.767452240090234,1
2010-09-16,6.923473358254297,1
2010-09-17,6.591928005318506,1
2010-09-20,6.767452240090234,1
2010-09-21,6.7089433671043945,1
2010-09-22,6.552920818428857,1
2010-09-23,6.504164695839746,1
2010-09-24,7.0209879876183106,1
2010-09-27,6.855214595894678,1
2010-09-28,6.972231388192041,1
2010-09-29,7.108750343422754,1
2010-09-30,7.030739784340723,1
2010-10-01,7.108750343422754,1
2010-10-04,6.816208362679346,1
2010-10-05,6.757699489693506,1
2010-10-06,6.777203559975488,1
2010-10-07,6.933225631813867,1
2010-10-08,7.401291370491846,1
2010-10-11,7.479301929573877,1
2010-10-12,7.557312965493066,1
2010-10-13,7.459799289803369,1
2010-10-14,7.401291370491846,1
2010-10-15,7.4207940102623535,1
2010-10-18,7.352534294228418,1
2010-10-19,7.118500709633691,1
2010-10-20,7.498803615670068,1
2010-10-21,7.313530922036035,1
2010-10-22,7.498803615670068,1
2010-10-25,7.61582088480459,1
2010-10-26,7.5280585290001465,1
2010-10-27,7.771843433480127,1
2010-10-28,7.742590427498682,1
2010-10-29,8.054633140663965,1
2010-11-01,7.937618255715234,1
2010-11-02,7.90836238871084,1
2010-11-03,7.888859272103174,1
2010-11-04,8.347174644570215,1
2010-11-05,8.444685936074121,1
2010-11-08,8.035130500893457,1
2010-11-09,7.703584671120508,1
2010-11-10,7.67432975779043,1
2010-11-11,7.654826641182764,1
2010-11-12,7.5280585290001465,1
2010-11-15,7.2355170250938965,1
2010-11-16,7.04049015055166,1
2010-11-17,6.923473358254297,1
2010-11-18,7.108750343422754,1
2010-11-19,7.206263542275293,1
2010-11-22,7.138003349404199,1
2010-11-23,7.2355170250938965,1
2010-11-24,7.557312965493066,1
2010-11-26,7.440296650032861,1
2010-11-29,7.381789207558496,1
2010-11-30,7.089247226815088,1
2010-12-01,7.206263542275293,1
2010-12-02,7.713335037331445,1
2010-12-03,7.723087310891016,1
2010-12-06,7.762091636757715,1
2010-12-07,7.723087310891016,1
2010-12-08,7.742590427498682,1
2010-12-09,7.986372947792871,1
2010-12-10,8.044881820778711,1
2010-12-13,7.937618255715234,1
2010-12-14,7.869356155495508,1
2010-12-15,7.723087310891016,1
2010-12-16,7.849855423073633,1
2010-12-17,8.005875587563379,1
2010-12-20,7.918113708596094,1
2010-12-21,7.937618255715234,1
2010-12-22,8.074134826760156,1
2010-12-23,7.742590427498682,1
2010-12-27,7.61582088480459,1
2010-12-28,7.56706428537832,1
2010-12-29,7.557312965493066,1
2010-12-30,7.703584671120508,1
2010-12-31,7.820599556069238,1
2011-01-03,8.074134826760156,1
2011-01-04,8.230156898598535,1
2011-01-05,8.327672004799707,1
2011-01-06,8.366679191689355,1
2011-01-07,8.434937477211816,1
2011-01-10,8.337424278359277,1
2011-01-11,8.503196716408594,1
2011-01-12,9.107781410317285,1
2011-01-13,9.390570640663965,1
2011-01-14,9.468581199745996,1
2011-01-18,9.419824600319727,1
2011-01-19,9.13703727732168,1
2011-01-20,9.361315727333887,1
2011-01-21,9.595351219277246,1
2011-01-24,9.800128936867578,1
2011-01-25,9.731867790322168,1
2011-01-26,9.702617645363672,1
2011-01-27,10.326704025368555,1
2011-01-28,10.112173080544336,1
2011-01-31,10.277945518593652,1
2011-02-01,10.541231155495508,1
2011-02-02,10.619244575600488,1
2011-02-03,10.62899398813711,1
2011-02-04,10.775266647438867,1
2011-02-07,11.009298324684961,1
2011-02-08,11.15556812296377,1
2011-02-09,10.980046272377832,1
2011-02-10,11.028802871804102,1
2011-02-11,11.038554191689355,1
2011-02-14,11.360346794228418,1
2011-02-15,11.379849433998926,1
2011-02-16,11.34084415445791,1
2011-02-17,11.50661849985586,1
2011-02-18,11.40910530100332,1
2011-02-22,10.64849853525625,1
2011-02-23,10.28769588480459,1
2011-02-24,10.63874626169668,1
2011-02-25,11.15556812296377,1
2011-02-28,10.853275299172266,1
2011-03-01,10.687504768471582,1
2011-03-02,10.81427001963125,1
2011-03-03,11.28233528147207,1
2011-03-04,11.350597381691797,1
2011-03-07,10.755763053994043,1
2011-03-08,10.619244575600488,1
2011-03-09,10.06341552744375,1
2011-03-10,9.683112144570215,1
2011-03-11,9.985403061013086,1
2011-03-14,10.102422714333398,1
2011-03-15,10.17068099985586,1
2011-03-16,9.809881210427148,1
2011-03-17,9.95615005503164,1
2011-03-18,9.819633483986719,1
2011-03-21,10.102422714333398,1
2011-03-22,10.092669487099512,1
2011-03-23,10.34620189676748,1
2011-03-24,11.214076042275293,1
2011-03-25,11.262833595375879,1
2011-03-28,11.262833595375879,1
2011-03-29,11.46761417398916,1
2011-03-30,11.292086601357324,1
2011-03-31,11.184822082619531,1
2011-04-01,11.019049644570215,1
2011-04-04,10.911783218483789,1
2011-04-05,10.746011734108789,1
2011-04-06,10.960542678933008,1
2011-04-07,10.863029480080469,1
2011-04-08,10.794767379860742,1
2011-04-11,10.472973823647363,1
2011-04-12,10.268195152382715,1
2011-04-13,10.35595703135,1
2011-04-14,10.385210991005762,1
2011-04-15,10.482723236183984,1
2011-04-18,10.160929679970605,1
2011-04-19,10.258441925148828,1
2011-04-20,11.106812477211816,1
2011-04-21,11.23358154306875,1
2011-04-25,11.048304557900293,1
2011-04-26,11.321344375710352,1
2011-04-27,11.50661849985586,1
2011-04-28,11.194574356179102,1
2011-04-29,11.038554191689355,1
2011-05-02,10.960542678933008,1
2011-05-03,10.62899398813711,1
2011-05-04,10.472973823647363,1
2011-05-05,10.63874626169668,1
2011-05-06,10.599742889504297,1
2011-05-09,10.199934959511621,1
2011-05-10,10.365707397560938,1
2011-05-11,10.151178360085352,1
2011-05-12,10.3949613572167,1
2011-05-13,10.141427993874414,1
2011-05-16,10.28769588480459,1
2011-05-17,9.692865371804102,1
2011-05-18,9.809881210427148,1
2011-05-19,9.917144775490625,1
2011-05-20,9.751371383766992,1
2011-05-23,9.468581199745996,1
2011-05-24,9.380820274453027,1
2011-05-25,9.37106704721914,1
2011-05-26,9.546591758828027,1
2011-05-27,9.770874977211816,1
2011-05-31,9.946398735146387,1
2011-06-01,9.322311401467188,1
2011-06-02,9.176040649514063,1
2011-06-03,8.932257652382715,1
2011-06-06,8.815238952736719,1
2011-06-07,8.72747802744375,1
2011-06-08,8.288664817910059,1
2011-06-09,8.278914451699121,1
2011-06-10,8.230156898598535,1
2011-06-13,8.083888053994043,1
2011-06-14,8.191153526406152,1
2011-06-15,7.869356155495508,1
2011-06-16,7.67432975779043,1
2011-06-17,7.635324001412256,1
2011-06-20,7.713335037331445,1
2011-06-21,7.937618255715234,1
2011-06-22,7.966869831185205,1
2011-06-23,8.220406532387598,1
2011-06-24,7.030739784340723,1
2011-06-27,7.157508373360498,1
2011-06-28,7.167258262734277,1
2011-06-29,7.284274578194482,1
2011-06-30,7.294025421242578,1
2011-07-01,7.635324001412256,1
2011-07-05,7.5865678788231445,1
2011-07-06,7.372035980324609,1
2011-07-07,7.625572681527002,1
2011-07-08,7.489054203133447,1
2011-07-11,7.30377721796499,1
2011-07-12,7.128253936867578,1
2011-07-13,7.30377721796499,1
2011-07-14,7.108750343422754,1
2011-07-15,7.225766658882959,1
2011-07-18,7.050240993599756,1
2011-07-19,7.33303165445791,1
2011-07-20,7.411042213539941,1
2011-07-21,7.459799289803369,1
2011-07-22,7.888859272103174,1
2011-07-25,7.6938323975609375,1
2011-07-26,7.664578437905176,1
2011-07-27,7.24526834497915,1
2011-07-28,7.2355170250938965,1
2011-07-29,7.1867594719933106,1
2011-08-01,7.225766658882959,1
2011-08-02,6.8649654389427734,1
2011-08-03,6.816208362679346,1
2011-08-04,6.240877151589258,1
2011-08-05,6.1531147957848145,1
2011-08-08,5.568033695320947,1
2011-08-09,6.036098957161768,1
2011-08-10,5.577784061531885,1
2011-08-11,6.2116241456078125,1
2011-08-12,6.026347637276514,1
2011-08-15,6.3188886643456055,1
2011-08-16,6.1336140633629395,1
2011-08-17,5.958088398079736,1
2011-08-18,5.4997735024498535,1
2011-08-19,5.119470596413477,1
2011-08-22,5.129220962624414,1
2011-08-23,5.519277095894678,1
2011-08-24,5.168227672676904,1
2011-08-25,5.2462382317589356,1
2011-08-26,5.519277095894678,1
2011-08-29,5.997093200783594,1
2011-08-30,5.802065849404199,1
2011-08-31,5.763060569863184,1
2011-09-01,5.597287178139551,1
2011-09-02,5.363254070381982,1
2011-09-06,5.529028415779932,1
2011-09-07,5.90933084497915,1
2011-09-08,6.094606876473291,1
2011-09-09,6.19212007532583,1
2011-09-12,6.523667812447412,1
2011-09-13,6.689440727333887,1
2011-09-14,7.0209879876183106,1
2011-09-15,6.8649654389427734,1
2011-09-16,6.855214595894678,1
2011-09-19,6.7089433671043945,1
2011-09-20,6.679690837960107,1
2011-09-21,6.445656776528223,1
2011-09-22,6.270131588082178,1
2011-09-23,6.48466157923208,1
2011-09-26,6.4164018631981445,1
2011-09-27,6.2993855477379395,1
2011-09-28,5.9678401948021484,1
2011-09-29,5.72405481348501,1
2011-09-30,4.914691925148828,1
2011-10-03,4.2223429680870606,1
2011-10-04,4.407619476418359,1
2011-10-05,4.82692813883291,1
2011-10-06,4.8366804123924805,1
2011-10-07,4.82692813883291,1
2011-10-10,5.031707763771875,1
2011-10-11,5.070713996987207,1
2011-10-12,5.070713996987207,1
2011-10-13,5.3827571869896484,1
2011-10-14,5.558281421761377,1
2011-10-17,5.304747104744775,1
2011-10-18,5.6265411377953125,1
2011-10-19,5.392509460549219,1
2011-10-20,5.451016903023584,1
2011-10-21,5.324249267678125,1
2011-10-24,5.519277095894678,1
2011-10-25,5.35350227365957,1
2011-10-26,5.3339996338890625,1
2011-10-27,5.558281421761377,1
2011-10-28,5.73380708704458,1
2011-10-31,5.451016903023584,1
2011-11-01,5.158475399117334,1
2011-11-02,5.294994831185205,1
2011-11-03,5.694800853829248,1
2011-11-04,5.743557453255518,1
2011-11-07,5.70455265055166,1
2011-11-08,5.763060569863184,1
2011-11-09,5.216983795266016,1
2011-11-10,5.051211357216699,1
2011-11-11,5.294994831185205,1
2011-11-14,5.216983795266016,1
2011-11-15,5.324249267678125,0
2011-11-16,6.5724239350365234,1
2011-11-17,6.172617435555322,1
2011-11-18,6.1336140633629395,1
2011-11-21,5.938586711983545,0
2011-11-22,5.948336601357324,0
2011-11-23,5.568033695320947,0
2011-11-25,5.363254070381982,0
2011-11-28,5.480271339516504,0
2011-11-29,5.4997735024498535,0
2011-11-30,5.8410725594566895,1
2011-12-01,5.743557453255518,1
2011-12-02,5.655795574288232,1
2011-12-05,5.587536811928613,1
2011-12-06,5.509524822335107,1
2011-12-07,5.90933084497915,1
2011-12-08,5.6752986908958984,1
2011-12-09,5.743557453255518,1
2011-12-12,5.6752986908958984,1
2011-12-13,5.470519065956934,1
2011-12-14,5.314496994118555,1
2011-12-15,5.412011623482568,1
2011-12-16,5.538780212502344,1
2011-12-19,5.314496994118555,1
2011-12-20,5.646043300728662,1
2011-12-21,5.402259826760156,1
2011-12-22,6.250629901985986,1
2011-12-23,6.240877151589258,1
2011-12-27,6.094606876473291,1
2011-12-28,6.016595363716943,1
2011-12-29,6.1141109467552734,1
2011-12-30,6.1336140633629395,1
2012-01-03,6.591928005318506,1
2012-01-04,6.816208362679346,1
2012-01-05,6.981982708077295,1
2012-01-06,7.0209879876183106,1
2012-01-09,7.108750343422754,1
2012-01-10,7.06974458704458,1
2012-01-11,7.04049015055166,1
2012-01-12,7.089247226815088,0
2012-01-13,7.050240993599756,1
2012-01-17,6.981982708077295,1
2012-01-18,7.459799289803369,1
2012-01-19,7.684080124001367,1
2012-01-20,7.56706428537832,1
2012-01-23,7.67432975779043,1
2012-01-24,7.752340316872461,1
2012-01-25,7.664578437905176,1
2012-01-26,7.362285614113672,1
2012-01-27,7.24526834497915,1
2012-01-30,7.372035980324609,1
2012-01-31,7.411042213539941,1
2012-02-01,7.508554935555322,1
2012-02-02,7.5280585290001465,1
2012-02-03,7.752340316872461,1
2012-02-06,7.537810325722559,1
2012-02-07,7.684080124001367,1
2012-02-08,7.966869831185205,1
2012-02-09,7.957122325997217,1
2012-02-10,7.713335037331445,1
2012-02-13,7.654826641182764,1
2012-02-14,8.132644653420313,1
2012-02-15,8.074134826760156,1
2012-02-16,8.249661445717676,1
2012-02-17,8.220406532387598,1
2012-02-21,8.005875587563379,1
2012-02-22,7.8401007653282715,1
2012-02-23,7.625572681527002,1
2012-02-24,7.752340316872461,1
2012-02-27,8.347174644570215,1
2012-02-28,8.659218788246973,1
2012-02-29,8.337424278359277,1
2012-03-01,8.493444442849023,1
2012-03-02,8.434937477211816,1
2012-03-05,7.996122360329492,1
2012-03-06,7.801097393135889,1
2012-03-07,7.888859272103174,1
2012-03-08,7.957122325997217,1
2012-03-09,8.12289047251211,1
2012-03-12,7.879108905892236,1
2012-03-13,8.278914451699121,1
2012-03-14,8.366679191689355,1
2012-03-15,8.610462188820703,1
2012-03-16,8.600709915261133,1
2012-03-19,8.415433883766992,1
2012-03-20,8.356922149758203,1
2012-03-21,8.522699356179102,1
2012-03-22,8.493444442849023,1
2012-03-23,8.191153526406152,1
2012-03-26,8.044881820778711,1
2012-03-27,8.366679191689355,1
2012-03-28,8.425186157326563,1
2012-03-29,8.210653305153711,1
2012-03-30,7.8986124993370606,1
2012-04-02,7.8986124993370606,1
2012-04-03,7.791345119576318,1
2012-04-04,7.4695515633629395,1
2012-04-05,7.401291370491846,1
2012-04-09,7.167258262734277,1
2012-04-10,6.972231388192041,1
2012-04-11,6.991733074288232,1
2012-04-12,6.972231388192041,1
2012-04-13,6.7869553566979,1
2012-04-16,6.942976474861963,1
2012-04-17,7.059993743996484,1
2012-04-18,6.894218921761377,1
2012-04-19,6.835712432961328,1
2012-04-20,6.474910259346826,1
2012-04-23,6.465158462624414,1
2012-04-24,6.348143577675684,1
2012-04-25,6.3578948975609375,1
2012-04-26,6.435905933480127,1
2012-04-27,6.4066524506615234,1
2012-04-30,6.426154613594873,1
2012-05-01,6.513916015725,1
2012-05-02,6.650435447792871,1
2012-05-03,6.30913782129751,1
2012-05-04,6.387148857216699,1
2012-05-07,6.33839225779043,1
2012-05-08,6.084855556588037,1
2012-05-09,6.2018723488854,1
2012-05-10,6.1336140633629395,1
2012-05-11,6.2018723488854,1
2012-05-14,6.055601120095117,1
2012-05-15,5.870325565438135,1
2012-05-16,5.997093200783594,1
2012-05-17,5.802065849404199,1
2012-05-18,5.490023136238916,1
2012-05-21,5.636292934517725,1
2012-05-22,5.568033695320947,1
2012-05-23,5.6070380211876465,1
2012-05-24,5.597287178139551,1
2012-05-25,5.8118181229637695,1
2012-05-29,5.9678401948021484,1
2012-05-30,5.8410725594566895,1
2012-05-31,5.694800853829248,1
2012-06-01,5.314496994118555,1
2012-06-04,5.255988597969873,1
2012-06-05,5.46076774607168,1
2012-06-06,5.6070380211876465,1
2012-06-07,5.529028415779932,1
2012-06-08,5.73380708704458,1
2012-06-11,5.568033695320947,1
2012-06-12,5.772812366585596,1
2012-06-13,5.714303970436914,1
2012-06-14,5.616790771584375,1
2012-06-15,5.743557453255518,1
2012-06-18,5.7923150063561035,0
2012-06-19,5.948336601357324,0
2012-06-20,5.9678401948021484,1
2012-06-21,5.509524822335107,1
2012-06-22,5.597287178139551,1
2012-06-25,5.451016903023584,1
2012-06-26,5.490023136238916,1
2012-06-27,5.577784061531885,1
2012-06-28,5.821568966011865,1
2012-06-29,6.1531147957848145,1
2012-07-02,6.387148857216699,1
2012-07-03,6.718695163826807,1
2012-07-05,6.640683174233301,1
2012-07-06,6.552920818428857,1
2012-07-09,6.328639030556543,1
2012-07-10,6.006843566994531,1
2012-07-11,6.055601120095117,1
2012-07-12,5.977591514687402,1
2012-07-13,5.977591514687402,1
2012-07-16,5.850822448830469,1
2012-07-17,5.6265411377953125,1
2012-07-18,5.694800853829248,1
2012-07-19,5.636292934517725,1
2012-07-20,5.685051441292627,1
2012-07-23,5.480271339516504,1
2012-07-24,5.587536811928613,1
2012-07-25,5.694800853829248,1
2012-07-26,5.8118181229637695,1
2012-07-27,6.123861312966211,1
2012-07-30,5.958088398079736,1
2012-07-31,6.055601120095117,1
2012-08-01,6.1141109467552734,1
2012-08-02,6.006843566994531,1
2012-08-03,6.172617435555322,1
2012-08-06,6.4066524506615234,1
2012-08-07,6.650435447792871,1
2012-08-08,6.718695163826807,1
2012-08-09,6.640683174233301,1
2012-08-10,6.591928005318506,1
2012-08-13,6.552920818428857,1
2012-08-14,6.387148857216699,1
2012-08-15,6.328639030556543,1
2012-08-16,6.445656776528223,1
2012-08-17,6.4066524506615234,1
2012-08-20,6.328639030556543,1
2012-08-21,6.2993855477379395,1
2012-08-22,6.162868023018701,1
2012-08-23,6.104357719521387,1
2012-08-24,6.143363952736719,1
2012-08-27,6.075104236702783,1
2012-08-28,6.0458502770470215,1
2012-08-29,6.0458502770470215,1
2012-08-30,6.026347637276514,1
2012-08-31,6.055601120095117,1
2012-09-04,5.938586711983545,1
2012-09-05,6.036098957161768,1
2012-09-06,6.513916015725,1
2012-09-07,6.2603816987083984,1
2012-09-10,6.250629901985986,1
2012-09-11,6.2018723488854,1
2012-09-12,6.30913782129751,1
2012-09-13,6.435905933480127,1
2012-09-14,6.533418655495508,1
2012-09-17,6.4066524506615234,1
2012-09-18,6.3188886643456055,1
2012-09-19,6.48466157923208,1
2012-09-20,6.289635181527002,1
2012-09-21,6.2018723488854,1
2012-09-24,6.104357719521387,1
2012-09-25,5.958088398079736,1
2012-09-26,5.7923150063561035,1
2012-09-27,5.870325565438135,1
2012-09-28,5.831319809059961,1
2012-10-01,5.6265411377953125,1
2012-10-02,5.694800853829248,1
2012-10-03,5.694800853829248,1
2012-10-04,5.73380708704458,1
2012-10-05,5.743557453255518,1
2012-10-08,5.70455265055166,1
2012-10-09,5.616790771584375,1
2012-10-10,5.616790771584375,1
2012-10-11,5.6070380211876465,1
2012-10-12,5.529028415779932,1
2012-10-15,5.577784061531885,1
2012-10-16,5.636292934517725,1
2012-10-17,5.636292934517725,1
2012-10-18,5.509524822335107,1
2012-10-19,5.314496994118555,1
2012-10-22,5.304747104744775,1
2012-10-23,5.275492191414697,1
2012-10-24,5.041459560494287,1
2012-10-25,5.548530101876123,1
2012-10-26,5.3339996338890625,1
2012-10-31,5.294994831185205,1
2012-11-01,5.646043300728662,1
2012-11-02,5.568033695320947,1
2012-11-05,5.694800853829248,1
2012-11-06,5.938586711983545,1
2012-11-07,5.763060569863184,1
2012-11-08,5.548530101876123,1
2012-11-09,5.480271339516504,1
2012-11-12,5.431514740090234,1
2012-11-13,5.597287178139551,1
2012-11-14,5.421761512856348,1
2012-11-15,5.3339996338890625,1
2012-11-16,5.3339996338890625,1
2012-11-19,5.402259826760156,1
2012-11-20,5.421761512856348,1
2012-11-21,5.3827571869896484,1
2012-11-23,5.538780212502344,1
2012-11-26,5.558281421761377,1
2012-11-27,5.538780212502344,1
2012-11-28,5.6265411377953125,1
2012-11-29,5.763060569863184,1
2012-11-30,5.821568966011865,1
2012-12-03,5.782563209633691,1
2012-12-04,5.889828682045801,1
2012-12-05,6.026347637276514,1
2012-12-06,6.250629901985986,1
2012-12-07,6.2798824311302734,1
2012-12-10,6.504164695839746,1
2012-12-11,6.601678371529443,1
2012-12-12,6.543170929055078,1
2012-12-13,6.494414329628809,1
2012-12-14,6.679690837960107,1
2012-12-17,6.445656776528223,1
2012-12-18,6.533418655495508,1
2012-12-19,6.650435447792871,1
2012-12-20,6.621181488137109,1
2012-12-21,6.162868023018701,1
2012-12-24,6.075104236702783,1
2012-12-26,6.026347637276514,1
2012-12-27,6.065353870491846,1
2012-12-28,5.977591514687402,1
2012-12-31,6.182369709114893,1
2013-01-02,6.465158462624414,1
2013-01-03,6.728446960549219,1
2013-01-04,6.7869553566979,1
2013-01-07,7.001483917336328,1
2013-01-08,7.050240993599756,1
2013-01-09,7.128253936867578,1
2013-01-10,7.2355170250938965,1
2013-01-11,7.352534294228418,1
2013-01-14,7.411042213539941,1
2013-01-15,7.411042213539941,1
2013-01-16,7.479301929573877,1
2013-01-17,7.61582088480459,1
2013-01-18,7.6938323975609375,1
2013-01-22,7.645074367623193,1
2013-01-23,7.5865678788231445,1
2013-01-24,7.635324001412256,1
2013-01-25,7.67432975779043,1
2013-01-28,7.625572681527002,1
2013-01-29,7.391538620095117,1
2013-01-30,7.459799289803369,1
2013-01-31,7.372035980324609,1
2013-02-01,7.635324001412256,1
2013-02-04,7.56706428537832,1
2013-02-05,7.67432975779043,1
2013-02-06,7.752340316872461,1
2013-02-07,7.537810325722559,1
2013-02-08,7.557312965493066,1
2013-02-11,7.713335037331445,1
2013-02-12,7.723087310891016,1
2013-02-13,7.752340316872461,1
2013-02-14,7.879108905892236,1
2013-02-15,7.713335037331445,1
2013-02-19,7.918113708596094,1
2013-02-20,7.684080124001367,1
2013-02-21,7.489054203133447,1
2013-02-22,7.820599556069238,1
2013-02-25,7.732837200264795,1
2013-02-26,7.762091636757715,1
2013-02-27,7.976624965767725,1
2013-02-28,8.171648979287012,1
2013-03-01,8.044881820778711,1
2013-03-04,8.191153526406152,1
2013-03-05,8.512948036293848,1
2013-03-06,8.434937477211816,1
2013-03-07,8.71772575388418,1
2013-03-08,8.97126293192373,1
2013-03-11,9.117533683876855,1
2013-03-12,9.088276863198145,1
2013-03-13,9.273552894692285,1
2013-03-14,9.449077606301172,1
2013-03-15,9.13703727732168,1
2013-03-18,8.951760292153223,1
2013-03-19,9.010266304116113,1
2013-03-20,9.078526496987207,1
2013-03-21,8.844494819741113,1
2013-03-22,9.79037857065664,1
2013-03-25,9.634355545143945,1
2013-03-26,9.673360824684961,1
2013-03-27,9.712364196877344,1
2013-03-28,9.731867790322168,1
2013-04-01,9.146784782509668,1
2013-04-02,9.068775177101953,1
2013-04-03,8.873747825722559,1
2013-04-04,9.078526496987207,1
2013-04-05,9.078526496987207,1
2013-04-08,9.156540870766504,1
2013-04-09,9.332064628701074,1
2013-04-10,9.839133262734277,1
2013-04-11,9.731867790322168,1
2013-04-12,9.761123657326563,1
2013-04-15,9.322311401467188,1
2013-04-16,9.624604225258691,1
2013-04-17,9.156540870766504,1
2013-04-18,9.00051498423086,1
2013-04-19,9.117533683876855,1
2013-04-22,9.078526496987207,1
2013-04-23,9.18579387674795,1
2013-04-24,9.18579387674795,1
2013-04-25,9.293057441811426,1
2013-04-26,9.195541381935938,1
2013-04-29,9.117533683876855,1
2013-04-30,9.18579387674795,1
2013-05-01,8.97126293192373,1
2013-05-02,9.088276863198145,1
2013-05-03,9.390570640663965,1
2013-05-06,9.517339706520898,1
2013-05-07,9.722118377785547,1
2013-05-08,9.985403061013086,1
2013-05-09,10.443717956642969,1
2013-05-10,10.550984382729395,1
2013-05-13,10.3949613572167,1
2013-05-14,10.385210991005762,1
2013-05-15,10.599742889504297,1
2013-05-16,10.785018920998438,1
2013-05-17,11.028802871804102,1
2013-05-20,10.931288719277246,1
2013-05-21,10.950791359047754,1
2013-05-22,10.64849853525625,1
2013-05-23,11.106812477211816,1
2013-05-24,11.301839828591211,1
2013-05-28,11.487114906411035,1
2013-05-29,11.535872459511621,1
2013-05-30,11.594382286171777,1
2013-05-31,11.389601707558496,1
2013-06-03,11.43835735331045,1
2013-06-04,11.418856620888574,1
2013-06-05,11.721149444680078,1
2013-06-06,12.04294490824209,1
2013-06-07,12.335485458474023,1
2013-06-10,12.628026962380273,1
2013-06-11,12.491506576638086,1
2013-06-12,12.179461479287012,1
2013-06-13,12.589021682839258,1
2013-06-14,12.44275188456045,1
2013-06-17,12.910815239052637,1
2013-06-18,13.408136367897852,1
2013-06-19,13.62266731272207,1
2013-06-20,13.203356742958887,1
2013-06-21,13.554407119850977,1
2013-06-24,13.125347137551172,1
2013-06-25,13.408136367897852,0
2013-06-26,13.827444076638086,0
2013-06-27,13.983466148476465,0
2013-06-28,13.973716735939844,0
2013-07-01,13.915207862954004,0
2013-07-02,13.954212188820703,0
2013-07-03,13.788437843422754,0
2013-07-05,13.954212188820703,0
2013-07-08,13.681174278359277,0
2013-07-09,12.813304901223047,0
2013-07-10,12.237972259621484,0
2013-07-11,12.38424015055166,0
2013-07-12,12.374489784340723,0
2013-07-15,12.745040893654688,0
2013-07-16,13.047335624794824,0
2013-07-17,13.252114296059473,0
2013-07-18,13.349626541237695,0
2013-07-19,13.388630867104395,0
2013-07-22,13.486149788002832,0
2013-07-23,13.300870895485742,0
2013-07-24,12.784048080544336,0
2013-07-25,12.959573745827539,0
2013-07-26,12.276976585488184,0
2013-07-29,12.15995979319082,0
2013-07-30,12.286727905373438,0
2013-07-31,12.910815239052637,0
2013-08-01,13.232610702614648,0
2013-08-02,13.164352417092188,0
2013-08-05,13.817692756752832,0
2013-08-06,13.788437843422754,0
2013-08-07,13.466644287209375,0
2013-08-08,13.603163719277246,0
2013-08-09,13.642168998818262,0
2013-08-12,13.486149788002832,0
2013-08-13,14.597804069619043,0
2013-08-14,14.451533317665918,0
2013-08-15,13.778688430886133,0
2013-08-16,13.661670684914453,0
2013-08-19,13.456893920998438,0
2013-08-20,13.456893920998438,0
2013-08-21,13.291119575600488,0
2013-08-22,13.515398979287012,0
2013-08-23,13.515398979287012,0
2013-08-26,13.437390327553613,0
2013-08-27,12.852309227089746,0
2013-08-28,12.910815239052637,0
2013-08-29,13.232610702614648,0
2013-08-30,13.232610702614648,0
2013-09-03,13.661670684914453,0
2013-09-04,14.383272171120508,0
2013-09-05,14.792832374672754,0
2013-09-06,14.880593299965723,0
2013-09-09,15.23164176950918,0
2013-09-10,15.855731010537012,0
2013-09-11,16.080009460549217,0
2013-09-12,15.797224998574121,0
2013-09-13,15.797224998574121,0
2013-09-16,16.031253814797264,0
2013-09-17,16.42130661020742,0
2013-09-18,16.840616226296287,0
2013-09-19,16.73335838327871,0
2013-09-20,16.80161094675527,0
2013-09-23,16.6260871888207,0
2013-09-24,16.61633491526113,0
2013-09-25,16.548074722390037,0
2013-09-26,17.035642624001365,0
2013-09-27,17.18191909800039,0
2013-09-30,17.035642624001365,0
2013-10-01,17.172164917092186,0
2013-10-02,17.220924377541404,0
2013-10-03,17.571971893410545,0
2013-10-04,18.010782241921287,0
2013-10-07,18.030286789040428,0
2013-10-08,17.484209060768944,0
2013-10-09,17.698736190895897,0
2013-10-10,17.971778869728904,0
2013-10-11,16.42130661020742,0
2013-10-14,16.645593643288475,0
2013-10-15,16.49932289133535,0
2013-10-16,16.5383243561791,0
2013-10-17,16.723602295021873,0
2013-10-18,16.606590271096092,0
2013-10-21,16.158023834328514,0
2013-10-22,16.34329795847402,0
2013-10-23,16.138515472512108,0
2013-10-24,16.41156005869375,0
2013-10-25,16.167776107888084,0
2013-10-28,16.30429458628164,0
2013-10-29,17.06490135202871,0
2013-10-30,16.957633972267967,0
2013-10-31,17.24042510996328,0
2013-11-01,17.14291191111074,0
2013-11-04,17.445203781227928,0
2013-11-05,17.23067283640371,0
2013-11-06,17.06490135202871,0
2013-11-07,17.279428482155662,0
2013-11-08,17.65973663340078,0
2013-11-11,17.815752029518944,0
2013-11-12,18.166805267433983,0
2013-11-13,18.449598312477928,0
2013-11-14,18.7128849030541,0
2013-11-15,18.976161956887108,0
2013-11-18,18.810394287209373,0
2013-11-19,18.58611488352285,0
2013-11-20,18.33257484446035,0
2013-11-21,19.492994308571678,0
2013-11-22,19.688020706276756,0
2013-11-25,19.366224289040428,0
2013-11-26,19.80503463755117,0
2013-11-27,20.64365196238027,0
2013-11-29,20.575391769509178,0
2013-12-02,20.741168975930076,0
2013-12-03,21.287244796852928,0
2013-12-04,21.2189884186791,0
2013-12-05,21.111721038918358,0
2013-12-06,21.755306243996483,0
2013-12-09,22.545171737770897,0
2013-12-10,22.56467056284414,0
2013-12-11,21.940589904885154,0
2013-12-12,21.97958755503164,0
2013-12-13,22.50616455088125,0
2013-12-16,22.20387840280996,0
2013-12-17,22.35014724741445,0
2013-12-18,21.26773643503652,0
2013-12-19,21.082462310891014,0
2013-12-20,21.618791580300194,0
2013-12-23,20.955698013405662,0
2013-12-24,21.277492523293358,0
2013-12-26,21.199485778908592,0
2013-12-27,20.98495292673574,0
2013-12-30,20.77042198191152,0
2013-12-31,21.20923042307363,0
2014-01-02,21.121471405129295,0
2014-01-03,20.44862365732656,0
2014-01-06,20.156084060768944,0
2014-01-07,21.18973159800039,0
2014-01-08,23.27652549753652,0
2014-01-09,22.662187576393944,0
2014-01-10,23.120506286721092,0
2014-01-13,22.749948501686912,0
2014-01-14,23.081499099831444,0
2014-01-15,22.749948501686912,0
2014-01-16,22.554922103981834,0
2014-01-17,21.823566436867576,0
2014-01-21,22.545171737770897,0
2014-01-22,23.061994552712303,0
2014-01-23,23.052242279152733,0
2014-01-24,22.35014724741445,0
2014-01-27,22.330640792946678,0
2014-01-28,22.47690963755117,0
2014-01-29,22.14536094675527,0
2014-01-30,22.866966247658592,0
2014-01-31,22.4671630860375,0
2014-02-03,22.242881775002342,0
2014-02-04,22.428152084450584,0
2014-02-05,22.73044395456777,0
2014-02-06,23.510564804177147,0
2014-02-07,23.90060997019277,0
2014-02-10,24.251665115456444,0
2014-02-11,24.095640182595115,0
2014-02-12,24.271162033181053,0
2014-02-13,24.290662765602928,0
2014-02-14,24.456443786721092,0
2014-02-18,24.787990570168358,0
2014-02-19,24.787990570168358,0
2014-02-20,24.856245040993553,0
2014-02-21,24.456443786721092,0
2014-02-24,24.134649276833397,0
2014-02-25,23.656831741433006,0
2014-02-26,23.617824554543358,0
2014-02-27,23.588567733864647,0
2014-02-28,23.588567733864647,0
2014-03-03,23.871360778908592,0
2014-03-04,24.48569297800527,0
2014-03-05,24.212657928566795,0
2014-03-06,24.154146194558006,0
2014-03-07,23.812850952248436,0
2014-03-10,24.23215866098867,0
2014-03-11,24.056632995705467,0
2014-03-12,24.222404480080467,0
2014-03-13,23.510564804177147,0
2014-03-14,23.364290237526756,0
2014-03-17,23.335035324196678,0
2014-03-18,23.881109237770897,0
2014-03-19,23.383794784645897,0
2014-03-20,23.413043975930076,0
2014-03-21,23.07174491892324,0
2014-03-24,22.896219253640037,0
2014-03-25,22.94498062143789,0
2014-03-26,22.262380600075584,0
2014-03-27,21.68704605112539,0
2014-03-28,21.365257263283592,0
2014-03-31,23.07174491892324,0
2014-04-01,23.832353592018944,0
2014-04-02,23.744590759377342,0
2014-04-03,23.403289795021873,0
2014-04-04,22.01859664926992,0
2014-04-07,21.170223236183983,0
2014-04-08,21.657798767189842,0
2014-04-09,22.038099289040428,0
2014-04-10,21.14097213755117,0
2014-04-11,20.60464859018789,0
2014-04-14,21.35550498972402,0
2014-04-15,21.618791580300194,0
2014-04-16,21.921085357766014,0
2014-04-17,23.315530777077537,0
2014-04-21,24.690469741921287,0
2014-04-22,25.529090881447654,0
2014-04-23,25.597349166970115,0
2014-04-24,25.509586334328514,0
2014-04-25,24.63196563730703,0
2014-04-28,23.9688720704125,0
2014-04-29,24.475944519142967,0
2014-04-30,25.47058296213613,0
2014-05-01,25.597349166970115,0
2014-05-02,25.65585899363027,0
2014-05-05,26.075166702370506,0
2014-05-06,26.016658783058983,0
2014-05-07,25.76312255869375,0
2014-05-08,26.260442733864647,0
2014-05-09,26.17268371592031,0
2014-05-12,26.826021194558006,0
2014-05-13,26.943038940529686,0
2014-05-14,26.19218635569082,0
2014-05-15,25.217052459816795,0
2014-05-16,25.382818222145897,1
2014-05-19,26.270195007424217,1
2014-05-20,25.889892578225,0
2014-05-21,26.318952560524803,0
2014-05-22,26.49448013315664,0
2014-05-23,26.650495529274803,0
2014-05-27,27.362348556618553,0
2014-05-28,27.898677826027733,1
2014-05-29,27.86942100534902,0
2014-05-30,27.879175186257225,0
2014-06-02,27.947433471779686,0
2014-06-03,27.95718193064199,1
2014-06-04,28.24972915659414,1
2014-06-05,28.317985534767967,1
2014-06-06,28.805555343727928,0
2014-06-09,28.27897834787832,0
2014-06-10,28.776302337746483,0
2014-06-11,30.21950340280996,1
2014-06-12,30.092739105324608,1
2014-06-13,30.395025253395897,0
2014-06-16,31.11662673960195,1
2014-06-17,31.448171615700584,1
2014-06-18,31.262901306252342,1
2014-06-19,31.019109726052147,0
2014-06-20,31.058116912941795,0
2014-06-23,30.4827880860375,0
2014-06-24,31.691961288552147,0
2014-06-25,31.53593826303945,0
2014-06-26,31.204389572243553,0
2014-06-27,30.72657012949453,0
2014-06-30,32.13077545176016,0
2014-07-01,33.13515853891836,1
2014-07-02,32.92062759409414,1
2014-07-03,32.891380310158596,1
2014-07-07,32.04300689707266,1
2014-07-08,32.306289672951564,1
2014-07-09,32.07225799570547,1
2014-07-10,31.955240249733787,1
2014-07-11,31.984489441017967,1
2014-07-14,32.75485610971914,1
2014-07-15,33.17416000376211,1
2014-07-16,33.778743743996486,1
2014-07-17,32.22827911386953,1
2014-07-18,32.32579803476797,1
2014-07-21,32.24778747568594,1
2014-07-22,32.79385375986563,1
2014-07-23,32.842613220314846,1
2014-07-24,33.03765106211172,1
2014-07-25,32.58908462534414,1
2014-07-28,31.184885025124412,1
2014-07-29,31.3311653138207,1
2014-07-30,31.721210479836326,1
2014-07-31,29.79044151316152,1
2014-08-01,30.317012786965233,1
2014-08-04,30.902099609475,1
2014-08-05,30.317012786965233,1
2014-08-06,29.917207717995506,1
2014-08-07,28.942068100075584,1
2014-08-08,29.293117523293358,1
2014-08-11,29.975719452004295,1
2014-08-12,29.93670845041738,1
2014-08-13,30.599805832009178,1
2014-08-14,30.26825714121328,1
2014-08-15,30.70706558237539,1
2014-08-18,31.243398666481834,1
2014-08-19,31.59444999704824,1
2014-08-20,32.472068786721096,1
2014-08-21,32.364803314308986,1
2014-08-22,32.46231842051016,1
2014-08-25,32.38430404673086,1
2014-08-26,32.06250762949453,1
2014-08-27,32.169788360695705,1
2014-08-28,31.9942569733666,1
2014-08-29,31.789468765358787,1
2014-09-02,30.72657012949453,1
2014-09-03,30.89234924326406,1
2014-09-04,31.321401596169334,1
2014-09-05,32.121021270851955,1
2014-09-08,32.31604766855703,1
2014-09-09,31.184885025124412,1
2014-09-10,31.29214859018789,1
2014-09-11,31.243398666481834,1
2014-09-12,30.74607467661367,1
2014-09-15,29.273618698220115,1
2014-09-16,30.668062210183006,1
2014-09-17,31.184885025124412,1
2014-09-18,31.672454834084373,1
2014-09-19,30.843585968117576,1
2014-09-22,29.839197158913475,1
2014-09-23,30.424280166725975,1
2014-09-24,31.418924331765037,1
2014-09-25,30.911848068337303,1
2014-09-26,32.9888916016625,1
2014-09-29,33.64223098764883,1
2014-09-30,33.408199310402736,1
2014-10-01,32.66709899912344,1
2014-10-02,32.96939086924063,1
2014-10-03,33.09614944468008,1
2014-10-06,31.760217666725975,1
2014-10-07,31.07762336740957,1
2014-10-08,31.516435623268944,1
2014-10-09,29.878206253151756,1
2014-10-10,27.09906196604238,1
2014-10-13,26.357955932717186,1
2014-10-14,26.709009170632225,1
2014-10-15,26.855278015236717,1
2014-10-16,27.596378326516014,1
2014-10-17,28.054697036843162,1
2014-10-20,28.95182418833242,1
2014-10-21,30.414527893166404,1
2014-10-22,29.809940338234764,1
2014-10-23,30.12198257456289,1
2014-10-24,30.28775596628652,1
2014-10-27,31.496931076149803,1
2014-10-28,31.799224853615623,1
2014-10-29,31.47742462168203,1
2014-10-30,31.028865814308983,1
2014-10-31,32.267288208107814,1
2014-11-03,32.676841735939846,1
2014-11-04,32.540325164894924,1
2014-11-05,32.87187957773672,1
2014-11-06,32.520835876564846,1
2014-11-07,32.18927383432852,1
2014-11-10,32.267288208107814,1
2014-11-11,32.37455749521719,1
2014-11-12,32.09175491343008,1
2014-11-13,32.121021270851955,1
2014-11-14,31.80897521982656,1
2014-11-17,31.4871826172875,1
2014-11-18,32.052749633889064,1
2014-11-19,32.14052200327383,1
2014-11-20,32.38430404673086,1
2014-11-21,33.44720458994375,1
2014-11-24,33.866512298683986,1
2014-11-25,33.93477249155508,1
2014-11-26,34.7343864441918,1
2014-11-28,35.05619049082266,1
2014-12-01,34.12004852304922,1
2014-12-02,34.71488189707266,1
2014-12-03,35.202449798683986,1
2014-12-04,35.17320251474844,1
2014-12-05,35.58274841318594,1
2014-12-08,35.12444305429922,1
2014-12-09,34.77338790903555,1
2014-12-10,33.9932861329125,1
2014-12-11,34.315078735451564,1
2014-12-12,33.154659271340236,1
2014-12-15,32.520835876564846,1
2014-12-16,32.10152053843008,1
2014-12-17,32.9888916016625,1
2014-12-18,33.59347915659414,1
2014-12-19,33.63248062143789,1
2014-12-22,33.778743743996486,1
2014-12-23,34.100547790627346,1
2014-12-24,34.042041778664455,1
2014-12-26,34.129802703957424,1
2014-12-29,34.64662551889883,1
2014-12-30,34.51985549936758,1
2014-12-31,34.13954544077383,1
2015-01-02,33.88602066050039,1
2015-01-05,32.94012451181875,1
2015-01-06,32.052749633889064,1
2015-01-07,31.301898956398826,1
2015-01-08,32.83285522470938,1
2015-01-09,32.69635009775625,1
2015-01-12,30.87284469614492,1
2015-01-13,30.073234558205467,1
2015-01-14,29.302865982155662,1
2015-01-15,28.571517944435936,1
2015-01-16,28.26922035227285,1
2015-01-20,28.93231964121328,1
2015-01-21,29.731931686501365,0
2015-01-22,30.12198257456289,0
2015-01-23,30.180498123268944,0
2015-01-26,30.24875450144277,1
2015-01-27,28.912813186745506,1
2015-01-28,28.376495361428123,1
2015-01-29,28.971326828102928,1
2015-01-30,28.542263031105858,1
2015-02-02,27.732902526955467,1
2015-02-03,28.230222702126365,1
2015-02-04,28.308231353859764,1
2015-02-05,28.75679588327871,1
2015-02-06,28.191215515236717,1
2015-02-09,27.6451416016625,1
2015-02-10,30.317012786965233,1
2015-02-11,30.24875450144277,1
2015-02-12,31.145879745583397,1
2015-02-13,31.058116912941795,1
2015-02-17,31.526187896828514,1
2015-02-18,31.370157241921287,1
2015-02-19,31.019109726052147,1
2015-02-20,31.23364448557363,1
2015-02-23,30.619306564431053,1
2015-02-24,30.004970550637108,1
2015-02-25,29.722181320290428,1
2015-02-26,29.858701706032615,1
2015-02-27,29.90745735178457,1
2015-03-02,30.463283538918358,1
2015-03-03,28.922565460305076,1
2015-03-04,28.542263031105858,1
2015-03-05,28.552013397316795,1
2015-03-06,27.79141044626699,1
2015-03-09,27.947433471779686,1
2015-03-10,26.92353820810781,1
2015-03-11,27.186826706032615,1
2015-03-12,27.323341369728904,1
2015-03-13,28.00593566904531,1
2015-03-16,27.801164627175194,1
2015-03-17,26.972299575905662,1
2015-03-18,27.459861755471092,1
2015-03-19,27.35260009775625,1
2015-03-20,27.966932296852928,1
2015-03-23,27.323341369728904,1
2015-03-24,27.26483345041738,1
2015-03-25,25.909393310646873,1
2015-03-26,25.997156143288475,1
2015-03-27,26.016658783058983,0
2015-03-30,26.016658783058983,0
2015-03-31,26.455471038918358,0
2015-04-01,26.455471038918358,0
2015-04-02,26.0654182435082,0
2015-04-06,26.748016357521873,0
2015-04-07,26.201936721901756,0
2015-04-08,26.455471038918358,0
2015-04-09,27.128314972023826,0
2015-04-10,27.323341369728904,0
2015-04-13,27.186826706032615,0
2015-04-14,27.03079795847402,0
2015-04-15,27.469615936379295,0
2015-04-16,27.3135871888207,0
2015-04-17,27.323341369728904,0
2015-04-20,27.557376861672264,0
2015-04-21,27.840167999367576,0
2015-04-22,28.766544342141014,0
2015-04-23,28.786048889260154,0
2015-04-24,28.474002838234764,0
2015-04-27,28.542263031105858,0
2015-04-28,28.26922035227285,0
2015-04-29,28.15220832834707,0
2015-04-30,27.43060493479238,0
2015-05-01,28.26922035227285,0
2015-05-04,27.95718193064199,1
2015-05-05,27.34284973154531,1
2015-05-06,27.294092178444725,1
2015-05-07,26.591991424660545,1
2015-05-08,26.504228592018944,1
2015-05-11,27.06006050119863,0
2015-05-12,26.201936721901756,0
2015-05-13,26.513982772927147,0
2015-05-14,26.02641487131582,0
2015-05-15,25.675363540749412,0
2015-05-18,26.094671249489647,0
2015-05-19,25.65585899363027,0
2015-05-20,25.928899765114647,0
2015-05-21,26.23118782053457,0
2015-05-22,26.650495529274803,0
2015-05-26,26.64074897776113,0
2015-05-27,27.43060493479238,0
2015-05-28,27.576875686745506,0
2015-05-29,27.23558235178457,0
2015-06-01,27.713397979836326,0
2015-06-02,27.09906196604238,0
2015-06-03,26.40671348581777,0
2015-06-04,26.318952560524803,-1
2015-06-05,25.928899765114647,0
2015-06-08,25.27555465708242,0
2015-06-09,24.563703537087303,0
2015-06-10,24.563703537087303,0
2015-06-11,24.39793014536367,0
2015-06-12,24.50519561777578,0
2015-06-15,23.6373233796166,0
2015-06-16,23.6373233796166,0
2015-06-17,23.871360778908592,0
2015-06-18,23.86160659800039,0
2015-06-19,23.86160659800039,0
2015-06-22,24.01762580881582,0
2015-06-23,23.881109237770897,0
2015-06-24,23.46179962168203,0
2015-06-25,23.422796249489647,0
2015-06-26,19.171194076638084,0
2015-06-29,18.26431655893789,0
2015-06-30,18.371587753395897,0
2015-07-01,18.313081741433006,0
2015-07-02,18.595865249733787,0
2015-07-06,17.864515304665428,0
2015-07-07,17.747495651345115,0
2015-07-08,17.19166564951406,0
2015-07-09,16.723602295021873,0
2015-07-10,17.13315963755117,0
2015-07-13,17.172164917092186,0
2015-07-14,19.12243843088613,0
2015-07-15,18.420339584450584,0
2015-07-16,19.12243843088613,0
2015-07-17,19.619762420754295,0
2015-07-20,18.420339584450584,0
2015-07-21,18.410587310891014,0
2015-07-22,17.552467346291404,0
2015-07-23,18.23506736765371,0
2015-07-24,17.88401985178457,0
2015-07-27,17.66948890696035,0
2015-07-28,19.25896072397695,0
2015-07-29,19.375974655251365,0
2015-07-30,19.405235290627342,0
2015-07-31,18.049789428810936,0
2015-08-03,18.527606964211326,0
2015-08-04,18.53735542307363,0
2015-08-05,18.439844131569725,0
2015-08-06,18.254562378029686,0
2015-08-07,17.981529235939842,0
2015-08-10,18.352081298928123,0
2015-08-11,17.435451507668358,0
2015-08-12,17.73774719248281,0
2015-08-13,17.259927749733787,0
2015-08-14,16.528575897316795,0
2015-08-17,16.791860580544334,0
2015-08-18,15.972745895485742,0
2015-08-19,15.504680633644922,0
2015-08-20,14.373518943886621,0
2015-08-21,14.168745040993555,0
2015-08-24,14.08098030100332,0
2015-08-25,13.915207862954004,0
2015-08-26,14.061479568581445,0
2015-08-27,15.280399322609766,0
2015-08-28,15.563187599282129,0
2015-08-31,16.001998901467186,0
2015-09-01,15.42667007456289,0
2015-09-02,15.884981155495508,0
2015-09-03,16.17752456675039,0
2015-09-04,16.401807785134178,0
2015-09-08,17.094154358010154,0
2015-09-09,16.5383243561791,0
2015-09-10,16.772361755471092,0
2015-09-11,16.382307052712303,0
2015-09-14,16.28479194651113,0
2015-09-15,16.109266281227928,0
2015-09-16,16.265289306740623,0
2015-09-17,16.001998901467186,0
2015-09-18,15.114625930886133,0
2015-09-21,15.358409881691797,0
2015-09-22,15.026864051918848,0
2015-09-23,14.441781997780664,0
2015-09-24,14.958603859047754,0
2015-09-25,14.53929615030752,0
2015-09-28,13.710429191689355,0
2015-09-29,14.022473335366113,0
2015-09-30,14.60755443582998,0
2015-10-01,14.402777671913965,0
2015-10-02,15.514432907204492,0
2015-10-05,17.13315963755117,0
2015-10-06,17.76700401316152,0
2015-10-07,18.157052993874412,0
2015-10-08,18.254562378029686,0
2015-10-09,17.708488464455467,0
2015-10-12,17.581724166970115,0
2015-10-13,17.727993011574608,0
2015-10-14,18.352081298928123,0
2015-10-15,18.196058273415428,0
2015-10-16,18.040037155251365,0
2015-10-19,18.683626175026756,0
2015-10-20,16.665092468361717,0
2015-10-21,16.021503448586326,0
2015-10-22,16.30429458628164,0
2015-10-23,16.811367035012108,0
2015-10-26,16.167776107888084,0
2015-10-27,16.265289306740623,0
2015-10-28,16.49932289133535,0
2015-10-29,15.806974411110742,0
2015-10-30,16.14826965342031,0
2015-11-02,16.665092468361717,0
2015-11-03,17.39645195017324,0
2015-11-04,17.006393432717186,0
2015-11-05,16.099512100319725,0
2015-11-06,16.041011810402733,0
2015-11-09,15.446174621682031,0
2015-11-10,15.163382530312402,0
2015-11-11,15.114625930886133,0
2015-11-12,14.968354225258691,0
2015-11-13,14.62706184397207,-1
2015-11-16,14.519790649514063,-1
2015-11-17,14.900096893410547,-1
2015-11-18,15.221890449623926,-1
2015-11-19,15.47542667398916,0
2015-11-20,15.046369552712305,0
2015-11-23,14.939103126625879,0
2015-11-24,15.24139404306875,0
2015-11-25,15.19263744364248,0
2015-11-27,15.173135757546289,0
2015-11-30,15.533933639626367,0
2015-12-01,16.138515472512108,0
2015-12-02,15.42667007456289,0
2015-12-03,15.221890449623926,0
2015-12-04,15.114625930886133,0
2015-12-07,14.480788230995996,0
2015-12-08,14.237001419167383,0
2015-12-09,13.96396541605459,0
2015-12-10,14.295510292153223,0
2015-12-11,13.690924644570215,0
2015-12-14,13.320374488930566,0
2015-12-15,13.827444076638086,0
2015-12-16,13.720181465248926,0
2015-12-17,13.96396541605459,0
2015-12-18,14.002967834572656,0
2015-12-21,14.402777671913965,0
2015-12-22,14.24675178537832,0
2015-12-23,13.944462776284082,0
2015-12-24,14.119987487892969,0
2015-12-28,13.837196350197656,0
2015-12-29,13.983466148476465,0
2015-12-30,13.807942390541895,0
2015-12-31,13.807942390541895,0
2016-01-04,13.973716735939844,0
2016-01-05,14.451533317665918,0
2016-01-06,13.866451263527734,0
2016-01-07,13.320374488930566,0
2016-01-08,12.998578071694238,0
2016-01-11,12.21846866617666,0
2016-01-12,12.4037446976708,0
2016-01-13,11.760153770546777,0
2016-01-14,11.721149444680078,0
2016-01-15,10.804519653420313,0
2016-01-19,10.53148078928457,0
2016-01-20,9.800128936867578,0
2016-01-21,10.580239296059473,0
2016-01-22,10.794767379860742,0
2016-01-25,10.219435691933496,0
2016-01-26,10.28769588480459,0
2016-01-27,10.131673812966211,0
2016-01-28,9.6441068650292,0
2016-01-29,10.755763053994043,0
2016-02-01,10.687504768471582,0
2016-02-02,10.326704025368555,0
2016-02-03,10.492476463417871,0
2016-02-04,10.950791359047754,0
2016-02-05,10.726508140663965,0
2016-02-08,9.917144775490625,0
2016-02-09,9.731867790322168,0
2016-02-10,9.65385627756582,0
2016-02-11,9.449077606301172,0
2016-02-12,9.770874977211816,0
2016-02-16,10.541231155495508,0
2016-02-17,11.145820617775781,0
2016-02-18,11.204323768715723,0
2016-02-19,10.88253116617666,0
2016-02-22,10.775266647438867,0
2016-02-23,10.2291898728417,0
2016-02-24,10.37546157846914,0
2016-02-25,10.453470230202539,0
2016-02-26,10.433967590432031,0
2016-02-29,10.365707397560938,0
2016-03-01,10.794767379860742,0
2016-03-02,11.389601707558496,0
2016-03-03,11.496868133644922,0
2016-03-04,11.584630012612207,0
2016-03-07,11.292086601357324,0
2016-03-08,10.3949613572167,0
2016-03-09,10.541231155495508,0
2016-03-10,10.60949420938955,0
2016-03-11,11.106812477211816,0
2016-03-14,10.87277889261709,0
2016-03-15,10.580239296059473,0
2016-03-16,10.453470230202539,0
2016-03-17,10.599742889504297,0
2016-03-18,10.863029480080469,0
2016-03-21,11.243331909279688,0
2016-03-22,11.15556812296377,0
2016-03-23,10.385210991005762,0
2016-03-24,10.238941192726953,0
2016-03-28,10.121922493080957,0
2016-03-29,10.190183639626367,0
2016-03-30,10.219435691933496,0
2016-03-31,10.209688186745508,0
2016-04-01,10.755763053994043,0
2016-04-04,10.53148078928457,0
2016-04-05,10.141427993874414,0
2016-04-06,10.209688186745508,0
2016-04-07,10.248693466286523,0
2016-04-08,10.453470230202539,0
2016-04-11,10.190183639626367,0
2016-04-12,9.917144775490625,0
2016-04-13,10.60949420938955,0
2016-04-14,10.141427993874414,0
2016-04-15,10.424216270546777,0
2016-04-18,10.619244575600488,0
2016-04-19,10.453470230202539,0
2016-04-20,10.482723236183984,0
2016-04-21,10.385210991005762,0
2016-04-22,10.3949613572167,0
2016-04-25,10.28769588480459,0
2016-04-26,11.22382926950918,0
2016-04-27,11.27258586893545,0
2016-04-28,11.331093788246973,0
2016-04-29,10.482723236183984,0
2016-05-02,10.35595703135,0
2016-05-03,10.102422714333398,0
2016-05-04,9.751371383766992,0
2016-05-05,9.809881210427148,0
2016-05-06,9.741621017556055,0
2016-05-09,9.624604225258691,0
2016-05-10,9.839133262734277,0
2016-05-11,9.848885536293848,0
2016-05-12,9.390570640663965,0
2016-05-13,9.322311401467188,0
2016-05-16,9.439326286415918,0
2016-05-17,9.429576873879297,0
2016-05-18,9.800128936867578,0
2016-05-19,9.819633483986719,0
2016-05-20,10.53148078928457,0
2016-05-23,10.863029480080469,0
2016-05-24,11.204323768715723,0
2016-05-25,11.311591148476465,0
2016-05-26,11.652888298134668,0
2016-05-27,12.003939628701074,0
2016-05-31,12.4037446976708,0
2016-06-01,12.764545440773828,0
2016-06-02,12.784048080544336,0
2016-06-03,12.540263176064355,0
2016-06-06,12.45250129709707,0
2016-06-07,12.67678451548086,0
2016-06-08,12.267228126625879,0
2016-06-09,12.198965072731836,0
2016-06-10,11.838164329628809,0
2016-06-13,11.75040340433584,0
2016-06-14,11.623636245827539,0
2016-06-15,11.721149444680078,0
2016-06-16,11.652888298134668,0
2016-06-17,11.896673202614648,0
2016-06-20,12.013687133889063,0
2016-06-21,12.432998657326563,0
2016-06-22,12.4037446976708,0
2016-06-23,13.700677871804102,0
2016-06-24,12.881561279396875,0
2016-06-27,11.925926208596094,0
2016-06-28,12.667032241921289,0
2016-06-29,12.862059593300684,0
2016-06-30,13.417886734108789,0
2016-07-01,12.189213752846582,0
2016-07-05,11.613882064919336,0
2016-07-06,11.43835735331045,0
2016-07-07,11.896673202614648,0
2016-07-08,12.306229591469629,0
2016-07-11,12.325736045937402,0
2016-07-12,12.901066780190332,0
2016-07-13,12.959573745827539,0
2016-07-14,12.959573745827539,0
2016-07-15,12.803550720314844,0
2016-07-18,13.008329391579492,0
2016-07-19,12.891313552956445,0
2016-07-20,13.252114296059473,0
2016-07-21,12.852309227089746,0
2016-07-22,12.803550720314844,0
2016-07-25,13.5739107132958,0
2016-07-26,14.305261612038477,0
2016-07-27,13.837196350197656,0
2016-07-28,13.466644287209375,0
2016-07-29,13.398386001686914,0
2016-08-01,13.222861290078027,0
2016-08-02,13.066837310891016,0
2016-08-03,13.174103736977441,0
2016-08-04,13.681174278359277,0
2016-08-05,14.158992767433984,0
2016-08-08,14.061479568581445,0
2016-08-09,14.119987487892969,0
2016-08-10,13.846946716408594,0
2016-08-11,14.071228981118066,0
2016-08-12,14.558798790078027,0
2016-08-15,15.143877983193262,0
2016-08-16,15.104873657326563,0
2016-08-17,15.13412857065664,0
2016-08-18,15.377913475136621,0
2016-08-19,15.845980644326074,0
2016-08-22,15.787467002968652,0
2016-08-23,15.777718544106348,0
2016-08-24,15.124377250771387,0
2016-08-25,15.797224998574121,0
2016-08-26,16.099512100319725,1
2016-08-29,16.489572525124412,1
2016-08-30,16.323795318703514,1
2016-08-31,16.080009460549217,1
2016-09-01,16.226282119850975,1
2016-09-02,16.28479194651113,1
2016-09-06,16.587080001931053,1
2016-09-07,16.73335838327871,1
2016-09-08,17.016145706276756,1
2016-09-09,16.39205741892324,1
2016-09-12,16.723602295021873,1
2016-09-13,16.333549499611717,1
2016-09-14,16.509073257546287,1
2016-09-15,17.016145706276756,1
2016-09-16,17.0453987122582,1
2016-09-19,16.528575897316795,1
2016-09-20,16.49932289133535,1
2016-09-21,17.220924377541404,1
2016-09-22,17.15266418467031,1
2016-09-23,17.0453987122582,1
2016-09-26,16.928382873635154,1
2016-09-27,17.552467346291404,1
2016-09-28,17.006393432717186,1
2016-09-29,17.103904724221092,1
2016-09-30,17.337934494118553,1
2016-10-03,17.289182663063865,1
2016-10-04,17.357440948586326,1
2016-10-05,17.259927749733787,1
2016-10-06,17.289182663063865,1
2016-10-07,17.172164917092186,1
2016-10-10,17.06490135202871,1
2016-10-11,16.440813064675194,1
2016-10-12,16.36280059824453,1
2016-10-13,16.43106460581289,1
2016-10-14,16.704099655251365,1
2016-10-17,16.567579269509178,1
2016-10-18,16.977134704689842,1
2016-10-19,16.791860580544334,1
2016-10-20,16.772361755471092,1
2016-10-21,16.518825531105858,1
2016-10-24,16.635841369728904,1
2016-10-25,17.103904724221092,1
2016-10-26,17.201419830422264,1
2016-10-27,17.094154358010154,1
2016-10-28,16.772361755471092,1
2016-10-31,16.73335838327871,1
2016-11-01,16.55782890329824,1
2016-11-02,16.265289306740623,1
2016-11-03,16.20677375803457,1
2016-11-04,16.265289306740623,1
2016-11-07,16.947885513405662,1
2016-11-08,16.977134704689842,1
2016-11-09,16.772361755471092,1
2016-11-10,16.567579269509178,1
2016-11-11,17.23067283640371,1
2016-11-14,17.269676208596092,1
2016-11-15,17.64998435984121,1
2016-11-16,17.786502838234764,1
2016-11-17,18.703128814797264,1
2016-11-18,18.73238182077871,1
2016-11-21,19.005424499611717,1
2016-11-22,19.24920845041738,1
2016-11-23,19.41497802744375,1
2016-11-25,19.629507064919334,1
2016-11-28,19.492994308571678,1
2016-11-29,18.93716239939199,1
2016-11-30,19.0444278718041,1
2016-12-01,18.020532608132225,1
2016-12-02,18.32283020029531,1
2016-12-05,18.147308349709373,1
2016-12-06,18.58611488352285,1
2016-12-07,19.931802749733787,1
2016-12-08,20.146331787209373,1
2016-12-09,19.99031066904531,1
2016-12-12,19.522247314553123,1
2016-12-13,19.629507064919334,1
2016-12-14,19.522247314553123,1
2016-12-15,19.785535812477928,1
2016-12-16,19.766031265358787,1
2016-12-19,19.84404182444082,1
2016-12-20,20.13657760630117,1
2016-12-21,20.068325042824608,1
2016-12-22,22.613433837990623,1
2016-12-23,22.68168830881582,1
2016-12-27,22.720693588356834,1
2016-12-28,22.21362495432363,1
2016-12-29,21.7163028718041,1
2016-12-30,21.375009536843162,1
2017-01-03,21.989345550637108,1
2017-01-04,21.804067611794334,1
2017-01-05,21.560281753640037,1
2017-01-06,21.492023468117576,1
2017-01-09,21.78456687937246,1
2017-01-10,21.921085357766014,1
2017-01-11,22.223379135231834,1
2017-01-12,21.755306243996483,1
2017-01-13,21.6285400391625,1
2017-01-17,21.199485778908592,1
2017-01-18,21.76506233225332,1
2017-01-19,21.170223236183983,1
2017-01-20,21.41400909433828,1
2017-01-23,21.345746994118553,1
2017-01-24,22.28188133249746,1
2017-01-25,22.97422981272207,1
2017-01-26,22.93522834787832,1
2017-01-27,23.37403869638906,1
2017-01-30,23.57881736765371,1
2017-01-31,23.510564804177147,1
2017-02-01,24.134649276833397,1
2017-02-02,24.173650741677147,1
2017-02-03,23.988372802834373,1
2017-02-06,23.73483848581777,1
2017-02-07,23.988372802834373,1
2017-02-08,23.60806846628652,1
2017-02-09,23.84210205088125,1
2017-02-10,23.452049255471092,1
2017-02-13,23.305776596169334,1
2017-02-14,22.545171737770897,1
2017-02-15,22.447658538918358,1
2017-02-16,22.408647537331444,1
2017-02-17,22.769454956154686,1
2017-02-21,23.17901611338125,1
2017-02-22,23.159507751564842,1
2017-02-23,22.896219253640037,1
2017-02-24,22.662187576393944,1
2017-02-27,23.169260025124412,1
2017-02-28,22.857215881447654,1
2017-03-01,23.939615249733787,1
2017-03-02,24.085889816384178,1
2017-03-03,24.93425941477285,1
2017-03-06,25.07077598581777,1
2017-03-07,25.002519607643944,1
2017-03-08,24.748979568581444,1
2017-03-09,24.524702072243553,1
2017-03-10,24.553953170876365,1
2017-03-13,25.06102180490957,1
2017-03-14,24.94400596628652,1
2017-03-15,25.47058296213613,1
2017-03-16,25.392574310402733,1
2017-03-17,25.158540725808006,1
2017-03-20,25.55833625803457,1
2017-03-21,24.885503769020897,1
2017-03-22,25.412075042824608,1
2017-03-23,25.811880111794334,1
2017-03-24,27.72314453135,1
2017-03-27,28.044946670632225,1
2017-03-28,27.976688385109764,1
2017-03-29,27.79141044626699,1
2017-03-30,28.24972915659414,1
2017-03-31,28.181463241677147,1
2017-04-03,27.927930832009178,1
2017-04-04,27.879175186257225,1
2017-04-05,27.557376861672264,1
2017-04-06,27.908424377541404,1
2017-04-07,27.810911178688865,1
2017-04-10,26.952785492043358,1
2017-04-11,26.504228592018944,1
2017-04-12,26.02641487131582,1
2017-04-13,26.075166702370506,0
2017-04-17,26.455471038918358,0
2017-04-18,26.465221405129295,1
2017-04-19,26.582239151100975,1
2017-04-20,27.26483345041738,0
2017-04-21,26.64074897776113,0
2017-04-24,25.909393310646873,0
2017-04-25,26.318952560524803,0
2017-04-26,26.123926162819725,0
2017-04-27,26.943038940529686,0
2017-04-28,26.9820442200707,0
2017-05-01,27.586631775002342,0
2017-05-02,27.07956504831777,0
2017-05-03,27.30384063730703,0
2017-05-04,27.09906196604238,0
2017-05-05,27.498870849709373,0
2017-05-08,27.362348556618553,0
2017-05-09,28.093700409035545,0
2017-05-10,28.591020584206444,0
2017-05-11,28.308231353859764,0
2017-05-12,28.210720062355858,0
2017-05-15,28.113204956154686,0
2017-05-16,28.298480987648826,0
2017-05-17,26.328704834084373,0
2017-05-18,26.796772003273826,0
2017-05-19,27.128314972023826,0
2017-05-22,27.362348556618553,0
2017-05-23,27.586631775002342,0
2017-05-24,28.26922035227285,0
2017-05-25,28.698286056618553,0
2017-05-26,29.02008247385488,0
2017-05-30,29.93670845041738,0
2017-05-31,30.004970550637108,0
2017-06-01,29.99521446238027,0
2017-06-02,30.434030532936912,0
2017-06-05,30.434030532936912,0
2017-06-06,30.785078048806053,0
2017-06-07,31.691961288552147,0
2017-06-08,31.643205642800194,0
2017-06-09,29.839197158913475,0
2017-06-12,30.424280166725975,0
2017-06-13,30.75582695017324,0
2017-06-14,30.28775596628652,0
2017-06-15,29.800193786721092,0
2017-06-16,29.117597580056053,0
2017-06-19,30.424280166725975,0
2017-06-20,30.06347846994863,0
2017-06-21,31.21413993845449,0
2017-06-22,31.097124099831444,0
2017-06-23,30.94110298166738,0
2017-06-26,31.691961288552147,0
2017-06-27,30.87284469614492,0
2017-06-28,31.43842315683828,0
2017-06-29,30.687566757302147,0
2017-06-30,29.117597580056053,0
2017-07-03,28.41549491892324,0
2017-07-05,29.751436233620506,0
2017-07-06,29.35162544260488,0
2017-07-07,29.449142456154686,0
2017-07-10,29.741682052712303,0
2017-07-11,30.590053558449608,0
2017-07-12,30.668062210183006,0
2017-07-13,30.35601997385488,0
2017-07-14,30.99960899363027,1
2017-07-17,30.931348800759178,1
2017-07-18,31.10687255869375,1
2017-07-19,31.028865814308983,1
2017-07-20,31.204389572243553,1
2017-07-21,31.21413993845449,1
2017-07-24,30.882593155007225,0
2017-07-25,29.156600952248436,1
2017-07-26,29.068840026955467,1
2017-07-27,29.488143920998436,1
2017-07-28,28.552013397316795,1
2017-07-31,27.42085838327871,1
2017-08-01,27.635385513405662,1
2017-08-02,27.918176651100975,1
2017-08-03,27.13806343088613,1
2017-08-04,27.225830078225,1
2017-08-07,27.879175186257225,1
2017-08-08,28.12295913706289,1
2017-08-09,27.86942100534902,1
2017-08-10,26.806522369484764,1
2017-08-11,27.3135871888207,1
2017-08-14,28.51301574717031,1
2017-08-15,28.942068100075584,1
2017-08-16,29.926959991555076,1
2017-08-17,28.883563995461326,1
2017-08-18,29.624666214089256,1
2017-08-21,28.82505416880117,1
2017-08-22,29.692928314308983,1
2017-08-23,29.692928314308983,1
2017-08-24,29.468647003273826,1
2017-08-25,29.53690719614492,1
2017-08-28,30.307262420754295,1
2017-08-29,30.697319030861717,1
2017-08-30,30.824087143044334,1
2017-08-31,31.175134658913475,1
2017-09-01,31.789468765358787,1
2017-09-05,31.27264595041738,1
2017-09-06,31.448171615700584,1
2017-09-07,31.974748611550194,1
2017-09-08,31.643205642800194,1
2017-09-11,32.60858917246328,1
2017-09-12,33.43744659433828,1
2017-09-13,33.729995727639064,1
2017-09-14,33.72024154673086,1
2017-09-15,33.78851699839102,1
2017-09-18,34.549121856789455,1
2017-09-19,35.05619049082266,1
2017-09-20,35.07569122324453,1
2017-09-21,35.017166137795314,1
2017-09-22,35.17320251474844,1
2017-09-25,34.00303649912344,1
2017-09-26,33.33018493662344,1
2017-09-27,36.16783905039297,1
2017-09-28,37.01620864878164,1
2017-09-29,38.35214614878164,1
2017-10-02,39.015239715676174,1
2017-10-03,39.36628341684805,1
2017-10-04,38.5764274598168,1
2017-10-05,38.39115142832266,1
2017-10-06,38.68368911753164,1
2017-10-09,39.941612243752346,1
2017-10-10,40.93625640879141,1
2017-10-11,40.575462341408596,1
2017-10-12,39.57107162485586,1
2017-10-13,39.39554214487539,1
2017-10-16,40.45844268808828,1
2017-10-17,39.38578796396719,1
2017-10-18,40.61445999155508,1
2017-10-19,40.28290939341055,1
2017-10-20,40.46820831308828,1
2017-10-23,40.526695251564846,1
2017-10-24,40.56571197519766,1
2017-10-25,40.03914260874258,1
2017-10-26,39.590564727883205,1
2017-10-27,39.834346771340236,1
2017-10-30,40.61445999155508,1
2017-10-31,43.208335876564846,1
2017-11-01,43.276592254738674,1
2017-11-02,43.23758316050039,1
2017-11-03,42.623245239357814,1
2017-11-06,42.174678802590236,1
2017-11-07,42.85727691660391,1
2017-11-08,42.99380111704336,1
2017-11-09,42.41846084604727,1
2017-11-10,43.666641235451564,1
2017-11-13,44.46625137339102,1
2017-11-14,44.66128158579336,1
2017-11-15,44.232227325539455,1
2017-11-16,45.03182983408438,1
2017-11-17,45.0123291016625,1
2017-11-20,46.455528259377346,1
2017-11-21,48.17177963266836,1
2017-11-22,47.91824722300039,1
2017-11-24,48.44480896006094,1
2017-11-27,46.85533142099844,1
2017-11-28,46.738330841164455,1
2017-11-29,42.652507782082424,1
2017-11-30,41.33606719980703,1
2017-12-01,40.94601058969961,1
2017-12-04,38.907974243264064,1
2017-12-05,40.18539810190664,1
2017-12-06,40.54620361338125,1
2017-12-07,42.12592315683828,1
2017-12-08,42.13568496714102,1
2017-12-11,41.94065094004141,1
2017-12-12,40.81925201426016,1
2017-12-13,41.00450897226797,1
2017-12-14,41.18978881845938,1
2017-12-15,41.345821380715236,1
2017-12-18,42.623245239357814,1
2017-12-19,42.886531829933986,1
2017-12-20,44.61252212534414,1
2017-12-21,43.31559753427969,1
2017-12-22,43.023052215676174,1
2017-12-26,41.199546814064846,1
2017-12-27,41.4238281251,1
2017-12-28,40.770488739113674,1
2017-12-29,40.09762954721914,1
2018-01-02,42.58423614511953,1
2018-01-03,43.86166381845938,1
2018-01-04,45.714431762795314,1
2018-01-05,44.66128158579336,1
2018-01-08,44.417495727639064,1
2018-01-09,41.90164947519766,1
2018-01-10,42.23319244394766,1
2018-01-11,41.75537872324453,1
2018-01-12,41.745628357033596,1
2018-01-16,41.85289001474844,1
2018-01-17,43.15957260141836,1
2018-01-18,42.89629364023672,1
2018-01-19,41.68711090097891,1
2018-01-22,41.81388092051016,1
2018-01-23,42.85727691660391,1
2018-01-24,42.0089111329125,1
2018-01-25,41.94065094004141,1
2018-01-26,42.58423614511953,1
2018-01-29,42.21368789682852,1
2018-01-30,40.63396453867422,1
2018-01-31,42.63299942026602,1
2018-02-01,41.433574676613674,1
2018-02-02,39.80509185801016,1
2018-02-05,38.42041778574453,1
2018-02-06,42.78902053843008,1
2018-02-07,40.965503692726955,1
2018-02-08,39.00548553476797,1
2018-02-09,39.40529251108633,1
2018-02-12,41.14102554331289,1
2018-02-13,41.570091247658596,1
2018-02-14,42.369712829689846,1
2018-02-15,42.41846084604727,1
2018-02-16,43.11081314096914,1
2018-02-20,43.783653259377346,1
2018-02-21,43.432605743508205,1
2018-02-22,43.14981079111563,1
2018-02-23,45.37312698374258,1
2018-02-26,46.78708648691641,1
2018-02-27,47.37216186533438,1
2018-02-28,47.5964469910668,1
2018-03-01,46.43603897104727,1
2018-03-02,47.88898849497305,1
2018-03-05,50.73638153086172,1
2018-03-06,52.40387344370352,1
2018-03-07,52.62815856943594,1
2018-03-08,53.84707641611563,1
2018-03-09,53.23273849497305,1
2018-03-12,57.89389419565664,1
2018-03-13,57.95240020761953,1
2018-03-14,58.293701171975,1
2018-03-15,57.3770751954125,1
2018-03-16,59.073814392189846,1
2018-03-19,58.644756317238674,1
2018-03-20,59.629638671975,1
2018-03-21,59.55162811289297,1
2018-03-22,57.45508193979727,1
2018-03-23,52.8621826172875,1
2018-03-26,54.17862319956289,1
2018-03-27,51.097190857033596,1
2018-03-28,50.20981597910391,1
2018-03-29,50.84364700327383,1
2018-04-02,48.81537246714102,1
2018-04-03,50.2683219910668,1
2018-04-04,52.06256866465078,1
2018-04-05,48.60083389292227,1
2018-04-06,47.255149841408596,1
2018-04-09,46.7675895691918,1
2018-04-10,49.22491836557852,1
2018-04-11,49.22491836557852,1
2018-04-12,51.282466888527736,1
2018-04-13,50.931411743264064,1
2018-04-16,50.365840911965236,1
2018-04-17,50.960674285988674,1
2018-04-18,52.667156219582424,1
2018-04-19,50.14155197153555,1
2018-04-20,49.36144256601797,1
2018-04-23,47.80121994028555,0
2018-04-24,45.93870544443594,0
2018-04-25,46.416526794533596,1
2018-04-26,48.89337921152578,1
2018-04-27,46.33852005014883,0
2018-04-30,44.83681869516836,0
2018-05-01,45.62666702280508,1
2018-05-02,44.749046325783596,1
2018-05-03,45.46088790903555,0
2018-05-04,46.397022247414455,0
2018-05-07,47.274646759133205,0
2018-05-08,47.362422943215236,0
2018-05-09,49.74174499521719,0
2018-05-10,51.35072708139883,0
2018-05-11,50.531612396340236,0
2018-05-14,51.682266235451564,0
2018-05-15,52.667156219582424,0
2018-05-16,55.09525299082266,0
2018-05-17,53.34001159677969,0
2018-05-18,52.06256866465078,0
2018-05-21,54.100601196389064,0
2018-05-22,57.56234359751211,0
2018-05-23,58.47898101816641,0
2018-05-24,59.96117401133047,0
2018-05-25,59.82466506968008,0
2018-05-29,61.06308746347891,0
2018-05-30,61.014324188332424,0
2018-05-31,56.15815353403555,0
2018-06-01,57.279563903908596,0
2018-06-04,57.63060760508047,0
2018-06-05,57.932903289894924,0
2018-06-06,57.94265365610586,0
2018-06-07,58.14743423471914,0
2018-06-08,59.86366653452383,0
2018-06-11,59.86366653452383,0
2018-06-12,59.044544220070705,0
2018-06-13,58.55698394785391,0
2018-06-14,57.70861053476797,0
2018-06-15,56.782241821389064,0
2018-06-18,56.99676895151602,0
2018-06-19,57.77687454233633,0
2018-06-20,57.484329223732814,0
2018-06-21,57.962146759133205,0
2018-06-22,55.68033599863516,0
2018-06-25,51.83829498301016,0
2018-06-26,53.23273849497305,0
2018-06-27,50.960674285988674,0
2018-06-28,51.81878662119375,0
2018-06-29,51.136192321877346,0
2018-07-02,53.12546539316641,0
2018-07-03,50.200061798195705,0
2018-07-05,51.5262451172875,1
2018-07-06,51.906551361183986,1
2018-07-09,52.95969390879141,0
2018-07-10,54.35414505014883,0
2018-07-11,52.832927703957424,0
2018-07-12,54.07135772715078,0
2018-07-13,54.94898223886953,0
2018-07-16,54.753955841164455,0
2018-07-17,55.543811798195705,0
2018-07-18,56.02162551889883,0
2018-07-19,54.82220840464102,0
2018-07-20,53.65204238901602,0
2018-07-23,52.9401969910668,0
2018-07-24,51.84804153452383,0
2018-07-25,52.06256866465078,0
2018-07-26,52.42336654673086,0
2018-07-27,52.61840057383047,0
2018-07-30,51.69202041635977,0
2018-07-31,51.477493286232814,0
2018-08-01,50.98993301401602,0
2018-08-02,52.07231903086172,0
2018-08-03,51.496997833351955,0
2018-08-06,51.36048126230703,0
2018-08-07,51.721267700295314,0
2018-08-08,52.06256866465078,0
2018-08-09,50.960674285988674,0
2018-08-10,50.09280776987539,0
2018-08-13,50.06354522715078,0
2018-08-14,49.36144256601797,0
2018-08-15,46.30926513681875,0
2018-08-16,45.92895889292227,0
2018-08-17,45.93870544443594,0
2018-08-20,46.87484359751211,0
2018-08-21,48.69835662851797,0
2018-08-22,48.99089050302969,0
2018-08-23,48.464317321877346,0
2018-08-24,49.439449310402736,0
2018-08-27,50.77539443979727,0
2018-08-28,51.03868103037344,0
2018-08-29,50.54135131845938,0
2018-08-30,51.448238372902736,0
2018-08-31,51.21420288095938,0
2018-09-04,50.63886642466055,0
2018-09-05,48.30829238901602,0
2018-09-06,43.539878845314846,0
2018-09-07,43.74465942392813,0
2018-09-10,43.783653259377346,0
2018-09-11,42.51597595224844,0
2018-09-12,40.70222091684805,0
2018-09-13,42.53547286997305,0
2018-09-14,43.19857406626211,0
2018-09-17,42.49648666391836,0
2018-09-18,44.20297241220938,0
2018-09-19,43.93967437754141,0
2018-09-20,44.914810180764064,0
2018-09-21,43.627639770607814,0
2018-09-24,44.037193298439846,0
2018-09-25,43.53012466440664,0
2018-09-26,43.24733352671133,0
2018-09-27,43.871414184670314,0
2018-09-28,44.105449676613674,0
2018-10-01,44.02743530283438,1
2018-10-02,44.62227249155508,1
2018-10-03,44.02743530283438,1
2018-10-04,43.06205749521719,1
2018-10-05,42.49648666391836,1
2018-10-08,41.9991569520043,1
2018-10-09,41.219051361183986,1
2018-10-10,40.575462341408596,1
2018-10-11,40.926509857277736,1
2018-10-12,41.414077758889064,1
2018-10-15,41.28730392466055,1
2018-10-16,42.13568496714102,1
2018-10-17,41.29705810556875,1
2018-10-18,40.273155212502346,1
2018-10-19,39.444297790627346,1
2018-10-22,38.77146148691641,1
2018-10-23,37.71830749521719,1
2018-10-24,34.549121856789455,1
2018-10-25,35.86554718027578,-1
2018-10-26,34.51985549936758,0
2018-10-29,33.79825210581289,0
2018-10-30,35.11467742929922,-1
2018-10-31,36.78216552744375,0
2018-11-01,39.122493743996486,0
2018-11-02,39.31753540049063,0
2018-11-05,38.927471160988674,0
2018-11-06,38.81047058115469,0
2018-11-07,39.91236114511953,0
2018-11-08,39.43453979502188,1
2018-11-09,38.13761138926016,1
2018-11-12,36.50912475595938,0
2018-11-13,36.90893936167227,1
2018-11-14,37.08447265635,1
2018-11-15,38.91772842417227,1
2018-11-16,38.459407806496486,1
2018-11-19,35.91431045542227,1
2018-11-20,35.22195434580313,1
2018-11-21,35.47549438486563,1
2018-11-23,35.494991302590236,1
2018-11-26,35.660755157570705,1
2018-11-27,36.080074310402736,1
2018-11-28,37.74755859385,1
2018-11-29,36.96744537363516,1
2018-11-30,37.60128402719961,1
2018-12-03,39.034744262795314,1
2018-12-04,35.96305847177969,1
2018-12-06,36.733421325783596,1
2018-12-07,34.43209838877188,1
2018-12-10,33.93477249155508,1
2018-12-11,34.33457946787344,1
2018-12-12,35.13419342051016,1
2018-12-13,34.14931106577383,1
2018-12-14,33.34969711313711,1
2018-12-17,33.03765106211172,1
2018-12-18,33.26192855844961,1
2018-12-19,30.629058837990623,1
2018-12-20,30.502290725808006,1
2018-12-21,29.566154480080467,1
2018-12-24,28.298480987648826,1
2018-12-26,30.12198257456289,1
2018-12-27,31.136133194069725,1
2018-12-28,30.785078048806053,1
2018-12-31,30.94110298166738,1
2019-01-02,31.935741424660545,1
2019-01-03,30.229251861672264,1
2019-01-04,31.88698387155996,1
2019-01-07,33.154659271340236,1
2019-01-08,32.9011344910668,1
2019-01-09,34.55885696421133,1
2019-01-10,35.017166137795314,1
2019-01-11,35.11467742929922,1
2019-01-14,33.80801391611563,1
2019-01-15,33.14491653452383,1
2019-01-16,32.745105743508205,1
2019-01-17,33.03765106211172,1
2019-01-18,34.87090301523672,1
2019-01-22,33.02790069590078,1
2019-01-23,33.38869857798086,1
2019-01-24,35.68026733408438,1
2019-01-25,37.9913444520043,1
2019-01-28,37.133235931496486,1
2019-01-29,36.46038055429922,1
2019-01-30,37.28924560556875,1
2019-01-31,37.26974105844961,1
2019-02-01,38.61542510996328,1
2019-02-04,38.488670349221096,1
2019-02-05,38.39115142832266,1
2019-02-06,40.48768997202383,1
2019-02-07,38.40090560923086,0
2019-02-08,37.62078857431875,0
2019-02-11,37.62078857431875,0
2019-02-12,39.39554214487539,0
2019-02-13,40.643718719582424,0
2019-02-14,41.18003845224844,0
2019-02-15,40.94601058969961,0
2019-02-19,40.9167594910668,0
2019-02-20,41.16054916391836,0
2019-02-21,40.497451782326564,0
2019-02-22,41.51158905039297,0
2019-02-25,41.68711090097891,0
2019-02-26,41.891895294289455,0
2019-02-27,40.29266357431875,0
2019-02-28,39.86360549936758,0
2019-03-01,40.54620361338125,0
2019-03-04,40.03914260874258,0
2019-03-05,38.99573516855703,0
2019-03-06,36.98695755014883,0
2019-03-07,36.88943862925039,0
2019-03-08,37.689048767189846,0
2019-03-11,38.059593200783596,0
2019-03-12,38.274131775002346,0
2019-03-13,37.86457443247305,0
2019-03-14,37.455013275246486,0
2019-03-15,38.556926727394924,0
2019-03-18,38.62519073496328,0
2019-03-19,39.36628341684805,0
2019-03-20,39.132259368996486,0
2019-03-21,42.89629364023672,0
2019-03-22,40.58521270761953,0
2019-03-25,39.54181671152578,0
2019-03-26,39.31753540049063,0
2019-03-27,38.254627227883205,0
2019-03-28,38.36188888559805,0
2019-03-29,40.302425384621486,0
2019-04-01,41.199546814064846,0
2019-04-02,41.384807586769924,0
2019-04-03,42.80852508554922,0
2019-04-04,41.82362747202383,0
2019-04-05,42.242942810158596,0
2019-04-08,41.833389282326564,0
2019-04-09,40.68272399912344,0
2019-04-10,41.12152862558828,0
2019-04-11,41.22879409800039,0
2019-04-12,40.965503692726955,0
2019-04-15,40.78023147593008,0
2019-04-16,41.69686508188711,0
2019-04-17,42.077163696389064,0
2019-04-18,42.32095718393789,0
2019-04-22,42.32095718393789,0
2019-04-23,41.70661163340078,0
2019-04-24,41.96014404306875,0
2019-04-25,41.68711090097891,0
2019-04-26,41.053272247414455,0
2019-04-29,41.06303405771719,0
2019-04-30,41.014278411965236,0
2019-05-01,40.85824584970938,0
2019-05-02,41.501846313576564,0
2019-05-03,42.2526969910668,0
2019-05-06,41.08252334604727,0
2019-05-07,39.259014129738674,0
2019-05-08,38.76170349131094,-1
2019-05-09,38.293636322121486,-1
2019-05-10,37.97183227549063,-1
2019-05-13,36.450637817482814,0
2019-05-14,37.55252075205313,0
2019-05-15,37.455013275246486,0
2019-05-16,36.382366180519924,0
2019-05-17,35.163448333840236,0
2019-05-20,33.75925064096914,0
2019-05-21,34.753887176613674,0
2019-05-22,33.866512298683986,0
2019-05-23,32.97914505014883,0
2019-05-24,33.154659271340236,0
2019-05-28,32.121021270851955,0
2019-05-29,32.46231842051016,0
2019-05-30,32.49156188974844,0
2019-05-31,31.799224853615623,0
2019-06-03,31.877235412697654,0
2019-06-04,33.63248062143789,0
2019-06-05,32.51107788095938,0
2019-06-06,32.63784408579336,0
2019-06-07,33.14491653452383,-1
2019-06-10,34.071285247902736,-1
2019-06-11,33.973777771096096,-1
2019-06-12,32.14052200327383,0
2019-06-13,32.55007553110586,0
2019-06-14,31.84797668467031,0
2019-06-17,31.623697280983787,-1
2019-06-18,33.43744659433828,-1
2019-06-19,33.09614944468008,0
2019-06-20,33.30094146738516,0
2019-06-21,32.423320770363674,0
2019-06-24,32.364803314308986,0
2019-06-25,31.86747932444082,0
2019-06-26,36.11908721933828,-1
2019-06-27,37.12346649179922,-1
2019-06-28,37.630550384621486,-1
2019-07-01,39.11275863657461,0
2019-07-02,38.61542510996328,0
2019-07-03,38.60567855844961,0
2019-07-05,38.439903259377346,0
2019-07-08,39.40529251108633,0
2019-07-09,40.321922302346096,-1
2019-07-10,41.833389282326564,-1
2019-07-11,42.39897155771719,0
2019-07-12,43.40335845957266,0
2019-07-15,43.29609298716055,0
2019-07-16,41.989402771096096,0
2019-07-17,42.29169845591055,0
2019-07-18,43.559375763039455,0
2019-07-19,44.388240814308986,0
2019-07-22,46.01671600351797,0
2019-07-23,45.78269195566641,0
2019-07-24,46.79682540903555,0
2019-07-25,46.58230209360586,0
2019-07-26,46.30926513681875,0
2019-07-29,45.65591812143789,0
2019-07-30,46.28000259409414,0
2019-07-31,43.77391052256094,0
2019-08-01,42.51597595224844,0
2019-08-02,42.98404693613516,0
2019-08-05,40.89724731455313,0
2019-08-06,41.56035614023672,0
2019-08-07,40.71197509775625,0
2019-08-08,41.570091247658596,0
2019-08-09,40.48768997202383,0
2019-08-12,41.08252334604727,0
2019-08-13,43.071800232033596,0
2019-08-14,40.994773864846096,0
2019-08-15,41.18978881845938,0
2019-08-16,42.467220306496486,0
2019-08-19,43.890926361183986,0
2019-08-20,43.13031768808828,0
2019-08-21,43.071800232033596,0
2019-08-22,43.666641235451564,0
2019-08-23,41.891895294289455,0
2019-08-26,42.35020446787344,0
2019-08-27,41.384807586769924,0
2019-08-28,42.077163696389064,0
2019-08-29,43.559375763039455,0
2019-08-30,44.14447021494375,0
2019-09-03,43.871414184670314,0
2019-09-04,45.64617156992422,0
2019-09-05,47.81097412119375,0
2019-09-06,47.752464294533596,0
2019-09-09,47.90849304209219,0
2019-09-10,48.16202545176016,0
2019-09-11,49.22491836557852,0
2019-09-12,49.18591690073477,0
2019-09-13,49.24441909800039,0
2019-09-16,48.90312194834219,0
2019-09-17,49.57598114023672,0
2019-09-18,49.22491836557852,0
2019-09-19,48.58132553110586,0
2019-09-20,47.937744140725,0
2019-09-23,48.366802215676174,0
2019-09-24,47.30390167246328,0
2019-09-25,48.24003601084219,0
2019-09-26,47.391658783058986,0
2019-09-27,42.13568496714102,0
2019-09-30,41.78461837778555,0
2019-10-01,41.248306274514064,0
2019-10-02,40.93625640879141,0
2019-10-03,42.37946319590078,0
2019-10-04,43.44235610971914,0
2019-10-07,43.06205749521719,0
2019-10-08,41.5798454285668,0
2019-10-09,41.81388092051016,0
2019-10-10,42.20393753061758,0
2019-10-11,43.97869110117422,0
2019-10-14,43.74465942392813,0
2019-10-15,45.304866790871486,0
2019-10-16,44.037193298439846,0
2019-10-17,44.368736267189846,0
2019-10-18,42.38921356211172,0
2019-10-21,44.09571075449453,0
2019-10-22,43.54962539682852,0
2019-10-23,43.54962539682852,0
2019-10-24,45.92895889292227,0
2019-10-25,46.835838317971096,0
2019-10-28,47.47943496714102,0
2019-10-29,46.91384887705313,0
2019-10-30,46.689563751320705,0
2019-10-31,46.36776733408438,0
2019-11-01,47.1771354676293,0
2019-11-04,48.3570556641625,0
2019-11-05,47.46967697153555,0
2019-11-06,46.49454498301016,0
2019-11-07,47.196636200051174,0
2019-11-08,46.01671600351797,0
2019-11-11,45.109844207863674,0
2019-11-12,45.73393249521719,0
2019-11-13,45.148845672707424,0
2019-11-14,45.63642120371328,0
2019-11-15,46.52379608164297,0
2019-11-18,46.63106155405508,0
2019-11-19,45.4218864441918,0
2019-11-20,44.43699646006094,0
2019-11-21,44.417495727639064,0
2019-11-22,44.72953796396719,0
2019-11-25,46.33852005014883,0
2019-11-26,45.558406829933986,0
2019-11-27,46.96260452280508,0
2019-11-29,46.32877349863516,0
2019-12-02,45.23661041269766,0
2019-12-03,44.105449676613674,-1
2019-12-04,45.148845672707424,-1
2019-12-05,45.46088790903555,0
2019-12-06,46.738330841164455,-1
2019-12-09,45.295127868752346,-1
2019-12-10,46.28000259409414,-1
2019-12-11,48.03525161753164,-1
2019-12-12,49.702747345070705,-1
2019-12-13,49.927017212014064,-1
2019-12-16,51.623760223488674,-1
2019-12-17,51.682266235451564,-1
2019-12-18,51.721267700295314,-1
2019-12-19,53.17422866831289,-1
2019-12-20,53.69105911264883,0
2019-12-23,54.02260208139883,0
2019-12-24,54.04209899912344,-1
2019-12-26,53.73979949961172,-1
2019-12-27,52.6866569520043,-1
2019-12-30,51.887046814064846,-1
2019-12-31,52.44287872324453,-1
2020-01-02,54.01284790049063,-1
2020-01-03,53.17422866831289,-1
2020-01-06,52.23810195932852,-1
2020-01-07,56.82124710093008,-1
2020-01-08,56.089893341164455,-1
2020-01-09,55.88510131845938,-1
2020-01-10,55.26102066050039,-1
2020-01-13,56.02162551889883,-1
2020-01-14,56.089893341164455,-1
2020-01-15,54.77346420298086,-1
2020-01-16,56.24591827402578,-1
2020-01-17,56.22640991220938,-1
2020-01-21,57.503841400246486,-1
2020-01-22,57.6988639832543,-1
2020-01-23,57.72811889658438,-1
2020-01-24,56.32392120371328,-1
2020-01-27,54.0323600770043,-1
2020-01-28,55.065994262795314,-1
2020-01-29,53.925090789894924,-1
2020-01-30,53.661800384621486,-1
2020-01-31,51.77003860483633,-1
2020-02-03,52.44287872324453,-1
2020-02-04,54.12012100229727,-1
2020-02-05,55.35853958139883,-1
2020-02-06,57.22104644785391,-1
2020-02-07,55.46580505381094,-1
2020-02-10,55.90461349497305,0
2020-02-11,55.82660293589102,0
2020-02-12,57.796382904152736,-1
2020-02-13,57.85489654551016,-1
2020-02-14,57.04552459726797,-1
2020-02-18,56.31416702280508,-1
2020-02-19,58.49847793589102,-1
2020-02-20,57.53308868418203,-1
2020-02-21,55.57307052622305,-1
2020-02-24,53.642288208107814,-1
2020-02-25,50.80463790903555,-1
2020-02-26,51.06793975840078,-1
2020-02-27,49.322444915871486,-1
2020-02-28,51.25321960459219,-1
2020-03-02,53.23273849497305,-1
2020-03-03,50.512107849221096,-1
2020-03-04,53.915340423683986,-1
2020-03-05,52.38437271128164,-1
2020-03-06,50.19031524668203,-1
2020-03-09,44.82705307016836,-1
2020-03-10,46.67007064829336,-1
2020-03-11,42.63299942026602,-1
2020-03-12,37.84506988535391,0
2020-03-13,41.921142578225,0
2020-03-16,33.61297607431875,0
2020-03-17,36.450637817482814,0
2020-03-18,33.827510833840236,0
2020-03-19,35.38772964487539,0
2020-03-20,35.212207794289455,0
2020-03-23,37.298992157082424,0
2020-03-24,42.19418334970938,0
2020-03-25,41.44332504282461,0
2020-03-26,43.67639541635977,0
2020-03-27,42.39897155771719,0
2020-03-30,43.413101196389064,0
2020-03-31,41.014278411965236,0
2020-04-01,38.89822387705313,0
2020-04-02,40.06838607798086,0
2020-04-03,40.19515609751211,0
2020-04-06,45.21710586557852,0
2020-04-07,45.382888794045314,0
2020-04-08,47.08937454233633,0
2020-04-09,44.98307037363516,0
2020-04-13,45.02208709726797,0
2020-04-14,46.43603897104727,0
2020-04-15,45.275623321633205,0
2020-04-16,44.397998809914455,0
2020-04-17,44.563762664894924,0
2020-04-20,42.32095718393789,0
2020-04-21,40.38043594370352,0
2020-04-22,42.81827545176016,0
2020-04-23,42.681751251320705,0
2020-04-24,43.06205749521719,0
2020-04-27,44.154216766457424,0
2020-04-28,44.1834716797875,0
2020-04-29,48.59108352671133,0
2020-04-30,46.699321746926174,0
2020-05-01,43.93967437754141,0
2020-05-04,43.35460662851797,0
2020-05-05,44.28097915659414,0
2020-05-06,44.934326171975,0
2020-05-07,45.431636810402736,0
2020-05-08,47.050369262795314,0
2020-05-11,47.00161361704336,0
2020-05-12,44.554012298683986,0
2020-05-13,42.447715759377346,0
2020-05-14,44.59302139292227,0
2020-05-15,43.305843353371486,0
2020-05-18,44.77829742441641,0
2020-05-19,43.99818801889883,0
2020-05-20,45.48041152964102,0
2020-05-21,44.09571075449453,0
2020-05-22,43.82266998301016,0
2020-05-26,44.66128158579336,0
2020-05-27,48.22053146372305,0
2020-05-28,45.31462860117422,0
2020-05-29,46.71882247934805,0
2020-06-01,45.1878662110375,-1
2020-06-02,45.65591812143789,0
2020-06-03,47.70370483408438,0
2020-06-04,49.946521759133205,0
2020-06-05,52.38437271128164,0
2020-06-08,52.364864349465236,0
2020-06-09,51.828540802101955,0
2020-06-10,51.165447235207424,0
2020-06-11,47.31366348276602,0
2020-06-12,47.47943496714102,0
2020-06-15,48.0157585145043,-1
2020-06-16,49.75150299082266,-1
2020-06-17,49.6929931641625,-1
2020-06-18,49.22491836557852,0
2020-06-19,49.56623077402578,-1
2020-06-22,49.87826156626211,0
2020-06-23,48.60083389292227,0
2020-06-24,47.08937454233633,0
2020-06-25,47.96699142466055,-1
2020-06-26,47.284404754738674,-1
2020-06-29,47.92799758921133,-1
2020-06-30,50.23905944834219,-1
2020-07-01,48.464317321877346,0
2020-07-02,48.59108352671133,0
2020-07-06,49.65399169931875,0
2020-07-07,47.86948394785391,0
2020-07-08,48.47406768808828,0
2020-07-09,48.73735046396719,0
2020-07-10,49.439449310402736,0
2020-07-13,48.23028564463125,0
2020-07-14,48.47406768808828,0
2020-07-15,49.25417709360586,0
2020-07-16,48.854358673195705,0
2020-07-17,48.24003601084219,0
2020-07-20,49.93677139292227,0
2020-07-21,50.23905944834219,0
2020-07-22,50.365840911965236,0
2020-07-23,51.33121490488516,-1
2020-07-24,48.77637481699453,-1
2020-07-27,50.30731582651602,0
2020-07-28,48.844619751076564,0
2020-07-29,49.13715744028555,0
2020-07-30,49.47845840464102,0
2020-07-31,48.81537246714102,-1
2020-08-03,49.13715744028555,-1
2020-08-04,50.02452850351797,-1
2020-08-05,49.78073883066641,-1
2020-08-06,47.48918151865469,0
2020-08-07,47.53792953501211,0
2020-08-10,47.92799758921133,0
2020-08-11,46.572551727394924,0
2020-08-12,47.274646759133205,0
2020-08-13,44.99283599863516,0
2020-08-14,44.46625137339102,0
2020-08-17,44.09571075449453,0
2020-08-18,43.29609298716055,-1
2020-08-19,42.95478439341055,-1
2020-08-20,41.921142578225,0
2020-08-21,41.599353790383205,0
2020-08-24,42.6719970704125,1
2020-08-25,43.97869110117422,1
2020-08-26,43.84217071543203,1
2020-08-27,43.51061248789297,1
2020-08-28,44.554012298683986,1
2020-08-31,44.378494262795314,1
2020-09-01,44.62227249155508,1
2020-09-02,46.64080810556875,1
2020-09-03,45.178115844826564,1
2020-09-04,45.32437515268789,1
2020-09-08,43.91043090830313,1
2020-09-09,44.02743530283438,1
2020-09-10,43.75439834604727,1
2020-09-11,44.94407653818594,1
2020-09-14,47.81097412119375,1
2020-09-15,47.83048248301016,1
2020-09-16,48.96164703379141,1
2020-09-17,49.71249008188711,1
2020-09-18,49.47845840464102,1
2020-09-21,47.92799758921133,1
2020-09-22,48.464317321877346,1
2020-09-23,48.61058807383047,1
2020-09-24,48.24003601084219,1
2020-09-25,47.91824722300039,1
2020-09-28,48.483821868996486,1
2020-09-29,49.44920349131094,1
2020-09-30,45.79243850718008,1
2020-10-01,46.72858047495352,1
2020-10-02,45.39263153086172,1
2020-10-05,46.416526794533596,0
2020-10-06,46.143489837746486,0
2020-10-07,47.20639038095938,0
2020-10-08,48.659343719582424,0
2020-10-09,48.649593353371486,0
2020-10-12,49.41995239267813,0
2020-10-13,50.56086349497305,0
2020-10-14,50.346336364846096,0
2020-10-15,50.64862442026602,0
2020-10-16,50.32682800302969,1
2020-10-19,51.32147216806875,1
2020-10-20,52.199085235695705,1
2020-10-21,51.98456192026602,0
2020-10-22,53.0279655457543,0
2020-10-23,51.53599548349844,0
2020-10-26,50.84364700327383,0
2020-10-27,50.66812896738516,1
2020-10-28,48.75685501108633,1
2020-10-29,49.22491836557852,1
2020-10-30,49.088401794533596,1
2020-11-02,48.47406768808828,1
2020-11-03,49.81000518808828,1
2020-11-04,50.66812896738516,1
2020-11-05,53.222984314064846,1
2020-11-06,53.788562774758205,1
2020-11-09,54.56867599497305,1
2020-11-10,54.0323600770043,1
2020-11-11,54.95873260508047,1
2020-11-12,54.851463317971096,1
2020-11-13,56.48969268808828,0
2020-11-16,60.32198715219961,0
2020-11-17,60.44876480112539,1
2020-11-18,59.22983551035391,1
2020-11-19,60.29273223886953,0
2020-11-20,59.87341690073477,0
2020-11-23,62.58429718027578,0
2020-11-24,62.360027313332424,1
2020-11-25,61.85295104990469,1
2020-11-27,62.63306045542227,1
2020-11-30,62.496536254982814,1
2020-12-01,65.41220855722891,1
2020-12-02,67.3917236329125,1
2020-12-03,68.16209411631094,1
2020-12-04,71.51654052744375,1
2020-12-07,70.80471801767813,1
2020-12-08,71.37028503427969,1
2020-12-09,69.63455200205313,1
2020-12-10,69.50777435312735,1
2020-12-11,68.77642822275625,1
2020-12-14,69.76131439218985,1
2020-12-15,71.33129119883047,1
2020-12-16,71.17526245127188,1
2020-12-17,70.46341705332266,1
2020-12-18,69.68329620371328,1
2020-12-21,69.69305419931875,1
2020-12-22,68.68865966806875,1
2020-12-23,68.21084594736563,1
2020-12-24,68.82518768320547,1
2020-12-28,68.9031982422875,1
2020-12-29,68.46440887461172,1
2020-12-30,70.1318588257836,1
2020-12-31,73.3108139039086,1
2021-01-04,72.20892333994375,1
2021-01-05,75.33908844004141,1
2021-01-06,75.19282531748281,1
2021-01-07,77.14310455332266,1
2021-01-08,75.4951171876,1
2021-01-11,76.71405792246328,1
2021-01-12,77.4843978882836,1
2021-01-13,77.92321014414297,1
2021-01-14,79.27864837656485,1
2021-01-15,78.71306610117422,1
2021-01-19,83.37422180185781,1
2021-01-20,81.4239501954125,1
2021-01-21,82.89641571054922,1
2021-01-22,80.23429107676016,1
2021-01-25,79.25914764414297,1
2021-01-26,77.53316497812735,1
2021-01-27,73.2230453492211,1
2021-01-28,76.44098663340078,1
2021-01-29,76.32398223886953,1
2021-02-01,78.43028259287344,1
2021-02-02,79.5907211304711,1
2021-02-03,77.14310455332266,1
2021-02-04,79.22991180429922,1
2021-02-05,79.08363342295156,1
2021-02-08,81.92127227793203,1
2021-02-09,81.2484130860375,1
2021-02-10,80.30254364023672,1
2021-02-11,84.32984924326406,1
2021-02-12,85.82182312021719,1
2021-02-16,85.55854797373281,1
2021-02-17,83.91055297861563,1
2021-02-18,86.338623046975,1
2021-02-19,88.69846344004141,1
2021-02-22,84.13482666025625,1
2021-02-23,86.03634643564688,1
2021-02-24,90.21968841562735,1
2021-02-25,85.92909240732656,1
2021-02-26,89.25431060801016,0
2021-03-01,92.40399169931875,1
2021-03-02,88.82522583017813,1
2021-03-03,86.89446258554922,0
2021-03-04,82.23332214365469,0
2021-03-05,86.71894836435781,1
2021-03-08,82.93541717539297,1
2021-03-09,87.07975769052969,1
2021-03-10,83.28648376474844,1
2021-03-11,87.08949279795156,1
2021-03-12,85.58779907236563,1
2021-03-15,86.64094543467031,0
2021-03-16,89.15679168711172,0
2021-03-17,92.40399169931875,0
2021-03-18,87.58683013926016,0
2021-03-19,88.25967407236563,0
2021-03-22,89.0105209351586,0
2021-03-23,83.27671813974844,0
2021-03-24,80.93641662607656,0
2021-03-25,81.999267578225,0
2021-03-26,85.80232238779531,0
2021-03-29,84.43711853037344,0
2021-03-30,84.38836669931875,0
2021-03-31,86.01683044443594,0
2021-04-01,90.1124267579125,0
2021-04-05,91.41909790049063,0
2021-04-06,91.16555786142813,1
2021-04-07,91.62388610849844,0
2021-04-08,92.92082214365469,0
2021-04-09,92.93058013926016,0
2021-04-12,93.21335601816641,0
2021-04-13,89.85887908945547,0
2021-04-14,88.4156723023461,0
2021-04-15,88.025634765725,0
2021-04-16,88.40594482431875,0
2021-04-19,86.21188354502188,0
2021-04-20,85.30501556406485,0
2021-04-21,87.26502227793203,0
2021-04-22,82.60385894785391,0
2021-04-23,83.89105224619375,0
2021-04-26,85.65603637705313,0
2021-04-27,87.23577117929922,0
2021-04-28,83.89105224619375,0
2021-04-29,85.87057495127188,0
2021-04-30,83.93004608164297,0
2021-05-03,82.90617370615469,0
2021-05-04,82.31133270273672,0
2021-05-05,83.03294372568594,0
2021-05-06,82.69164276133047,0
2021-05-07,83.84228515635,0
2021-05-10,78.83982086191641,0
2021-05-11,78.67406463633047,0
2021-05-12,74.8905258179711,0
2021-05-13,75.27083587656485,0
2021-05-14,77.71843719492422,0
2021-05-17,78.39130401621328,0
2021-05-18,76.91881561289297,0
2021-05-19,77.94271087656485,0
2021-05-20,79.11286163340078,0
2021-05-21,78.71306610117422,0
2021-05-24,80.83887481699453,0
2021-05-25,79.21039581308828,0
2021-05-26,80.19525909433828,0
2021-05-27,81.84326934824453,0
2021-05-28,82.04804229746328,0
2021-06-01,82.05780029306875,0
2021-06-02,82.24305725107656,0
2021-06-03,79.9905014039086,0
2021-06-04,81.67750549326406,0
2021-06-07,81.95052337656485,0
2021-06-08,78.52780151377188,0
2021-06-09,76.70429229746328,0
2021-06-10,77.30887603769766,0
2021-06-11,77.36737823496328,1
2021-06-14,78.48877716074453,0
2021-06-15,80.13677215586172,0
2021-06-16,78.48877716074453,0
2021-06-17,78.63507080088125,0
2021-06-18,75.03679656992422,0
2021-06-21,75.15382385263906,0
2021-06-22,75.7291488648461,0
2021-06-23,77.05533599863516,0
2021-06-24,78.5765380860375,0
2021-06-25,79.9905014039086,0
2021-06-28,81.30693817148672,0
2021-06-29,80.86812591562735,0
2021-06-30,82.86714935312735,0
2021-07-01,78.11825561533438,1
2021-07-02,78.33274078379141,1
2021-07-06,79.06412506113516,0
2021-07-07,76.27522277842031,0
2021-07-08,75.19282531748281,0
2021-07-09,76.78230285654531,0
2021-07-12,77.58190155039297,0
2021-07-13,76.49951934824453,0
2021-07-14,76.53851318369375,0
2021-07-15,75.00756073008047,1
2021-07-16,73.1450424195336,1
2021-07-19,72.72573852549063,1
2021-07-20,73.51559448252188,1
2021-07-21,75.27083587656485,1
2021-07-22,73.65208435068594,1
2021-07-23,74.05191040049063,1
2021-07-26,74.4029541016625,1
2021-07-27,72.37468719492422,1
2021-07-28,73.67162323008047,1
2021-07-29,75.16357421885,1
2021-07-30,75.65115356455313,1
2021-08-02,75.70966339121328,0
2021-08-03,78.84959411631094,0
2021-08-04,79.94174957285391,0
2021-08-05,79.46392059336172,0
2021-08-06,79.96124267588125,1
2021-08-09,78.21576690683828,1
2021-08-10,74.02267456064688,1
2021-08-11,73.16453552256094,0
2021-08-12,68.50339508066641,0
2021-08-13,69.15673065195547,0
2021-08-16,69.16650390635,0
2021-08-17,69.02021789560781,0
2021-08-18,68.86419677744375,0
2021-08-19,68.53263854990469,0
2021-08-20,68.48389434824453,0
2021-08-23,69.95632934580313,0
2021-08-24,70.19036102304922,0
2021-08-25,72.19915771494375,0
2021-08-26,70.96072387705313,0
2021-08-27,72.16014862070547,0
2021-08-30,71.34104156504141,0
2021-08-31,71.86760711679922,0
2021-09-01,71.88711547861563,0
2021-09-02,72.15038299570547,0
2021-09-03,71.9748764039086,0
2021-09-07,71.80909729013906,0
2021-09-08,70.47313690195547,0
2021-09-09,71.05825805674063,0
2021-09-10,71.67258453379141,0
2021-09-13,72.50144195566641,0
2021-09-14,71.662841796975,0
2021-09-15,71.98462677011953,0
2021-09-16,72.77446746836172,0
2021-09-17,72.45269775400625,0
2021-09-20,70.57067108164297,0
2021-09-21,70.34640502939688,0
2021-09-22,72.13088989267813,0
2021-09-23,72.19915771494375,0
2021-09-24,72.20892333994375,0
2021-09-27,73.3108139039086,0
2021-09-28,71.28253173838125,0
2021-09-29,69.85883331308828,0
2021-09-30,69.31198120127188,0
2021-10-01,69.32175445566641,0
2021-10-04,68.96044158945547,0
2021-10-05,68.84326171885,0
2021-10-06,68.29643249521719,0
2021-10-07,68.88233184824453,0
2021-10-08,68.47221374521719,0
2021-10-11,67.59335327158438,0
2021-10-12,65.15210723886953,0
2021-10-13,64.82007598886953,0
2021-10-14,66.20671844492422,0
2021-10-15,66.08952331552969,0
2021-10-18,65.67942047129141,0
2021-10-19,65.98212432871328,0
2021-10-20,66.6656723023461,0
2021-10-21,67.02698516855703,0
2021-10-22,65.92355346689688,0
2021-10-25,67.14415740976797,0
2021-10-26,67.3199462891625,0
2021-10-27,66.6363754273461,0
2021-10-28,67.94487762461172,0
2021-10-29,67.47617340097891,0
2021-11-01,69.03856658945547,0
2021-11-02,69.09716796885,0
2021-11-03,69.57564544687735,0
2021-11-04,70.5423812867211,0
2021-11-05,71.20639801035391,0
2021-11-08,72.807861328225,0
2021-11-09,73.81364440927969,0
2021-11-10,71.68489074717031,0
2021-11-11,72.79810333261953,0
2021-11-12,75.48347473154531,0
2021-11-15,74.97569274912344,0
2021-11-16,75.00498199472891,0
2021-11-17,73.68671417246328,0
2021-11-18,75.21002960215078,0
2021-11-19,81.07881927500235,0
2021-11-22,81.88932037363516,0
2021-11-23,83.40289306650625,0
2021-11-24,84.18407440195547,0
2021-11-26,81.45964813242422,1
2021-11-29,84.1157455445336,0
2021-11-30,82.02601623545156,0
2021-12-01,83.14899444590078,0
2021-12-02,80.93235015879141,0
2021-12-03,79.70197296152578,0
2021-12-06,80.51243591318594,1
2021-12-07,83.81301879892813,1
2021-12-08,83.99855041513906,1
2021-12-09,82.93416595468985,1
2021-12-10,83.52983856211172,1
2021-12-13,82.3677978516625,1
2021-12-14,81.33271026621328,0
2021-12-15,83.6469955445336,0
2021-12-16,80.74681091318594,0
2021-12-17,81.04953002939688,0
2021-12-20,80.1023178101586,0
2021-12-21,88.54902648935781,0
2021-12-22,88.21703338633047,0
2021-12-23,92.20114898691641,0
2021-12-27,92.21092987070547,0
2021-12-28,90.75595092783438,0
2021-12-29,93.91004180918203,0
2021-12-30,91.6836166382836,0
2021-12-31,91.05799865732656,0
2022-01-03,93.59959411631094,0
2022-01-04,94.17634582529531,0
2022-01-05,92.27989959726797,0
2022-01-06,93.50183868418203,0
2022-01-07,92.32877349863516,0
2022-01-10,91.78135681162344,0
2022-01-11,92.08440399179922,0
2022-01-12,92.97394561777578,0
2022-01-13,93.47251129160391,0
2022-01-14,95.17343139658438,0
2022-01-18,90.78424835215078,0
2022-01-19,87.97872161875235,0
2022-01-20,83.1594467164086,0
2022-01-21,80.0899658204125,0
2022-01-24,81.0870590210961,0
2022-01-25,78.90715026865469,0
2022-01-26,80.12907409677969,0
2022-01-27,76.95205688486563,0
2022-01-28,77.48970794687735,0
2022-01-31,80.42234039316641,0
2022-02-01,79.62074279795156,0
2022-02-02,82.61203765879141,0
2022-02-03,80.12907409677969,0
2022-02-04,79.34703063974844,0
2022-02-07,79.05378723154531,0
2022-02-08,82.23079681406485,0
2022-02-09,86.14094543467031,0
2022-02-10,88.97582244883047,0
2022-02-11,87.74411773691641,0
2022-02-14,87.84187316904531,0
2022-02-15,93.84398651133047,0
2022-02-16,93.90263366709219,0
2022-02-17,91.62496185312735,0
2022-02-18,88.7607650757836,0
2022-02-22,88.53592681894766,0
2022-02-23,85.34915924082266,0
2022-02-24,86.83500671396719,0
2022-02-25,88.07649230967031,0
2022-02-28,86.86434173593985,0
2022-03-01,84.32271575937735,0
2022-03-02,91.20462036142813,0
2022-03-03,87.17713928232656,0
2022-03-04,80.0704345704125,0
2022-03-07,73.9998779297875,0
2022-03-08,75.42711639414297,0
2022-03-09,77.65589904795156,0
2022-03-10,74.0194320679711,0
2022-03-11,71.1845703126,0
2022-03-14,67.84138488779531,0
2022-03-15,71.46804809580313,0
2022-03-16,77.88072967539297,0
2022-03-17,78.71161651621328,0
2022-03-18,77.62656402597891,0
2022-03-21,76.59037780771719,0
2022-03-22,77.34307861338125,0
2022-03-23,73.95101165781485,0
2022-03-24,76.45350646982656,0
2022-03-25,76.34597778330313,0
2022-03-28,78.06645965586172,0
2022-03-29,80.20726776133047,0
2022-03-30,77.38218688974844,0
2022-03-31,76.14070892343985,0
2022-04-01,74.46910858164297,0
2022-04-04,75.92563629160391,0
2022-04-05,72.93437194834219,0
2022-04-06,72.12300109873281,0
2022-04-07,71.63423919687735,0
2022-04-08,70.61619567881094,0
2022-04-11,70.50851440439688,0
2022-04-12,70.44000244150625,0
2022-04-13,70.85113525400625,0
2022-04-14,68.64865875254141,0
2022-04-18,69.64710998545156,0
2022-04-19,71.1937484742211,0
2022-04-20,71.65380859385,0
2022-04-21,69.42198181162344,0
2022-04-22,67.94385528574453,0
2022-04-25,68.63887023935781,0
2022-04-26,65.66309356699453,0
2022-04-27,65.06596374521719,0
2022-04-28,68.69760894785391,0
2022-04-29,66.7496566773461,0
2022-05-02,69.10871887217031,0
2022-05-03,69.75479125986563,0
2022-05-04,72.06492614756094,0
2022-05-05,69.78414154062735,0
2022-05-06,68.86402130136953,0
2022-05-09,66.49512481699453,0
2022-05-10,67.45443725595938,0
2022-05-11,65.54561615000235,0
2022-05-12,66.27976989756094,0
2022-05-13,70.40085601816641,0
2022-05-16,68.98147583017813,0
2022-05-17,72.90677642832266,0
2022-05-18,69.54923248301016,0
2022-05-19,67.93408966074453,0
2022-05-20,67.44463348398672,0
2022-05-23,68.12005615244375,0
2022-05-24,65.21280670176016,0
2022-05-25,66.43638610849844,0
2022-05-26,69.10871887217031,0
2022-05-27,71.77128601084219,0
2022-05-31,72.28028106699453,0
2022-06-01,71.99641418467031,0
2022-06-02,73.7779769898461,0
2022-06-03,68.46267700205313,0
2022-06-06,68.96189880381094,0
2022-06-07,69.26533508310781,0
2022-06-08,67.15098571787344,0
2022-06-09,64.62547302256094,0
2022-06-10,61.297290802101955,0
2022-06-13,57.597129821877346,0
2022-06-14,57.460098266701564,0
2022-06-15,57.87122344980703,0
2022-06-16,53.84802627573477,0
2022-06-17,54.572402954201564,0
2022-06-21,55.6002197266625,0
2022-06-22,55.14993667612539,0
2022-06-23,55.03247833261953,0
2022-06-24,57.205581665139064,0
2022-06-27,57.53839874277578,0
2022-06-28,56.63783645639883,0
2022-06-29,54.83669662485586,0
2022-06-30,54.11233520517813,0
2022-07-01,52.51675415049063,0
2022-07-05,55.53169631968008,0
2022-07-06,56.15818786631094,0
2022-07-07,57.60692596445547,0
2022-07-08,58.00414276133047,0
2022-07-11,56.69969177256094,0
2022-07-12,58.04338073740469,0
2022-07-13,57.72952651987539,0
2022-07-14,58.210105896096096,0
2022-07-15,60.34824371347891,0
2022-07-18,59.28899383554922,0
2022-07-19,61.201534271340236,0
2022-07-20,62.0842399598168,0
2022-07-21,62.41771698008047,0
2022-07-22,60.11285400400625,0
2022-07-25,58.994747161965236,0
2022-07-26,58.51416397104727,0
2022-07-27,60.70132446299063,0
2022-07-28,60.87787246714102,0
2022-07-29,60.67190551767813,0
2022-08-01,61.338848114113674,0
2022-08-02,61.27019500742422,0
2022-08-03,63.0160026551293,0
2022-08-04,63.60446548471914,0
2022-08-05,61.26038360605703,0
2022-08-08,60.26978302011953,0
2022-08-09,58.013957977394924,0
2022-08-10,60.22074127207266,0
2022-08-11,61.12307357798086,0
2022-08-12,63.79084396372305,0
2022-08-15,63.45736694345938,0
2022-08-16,62.63349533091055,0
2022-08-17,60.43651580820547,0
2022-08-18,61.77039337168203,0
2022-08-19,59.347827911476955,0
2022-08-22,57.190086364846096,0
2022-08-23,56.74873733530508,0
2022-08-24,57.190086364846096,0
2022-08-25,60.024585723976955,0
2022-08-26,56.523147583107814,0
2022-08-29,55.915061950783596,0
2022-08-30,55.21868896494375,0
2022-08-31,55.44426727304922,0
2022-09-01,56.20929718027578,0
2022-09-02,55.248123169045314,0
2022-09-06,54.16924285898672,0
2022-09-07,53.943660736183986,0
2022-09-08,54.32617568979727,0
2022-09-09,56.33679580698477,0
2022-09-12,56.827190399269924,0
2022-09-13,52.59015655527578,0
2022-09-14,52.089954376320705,0
2022-09-15,51.678020477394924,0
2022-09-16,51.834949493508205,0
2022-09-19,51.099353790383205,0
2022-09-20,49.824329376320705,0
2022-09-21,49.13776397715078,0
2022-09-22,48.706218719582424,0
2022-09-23,49.13776397715078,0
2022-09-26,47.941204071144924,0
2022-09-27,49.60855484018789,0
2022-09-28,50.02048492441641,0
2022-09-29,49.04949951181875,0
2022-09-30,49.13776397715078,0
2022-10-03,50.72665405283438,0
2022-10-04,52.92363739023672,0
2022-10-05,53.678848266701564,0
2022-10-06,53.57095336924063,0
2022-10-07,52.003292083840236,0
2022-10-10,50.49951934824453,0
2022-10-11,52.78958129892813,0
2022-10-12,51.846031189064846,0
2022-10-13,53.919876098732814,0
2022-10-14,51.81654739389883,0
2022-10-17,52.583171844582424,0
2022-10-18,51.649463653664455,0
2022-10-19,52.121238708596096,0
2022-10-20,52.779747009377346,0
2022-10-21,55.08948135385977,0
2022-10-24,55.276226043801174,0
2022-10-25,54.91256713877188,0
2022-10-26,54.499771118264064,0
2022-10-27,51.31528472910391,0
2022-10-28,53.11392974863516,0
2022-10-31,53.172901153664455,0
2022-11-01,53.919876098732814,0
2022-11-02,52.534038543801174,0
2022-11-03,52.563518524269924,0
2022-11-04,55.19760131845938,0
2022-11-07,55.590740203957424,0
2022-11-08,56.504802703957424,0
2022-11-09,55.01084899912344,0
2022-11-10,59.23715972910391,0
2022-11-11,61.4486083985375,0
2022-11-14,60.72128295908438,0
2022-11-15,62.01866912851797,0
2022-11-16,57.86115264902578,0
2022-11-17,57.733394622902736,0
2022-11-18,57.576126098732814,0
2022-11-21,56.180461883644924,0
2022-11-22,57.615440368752346,0
2022-11-23,57.92013168344961,0
2022-11-25,57.409046173195705,0
2022-11-28,54.79462051401602,0
2022-11-29,54.17541885385977,0
2022-11-30,56.66206741343008,0
2022-12-01,54.539085388283596,0
2022-12-02,53.742969513039455,0
2022-12-05,53.11392974863516,0
2022-12-06,52.76010131845938,0
2022-12-07,52.897693634133205,0
2022-12-08,54.25405502329336,0
2022-12-09,53.929702758889064,0
2022-12-12,54.401477813820705,0
2022-12-13,54.29336547861563,0
2022-12-14,53.654502868752346,0
2022-12-15,51.148208618264064,0
2022-12-16,51.177696228127346,0
2022-12-19,50.83368682871328,0
2022-12-20,49.81150054941641,0
2022-12-21,50.312767028908596,0
2022-12-22,48.582935333351955,0
2022-12-23,49.33972930918203,0
2022-12-27,49.16281890879141,0
2022-12-28,48.278240203957424,0
2022-12-29,49.782032013039455,0
2022-12-30,49.23528289804922,0
2023-01-03,49.61948013315664,0
2023-01-04,53.39241409311758,0
2023-01-05,53.89481353769766,0
2023-01-06,55.924121856789455,0
2023-01-09,55.520225525002346,0
2023-01-10,56.357566833596096,0
2023-01-11,57.19490432749258,0
2023-01-12,56.41666412363516,0
2023-01-13,56.08173751841055,0
2023-01-17,56.00292205820547,0
2023-01-18,55.667991638283596,0
2023-01-19,55.520225525002346,0
2023-01-20,57.58892822275625,0
2023-01-23,60.89888381968008,0
2023-01-24,60.347209930519924,0
2023-01-25,60.6230468751,1
2023-01-26,61.86426162729727,0
2023-01-27,62.91832733164297,0
2023-01-30,60.790523529152736,0
2023-01-31,59.40152359018789,0
2023-02-01,61.667251587014064,0
2023-02-02,62.228759765725,0
2023-02-03,61.48007583628164,0
2023-02-06,59.086292266945705,0
2023-02-07,61.20425033579336,0
2023-02-08,59.35226440439688,0
2023-02-09,59.283306121926174,0
2023-02-10,58.92867660532461,0
2023-02-13,59.22420883188711,0
2023-02-14,61.1451530457543,0
2023-02-15,60.918575286965236,0
2023-02-16,59.15524292002188,0
2023-02-17,58.13074111948477,0
2023-02-21,56.74175262461172,0
2023-02-22,56.13098907480703,0
2023-02-23,57.874614715676174,0
2023-02-24,57.313106536965236,0
2023-02-27,57.037288665871486,0
2023-02-28,56.95848083506094,0
2023-03-01,56.48562622080313,0
2023-03-02,55.58918380747305,1
2023-03-03,55.93396759043203,1
2023-03-06,55.98322296152578,1
2023-03-07,54.73214721689688,1
2023-03-08,56.04233169565664,1
2023-03-09,54.77154541025625,1
2023-03-10,54.11154174814688,0
2023-03-13,53.096885681252346,0
2023-03-14,53.46137237558828,0
2023-03-15,53.32345962534414,0
2023-03-16,55.72710418711172,0
2023-03-17,55.81575393686758,0
2023-03-20,56.781150817971096,0
2023-03-21,57.75640869150625,0
2023-03-22,57.30325698862539,0
2023-03-23,60.426025390725,0
2023-03-24,60.24870300302969,0
2023-03-27,58.89911651621328,0
2023-03-28,58.39672088633047,0
2023-03-29,62.593250274758205,0
2023-03-30,62.14994812021719,1
2023-03-31,59.4409294129418,0
2023-04-03,58.721797943215236,0
2023-04-04,56.41666412363516,0
2023-04-05,56.170391082863674,1
2023-04-06,57.80402374277578,1
2023-04-10,62.45322418222891,1
2023-04-11,62.74935913095938,1
2023-04-12,61.16013336191641,1
2023-04-13,62.18670654306875,1
2023-04-14,61.821487426857814,0
2023-04-17,61.73265075693594,0
2023-04-18,61.13052368174063,0
2023-04-19,59.867053985695705,0
2023-04-20,60.66659164438711,0
2023-04-21,60.34085464487539,0
2023-04-24,58.74177169809805,0
2023-04-25,57.38944244394766,0
2023-04-26,60.23227691660391,0
2023-04-27,61.10092163095938,0
2023-04-28,63.529155731301174,0
2023-05-01,61.54510498056875,0
2023-05-02,61.10092163095938,0
2023-05-03,60.12369537363516,0
2023-05-04,59.72885513315664,0
2023-05-05,60.43956756601797,0
2023-05-08,60.08419799814688,0
2023-05-09,60.143428802590236,0
2023-05-10,59.21556854258047,0
2023-05-11,60.814651489357814,0
2023-05-12,60.13356399546133,0
2023-05-15,63.805538177590236,0
2023-05-16,62.90729141245352,0
2023-05-17,64.0819320679711,0
2023-05-18,66.69773101816641,0
2023-05-19,67.28997039804922,0
2023-05-22,65.37503051767813,0
2023-05-23,65.1578598023461,0
2023-05-24,65.671142578225,0
2023-05-25,68.71138763437735,0
2023-05-26,72.9756088257836,0
2023-05-30,70.76451873789297,0
2023-05-31,67.319580078225,0
2023-06-01,68.19809722910391,0
2023-06-02,68.27706146250235,0
2023-06-05,66.89513397226797,0
2023-06-06,66.6680908204125,0
2023-06-07,66.19429016123281,0
2023-06-08,64.47676849375235,0
2023-06-09,64.58534240732656,0
2023-06-12,66.57926177988516,0
2023-06-13,66.99383544931875,0
2023-06-14,68.22769165049063,0
2023-06-15,67.93156433115469,0
2023-06-16,66.78655242929922,0
2023-06-20,66.03636169443594,0
2023-06-21,64.95056915293203,0
2023-06-22,65.39476776133047,0
2023-06-23,64.43729400644766,0
2023-06-26,64.60507965097891,0
2023-06-27,65.92778778086172,0
2023-06-28,66.20417785654531,0
2023-06-29,63.49954605112539,0
2023-06-30,62.29529571543203,0
2023-07-03,63.075096130471096,0
2023-07-05,61.258838653664455,0
2023-07-06,60.43956756601797,0
2023-07-07,59.97970199594961,0
2023-07-10,61.78947448740469,0
2023-07-11,62.8970947266625,0
2023-07-12,63.08499526987539,0
2023-07-13,63.816829681496486,0
2023-07-14,63.37179565439688,0
2023-07-17,64.4398422242211,0
2023-07-18,64.22228240976797,0
2023-07-19,64.24205780039297,0
2023-07-20,63.975051879982814,0
2023-07-21,64.92444610605703,0
2023-07-24,64.75633239756094,0
2023-07-25,64.95410919199453,0
2023-07-26,66.63531494150625,0
2023-07-27,70.28453063974844,0
2023-07-28,70.41310119638906,0
2023-07-31,70.60100555429922,0
2023-08-01,69.97796630869375,0
2023-08-02,67.41658020029531,0
2023-08-03,68.41542053232656,0
2023-08-04,69.13736724863516,0
2023-08-07,68.61321258554922,0
2023-08-08,66.90232849131094,0
2023-08-09,65.96283721933828,0
2023-08-10,64.71675872812735,0
2023-08-11,63.65859603891836,0
2023-08-14,67.52537536631094,0
2023-08-15,64.60797882090078,0
2023-08-16,63.510250091652736,0
2023-08-17,62.857540130715236,0
2023-08-18,62.88720703135,0
2023-08-21,63.25312042246328,0
2023-08-22,62.70918655405508,0
2023-08-23,64.46954345713125,0
2023-08-24,62.986106872658596,0
2023-08-25,63.015769958596096,0
2023-08-28,64.58818817148672,0
2023-08-29,65.94304656992422,0
2023-08-30,67.33747863779531,0
2023-08-31,69.16704559336172,0
2023-09-01,69.612060546975,0
2023-09-05,69.51316070566641,0
2023-09-06,69.6318359376,0
2023-09-07,69.09781646738516,0
2023-09-08,69.40436553965078,0
2023-09-11,69.25602722177969,0
2023-09-12,69.53292083750235,0
2023-09-13,70.06697845468985,0
2023-09-14,70.99658966074453,0
2023-09-15,69.1076889039086,0
2023-09-18,69.72083282480703,0
2023-09-19,69.92850494394766,0
2023-09-20,68.90989685068594,0
2023-09-21,67.14958953867422,0
2023-09-22,68.11874389658438,0
2023-09-25,67.82205200205313,0
2023-09-26,67.18912506113516,0
2023-09-27,67.45614624033438,0
2023-09-28,64.47940063486563,0
2023-09-29,67.27813720713125,0
2023-10-02,67.20890808115469,0
2023-10-03,67.08035278330313,0
2023-10-04,67.35726165781485,0
2023-10-05,68.28685760508047,0
2023-10-06,69.30221557627188,0
2023-10-09,68.82675170908438,0
2023-10-10,68.42058563242422,0
2023-10-11,69.54987335215078,0
2023-10-12,69.09420013437735,0
2023-10-13,68.55928039560781,0
2023-10-16,68.43049621592031,0
2023-10-17,68.35125732431875,0
2023-10-18,68.48993682871328,0
2023-10-19,66.89506530771719,0
2023-10-20,66.58798980722891,0
2023-10-23,66.25118255625235,0
2023-10-24,67.42997741709219,0
2023-10-25,65.87474823008047,0
2023-10-26,63.923294067482814,0
2023-10-27,65.03275299082266,0
2023-10-30,65.44879913340078,0
2023-10-31,66.24127960215078,0
2023-11-01,68.74749755869375,0
2023-11-02,69.7777099610375,0
2023-11-03,71.89759063730703,0
2023-11-06,72.2343978882836,0
2023-11-07,72.11551666269766,0
2023-11-08,71.60042572031485,0
2023-11-09,72.87828826914297,0
2023-11-10,74.65146636972891,0
2023-11-13,74.07691955576406,0
2023-11-14,76.44443511972891,0
2023-11-15,76.41471862802969,0
2023-11-16,75.94913482676016,0
2023-11-17,76.83078765879141,0
2023-11-20,77.88079833994375,0
2023-11-21,75.98876190195547,0
2023-11-22,76.37509155283438,0
2023-11-24,76.14727783213125,0
2023-11-27,76.78124237070547,0
2023-11-28,75.40430450449453,0
2023-11-29,75.96895599375235,0
2023-11-30,75.40430450449453,0
2023-12-01,75.21610260019766,0
2023-12-04,73.59150695810781,0
2023-12-05,72.99716186533438,0
2023-12-06,72.44242095957266,0
2023-12-07,72.95752716074453,0
2023-12-08,74.25521850595938,0
2023-12-11,77.0586166382836,0
2023-12-12,77.42513275156485,0
2023-12-13,79.03980255136953,0
2023-12-14,81.41724395761953,0
2023-12-15,80.64456939707266,0
2023-12-18,80.79314422617422,0
2023-12-19,81.39741516123281,0
2023-12-20,77.95015716562735,0
2023-12-21,84.67631530771719,0
2023-12-22,85.67681121836172,0
2023-12-26,86.24144744883047,0
2023-12-27,85.84520721445547,0
2023-12-28,85.19141387949453,0
2023-12-29,84.65082550058828,0
2024-01-02,81.67504119883047,0
2024-01-03,81.59568023691641,0
2024-01-04,82.04206085215078,0
2024-01-05,82.77607727060781,0
2024-01-08,84.26396179209219,0
2024-01-09,82.65706634531485,0
2024-01-10,81.71471405039297,0
2024-01-11,82.71656799326406,0
2024-01-12,81.72464752207266,0
2024-01-16,83.92670440683828,0
2024-01-17,82.60746002207266,0
2024-01-18,84.13501739511953,0
2024-01-19,86.80330657968985,0
2024-01-22,88.51932525644766,0
2024-01-23,86.8231430054711,0
2024-01-24,87.36869049082266,0
2024-01-25,88.47964477549063,0
2024-01-26,87.33892822275625,0
2024-01-29,88.35070037851797,0
2024-01-30,85.46419525156485,0
2024-01-31,85.05751037607656,0
2024-02-01,84.91864013681875,0
2024-02-02,85.78162384043203,0
2024-02-05,86.27758026133047,0
2024-02-06,83.91680145273672,0
2024-02-07,84.48218536386953,0
2024-02-08,84.19453430185781,0
2024-02-09,84.86903381357656,0
2024-02-12,85.00791168222891,0
2024-02-13,80.87158966074453,0
2024-02-14,81.16915130625235,0
2024-02-15,80.97078704843985,0
2024-02-16,78.85797882090078,0
2024-02-20,80.05821228037344,0
2024-02-21,80.8319091797875,0
2024-02-22,85.21622467051016,0
2024-02-23,85.30548858652578,0
2024-02-26,88.73755645761953,0
2024-02-27,91.10823822031485,0
2024-02-28,88.98553466806875,0
2024-02-29,89.87825775156485,0
2024-03-01,94.381591796975,0
2024-03-04,94.99658966074453,0
2024-03-05,93.70709228525625,0
2024-03-06,94.78827667246328,0
2024-03-07,98.1806640626,0
2024-03-08,96.83164978037344,0
2024-03-11,93.74676513681875,0
2024-03-12,96.63326263437735,0
2024-03-13,93.39959716806875,0
2024-03-14,90.69163513193594,0
2024-03-15,92.49694061289297,0
2024-03-18,93.02265167246328,0
2024-03-19,93.24089813242422,0
2024-03-20,95.47270202646719,0
2024-03-21,108.96287536631094,0
2024-03-22,109.3199691773461,0
2024-03-25,116.1841049195336,0
2024-03-26,117.84061431894766,0
2024-03-27,118.28697204599844,0
2024-03-28,117.05083465586172,0
2024-04-01,123.41521453867422,0
2024-04-02,121.8762435914086,1
2024-04-03,127.09878540049063,1
2024-04-04,123.20669555674063,1
2024-04-05,122.70033264170156,1
2024-04-08,122.07482147226797,1
2024-04-09,121.757080078225,0
2024-04-10,121.33014678965078,0
2024-04-11,126.60234832773672,0
2024-04-12,121.64787292490469,0
2024-04-15,120.50606536875235,0
2024-04-16,120.9032211304711,0
2024-04-17,115.50193786631094,0
2024-04-18,111.13324737558828,0
2024-04-19,106.00998687754141,0
2024-04-22,108.34326171885,0
2024-04-23,111.65948486338125,0
2024-04-24,110.98431396494375,1
2024-04-25,110.78575897226797,0
2024-04-26,114.02254486093985,0
2024-04-29,113.54595947275625,0
2024-04-30,112.15592193613516,0
2024-05-01,108.91912841806875,0
2024-05-02,111.53041076670156,0
2024-05-03,113.883544921975,0
2024-05-06,119.27488708506094,0
2024-05-07,118.36143493662344,0
2024-05-08,118.47064971933828,0
2024-05-09,116.97139740000235,0
2024-05-10,120.37698364267813,0
2024-05-13,122.12445068369375,0
2024-05-14,123.92157745371328,0
2024-05-15,126.90020751963125,0
2024-05-16,126.97965240488516,0
2024-05-17,124.39817047129141,0
2024-05-20,128.08177185068593,1
2024-05-21,126.5924301148461,1
2024-05-22,125.38111877451406,1
2024-05-23,125.37117004404531,1
2024-05-24,128.56825256357655,1
2024-05-28,131.7256164551781,0
2024-05-29,130.6433868409203,0
2024-05-30,125.39103698740469,1
2024-05-31,124.11021423349844,1
2024-06-03,127.25766754160391,1
2024-06-04,125.7385482789086,1
2024-06-05,132.75822448740468,0
2024-06-06,129.14414978037343,0
2024-06-07,130.0079345704125,0
2024-06-10,133.86032104502186,0
2024-06-11,134.1085510254906,0
2024-06-12,139.74810791025624,0
2024-06-13,142.12110900888905,0
2024-06-14,140.35374450693593,0
2024-06-17,146.7777099610375,0
2024-06-18,152.35771179209218,0
2024-06-20,143.1636505127953,0
2024-06-21,138.54672241220936,0
2024-06-24,138.02049255381093,0
2024-06-25,140.11546325693593,0
2024-06-26,141.34666442881093,0
2024-06-27,131.28875732431874,0
2024-06-28,130.59373474131093,0
2024-07-01,130.5838165284203,0
2024-07-02,131.64620971689686,0
2024-07-03,135.84608459482655,0
2024-07-05,130.66325378427968,0
2024-07-08,129.87322998056874,0
2024-07-09,130.32041931162343,0
2024-07-10,135.53759765635,0
2024-07-11,129.41610717783436,0
2024-07-12,132.71534729013905,0
2024-07-15,130.0520782471703,0
2024-07-16,126.69320678720938,0
2024-07-17,118.75313568125235,0
2024-07-18,116.71595001230703,0
2024-07-19,113.54590606699453,0
2024-07-22,114.55951690683828,0
2024-07-23,113.53596496592031,0
2024-07-24,109.59076690683828,0
2024-07-25,106.77845001230703,0
2024-07-26,108.7262191773461,0
2024-07-29,107.17595672617422,0
2024-07-30,101.91902160654531,0
2024-07-31,109.13364410410391,0
2024-08-01,100.87558746347891,0
2024-08-02,92.12064361582266,0
2024-08-05,89.8548812867211,0
2024-08-06,88.44377136240469,0
2024-08-07,86.25753021250235,0
2024-08-08,91.49456787119375,0
2024-08-09,92.49827575693594,0
2024-08-12,94.04852294931875,0
2024-08-13,96.83101654062735,0
2024-08-14,99.78245544443594,0
2024-08-15,106.28157043467031,0
2024-08-16,107.31507110605703,0
2024-08-19,107.95108795176016,0
2024-08-20,107.31507110605703,0
2024-08-21,107.65296173105703,0
2024-08-22,103.60838317881094,0
2024-08-23,102.20721435556875,0
2024-08-26,98.29183197031485,0
2024-08-27,97.24839782724844,0
2024-08-28,94.26713562021719,0
2024-08-29,94.97270202646719,0
2024-08-30,95.63851928720938,0
2024-09-03,88.02639770517813,0
2024-09-04,88.73196411142813,0
2024-09-05,88.83132934580313,0
2024-09-06,85.84014892588125,0
2024-09-09,85.73081970224844,0
2024-09-10,86.30720520029531,0
2024-09-11,90.08345794687735,0
2024-09-12,86.66494750986563,0
2024-09-13,90.64988708506094,0
2024-09-16,86.63514709482656,0
2024-09-17,88.17546081552969,0
2024-09-18,86.8040771485375,0
2024-09-19,88.69219970713125,0
2024-09-20,90.33188629160391,0
2024-09-23,92.98520660410391,0
2024-09-24,93.41252899179922,0
2024-09-25,95.17145538340078,0
2024-09-26,109.19326782236563,0
2024-09-27,106.82814025888906,0
2024-09-30,103.06182861338125,0
2024-10-01,99.68307495127188,0
2024-10-02,99.2259521485375,0
2024-10-03,101.18363189707266,0
2024-10-04,101.61096954355703,0
2024-10-07,102.3819808960961,0
2024-10-08,102.01387786875235,0
2024-10-09,101.17819213877188,0
2024-10-10,105.147705078225,0
2024-10-11,106.37141418467031,0
2024-10-14,107.78411102304922,0
2024-10-15,103.78473663340078,0
2024-10-16,108.67948150644766,0
2024-10-17,111.47508239756094,0
2024-10-18,110.57969665537344,0
2024-10-21,108.52032470713125,0
2024-10-22,107.26677703867422,0
2024-10-23,104.5110092164086,0
2024-10-24,106.3017578126,0
2024-10-25,107.3563232422875,0
2024-10-28,105.8441162110375,0
2024-10-29,107.62493896494375,0
2024-10-30,103.54597473154531,0
2024-10-31,99.1386947632836,0
2024-11-01,99.21829223642813,0
2024-11-04,101.2080307007836,0
2024-11-05,104.94874572763906,0
2024-11-06,111.25621032724844,0
2024-11-07,112.82811737070547,0
2024-11-08,111.32585144052969,0
2024-11-11,108.09252166758047,0
2024-11-12,103.56587219248281,0
2024-11-13,99.40731811533438,0
2024-11-14,98.67110443125235,0
2024-11-15,95.84568786631094,0
2024-11-18,97.00968170176016,0
2024-11-19,97.22856140146719,0
2024-11-20,97.86528015146719,0
2024-11-21,102.23276519785391,0
2024-11-22,102.11336517343985,0
2024-11-25,103.94392395029531,0
2024-11-26,101.27766418467031,0
2024-11-27,97.69613647470938,0
2024-11-29,97.44742584238516,0
2024-12-02,98.04434204111563,0
2024-12-03,99.32772827158438,0
2024-12-04,102.67048645029531,0
2024-12-05,100.35244750986563,0
2024-12-06,100.65089416513906,0
2024-12-09,102.29243469248281,0
2024-12-10,97.59664917002188,0
2024-12-11,101.53633880625235,0
2024-12-12,97.73593902597891,0
2024-12-13,101.97408294687735,0
2024-12-16,107.70452117929922,0
2024-12-17,108.04277801523672,0
2024-12-18,103.36691284189688,0
2024-12-19,86.64314270029531,0
2024-12-20,89.65760040293203,0
2024-12-23,89.25965881357656,0
2024-12-24,88.82190704355703,0
2024-12-26,89.35914611826406,0
2024-12-27,88.17523193369375,0
2024-12-30,84.98255157480703,0
2024-12-31,83.83696746836172,0
2025-01-02,86.99480438242422,0
2025-01-03,89.52505493174063,0
2025-01-06,98.87899780283438,0
2025-01-07,101.51882934580313,0
2025-01-08,99.02843475351797,0
2025-01-10,98.95870208750235,0
2025-01-13,94.69512176523672,0
2025-01-14,96.98628997812735,0
2025-01-15,102.79393005381094,0
2025-01-16,102.2061767579125,0
2025-01-17,105.34408569345938,0
2025-01-21,108.96015930185781,0
2025-01-22,108.81074523935781,0
2025-01-23,104.43758392343985,0
2025-01-24,102.79393005381094,0
2025-01-27,90.76028442392813,0
2025-01-28,87.91126251230703,0
2025-01-29,88.66835021982656,0
2025-01-30,92.14495849619375,0
2025-01-31,90.88977813730703,0
2025-02-03,89.57484436045156,0
2025-02-04,90.31202697763906,0
2025-02-05,93.24073028574453,0
2025-02-06,94.17711639414297,0
2025-02-07,91.94573211679922,0
2025-02-10,95.5617904664086,0
2025-02-11,93.71888732920156,0
2025-02-12,91.32809448252188,0
2025-02-13,95.29282379160391,0
2025-02-14,99.13800811777578,0
2025-02-18,106.38010406504141,0
2025-02-19,103.95942687998281,0
2025-02-20,102.78395080576406,0
2025-02-21,98.46060943613516,0
2025-02-24,95.04378509531485,0
2025-02-25,92.86219024668203,0
2025-02-26,97.33495330820547,0
2025-02-27,91.46755981455313,0
2025-02-28,93.27060699472891,0
2025-03-03,90.19247436533438,0
2025-03-04,90.84993743906485,0
2025-03-05,93.97789001474844,0
2025-03-06,88.92735290537344,0
2025-03-07,92.60318756113516,0
2025-03-10,86.74575805674063,0
2025-03-11,88.70820617685781,0
2025-03-12,95.27289581308828,0
2025-03-13,94.51581573496328,0
2025-03-14,100.40313720713125,0
2025-03-17,102.71422576914297,0
2025-03-18,101.32955932627188,0
2025-03-19,101.66825866709219,0
2025-03-20,102.60464477549063,0
2025-03-21,94.35643005381094,0
2025-03-24,96.56790924082266,0
2025-03-25,93.8185043335961,0
2025-03-26,91.77637481699453,0
2025-03-27,90.81010437021719,0
2025-03-28,88.10054016123281,0
2025-03-31,86.669189453225,0
2025-04-01,88.48455047617422,0
2025-04-02,88.37483978281485,0
2025-04-03,74.15107727060781,0
2025-04-04,64.55552673349844,0
2025-04-07,68.19625091562735,0
2025-04-08,65.37344360361563,0
2025-04-09,77.67211151133047,0
2025-04-10,69.87198638926016,0
2025-04-11,69.37325286875235,0
2025-04-14,70.83950805674063,0
2025-04-15,70.85945892343985,0
2025-04-16,69.15380859385,0
2025-04-17,68.62515258799063,0
2025-04-21,66.57038879404531,0
2025-04-22,70.03157806406485,0
2025-04-23,72.74466705332266,0
2025-04-24,77.22325134287344,0
2025-04-25,79.57724761972891,0
2025-04-28,78.3603515626,0
2025-04-29,76.68461608896719,0
2025-04-30,76.75444030771719,0
2025-05-01,77.57235717783438,0
2025-05-02,80.51486206064688,0
2025-05-05,80.21562194834219,0
2025-05-06,80.30540466318594,0
2025-05-07,82.41004180918203,0
2025-05-08,84.93360900888906,0
2025-05-09,85.64179992685781,0
2025-05-12,92.05545806894766,0
2025-05-13,96.68367004404531,0
2025-05-14,95.07776641855703,0
2025-05-15,95.20743560801016,0
2025-05-16,97.75095367441641,0
2025-05-19,98.39930725107656,0
2025-05-20,97.85070037851797,0
2025-05-21,95.596435546975,0
2025-05-22,94.58900451670156,0
2025-05-23,93.13272094736563,0
2025-05-27,96.13506317148672,0
2025-05-28,95.9355697632836,0
2025-05-29,96.55400085459219,0
2025-05-30,94.21994781504141,0
2025-06-02,97.93048858652578,0
2025-06-03,101.99015045176016,0
2025-06-04,102.98760986338125,0
2025-06-05,106.01988220224844,0
2025-06-06,108.28411102304922,0
2025-06-09,110.66802978525625,0
2025-06-10,113.84993743906485,0
2025-06-11,115.7351303101586,0
2025-06-12,115.88475799570547,0
2025-06-13,115.30621337900625,0
2025-06-16,119.53543853769766,0
2025-06-17,120.03417205820547,0
2025-06-18,121.51041412363516,0
2025-06-20,123.28589630136953,0
2025-06-23,121.76975250254141,0
2025-06-24,127.58494567881094,0
2025-06-25,126.92661285410391,0
2025-06-26,125.67978668222891,0
2025-06-27,124.44294738779531,0
2025-06-30,122.93677520761953,0
2025-07-01,120.58277893076406,0
2025-07-02,121.43061828623281,0
2025-07-03,121.97921752939688,0
2025-07-07,119.72782897959219,0
2025-07-08,124.22061920176016,0
2025-07-09,122.04412078867422,0
2025-07-10,122.9127197266625,0
2025-07-11,124.33045196543203,0
2025-07-14,118.41993713388906,0
2025-07-15,119.91752624521719,0
2025-07-16,116.2434310914086,0
2025-07-17,113.07849884043203,0
2025-07-18,114.20669555674063,0
2025-07-21,113.04856109629141,0
2025-07-22,109.04498291025625,0
2025-07-23,109.65400695810781,0
2025-07-24,111.55094909677969,0
2025-07-25,111.08171081552969,0
2025-07-28,111.07173156748281,0
2025-07-29,111.78059387217031,0
2025-07-30,114.55613708506094,0
2025-07-31,108.96510314951406,0
2025-08-01,104.71192932138906,0
2025-08-04,107.59729766855703,0
2025-08-05,108.88522338877188,0
2025-08-06,108.60568237314688,0
2025-08-07,111.69073486338125,0
2025-08-08,118.69947814951406,0
2025-08-11,123.52174377451406,0
2025-08-12,127.5452880860375,0
2025-08-13,124.07085418711172,0
2025-08-14,125.08922576914297,0
2025-08-15,120.67630767832266,0
2025-08-18,123.35201263437735,0
2025-08-19,121.85442352304922,0
2025-08-20,117.02217865000235,0
2025-08-21,115.60446167002188,0
2025-08-22,117.49142456064688,0
2025-08-25,116.23343658457266,0
2025-08-26,116.31330871592031,0
2025-08-27,117.56130981455313,0
2025-08-28,121.80449676523672,0
2025-08-29,118.81929779062735,0
2025-09-02,118.29013824472891,0
2025-09-03,118.52976226816641,0
2025-09-04,124.01095581064688,0
2025-09-05,131.15946960459218,0
2025-09-08,131.2493438721703,0
2025-09-09,135.0232696534203,0
2025-09-10,139.77565002451405,0
2025-09-11,150.32872009287343,0
2025-09-12,156.97804260263905,0
2025-09-15,157.51719665537343,0
2025-09-16,158.5655059815453,0
2025-09-17,159.73362731943593,0
2025-09-18,168.61936950693593,0
2025-09-19,162.46923828135,0
2025-09-22,164.35621643076405,0
2025-09-23,166.14332580576405,0
2025-09-24,161.4508819581078,0
2025-09-25,156.57867431650624,0
2025-09-26,157.01799011240468,0
2025-09-29,163.6373596192406,0
2025-09-30,167.05186462412343,0
2025-10-01,181.85809326181874,0
2025-10-02,183.45555114756093,0
2025-10-03,187.64645385752186,0
2025-10-06,190.7733917237328,0
2025-10-07,185.508544921975,0
2025-10-08,196.3479309083031,0
2025-10-09,192.1420440674828,0
2025-10-10,181.42254638681874,0
2025-10-13,192.5816192627953,0
2025-10-14,186.877197265725,0
2025-10-15,191.75242614756093,0
2025-10-16,202.33207702646718,0
2025-10-17,202.18223571787343,0
2025-10-20,206.5679473877953,0
2025-10-21,202.09230041513905,0
2025-10-22,198.27606201181874,0
2025-10-23,206.5080108643578,0
2025-10-24,218.8059844971703,0
2025-10-27,219.8849182129906,0
2025-10-28,221.69316101084218,0
2025-10-29,226.40853881845936,0
2025-10-30,223.79107666025624,0
2025-10-31,223.55133056650624,0
2025-11-03,234.47064208994374,0
2025-11-04,217.81694030771718,0
2025-11-05,237.2678985596703,0
2025-11-06,238.09709167490468,0
2025-11-07,237.6875000001,0
2025-11-10,253.05245971689686,0
2025-11-11,240.8743896485375,0
2025-11-12,244.66065979013905,0
2025-11-13,236.71844482431874,0
2025-11-14,246.5887756348656,0
2025-11-17,241.7135772706078,0
2025-11-18,228.27670288095936,0
2025-11-19,225.6992187501,0
2025-11-20,201.17320251474843,0
2025-11-21,207.16734313974843,0
2025-11-24,223.71116638193593,0
2025-11-25,224.3105773926781,0
2025-11-26,230.03497314463124,0
2025-11-28,236.2489013672875,0
2025-12-01,240.22503662119374,0
2025-12-02,239.25596618662343,0
2025-12-03,233.9311828614281,0
2025-12-04,226.42851257334218,0
2025-12-05,236.9881896973656,0
2025-12-08,246.6787109376,0
2025-12-09,252.17333984385,0
2025-12-10,263.4522705079125,0
2025-12-11,258.2074279786156,0
2025-12-12,240.90435791025624,0
2025-12-15,237.2678985596703,0
2025-12-16,232.28277587900624,0
2025-12-17,225.29962158213124,0
2025-12-18,248.30711364756093,0
2025-12-19,265.6601562501,0
2025-12-22,276.3197021485375,0
2025-12-23,276.0000000001,0
2025-12-24,286.39984130869374,0
2025-12-26,284.5117187501,0
2025-12-29,294.20114135752186,0
2025-12-30,292.46212768564686,0
2025-12-31,285.24627685556874,0
2026-01-02,315.23907470713124,0
2026-01-05,311.970947265725,0
2026-01-06,343.23297119150624,0
2026-01-07,339.355224609475,0
2026-01-08,326.8323974610375,0
2026-01-09,344.89205932627186,0
2026-01-12,345.67160034189686,0
2026-01-13,337.93603515635,0
2026-01-14,333.15878295908436,0
2026-01-15,336.4368896485375,0
2026-01-16,362.54193115244374,0
2026-01-20,364.7906494141625,0
2026-01-21,388.88677978525624,0
2026-01-22,397.35189819345936,0
2026-01-23,399.42074584970936,0
2026-01-26,388.86679077158436,0
2026-01-27,410.0046691895531,0
2026-01-28,435.03033447275624,0
2026-01-29,435.5400390626,0
2026-01-30,414.6419982911156,0
2026-02-02,437.5488586426781,0
2026-02-03,419.19940185556874,0
2026-02-04,379.182373046975,0
2026-02-05,382.67037963877186,0
2026-02-06,394.46359252939686,0
2026-02-09,383.27999877939686,0
2026-02-10,373.035888671975,0
2026-02-11,410.1046142579125,0
2026-02-12,413.7325439454125,0
2026-02-13,411.4238586426781,0
2026-02-17,399.5506591797875,0
2026-02-18,420.70855712900624,0
2026-02-19,417.110595703225,0
2026-02-20,427.92437744150624,0
2026-02-23,420.7285461426781,0
2026-02-24,417.77023315439686,0
2026-02-25,428.7539062501,0
2026-02-26,415.32162475595936,0
2026-02-27,412.1334533692406,0
2026-03-02,412.43328857431874,0
2026-03-03,379.46221923838124,0
2026-03-04,400.5400695801781,0
2026-03-05,396.82223510752186,0
2026-03-06,370.08758544931874,0
2026-03-09,389.0966796876,0
2026-03-10,402.87875366220936,0
2026-03-11,418.4498291016625,0
2026-03-12,405.1174621583031,0
2026-03-13,425.88558959970936,0
2026-03-16,441.54656982431874,0
2026-03-17,461.42514038095936,0
2026-03-18,461.46514892588124,0
2026-03-19,444.01513671885,0
2026-03-20,422.65740966806874,0
2026-03-23,404.1180419922875,0
2026-03-24,395.3031311036156,0
2026-03-25,381.87081909189686,0
2026-03-26,355.256103515725,0
2026-03-27,357.01510620127186,0
2026-03-30,321.75048828135,0
2026-03-31,337.78805542002186,0
2026-04-01,367.79342651377186,0
2026-04-02,366.18365478525624,0
2026-04-06,377.701904296975,0
2026-04-07,377.52191162119374,0
2026-04-08,406.66744995127186,0
2026-04-09,421.4451904297875,0
2026-04-10,420.52532958994374,0
2026-04-13,426.4944152833031,0
2026-04-14,465.5884094239281,0
2026-04-15,456.15985107431874,0
2026-04-16,457.1596984864281,0
2026-04-17,455.0000305176781,0
2026-04-20,448.35104370127186,0
2026-04-21,449.3109130860375,0
2026-04-22,487.4050598145531,0
2026-04-23,481.64593505869374,0
2026-04-24,496.64361572275624,0
2026-04-27,524.4793090821313,0
2026-04-28,504.21246337900624,0
2026-04-29,518.3803100586938,0
2026-04-30,517.0804443360375,0
2026-05-01,542.1266479493188,0
2026-05-04,576.3613891602563,0
2026-05-05,640.1015625001,0
2026-05-06,666.487548828225,0
2026-05-07,646.5305786133813,0
2026-05-08,746.6951293946313,0
2026-05-11,795.2077026368188,0
2026-05-12,766.462158203225,0
2026-05-13,803.5064086915063,0
2026-05-14,775.8906860352563,0
2026-05-15,724.5485229493188,0
2026-05-18,681.4351806641625,0
2026-05-19,698.632568359475,0
2026-05-20,731.87744140635,0
2026-05-21,761.9827880860375,0
2026-05-22,750.884521484475,0
2026-05-26,895.7422485352563,0
2026-05-27,928.2672119141625,0
2026-05-28,923.3779907227563,0
2026-05-29,970.8507080079125,0
2026-06-01,1035.3408203126,0
2026-06-02,1063.936279296975,0
2026-06-03,1079.4039306641625,0
2026-06-04,995.8468627930688,0
2026-06-05,863.8771362305688,0
2026-06-08,949.134033203225,0
2026-06-09,935.7460937501,0
2026-06-10,891.7428588868188,0
2026-06-11,995.7168579102563,0
2026-06-12,981.4590454102563,0
2026-06-15,1087.8226318360375,0
2026-06-16,1020.60302734385,0
2026-06-17,1043.029541015725,0
2026-06-18,1133.8155517579125,0
2026-06-22,1211.1937255860375,0
2026-06-23,1051.6082763672875,0
2026-06-24,1048.3487548829125,0
2026-06-25,1213.3734130860375,0
2026-06-26,1132.1558837891625,0
2026-06-29,1145.1038818360375,0
2026-06-30,1154.112548828225,0
2026-07-01,1032.121337890725,0
2026-07-02,975.4099731446313,0
2026-07-06,984.7500000001,0
2026-07-07,938.3800048829125,0
2026-07-08,948.7999877930688,0
2026-07-09,991.6400146485375,0
2026-07-10,979.2999877930688,0
2026-07-13,937.0000000001,0
2026-07-14,983.1199951172875,0
2026-07-15,904.280029296975,0
2026-07-16,853.2000122071313,0
2026-07-17,848.9500122071313,0
2026-07-20,865.4600219727563,0
