Date,Close,epoch_signal
1996-03-25,3.245774984459741,0
1996-03-26,3.255551338295801,0
1996-03-27,3.143123149971826,1
1996-03-28,3.187117099861963,0
1996-03-29,3.1577882767723633,0
1996-04-01,3.1968929768608643,0
1996-04-02,3.2848808766411377,0
1996-04-03,3.3924217225121094,0
1996-04-04,3.411975145439966,0
1996-04-08,3.3630926610039307,0
1996-04-09,3.3777565957115723,0
1996-04-10,3.40219783792959,0
1996-04-11,3.40219783792959,0
1996-04-12,3.3630926610039307,0
1996-04-15,3.3948657513664795,0
1996-04-16,3.4804086686180664,0
1996-04-17,3.4804086686180664,0
1996-04-18,3.578174114327295,0
1996-04-19,3.519515037636621,0
1996-04-22,3.5097384453819824,0
1996-04-23,3.5488452912376953,0
1996-04-24,3.490185022454126,0
1996-04-25,3.5586211682365967,0
1996-04-26,3.519515037636621,0
1996-04-29,3.4804086686180664,0
1996-04-30,3.4608569146202637,0
1996-05-01,3.4608569146202637,0
1996-05-02,3.4217512608574463,0
1996-05-03,3.411975145439966,1
1996-05-06,3.470632553200586,1
1996-05-07,3.5586211682365967,0
1996-05-08,3.578174114327295,1
1996-05-09,3.519515037636621,0
1996-05-10,3.4608569146202637,0
1996-05-13,3.4999637604759766,0
1996-05-14,3.519515037636621,0
1996-05-15,3.7150444985436035,0
1996-05-16,3.695491075615747,0
1996-05-17,3.7150444985436035,0
1996-05-20,3.7150444985436035,0
1996-05-21,3.666160822014673,0
1996-05-22,3.64660906801687,0
1996-05-23,3.4315290452049805,0
1996-05-24,3.578174114327295,0
1996-05-28,3.563509702782495,0
1996-05-29,3.5683982373283936,0
1996-05-30,3.6368329525993897,0
1996-05-31,3.695491075615747,0
1996-06-03,3.7345972062157227,0
1996-06-04,3.8323612214134766,0
1996-06-05,3.8421361447380615,0
1996-06-06,3.8128085137413574,0
1996-06-07,3.744372844796045,0
1996-06-10,3.773703098397119,0
1996-06-11,3.5488452912376953,0
1996-06-12,3.6759393216179443,0
1996-06-13,3.695491075615747,0
1996-06-14,3.64660906801687,0
1996-06-17,3.5390684605644775,0
1996-06-18,3.3924217225121094,0
1996-06-19,3.343538761238916,0
1996-06-20,3.40219783792959,0
1996-06-21,3.3630926610039307,0
1996-06-24,3.3044350148247315,0
1996-06-25,3.206669807534082,0
1996-06-26,3.118682384590967,0
1996-06-27,3.206669807534082,0
1996-06-28,3.206669807534082,0
1996-07-01,3.2946581841515137,0
1996-07-02,3.245774984459741,0
1996-07-03,3.12845778475271,0
1996-07-05,3.2262232304619385,0
1996-07-08,3.245774984459741,0
1996-07-09,3.343538761238916,0
1996-07-10,3.235999345879419,0
1996-07-11,3.1480109692619873,0
1996-07-12,3.0697999001549316,0
1996-07-15,2.874271869759424,0
1996-07-16,2.9720356465385986,0
1996-07-17,3.060023784737451,0
1996-07-18,2.981811761956079,0
1996-07-19,3.0697999001549316,1
1996-07-22,2.991588831047876,1
1996-07-23,2.9720356465385986,1
1996-07-24,2.874271869759424,1
1996-07-25,2.7178468705223633,1
1996-07-26,2.8351659775780274,1
1996-07-29,2.874271869759424,0
1996-07-30,2.8938231469200684,1
1996-07-31,2.9524831772850586,1
1996-08-01,3.040470838646753,1
1996-08-02,3.12845778475271,-1
1996-08-05,3.1480109692619873,-1
1996-08-06,3.0502469540642334,-1
1996-08-07,3.177340030770166,-1
1996-08-08,3.2262232304619385,1
1996-08-09,3.1480109692619873,-1
1996-08-12,2.981811761956079,-1
1996-08-13,2.962258815865381,-1
1996-08-14,2.9524831772850586,-1
1996-08-15,2.9133763314293457,-1
1996-08-16,2.874271869759424,-1
1996-08-19,2.9573707581566406,-1
1996-08-20,2.991588831047876,-1
1996-08-21,2.9427058697746826,-1
1996-08-22,2.991588831047876,-1
1996-08-23,2.991588831047876,-1
1996-08-26,3.011141300301416,-1
1996-08-27,3.0013649464653565,-1
1996-08-28,3.011141300301416,-1
1996-08-29,3.011141300301416,-1
1996-08-30,3.011141300301416,-1
1996-09-03,2.874271869759424,-1
1996-09-04,2.815612554650171,-1
1996-09-05,2.6005303860710693,0
1996-09-06,2.708071231942041,1
1996-09-09,2.7765064240501953,1
1996-09-10,2.8938231469200684,-1
1996-09-11,2.737401247124536,-1
1996-09-12,2.6982951165245606,-1
1996-09-13,2.668966293434961,-1
1996-09-16,2.7178468705223633,-1
1996-09-17,2.7765064240501953,-1
1996-09-18,2.864495039086206,-1
1996-09-19,2.8351659775780274,-1
1996-09-20,2.9720356465385986,-1
1996-09-23,2.8938231469200684,1
1996-09-24,2.9720356465385986,1
1996-09-25,3.011141300301416,1
1996-09-26,3.108905553917749,1
1996-09-27,2.9720356465385986,1
1996-09-30,2.9769234658287598,0
1996-10-01,2.9133763314293457,1
1996-10-02,3.011141300301416,1
1996-10-03,3.177340030770166,1
1996-10-04,3.1968929768608643,1
1996-10-07,3.12845778475271,1
1996-10-08,3.089352607827051,1
1996-10-09,3.089352607827051,1
1996-10-10,3.0502469540642334,1
1996-10-11,3.040470838646753,1
1996-10-14,3.0502469540642334,1
1996-10-15,3.089352607827051,1
1996-10-16,2.9524831772850586,1
1996-10-17,2.844940424065454,1
1996-10-18,2.932929515938623,1
1996-10-21,2.903599977593286,1
1996-10-22,2.8351659775780274,1
1996-10-23,2.8351659775780274,1
1996-10-24,2.8547184468315674,1
1996-10-25,2.7960593701408936,1
1996-10-28,2.8253884316490723,1
1996-10-29,2.8058359623955322,1
1996-10-30,2.7862823010490967,1
1996-10-31,2.815612554650171,1
1996-11-01,2.8058359623955322,1
1996-11-04,2.7960593701408936,1
1996-11-05,2.815612554650171,1
1996-11-06,2.8351659775780274,1
1996-11-07,2.8058359623955322,1
1996-11-08,2.815612554650171,1
1996-11-11,2.8547184468315674,1
1996-11-12,2.991588831047876,1
1996-11-13,2.991588831047876,1
1996-12-13,3.90079665194021,1
1996-12-16,3.763927459816797,1
1996-12-17,3.695491075615747,1
1996-12-18,3.705267906288965,1
1996-12-19,3.6759393216179443,1
1996-12-20,3.8910202981041504,1
1996-12-23,3.8910202981041504,1
1996-12-24,3.8714680672691895,1
1996-12-26,3.8714680672691895,1
1996-12-27,3.8616902829216553,1
1996-12-30,3.90079665194021,1
1996-12-31,3.895909071068628,1
1997-01-02,3.8714680672691895,1
1997-01-03,4.027890682320459,1
1997-01-06,4.233194351296289,1
1997-01-07,4.282075882058008,1
1997-01-08,4.194089412789209,1
1997-01-09,4.272301197152002,1
1997-01-10,4.311405181984766,1
1997-01-13,4.301630020241602,1
1997-01-14,4.438499927620752,1
1997-01-15,4.692688465218408,1
1997-01-16,4.81978178034292,1
1997-01-17,4.731793403725488,1
1997-01-20,4.722016334633691,1
1997-01-21,4.8148932457970215,1
1997-01-22,4.770898342232568,1
1997-01-23,4.839334011177881,1
1997-01-24,5.240167141060693,1
1997-01-27,5.210837364296777,1
1997-01-28,5.298826217751367,1
1997-01-29,5.3086042405174805,1
1997-01-30,5.396590232949121,0
1997-01-31,5.719212055306299,1
1997-02-03,5.846306324105127,0
1997-02-04,5.728989601235254,0
1997-02-05,5.37703800211416,0
1997-02-06,5.3672614098595215,0
1997-02-07,5.5139079094933106,0
1997-02-10,5.474801540474756,0
1997-02-11,5.161956787209375,0
1997-02-12,5.655666351418359,1
1997-02-13,5.631225109200342,0
1997-02-14,5.76809549341665,0
1997-02-18,5.76809549341665,0
1997-02-19,5.748543739418848,0
1997-02-20,5.6507768631981445,0
1997-02-21,5.748543739418848,0
1997-02-24,5.6605544091271,0
1997-02-25,5.582342624764307,0
1997-02-26,5.416142463784082,0
1997-02-27,5.362373352150781,1
1997-02-28,5.201061725716455,1
1997-03-03,5.210837364296777,1
1997-03-04,5.2890496254967285,1
1997-03-05,5.670331955056055,0
1997-03-06,5.777872562508447,1
1997-03-07,6.129820346932275,1
1997-03-10,6.364456653694971,1
1997-03-11,6.061387062172754,1
1997-03-12,5.748543739418848,1
1997-03-13,5.709435939888818,1
1997-03-14,5.865859031777246,1
1997-03-17,5.856082916359766,1
1997-03-18,5.6410017014549805,1
1997-03-19,5.416142463784082,1
1997-03-20,5.298826217751367,1
1997-03-21,5.37703800211416,1
1997-03-24,5.3477067948387695,1
1997-03-25,5.406366348366602,1
1997-03-26,5.738765239815576,1
1997-03-27,5.8365302086876465,1
1997-03-31,5.865859031777246,1
1997-04-01,5.709435939888818,1
1997-04-02,5.5139079094933106,1
1997-04-03,5.611671447853906,1
1997-04-04,6.286245346169336,1
1997-04-07,6.628422260384424,1
1997-04-08,6.462222576241357,1
1997-04-09,6.4719977379845215,1
1997-04-10,5.904966354470117,1
1997-04-11,5.777872562508447,1
1997-04-14,6.0907158852623535,1
1997-04-15,6.139599800209863,1
1997-04-16,5.9342942238854,1
1997-04-17,5.9342942238854,1
1997-04-18,6.080942630867822,1
1997-04-21,5.8169755936668945,1
1997-04-22,5.601895809273584,1
1997-04-23,5.758317947487695,1
1997-04-24,5.8951873780296875,1
1997-04-25,5.709435939888818,1
1997-04-28,5.709435939888818,1
1997-04-29,6.022282600502832,1
1997-04-30,6.217811107735498,1
1997-05-01,6.276467800240381,1
1997-05-02,6.657751560311182,1
1997-05-05,6.726185321907861,1
1997-05-06,6.6675286294029785,1
1997-05-07,6.745738983254297,1
1997-05-08,7.058585167031152,1
1997-05-09,7.029255390267236,1
1997-05-12,7.527854919533594,1
1997-05-13,7.351877689461572,1
1997-05-14,7.3714280129479,1
1997-05-15,7.684272289376123,1
1997-05-16,7.332322597603662,1
1997-05-19,7.234557151894434,1
1997-05-20,7.29321813593374,1
1997-05-21,7.390982151131494,1
1997-05-22,7.899356842141016,1
1997-05-23,8.603259086708887,1
1997-05-27,8.661917686562402,1
1997-05-28,8.388178825478418,1
1997-05-29,8.44683837900625,1
1997-05-30,8.17309856424795,1
1997-06-02,7.977567672829492,1
1997-06-03,7.918909072975977,1
1997-06-04,7.7918171883629395,1
1997-06-05,7.9384613038109375,1
1997-06-06,7.9384613038109375,1
1997-06-09,7.997121811013086,1
1997-06-10,7.518074035744531,1
1997-06-11,7.381206035714014,1
1997-06-12,7.351877689461572,1
1997-06-13,7.615840911965234,1
1997-06-16,8.01667308817373,1
1997-06-17,8.153542518715723,1
1997-06-18,8.094884872536523,1
1997-06-19,8.622809410195215,1
1997-06-20,9.092082977394922,1
1997-06-23,8.91610336313711,1
1997-06-24,9.268057823281152,1
1997-06-25,9.072528839211328,1
1997-06-26,8.994318008522852,1
1997-06-27,9.22895336161123,1
1997-06-30,9.150742530922754,1
1997-07-01,9.463587761025293,1
1997-07-02,9.404929161171777,1
1997-07-03,9.600457191567285,1
1997-07-07,9.874194145302637,1
1997-07-08,9.932854652504785,1
1997-07-09,9.815536499123438,1
1997-07-10,11.565518379311426,1
1997-07-11,11.937023162941797,1
1997-07-14,12.279199600319727,1
1997-07-15,12.787571907143457,1
1997-07-16,13.295948028664453,1
1997-07-17,12.425844192604883,1
1997-07-18,11.526412963967188,1
1997-07-21,11.907693863015039,1
1997-07-22,12.670254707436426,1
1997-07-23,13.921634674172266,0
1997-07-24,13.491477966408594,0
1997-07-25,13.491477966408594,0
1997-07-28,13.315503120522363,0
1997-07-29,12.768024444680078,0
1997-07-30,12.631153106789453,1
1997-07-31,12.670254707436426,1
1997-08-01,13.100418090920313,1
1997-08-04,13.185962677101953,0
1997-08-05,13.667455673317773,0
1997-08-06,13.55013656626211,0
1997-08-07,13.041762352089746,0
1997-08-08,12.60181999216543,1
1997-08-11,12.552935600380762,1
1997-08-12,12.68980884562002,1
1997-08-13,14.293145179848535,1
1997-08-14,13.980301857094629,0
1997-08-15,13.726116180519922,0
1997-08-18,14.058510780434473,0
1997-08-19,14.019407272438867,0
1997-08-20,15.603188514809473,0
1997-08-21,14.508220672707422,0
1997-08-22,14.52778148661123,0
1997-08-25,14.136720657448633,0
1997-08-26,14.273592949013574,0
1997-08-27,14.117170333962305,0
1997-08-28,13.60879135141836,1
1997-08-29,13.295948028664453,1
1997-09-02,13.765218734841211,1
1997-09-03,14.019407272438867,0
1997-09-04,13.882530212502344,0
1997-09-05,13.60879135141836,0
1997-09-08,13.178631782631738,0
1997-09-09,14.03895378122793,0
1997-09-10,14.195379257302148,0
1997-09-11,14.390905380349023,0
1997-09-12,14.430010795693262,0
1997-09-15,14.586438179116113,1
1997-09-16,15.114361763100488,1
1997-09-17,14.674423217873438,1
1997-09-18,14.840620994667871,1
1997-09-19,14.997041702370508,1
1997-09-22,15.622737884621484,1
1997-09-23,16.541725158791404,0
1997-09-24,16.346197128395897,0
1997-09-25,16.463514328102928,0
1997-09-26,15.622737884621484,1
1997-09-29,15.622737884621484,1
1997-09-30,15.446759224037988,1
1997-10-01,15.173022270302637,1
1997-10-02,15.603188514809473,0
1997-10-03,15.759604454140527,0
1997-10-06,15.642291069130762,0
1997-10-07,15.622737884621484,0
1997-10-08,15.886699676613672,0
1997-10-09,16.15066337595449,0
1997-10-10,15.68139362345205,0
1997-10-13,15.603188514809473,0
1997-10-14,15.407658577065332,0
1997-10-15,15.251233100991113,0
1997-10-16,14.605990409951074,0
1997-10-17,14.019407272438867,0
1997-10-20,13.823875427346094,0
1997-10-21,14.762410163979395,0
1997-10-22,15.016596794228418,0
1997-10-23,13.882530212502344,0
1997-10-24,12.728915214638574,0
1997-10-27,10.930051803688867,1
1997-10-28,12.2009859086083,0
1997-10-29,12.357410431008203,0
1997-10-30,11.086475372414453,0
1997-10-31,11.457980156044824,0
1997-11-03,12.161885261635645,0
1997-11-04,12.376959800820215,0
1997-11-05,13.080866813759668,0
1997-11-06,12.122774124245508,0
1997-11-07,11.457980156044824,0
1997-11-10,11.115804672341211,1
1997-11-11,11.262450218300684,1
1997-11-12,10.167489051918848,1
1997-11-13,11.14513111124502,1
1997-11-14,11.106027603249414,1
1997-11-17,12.103221893410547,1
1997-11-18,11.086475372414453,1
1997-11-19,10.538993835549219,-1
1997-11-20,10.812732696633203,1
1997-11-21,10.519441604714258,1
1997-11-24,10.2163724900292,1
1997-11-25,10.011064529518945,-1
1997-11-26,9.346267700295313,-1
1997-11-28,9.776432037453516,-1
1997-12-01,10.343465805153711,-1
1997-12-02,10.343465805153711,-1
1997-12-03,10.714969635109766,-1
1997-12-04,10.382572174172266,-1
1997-12-05,11.194013595681055,-1
1997-12-08,11.076695442299707,-1
1997-12-09,10.900723457436426,-1
1997-12-10,10.040393829445703,1
1997-12-11,9.131186485390527,1
1997-12-12,9.346267700295313,1
1997-12-15,9.7177734376,-1
1997-12-16,9.952407837014063,1
1997-12-17,9.854643821816309,1
1997-12-18,9.600457191567285,-1
1997-12-19,10.011064529518945,1
1997-12-22,10.245698928933008,1
1997-12-23,9.747102737526758,1
1997-12-24,9.815536499123438,1
1997-12-26,9.913304329018457,1
1997-12-29,10.265254020790918,1
1997-12-30,10.617208480934961,1
1997-12-31,10.55854606638418,1
1998-01-02,10.63675594339834,1
1998-01-05,11.653507232766016,1
1998-01-06,11.106027603249414,1
1998-01-07,10.793180465798242,1
1998-01-08,10.441231727700098,1
1998-01-09,9.795984268288477,1
1998-01-12,10.265254020790918,1
1998-01-13,10.75407600412832,1
1998-01-14,10.890945434670313,1
1998-01-15,10.63675594339834,1
1998-01-16,10.55854606638418,1
1998-01-20,11.360212326149805,1
1998-01-21,11.477530479531152,1
1998-01-22,10.147934913735254,1
1998-01-23,10.304362297158105,1
1998-01-26,10.206595420937402,1
1998-01-27,10.597652435402734,1
1998-01-28,11.311330795388086,1
1998-01-29,10.930051803688867,1
1998-01-30,10.871387481789453,1
1998-02-02,11.712167739968164,1
1998-02-03,11.8685884476708,1
1998-02-04,11.633950233559473,1
1998-02-05,11.829483032326563,1
1998-02-06,12.220539093117578,1
1998-02-09,12.08366870890127,1
1998-02-10,12.298749923806055,1
1998-02-11,12.376959800820215,1
1998-02-12,12.376959800820215,1
1998-02-13,12.103221893410547,1
1998-02-17,12.142330169777734,1
1998-02-18,12.45517349253164,1
1998-02-19,12.24986743937002,1
1998-02-20,12.2009859086083,1
1998-02-23,12.650703430275781,1
1998-02-24,13.39371395121084,1
1998-02-25,14.400683403115137,1
1998-02-26,14.918831825356348,1
1998-02-27,14.605990409951074,1
1998-03-02,14.087841034035547,1
1998-03-03,14.136720657448633,1
1998-03-04,14.351801872353418,1
1998-03-05,13.569686889748438,1
1998-03-06,14.31269645700918,1
1998-03-09,13.960740089516504,1
1998-03-10,13.960740089516504,1
1998-03-11,13.882530212502344,0
1998-03-12,14.410459518532617,1
1998-03-13,15.036148071389063,0
1998-03-16,15.329444885353906,0
1998-03-17,15.075255394081934,0
1998-03-18,14.840620994667871,0
1998-03-19,14.547331810097559,0
1998-03-20,14.4691162110375,0
1998-03-23,14.25403881082998,0
1998-03-24,14.899282455544336,0
1998-03-25,14.82107162485586,0
1998-03-26,14.703755378823145,0
1998-03-27,14.625539779763086,0
1998-03-30,14.390905380349023,0
1998-03-31,14.459342002968652,0
1998-04-01,14.576658249001367,0
1998-04-02,14.351801872353418,0
1998-04-03,14.03895378122793,0
1998-04-06,13.921634674172266,0
1998-04-07,13.511027336220605,0
1998-04-08,13.706557273964746,0
1998-04-09,13.853205680947168,0
1998-04-13,13.794548988442285,0
1998-04-14,14.25403881082998,0
1998-04-15,14.48867130289541,0
1998-04-16,14.371355056862695,0
1998-04-17,14.107392311196191,0
1998-04-20,14.449570655922754,0
1998-04-21,14.860179901223047,0
1998-04-22,15.309893608193262,0
1998-04-23,14.977490425209863,0
1998-04-24,15.016596794228418,0
1998-04-27,14.390905380349023,0
1998-04-28,14.34202766428457,0
1998-04-29,14.273592949013574,0
1998-04-30,14.332247734169824,0
1998-05-01,13.765218734841211,0
1998-05-04,14.019407272438867,0
1998-05-05,14.009626388649805,0
1998-05-06,13.794548988442285,0
1998-05-07,13.579463005165918,0
1998-05-08,13.511027336220605,0
1998-05-11,12.846231460671289,0
1998-05-12,13.295948028664453,0
1998-05-13,13.491477966408594,0
1998-05-14,13.100418090920313,0
1998-05-15,12.826679229836328,0
1998-05-18,12.513830185036523,0
1998-05-19,13.061312675576074,0
1998-05-20,13.335057258705957,0
1998-05-21,13.217740058998926,0
1998-05-22,13.217740058998926,0
1998-05-26,12.983098983864648,0
1998-05-27,12.513830185036523,0
1998-05-28,12.728915214638574,0
1998-05-29,11.9859037400292,0
1998-06-01,11.497086525063379,0
1998-06-02,11.164685249428613,0
1998-06-03,11.379762649636133,0
1998-06-04,11.106027603249414,1
1998-06-05,11.027815818886621,-1
1998-06-08,11.223343849282129,-1
1998-06-09,11.927245140175684,-1
1998-06-10,11.653507232766016,-1
1998-06-11,10.734522819619043,-1
1998-06-12,9.111634254555566,-1
1998-06-15,8.759682655434473,1
1998-06-16,9.522244453530176,1
1998-06-17,9.033422470192773,-1
1998-06-18,9.18984603891836,-1
1998-06-19,9.170292854409082,-1
1998-06-22,9.365822792153223,-1
1998-06-23,9.4440336228417,-1
1998-06-24,9.932854652504785,-1
1998-06-25,9.346267700295313,-1
1998-06-26,9.033422470192773,-1
1998-06-29,9.22895336161123,-1
1998-06-30,9.092082977394922,-1
1998-07-01,9.22895336161123,-1
1998-07-02,9.22895336161123,-1
1998-07-06,9.209399223427637,-1
1998-07-07,9.795984268288477,-1
1998-07-08,10.011064529518945,-1
1998-07-09,9.4440336228417,-1
1998-07-10,9.502691269020898,-1
1998-07-13,9.307161331276758,-1
1998-07-14,9.404929161171777,-1
1998-07-15,10.206595420937402,-1
1998-07-16,10.089277267556055,-1
1998-07-17,10.187044143776758,-1
1998-07-20,10.069726944069727,-1
1998-07-21,10.089277267556055,-1
1998-07-22,9.346267700295313,-1
1998-07-23,8.42728328714834,-1
1998-07-24,8.485942840676172,-1
1998-07-27,8.661917686562402,-1
1998-07-28,8.876999855141504,-1
1998-07-29,9.072528839211328,-1
1998-07-30,9.268057823281152,-1
1998-07-31,8.974766731362207,-1
1998-08-03,8.642365455727441,-1
1998-08-04,8.36862564096914,-1
1998-08-05,8.583706855873926,-1
1998-08-06,9.072528839211328,-1
1998-08-07,9.307161331276758,-1
1998-08-10,8.798788070778711,-1
1998-08-11,8.485942840676172,-1
1998-08-12,8.818343162636621,-1
1998-08-13,8.407732009987695,-1
1998-08-14,8.44683837900625,-1
1998-08-17,8.603259086708887,-1
1998-08-18,8.759682655434473,-1
1998-08-19,8.290414810280664,-1
1998-08-20,7.821146488289697,-1
1998-08-21,7.625617027382715,-1
1998-08-24,7.469193458657129,-1
1998-08-25,7.684272289376123,-1
1998-08-26,7.41053581247793,-1
1998-08-27,6.823951244454248,-1
1998-08-28,6.960817337136133,1
1998-08-31,5.5139079094933106,1
1998-09-01,6.550209045510156,-1
1998-09-02,6.10049295435415,1
1998-09-03,5.865859031777246,1
1998-09-04,5.826753616433008,1
1998-09-08,6.569761753182275,1
1998-09-09,5.885411739449365,1
1998-09-10,5.904966354470117,1
1998-09-11,5.944072246651514,1
1998-09-14,5.670331955056055,1
1998-09-15,5.748543739418848,1
1998-09-16,5.592117786507471,1
1998-09-17,5.259720802407129,1
1998-09-18,5.044638633828027,1
1998-09-21,4.770898342232568,1
1998-09-22,5.396590232949121,1
1998-09-23,5.49435567865835,1
1998-09-24,5.122849941353662,1
1998-09-25,5.161956787209375,1
1998-09-28,5.259720802407129,1
1998-09-29,5.37703800211416,1
1998-09-30,4.907768249611719,1
1998-10-01,4.575371265511377,1
1998-10-02,4.888216018776758,1
1998-10-05,4.536263942818506,1
1998-10-06,4.536263942818506,1
1998-10-07,4.3993940354393555,1
1998-10-08,4.125654697518213,1
1998-10-09,4.262524604897363,1
1998-10-12,4.73668098459707,1
1998-10-13,4.810004234413965,1
1998-10-14,5.27927303324209,1
1998-10-15,5.728989601235254,1
1998-10-16,5.9831767083214356,1
1998-10-19,5.846306324105127,1
1998-10-20,6.335127353768213,1
1998-10-21,6.647974014382227,1
1998-10-22,7.019476890663965,1
1998-10-23,7.234557151894434,1
1998-10-26,6.745738983254297,1
1998-10-27,6.960817337136133,1
1998-10-28,7.019476890663965,1
1998-10-29,7.254110336403711,1
1998-10-30,7.977567672829492,1
1998-11-02,7.606063366036279,1
1998-11-03,7.312770843605859,1
1998-11-04,7.80159330378042,1
1998-11-05,8.055781364540918,1
1998-11-06,8.251309394936426,1
1998-11-09,8.231757164101465,1
1998-11-10,7.977567672829492,1
1998-11-11,8.955212593178613,1
1998-11-12,8.622809410195215,1
1998-11-13,8.681471824745996,1
1998-11-16,8.544602394204004,1
1998-11-17,8.36862564096914,1
1998-11-18,8.270862579445703,1
1998-11-19,8.642365455727441,1
1998-11-20,8.994318008522852,1
1998-11-23,9.404929161171777,1
1998-11-24,9.170292854409082,1
1998-11-25,9.385376930336816,1
1998-11-27,9.385376930336816,1
1998-11-30,8.85744571695791,1
1998-12-01,8.837892532448633,1
1998-12-02,8.837892532448633,1
1998-12-03,9.854643821816309,1
1998-12-04,10.011064529518945,1
1998-12-07,9.815536499123438,1
1998-12-08,10.069726944069727,1
1998-12-09,9.854643821816309,1
1998-12-10,9.541796684365137,1
1998-12-11,8.876999855141504,1
1998-12-14,8.485942840676172,1
1998-12-15,8.759682655434473,1
1998-12-16,8.36862564096914,1
1998-12-17,8.44683837900625,1
1998-12-18,9.033422470192773,1
1998-12-21,9.424477577309473,1
1998-12-22,9.365822792153223,1
1998-12-23,9.365822792153223,1
1998-12-24,9.463587761025293,1
1998-12-28,9.502691269020898,1
1998-12-29,9.600457191567285,1
1998-12-30,9.698221206765039,1
1998-12-31,9.541796684365137,1
1999-01-04,10.12838363657461,1
1999-01-05,11.653507232766016,1
1999-01-06,14.078060150246484,0
1999-01-07,14.058510780434473,0
1999-01-08,13.178631782631738,1
1999-01-11,12.709358215432031,1
1999-01-12,12.318305015663965,1
1999-01-13,13.178631782631738,1
1999-01-14,12.748468399147852,1
1999-01-15,13.530582428078516,1
1999-01-19,12.983098983864648,0
1999-01-20,13.37415599832998,1
1999-01-21,12.885337829689844,0
1999-01-22,13.74566650400625,0
1999-01-25,13.452370643715723,0
1999-01-26,13.765218734841211,0
1999-01-27,13.276398658852441,0
1999-01-28,13.60879135141836,0
1999-01-29,14.547331810097559,0
1999-02-01,14.390905380349023,0
1999-02-02,13.530582428078516,0
1999-02-03,14.195379257302148,0
1999-02-04,13.999853134255273,0
1999-02-05,13.452370643715723,0
1999-02-08,14.410459518532617,0
1999-02-09,13.726116180519922,0
1999-02-10,14.03895378122793,0
1999-02-11,14.664645195107324,0
1999-02-12,14.195379257302148,0
1999-02-16,14.351801872353418,0
1999-02-17,13.765218734841211,0
1999-02-18,13.569686889748438,0
1999-02-19,13.37415599832998,0
1999-02-22,13.960740089516504,0
1999-02-23,13.618572235207422,0
1999-02-24,13.687005043129785,0
1999-02-25,13.413265228371484,0
1999-02-26,12.396520614724023,0
1999-03-01,12.025014877419336,1
1999-03-02,12.005459785561426,0
1999-03-03,12.103221893410547,0
1999-03-04,12.2009859086083,0
1999-03-05,12.435622215370996,0
1999-03-08,12.670254707436426,0
1999-03-09,12.45517349253164,0
1999-03-10,12.943995475869043,0
1999-03-11,13.217740058998926,1
1999-03-12,12.983098983864648,1
1999-03-15,13.276398658852441,0
1999-03-16,14.25403881082998,0
1999-03-17,14.390905380349023,1
1999-03-18,14.801518440346582,0
1999-03-19,14.31269645700918,0
1999-03-22,14.156275749306543,0
1999-03-23,13.687005043129785,0
1999-03-24,13.276398658852441,0
1999-03-25,14.097614288430078,0
1999-03-26,13.37415599832998,0
1999-03-29,13.823875427346094,1
1999-03-30,14.03895378122793,0
1999-03-31,14.078060150246484,0
1999-04-01,14.390905380349023,0
1999-04-05,15.016596794228418,0
1999-04-06,15.094812393288477,0
1999-04-07,15.524974823098047,0
1999-04-08,15.564081192116602,0
1999-04-09,15.133915901284082,0
1999-04-12,14.586438179116113,0
1999-04-13,14.449570655922754,0
1999-04-14,14.25403881082998,0
1999-04-15,14.195379257302148,0
1999-04-16,14.371355056862695,0
1999-04-19,13.726116180519922,0
1999-04-20,13.256842613320215,0
1999-04-21,14.625539779763086,1
1999-04-22,14.957942009072168,0
1999-04-23,14.82107162485586,0
1999-04-26,14.781964302162988,0
1999-04-27,14.4691162110375,0
1999-04-28,13.823875427346094,0
1999-04-29,12.826679229836328,1
1999-04-30,12.2009859086083,1
1999-05-03,12.631153106789453,1
1999-05-04,12.161885261635645,1
1999-05-05,12.08366870890127,0
1999-05-06,12.396520614724023,0
1999-05-07,12.631153106789453,0
1999-05-10,12.08366870890127,0
1999-05-11,12.220539093117578,0
1999-05-12,12.396520614724023,1
1999-05-13,12.963550567726953,1
1999-05-14,13.511027336220605,1
1999-05-17,13.452370643715723,1
1999-05-18,14.25403881082998,1
1999-05-19,14.684202194313867,0
1999-05-20,14.03895378122793,1
1999-05-21,13.941189766030176,1
1999-05-24,13.687005043129785,1
1999-05-25,13.413265228371484,1
1999-05-26,14.097614288430078,1
1999-05-27,13.921634674172266,1
1999-05-28,13.804320335488184,1
1999-06-01,13.862981796364648,1
1999-06-02,14.058510780434473,1
1999-06-03,14.117170333962305,1
1999-06-04,14.547331810097559,1
1999-06-07,14.52778148661123,1
1999-06-08,14.7428560257958,1
1999-06-09,15.407658577065332,1
1999-06-10,16.2288761139916,1
1999-06-11,16.05290603647695,1
1999-06-14,16.580829620461326,1
1999-06-15,16.776357650856834,1
1999-06-16,17.753999710183006,1
1999-06-17,17.7735538483666,1
1999-06-18,17.6562385560082,1
1999-06-21,18.36013603220449,1
1999-06-22,17.42160415659414,1
1999-06-23,17.12830352793203,1
1999-06-24,17.20651817331777,1
1999-06-25,17.441154480080467,1
1999-06-28,17.1087589264916,1
1999-06-29,17.753999710183006,1
1999-06-30,18.575218200783592,1
1999-07-01,19.20091438303457,1
1999-07-02,19.16180419931875,0
1999-07-06,19.04448890696035,0
1999-07-07,18.848955154518944,0
1999-07-08,19.16180419931875,0
1999-07-09,19.4355468751,0
1999-07-12,19.3182258606957,1
1999-07-13,19.005382537941795,0
1999-07-14,19.904815673928123,1
1999-07-15,20.491399765114647,0
1999-07-16,21.586360931496483,1
1999-07-19,21.195304870705467,0
1999-07-20,19.279125213723045,0
1999-07-21,18.77075386057363,1
1999-07-22,18.262372970681053,1
1999-07-23,18.184165954689842,1
1999-07-26,17.7735538483666,1
1999-07-27,18.712087631325584,1
1999-07-28,19.396442413430076,1
1999-07-29,18.966279983620506,1
1999-07-30,19.005382537941795,1
1999-08-02,18.77075386057363,1
1999-08-03,18.692535400490623,0
1999-08-04,18.145057678322654,0
1999-08-05,17.63668632517324,1
1999-08-06,17.38249397287832,1
1999-08-09,18.379692077736717,1
1999-08-10,19.376888275246483,0
1999-08-11,20.334978103737694,0
1999-08-12,19.55286407480703,0
1999-08-13,19.04448890696035,0
1999-08-16,19.02493858347402,0
1999-08-17,18.927175521950584,0
1999-08-18,17.910425186257225,0
1999-08-19,18.301485061745506,1
1999-08-20,18.41879844675527,1
1999-08-23,18.692535400490623,0
1999-08-24,19.16180419931875,0
1999-08-25,19.59196853647695,0
1999-08-26,19.67018127451406,0
1999-08-27,20.061237335305076,1
1999-08-30,20.002580642800194,0
1999-08-31,19.74838829050527,1
1999-09-01,20.334978103737694,1
1999-09-02,20.393640518288475,0
1999-09-03,21.195304870705467,0
1999-09-07,21.293062210183006,0
1999-09-08,21.273511886696678,1
1999-09-09,21.117095947365623,1
1999-09-10,20.56960868845449,1
1999-09-13,19.96347618113027,1
1999-09-14,20.491399765114647,1
1999-09-15,20.119892120461326,1
1999-09-16,19.826608657936912,1
1999-09-17,20.295869827370506,1
1999-09-20,20.452293396096092,1
1999-09-21,20.217660904030662,1
1999-09-22,20.334978103737694,1
1999-09-23,20.374088287453514,1
1999-09-24,20.334978103737694,1
1999-09-27,20.941118240456444,1
1999-09-28,20.80424690256582,0
1999-09-29,21.449493408303123,1
1999-09-30,20.9802188874291,1
1999-10-01,21.01932907114492,1
1999-10-04,21.01932907114492,1
1999-10-05,21.821001052956444,0
1999-10-06,22.368474960427147,0
1999-10-07,22.153390884499412,0
1999-10-08,22.153390884499412,0
1999-10-11,22.720424652199608,0
1999-10-12,22.603107452492576,1
1999-10-13,22.01652908335195,1
1999-10-14,21.35172653208242,1
1999-10-15,20.96066856394277,1
1999-10-18,20.217660904030662,1
1999-10-19,20.217660904030662,1
1999-10-20,20.843349456887108,1
1999-10-21,20.80424690256582,1
1999-10-22,21.35172653208242,1
1999-10-25,21.312620163063865,1
1999-10-26,21.586360931496483,1
1999-10-27,20.941118240456444,1
1999-10-28,21.50815200815664,1
1999-10-29,22.720424652199608,1
1999-11-01,22.5248966218041,1
1999-11-02,22.99417495737539,1
1999-11-03,24.245548248391014,1
1999-11-04,24.714820861916404,1
1999-11-05,25.37961959848867,1
1999-11-08,25.10587120066152,1
1999-11-09,24.77347183237539,1
1999-11-10,24.636610031227928,1
1999-11-11,25.73156929026113,1
1999-11-12,25.966197967629295,1
1999-11-15,25.868434906105858,1
1999-11-16,26.826530456642967,1
1999-11-17,27.061161041359764,1
1999-11-18,27.158926010231834,1
1999-11-19,26.885190963845115,1
1999-11-22,26.08352470407949,1
1999-11-23,25.887990951638084,1
1999-11-24,26.103071212868553,1
1999-11-26,27.999706268410545,1
1999-11-29,28.68405532846914,1
1999-11-30,29.29018211374746,1
1999-12-01,30.287380218605858,1
1999-12-02,30.56112480173574,1
1999-12-03,31.1281623841332,1
1999-12-06,31.343240738015037,1
1999-12-07,33.31808471689688,1
1999-12-08,33.16165924082266,1
1999-12-09,32.30133056650625,1
1999-12-10,30.267831802468162,1
1999-12-13,30.033193588356834,1
1999-12-14,30.30694770822988,1
1999-12-15,29.211980819802147,1
1999-12-16,30.033193588356834,1
1999-12-17,30.443811416725975,1
1999-12-20,32.45774841318594,1
1999-12-21,34.62812042246328,1
1999-12-22,35.03873062143789,1
1999-12-23,35.097400665383205,1
1999-12-27,34.35438919077383,1
1999-12-28,33.787353515725,1
1999-12-29,33.94377136240469,1
1999-12-30,33.787353515725,1
1999-12-31,35.58620071421133,1
2000-01-03,36.407432556252346,1
2000-01-04,33.98287963877188,1
2000-01-05,33.04434204111563,1
2000-01-06,31.01083183298574,1
2000-01-07,31.714748382668358,1
2000-01-10,34.725887298683986,1
2000-01-11,33.591819763283596,1
2000-01-12,34.21751403818594,1
2000-01-13,35.72308349619375,1
2000-01-14,39.14484024057852,1
2000-01-18,39.67276382456289,1
2000-01-19,40.35710906992422,1
2000-01-20,44.267688751320705,1
2000-01-21,43.485549926857814,0
2000-01-24,40.82638168344961,0
2000-01-25,41.68669891367422,1
2000-01-26,38.4409294129418,1
2000-01-27,38.245403289894924,1
2000-01-28,36.720272064308986,1
2000-01-31,38.460472107033596,1
2000-02-01,40.083362579445705,0
2000-02-02,41.60849380503164,0
2000-02-03,43.79841232309805,0
2000-02-04,42.859878540139064,0
2000-02-07,42.78166198740469,0
2000-02-08,45.67548751841055,0
2000-02-09,44.56097793589102,0
2000-02-10,45.049793243508205,0
2000-02-11,41.99954986582266,0
2000-02-14,41.84312438974844,0
2000-02-15,41.510738372902736,0
2000-02-16,41.295654296975,0
2000-02-17,41.99954986582266,0
2000-02-18,39.80963134775625,0
2000-02-22,40.318008422951564,0
2000-02-23,42.27328872690664,0
2000-02-24,40.70906448374258,0
2000-02-25,38.75377655039297,0
2000-02-28,39.67276382456289,0
2000-02-29,40.083362579445705,0
2000-03-01,44.58052444468008,0
2000-03-02,44.267688751320705,0
2000-03-03,47.02463531504141,0
2000-03-06,44.5023193360375,0
2000-03-07,42.938091278176174,0
2000-03-08,41.5302848816918,0
2000-03-09,42.97720718393789,0
2000-03-10,46.90731811533438,0
2000-03-13,44.77605438242422,0
2000-03-14,43.30957794199453,0
2000-03-15,40.90458679209219,0
2000-03-16,41.373863220314846,0
2000-03-17,42.938091278176174,0
2000-03-20,42.703453064064846,0
2000-03-21,40.513538360695705,0
2000-03-22,41.373863220314846,0
2000-03-23,42.07776641855703,0
2000-03-24,41.27609634409414,0
2000-03-27,42.82077026377188,0
2000-03-28,42.351497650246486,0
2000-03-29,36.44654083261953,0
2000-03-30,34.51080322275625,0
2000-03-31,34.96051788340078,0
2000-04-03,31.28458213816152,0
2000-04-04,33.552715301613674,0
2000-04-05,37.22864532480703,1
2000-04-06,40.90458679209219,1
2000-04-07,40.63085174570547,1
2000-04-10,37.756572723488674,1
2000-04-11,36.70072174082266,1
2000-04-12,34.021987915139064,1
2000-04-13,34.05619812021719,1
2000-04-14,30.32649803171621,1
2000-04-17,32.84880828867422,1
2000-04-18,35.89906692514883,1
2000-04-19,35.25381851206289,1
2000-04-20,35.07784652719961,1
2000-04-24,31.38235282907949,1
2000-04-25,34.725887298683986,1
2000-04-26,34.31526565561758,1
2000-04-27,35.37113189707266,1
2000-04-28,37.54150772104727,1
2000-05-01,37.54150772104727,1
2000-05-02,37.306865692238674,1
2000-05-03,36.36833190927969,1
2000-05-04,35.78174591074453,1
2000-05-05,37.248210907082424,1
2000-05-08,33.200759887795314,1
2000-05-09,32.144912719826564,1
2000-05-10,30.32649803171621,-1
2000-05-11,30.913082122902733,-1
2000-05-12,33.02478408823477,-1
2000-05-15,34.725887298683986,-1
2000-05-16,36.133689880471096,-1
2000-05-17,35.547107696633205,-1
2000-05-18,36.0163688660668,-1
2000-05-19,33.200759887795314,-1
2000-05-22,30.73708915720449,-1
2000-05-23,30.15051460276113,-1
2000-05-24,31.147708892922264,-1
2000-05-25,30.854421615700584,-1
2000-05-26,33.37672805796133,-1
2000-05-30,34.197952270607814,1
2000-05-31,33.37672805796133,1
2000-06-01,37.42417907724844,-1
2000-06-02,40.298450470070705,-1
2000-06-05,38.65600967417227,-1
2000-06-06,37.600147247414455,1
2000-06-07,36.0163688660668,1
2000-06-08,37.54150772104727,-1
2000-06-09,40.18114471445547,-1
2000-06-12,38.421375274758205,1
2000-06-13,38.59735488901602,1
2000-06-14,37.42417907724844,1
2000-06-15,36.485645294289455,1
2000-06-16,37.42417907724844,1
2000-06-19,38.186748504738674,1
2000-06-20,40.35710906992422,-1
2000-06-21,41.295654296975,-1
2000-06-22,40.94369506845938,-1
2000-06-23,40.59173965464102,-1
2000-06-26,40.35710906992422,-1
2000-06-27,41.5302848816918,-1
2000-06-28,42.05820083628164,-1
2000-06-29,39.94650650034414,-1
2000-06-30,41.41297149668203,1
2000-07-03,39.94650650034414,-1
2000-07-05,36.309673309426174,-1
2000-07-06,37.893447876076564,-1
2000-07-07,39.829185485939846,-1
2000-07-10,40.76771926889883,-1
2000-07-11,40.35710906992422,-1
2000-07-12,41.41297149668203,-1
2000-07-13,41.295654296975,1
2000-07-14,43.05539703379141,1
2000-07-17,44.111263275246486,1
2000-07-18,41.94089126596914,1
2000-07-19,40.59173965464102,1
2000-07-20,41.5302848816918,-1
2000-07-21,41.295654296975,-1
2000-07-24,39.301258087258205,-1
2000-07-25,40.70906448374258,-1
2000-07-26,39.77052688608633,-1
2000-07-27,36.60297012339102,-1
2000-07-28,34.66722869883047,1
2000-07-31,37.306865692238674,1
2000-08-01,35.94305419931875,-1
2000-08-02,35.312480926613674,0
2000-08-03,31.910270691017967,1
2000-08-04,31.96891975412832,1
2000-08-07,31.734296798806053,1
2000-08-08,30.971744537453514,1
2000-08-09,31.734296798806053,1
2000-08-10,31.792959213356834,1
2000-08-11,32.49686050425039,1
2000-08-14,33.670032501320705,1
2000-08-15,34.432598114113674,1
2000-08-16,35.13650131235586,1
2000-08-17,36.8962516785668,-1
2000-08-18,38.010765075783596,-1
2000-08-21,37.07223129282461,-1
2000-08-22,38.06942749033438,-1
2000-08-23,38.06942749033438,-1
2000-08-24,38.53868865976797,-1
2000-08-25,37.130882263283596,-1
2000-08-28,37.07223129282461,-1
2000-08-29,36.42697906504141,-1
2000-08-30,35.48844909677969,-1
2000-08-31,35.78174591074453,-1
2000-09-01,38.421375274758205,-1
2000-09-05,38.65600967417227,-1
2000-09-06,35.72308349619375,-1
2000-09-07,36.954917907814846,-1
2000-09-08,34.96051788340078,-1
2000-09-11,34.13928985605703,-1
2000-09-12,33.670032501320705,-1
2000-09-13,33.72869110117422,-1
2000-09-14,34.37393188486563,-1
2000-09-15,32.84880828867422,-1
2000-09-18,32.379539489846096,-1
2000-09-19,33.14209747324453,-1
2000-09-20,32.555522918801174,-1
2000-09-21,32.08625030527578,-1
2000-09-22,30.61978721628652,-1
2000-09-25,30.385145187477928,-1
2000-09-26,29.857221603493553,-1
2000-09-27,30.56112480173574,-1
2000-09-28,31.734296798806053,-1
2000-09-29,30.32649803171621,-1
2000-10-02,28.038814544777733,-1
2000-10-03,29.0360050202416,-1
2000-10-04,30.32649803171621,-1
2000-10-05,30.854421615700584,-1
2000-10-06,28.56672668467031,-1
2000-10-09,28.273441314797264,-1
2000-10-10,25.809785842995506,-1
2000-10-11,24.636610031227928,-1
2000-10-12,23.93270683298574,1
2000-10-13,27.041604995827537,1
2000-10-16,25.75111389170156,-1
2000-10-17,21.92364692697988,-1
2000-10-18,22.34891891489492,1
2000-10-19,24.812578201393944,1
2000-10-20,25.34050941477285,-1
2000-10-23,25.809785842995506,-1
2000-10-24,25.39917182932363,-1
2000-10-25,23.2874641419457,1
2000-10-26,25.10587120066152,1
2000-10-27,25.10587120066152,-1
2000-10-30,24.69526672373281,-1
2000-10-31,26.103071212868553,-1
2000-11-01,25.63380432138906,-1
2000-11-02,26.220394134621483,-1
2000-11-03,27.217582702736717,-1
2000-11-06,27.39356231699453,-1
2000-11-07,25.692462921242576,-1
2000-11-08,24.284660339455467,-1
2000-11-09,23.93270683298574,-1
2000-11-10,21.17574882517324,-1
2000-11-13,21.879657745461326,1
2000-11-14,22.818193435768944,1
2000-11-15,22.876848220925194,1
2000-11-16,21.05843162546621,1
2000-11-17,20.765142440895897,1
2000-11-20,19.35733604441152,1
2000-11-21,19.06404685984121,1
2000-11-22,18.301485061745506,1
2000-11-24,20.178554535012108,1
2000-11-27,20.413190841774803,1
2000-11-28,19.06404685984121,1
2000-11-29,20.237215042214256,1
2000-11-30,19.181360244850975,1
2000-12-01,19.709287643532615,1
2000-12-04,19.240016937355858,1
2000-12-05,22.290262222390037,1
2000-12-06,22.407583236794334,-1
2000-12-07,22.114284515480858,-1
2000-12-08,23.991359710793358,1
2000-12-11,25.75111389170156,1
2000-12-12,24.5192813874291,-1
2000-12-13,22.642217636208397,1
2000-12-14,21.64501953135,1
2000-12-15,20.999774932961326,1
2000-12-18,20.119892120461326,-1
2000-12-19,20.119892120461326,1
2000-12-20,19.181360244850975,-1
2000-12-21,20.471847534279686,1
2000-12-22,21.70367431650625,1
2000-12-26,21.938312530617576,1
2000-12-27,21.821001052956444,1
2000-12-28,21.70367431650625,1
2000-12-29,21.17574882517324,1
2001-01-02,19.47465133676992,1
2001-01-03,22.876848220925194,1
2001-01-04,22.642217636208397,1
2001-01-05,23.111490249733787,1
2001-01-08,22.46623420725332,1
2001-01-09,23.58074951181875,1
2001-01-10,23.58074951181875,1
2001-01-11,25.927101135353904,1
2001-01-12,25.75111389170156,1
2001-01-16,24.167337417702537,1
2001-01-17,26.396358490090233,1
2001-01-18,27.74551963816152,1
2001-01-19,27.041604995827537,1
2001-01-22,26.396358490090233,-1
2001-01-23,26.806972503762108,-1
2001-01-24,26.806972503762108,-1
2001-01-25,26.74831199655996,-1
2001-01-26,26.1617317200707,-1
2001-01-29,26.103071212868553,-1
2001-01-30,26.572338104348045,-1
2001-01-31,26.74831199655996,-1
2001-02-01,26.337699890236717,-1
2001-02-02,25.10587120066152,1
2001-02-05,24.10867881784902,1
2001-02-06,23.463436126808983,1
2001-02-07,22.642217636208397,1
2001-02-08,22.99417495737539,-1
2001-02-09,21.938312530617576,-1
2001-02-12,22.70087432871328,-1
2001-02-13,22.05563163767324,1
2001-02-14,23.111490249733787,1
2001-02-15,23.522092819313865,1
2001-02-16,23.170145034890037,1
2001-02-20,22.172950744728904,1
2001-02-21,21.23441696176992,1
2001-02-22,20.82379913340078,1
2001-02-23,22.05563163767324,1
2001-02-26,21.76234436045156,1
2001-02-27,20.589164733986717,1
2001-02-28,19.885263443093162,-1
2001-03-01,20.061237335305076,-1
2001-03-02,20.413190841774803,-1
2001-03-05,21.17574882517324,1
2001-03-06,23.698072433571678,1
2001-03-07,23.93270683298574,1
2001-03-08,23.346120834450584,-1
2001-03-09,21.938312530617576,-1
2001-03-12,21.117095947365623,1
2001-03-13,22.876848220925194,1
2001-03-14,22.34891891489492,1
2001-03-15,21.586360931496483,1
2001-03-16,19.005382537941795,-1
2001-03-19,20.119892120461326,1
2001-03-20,19.298677444558006,1
2001-03-21,19.06404685984121,0
2001-03-22,21.5276985169457,1
2001-03-23,21.879657745461326,1
2001-03-26,21.879657745461326,1
2001-03-27,23.052825927834373,1
2001-03-28,20.5305061341332,1
2001-03-29,20.5305061341332,1
2001-03-30,20.354532241921287,1
2001-04-02,18.829410553078514,1
2001-04-03,18.066844940285545,1
2001-04-04,18.286817550759178,1
2001-04-05,21.293062210183006,1
2001-04-06,19.709287643532615,1
2001-04-09,19.812524795632225,1
2001-04-10,21.164020538430076,1
2001-04-11,22.243330001931053,1
2001-04-12,23.5103645325707,1
2001-04-16,22.57182502756582,-1
2001-04-17,21.633283615212303,1
2001-04-18,24.430133819680076,1
2001-04-19,25.5469913483666,-1
2001-04-20,25.3029727936791,1
2001-04-23,24.111032486061912,1
2001-04-24,23.82946968088613,1
2001-04-25,24.777387619118553,1
2001-04-26,24.636610031227928,1
2001-04-27,24.78677940378652,-1
2001-04-30,25.406211853127342,-1
2001-05-01,25.96933555613027,-1
2001-05-02,26.166421890358787,-1
2001-05-03,24.73045539865957,-1
2001-05-04,25.180961608986717,1
2001-05-07,24.54275894175039,1
2001-05-08,24.467670440773826,1
2001-05-09,23.50097846994863,1
2001-05-10,24.355051040749412,1
2001-05-11,24.129800796608787,1
2001-05-14,23.181877136330467,0
2001-05-15,22.900314331154686,0
2001-05-16,23.80131149301992,0
2001-05-17,24.167337417702537,1
2001-05-18,24.955713272194725,1
2001-05-21,25.45314025888906,1
2001-05-22,25.378061294655662,1
2001-05-23,24.017175674538475,1
2001-05-24,23.85762596140371,1
2001-05-25,23.538518905739647,1
2001-05-29,22.618757248024803,1
2001-05-30,21.76468276987539,1
2001-05-31,21.830381393532615,1
2001-06-01,22.243330001931053,1
2001-06-04,22.08378982553945,1
2001-06-05,23.19125747690664,1
2001-06-06,22.67506408701406,-1
2001-06-07,23.7543830872582,-1
2001-06-08,23.838846206765037,-1
2001-06-11,23.181877136330467,-1
2001-06-12,22.82523155222402,1
2001-06-13,22.684452056984764,1
2001-06-14,21.454965591530662,1
2001-06-15,20.976308822731834,1
2001-06-18,20.826150894265037,1
2001-06-19,20.553966522316795,1
2001-06-20,19.446495056252342,1
2001-06-21,18.883373260598045,1
2001-06-22,20.347492218117576,1
2001-06-25,20.694753646950584,1
2001-06-26,20.657209396462303,1
2001-06-27,21.004465103249412,1
2001-06-28,20.882463455300194,1
2001-06-29,20.882463455300194,1
2001-07-02,21.107709884743553,1
2001-07-03,20.85430336008535,1
2001-07-05,19.521577835183006,1
2001-07-06,19.005382537941795,1
2001-07-09,19.606050491433006,-1
2001-07-10,19.568504333596092,-1
2001-07-11,19.47465133676992,-1
2001-07-12,20.4882755280541,-1
2001-07-13,19.98146057138906,-1
2001-07-16,19.2681770325707,-1
2001-07-17,19.57788848886953,-1
2001-07-18,18.789522171120506,1
2001-07-19,18.70505332956777,1
2001-07-20,18.104389190773826,1
2001-07-23,17.944833755593162,-1
2001-07-24,17.700811386208397,-1
2001-07-25,17.51311111460195,-1
2001-07-26,17.879140853981834,1
2001-07-27,18.32025146494375,-1
2001-07-30,18.911529541115623,-1
2001-07-31,19.21186065683828,-1
2001-08-01,20.112865448098045,-1
2001-08-02,19.85007286081777,-1
2001-08-03,19.305717468361717,-1
2001-08-06,19.05230712900625,-1
2001-08-07,18.648738861183983,-1
2001-08-08,17.991765976052147,-1
2001-08-09,18.461030960183006,-1
2001-08-10,18.48918342600332,-1
2001-08-13,18.761363983254295,-1
2001-08-14,18.620584488015037,-1
2001-08-15,18.32963752756582,-1
2001-08-16,18.56427001963125,-1
2001-08-17,17.606960296730858,-1
2001-08-20,17.75712966928945,-1
2001-08-21,17.41925239572988,-1
2001-08-22,18.20762825022207,-1
2001-08-23,18.39533233652578,-1
2001-08-24,19.66236114511953,-1
2001-08-27,19.803140640358787,1
2001-08-28,18.536115646462303,1
2001-08-29,17.860364914040428,1
2001-08-30,17.40987205515371,-1
2001-08-31,17.062612533669334,-1
2001-09-04,15.842516899208887,-1
2001-09-05,15.560954094033105,-1
2001-09-06,14.21884536753164,-1
2001-09-07,14.247002601723535,-1
2001-09-10,13.94666862497793,1
2001-09-17,12.238529205422266,-1
2001-09-18,11.431387901406152,1
2001-09-19,11.018431663613184,1
2001-09-20,9.901570320229395,1
2001-09-21,9.469841957192285,1
2001-09-24,10.577316284279688,1
2001-09-25,11.431387901406152,1
2001-09-26,10.511619567971094,1
2001-09-27,10.37083911905752,1
2001-09-28,10.521005630593164,1
2001-10-01,10.24882984171377,1
2001-10-02,10.708711624245508,1
2001-10-03,11.30937671671377,1
2001-10-04,11.806800842385156,1
2001-10-05,12.088361740212305,1
2001-10-08,12.717184066872461,1
2001-10-09,12.257301330666406,1
2001-10-10,13.636946678261621,1
2001-10-11,14.31269645700918,1
2001-10-12,13.730803489785059,1
2001-10-15,13.167679786782129,1
2001-10-16,13.740188598732813,1
2001-10-17,12.257301330666406,1
2001-10-18,12.2009859086083,1
2001-10-19,12.388692855934961,1
2001-10-22,12.886119842629297,1
2001-10-23,13.308462143044336,1
2001-10-24,14.106216430764063,1
2001-10-25,14.359626770119531,1
2001-10-26,14.369003295998438,1
2001-10-29,13.730803489785059,1
2001-10-30,12.707796096901758,1
2001-10-31,13.496173858742578,1
2001-11-01,14.594260215859277,1
2001-11-02,14.669336319069727,1
2001-11-05,15.560954094033105,1
2001-11-06,16.01144790659414,1
2001-11-07,15.711115837197168,1
2001-11-08,15.851896286110742,1
2001-11-09,15.94575309763418,1
2001-11-12,16.33055305490957,1
2001-11-13,16.959373474221092,1
2001-11-14,17.034456253151756,1
2001-11-15,17.51311111460195,-1
2001-11-16,18.310865402321678,-1
2001-11-19,17.503726959328514,-1
2001-11-20,15.81435489664541,1
2001-11-21,16.03022003183828,1
2001-11-23,16.72473907480703,-1
2001-11-26,17.372327804665428,-1
2001-11-27,16.940597534279686,1
2001-11-28,16.199155807595115,1
2001-11-29,16.6496524811791,1
2001-11-30,16.33993339548574,1
2001-12-03,16.0020637513207,1
2001-12-04,16.752893447975975,1
2001-12-05,18.883373260598045,1
2001-12-06,18.33902359018789,1
2001-12-07,17.728969574074608,0
2001-12-10,17.616346359352928,1
2001-12-11,17.494337082009178,1
2001-12-12,18.507959365944725,1
2001-12-13,16.433788299660545,1
2001-12-14,16.696578979592186,1
2001-12-17,17.48495292673574,1
2001-12-18,17.52249717722402,1
2001-12-19,16.62149620066152,1
2001-12-20,15.129222869973047,1
2001-12-21,15.682960510353906,1
2001-12-24,15.438944816689355,1
2001-12-26,15.94575309763418,1
2001-12-27,16.311784744362694,1
2001-12-28,16.33055305490957,1
2001-12-31,16.0020637513207,1
2002-01-02,16.696578979592186,1
2002-01-03,18.05746269236074,1
2002-01-04,18.21700859079824,1
2002-01-07,18.010538101296287,1
2002-01-08,18.066844940285545,1
2002-01-09,18.32025146494375,1
2002-01-10,18.958457946877342,1
2002-01-11,19.34326171885,1
2002-01-14,18.855220794777733,0
2002-01-15,18.658124923806053,1
2002-01-16,17.1470832825707,1
2002-01-17,17.64450454721914,1
2002-01-18,17.09076690683828,1
2002-01-22,16.715356826882225,1
2002-01-23,17.58819007883535,0
2002-01-24,17.832206726174217,1
2002-01-25,17.869749069313865,1
2002-01-28,17.794670105080467,1
2002-01-29,17.18461799631582,1
2002-01-30,17.45679473886953,1
2002-01-31,17.785284042458397,1
2002-02-01,17.832206726174217,1
2002-02-04,18.076231002907615,1
2002-02-05,18.141929626564842,1
2002-02-06,17.963607788185936,1
2002-02-07,17.31601333628164,1
2002-02-08,16.799821853737694,1
2002-02-11,17.36294364939199,1
2002-02-12,17.269088745217186,1
2002-02-13,18.010538101296287,1
2002-02-14,18.676893234352928,1
2002-02-15,18.583045959572654,1
2002-02-19,17.860364914040428,1
2002-02-20,18.39533233652578,1
2002-02-21,17.71958541880117,1
2002-02-22,17.663274765114647,1
2002-02-25,18.639352798561912,1
2002-02-26,18.97722816477285,1
2002-02-27,18.92091369638906,1
2002-02-28,19.099235534767967,1
2002-03-01,21.25787353525625,1
2002-03-04,22.13071250925527,1
2002-03-05,21.727144241433006,1
2002-03-06,22.10256004343496,1
2002-03-07,23.11617851267324,1
2002-03-08,22.937856674294334,1
2002-03-11,22.065015792946678,1
2002-03-12,21.65205955515371,1
2002-03-13,21.661441803078514,1
2002-03-14,21.943004608254295,1
2002-03-15,22.487356186013084,0
2002-03-18,22.937856674294334,0
2002-03-19,23.5103645325707,0
2002-03-20,22.412277221779686,0
2002-03-21,22.337184906105858,1
2002-03-22,22.215181350808006,0
2002-03-25,21.92423629770742,0
2002-03-26,22.49674034128652,0
2002-03-27,22.271495819191795,0
2002-03-28,23.810699462990623,0
2002-04-01,24.139186859230858,0
2002-04-02,23.547904968361717,0
2002-04-03,23.17248725901113,0
2002-04-04,22.947242736916404,0
2002-04-05,22.243330001931053,0
2002-04-08,21.605133056740623,1
2002-04-09,21.05139350901113,1
2002-04-10,21.75529861460195,1
2002-04-11,20.76983642588125,0
2002-04-12,21.07016563425527,1
2002-04-15,21.43619346628652,1
2002-04-16,22.78769493113027,0
2002-04-17,22.99417495737539,0
2002-04-18,22.53428840647207,0
2002-04-19,22.49674034128652,0
2002-04-22,21.736528396706444,1
2002-04-23,21.69898986826406,0
2002-04-24,21.69898986826406,0
2002-04-25,21.210948944191795,0
2002-04-26,20.553966522316795,0
2002-04-29,20.544582367043358,0
2002-04-30,20.957542419533592,0
2002-05-01,21.25787353525625,0
2002-05-02,19.737443924050194,0
2002-05-03,17.97299766550527,1
2002-05-06,17.935451507668358,1
2002-05-07,18.442258834938865,1
2002-05-08,20.751062393288475,1
2002-05-09,19.66236114511953,0
2002-05-10,18.54549980173574,0
2002-05-13,19.333871841530662,0
2002-05-14,20.112865448098045,1
2002-05-15,20.319341659645897,0
2002-05-16,20.516427993874412,0
2002-05-17,20.797990799050194,0
2002-05-20,20.366264343361717,0
2002-05-21,19.57788848886953,0
2002-05-22,19.38080024729238,0
2002-05-23,19.05230712900625,0
2002-05-24,18.310865402321678,0
2002-05-28,18.59242820749746,0
2002-05-29,17.663274765114647,0
2002-05-30,17.35355758676992,0
2002-05-31,17.400484085183006,1
2002-06-03,16.799821853737694,1
2002-06-04,17.062612533669334,1
2002-06-05,17.1470832825707,1
2002-06-06,16.61210823069082,1
2002-06-07,16.29301643381582,-1
2002-06-10,16.0020637513207,1
2002-06-11,14.969671249489648,1
2002-06-12,14.725652694802148,1
2002-06-13,14.322086334328516,1
2002-06-14,14.340852737526758,1
2002-06-17,14.988443374733789,-1
2002-06-18,14.556714058022363,-1
2002-06-19,13.60879135141836,-1
2002-06-20,13.111368179421289,1
2002-06-21,12.96120548258291,1
2002-06-24,13.233379364113672,1
2002-06-25,13.148909568886621,-1
2002-06-26,13.364768982033594,1
2002-06-27,14.200072288613184,1
2002-06-28,14.19068717966543,-1
2002-07-01,13.39293098459707,-1
2002-07-02,12.670254707436426,1
2002-07-03,12.369926452736719,-1
2002-07-05,14.481632232766016,1
2002-07-08,13.974823951821191,-1
2002-07-09,13.111368179421289,-1
2002-07-10,12.27607250223623,1
2002-07-11,12.998744011025293,1
2002-07-12,13.10197925577627,-1
2002-07-15,13.552481651406152,-1
2002-07-16,13.055055618386133,-1
2002-07-17,14.162527084450586,-1
2002-07-18,14.284539222817285,-1
2002-07-19,13.749574661354883,-1
2002-07-22,13.646331787209375,-1
2002-07-23,12.304226875405176,-1
2002-07-24,13.03628158579336,-1
2002-07-25,10.32391357431875,-1
2002-07-26,10.64301586161123,1
2002-07-29,11.61909294138418,1
2002-07-30,11.975739479164941,-1
2002-07-31,11.12166690836416,1
2002-08-01,10.37083911905752,1
2002-08-02,9.779562950234277,1
2002-08-05,9.338446617226465,1
2002-08-06,9.798330307106836,1
2002-08-07,9.582467079262598,1
2002-08-08,10.37083911905752,1
2002-08-09,10.089277267556055,1
2002-08-12,10.220672607521875,1
2002-08-13,9.441686630349023,1
2002-08-14,9.920341491799219,1
2002-08-15,10.098660469155176,1
2002-08-16,10.793180465798242,1
2002-08-19,11.299988746743066,1
2002-08-20,10.82133674631582,1
2002-08-21,11.825573921303613,1
2002-08-22,12.107134819130762,1
2002-08-23,10.915190696816309,-1
2002-08-26,11.16859245310293,1
2002-08-27,10.521005630593164,-1
2002-08-28,9.957880973915918,1
2002-08-29,9.93911075602041,1
2002-08-30,9.610621452431543,-1
2002-09-03,9.047501564125879,1
2002-09-04,8.662699699501855,1
2002-09-05,8.071422577004297,1
2002-09-06,8.493764877419336,1
2002-09-09,8.24974536905752,1
2002-09-10,8.399910926918848,1
2002-09-11,8.44683837900625,1
2002-09-12,7.7523193360375,1
2002-09-13,7.433218002419336,1
2002-09-16,6.91702127466665,1
2002-09-17,6.306971550087793,1
2002-09-18,6.297585487465723,1
2002-09-19,6.128650188546045,1
2002-09-20,6.297585487465723,1
2002-09-23,5.678152084450586,1
2002-09-24,5.359048366646631,1
2002-09-25,6.062950611214502,1
2002-09-26,6.297585487465723,1
2002-09-27,5.828318119149072,1
2002-09-30,5.80954647074209,1
2002-10-01,6.166191101174219,1
2002-10-02,6.147420406441553,1
2002-10-03,6.138036251168115,1
2002-10-04,5.631225109200342,1
2002-10-07,4.702073097329004,1
2002-10-08,4.946092128853662,1
2002-10-09,4.955476760964258,1
2002-10-10,5.396590232949121,1
2002-10-11,6.091108799080713,1
2002-10-14,6.1943464280174805,1
2002-10-15,7.5646114350365234,1
2002-10-16,6.2506585122154785,1
2002-10-17,7.527070045571191,1
2002-10-18,7.827401638131006,1
2002-10-21,8.296669960121973,1
2002-10-22,6.870094299416406,1
2002-10-23,7.545840740303857,1
2002-10-24,7.301821708779199,1
2002-10-25,7.7898616791771484,1
2002-10-28,7.874329567055566,1
2002-10-29,7.41444730768667,1
2002-10-30,8.155892372231348,1
2002-10-31,8.071422577004297,1
2002-11-01,8.390523910622461,1
2002-11-04,9.113199234108789,1
2002-11-05,9.319676399330957,1
2002-11-06,9.591853141884668,1
2002-11-07,8.521920204262598,1
2002-11-08,8.409297943215234,1
2002-11-11,7.508298397164209,1
2002-11-12,8.071422577004297,1
2002-11-13,7.771090984444482,1
2002-11-14,8.465606689553125,1
2002-11-15,8.48437786112295,1
2002-11-18,8.775324821572168,1
2002-11-19,8.64393138895498,1
2002-11-20,9.085042953591211,1
2002-11-21,10.36145305643545,1
2002-11-22,10.464693069558008,1
2002-11-25,10.840106010537012,1
2002-11-26,9.929726600746973,-1
2002-11-27,10.840106010537012,-1
2002-11-29,10.464693069558008,-1
2002-12-02,10.99966049204336,-1
2002-12-03,10.258213996987207,-1
2002-12-04,9.63878059397207,-1
2002-12-05,9.760788917641504,-1
2002-12-06,9.73263168344961,-1
2002-12-09,8.719013214211328,1
2002-12-10,9.0193452836083,1
2002-12-11,8.540690422158105,-1
2002-12-12,8.287284851174219,1
2002-12-13,7.836787700753076,1
2002-12-16,8.352984428505762,1
2002-12-17,8.127737045388086,1
2002-12-18,7.245509147744043,1
2002-12-19,7.254894733528955,1
2002-12-20,7.90248441706167,1
2002-12-23,8.165276527504785,1
2002-12-24,8.118348121743066,1
2002-12-26,8.090190887551172,1
2002-12-27,7.81801700602041,1
2002-12-30,7.7898616791771484,1
2002-12-31,7.846175193886621,1
2003-01-02,8.352984428505762,1
2003-01-03,8.634543418984277,1
2003-01-06,8.953646659951074,1
2003-01-07,8.869176864724023,-1
2003-01-08,8.268515586953027,0
2003-01-09,8.174662590126855,0
2003-01-10,8.831637382607324,1
2003-01-13,8.737785339455469,1
2003-01-14,8.719013214211328,1
2003-01-15,8.324827194313867,1
2003-01-16,8.343598365883691,1
2003-01-17,7.761703968148096,1
2003-01-21,7.649081707100732,1
2003-01-22,7.508298397164209,1
2003-01-23,7.705391883950098,1
2003-01-24,7.283051490883691,1
2003-01-27,7.057802200417383,1
2003-01-28,7.311206817726953,1
2003-01-29,7.405060768227441,1
2003-01-30,7.489528656105859,1
2003-01-31,7.5176849366234375,1
2003-02-03,7.405060768227441,1
2003-02-04,7.179813385109766,1
2003-02-05,7.085958957772119,1
2003-02-06,6.992105007271631,1
2003-02-07,6.776240825753076,1
2003-02-10,6.663615703682764,1
2003-02-11,6.7668538094566895,1
2003-02-12,6.7668538094566895,0
2003-02-13,6.785627365212305,0
2003-02-14,7.039030075173242,0
2003-02-18,7.320591926674707,0
2003-02-19,7.1516547204063965,0
2003-02-20,7.423830509285791,0
2003-02-21,7.179813385109766,-1
2003-02-24,7.0296454430626465,-1
2003-02-25,6.870094299416406,1
2003-02-26,6.438368797402246,1
2003-02-27,6.663615703682764,1
2003-02-28,6.785627365212305,1
2003-03-03,6.719927787880762,1
2003-03-04,6.438368797402246,1
2003-03-05,6.391439914803369,1
2003-03-06,6.2131171227501465,1
2003-03-07,6.10049295435415,1
2003-03-10,5.865859031777246,1
2003-03-11,5.884629726509912,1
2003-03-12,6.0254106522606445,1
2003-03-13,6.297585487465723,1
2003-03-14,6.400827407936914,1
2003-03-17,6.945176124672754,1
2003-03-18,7.376904487709863,1
2003-03-19,7.724163055519922,1
2003-03-20,7.4989142418907715,1
2003-03-21,7.836787700753076,1
2003-03-24,6.926407337288721,1
2003-03-25,6.935790062050684,1
2003-03-26,6.795012474160059,1
2003-03-27,6.663615703682764,1
2003-03-28,6.382054805855615,1
2003-03-31,6.166191101174219,1
2003-04-01,6.2881999016808106,1
2003-04-02,6.907637119393213,1
2003-04-03,6.682384491066797,1
2003-04-04,6.5979180336998535,1
2003-04-07,6.907637119393213,1
2003-04-08,6.757469654183252,1
2003-04-09,6.654231071572168,1
2003-04-10,6.616690635781152,1
2003-04-11,6.560377597908838,1
2003-04-14,6.560377597908838,1
2003-04-15,6.701157093148096,1
2003-04-16,6.8231658936546875,1
2003-04-17,7.123501300911768,1
2003-04-21,7.132883548836572,1
2003-04-22,7.423830509285791,1
2003-04-23,7.7523193360375,1
2003-04-24,7.667853355507715,1
2003-04-25,7.301821708779199,1
2003-04-28,7.7898616791771484,1
2003-04-29,8.456221580605371,1
2003-04-30,8.268515586953027,1
2003-05-01,8.259129524330957,1
2003-05-02,8.568845749001367,1
2003-05-05,8.82225227365957,1
2003-05-06,9.103814125161035,1
2003-05-07,8.719013214211328,1
2003-05-08,8.418680191140039,1
2003-05-09,8.681471824745996,1
2003-05-12,8.972416877846582,1
2003-05-13,8.587617874245508,1
2003-05-14,8.540690422158105,1
2003-05-15,8.587617874245508,1
2003-05-16,8.531306266884668,1
2003-05-19,7.81801700602041,1
2003-05-20,7.7523193360375,1
2003-05-21,7.855557918648584,1
2003-05-22,8.033884048561914,1
2003-05-23,7.761703968148096,1
2003-05-27,8.240358352761133,1
2003-05-28,8.540690422158105,1
2003-05-29,8.625161171059473,1
2003-05-30,9.43230152140127,1
2003-06-02,9.563698768715723,1
2003-06-03,9.544922828774316,1
2003-06-04,9.591853141884668,1
2003-06-05,9.77017593393789,1
2003-06-06,10.126819610695703,1
2003-06-09,9.695091247658594,1
2003-06-10,10.032964706520898,1
2003-06-11,9.544922828774316,1
2003-06-12,9.713862419228418,1
2003-06-13,9.394761085610254,1
2003-06-16,9.826485633950098,1
2003-06-17,9.9109525681542,1
2003-06-18,9.67632007608877,1
2003-06-19,9.300907135109766,1
2003-06-20,9.085042953591211,1
2003-06-23,8.67208480844961,1
2003-06-24,8.550076484780176,1
2003-06-25,8.841022491555078,1
2003-06-26,8.81286907206045,1
2003-06-27,8.981803894142969,1
2003-06-30,8.981803894142969,1
2003-07-01,9.235207557778223,1
2003-07-02,9.986038208107813,1
2003-07-03,9.8358736039208,1
2003-07-07,10.943343162636621,1
2003-07-08,10.943343162636621,1
2003-07-09,10.577316284279688,1
2003-07-10,10.24882984171377,1
2003-07-11,10.511619567971094,1
2003-07-14,11.093513488869531,1
2003-07-15,11.666020393471582,1
2003-07-16,11.337532043557031,1
2003-07-17,10.342682838539941,1
2003-07-18,10.858878135781152,1
2003-07-21,10.652400016884668,1
2003-07-22,11.515853881935938,1
2003-07-23,12.172833442787988,1
2003-07-24,12.107134819130762,1
2003-07-25,12.426234245400293,1
2003-07-28,12.351154327492578,1
2003-07-29,12.135289192299707,1
2003-07-30,12.144675254921777,1
2003-07-31,12.144675254921777,1
2003-08-01,12.642098426918848,1
2003-08-04,12.801654815773828,1
2003-08-05,12.313610077004297,1
2003-08-06,11.834957122902734,1
2003-08-07,11.797417640786035,1
2003-08-08,11.159211158852441,1
2003-08-11,11.553396225075586,1
2003-08-12,11.910041809182031,1
2003-08-13,12.172833442787988,1
2003-08-14,12.003891944985254,1
2003-08-15,11.966353416542871,1
2003-08-18,12.782880783181055,1
2003-08-19,13.13952350626455,1
2003-08-20,13.186450958351953,1
2003-08-21,13.80588150034414,1
2003-08-22,13.974823951821191,1
2003-08-25,14.040521621804102,1
2003-08-26,14.19068717966543,1
2003-08-27,14.857050895790918,1
2003-08-28,15.016596794228418,1
2003-08-29,14.800735473732813,1
2003-09-02,14.706877708535059,1
2003-09-03,14.171917915444238,1
2003-09-04,14.359626770119531,1
2003-09-05,14.763195037941797,1
2003-09-08,15.851896286110742,1
2003-09-09,15.382633209328516,1
2003-09-10,14.322086334328516,1
2003-09-11,14.31269645700918,1
2003-09-12,14.115604400734766,1
2003-09-15,13.843429565529688,1
2003-09-16,14.293920517067773,1
2003-09-17,14.547331810097559,1
2003-09-18,14.33146858225332,1
2003-09-19,14.078060150246484,1
2003-09-22,13.327231407265527,1
2003-09-23,13.740188598732813,1
2003-09-24,12.876737594704492,1
2003-09-25,12.7734956742333,1
2003-09-26,12.341766357521875,1
2003-09-29,12.454391479592188,1
2003-09-30,12.313610077004297,1
2003-10-01,12.689030647377832,1
2003-10-02,12.970585823159082,1
2003-10-03,14.134374618630273,1
2003-10-06,13.740188598732813,1
2003-10-07,14.096832275490625,1
2003-10-08,13.974823951821191,1
2003-10-09,14.096832275490625,1
2003-10-10,13.965438842873438,1
2003-10-13,14.153146743874414,1
2003-10-14,13.880969047646387,1
2003-10-15,14.688111305336816,1
2003-10-16,14.922743797402246,1
2003-10-17,14.744421005349023,1
2003-10-20,14.716266632180078,1
2003-10-21,15.288776397805078,1
2003-10-22,14.875818252663477,1
2003-10-23,14.5661039353417,1
2003-10-24,14.67872428904043,1
2003-10-27,14.67872428904043,1
2003-10-28,16.25547409067617,1
2003-10-29,16.161619186501365,1
2003-10-30,16.22731018076406,1
2003-10-31,16.471332550148826,1
2003-11-03,17.240930557350975,1
2003-11-04,16.80920600901113,1
2003-11-05,16.84674263010488,1
2003-11-06,17.747745514016014,1
2003-11-07,17.41925239572988,1
2003-11-10,16.555799484352928,1
2003-11-11,16.790435791115623,1
2003-11-12,17.550649643044334,1
2003-11-13,17.42864418039785,1
2003-11-14,16.593339920143944,1
2003-11-17,16.443180084328514,1
2003-11-18,16.058380127053123,1
2003-11-19,16.443180084328514,1
2003-11-20,16.142845153908592,1
2003-11-21,16.865518570046287,1
2003-11-24,17.494337082009178,1
2003-11-25,17.728969574074608,1
2003-11-26,17.63511848459707,1
2003-11-28,17.663274765114647,1
2003-12-01,17.879140853981834,1
2003-12-02,18.019920349221092,1
2003-12-03,18.56427001963125,1
2003-12-04,18.59242820749746,1
2003-12-05,17.71958541880117,1
2003-12-08,18.019920349221092,1
2003-12-09,17.400484085183006,1
2003-12-10,16.9781436921166,1
2003-12-11,17.616346359352928,1
2003-12-12,17.832206726174217,1
2003-12-15,17.475568771462303,1
2003-12-16,17.28786277780996,1
2003-12-17,17.137691497902733,1
2003-12-18,17.822826385598045,1
2003-12-19,17.832206726174217,1
2003-12-22,17.785284042458397,1
2003-12-23,18.25455284128652,1
2003-12-24,18.43287658701406,1
2003-12-26,18.723819732766014,1
2003-12-29,18.90214157114492,1
2003-12-30,19.014768600563865,1
2003-12-31,18.817680358986717,1
2004-01-02,19.2681770325707,1
2004-01-05,19.465263366799217,0
2004-01-06,19.66236114511953,0
2004-01-07,19.728054046730858,0
2004-01-08,20.657209396462303,0
2004-01-09,20.797990799050194,0
2004-01-12,20.94815635691152,0
2004-01-13,20.525814056496483,0
2004-01-14,20.45073127756582,1
2004-01-15,19.990850448708397,0
2004-01-16,20.42257499704824,1
2004-01-20,20.600900650124412,0
2004-01-21,20.16917037973867,0
2004-01-22,19.437112808327537,0
2004-01-23,18.995996475319725,0
2004-01-26,19.118005752663475,0
2004-01-27,18.733211517433983,0
2004-01-28,18.442258834938865,0
2004-01-29,18.160697937111717,0
2004-01-30,18.076231002907615,0
2004-02-02,18.038692474465233,0
2004-02-03,17.991765976052147,0
2004-02-04,17.3911018372582,0
2004-02-05,17.907293319802147,0
2004-02-06,18.808292389016014,0
2004-02-09,18.536115646462303,0
2004-02-10,18.48918342600332,0
2004-02-11,18.761363983254295,0
2004-02-12,18.33902359018789,0
2004-02-13,18.32025146494375,0
2004-02-17,19.47465133676992,0
2004-02-18,19.061697006325584,1
2004-02-19,19.08984565744863,0
2004-02-20,18.470415115456444,1
2004-02-23,17.926063537697654,0
2004-02-24,17.531879425148826,0
2004-02-25,17.785284042458397,0
2004-02-26,17.560037613015037,1
2004-02-27,17.137691497902733,0
2004-03-01,17.51311111460195,0
2004-03-02,17.466182708840233,0
2004-03-03,17.569416046242576,0
2004-03-04,17.991765976052147,0
2004-03-05,17.991765976052147,0
2004-03-08,17.54126739511953,0
2004-03-09,17.175235748391014,0
2004-03-10,16.84674263010488,0
2004-03-11,16.424404144387108,0
2004-03-12,16.865518570046287,1
2004-03-15,15.842516899208887,1
2004-03-16,16.415021896462303,1
2004-03-17,16.921833038430076,0
2004-03-18,16.715356826882225,1
2004-03-19,15.76743221292959,0
2004-03-22,15.4670991898583,1
2004-03-23,15.701728820900781,1
2004-03-24,15.955135345558984,1
2004-03-25,16.940597534279686,0
2004-03-26,16.940597534279686,0
2004-03-29,17.250322342018944,0
2004-03-30,17.072000503640037,1
2004-03-31,17.203392028908592,1
2004-04-01,17.550649643044334,1
2004-04-02,18.179470062355858,1
2004-04-05,18.151317596535545,-1
2004-04-06,17.71958541880117,-1
2004-04-07,17.63511848459707,1
2004-04-08,17.447414398293358,1
2004-04-12,17.738353729348045,1
2004-04-13,17.569416046242576,1
2004-04-14,17.156459808449608,1
2004-04-15,16.22731018076406,1
2004-04-16,16.490104675392967,1
2004-04-19,16.82797813425527,1
2004-04-20,16.20854377756582,1
2004-04-21,15.880056381325586,1
2004-04-22,15.63603401194082,1
2004-04-23,15.851896286110742,1
2004-04-26,15.607877731423242,-1
2004-04-27,15.66419506082998,1
2004-04-28,15.06352424631582,1
2004-04-29,14.584874153237207,1
2004-04-30,14.613031387429102,0
2004-05-03,14.885201454262598,0
2004-05-04,15.213689804177148,1
2004-05-05,15.27000617990957,1
2004-05-06,14.6505708695458,1
2004-05-07,14.556714058022363,1
2004-05-10,14.303309440712793,1
2004-05-11,14.866434097390039,1
2004-05-12,14.547331810097559,1
2004-05-13,14.594260215859277,1
2004-05-14,14.406547546486719,1
2004-05-17,14.228231430153711,1
2004-05-18,14.556714058022363,1
2004-05-19,14.800735473732813,1
2004-05-20,14.67872428904043,1
2004-05-21,14.8945894242333,1
2004-05-24,15.147994041542871,-1
2004-05-25,15.66419506082998,1
2004-05-26,15.76743221292959,1
2004-05-27,16.349327087502342,1
2004-05-28,16.52764892588125,1
2004-06-01,16.189769744973045,1
2004-06-02,15.955135345558984,-1
2004-06-03,15.551569938759668,-1
2004-06-04,15.964519500832422,-1
2004-06-07,16.6496524811791,1
2004-06-08,16.480716705422264,1
2004-06-09,15.795589447121484,1
2004-06-10,15.80496883402334,-1
2004-06-14,14.838279724221094,1
2004-06-15,15.363862037758691,1
2004-06-16,15.035369873146875,1
2004-06-17,14.547331810097559,-1
2004-06-18,14.706877708535059,-1
2004-06-21,14.763195037941797,-1
2004-06-22,15.194921493630273,1
2004-06-23,15.307546615700586,-1
2004-06-24,15.42016887674795,-1
2004-06-25,15.579723358254297,-1
2004-06-28,15.598493576149805,-1
2004-06-29,15.964519500832422,-1
2004-06-30,16.058380127053123,-1
2004-07-01,15.81435489664541,1
2004-07-02,15.66419506082998,1
2004-07-06,15.119840622048242,1
2004-07-07,15.194921493630273,1
2004-07-08,15.204303741555078,1
2004-07-09,15.579723358254297,1
2004-07-12,15.016596794228418,1
2004-07-13,14.969671249489648,1
2004-07-14,13.937278747658594,-1
2004-07-15,13.749574661354883,1
2004-07-16,14.002981186013086,-1
2004-07-19,13.843429565529688,-1
2004-07-20,14.162527084450586,-1
2004-07-21,13.899741172890527,-1
2004-07-22,13.91850757608877,-1
2004-07-23,13.045671463112695,-1
2004-07-26,12.904892921547754,-1
2004-07-27,12.998744011025293,-1
2004-07-28,12.820423126320703,-1
2004-07-29,13.25214958200918,-1
2004-07-30,13.31784725199209,1
2004-08-02,13.280308723549707,1
2004-08-03,12.66087532053457,1
2004-08-04,12.839190483193262,1
2004-08-05,12.463778495888574,1
2004-08-06,12.407465934853418,1
2004-08-09,12.548251152138574,1
2004-08-10,12.89550495157705,1
2004-08-11,12.435622215370996,1
2004-08-12,11.759875297646387,1
2004-08-13,12.088361740212305,1
2004-08-16,12.285451889138086,1
2004-08-17,12.623329162697656,1
2004-08-18,12.867349624733789,1
2004-08-19,12.811038971047266,1
2004-08-20,12.792267799477441,1
2004-08-23,12.886119842629297,1
2004-08-24,12.567017555336816,1
2004-08-25,12.698415756325586,1
2004-08-26,12.557628631691797,1
2004-08-27,12.388692855934961,0
2004-08-30,12.332382202248438,1
2004-08-31,12.144675254921777,1
2004-09-01,12.407465934853418,1
2004-09-02,12.576399803261621,1
2004-09-03,11.647249221901758,1
2004-09-07,11.975739479164941,1
2004-09-08,11.975739479164941,1
2004-09-09,12.294840812783105,1
2004-09-10,12.914278030495508,1
2004-09-13,13.167679786782129,1
2004-09-14,13.242762565712793,1
2004-09-15,12.632715225319727,1
2004-09-16,12.707796096901758,1
2004-09-17,12.923660278420313,1
2004-09-20,13.045671463112695,1
2004-09-21,13.486784935097559,1
2004-09-22,13.045671463112695,1
2004-09-23,12.933048248391016,1
2004-09-24,12.642098426918848,0
2004-09-27,12.52009105692373,0
2004-09-28,12.426234245400293,0
2004-09-29,11.956963539223535,1
2004-09-30,12.078977584938867,1
2004-10-01,12.5294771195458,1
2004-10-04,12.76410961161123,1
2004-10-05,12.829809188942773,1
2004-10-06,12.857962608437402,1
2004-10-07,12.745340347390039,1
2004-10-08,12.44500732431875,1
2004-10-11,12.257301330666406,1
2004-10-12,12.032049179177148,1
2004-10-13,12.27607250223623,1
2004-10-14,12.050821304421289,1
2004-10-15,12.416849136452539,1
2004-10-18,12.27607250223623,1
2004-10-19,12.341766357521875,1
2004-10-20,12.567017555336816,1
2004-10-21,13.092602729897363,1
2004-10-22,12.857962608437402,1
2004-10-25,13.026904106240137,1
2004-10-26,12.782880783181055,1
2004-10-27,13.092602729897363,1
2004-10-28,13.355390548806055,1
2004-10-29,13.37415599832998,1
2004-11-01,13.299076080422266,1
2004-11-02,13.158294677834375,1
2004-11-03,13.280308723549707,1
2004-11-04,13.683876991371973,1
2004-11-05,14.12498950968252,1
2004-11-08,14.340852737526758,1
2004-11-09,14.425323486428125,1
2004-11-10,14.115604400734766,1
2004-11-11,14.425323486428125,1
2004-11-12,14.791351318459375,1
2004-11-15,14.781964302162988,1
2004-11-16,14.613031387429102,1
2004-11-17,15.082297325234277,1
2004-11-18,15.072911262612207,0
2004-11-19,14.519173622231348,0
2004-11-22,14.584874153237207,1
2004-11-23,14.434711456398828,1
2004-11-24,14.378401756386621,1
2004-11-26,14.45347785959707,1
2004-11-29,14.594260215859277,0
2004-11-30,14.322086334328516,1
2004-12-01,14.791351318459375,1
2004-12-02,14.800735473732813,1
2004-12-03,15.382633209328516,1
2004-12-06,15.589111328225,1
2004-12-07,15.33570671091543,1
2004-12-08,15.166759491066797,1
2004-12-09,14.800735473732813,1
2004-12-10,14.594260215859277,1
2004-12-13,14.875818252663477,1
2004-12-14,14.997828483681543,1
2004-12-15,15.082297325234277,1
2004-12-16,14.772578239540918,1
2004-12-17,14.603643417458398,1
2004-12-20,14.378401756386621,1
2004-12-21,14.641183853249414,1
2004-12-22,14.659957885842188,1
2004-12-23,14.763195037941797,1
2004-12-27,14.791351318459375,1
2004-12-28,14.763195037941797,1
2004-12-29,14.847661018471582,1
2004-12-30,14.8945894242333,1
2004-12-31,14.941516876320703,1
2005-01-03,14.763195037941797,1
2005-01-04,14.275156021218164,1
2005-01-05,14.06867790232168,1
2005-01-06,13.843429565529688,1
2005-01-07,13.721417427162988,1
2005-01-10,13.956053733925684,1
2005-01-11,13.590024948220117,1
2005-01-12,14.33146858225332,1
2005-01-13,14.134374618630273,1
2005-01-14,14.500399589638574,1
2005-01-18,14.265767097573145,1
2005-01-19,13.890352249245508,1
2005-01-20,13.80588150034414,1
2005-01-21,14.021748542885645,1
2005-01-24,13.80588150034414,1
2005-01-25,14.059290886025293,1
2005-01-26,14.21884536753164,1
2005-01-27,15.007218361000879,1
2005-01-28,14.988443374733789,1
2005-01-31,15.42016887674795,1
2005-02-01,15.448324203591211,1
2005-02-02,15.523407936196191,1
2005-02-03,15.185537338356836,1
2005-02-04,15.80496883402334,1
2005-02-07,15.66419506082998,1
2005-02-08,15.786200523476465,1
2005-02-09,15.523407936196191,1
2005-02-10,15.645418167214258,1
2005-02-11,16.274242401223045,1
2005-02-14,16.68719673166738,1
2005-02-15,16.762279510598045,1
2005-02-16,16.593339920143944,1
2005-02-17,16.56518745432363,0
2005-02-18,16.62149620066152,0
2005-02-22,16.856132507424217,0
2005-02-23,17.034456253151756,0
2005-02-24,17.344169616799217,1
2005-02-25,17.569416046242576,1
2005-02-28,17.19400596628652,0
2005-03-01,17.503726959328514,0
2005-03-02,17.28786277780996,0
2005-03-03,16.865518570046287,1
2005-03-04,16.940597534279686,1
2005-03-07,16.82797813425527,1
2005-03-08,16.56518745432363,1
2005-03-09,16.405635833840233,1
2005-03-10,16.56518745432363,0
2005-03-11,16.20854377756582,0
2005-03-14,16.349327087502342,0
2005-03-15,16.039608001808983,0
2005-03-16,15.880056381325586,0
2005-03-17,15.955135345558984,0
2005-03-18,15.76743221292959,0
2005-03-21,15.598493576149805,0
2005-03-22,15.786200523476465,0
2005-03-23,15.992680549721582,0
2005-03-24,15.880056381325586,0
2005-03-28,15.76743221292959,0
2005-03-29,15.42016887674795,1
2005-03-30,15.842516899208887,1
2005-03-31,15.739273071389063,1
2005-04-01,15.373247146706445,1
2005-04-04,15.204303741555078,1
2005-04-05,15.072911262612207,1
2005-04-06,15.101067543129785,1
2005-04-07,15.24184799204336,0
2005-04-08,15.410783767800195,0
2005-04-11,15.382633209328516,0
2005-04-12,15.307546615700586,1
2005-04-13,14.340852737526758,1
2005-04-14,14.200072288613184,1
2005-04-15,13.899741172890527,1
2005-04-18,14.040521621804102,1
2005-04-19,14.293920517067773,1
2005-04-20,14.265767097573145,1
2005-04-21,14.716266632180078,0
2005-04-22,14.556714058022363,1
2005-04-25,14.528560638527734,1
2005-04-26,14.162527084450586,1
2005-04-27,14.115604400734766,1
2005-04-28,13.60879135141836,1
2005-04-29,13.599411010842188,1
2005-05-02,13.552481651406152,1
2005-05-03,13.777729988198145,1
2005-05-04,14.06867790232168,1
2005-05-05,14.21884536753164,1
2005-05-06,14.200072288613184,1
2005-05-09,14.293920517067773,1
2005-05-10,14.12498950968252,1
2005-05-11,14.209461212258203,1
2005-05-12,14.12498950968252,1
2005-05-13,14.82889461527334,1
2005-05-16,14.960288047890527,1
2005-05-17,15.035369873146875,1
2005-05-18,15.223076820473535,1
2005-05-19,14.866434097390039,1
2005-05-20,14.979057312111719,1
2005-05-23,15.194921493630273,1
2005-05-24,15.129222869973047,1
2005-05-25,15.06352424631582,1
2005-05-26,15.504638671975,1
2005-05-27,15.49524974832998,1
2005-05-31,15.129222869973047,1
2005-06-01,15.251233100991113,1
2005-06-02,15.776812553505762,1
2005-06-03,15.4670991898583,1
2005-06-06,15.232461929421289,1
2005-06-07,15.054140091042383,1
2005-06-08,15.176151275734766,1
2005-06-09,15.448324203591211,0
2005-06-10,15.251233100991113,0
2005-06-13,15.223076820473535,0
2005-06-14,15.298163414101465,0
2005-06-15,15.232461929421289,0
2005-06-16,15.34508991251455,0
2005-06-17,15.560954094033105,0
2005-06-20,15.504638671975,0
2005-06-21,15.66419506082998,0
2005-06-22,15.870664596657617,1
2005-06-23,15.57033920298086,1
2005-06-24,15.157377243141992,1
2005-06-27,15.101067543129785,1
2005-06-28,15.129222869973047,1
2005-06-29,15.007218361000879,1
2005-06-30,14.697493553261621,1
2005-07-01,14.641183853249414,1
2005-07-05,14.735037803749902,1
2005-07-06,14.875818252663477,1
2005-07-07,14.913357734780176,1
2005-07-08,15.138611793618066,1
2005-07-11,15.81435489664541,1
2005-07-12,15.758042335610254,1
2005-07-13,16.170999527077537,1
2005-07-14,16.23669624338613,1
2005-07-15,16.048990249733787,1
2005-07-18,15.739273071389063,1
2005-07-19,16.08653450022207,1
2005-07-20,16.9781436921166,1
2005-07-21,16.715356826882225,1
2005-07-22,16.72473907480703,1
2005-07-25,16.555799484352928,1
2005-07-26,16.61210823069082,1
2005-07-27,16.39624786386953,1
2005-07-28,16.659042358498436,1
2005-07-29,16.518259048561912,1
2005-08-01,16.537031173806053,1
2005-08-02,16.799821853737694,1
2005-08-03,16.668426513771873,1
2005-08-04,16.52764892588125,1
2005-08-05,16.35870361338125,1
2005-08-08,16.22731018076406,1
2005-08-09,16.424404144387108,1
2005-08-10,16.37747764597402,1
2005-08-11,16.518259048561912,1
2005-08-12,16.302398681740623,1
2005-08-15,16.452560424904686,1
2005-08-16,15.908206939797266,1
2005-08-17,16.443180084328514,1
2005-08-18,16.12407302866445,1
2005-08-19,16.23669624338613,1
2005-08-22,16.37747764597402,1
2005-08-23,16.170999527077537,1
2005-08-24,15.851896286110742,1
2005-08-25,15.842516899208887,1
2005-08-26,15.589111328225,1
2005-08-29,15.861281395058496,1
2005-08-30,15.711115837197168,1
2005-08-31,15.861281395058496,1
2005-09-01,15.523407936196191,1
2005-09-02,15.607877731423242,1
2005-09-06,16.095924377541404,1
2005-09-07,16.20854377756582,1
2005-09-08,16.264856338600975,1
2005-09-09,16.443180084328514,1
2005-09-12,16.490104675392967,1
2005-09-13,16.452560424904686,1
2005-09-14,16.22731018076406,1
2005-09-15,15.94575309763418,1
2005-09-16,16.142845153908592,1
2005-09-19,15.973902702431543,1
2005-09-20,15.542181968788965,1
2005-09-21,15.27000617990957,1
2005-09-22,15.082297325234277,1
2005-09-23,15.119840622048242,1
2005-09-26,15.251233100991113,1
2005-09-27,15.119840622048242,1
2005-09-28,15.223076820473535,1
2005-09-29,15.382633209328516,1
2005-09-30,15.49524974832998,1
2005-10-03,15.560954094033105,1
2005-10-04,15.720501899819238,1
2005-10-05,15.66419506082998,1
2005-10-06,15.701728820900781,1
2005-10-07,15.66419506082998,1
2005-10-10,15.448324203591211,1
2005-10-11,15.288776397805078,1
2005-10-12,15.476483345131738,1
2005-10-13,16.217927932839256,1
2005-10-14,16.133455276589256,1
2005-10-17,16.095924377541404,1
2005-10-18,15.776812553505762,1
2005-10-19,15.964519500832422,1
2005-10-20,15.654803276162012,1
2005-10-21,16.077144622902733,1
2005-10-24,16.20854377756582,1
2005-10-25,16.161619186501365,1
2005-10-26,16.058380127053123,1
2005-10-27,15.748659134011133,1
2005-10-28,15.917595863442285,1
2005-10-31,15.936368942360742,1
2005-11-01,15.889433860878809,1
2005-11-02,16.499490738015037,1
2005-11-03,17.081378936867576,1
2005-11-04,16.94997978220449,1
2005-11-07,17.12830352793203,1
2005-11-08,17.043840408425194,1
2005-11-09,17.48495292673574,1
2005-11-10,17.48495292673574,1
2005-11-11,17.31601333628164,1
2005-11-14,17.36294364939199,1
2005-11-15,17.41925239572988,1
2005-11-16,17.12830352793203,1
2005-11-17,17.109535217385154,1
2005-11-18,17.51311111460195,1
2005-11-21,17.663274765114647,1
2005-11-22,18.198240280251365,1
2005-11-23,18.348405838112694,0
2005-11-25,18.451644897560936,0
2005-11-28,18.367177963356834,0
2005-11-29,18.151317596535545,1
2005-11-30,17.97299766550527,0
2005-12-01,18.742591858010154,0
2005-12-02,18.517347335915428,0
2005-12-05,18.32025146494375,0
2005-12-06,18.789522171120506,0
2005-12-07,18.62996482859121,0
2005-12-08,18.479803085427147,0
2005-12-09,18.536115646462303,1
2005-12-12,18.5267276764916,1
2005-12-13,18.71443748484121,0
2005-12-14,18.789522171120506,1
2005-12-15,18.479803085427147,1
2005-12-16,18.48918342600332,1
2005-12-19,18.5267276764916,1
2005-12-20,18.507959365944725,1
2005-12-21,18.751977920632225,1
2005-12-22,18.817680358986717,1
2005-12-23,18.845830917458397,1
2005-12-27,18.883373260598045,1
2005-12-28,18.892759323220115,1
2005-12-29,18.873987197975975,1
2005-12-30,18.845830917458397,1
2006-01-03,19.19309043894277,1
2006-01-04,19.502813339333397,1
2006-01-05,19.934539795021873,1
2006-01-06,20.600900650124412,1
2006-01-09,21.117095947365623,1
2006-01-10,20.882463455300194,1
2006-01-11,20.291177749733787,1
2006-01-12,19.69989776621328,1
2006-01-13,19.75621223459707,1
2006-01-17,19.37141418467031,1
2006-01-18,20.075315475563865,1
2006-01-19,20.309947967629295,1
2006-01-20,19.59666061411367,1
2006-01-23,20.178554535012108,1
2006-01-24,20.610282898049217,1
2006-01-25,21.182792663674217,1
2006-01-26,21.77406883249746,1
2006-01-27,22.12132453928457,0
2006-01-30,21.61451721201406,1
2006-01-31,21.210948944191795,0
2006-02-01,21.426811218361717,0
2006-02-02,21.1358642579125,1
2006-02-03,20.901227951149803,1
2006-02-06,21.023239135842186,1
2006-02-07,21.07016563425527,1
2006-02-08,21.445583343605858,0
2006-02-09,21.445583343605858,0
2006-02-10,21.004465103249412,0
2006-02-13,20.779218673806053,0
2006-02-14,20.976308822731834,0
2006-02-15,20.8167610169457,0
2006-02-16,20.873079300026756,0
2006-02-17,20.525814056496483,0
2006-02-21,20.338106155495506,0
2006-02-22,19.88761520395742,1
2006-02-23,19.652971267800194,1
2006-02-24,19.437112808327537,1
2006-02-27,19.465263366799217,1
2006-02-28,19.408958435158592,1
2006-03-01,20.084699630837303,1
2006-03-02,20.01901054392324,0
2006-03-03,19.934539795021873,0
2006-03-06,19.54973030100332,1
2006-03-07,18.958457946877342,1
2006-03-08,18.892759323220115,0
2006-03-09,18.855220794777733,1
2006-03-10,18.71443748484121,1
2006-03-13,18.930301666359764,1
2006-03-14,19.37141418467031,1
2006-03-15,19.718673706154686,1
2006-03-16,19.127397537331444,1
2006-03-17,19.014768600563865,1
2006-03-20,18.761363983254295,1
2006-03-21,18.583045959572654,1
2006-03-22,18.54549980173574,1
2006-03-23,18.357791900734764,1
2006-03-24,18.66750907907949,1
2006-03-27,18.573654174904686,1
2006-03-28,18.226398468117576,1
2006-03-29,18.517347335915428,1
2006-03-30,18.723819732766014,1
2006-03-31,19.118005752663475,1
2006-04-03,19.014768600563865,1
2006-04-04,19.127397537331444,1
2006-04-05,19.399574279885154,1
2006-04-06,19.803140640358787,1
2006-04-07,19.455884933571678,1
2006-04-10,19.240016937355858,1
2006-04-11,18.995996475319725,1
2006-04-12,18.789522171120506,1
2006-04-13,19.164934158425194,1
2006-04-17,18.986612320046287,1
2006-04-18,19.54035186777578,1
2006-04-19,20.385032653908592,1
2006-04-20,20.216104507546287,1
2006-04-21,20.263023376564842,0
2006-04-24,20.385032653908592,0
2006-04-25,20.253639221291404,1
2006-04-26,20.084699630837303,0
2006-04-27,19.85007286081777,0
2006-04-28,19.840682983498436,0
2006-05-01,19.737443924050194,0
2006-05-02,20.22548484812246,0
2006-05-03,20.094085693459373,0
2006-05-04,20.619667053322654,0
2006-05-05,21.004465103249412,0
2006-05-08,21.032623291115623,0
2006-05-09,20.619667053322654,0
2006-05-10,20.178554535012108,0
2006-05-11,19.5872745514916,0
2006-05-12,18.892759323220115,0
2006-05-15,18.48918342600332,1
2006-05-16,18.40472412119375,1
2006-05-17,17.926063537697654,1
2006-05-18,17.728969574074608,0
2006-05-19,17.963607788185936,1
2006-05-22,17.550649643044334,0
2006-05-23,18.479803085427147,0
2006-05-24,18.883373260598045,0
2006-05-25,19.08047294626699,0
2006-05-26,18.817680358986717,0
2006-05-30,18.883373260598045,0
2006-05-31,19.08984565744863,0
2006-06-01,19.54973030100332,1
2006-06-02,19.69051933298574,1
2006-06-05,19.099235534767967,1
2006-06-06,18.676893234352928,1
2006-06-07,18.70505332956777,1
2006-06-08,18.55488586435781,1
2006-06-09,18.151317596535545,1
2006-06-12,18.05746269236074,1
2006-06-13,17.97299766550527,1
2006-06-14,18.49857139597402,1
2006-06-15,19.10861778269277,0
2006-06-16,18.611202240090233,0
2006-06-19,18.38594627390371,1
2006-06-20,18.20762825022207,1
2006-06-21,18.92091369638906,1
2006-06-22,18.686285019020897,1
2006-06-23,18.658124923806053,1
2006-06-26,18.827058792214256,1
2006-06-27,18.25455284128652,1
2006-06-28,18.226398468117576,1
2006-06-29,18.77075386057363,1
2006-06-30,18.97722816477285,1
2006-07-03,19.164934158425194,1
2006-07-05,18.611202240090233,1
2006-07-06,18.723819732766014,1
2006-07-07,18.292093277077537,1
2006-07-10,18.235784530739647,1
2006-07-11,18.583045959572654,1
2006-07-12,18.095003128151756,1
2006-07-13,17.52249717722402,1
2006-07-14,17.48495292673574,1
2006-07-17,17.32539939890371,1
2006-07-18,17.625738144020897,1
2006-07-19,18.723819732766014,1
2006-07-20,17.860364914040428,1
2006-07-21,17.41925239572988,1
2006-07-24,17.682044983010154,1
2006-07-25,17.963607788185936,1
2006-07-26,17.85098075876699,1
2006-07-27,17.944833755593162,1
2006-07-28,18.536115646462303,1
2006-07-31,18.676893234352928,1
2006-08-01,18.310865402321678,1
2006-08-02,18.583045959572654,1
2006-08-03,18.836442947487694,1
2006-08-04,18.367177963356834,1
2006-08-07,18.37656784067617,1
2006-08-08,18.357791900734764,1
2006-08-09,18.583045959572654,1
2006-08-10,18.60181427011953,1
2006-08-11,18.20762825022207,1
2006-08-14,18.48918342600332,1
2006-08-15,19.19309043894277,1
2006-08-16,19.812524795632225,1
2006-08-17,20.037778854470115,1
2006-08-18,20.065929412941795,1
2006-08-21,19.87822151194082,1
2006-08-22,19.76559829721914,1
2006-08-23,19.709287643532615,1
2006-08-24,19.63420486460195,1
2006-08-25,19.5872745514916,1
2006-08-28,19.96269416819082,1
2006-08-29,20.478887558083397,1
2006-08-30,20.6478271485375,0
2006-08-31,20.704133987526756,0
2006-09-01,20.478887558083397,0
2006-09-05,20.619667053322654,1
2006-09-06,20.760448455910545,1
2006-09-07,21.20155906687246,1
2006-09-08,21.117095947365623,0
2006-09-11,21.107709884743553,0
2006-09-12,21.75529861460195,0
2006-09-13,21.68021202097402,0
2006-09-14,21.51127243051992,0
2006-09-15,21.28603172312246,0
2006-09-18,21.28603172312246,1
2006-09-19,20.929386139016014,1
2006-09-20,21.192178726296287,1
2006-09-21,21.07016563425527,1
2006-09-22,20.779218673806053,1
2006-09-25,21.361114502053123,1
2006-09-26,21.81161308298574,1
2006-09-27,21.61451721201406,0
2006-09-28,21.952396392922264,0
2006-09-29,21.84915542612539,0
2006-10-02,21.64267349253164,0
2006-10-03,21.745916366677147,0
2006-10-04,22.12132453928457,0
2006-10-05,22.05563163767324,0
2006-10-06,21.896081924538475,0
2006-10-09,22.05563163767324,0
2006-10-10,21.980543136696678,0
2006-10-11,22.13071250925527,0
2006-10-12,22.78769493113027,0
2006-10-13,22.759525299172264,0
2006-10-16,22.79707336435781,0
2006-10-17,22.402891159157615,1
2006-10-18,21.145254135231834,0
2006-10-19,21.248485565285545,0
2006-10-20,21.332960128884178,1
2006-10-23,21.26725959787832,1
2006-10-24,20.929386139016014,1
2006-10-25,21.145254135231834,1
2006-10-26,21.539440155129295,1
2006-10-27,21.41742134104238,1
2006-10-30,21.52066612253652,1
2006-10-31,21.43619346628652,1
2006-11-01,21.248485565285545,1
2006-11-02,21.633283615212303,1
2006-11-03,21.48312187204824,1
2006-11-06,21.91485595713125,1
2006-11-07,22.05563163767324,1
2006-11-08,21.980543136696678,1
2006-11-09,21.81161308298574,1
2006-11-10,21.980543136696678,1
2006-11-13,22.10256004343496,1
2006-11-14,22.99417495737539,1
2006-11-15,23.210025787453514,0
2006-11-16,22.98478317270742,0
2006-11-17,23.303878784279686,0
2006-11-20,23.688684463600975,0
2006-11-21,23.92331504831777,1
2006-11-22,24.242422103981834,0
2006-11-24,23.87639808664785,0
2006-11-27,23.097408294777733,0
2006-11-28,23.153718948464256,1
2006-11-29,23.332044601540428,0
2006-11-30,23.369586944680076,0
2006-12-01,23.256956100563865,0
2006-12-04,23.454051971535545,0
2006-12-05,23.557294845681053,0
2006-12-06,23.56667137155996,0
2006-12-07,23.810699462990623,0
2006-12-08,23.604209900002342,0
2006-12-11,23.669918060402733,0
2006-12-12,23.491580963234764,1
2006-12-13,23.48220634470449,1
2006-12-14,23.435281753640037,1
2006-12-15,23.59483528147207,1
2006-12-18,23.313272476296287,1
2006-12-19,22.98478317270742,1
2006-12-20,22.834613800148826,1
2006-12-21,22.506122589211326,1
2006-12-22,22.506122589211326,1
2006-12-26,22.844005584816795,1
2006-12-27,23.125566482643944,0
2006-12-28,23.14433479319082,0
2006-12-29,23.11617851267324,0
2007-01-03,22.872150421242576,0
2007-01-04,23.125566482643944,1
2007-01-05,23.228799820046287,1
2007-01-08,23.491580963234764,1
2007-01-09,23.238185882668358,1
2007-01-10,23.163103103737694,1
2007-01-11,22.947242736916404,1
2007-01-12,23.19125747690664,1
2007-01-16,22.656295776467186,1
2007-01-17,24.67414855967031,1
2007-01-18,23.632369995217186,1
2007-01-19,23.651147842507225,1
2007-01-22,23.585441589455467,1
2007-01-23,23.61360168467031,1
2007-01-24,23.979639053444725,1
2007-01-25,23.454051971535545,0
2007-01-26,23.79191970835195,0
2007-01-29,23.407131195168358,0
2007-01-30,23.763765335183006,0
2007-01-31,23.91392707834707,0
2007-02-01,23.79191970835195,0
2007-02-02,23.80131149301992,0
2007-02-05,23.632369995217186,0
2007-02-06,23.698072433571678,0
2007-02-07,24.082881927590233,0
2007-02-08,24.139186859230858,0
2007-02-09,23.62298774729238,0
2007-02-12,23.238185882668358,1
2007-02-13,23.350820541481834,1
2007-02-14,24.401975631813865,0
2007-02-15,24.242422103981834,0
2007-02-16,24.43951606760488,0
2007-02-20,24.20488166819082,0
2007-02-21,23.95147895822988,0
2007-02-22,23.942089080910545,0
2007-02-23,24.176723480324608,0
2007-02-26,23.84824180613027,0
2007-02-27,22.966012954811912,0
2007-02-28,23.069252014260154,0
2007-03-01,22.393503189186912,1
2007-03-02,21.886690139870506,1
2007-03-05,21.50189399729238,1
2007-03-06,21.736528396706444,1
2007-03-07,21.6239013672875,1
2007-03-08,21.91485595713125,1
2007-03-09,21.83976936350332,1
2007-03-12,22.25272178659902,1
2007-03-13,21.48312187204824,1
2007-03-14,21.61451721201406,1
2007-03-15,21.83976936350332,1
2007-03-16,22.224561691384178,1
2007-03-19,22.12132453928457,1
2007-03-20,22.53428840647207,1
2007-03-21,23.134941101174217,1
2007-03-22,22.90969657907949,1
2007-03-23,23.134941101174217,1
2007-03-26,23.341426849465233,1
2007-03-27,22.90969657907949,1
2007-03-28,22.750144958596092,1
2007-03-29,23.134941101174217,1
2007-03-30,23.228799820046287,1
2007-04-02,23.341426849465233,1
2007-04-03,23.50097846994863,1
2007-04-04,23.669918060402733,1
2007-04-05,24.101642608742576,1
2007-04-09,24.007783889870506,1
2007-04-10,24.064100265602928,1
2007-04-11,23.716835022072654,1
2007-04-12,24.30812072763906,1
2007-04-13,24.19548988352285,1
2007-04-16,24.448905944924217,0
2007-04-17,24.49582481394277,0
2007-04-18,25.725305557350975,0
2007-04-19,25.67838096628652,0
2007-04-20,26.09134292612539,1
2007-04-23,25.800394058327537,1
2007-04-24,26.194580078225,1
2007-04-25,26.016262054543358,1
2007-04-26,25.83793830881582,0
2007-04-27,25.63145637522207,0
2007-04-30,25.575143814186912,0
2007-05-01,25.725305557350975,0
2007-05-02,25.5469913483666,0
2007-05-03,25.612688064675194,0
2007-05-04,25.753475189308983,0
2007-05-07,25.59391403208242,0
2007-05-08,25.143423080544334,0
2007-05-09,25.021406173806053,0
2007-05-10,24.04532241831289,0
2007-05-11,24.458282470803123,0
2007-05-14,24.345666885475975,0
2007-05-15,24.14856719980703,0
2007-05-16,23.84824180613027,0
2007-05-17,23.93270683298574,0
2007-05-18,23.942089080910545,0
2007-05-21,23.763765335183006,0
2007-05-22,23.80131149301992,0
2007-05-23,23.444665908913475,0
2007-05-24,23.238185882668358,0
2007-05-25,23.219419479470115,0
2007-05-29,23.285112381081444,0
2007-05-30,23.17248725901113,0
2007-05-31,24.186119079689842,0
2007-06-01,24.645992279152733,1
2007-06-04,24.242422103981834,1
2007-06-05,23.763765335183006,1
2007-06-06,23.463436126808983,1
2007-06-07,23.538518905739647,1
2007-06-08,24.111032486061912,1
2007-06-11,23.95147895822988,1
2007-06-12,23.50097846994863,1
2007-06-13,23.95147895822988,1
2007-06-14,24.101642608742576,1
2007-06-15,25.01201820383535,1
2007-06-18,25.53760528574453,1
2007-06-19,25.490680694680076,1
2007-06-20,25.171575546364647,1
2007-06-21,25.753475189308983,1
2007-06-22,26.194580078225,1
2007-06-25,25.7910099030541,1
2007-06-26,25.45314025888906,1
2007-06-27,25.8754768372582,1
2007-06-28,25.884870529274803,1
2007-06-29,25.76285934458242,1
2007-07-02,26.466758728127342,1
2007-07-03,26.45737266550527,1
2007-07-05,26.372901916603904,1
2007-07-06,26.419824600319725,1
2007-07-09,26.541841507058006,1
2007-07-10,26.166421890358787,1
2007-07-11,25.96933555613027,1
2007-07-12,26.776473999123436,1
2007-07-13,26.879711151223045,1
2007-07-16,26.870323181252342,1
2007-07-17,28.071651458840233,1
2007-07-18,27.43345260630117,1
2007-07-19,28.49400520334707,1
2007-07-20,28.40953254709707,1
2007-07-23,28.531534195046287,1
2007-07-24,28.34383964548574,1
2007-07-25,28.71925354013906,0
2007-07-26,28.16550827036367,1
2007-07-27,27.461606979470115,0
2007-07-30,28.043497085671287,0
2007-07-31,27.743160247902733,0
2007-08-01,27.893337249855858,0
2007-08-02,27.686859130959373,0
2007-08-03,27.095586776833397,0
2007-08-06,27.53668975840078,1
2007-08-07,27.442834854225975,0
2007-08-08,27.724397659401756,0
2007-08-09,26.992347717385154,0
2007-08-10,26.372901916603904,0
2007-08-13,26.476139068703514,1
2007-08-14,26.494913101296287,1
2007-08-15,25.049564361672264,0
2007-08-16,25.002634048561912,1
2007-08-17,25.04018211374746,1
2007-08-20,25.772239685158592,1
2007-08-21,26.21335411081777,1
2007-08-22,26.635694503884178,1
2007-08-23,26.645072937111717,1
2007-08-24,27.095586776833397,1
2007-08-27,27.104963302712303,1
2007-08-28,26.5230598450707,1
2007-08-29,27.452232360939842,1
2007-08-30,27.43345260630117,1
2007-08-31,27.84641075144277,1
2007-09-04,28.71925354013906,1
2007-09-05,28.681705474953514,0
2007-09-06,29.526390075783592,1
2007-09-07,28.73801040659414,1
2007-09-10,28.70048141489492,1
2007-09-11,28.92572212229238,1
2007-09-12,28.897562027077537,1
2007-09-13,28.30628967295156,1
2007-09-14,28.203046798806053,1
2007-09-17,27.743160247902733,1
2007-09-18,29.11343193064199,1
2007-09-19,29.132207870583397,0
2007-09-20,29.404382705788475,0
2007-09-21,30.014436721901756,0
2007-09-24,30.20213508615957,0
2007-09-25,30.999891281227928,0
2007-09-26,30.699554443459373,0
2007-09-27,30.418001175026756,0
2007-09-28,30.840337753395897,1
2007-10-01,30.88778495798574,1
2007-10-02,30.688976287941795,1
2007-10-03,29.848548889260154,1
2007-10-04,29.36959648142324,1
2007-10-05,29.396707534890037,1
2007-10-08,29.23405075083242,1
2007-10-09,28.84546661386953,1
2007-10-10,28.438808441262108,1
2007-10-11,27.74298286447988,1
2007-10-12,28.158674240212303,1
2007-10-15,28.48398971567617,1
2007-10-16,29.143688202004295,1
2007-10-17,31.45710754404531,0
2007-10-18,32.03546142588125,0
2007-10-19,30.90585899363027,0
2007-10-22,31.439029693703514,0
2007-10-23,32.017375946144924,0
2007-10-24,32.342708587746486,1
2007-10-25,31.77339172373281,0
2007-10-26,31.131784439186912,0
2007-10-29,31.8547248841332,1
2007-10-30,31.710128784279686,1
2007-10-31,31.556509018044334,1
2007-11-01,30.851627349953514,1
2007-11-02,31.321544647316795,0
2007-11-05,31.20406913767324,0
2007-11-06,31.077558517556053,0
2007-11-07,30.779340744118553,0
2007-11-08,30.77030563364492,0
2007-11-09,30.38171577463613,0
2007-11-12,30.074480056862694,0
2007-11-13,30.20099639902578,0
2007-11-14,30.417865753273826,0
2007-11-15,29.821441650490623,0
2007-11-16,29.848548889260154,1
2007-11-19,29.1075382233666,1
2007-11-20,29.812397003273826,0
2007-11-21,30.047361374001365,0
2007-11-23,30.10157775888906,0
2007-11-26,29.88469886789785,1
2007-11-27,29.966022491555076,0
2007-11-28,31.402885437111717,0
2007-11-29,30.82451820383535,0
2007-11-30,31.402885437111717,0
2007-12-03,30.61668586740957,0
2007-12-04,30.210027694802147,0
2007-12-05,31.402885437111717,0
2007-12-06,31.61072540293203,0
2007-12-07,31.429983139138084,0
2007-12-10,31.78243064890371,1
2007-12-11,30.336538314919334,1
2007-12-12,31.05045700083242,0
2007-12-13,31.37577438364492,1
2007-12-14,30.923927307228904,1
2007-12-17,29.866622924904686,0
2007-12-18,29.70396614084707,1
2007-12-19,29.324419021706444,0
2007-12-20,28.88160705576406,0
2007-12-21,28.872575759987694,0
2007-12-24,28.999090194802147,0
2007-12-26,28.99005317697988,0
2007-12-27,28.402667999367576,1
2007-12-28,28.547245025734764,0
2007-12-31,28.27615165720449,0
2008-01-02,27.53512954721914,0
2008-01-03,27.065210342507225,1
2008-01-04,25.51088523874746,1
2008-01-07,25.456668853859764,1
2008-01-08,25.176527023415428,1
2008-01-09,25.565116882424217,0
2008-01-10,25.095186233620506,-1
2008-01-11,24.290916442971092,0
2008-01-14,25.565116882424217,0
2008-01-15,24.90542411814199,1
2008-01-16,23.13421058664785,1
2008-01-17,23.161319732766014,0
2008-01-18,23.46857452402578,1
2008-01-22,23.05287742624746,1
2008-01-23,23.875226974587303,0
2008-01-24,25.953685760598045,1
2008-01-25,24.878314972023826,1
2008-01-28,25.01385498056875,1
2008-01-29,24.688533783058983,1
2008-01-30,24.028848648171287,1
2008-01-31,24.028848648171287,1
2008-02-01,25.257863998513084,1
2008-02-04,24.164405822853904,0
2008-02-05,22.77273941050039,1
2008-02-06,22.77273941050039,1
2008-02-07,22.6733283997582,1
2008-02-08,22.438379287819725,1
2008-02-11,22.564889907936912,1
2008-02-12,22.031721115212303,1
2008-02-13,23.631238937477928,1
2008-02-14,22.96251106272207,1
2008-02-15,22.34800910959707,0
2008-02-19,22.375120163063865,1
2008-02-20,22.50163650522695,0
2008-02-21,22.28474998484121,0
2008-02-22,22.447410583596092,0
2008-02-25,22.375120163063865,0
2008-02-26,22.83600044260488,0
2008-02-27,23.07095718393789,0
2008-02-28,22.601036071877342,0
2008-02-29,21.7606143952416,0
2008-03-03,21.78772735605703,1
2008-03-04,21.245523452858787,1
2008-03-05,21.579879760842186,1
2008-03-06,21.381069183449608,0
2008-03-07,21.53469657907949,1
2008-03-10,21.39914321909414,-1
2008-03-11,21.950384140114647,1
2008-03-12,21.525659561257225,0
2008-03-13,21.53469657907949,1
2008-03-14,20.522575378517967,1
2008-03-17,20.088811874489647,1
2008-03-18,21.055744171242576,1
2008-03-19,20.19725227365957,1
2008-03-20,20.784646988015037,1
2008-03-24,21.507585525612694,1
2008-03-25,21.679285049538475,1
2008-03-26,21.63410186777578,1
2008-03-27,21.26359176645742,1
2008-03-28,21.561807632546287,1
2008-03-31,22.420305252175194,1
2008-04-01,23.45953369150625,1
2008-04-02,24.03789711008535,1
2008-04-03,23.685451507668358,1
2008-04-04,23.69449234018789,1
2008-04-07,24.089563369850975,1
2008-04-08,22.705427169899803,1
2008-04-09,22.641262054543358,1
2008-04-10,22.77876281748281,1
2008-04-11,21.981273651223045,1
2008-04-14,22.0179328919457,1
2008-04-15,22.457931518654686,1
2008-04-16,24.95121955881582,1
2008-04-17,25.46454048166738,1
2008-04-18,25.913702011208397,1
2008-04-21,25.427869796852928,1
2008-04-22,25.308712005715233,1
2008-04-23,27.022840499977928,1
2008-04-24,26.8028564454125,1
2008-04-25,26.940353393654686,1
2008-04-28,26.188692092995506,0
2008-04-29,25.803701400856834,1
2008-04-30,25.996198654274803,1
2008-05-01,26.509531021218162,0
2008-05-02,27.12367820749746,0
2008-05-05,26.436180114846092,0
2008-05-06,27.206180572609764,0
2008-05-07,27.142011642556053,0
2008-05-08,27.05035400400625,0
2008-05-09,26.720355987648826,0
2008-05-12,26.848684311013084,0
2008-05-13,26.73868942270742,0
2008-05-14,26.95868110666738,0
2008-05-15,27.646175384621483,0
2008-05-16,27.774501800637108,0
2008-05-19,27.325349807839256,0
2008-05-20,27.444498062233787,0
2008-05-21,27.05035400400625,0
2008-05-22,27.26117706308828,0
2008-05-23,26.62869071970449,0
2008-05-27,27.09617805490957,1
2008-05-28,27.215345382790428,0
2008-05-29,27.151182174782615,0
2008-05-30,27.462841034035545,0
2008-06-02,26.711181640725,0
2008-06-03,26.87618064890371,0
2008-06-04,26.91284942636953,0
2008-06-05,26.766185760598045,0
2008-06-06,25.638711929421287,0
2008-06-09,25.45536994944082,0
2008-06-10,24.722059249977928,1
2008-06-11,24.529560089211326,1
2008-06-12,24.850387573342186,1
2008-06-13,25.006210327248436,1
2008-06-16,25.629543304543358,1
2008-06-17,25.565372467141014,0
2008-06-18,24.667057037453514,1
2008-06-19,23.89706802378164,1
2008-06-20,22.74209404001699,1
2008-06-23,22.36626625071035,1
2008-06-24,22.870418548683983,1
2008-06-25,22.916257858376365,0
2008-06-26,22.21043014536367,1
2008-06-27,22.531261444191795,1
2008-06-30,22.36626625071035,1
2008-07-01,22.421260833840233,1
2008-07-02,21.52294921885,1
2008-07-03,21.862104415993553,1
2008-07-07,21.843774795632225,1
2008-07-08,21.009622573952537,1
2008-07-09,20.752960205178123,0
2008-07-10,20.899623870949608,1
2008-07-11,20.78962707529531,1
2008-07-14,20.98212432871328,1
2008-07-15,21.632946014504295,1
2008-07-16,20.835458755593162,1
2008-07-17,21.357948303322654,1
2008-07-18,21.568778991799217,1
2008-07-21,21.75211143503652,1
2008-07-22,21.26628303537832,1
2008-07-23,21.137950897316795,1
2008-07-24,20.459632873635154,1
2008-07-25,20.98212432871328,1
2008-07-28,20.61546516428457,1
2008-07-29,21.192955017189842,1
2008-07-30,21.568778991799217,1
2008-07-31,20.890459060768944,1
2008-08-01,20.57879829416738,1
2008-08-04,20.807960510353904,1
2008-08-05,22.063772201638084,1
2008-08-06,22.182933807473045,0
2008-08-07,22.164604187111717,1
2008-08-08,21.981273651223045,1
2008-08-11,22.44876480112539,1
2008-08-12,22.76042556772695,1
2008-08-13,23.09958267221914,1
2008-08-14,22.577091217141014,0
2008-08-15,22.595428466896873,1
2008-08-18,22.027109146218162,1
2008-08-19,21.449617385964256,1
2008-08-20,21.202119827370506,1
2008-08-21,21.66961097727285,1
2008-08-22,21.6146183014916,1
2008-08-25,21.38545227060781,1
2008-08-26,21.75211143503652,1
2008-08-27,22.192102432350975,-1
2008-08-28,22.467092514138084,1
2008-08-29,21.67877960215078,-1
2008-09-02,21.990436554055076,0
2008-09-03,21.16545295725332,1
2008-09-04,20.129638671975,1
2008-09-05,20.06547164926992,1
2008-09-08,19.863809585671287,1
2008-09-09,19.203821182350975,-1
2008-09-10,19.350482940773826,-1
2008-09-11,19.25881767282949,-1
2008-09-12,18.37883377085195,-1
2008-09-15,18.094671249489647,-1
2008-09-16,18.87382698069082,-1
2008-09-17,17.56301689157949,-1
2008-09-18,18.351337432961326,-1
2008-09-19,19.304651260475975,-1
2008-09-22,18.204675674538475,1
2008-09-23,17.434690475563865,1
2008-09-24,17.205524444680076,-1
2008-09-25,17.24219512949453,-1
2008-09-26,17.095533371071678,1
2008-09-29,14.932228088478906,1
2008-09-30,16.14221382151113,1
2008-10-01,16.362207412819725,1
2008-10-02,15.583051681618555,1
2008-10-03,15.37222671518789,1
2008-10-06,14.739736557106836,1
2008-10-07,13.942254066567285,1
2008-10-08,14.253910064797266,1
2008-10-09,13.438090324501855,1
2008-10-10,13.548089027504785,1
2008-10-13,14.785567283730371,1
2008-10-14,13.410590171913965,1
2008-10-15,13.603089332680566,1
2008-10-16,14.373075485329492,1
2008-10-17,14.04308032999502,1
2008-10-20,15.628885269265039,1
2008-10-21,14.501407623391016,1
2008-10-22,13.364754676918848,1
2008-10-23,13.988081932167871,1
2008-10-24,14.363909721474512,1
2008-10-27,14.363909721474512,1
2008-10-28,15.4913911820458,1
2008-10-29,15.216390609841211,1
2008-10-30,15.601384163002832,1
2008-10-31,16.087209701638084,1
2008-11-03,16.224708557228904,1
2008-11-04,17.26968956003652,1
2008-11-05,15.903882026772363,1
2008-11-06,14.418909072975977,1
2008-11-07,15.188897132973535,1
2008-11-10,15.042227745156152,1
2008-11-11,14.345571518044336,1
2008-11-12,13.483925819496973,1
2008-11-13,14.638904571633203,1
2008-11-14,13.813913345436914,1
2008-11-17,13.28226089487539,1
2008-11-18,13.337262153725488,1
2008-11-19,12.154784202675684,1
2008-11-20,11.604793548683984,1
2008-11-21,12.631441116433008,1
2008-11-24,13.749749183754785,1
2008-11-25,13.648918151955469,1
2008-11-26,14.373075485329492,1
2008-11-28,14.052250862221582,1
2008-12-01,12.603941917519434,1
2008-12-02,12.998099327187402,1
2008-12-03,13.227261543373926,1
2008-12-04,12.888101577858789,1
2008-12-05,12.988937378029688,1
2008-12-08,13.254765510659082,1
2008-12-09,13.548089027504785,1
2008-12-10,14.721405983071191,1
2008-12-11,14.55640697489248,1
2008-12-12,15.06972599039541,1
2008-12-15,15.399724006752832,1
2008-12-16,15.958881378273828,1
2008-12-17,15.894713401894434,1
2008-12-18,15.69305419931875,1
2008-12-19,15.968047142128809,1
2008-12-22,15.76638412485586,0
2008-12-23,15.903882026772363,0
2008-12-24,15.940545082192285,0
2008-12-26,16.013877868752342,0
2008-12-29,15.74804973612295,0
2008-12-30,16.408039093117576,1
2008-12-31,16.563869476418358,0
2009-01-02,16.68303298960195,0
2009-01-05,16.609703064064842,0
2009-01-06,17.003858566384178,0
2009-01-07,16.252210617165428,1
2009-01-08,16.38054084787832,1
2009-01-09,15.473052024941309,1
2009-01-12,14.895564079384668,1
2009-01-13,15.014727592568262,1
2009-01-14,14.272244453530176,1
2009-01-15,15.16139030466543,1
2009-01-16,15.317227363686426,1
2009-01-20,14.620569229225977,1
2009-01-21,15.179725647072656,1
2009-01-22,14.602238655190332,1
2009-01-23,14.868071556191309,1
2009-01-26,14.904729843239648,1
2009-01-27,15.601384163002832,1
2009-01-28,16.453874588112694,1
2009-01-29,15.280562400917871,1
2009-01-30,15.16139030466543,1
2009-02-02,15.298890113930566,1
2009-02-03,15.775553703408105,1
2009-02-04,15.61054801950918,1
2009-02-05,15.922211647133691,1
2009-02-06,16.774698257546287,1
2009-02-09,17.0313606263207,1
2009-02-10,15.949715614418848,1
2009-02-11,15.784713745217188,1
2009-02-12,15.784713745217188,1
2009-02-13,16.261375427346092,1
2009-02-17,14.959733009438379,1
2009-02-18,14.767231941323145,1
2009-02-19,14.373075485329492,1
2009-02-20,14.189749717812402,1
2009-02-23,13.493091583351953,1
2009-02-24,14.098075866799219,1
2009-02-25,14.263080597023828,1
2009-02-26,14.134748458962305,1
2009-02-27,13.86892032633291,1
2009-03-02,13.089768409829004,1
2009-03-03,13.117268562416895,1
2009-03-04,14.30890941629873,1
2009-03-05,13.447254181008203,1
2009-03-06,13.410590171913965,1
2009-03-09,13.13559627542959,1
2009-03-10,14.418909072975977,1
2009-03-11,14.987235069374902,1
2009-03-12,15.005563736061914,1
2009-03-13,15.298890113930566,1
2009-03-16,15.179725647072656,1
2009-03-17,15.76638412485586,1
2009-03-18,16.34387397776113,1
2009-03-19,16.30720520029531,1
2009-03-20,15.4913911820458,1
2009-03-23,16.453874588112694,1
2009-03-24,15.683881759743555,1
2009-03-25,15.986382484536035,1
2009-03-26,16.69219970713125,1
2009-03-27,15.986382484536035,1
2009-03-30,15.893271446328027,1
2009-03-31,16.302942276100975,1
2009-04-01,16.545022964577537,1
2009-04-02,17.131591796975,1
2009-04-03,17.671602249245506,1
2009-04-06,17.699537277321678,1
2009-04-07,16.79640769968496,1
2009-04-08,17.15020942697988,1
2009-04-09,17.848508834938865,1
2009-04-13,18.090585708718162,1
2009-04-14,18.239553451638084,1
2009-04-15,18.239553451638084,1
2009-04-16,18.667842865090233,1
2009-04-17,19.26372718821035,1
2009-04-20,17.87644004831777,1
2009-04-21,18.1557559968041,1
2009-04-22,18.63991355905996,1
2009-04-23,18.965782165627342,1
2009-04-24,18.71439743051992,1
2009-04-27,18.13713455210195,1
2009-04-28,17.97885704050527,1
2009-04-29,18.351284027199608,1
2009-04-30,19.692012786965233,1
2009-05-01,19.719949722390037,0
2009-05-04,20.595146179299217,1
2009-05-05,20.008577346901756,1
2009-05-06,19.664081573586326,1
2009-05-07,18.47232437143789,1
2009-05-08,18.37921333322988,1
2009-05-11,17.848508834938865,1
2009-05-12,17.811269760231834,1
2009-05-13,17.196762085060936,1
2009-05-14,17.801950454811912,1
2009-05-15,17.839195251564842,1
2009-05-18,18.602674484352928,1
2009-05-19,18.928544998268944,1
2009-05-20,18.89129638681875,1
2009-05-21,18.500253677468162,1
2009-05-22,18.453699112038475,1
2009-05-26,19.04958152780996,1
2009-05-27,18.751638412575584,1
2009-05-28,18.816816330056053,1
2009-05-29,19.273035049538475,1
2009-06-01,20.334451675515037,1
2009-06-02,20.259960174660545,1
2009-06-03,19.53373336801992,1
2009-06-04,19.775814056496483,1
2009-06-05,19.105447769265037,1
2009-06-08,19.058889389138084,1
2009-06-09,19.459251403908592,1
2009-06-10,19.896848678688865,1
2009-06-11,19.766502380471092,1
2009-06-12,19.81305694590078,1
2009-06-15,19.37545585642324,1
2009-06-16,19.254421234230858,1
2009-06-17,19.20786094675527,1
2009-06-18,18.928544998268944,1
2009-06-19,19.254421234230858,1
2009-06-22,18.71439743051992,1
2009-06-23,18.667842865090233,1
2009-06-24,19.198553085427147,1
2009-06-25,19.626842498879295,1
2009-06-26,19.906160354714256,1
2009-06-29,20.008577346901756,1
2009-06-30,20.157548904518944,1
2009-07-01,20.73480987558828,1
2009-07-02,20.54859924326406,1
2009-07-06,20.334451675515037,1
2009-07-07,20.01789093027578,1
2009-07-08,19.747886657814842,1
2009-07-09,20.17616844187246,1
2009-07-10,19.775814056496483,1
2009-07-13,20.47410774240957,1
2009-07-14,20.483423233132225,1
2009-07-15,21.777605056862694,1
2009-07-16,21.824155807595115,1
2009-07-17,22.16864776621328,1
2009-07-20,22.373483657936912,1
2009-07-21,22.233821868996483,1
2009-07-22,22.67142868051992,1
2009-07-23,22.792459488015037,1
2009-07-24,22.764530181984764,1
2009-07-27,22.44796562204824,1
2009-07-28,22.680736541848045,1
2009-07-29,22.922809600930076,1
2009-07-30,23.537309646706444,1
2009-07-31,24.21699523935781,1
2009-08-03,24.57080078135,1
2009-08-04,24.533554077248436,1
2009-08-05,23.658351898293358,1
2009-08-06,23.444206237892967,1
2009-08-07,23.91904830942617,1
2009-08-10,23.77008247385488,1
2009-08-11,23.518693924050194,1
2009-08-12,24.095951080422264,1
2009-08-13,24.226297378640037,1
2009-08-14,23.80731391916738,1
2009-08-17,23.276609420876365,1
2009-08-18,23.732839584450584,1
2009-08-19,24.18906784067617,1
2009-08-20,24.356651306252342,1
2009-08-21,25.045639038185936,1
2009-08-24,24.961843490700584,1
2009-08-25,25.148056030373436,1
2009-08-26,25.594966888527733,1
2009-08-27,25.948774337868553,1
2009-08-28,26.041875839333397,1
2009-08-31,25.576347351174217,1
2009-09-01,24.794248581032615,1
2009-09-02,24.51492881784902,1
2009-09-03,25.20392036447988,1
2009-09-04,25.902219772438865,1
2009-09-08,26.4794921876,1
2009-09-09,27.36398696909414,0
2009-09-10,27.70848274240957,1
2009-09-11,27.354679107766014,0
2009-09-14,27.44778823862539,0
2009-09-15,27.931941986183983,1
2009-09-16,28.22056770334707,1
2009-09-17,27.038108825783592,0
2009-09-18,27.308132171730858,0
2009-09-21,27.475719452004295,0
2009-09-22,27.885385513405662,0
2009-09-23,27.57813262949453,0
2009-09-24,27.27087593088613,0
2009-09-25,27.047422409157615,0
2009-09-28,27.5036506653832,0
2009-09-29,27.066053390602928,1
2009-09-30,27.531578064064842,1
2009-10-01,26.358444213967186,1
2009-10-02,26.29326057444082,1
2009-10-05,26.851900100808006,1
2009-10-06,27.85745048532949,1
2009-10-07,27.373300552468162,1
2009-10-08,27.62467575083242,0
2009-10-09,28.31368064890371,0
2009-10-12,29.226118087868553,0
2009-10-13,29.468196868996483,1
2009-10-14,28.86299705515371,1
2009-10-15,28.155391693215233,1
2009-10-16,27.4384765626,1
2009-10-19,27.652626037697654,1
2009-10-20,27.4012336731957,1
2009-10-21,27.959863662819725,1
2009-10-22,28.695413589577537,1
2009-10-23,27.969175338845115,1
2009-10-26,27.26157188425527,1
2009-10-27,26.274642944435936,1
2009-10-28,24.83149719248281,1
2009-10-29,25.995326995949608,1
2009-10-30,25.0828857422875,1
2009-11-02,25.2877197266625,1
2009-11-03,25.594966888527733,1
2009-11-04,26.004634857277733,1
2009-11-05,26.851900100808006,1
2009-11-06,26.693620681862694,1
2009-11-09,27.48503303537832,1
2009-11-10,26.83328056345449,1
2009-11-11,27.633996963600975,1
2009-11-12,27.45708656321035,1
2009-11-13,28.388160705666404,1
2009-11-16,29.26336097727285,1
2009-11-17,29.81269073496328,1
2009-11-18,29.663713455300194,1
2009-11-19,28.192636489968162,1
2009-11-20,28.052974701027733,1
2009-11-23,28.648849487404686,1
2009-11-24,28.92817687998281,1
2009-11-25,29.375093460183006,1
2009-11-27,28.825763702492576,1
2009-11-30,28.853694915871483,1
2009-12-01,29.756818771462303,1
2009-12-02,30.45512008676992,1
2009-12-03,30.56685447702871,0
2009-12-04,30.687883377175194,1
2009-12-07,30.39925956736074,1
2009-12-08,29.980281829933983,1
2009-12-09,29.980281829933983,1
2009-12-10,29.868553161721092,1
2009-12-11,30.26890754709707,1
2009-12-14,31.19998550425039,1
2009-12-15,30.94858932505117,1
2009-12-16,31.36756896982656,1
2009-12-17,30.72513198862539,0
2009-12-18,31.116172790627342,0
2009-12-21,31.55377388010488,0
2009-12-22,32.280010223488674,1
2009-12-23,32.075183868508205,0
2009-12-24,32.19621276865469,0
2009-12-28,31.935516357521873,0
2009-12-29,31.935516357521873,0
2009-12-30,32.075183868508205,0
2009-12-31,31.73999214182363,0
2010-01-04,32.27069854746328,0
2010-01-05,32.522083282570705,0
2010-01-06,32.820030212502346,0
2010-01-07,31.9075813294457,0
2010-01-08,31.144109726052147,0
2010-01-11,30.483062744240623,1
2010-01-12,30.529607772927147,1
2010-01-13,31.37688064585195,1
2010-01-14,31.162731170754295,0
2010-01-15,30.473739624123436,0
2010-01-19,30.492368698220115,1
2010-01-20,30.911338806252342,0
2010-01-21,30.883415222267967,0
2010-01-22,29.54268455515371,0
2010-01-25,30.073383331398826,0
2010-01-26,30.13855743418203,0
2010-01-27,30.315462112526756,0
2010-01-28,29.71957969675527,0
2010-01-29,29.095775604348045,0
2010-02-01,29.756818771462303,0
2010-02-02,30.26890754709707,1
2010-02-03,30.38995552072988,0
2010-02-04,28.89093780527578,0
2010-02-05,28.93748664865957,1
2010-02-08,28.47195243845449,1
2010-02-09,29.300603866677147,1
2010-02-10,29.319225311379295,1
2010-02-11,29.412330627541404,1
2010-02-12,29.281978607277733,1
2010-02-16,29.93372344980703,1
2010-02-17,29.56130027780996,1
2010-02-18,29.877866745095115,1
2010-02-19,29.607852935891014,1
2010-02-22,29.81269073496328,1
2010-02-23,28.704717636208397,1
2010-02-24,28.872312545876365,1
2010-02-25,28.59299278269277,1
2010-02-26,28.704717636208397,1
2010-03-01,29.36577796946035,1
2010-03-02,30.650653839211326,1
2010-03-03,31.023069381813865,0
2010-03-04,30.72513198862539,0
2010-03-05,31.479288101296287,0
2010-03-08,31.991386413674217,0
2010-03-09,31.70274543772207,1
2010-03-10,32.11241149912344,1
2010-03-11,32.10309600840078,1
2010-03-12,32.06585693369375,0
2010-03-15,31.18136405954824,0
2010-03-16,31.833101272683006,1
2010-03-17,32.13104248056875,1
2010-03-18,31.693433761696678,1
2010-03-19,31.302387237648826,1
2010-03-22,32.12172317514883,1
2010-03-23,32.95969009409414,0
2010-03-24,32.42897415171133,0
2010-03-25,32.708301544289455,0
2010-03-26,33.142879486183986,0
2010-03-29,33.37752914438711,0
2010-03-30,33.00209426889883,0
2010-03-31,33.22735595713125,0
2010-04-01,33.46201324472891,0
2010-04-05,33.77176666269766,0
2010-04-06,33.649742126564846,0
2010-04-07,33.68729019175039,0
2010-04-08,33.29306411753164,0
2010-04-09,33.75299072275625,0
2010-04-12,33.65912628183828,0
2010-04-13,33.78114700327383,0
2010-04-14,32.88945770273672,0
2010-04-15,32.786209106545314,1
2010-04-16,32.476463317971096,0
2010-04-19,32.59848022470938,0
2010-04-20,33.630977630715236,0
2010-04-21,33.34000015268789,0
2010-04-22,33.499561309914455,0
2010-04-23,33.45262908945547,0
2010-04-26,33.37752914438711,0
2010-04-27,31.56599426279531,0
2010-04-28,30.99342918405996,0
2010-04-29,31.275016784767967,0
2010-04-30,30.655529022316795,1
2010-05-03,31.237478256325584,0
2010-05-04,30.261301040749412,0
2010-05-05,29.322669983010154,1
2010-05-06,28.562389373879295,1
2010-05-07,27.79271125803457,1
2010-05-10,29.64180564890371,1
2010-05-11,28.93783378611074,0
2010-05-12,29.829532623391014,0
2010-05-13,28.731340408425194,0
2010-05-14,28.083683014016014,0
2010-05-17,28.290184021096092,0
2010-05-18,26.769609451393944,1
2010-05-19,27.051198959450584,0
2010-05-20,26.34723091135488,1
2010-05-21,27.126291275124412,1
2010-05-24,26.30029487619863,1
2010-05-25,26.037485122780662,1
2010-05-26,25.849754333596092,1
2010-05-27,27.15445518503652,1
2010-05-28,26.525571823220115,1
2010-06-01,26.37539482126699,1
2010-06-02,27.48297309885488,1
2010-06-03,27.914731979470115,1
2010-06-04,26.243984222512108,1
2010-06-07,25.474302291970115,1
2010-06-08,26.11257743845449,1
2010-06-09,26.028099060158592,1
2010-06-10,27.389104843239647,0
2010-06-11,27.63315391550527,1
2010-06-14,28.205715179543358,1
2010-06-15,29.031702041725975,1
2010-06-16,28.693798065285545,1
2010-06-17,29.106788635353904,1
2010-06-18,29.012931823830467,1
2010-06-21,28.8345947266625,1
2010-06-22,28.083683014016014,1
2010-06-23,28.252635955910545,1
2010-06-24,27.661308288674217,1
2010-06-25,27.82086944590078,1
2010-06-28,27.511119842629295,1
2010-06-29,26.046873092751365,1
2010-06-30,25.7840576172875,1
2010-07-01,26.225210189919334,1
2010-07-02,26.356624603371483,1
2010-07-06,26.91980743418203,1
2010-07-07,27.764553070168358,1
2010-07-08,28.205715179543358,1
2010-07-09,28.44975471506582,1
2010-07-12,28.43098449717031,1
2010-07-13,29.35083770761953,0
2010-07-14,29.97970962534414,0
2010-07-15,29.651193618874412,0
2010-07-16,29.022321701149803,0
2010-07-19,29.435312271218162,0
2010-07-20,29.031702041725975,0
2010-07-21,28.78765869150625,1
2010-07-22,29.707511901955467,1
2010-07-23,30.139293670754295,0
2010-07-26,30.261301040749412,0
2010-07-27,29.97970962534414,1
2010-07-28,30.054801941017967,0
2010-07-29,30.026651382546287,1
2010-07-30,30.21436309824453,1
2010-08-02,30.99342918405996,1
2010-08-03,30.98404502878652,0
2010-08-04,30.86202049265371,0
2010-08-05,30.56166076670156,1
2010-08-06,30.092351913552147,1
2010-08-09,30.280075073342186,1
2010-08-10,29.15372848520742,1
2010-08-11,27.069971084694725,1
2010-08-12,26.732072830300194,1
2010-08-13,26.33785057077871,1
2010-08-16,26.647588729958397,1
2010-08-17,26.929183960060936,1
2010-08-18,26.994878769020897,0
2010-08-19,27.295232772927147,0
2010-08-20,26.4880256653832,0
2010-08-23,25.934234619240623,0
2010-08-24,24.873594284157615,0
2010-08-25,25.117628097634178,1
2010-08-26,24.704633712868553,1
2010-08-27,24.45120811472402,1
2010-08-30,23.88803482065664,1
2010-08-31,23.21222114572988,1
2010-09-01,24.3948860169457,1
2010-09-02,24.89236259470449,1
2010-09-03,25.25842475901113,1
2010-09-07,24.385511398415428,1
2010-09-08,24.507520675759178,1
2010-09-09,24.920524597267967,1
2010-09-10,24.854820251564842,1
2010-09-13,25.868535995583397,1
2010-09-14,26.525571823220115,1
2010-09-15,26.441099166970115,1
2010-09-16,26.62882041941152,1
2010-09-17,26.769609451393944,1
2010-09-20,27.28586196909414,1
2010-09-21,27.41727066050039,1
2010-09-22,26.994878769020897,1
2010-09-23,26.6569766999291,1
2010-09-24,27.604984283547264,1
2010-09-27,27.323394775490623,1
2010-09-28,28.149396896462303,1
2010-09-29,28.61870765696035,1
2010-09-30,27.905344009499412,1
2010-10-01,28.083683014016014,1
2010-10-04,27.98044204721914,1
2010-10-05,28.44975471506582,1
2010-10-06,27.839639663796287,1
2010-10-07,27.670698165993553,1
2010-10-08,27.689466476540428,1
2010-10-11,28.046154022316795,1
2010-10-12,28.693798065285545,1
2010-10-13,30.176822662453514,1
2010-10-14,30.430259704689842,1
2010-10-15,30.796323776345115,1
2010-10-18,31.04975128183828,1
2010-10-19,30.082965850930076,1
2010-10-20,30.6649112702416,1
2010-10-21,29.970327377419334,1
2010-10-22,30.37393569956289,1
2010-10-25,30.98404502878652,1
2010-10-26,30.805702209572654,0
2010-10-27,31.54722213755117,1
2010-10-28,31.190542221169334,1
2010-10-29,31.124847412209373,0
2010-11-01,31.228084564308983,1
2010-11-02,31.800651550392967,1
2010-11-03,31.885128021340233,1
2010-11-04,32.62664031992422,0
2010-11-05,32.10101318369375,0
2010-11-08,31.312559127907615,0
2010-11-09,31.603532791237694,1
2010-11-10,31.04975128183828,1
2010-11-11,30.24252700815664,1
2010-11-12,30.289466858010154,1
2010-11-15,30.176822662453514,1
2010-11-16,29.923404693703514,1
2010-11-17,29.895235061745506,1
2010-11-18,30.87141418467031,1
2010-11-19,32.56093215952383,1
2010-11-22,32.692337036232814,1
2010-11-23,31.678628921608787,1
2010-11-24,32.17609405527578,1
2010-11-26,32.46706008921133,1
2010-11-29,31.162376403908592,1
2010-11-30,30.627376556496483,1
2010-12-01,32.32627105722891,1
2010-12-02,32.739280700783596,1
2010-12-03,33.39630889902578,1
2010-12-06,33.020854950051174,1
2010-12-07,32.61725616465078,1
2010-12-08,33.01147842417227,1
2010-12-09,35.42374420176016,1
2010-12-10,35.1046142579125,1
2010-12-13,35.03891372690664,1
2010-12-14,34.85117340097891,1
2010-12-15,34.44757843027578,1
2010-12-16,34.87934112558828,1
2010-12-17,35.87428665171133,1
2010-12-20,35.545772552590236,0
2010-12-21,35.649028778176174,0
2010-12-22,35.958763122658596,0
2010-12-23,35.5363883973168,0
2010-12-27,36.090171814064846,0
2010-12-28,35.949382782082424,0
2010-12-29,35.714717865090236,0
2010-12-30,36.07140350351797,0
2010-12-31,35.986919403176174,0
2011-01-03,36.287281036476955,0
2011-01-04,35.095237732033596,1
2011-01-05,34.38187408457266,1
2011-01-06,34.090896606545314,1
2011-01-07,34.08150863657461,1
2011-01-10,33.69667434702383,1
2011-01-11,34.494503021340236,1
2011-01-12,35.179702758889064,1
2011-01-13,35.00136947641836,1
2011-01-14,38.32408905039297,1
2011-01-18,37.638904571633205,1
2011-01-19,34.90750122080313,1
2011-01-20,36.202800750832424,1
2011-01-21,36.55948638926016,1
2011-01-24,37.26345443735586,1
2011-01-25,38.52121734629141,1
2011-01-26,39.29088592539297,1
2011-01-27,40.248291015725,1
2011-01-28,39.49738693247305,1
2011-01-31,39.43167877207266,1
2011-02-01,41.25261688242422,1
2011-02-02,40.88654708872305,1
2011-02-03,40.45478057871328,1
2011-02-04,40.764522552590236,1
2011-02-07,41.14937210093008,0
2011-02-08,40.6706657410668,0
2011-02-09,40.398452758889064,1
2011-02-10,40.248291015725,1
2011-02-11,40.86778259287344,1
2011-02-14,41.60929870615469,0
2011-02-15,40.792678833107814,0
2011-02-16,41.862728118996486,0
2011-02-17,42.06922149668203,0
2011-02-18,42.30387878427969,0
2011-02-22,40.745742797951564,0
2011-02-23,40.26705932627188,0
2011-02-24,40.482933044533596,0
2011-02-25,40.858386993508205,0
2011-02-28,40.92409896860586,0
2011-03-01,40.633113861183986,0
2011-03-02,41.48727798471914,0
2011-03-03,43.00784301767813,0
2011-03-04,42.72626495371328,0
2011-03-07,41.11181640635,0
2011-03-08,40.93347549448477,0
2011-03-09,40.614341735939846,1
2011-03-10,38.32408905039297,1
2011-03-11,38.69954299936758,1
2011-03-14,38.99990463266836,1
2011-03-15,38.25839614878164,1
2011-03-16,36.82228469858633,1
2011-03-17,38.50244140635,1
2011-03-18,38.380420684914455,1
2011-03-21,39.45984268198477,0
2011-03-22,39.20639801035391,0
2011-03-23,40.17319488535391,0
2011-03-24,40.426624298195705,1
2011-03-25,40.407852172951564,1
2011-03-28,40.726985931496486,1
2011-03-29,40.83961868296133,1
2011-03-30,41.628067016701564,1
2011-03-31,41.76885986338125,1
2011-04-01,41.581130981545314,0
2011-04-04,41.46849060068594,0
2011-04-05,41.703147888283596,0
2011-04-06,41.16814422617422,0
2011-04-07,40.210735321144924,0
2011-04-08,39.76019668589102,1
2011-04-11,40.26705932627188,0
2011-04-12,39.80712890635,1
2011-04-13,37.197750091652736,0
2011-04-14,37.31977081308828,1
2011-04-15,37.58258438120352,1
2011-04-18,36.35297775278555,1
2011-04-19,35.93998718271719,0
2011-04-20,39.121936798195705,0
2011-04-21,38.26778030405508,0
2011-04-25,38.47427368174063,0
2011-04-26,39.60517501841055,0
2011-04-27,39.91905212412344,0
2011-04-28,39.38642120371328,0
2011-04-29,39.719314575295314,0
2011-05-02,39.02499008188711,0
2011-05-03,39.5481071473168,0
2011-05-04,39.59566116343008,0
2011-05-05,39.11058807383047,0
2011-05-06,38.35919952402578,1
2011-05-09,39.196189880471096,1
2011-05-10,39.6717643738793,1
2011-05-11,37.598281860451564,1
2011-05-12,38.549427032570705,1
2011-05-13,37.70290756235586,1
2011-05-16,37.921680450539455,1
2011-05-17,37.693401336769924,1
2011-05-18,38.378215789894924,0
2011-05-19,38.21651840219961,0
2011-05-20,37.62681579599844,1
2011-05-23,35.90527725229727,0
2011-05-24,36.06696319590078,1
2011-05-25,36.190608978371486,1
2011-05-26,35.981365203957424,0
2011-05-27,36.20963287363516,1
2011-05-31,37.10370254526602,1
2011-06-01,36.34280014048086,1
2011-06-02,36.513992309670314,1
2011-06-03,36.371318817238674,1
2011-06-06,36.06696319590078,1
2011-06-07,36.799339294533596,0
2011-06-08,35.829177856545314,0
2011-06-09,36.03842544565664,0
2011-06-10,34.78292846689688,0
2011-06-13,34.72586822519766,0
2011-06-14,35.87673950205313,0
2011-06-15,34.38345718393789,1
2011-06-16,33.64157485971914,1
2011-06-17,33.651084900002346,1
2011-06-20,33.35623931894766,1
2011-06-21,33.850830078225,1
2011-06-22,33.57498931894766,0
2011-06-23,33.822280883889064,0
2011-06-24,33.27063369760977,0
2011-06-27,34.516616821389064,0
2011-06-28,34.516616821389064,0
2011-06-29,34.81146621714102,0
2011-06-30,35.15387725840078,0
2011-07-01,36.08599090586172,0
2011-07-05,35.90527725229727,0
2011-07-06,35.134849548439846,0
2011-07-07,36.75177764902578,0
2011-07-08,35.61042022715078,0
2011-07-11,35.12534332285391,1
2011-07-12,33.175525665383205,1
2011-07-13,32.98529434214102,1
2011-07-14,32.28144454966055,1
2011-07-15,32.64289093027578,1
2011-07-18,32.53826141367422,1
2011-07-19,33.765220642189846,1
2011-07-20,33.860340118508205,1
2011-07-21,35.258499145607814,1
2011-07-22,35.92429351816641,0
2011-07-25,35.581890106301174,1
2011-07-26,35.92429351816641,0
2011-07-27,35.429702758889064,0
2011-07-28,33.98398590097891,0
2011-07-29,33.907886505226955,0
2011-08-01,33.44183731089102,0
2011-08-02,32.69043731699453,1
2011-08-03,33.25161361704336,1
2011-08-04,31.587121963600975,1
2011-08-05,31.786849975685936,1
2011-08-08,29.56121253977285,1
2011-08-09,31.9105110169457,1
2011-08-10,30.911813736061912,0
2011-08-11,33.118457794289455,0
2011-08-12,33.72718048105703,0
2011-08-15,34.060073852639064,0
2011-08-16,33.337215423683986,0
2011-08-17,33.27063369760977,1
2011-08-18,31.4349365235375,1
2011-08-19,31.282773971657615,1
2011-08-22,31.349342346291404,1
2011-08-23,32.937740326027736,1
2011-08-24,32.83311462412344,1
2011-08-25,31.40640831003652,1
2011-08-26,32.80457305918203,1
2011-08-29,34.05056762705313,1
2011-08-30,33.24209213266836,1
2011-08-31,33.54646682749258,1
2011-09-01,32.92822265635,1
2011-09-02,32.26242065439688,1
2011-09-06,31.815393447975975,0
2011-09-07,32.947246551613674,1
2011-09-08,32.49069976816641,1
2011-09-09,32.43363189707266,1
2011-09-12,33.26112747202383,1
2011-09-13,33.92691421518789,1
2011-09-14,34.73537063608633,1
2011-09-15,34.60221862802969,1
2011-09-16,34.81146621714102,0
2011-09-19,34.250293731789455,1
2011-09-20,33.89838027964102,1
2011-09-21,34.01250457773672,1
2011-09-22,32.98529434214102,1
2011-09-23,33.460857391457424,1
2011-09-26,34.38345718393789,1
2011-09-27,35.306053161721096,1
2011-09-28,34.21225738535391,0
2011-09-29,34.288352966408596,1
2011-09-30,32.852127075295314,1
2011-10-03,31.86295700083242,1
2011-10-04,33.3847770691918,1
2011-10-05,33.22308349619375,1
2011-10-06,33.84130859385,1
2011-10-07,34.56417846689688,1
2011-10-10,35.172893524269924,1
2011-10-11,34.402481079201564,1
2011-10-12,36.86590957651602,1
2011-10-13,38.10238647470938,1
2011-10-14,38.34968948374258,0
2011-10-17,37.70290756235586,0
2011-10-18,38.30212783823477,1
2011-10-19,37.56024551401602,1
2011-10-20,37.47463607798086,1
2011-10-21,38.52089309702383,0
2011-10-24,39.27228164682852,0
2011-10-25,38.95840835581289,0
2011-10-26,39.034500122170314,0
2011-10-27,41.35527038584219,0
2011-10-28,41.42184066782461,0
2011-10-31,39.88101196299063,0
2011-11-01,38.663562774758205,1
2011-11-02,38.48284149179922,1
2011-11-03,40.11879348764883,0
2011-11-04,40.289993286232814,0
2011-11-07,39.70029068003164,0
2011-11-08,40.87970352182852,0
2011-11-09,38.14042663584219,0
2011-11-10,38.568443298439846,1
2011-11-11,39.52909088144766,0
2011-11-14,38.20700836191641,0
2011-11-15,38.48284149179922,1
2011-11-16,37.57925796518789,0
2011-11-17,36.485469818215236,0
2011-11-18,36.20963287363516,1
2011-11-21,36.18109130869375,1
2011-11-22,35.258499145607814,1
2011-11-23,34.925613403420314,1
2011-11-25,34.44052124033438,1
2011-11-28,35.66748809824453,1
2011-11-29,35.372634887795314,1
2011-11-30,37.598281860451564,1
2011-12-01,37.40805435190664,1
2011-12-02,38.67306518564688,1
2011-12-05,39.32935333261953,1
2011-12-06,39.58615875254141,1
2011-12-07,39.95709991465078,1
2011-12-08,39.063030243019924,1
2011-12-09,39.567138671975,1
2011-12-12,38.11190414438711,1
2011-12-13,37.19881057749258,1
2011-12-14,37.15125274668203,1
2011-12-15,37.34147644052969,1
2011-12-16,37.417564392189846,1
2011-12-19,37.141738891701564,0
2011-12-20,39.23424530039297,1
2011-12-21,38.78720092783438,1
2011-12-22,39.14863204966055,1
2011-12-23,39.42446899424063,1
2011-12-27,39.5481071473168,1
2011-12-28,39.42446899424063,1
2011-12-29,40.18537521372305,1
2011-12-30,39.747852325539455,1
2012-01-03,40.15683746347891,1
2012-01-04,39.59566116343008,1
2012-01-05,39.167659759621486,1
2012-01-06,38.91086196909414,1
2012-01-09,39.2247314454125,1
2012-01-10,39.491050720314846,1
2012-01-11,39.79540252695547,1
2012-01-12,39.70029068003164,1
2012-01-13,39.26276779184805,1
2012-01-17,40.50874710093008,1
2012-01-18,40.15683746347891,1
2012-01-19,40.337547302346096,1
2012-01-20,41.08893585215078,1
2012-01-23,41.68814849863516,1
2012-01-24,41.374282837014064,1
2012-01-25,41.136497497658596,1
2012-01-26,40.87018585215078,1
2012-01-27,41.00334930429922,1
2012-01-30,40.85115432749258,1
2012-01-31,40.88921356211172,1
2012-02-01,41.94496536264883,1
2012-02-02,42.25883483896719,1
2012-02-03,43.32410430918203,0
2012-02-06,42.743919372658596,0
2012-02-07,42.92463302622305,0
2012-02-08,43.07680130014883,0
2012-02-09,43.20996856699453,0
2012-02-10,43.03876495371328,0
2012-02-13,42.79147338877188,0
2012-02-14,43.37166976938711,0
2012-02-15,43.19094848642813,1
2012-02-16,44.370357513527736,0
2012-02-17,44.37985992441641,0
2012-02-21,43.94234848032461,0
2012-02-22,43.71406173716055,0
2012-02-23,43.98990249643789,0
2012-02-24,44.04696273813711,0
2012-02-27,43.81869888315664,0
2012-02-28,45.3975830079125,0
2012-02-29,43.32410430918203,0
2012-03-01,43.17192840586172,1
2012-03-02,42.9912109376,1
2012-03-05,42.839031219582424,1
2012-03-06,42.55369567881094,1
2012-03-07,43.40970230112539,1
2012-03-08,44.05648422251211,1
2012-03-09,44.39889144907461,1
2012-03-12,44.22769165049063,1
2012-03-13,45.28343963633047,0
2012-03-14,45.00760650644766,1
2012-03-15,45.80656433115469,0
2012-03-16,45.70195007334219,0
2012-03-19,45.987285614113674,0
2012-03-20,46.158489227394924,0
2012-03-21,46.0728874207543,0
2012-03-22,45.464160919289455,0
2012-03-23,45.43561553965078,0
2012-03-26,46.5389404297875,0
2012-03-27,46.60552978525625,0
2012-03-28,46.500904083351955,0
2012-03-29,47.2142448426293,0
2012-03-30,47.689815521340236,0
2012-04-02,48.27000427256094,0
2012-04-03,47.518604278664455,0
2012-04-04,45.82559204111563,0
2012-04-05,45.64487075815664,1
2012-04-09,45.720962524514064,1
2012-04-10,44.87445831308828,1
2012-04-11,44.8078727723168,1
2012-04-12,46.51991653452383,1
2012-04-13,46.310657501320705,0
2012-04-16,46.92890548716055,1
2012-04-17,47.01450347910391,0
2012-04-18,46.88134002695547,0
2012-04-19,47.60419845591055,0
2012-04-20,47.16669082651602,0
2012-04-23,45.82559204111563,0
2012-04-24,45.94923782358633,0
2012-04-25,47.071575164894924,0
2012-04-26,49.02139663706289,0
2012-04-27,48.602893829445705,1
2012-04-30,49.067676544289455,0
2012-05-01,49.317886352639064,1
2012-05-02,48.615406036476955,0
2012-05-03,47.86481857309805,0
2012-05-04,46.767776489357814,0
2012-05-07,47.33554840097891,0
2012-05-08,46.825523376564846,0
2012-05-09,46.14229202280508,0
2012-05-10,46.007583618264064,1
2012-05-11,46.604202270607814,1
2012-05-14,45.382080078225,0
2012-05-15,45.68038940439688,1
2012-05-16,44.57374954233633,1
2012-05-17,43.46710586557852,1
2012-05-18,43.188030243019924,1
2012-05-21,44.53525161753164,1
2012-05-22,44.987537384133205,1
2012-05-23,44.631484985451564,1
2012-05-24,44.47751617441641,1
2012-05-25,44.26581192026602,1
2012-05-29,45.218486785988674,1
2012-05-30,44.13108062754141,1
2012-05-31,44.082969665627346,0
2012-06-01,42.14875030527578,1
2012-06-04,42.31234359751211,1
2012-06-05,43.42860794077383,1
2012-06-06,45.555294036965236,0
2012-06-07,45.49755096445547,1
2012-06-08,46.08454513559805,1
2012-06-11,45.85360717783438,1
2012-06-12,47.08535385141836,1
2012-06-13,47.87444305429922,0
2012-06-14,47.18157958994375,0
2012-06-15,48.047649383644924,1
2012-06-18,48.56729888926016,1
2012-06-19,48.932971954445705,1
2012-06-20,48.644283294777736,0
2012-06-21,48.62503051767813,1
2012-06-22,47.87444305429922,1
2012-06-25,46.690811157326564,1
2012-06-26,46.45022583017813,1
2012-06-27,47.22970199594961,1
2012-06-28,46.854393005471096,1
2012-06-29,49.48147583017813,1
2012-07-02,50.22245025644766,1
2012-07-03,50.636226654152736,1
2012-07-05,49.82789993296133,1
2012-07-06,47.556880951027736,1
2012-07-09,46.633071899514064,1
2012-07-10,50.588123321633205,1
2012-07-11,49.26015090952383,1
2012-07-12,48.58654022226797,1
2012-07-13,49.26015090952383,1
2012-07-16,49.067676544289455,1
2012-07-17,49.558452606301174,1
2012-07-18,52.51272201548086,1
2012-07-19,53.648250579933986,0
2012-07-20,53.378807067971096,0
2012-07-23,53.40764617929922,0
2012-07-24,52.52234268198477,1
2012-07-25,52.51272201548086,1
2012-07-26,54.98583984385,0
2012-07-27,56.6409912110375,0
2012-07-30,56.57362747202383,0
2012-07-31,55.332256317238674,0
2012-08-01,54.39883041391836,0
2012-08-02,53.754085540871486,1
2012-08-03,55.92888641367422,1
2012-08-06,54.06201553354727,1
2012-08-07,55.66905975351797,0
2012-08-08,55.34188842783438,0
2012-08-09,55.418872833351955,0
2012-08-10,55.42850112925039,1
2012-08-13,54.93771743784414,0
2012-08-14,55.22641754160391,0
2012-08-15,55.37075424204336,0
2012-08-16,55.55359268198477,0
2012-08-17,55.87113952646719,0
2012-08-20,55.774925232033596,0
2012-08-21,56.294578552346096,0
2012-08-22,56.6409912110375,0
2012-08-23,55.44773101816641,0
2012-08-24,55.592098236183986,0
2012-08-27,55.8326530457543,0
2012-08-28,54.167888641457424,0
2012-08-29,54.841487884621486,1
2012-08-30,53.73484802256094,0
2012-08-31,54.62978744516836,1
2012-09-04,54.013904571633205,0
2012-09-05,53.9561767579125,0
2012-09-06,55.688316345314846,0
2012-09-07,54.67790222177969,0
2012-09-10,53.330669403176174,0
2012-09-11,53.465389251808986,0
2012-09-12,53.52314376841055,0
2012-09-13,54.04280471811758,0
2012-09-14,54.976211547951564,0
2012-09-17,55.17829132090078,1
2012-09-18,54.273731231789455,1
2012-09-19,52.503093719582424,0
2012-09-20,52.48386383066641,0
2012-09-21,51.90647125254141,0
2012-09-24,50.414913177590236,0
2012-09-25,51.39645385752188,0
2012-09-26,50.674724578957424,0
2012-09-27,52.185569763283596,0
2012-09-28,51.656272888283596,0
2012-10-01,51.377212524514064,0
2012-10-02,51.91610336313711,0
2012-10-03,52.87842178354727,0
2012-10-04,53.551998138527736,0
2012-10-05,53.994678497414455,0
2012-10-08,52.93612670908438,0
2012-10-09,52.26253891001211,0
2012-10-10,51.41569519052969,0
2012-10-11,51.04040908823477,0
2012-10-12,50.992290496926174,1
2012-10-15,50.81908416758047,1
2012-10-16,51.56967544565664,1
2012-10-17,48.19198989878164,1
2012-10-18,49.40449142466055,1
2012-10-19,50.21282958994375,1
2012-10-22,51.30022430429922,1
2012-10-23,50.857566833596096,1
2012-10-24,51.848743438820705,1
2012-10-25,52.281780243019924,0
2012-10-26,52.30102920542227,0
2012-10-31,52.90726089487539,0
2012-11-01,54.167888641457424,0
2012-11-02,54.177490234475,0
2012-11-05,54.437313079933986,0
2012-11-06,55.332256317238674,0
2012-11-07,53.72521209726797,0
2012-11-08,52.782161712746486,0
2012-11-09,53.29220581064688,1
2012-11-12,53.15747451792227,1
2012-11-13,52.73406219492422,1
2012-11-14,53.05162048349844,1
2012-11-15,51.52155685434805,1
2012-11-16,52.83990859995352,1
2012-11-19,53.31142044077383,1
2012-11-20,53.513511657814846,1
2012-11-21,52.95538330088125,1
2012-11-23,55.36113739023672,1
2012-11-26,55.688316345314846,0
2012-11-27,56.438919067482814,0
2012-11-28,57.01628875742422,0
2012-11-29,54.72255325327383,0
2012-11-30,54.81892776499258,0
2012-12-03,54.76636505136953,0
2012-12-04,53.811382293801174,0
2012-12-05,54.48600769052969,1
2012-12-06,54.80141067514883,1
2012-12-07,55.63372039804922,0
2012-12-10,55.73886108408438,0
2012-12-11,55.966655731301174,0
2012-12-12,55.493545532326564,0
2012-12-13,54.93282699594961,0
2012-12-14,55.75637817392813,0
2012-12-17,55.721336364846096,0
2012-12-18,56.09807586679922,0
2012-12-19,56.203201294045314,0
2012-12-20,56.66754531870352,0
2012-12-21,55.58115005503164,0
2012-12-24,55.43221664438711,0
2012-12-26,55.2219352723168,1
2012-12-27,55.69503784189688,1
2012-12-28,55.309558868508205,1
2012-12-31,56.4134635926293,1
2013-01-02,58.50739288340078,1
2013-01-03,57.28082656870352,0
2013-01-04,56.69382476816641,1
2013-01-07,55.77390289316641,1
2013-01-08,55.318321228127346,1
2013-01-09,55.63372039804922,1
2013-01-10,56.65878677378164,1
2013-01-11,57.31587600718008,1
2013-01-14,56.42221832285391,1
2013-01-15,55.26575469980703,1
2013-01-16,55.914077758889064,1
2013-01-17,59.882896423439846,1
2013-01-18,60.60132217417227,1
2013-01-22,61.258411407570705,1
2013-01-23,60.66265106211172,1
2013-01-24,62.37109756479727,1
2013-01-25,64.8680419922875,1
2013-01-28,66.12091064463125,1
2013-01-29,65.94566345224844,0
2013-01-30,65.90187072763906,0
2013-01-31,65.7879638672875,1
2013-02-01,68.52147674570547,0
2013-02-04,66.96196746836172,0
2013-02-05,67.02329254160391,1
2013-02-06,66.57647705088125,1
2013-02-07,65.96319580088125,0
2013-02-08,65.51637268076406,0
2013-02-11,65.6302719117211,0
2013-02-12,65.674072265725,0
2013-02-13,65.06079864511953,0
2013-02-14,65.57767486582266,0
2013-02-15,63.641468048195705,0
2013-02-19,64.79794311533438,0
2013-02-20,63.2121696473168,0
2013-02-21,61.8717155457543,0
2013-02-22,62.77412796030508,0
2013-02-25,61.09196472177969,0
2013-02-26,62.68650054941641,0
2013-02-27,62.89676666269766,0
2013-02-28,62.18712615976797,0
2013-03-01,62.75658416758047,0
2013-03-04,62.20462036142813,0
2013-03-05,63.326072692971096,0
2013-03-06,63.115798950295314,0
2013-03-07,62.064441681008205,0
2013-03-08,61.09196472177969,0
2013-03-11,61.310997009377346,0
2013-03-12,60.85540771494375,0
2013-03-13,61.05691528330313,0
2013-03-14,62.9055290223168,0
2013-03-15,62.04694747934805,0
2013-03-18,61.12699127207266,1
2013-03-19,60.99559783945547,1
2013-03-20,61.30223083506094,1
2013-03-21,60.645137786965236,0
2013-03-22,59.85663604746328,0
2013-03-25,60.17203140268789,1
2013-03-26,58.66510009775625,1
2013-03-27,58.05182647715078,1
2013-03-28,59.5675163270043,1
2013-04-01,58.77023315439688,1
2013-04-02,58.559978485207424,1
2013-04-03,58.034297943215236,1
2013-04-04,57.89412307749258,1
2013-04-05,58.44607543955313,1
2013-04-08,58.743953704933986,1
2013-04-09,58.77898406992422,1
2013-04-10,60.154502868752346,1
2013-04-11,60.73275375376211,1
2013-04-12,60.54877471933828,1
2013-04-15,58.235801696877346,0
2013-04-16,59.38351821909414,1
2013-04-17,60.87294387827383,1
2013-04-18,62.56382751474844,1
2013-04-19,63.071983337502346,1
2013-04-22,62.414897918801174,1
2013-04-23,63.50131607065664,1
2013-04-24,64.42998504648672,1
2013-04-25,65.52513122568594,1
2013-04-26,65.20320129404531,1
2013-04-29,65.94613647470938,1
2013-04-30,65.77808380136953,1
2013-05-01,65.46852111826406,1
2013-05-02,67.13134765635,1
2013-05-03,68.54650115976797,1
2013-05-06,67.41437530527578,1
2013-05-07,68.13080596933828,1
2013-05-08,67.76816558847891,1
2013-05-09,67.59126281748281,1
2013-05-10,69.26289367685781,1
2013-05-13,68.5906982422875,1
2013-05-14,68.66146087656485,1
2013-05-15,69.45748901377188,1
2013-05-16,68.73220825205313,0
2013-05-17,69.84665679941641,0
2013-05-20,70.74881744394766,0
2013-05-21,71.35025024424063,0
2013-05-22,70.82843780527578,0
2013-05-23,70.81076049814688,0
2013-05-24,71.90747833261953,0
2013-05-28,74.36631774912344,0
2013-05-29,73.55258178720938,0
2013-05-30,73.95059967051016,0
2013-05-31,71.88095855722891,0
2013-06-03,72.26123046885,0
2013-06-04,70.58078002939688,0
2013-06-05,68.88258361826406,0
2013-06-06,70.36849975595938,0
2013-06-07,71.27951049814688,0
2013-06-10,71.35025024424063,0
2013-06-11,70.23583984385,0
2013-06-12,69.59016418467031,0
2013-06-13,70.9168701172875,0
2013-06-14,70.55421447763906,0
2013-06-17,70.11198425302969,0
2013-06-18,71.06723022470938,0
2013-06-19,70.82843780527578,0
2013-06-20,68.16616821299063,0
2013-06-21,67.59126281748281,1
2013-06-24,65.90192413340078,1
2013-06-25,66.9986801148461,1
2013-06-26,67.95390319834219,1
2013-06-27,69.03295135508047,1
2013-06-28,69.9704818726586,1
2013-07-01,69.34249877939688,1
2013-07-02,69.50171661386953,0
2013-07-03,70.47463989267813,0
2013-07-05,72.61504364023672,1
2013-07-08,72.11090087900625,1
2013-07-09,72.64159393320547,1
2013-07-10,74.16287231455313,0
2013-07-11,77.24967193613516,0
2013-07-12,77.08162689218985,1
2013-07-15,76.87822723398672,0
2013-07-16,77.60348510752188,0
2013-07-17,78.69136810312735,0
2013-07-18,78.78865814218985,0
2013-07-19,78.76213073740469,0
2013-07-22,78.40833282480703,0
2013-07-23,78.33757019052969,0
2013-07-24,78.19607543955313,0
2013-07-25,79.31050872812735,0
2013-07-26,78.8770980835961,0
2013-07-29,79.10704803476797,0
2013-07-30,79.68198394785391,0
2013-07-31,79.55813598642813,0
2013-08-01,80.65489959726797,0
2013-08-02,81.30939483652578,0
2013-08-05,81.38902282724844,0
2013-08-06,81.42440032968985,0
2013-08-07,80.9290771485375,0
2013-08-08,81.26517486582266,0
2013-08-09,80.9113998414086,0
2013-08-12,80.84062194834219,0
2013-08-13,81.42440032968985,0
2013-08-14,82.24692535410391,0
2013-08-15,80.5399169922875,0
2013-08-16,80.84062194834219,0
2013-08-19,80.29225158701406,0
2013-08-20,79.86772155771719,0
2013-08-21,79.79696655283438,0
2013-08-22,80.30995178232656,0
2013-08-23,80.33648681650625,0
2013-08-26,80.10649871836172,0
2013-08-27,77.76266479502188,0
2013-08-28,78.08106994638906,1
2013-08-29,77.76266479502188,1
2013-08-30,77.00202941904531,1
2013-09-03,78.17837524424063,0
2013-09-04,79.24858093271719,1
2013-09-05,79.36358642588125,1
2013-09-06,78.51448059092031,1
2013-09-09,79.10704803476797,1
2013-09-10,79.92963409433828,1
2013-09-11,79.09822845468985,1
2013-09-12,81.96392059336172,1
2013-09-13,82.20272064218985,1
2013-09-16,82.07890319834219,1
2013-09-17,82.1761703492211,1
2013-09-18,83.80361938486563,1
2013-09-19,84.59078979502188,1
2013-09-20,86.2093505860375,0
2013-09-23,84.80306243906485,0
2013-09-24,86.18283081064688,0
2013-09-25,86.51008605967031,0
2013-09-26,86.38626861582266,0
2013-09-27,87.07614898691641,0
2013-09-30,87.35033416758047,0
2013-10-01,89.2519531251,0
2013-10-02,89.03082275400625,0
2013-10-03,88.93354034433828,0
2013-10-04,89.29617309580313,0
2013-10-07,87.96946716318594,0
2013-10-08,86.17401123056875,0
2013-10-09,84.98880004892813,0
2013-10-10,86.4216537476586,0
2013-10-11,86.57199096689688,0
2013-10-14,85.8555908204125,0
2013-10-15,84.15740203867422,0
2013-10-16,84.00704193125235,0
2013-10-17,82.99872589121328,0
2013-10-18,82.11423492441641,0
2013-10-21,82.379638671975,0
2013-10-22,83.237548828225,0
2013-10-23,82.538818359475,0
2013-10-24,83.21985626230703,0
2013-10-25,83.41442108164297,0
2013-10-28,83.43212127695547,0
2013-10-29,83.31715393076406,0
2013-10-30,83.70631408701406,0
2013-10-31,83.75938415537344,0
2013-11-01,81.94623565683828,0
2013-11-04,81.16787719736563,0
2013-11-05,80.06229400644766,0
2013-11-06,80.07998657236563,0
2013-11-07,77.21430206308828,0
2013-11-08,77.27622985849844,1
2013-11-11,77.28507995615469,1
2013-11-12,76.8958969117211,1
2013-11-13,77.55039978037344,1
2013-11-14,78.62946319590078,1
2013-11-15,79.54044342051016,0
2013-11-18,78.59409332285391,0
2013-11-19,78.82405853281485,0
2013-11-20,78.12530517588125,0
2013-11-21,79.5316162110375,0
2013-11-22,81.12366485605703,0
2013-11-25,81.44209289560781,0
2013-11-26,82.04351043711172,0
2013-11-27,82.77764129648672,0
2013-11-29,82.59189605722891,0
2013-12-02,82.9103012085961,0
2013-12-03,82.94567108164297,0
2013-12-04,80.9113998414086,0
2013-12-05,80.61065673838125,0
2013-12-06,80.88484954843985,0
2013-12-09,81.19442749033438,0
2013-12-10,80.52220916758047,0
2013-12-11,80.57528686533438,0
2013-12-12,79.045166015725,0
2013-12-13,77.92189025888906,1
2013-12-16,78.02801513681875,1
2013-12-17,77.75383758554922,1
2013-12-18,79.40779113779531,0
2013-12-19,80.34532928476797,0
2013-12-20,80.9113998414086,1
2013-12-23,81.58360290537344,1
2013-12-24,81.94623565683828,1
2013-12-26,82.67147827158438,0
2013-12-27,83.2021713257836,0
2013-12-30,82.64494323740469,0
2013-12-31,82.87490844736563,0
2014-01-02,81.68972778330313,0
2014-01-03,81.40670013437735,0
2014-01-06,79.73506164560781,0
2014-01-07,79.06285858164297,0
2014-01-08,79.27511596689688,1
2014-01-09,79.72618865976797,0
2014-01-10,80.54875183115469,0
2014-01-13,79.9207992554711,0
2014-01-14,80.65489959726797,1
2014-01-15,79.10704803476797,1
2014-01-16,75.37459564218985,1
2014-01-17,74.64933776865469,1
2014-01-21,77.08162689218985,0
2014-01-22,80.74333953867422,0
2014-01-23,78.17837524424063,0
2014-01-24,77.47078704843985,1
2014-01-27,77.49735260019766,1
2014-01-28,76.45365142832266,1
2014-01-29,75.75492858896719,1
2014-01-30,75.38346862802969,1
2014-01-31,74.85277557383047,1
2014-02-03,74.79082489023672,1
2014-02-04,74.37515258799063,1
2014-02-05,75.32154083261953,1
2014-02-06,76.80744934092031,1
2014-02-07,77.44427490244375,1
2014-02-10,77.42658996592031,0
2014-02-11,79.25742340097891,1
2014-02-12,77.77152252207266,1
2014-02-13,78.24913787851797,1
2014-02-14,78.8770980835961,1
2014-02-18,79.3193359376,1
2014-02-19,78.01030731211172,0
2014-02-20,78.61177825937735,1
2014-02-21,78.63829803476797,1
2014-02-24,79.01861572275625,1
2014-02-25,76.62167358408438,1
2014-02-26,75.99371337900625,1
2014-02-27,76.0821762085961,1
2014-02-28,76.18832397470938,1
2014-03-03,76.06448364267813,1
2014-03-04,79.05400085459219,1
2014-03-05,79.48738861093985,1
2014-03-06,80.95561218271719,0
2014-03-07,80.601806640725,0
2014-03-10,80.20382690439688,0
2014-03-11,79.86772155771719,1
2014-03-12,80.43379974375235,0
2014-03-13,79.45201873789297,0
2014-03-14,79.14242553720938,0
2014-03-17,80.15959930429922,0
2014-03-18,81.12366485605703,0
2014-03-19,80.47799682627188,0
2014-03-20,81.79587554941641,0
2014-03-21,81.71624755869375,0
2014-03-24,80.58414459238516,0
2014-03-25,81.3536376954125,0
2014-03-26,81.61898040781485,0
2014-03-27,81.34479522715078,0
2014-03-28,81.22097778330313,0
2014-03-31,82.57421112070547,0
2014-04-01,82.75994110117422,0
2014-04-02,82.44154357920156,0
2014-04-03,81.52168273935781,0
2014-04-04,80.32764434824453,0
2014-04-07,79.57583618174063,0
2014-04-08,79.21320343027578,0
2014-04-09,81.72507476816641,1
2014-04-10,79.50505828867422,1
2014-04-11,77.24083709726797,1
2014-04-14,76.56863403330313,1
2014-04-15,75.30387115488516,1
2014-04-16,72.73001861582266,0
2014-04-17,72.21704864511953,0
2014-04-21,72.21704864511953,0
2014-04-22,72.24356842051016,0
2014-04-23,72.52661895761953,0
2014-04-24,74.44589996347891,0
2014-04-25,72.96743774424063,1
2014-04-28,73.55704498301016,1
2014-04-29,73.36052703867422,0
2014-04-30,72.7083740235375,0
2014-05-01,72.67264556894766,1
2014-05-02,72.25276184092031,1
2014-05-05,71.68997955332266,1
2014-05-06,71.37728881845938,1
2014-05-07,71.87757873545156,1
2014-05-08,72.27063751230703,1
2014-05-09,71.75251770029531,1
2014-05-12,73.396240234475,1
2014-05-13,72.56544494638906,1
2014-05-14,72.35105133066641,1
2014-05-15,72.07412719736563,1
2014-05-16,72.42251586924063,1
2014-05-19,72.53863525400625,1
2014-05-20,72.41356658945547,1
2014-05-21,74.13771057138906,1
2014-05-22,74.43250274668203,1
2014-05-23,74.61118316660391,1
2014-05-27,76.1387939454125,0
2014-05-28,75.80821228037344,1
2014-05-29,76.12984466562735,0
2014-05-30,76.71944427500235,0
2014-06-02,76.7283935547875,1
2014-06-03,76.90705871592031,1
2014-06-04,77.39839935312735,1
2014-06-05,78.3095703126,1
2014-06-06,79.56918334970938,1
2014-06-09,79.60490417490469,1
2014-06-10,79.57811737070547,1
2014-06-11,80.30168914804922,1
2014-06-12,79.80142974863516,1
2014-06-13,79.84609985361563,1
2014-06-16,80.93597412119375,1
2014-06-17,81.52558898935781,1
2014-06-18,83.33010864267813,1
2014-06-19,83.50878143320547,0
2014-06-20,84.68799591074453,0
2014-06-23,83.02635955820547,0
2014-06-24,82.3921127320336,0
2014-06-25,82.93702697763906,0
2014-06-26,82.37425231943594,0
2014-06-27,82.49930572519766,0
2014-06-30,83.32118225107656,0
2014-07-01,84.57181549082266,0
2014-07-02,83.91971588144766,1
2014-07-03,85.4830322266625,0
2014-07-07,85.86717224131094,0
2014-07-08,84.54503631601797,0
2014-07-09,83.52664184580313,0
2014-07-10,82.97276306162344,0
2014-07-11,81.66851043711172,0
2014-07-14,81.07892608652578,0
2014-07-15,80.96277618418203,0
2014-07-16,78.96170043955313,0
2014-07-17,77.01425170908438,0
2014-07-18,76.6837158204125,1
2014-07-21,78.13091278086172,0
2014-07-22,77.88076782236563,0
2014-07-23,77.73784637461172,1
2014-07-24,77.46089935312735,1
2014-07-25,75.90650939951406,1
2014-07-28,75.46878814707266,1
2014-07-29,74.39679718027578,1
2014-07-30,84.99171447763906,1
2014-07-31,84.1162338257836,1
2014-08-01,82.45466613779531,1
2014-08-04,81.3558349610375,1
2014-08-05,81.14142608652578,1
2014-08-06,82.2938461304711,1
2014-08-07,81.92757415781485,1
2014-08-08,81.6595687867211,1
2014-08-11,82.72263336191641,1
2014-08-12,81.62383270273672,1
2014-08-13,81.5523681641625,1
2014-08-14,81.37369537363516,1
2014-08-15,82.00798034677969,1
2014-08-18,82.95493316660391,1
2014-08-19,83.16926574717031,1
2014-08-20,82.59756469736563,1
2014-08-21,84.0626220704125,1
2014-08-22,83.5177230835961,1
2014-08-25,84.79517364511953,1
2014-08-26,85.34009552011953,1
2014-08-27,85.49195861826406,1
2014-08-28,85.70638275156485,1
2014-08-29,85.86717224131094,1
2014-09-02,89.58343505869375,1
2014-09-03,87.57343292246328,1
2014-09-04,87.57343292246328,1
2014-09-05,87.28759765635,1
2014-09-08,86.98383331308828,1
2014-09-09,86.84089660654531,1
2014-09-10,87.09995269785391,1
2014-09-11,88.01116943369375,1
2014-09-12,88.36851501474844,1
2014-09-15,89.19929504404531,1
2014-09-16,90.43210601816641,1
2014-09-17,89.72635650644766,1
2014-09-18,91.23611450205313,1
2014-09-19,90.07476043711172,1
2014-09-22,88.48464965830313,1
2014-09-23,88.08263397226797,1
2014-09-24,89.511962890725,1
2014-09-25,88.60076141367422,1
2014-09-26,89.38690185556875,1
2014-09-29,89.06533813486563,1
2014-09-30,88.27916717539297,1
2014-10-01,86.51930236826406,1
2014-10-02,86.59075927744375,1
2014-10-03,87.0552978516625,1
2014-10-06,87.4930419922875,1
2014-10-07,84.74158477793203,1
2014-10-08,86.05477142343985,1
2014-10-09,84.2680892945336,1
2014-10-10,80.45359039316641,1
2014-10-13,80.76625061045156,1
2014-10-14,82.82091522226797,1
2014-10-15,82.02586364756094,1
2014-10-16,81.06103515635,1
2014-10-17,82.64225769052969,1
2014-10-20,82.64225769052969,1
2014-10-21,83.58023071299063,1
2014-10-22,82.32958221445547,1
2014-10-23,83.94650268564688,1
2014-10-24,84.92021942148672,1
2014-10-27,85.57238006601797,1
2014-10-28,87.55557250986563,1
2014-10-29,86.22451782236563,1
2014-10-30,87.08210754404531,1
2014-10-31,89.04743194590078,1
2014-11-03,88.93132781992422,1
2014-11-04,88.40424346933828,1
2014-11-05,89.41370391855703,1
2014-11-06,90.95915985117422,1
2014-11-07,89.12784576426016,1
2014-11-10,91.08424377451406,0
2014-11-11,91.3879623414086,0
2014-11-12,90.96811676035391,0
2014-11-13,91.04849243174063,0
2014-11-14,91.20930480967031,0
2014-11-17,91.52197265635,0
2014-11-18,92.78157806406485,0
2014-11-19,94.28238677988516,0
2014-11-20,94.61290740976797,0
2014-11-21,94.40743255625235,0
2014-11-24,92.49568939218985,0
2014-11-25,92.18304443369375,0
2014-11-26,92.71903991709219,0
2014-11-28,94.40743255625235,0
2014-12-01,94.14836883554922,0
2014-12-02,94.47889709482656,0
2014-12-03,96.27450561533438,0
2014-12-04,95.8992919922875,0
2014-12-05,97.61449432383047,0
2014-12-08,96.40850830088125,0
2014-12-09,96.40850830088125,0
2014-12-10,95.59557342539297,0
2014-12-11,95.60449981699453,0
2014-12-12,94.711181640725,0
2014-12-15,92.32598114023672,0
2014-12-16,93.63023376474844,1
2014-12-17,94.41638946543203,1
2014-12-18,96.57822418222891,0
2014-12-19,95.44368743906485,0
2014-12-22,97.83781433115469,0
2014-12-23,97.48944091806875,0
2014-12-24,97.94506073008047,0
2014-12-26,97.64128875742422,0
2014-12-29,97.71276092539297,0
2014-12-30,96.65861511240469,0
2014-12-31,96.32809448252188,0
2015-01-02,95.94395446787344,0
2015-01-05,92.71903991709219,0
2015-01-06,89.97650146494375,1
2015-01-07,90.48570251474844,1
2015-01-08,92.37957763681875,1
2015-01-09,91.20034790049063,1
2015-01-12,92.41531372080313,1
2015-01-13,92.41531372080313,1
2015-01-14,92.11156463633047,1
2015-01-15,91.08424377451406,0
2015-01-16,92.04901885996328,0
2015-01-20,92.73688507090078,1
2015-01-21,95.2203598023461,1
2015-01-22,96.12262725840078,1
2015-01-23,94.076904296975,1
2015-01-26,95.87250518808828,1
2015-01-27,94.98809814463125,1
2015-01-28,93.4783935547875,1
2015-01-29,94.81837463388906,1
2015-01-30,92.85304260263906,1
2015-02-02,92.05796813974844,1
2015-02-03,92.80836486826406,1
2015-02-04,90.97702026377188,1
2015-02-05,92.10263061533438,1
2015-02-06,90.03903961191641,1
2015-02-09,88.12728118906485,1
2015-02-10,91.20930480967031,1
2015-02-11,92.38851928720938,1
2015-02-12,92.9423828126,1
2015-02-13,93.33544158945547,1
2015-02-17,91.98648834238516,1
2015-02-18,92.64757537851797,1
2015-02-19,93.44264221201406,1
2015-02-20,93.66597747812735,0
2015-02-23,93.90719604502188,0
2015-02-24,98.93663024912344,0
2015-02-25,97.34650421152578,0
2015-02-26,96.39958190927969,1
2015-02-27,96.19412231455313,1
2015-03-02,98.20409393320547,0
2015-03-03,96.91768646250235,1
2015-03-04,96.93556213388906,0
2015-03-05,97.68594360361563,0
2015-03-06,95.87250518808828,0
2015-03-09,96.41743469248281,1
2015-03-10,94.82731628427969,0
2015-03-11,95.30077362070547,1
2015-03-12,93.62129974375235,0
2015-03-13,94.22876739511953,1
2015-03-16,96.31022644052969,0
2015-03-17,95.38117980967031,0
2015-03-18,95.42583465586172,0
2015-03-19,95.71170806894766,0
2015-03-20,98.40956115732656,0
2015-03-23,98.90984344492422,0
2015-03-24,98.61502838144766,0
2015-03-25,93.46944427500235,0
2015-03-26,88.51144409189688,1
2015-03-27,90.99490356455313,1
2015-03-30,92.12049102793203,1
2015-03-31,90.2534408570336,0
2015-04-01,89.63703155527578,0
2015-04-02,89.99437713633047,1
2015-04-06,89.53878021250235,1
2015-04-07,89.48516845713125,0
2015-04-08,89.30649566660391,0
2015-04-09,89.99437713633047,0
2015-04-10,89.35116577158438,0
2015-04-13,89.16355896006094,1
2015-04-14,89.30649566660391,1
2015-04-15,85.88501739511953,0
2015-04-16,84.97385406504141,1
2015-04-17,84.41997528086172,0
2015-04-20,85.8314437867211,1
2015-04-21,87.32331848154531,1
2015-04-22,96.31022644052969,1
2015-04-23,97.09635925302969,0
2015-04-24,96.44923400888906,1
2015-04-27,98.74436187754141,1
2015-04-28,98.81636047373281,1
2015-04-29,96.88126373301016,1
2015-04-30,96.34123992929922,1
2015-05-01,97.53830719004141,1
2015-05-04,97.10627746592031,1
2015-05-05,94.9011459351586,1
2015-05-06,95.22520446787344,1
2015-05-07,95.6031723023461,1
2015-05-08,96.97126770029531,1
2015-05-11,97.7633056641625,1
2015-05-12,97.77230072031485,0
2015-05-13,97.72730255136953,0
2015-05-14,99.52739715586172,0
2015-05-15,99.95045471201406,0
2015-05-18,99.92341613779531,0
2015-05-19,100.10343933115469,1
2015-05-20,100.48146057138906,1
2015-05-21,100.38242340097891,1
2015-05-22,99.88742065439688,1
2015-05-26,98.07830810556875,0
2015-05-27,101.2824935914086,1
2015-05-28,102.4255599976586,1
2015-05-29,101.07548522959219,0
2015-06-01,100.47245788584219,0
2015-06-02,99.05037689218985,0
2015-06-03,100.55345153818594,0
2015-06-04,99.53641510019766,0
2015-06-05,98.19534301767813,0
2015-06-08,97.0252914429711,1
2015-06-09,97.43029022226797,1
2015-06-10,98.09632873545156,0
2015-06-11,99.00537872324453,0
2015-06-12,97.12428283701406,0
2015-06-15,97.54727935801016,1
2015-06-16,98.29432678232656,1
2015-06-17,97.04326629648672,0
2015-06-18,98.04232788095938,1
2015-06-19,97.93431854258047,0
2015-06-22,100.72447204599844,0
2015-06-23,99.91441345224844,1
2015-06-24,98.97838592539297,1
2015-06-25,99.2394027710961,0
2015-06-26,97.90733337412344,1
2015-06-29,94.10910797129141,0
2015-06-30,93.72209930429922,1
2015-07-01,95.09015655527578,1
2015-07-02,94.14510345468985,1
2015-07-06,91.73296356211172,1
2015-07-07,90.14887237558828,1
2015-07-08,87.43074798593985,1
2015-07-09,89.66287994394766,1
2015-07-10,92.43501281748281,1
2015-07-13,92.97504425058828,1
2015-07-14,92.76803588877188,1
2015-07-15,96.01720428476797,1
2015-07-16,90.32891845713125,1
2015-07-17,90.49992370615469,1
2015-07-20,90.90493774424063,1
2015-07-21,90.81493377695547,1
2015-07-22,90.76093292246328,1
2015-07-23,91.74198150644766,1
2015-07-24,88.68180847177969,1
2015-07-27,88.77182006845938,1
2015-07-28,89.17682647715078,1
2015-07-29,89.1228256226586,1
2015-07-30,89.18584442148672,1
2015-07-31,89.25784301767813,1
2015-08-03,88.33078765879141,1
2015-08-04,87.11573028574453,1
2015-08-05,88.77182006845938,1
2015-08-06,86.72871398935781,1
2015-08-07,87.27774047861563,1
2015-08-10,89.48287200937735,1
2015-08-11,89.27584838877188,1
2015-08-12,87.37673950205313,0
2015-08-13,85.25263214121328,0
2015-08-14,83.425537109475,0
2015-08-17,83.85757446299063,1
2015-08-18,83.56952667246328,1
2015-08-19,81.83242797861563,0
2015-08-20,78.70030212412344,0
2015-08-21,77.32320404062735,1
2015-08-24,76.77416229258047,0
2015-08-25,78.31324768076406,0
2015-08-26,79.5643310547875,1
2015-08-27,82.72348785410391,1
2015-08-28,82.7864990235375,1
2015-08-31,81.92243957529531,1
2015-09-01,80.24837493906485,1
2015-09-02,81.5714340210961,1
2015-09-03,83.41651916513906,1
2015-09-04,82.23746490488516,1
2015-09-08,84.49655914316641,1
2015-09-09,81.9674301148461,1
2015-09-10,82.99350738535391,1
2015-09-11,82.51648712168203,1
2015-09-14,81.8414306641625,1
2015-09-15,84.00156402597891,0
2015-09-16,84.34356689463125,0
2015-09-17,83.51553344736563,0
2015-09-18,81.01341247568594,0
2015-09-21,80.46438598642813,0
2015-09-22,78.0162353516625,0
2015-09-23,75.49610900888906,1
2015-09-24,75.78411102304922,1
2015-09-25,76.81916809092031,1
2015-09-28,74.77606964121328,1
2015-09-29,76.69315338144766,1
2015-09-30,79.1863021851586,1
2015-10-01,77.377197265725,1
2015-10-02,79.57331848154531,1
2015-10-05,80.45538330088125,1
2015-10-06,81.04940795908438,1
2015-10-07,81.05839538584219,1
2015-10-08,82.24646759043203,1
2015-10-09,81.78742980967031,1
2015-10-12,80.87838745127188,1
2015-10-13,78.58325958261953,1
2015-10-14,78.54724884043203,1
2015-10-15,79.65430450449453,1
2015-10-16,79.78932189951406,1
2015-10-19,79.90634918222891,1
2015-10-20,80.12235260019766,1
2015-10-21,81.01341247568594,1
2015-10-22,83.09249877939688,1
2015-10-23,84.28054809580313,1
2015-10-26,83.06549835215078,1
2015-10-27,82.39948272715078,1
2015-10-28,84.01056671152578,1
2015-10-29,82.85850524912344,1
2015-10-30,83.51553344736563,1
2015-11-02,84.70360565195547,1
2015-11-03,85.60364532480703,1
2015-11-04,86.01765441904531,1
2015-11-05,85.69364929209219,1
2015-11-06,86.70170593271719,1
2015-11-09,86.15265655527578,1
2015-11-10,84.17255401621328,1
2015-11-11,84.55958557138906,1
2015-11-12,83.49752044687735,1
2015-11-13,82.26446533213125,1
2015-11-16,83.06549835215078,1
2015-11-17,82.7864990235375,1
2015-11-18,83.83954620371328,1
2015-11-19,83.95655059824453,1
2015-11-20,82.30046844492422,1
2015-11-23,81.24739837656485,1
2015-11-24,81.30140686045156,1
2015-11-25,81.87744140635,1
2015-11-27,83.24553680429922,1
2015-11-30,83.45252227793203,1
2015-12-01,83.92056274424063,1
2015-12-02,83.09249877939688,1
2015-12-03,81.87744140635,1
2015-12-04,82.80450439463125,1
2015-12-07,82.19246673593985,1
2015-12-08,81.47241973886953,1
2015-12-09,80.88738250742422,1
2015-12-10,80.23934936533438,1
2015-12-11,78.55628967295156,1
2015-12-14,77.81821441660391,1
2015-12-15,79.96035766611563,1
2015-12-16,80.42839050302969,1
2015-12-17,79.14129638681875,1
2015-12-18,78.6822509766625,1
2015-12-21,80.31135559092031,1
2015-12-22,81.36442565927969,1
2015-12-23,82.19246673593985,1
2015-12-24,82.30046844492422,1
2015-12-28,82.41746521006094,1
2015-12-29,82.73250579843985,1
2015-12-30,82.21046447763906,1
2015-12-31,79.89733123789297,1
2016-01-04,78.57427215586172,1
2016-01-05,77.78221893320547,1
2016-01-06,76.15312957773672,1
2016-01-07,74.24503326426016,1
2016-01-08,72.25593566904531,1
2016-01-11,74.0830078126,1
2016-01-12,74.3890380860375,1
2016-01-13,72.01291656504141,1
2016-01-14,74.61406707773672,1
2016-01-15,69.72677612314688,1
2016-01-19,72.29193878183828,1
2016-01-20,76.73816680918203,1
2016-01-21,78.62826538095938,1
2016-01-22,81.32843017588125,1
2016-01-25,80.75237274179922,1
2016-01-26,81.1754150391625,1
2016-01-27,80.74338531504141,1
2016-01-28,80.8333740235375,1
2016-01-29,82.66050720224844,1
2016-02-01,83.02051544199453,1
2016-02-02,79.66333770761953,1
2016-02-03,81.88644409189688,1
2016-02-04,82.32747650156485,1
2016-02-05,79.52832794199453,1
2016-02-08,77.72821807871328,1
2016-02-09,76.47714996347891,1
2016-02-10,73.56999206552969,1
2016-02-11,73.63298797617422,1
2016-02-12,73.83999633799063,1
2016-02-16,75.58610534677969,1
2016-02-17,77.65621185312735,1
2016-02-18,77.33219146738516,1
2016-02-19,79.2132797242211,1
2016-02-22,79.13229370127188,1
2016-02-23,79.72632598886953,1
2016-02-24,80.29337310801016,1
2016-02-25,80.93236541758047,1
2016-02-26,81.742431640725,1
2016-02-29,81.92243957529531,1
2016-03-01,84.41559600840078,1
2016-03-02,84.01056671152578,1
2016-03-03,85.23463439951406,1
2016-03-04,85.81964874277578,1
2016-03-07,86.44068145761953,1
2016-03-08,84.41559600840078,0
2016-03-09,84.70360565195547,1
2016-03-10,86.35067749033438,0
2016-03-11,87.97977447519766,0
2016-03-14,87.29571533213125,0
2016-03-15,86.93572235117422,0
2016-03-16,87.55674743662344,0
2016-03-17,87.98880004892813,0
2016-03-18,88.18678283701406,0
2016-03-21,88.04277801523672,0
2016-03-22,88.42080688486563,0
2016-03-23,87.94377136240469,0
2016-03-24,87.2417221070336,0
2016-03-28,87.72776794443594,0
2016-03-29,90.03189849863516,0
2016-03-30,91.03993225107656,0
2016-03-31,90.35590362558828,0
2016-04-01,90.51791381845938,0
2016-04-04,91.47196197519766,0
2016-04-05,89.57288360605703,0
2016-04-06,90.99494171152578,0
2016-04-07,90.08589935312735,0
2016-04-08,90.58990478525625,0
2016-04-11,90.22988891611563,0
2016-04-12,90.76992797861563,1
2016-04-13,91.8499984742211,1
2016-04-14,90.33792877207266,1
2016-04-15,89.59986877451406,1
2016-04-18,89.31185913095938,1
2016-04-19,89.77986907968985,1
2016-04-20,86.79173278818594,1
2016-04-21,86.24269104013906,1
2016-04-22,86.28767395029531,1
2016-04-25,86.52169036875235,1
2016-04-26,86.77372741709219,1
2016-04-27,89.32083892832266,1
2016-04-28,88.21379089365469,1
2016-04-29,86.94471740732656,1
2016-05-02,87.71874237070547,1
2016-05-03,85.99290466318594,1
2016-05-04,85.41001892099844,1
2016-05-05,84.60855865488516,1
2016-05-06,84.08943176279531,1
2016-05-09,84.69052124033438,1
2016-05-10,85.01839447031485,1
2016-05-11,84.31713104258047,1
2016-05-12,83.36081695566641,1
2016-05-13,83.1513900757836,1
2016-05-16,87.27706146250235,1
2016-05-17,85.88360595713125,1
2016-05-18,86.08396148691641,1
2016-05-19,84.98197174082266,1
2016-05-20,86.95831298838125,1
2016-05-23,87.15864562998281,1
2016-05-24,88.81619262705313,1
2016-05-25,90.09127044687735,1
2016-05-26,90.53753662119375,1
2016-05-27,91.1477279664086,1
2016-05-31,91.0566635132836,1
2016-06-01,90.93826293955313,1
2016-06-02,91.20238494883047,1
2016-06-03,91.84902954111563,1
2016-06-06,91.13863372812735,0
2016-06-07,92.15867614756094,0
2016-06-08,92.07670593271719,0
2016-06-09,91.5758056641625,0
2016-06-10,88.68871307383047,0
2016-06-13,87.7324218751,0
2016-06-14,86.15683746347891,1
2016-06-15,85.77433013926016,1
2016-06-16,87.04026031504141,1
2016-06-17,86.20238494883047,1
2016-06-20,88.20600128183828,1
2016-06-21,89.69963073740469,1
2016-06-22,89.9364242554711,0
2016-06-23,92.34083557138906,0
2016-06-24,86.53022766123281,0
2016-06-27,84.24427795420156,0
2016-06-28,85.97469329843985,1
2016-06-29,87.53206634531485,1
2016-06-30,90.3553695679711,0
2016-07-01,89.65412139902578,0
2016-07-05,86.83078002939688,1
2016-07-06,86.42095184336172,1
2016-07-07,86.16593933115469,1
2016-07-08,88.54299926767813,1
2016-07-11,90.85630035410391,1
2016-07-12,91.87632751474844,0
2016-07-13,92.08580780039297,1
2016-07-14,93.77978515635,1
2016-07-15,92.54116821299063,1
2016-07-18,93.92551422129141,0
2016-07-19,96.20240783701406,0
2016-07-20,98.506591796975,0
2016-07-21,96.06578063974844,0
2016-07-22,96.20240783701406,0
2016-07-25,96.97653198252188,0
2016-07-26,99.0621337891625,0
2016-07-27,99.78163146982656,0
2016-07-28,100.25523376474844,0
2016-07-29,99.83628082285391,0
2016-08-01,99.90913391123281,0
2016-08-02,99.61766815195547,0
2016-08-03,98.77069854746328,0
2016-08-04,100.26432037363516,0
2016-08-05,99.81806945810781,0
2016-08-08,99.49930572519766,0
2016-08-09,100.08216857920156,0
2016-08-10,99.71788024912344,0
2016-08-11,100.81076812754141,0
2016-08-12,100.42826080332266,0
2016-08-15,100.93829345713125,0
2016-08-16,98.31531524668203,0
2016-08-17,96.0384521485375,0
2016-08-18,96.56668853769766,0
2016-08-19,97.20420074472891,0
2016-08-22,97.5958480835961,0
2016-08-23,98.80714416513906,0
2016-08-24,97.15866851816641,0
2016-08-25,96.96742248545156,0
2016-08-26,96.82168579111563,0
2016-08-29,97.52298736582266,0
2016-08-30,97.9237060547875,0
2016-08-31,97.04027557383047,0
2016-09-01,97.8963851929711,0
2016-09-02,98.23335266123281,0
2016-09-06,98.29710388193594,1
2016-09-07,96.83991241465078,1
2016-09-08,94.79072570810781,1
2016-09-09,92.63225555429922,0
2016-09-12,93.93462371836172,1
2016-09-13,92.65955352793203,0
2016-09-14,92.87815856943594,0
2016-09-15,94.39000701914297,1
2016-09-16,93.07852935801016,1
2016-09-19,94.11676025400625,1
2016-09-20,95.51932525644766,1
2016-09-21,97.18601989756094,1
2016-09-22,99.08036804209219,1
2016-09-23,98.87998199472891,1
2016-09-26,99.0621337891625,1
2016-09-27,99.83628082285391,1
2016-09-28,100.05485534677969,1
2016-09-29,99.02570343027578,1
2016-09-30,99.79986572275625,1
2016-10-03,99.20787048349844,0
2016-10-04,99.23518371592031,0
2016-10-05,99.09856414804922,0
2016-10-06,99.03482055674063,0
2016-10-07,96.88545990000235,0
2016-10-10,97.44098663340078,0
2016-10-11,93.54300689707266,0
2016-10-12,93.42459869394766,1
2016-10-13,91.4300537110375,1
2016-10-14,92.09492492685781,1
2016-10-17,92.13135528574453,1
2016-10-18,93.19691467295156,0
2016-10-19,94.79983520517813,0
2016-10-20,94.33535766611563,1
2016-10-21,95.86540985117422,1
2016-10-24,95.88363647470938,1
2016-10-25,95.20966339121328,1
2016-10-26,94.58127594004141,1
2016-10-27,94.76342010508047,1
2016-10-28,96.04756164560781,1
2016-10-31,96.19329071054922,1
2016-11-01,94.61768341074453,1
2016-11-02,94.74520111093985,1
2016-11-03,92.69601440439688,1
2016-11-04,93.34264373789297,1
2016-11-07,95.40093231211172,1
2016-11-08,95.45556640635,0
2016-11-09,94.41731262217031,0
2016-11-10,92.34992218027578,1
2016-11-11,91.30258178720938,1
2016-11-14,90.34628295908438,1
2016-11-15,91.09307098398672,1
2016-11-16,91.71240234385,1
2016-11-17,93.40640258799063,1
2016-11-18,95.25521087656485,1
2016-11-21,95.71057891855703,1
2016-11-22,95.92005157480703,1
2016-11-23,95.71968078623281,1
2016-11-25,94.84538269052969,1
2016-11-28,94.3808822632836,1
2016-11-29,94.52661895761953,0
2016-11-30,93.92551422129141,0
2016-12-01,91.06574249277578,1
2016-12-02,90.87451934824453,1
2016-12-05,93.7342529297875,1
2016-12-06,93.54300689707266,1
2016-12-07,94.30804443369375,0
2016-12-08,93.90727996836172,1
2016-12-09,93.4974594117211,1
2016-12-12,93.71603393564688,1
2016-12-13,95.30076599131094,1
2016-12-14,94.3808822632836,1
2016-12-15,95.65594482431875,1
2016-12-16,96.7579574585961,1
2016-12-19,100.38272094736563,1
2016-12-20,99.91825103769766,1
2016-12-21,100.2279052735375,1
2016-12-22,100.16413879404531,0
2016-12-23,100.84721374521719,0
2016-12-27,101.55759429941641,0
2016-12-28,100.89274597177969,0
2016-12-29,101.23882293711172,0
2016-12-30,102.18598937998281,0
2017-01-03,100.59220123301016,0
2017-01-04,100.10950469980703,0
2017-01-05,101.31167602549063,0
2017-01-06,101.202392578225,1
2017-01-09,102.45011138926016,1
2017-01-10,102.59584045420156,0
2017-01-11,103.35178375254141,0
2017-01-12,104.52661895761953,0
2017-01-13,105.00934600840078,0
2017-01-17,105.56488800058828,0
2017-01-18,111.99478912363516,0
2017-01-19,110.98384857187735,0
2017-01-20,111.15689086924063,0
2017-01-23,111.26618194590078,1
2017-01-24,111.61224365244375,1
2017-01-25,111.82170104990469,0
2017-01-26,110.3189926148461,0
2017-01-27,110.90184783945547,0
2017-01-30,110.84722900400625,0
2017-01-31,110.56488800058828,0
2017-02-01,110.48291015635,0
2017-02-02,111.78529357920156,0
2017-02-03,112.03120422373281,0
2017-02-06,111.32083892832266,0
2017-02-07,112.25888824472891,0
2017-02-08,113.01480865488516,0
2017-02-09,113.40641784677969,0
2017-02-10,113.70699310312735,0
2017-02-13,115.20970916758047,0
2017-02-14,114.98202514658438,0
2017-02-15,115.90189361582266,0
2017-02-16,115.91098785410391,0
2017-02-17,115.55580139170156,0
2017-02-21,116.2024154664086,0
2017-02-22,112.77800750742422,0
2017-02-23,112.73247528086172,1
2017-02-24,111.59405517588125,0
2017-02-27,111.93102264414297,1
2017-02-28,110.82899475107656,0
2017-03-01,112.45014953623281,1
2017-03-02,110.7197265626,0
2017-03-03,112.00388336191641,0
2017-03-06,110.74703979502188,0
2017-03-07,109.27161407480703,1
2017-03-08,109.97291564951406,1
2017-03-09,110.42828369150625,1
2017-03-10,113.84358215342031,0
2017-03-13,113.10589599619375,1
2017-03-14,112.92372131357656,0
2017-03-15,114.81809234629141,0
2017-03-16,114.9273910523461,1
2017-03-17,116.48474884043203,1
2017-03-20,116.82175445566641,1
2017-03-21,115.0457763672875,0
2017-03-22,117.41373443613516,1
2017-03-23,117.68695068369375,1
2017-03-24,120.43741607676016,1
2017-03-27,120.85636901865469,1
2017-03-28,121.84909057627188,0
2017-03-29,121.04761505136953,1
2017-03-30,120.7926025391625,1
2017-03-31,120.94744110117422,0
2017-04-03,120.38276672373281,0
2017-04-04,120.89278411875235,0
2017-04-05,119.33542633066641,0
2017-04-06,119.28985595713125,0
2017-04-07,119.47200775156485,0
2017-04-10,118.31538391123281,0
2017-04-11,118.22429656992422,0
2017-04-12,117.49569702158438,0
2017-04-13,116.92192840586172,0
2017-04-17,118.55213928232656,0
2017-04-18,118.98931884775625,0
2017-04-19,115.56489562998281,0
2017-04-20,118.44287109385,0
2017-04-21,118.42465972910391,0
2017-04-24,121.54853820810781,0
2017-04-25,122.2589340210961,0
2017-04-26,120.63780975351797,0
2017-04-27,121.08403015146719,1
2017-04-28,121.27446746836172,0
2017-05-01,122.20344543467031,0
2017-05-02,124.16261291513906,0
2017-05-03,123.40834045420156,0
2017-05-04,124.22695922861563,0
2017-05-05,124.94437408457266,0
2017-05-08,122.58056640635,0
2017-05-09,124.13498687754141,0
2017-05-10,123.06802368174063,0
2017-05-11,123.399169921975,0
2017-05-12,124.57649993906485,0
2017-05-15,124.85248565683828,0
2017-05-16,126.25052642832266,0
2017-05-17,122.15742492685781,0
2017-05-18,123.25199890146719,0
2017-05-19,124.03382873545156,0
2017-05-22,123.44516754160391,0
2017-05-23,123.16923522959219,0
2017-05-24,122.78289031992422,0
2017-05-25,124.07062530527578,0
2017-05-26,123.43595123301016,0
2017-05-30,122.70934295664297,0
2017-05-31,121.40322875986563,0
2017-06-01,123.07723236093985,0
2017-06-02,123.89582824717031,0
2017-06-05,122.47936248789297,0
2017-06-06,121.9826889039086,0
2017-06-07,123.2427978516625,0
2017-06-08,124.18099212656485,0
2017-06-09,119.60041809092031,0
2017-06-12,118.72663116465078,0
2017-06-13,121.34801483164297,0
2017-06-14,119.71079254160391,0
2017-06-15,117.346923828225,0
2017-06-16,119.23250579843985,0
2017-06-19,120.90652465830313,0
2017-06-20,118.18393707285391,0
2017-06-21,119.96833038340078,0
2017-06-22,119.59123229990469,0
2017-06-23,123.84063720713125,0
2017-06-26,123.04962158213125,0
2017-06-27,121.75272369394766,0
2017-06-28,124.16261291513906,0
2017-06-29,119.20491027842031,0
2017-06-30,119.85797119150625,0
2017-07-03,119.269287109475,1
2017-07-05,120.93412017832266,0
2017-07-06,120.69497680674063,0
2017-07-07,122.23100280771719,1
2017-07-10,123.99704742441641,0
2017-07-11,124.9260482789086,0
2017-07-12,126.04815673838125,0
2017-07-13,125.87339782724844,0
2017-07-14,128.6971740723656,0
2017-07-17,128.97311401377186,0
2017-07-18,131.76002502451405,0
2017-07-19,138.54811096201405,0
2017-07-20,141.4822540284203,0
2017-07-21,141.91455078135,0
2017-07-24,141.40869140635,0
2017-07-25,140.47966003427968,0
2017-07-26,142.13529968271718,0
2017-07-27,140.9487609864281,0
2017-07-28,140.29570007334218,0
2017-07-31,138.2721710206078,0
2017-08-01,138.81488037119374,0
2017-08-02,138.9068603516625,0
2017-08-03,139.964599609475,0
2017-08-04,140.67282104502186,0
2017-08-07,142.0341339112328,0
2017-08-08,140.84754943857655,0
2017-08-09,141.24310302744374,0
2017-08-10,138.13420104990468,0
2017-08-11,139.06321716318593,0
2017-08-14,140.36932373056874,0
2017-08-15,140.23129272470936,0
2017-08-16,141.34428405771718,0
2017-08-17,138.56651306162343,0
2017-08-18,140.0473937989281,0
2017-08-21,139.4311065674828,0
2017-08-22,141.98812866220936,0
2017-08-23,141.09593200693593,0
2017-08-24,141.14193725595936,0
2017-08-25,141.8501281739281,0
2017-08-28,141.75819396982655,0
2017-08-29,142.70555114756093,0
2017-08-30,142.39283752451405,0
2017-08-31,143.7725372315453,0
2017-09-01,144.66473388681874,0
2017-09-05,142.39283752451405,0
2017-09-06,143.9289093018578,0
2017-09-07,147.9575500489281,0
2017-09-08,146.9090118409203,0
2017-09-11,149.72355651865468,0
2017-09-12,148.4082794190453,0
2017-09-13,147.23094177256093,0
2017-09-14,148.4818878174828,0
2017-09-15,149.38323974619374,0
2017-09-18,153.5959014893578,0
2017-09-19,154.79164123545155,0
2017-09-20,151.9403076172875,0
2017-09-21,152.47373962412343,0
2017-09-22,152.6485137940453,0
2017-09-25,149.01530456552968,0
2017-09-26,149.79716491709218,0
2017-09-27,153.54991149912343,0
2017-09-28,156.8151397706078,0
2017-09-29,157.4682159424828,0
2017-10-02,157.00831604013905,0
2017-10-03,156.78756713877186,0
2017-10-04,157.4590148926781,0
2017-10-05,155.00315856943593,0
2017-10-06,155.8493957520531,0
2017-10-09,156.49322509775624,0
2017-10-10,157.44981384287343,0
2017-10-11,159.0318603516625,0
2017-10-12,159.6849670411156,0
2017-10-13,162.15914917002186,0
2017-10-16,162.42591857920155,0
2017-10-17,162.19593811045155,0
2017-10-18,157.9556884766625,0
2017-10-19,161.901611328225,0
2017-10-20,161.16575622568593,0
2017-10-23,163.78720092783436,0
2017-10-24,164.11827087412343,0
2017-10-25,163.13412475595936,0
2017-10-26,163.5572814942406,0
2017-10-27,164.57821655283436,0
2017-10-30,163.65841674814686,0
2017-10-31,166.25224304209218,0
2017-11-01,166.85014343271718,0
2017-11-02,167.6318664551781,0
2017-11-03,169.7750244141625,0
2017-11-06,170.08775329599843,0
2017-11-07,168.800048828225,0
2017-11-08,166.95126342783436,0
2017-11-09,163.7319641114281,0
2017-11-10,165.19451904306874,0
2017-11-13,164.50460815439686,0
2017-11-14,165.87509155283436,0
2017-11-15,163.64002990732655,0
2017-11-16,167.20880126963124,0
2017-11-17,165.8658752442406,0
2017-11-20,166.96961975107655,0
2017-11-21,170.50164794931874,0
2017-11-22,168.32174682627186,0
2017-11-24,171.4214630127953,0
2017-11-27,169.90374755869374,0
2017-11-28,169.5082550049828,0
2017-11-29,158.6087951661156,0
2017-11-30,161.44171142588124,0
2017-12-01,158.5995635987328,0
2017-12-04,155.7481994629906,1
2017-12-05,156.82435607920155,1
2017-12-06,156.980712890725,1
2017-12-07,158.3603820801781,1
2017-12-08,158.1856689454125,1
2017-12-11,161.08299255381093,1
2017-12-12,158.3512268067406,0
2017-12-13,159.4549560547875,1
2017-12-14,158.12126159677968,1
2017-12-15,159.85966491709218,1
2017-12-18,162.22355651865468,1
2017-12-19,162.83062744150624,1
2017-12-20,161.11981201181874,1
2017-12-21,160.5403594971703,0
2017-12-22,161.16575622568593,0
2017-12-26,159.20663452158436,0
2017-12-27,160.08042907724843,0
2017-12-28,160.2275695801781,0
2017-12-29,159.87806701670155,0
2018-01-02,163.4744415284203,0
2018-01-03,164.71617126474843,0
2018-01-04,166.25224304209218,0
2018-01-05,168.2021789551781,0
2018-01-08,169.085205078225,0
2018-01-09,168.1745910645531,0
2018-01-10,166.21543884287343,0
2018-01-11,164.22865295420155,0
2018-01-12,166.3625793458031,0
2018-01-16,171.43063354502186,0
2018-01-17,183.20399475107655,0
2018-01-18,187.0487060547875,1
2018-01-19,189.03544616709218,0
2018-01-22,189.05387878427968,0
2018-01-23,188.9526672364281,0
2018-01-24,186.02772521982655,0
2018-01-25,184.7216339112328,0
2018-01-26,189.94606018076405,0
2018-01-29,187.65576171885,0
2018-01-30,184.1697540284203,0
2018-01-31,186.68080139170155,0
2018-02-01,185.26434326181874,0
2018-02-02,178.9637451172875,0
2018-02-05,171.70660400400624,0
2018-02-06,178.54063415537343,0
2018-02-07,172.13885498056874,0
2018-02-08,165.4704132081078,0
2018-02-09,168.93800354013905,1
2018-02-12,171.3938751221703,1
2018-02-13,170.38212585459218,0
2018-02-14,175.99276733408436,0
2018-02-15,179.2672424317406,0
2018-02-16,176.8114013672875,0
2018-02-20,179.83753967295155,0
2018-02-21,178.81657409677968,0
2018-02-22,177.7864074708031,0
2018-02-23,181.0332336426781,0
2018-02-26,184.7307891846703,0
2018-02-27,181.60350036631093,0
2018-02-28,179.71795654306874,0
2018-03-01,176.53549194345936,0
2018-03-02,178.0438995362328,0
2018-03-05,182.4405517579125,0
2018-03-06,186.57035827646718,0
2018-03-07,189.52294921885,0
2018-03-08,188.57557678232655,0
2018-03-09,192.61344909677968,0
2018-03-12,194.35186767588124,0
2018-03-13,191.33493042002186,0
2018-03-14,194.5633850098656,0
2018-03-15,197.239990234475,0
2018-03-16,196.8904571534203,0
2018-03-19,195.6855468751,0
2018-03-20,195.547607421975,0
2018-03-21,196.5869140626,0
2018-03-22,188.29962158213124,0
2018-03-23,183.13961792002186,0
2018-03-26,190.8106231690453,0
2018-03-27,184.22489929209218,0
2018-03-28,178.9269561768578,1
2018-03-29,182.6336669922875,0
2018-04-02,177.56565856943593,1
2018-04-03,183.43389892588124,1
2018-04-04,182.35775756845936,1
2018-04-05,182.74407958994374,1
2018-04-06,179.01890563974843,1
2018-04-09,182.60614013681874,0
2018-04-10,189.06303405771718,0
2018-04-11,189.06303405771718,0
2018-04-12,189.69764709482655,0
2018-04-13,189.15501403818593,0
2018-04-16,190.12081909189686,0
2018-04-17,195.63951110849843,0
2018-04-18,189.77130126963124,0
2018-04-19,179.45123291025624,0
2018-04-20,177.53805542002186,1
2018-04-23,175.97441101084218,1
2018-04-24,178.48545837412343,0
2018-04-25,176.28715515146718,0
2018-04-26,179.98472595224843,0
2018-04-27,177.93211364756093,0
2018-04-30,174.86991882334218,0
2018-05-01,177.6444396973656,1
2018-05-02,176.62371826181874,1
2018-05-03,178.86007690439686,1
2018-05-04,181.421142578225,1
2018-05-07,180.83648681650624,1
2018-05-08,179.89935302744374,1
2018-05-09,183.685302734475,1
2018-05-10,186.58050537119374,1
2018-05-11,184.47409057627186,0
2018-05-14,187.3878173829125,0
2018-05-15,185.52262878427968,0
2018-05-16,188.26005554209218,0
2018-05-17,187.79608154306874,0
2018-05-18,183.11927795420155,0
2018-05-21,187.91671752939686,0
2018-05-22,187.94451904306874,0
2018-05-23,185.77316284189686,0
2018-05-24,186.35775756845936,1
2018-05-25,186.60829162607655,0
2018-05-29,181.50465393076405,0
2018-05-30,182.89657592783436,0
2018-05-31,182.47901916513905,0
2018-06-01,187.59193420420155,1
2018-06-04,189.22511291513905,0
2018-06-05,194.23597717295155,1
2018-06-06,198.2168273926781,0
2018-06-07,192.6028137208031,0
2018-06-08,192.50074768076405,0
2018-06-11,194.73703002939686,0
2018-06-12,194.25450134287343,0
2018-06-13,198.34677124033436,0
2018-06-14,200.33251953135,0
2018-06-15,199.33964538584218,0
2018-06-18,195.88771057138905,0
2018-06-19,191.32225036631093,0
2018-06-20,190.69122314463124,1
2018-06-21,189.52207946787343,0
2018-06-22,191.4985656739281,0
2018-06-25,182.47901916513905,0
2018-06-26,183.70387268076405,1
2018-06-27,179.92713928232655,1
2018-06-28,179.63021850595936,1
2018-06-29,183.70387268076405,1
2018-07-02,181.1798858643578,0
2018-07-03,177.6722412110375,1
2018-07-05,181.86659240732655,1
2018-07-06,183.10072326670155,1
2018-07-09,184.76170349131093,1
2018-07-10,185.05868530283436,0
2018-07-11,179.63954162607655,0
2018-07-12,184.96586608896718,0
2018-07-13,184.83595275888905,1
2018-07-16,185.6618194581078,1
2018-07-17,189.61485290537343,1
2018-07-18,202.19764709482655,1
2018-07-19,199.7479553223656,1
2018-07-20,203.97003173838124,1
2018-07-23,204.8701171876,1
2018-07-24,198.3003234864281,1
2018-07-25,203.1905822754906,0
2018-07-26,201.0377197266625,0
2018-07-27,197.92918396006093,0
2018-07-30,199.04264831552968,0
2018-07-31,198.57872009287343,0
2018-08-01,198.49520874033436,0
2018-08-02,200.2675781251,0
2018-08-03,199.302490234475,0
2018-08-06,198.1797180176781,0
2018-08-07,198.17037963877186,0
2018-08-08,197.65077209482655,1
2018-08-09,194.09677124033436,1
2018-08-10,189.1972961426781,1
2018-08-13,189.9489288331078,1
2018-08-14,190.79335021982655,1
2018-08-15,182.93368530283436,1
2018-08-16,183.601806640725,1
2018-08-17,183.1470947266625,1
2018-08-20,185.11434936533436,1
2018-08-21,186.0422668458031,1
2018-08-22,186.33921813974843,1
2018-08-23,185.16073608408436,1
2018-08-24,188.35282897959218,1
2018-08-27,193.5585937501,0
2018-08-28,191.79550170908436,0
2018-08-29,191.91615295420155,0
2018-08-30,190.41282653818593,0
2018-08-31,190.273681640725,0
2018-09-04,185.10508728037343,0
2018-09-05,181.05921936045155,0
2018-09-06,171.15814208994374,0
2018-09-07,167.83612060556874,1
2018-09-10,172.29022216806874,1
2018-09-11,170.156005859475,1
2018-09-12,162.7324981690453,1
2018-09-13,168.8847198487328,1
2018-09-14,171.0653839112328,1
2018-09-17,169.89616394052968,1
2018-09-18,173.12542724619374,1
2018-09-19,175.42669677744374,1
2018-09-20,177.69085693369374,1
2018-09-21,174.851318359475,1
2018-09-24,177.6722412110375,1
2018-09-25,176.5030517579125,1
2018-09-26,175.19467163095936,1
2018-09-27,175.13902282724843,1
2018-09-28,174.47088623056874,1
2018-10-01,176.38243103037343,1
2018-10-02,176.4566955567406,1
2018-10-03,177.98776245127186,1
2018-10-04,173.95126342783436,1
2018-10-05,170.54571533213124,1
2018-10-08,168.58775329599843,1
2018-10-09,169.76625061045155,1
2018-10-10,159.53109741220936,1
2018-10-11,159.4011535645531,1
2018-10-12,161.72103881845936,1
2018-10-15,160.85807800302968,1
2018-10-16,168.62489318857655,1
2018-10-17,171.67778015146718,1
2018-10-18,163.72532653818593,1
2018-10-19,163.0943908692406,1
2018-10-22,163.6233215333031,1
2018-10-23,160.48687744150624,1
2018-10-24,146.76268005381093,1
2018-10-25,156.85865783701405,1
2018-10-26,154.2325744629906,1
2018-10-29,151.59722900400624,1
2018-10-30,156.58026123056874,1
2018-10-31,159.93937683115468,1
2018-11-01,163.0572814942406,1
2018-11-02,162.37986755381093,1
2018-11-05,160.4033203126,1
2018-11-06,164.6439971924828,1
2018-11-07,164.6347198487328,1
2018-11-08,162.37986755381093,1
2018-11-09,162.85308837900624,1
2018-11-12,156.82150268564686,1
2018-11-13,158.57533264170155,1
2018-11-14,160.28273010263905,1
2018-11-15,164.05018615732655,1
2018-11-16,156.81224060068593,1
2018-11-19,151.80137634287343,1
2018-11-20,149.7042236329125,1
2018-11-21,152.0983428956078,1
2018-11-23,151.8663330079125,1
2018-11-26,155.36463928232655,1
2018-11-27,155.3460998536156,1
2018-11-28,161.7488555909203,1
2018-11-29,159.159912109475,1
2018-11-30,159.0021514893578,1
2018-12-03,164.8574523926781,1
2018-12-04,157.4153594971703,1
2018-12-06,154.36248779306874,1
2018-12-07,148.03395080576405,1
2018-12-10,149.7784423829125,1
2018-12-11,149.8341369629906,1
2018-12-12,153.3139190674828,1
2018-12-13,152.26536560068593,1
2018-12-14,149.42582702646718,1
2018-12-17,149.02684021006093,1
2018-12-18,150.86415100107655,1
2018-12-19,142.79106140146718,1
2018-12-20,141.67758178720936,1
2018-12-21,137.75238037119374,1
2018-12-24,134.560302734475,1
2018-12-26,141.9002685547875,1
2018-12-27,143.26437377939686,1
2018-12-28,143.9138946534203,1
2018-12-31,144.40570068369374,1
2019-01-02,145.03671264658436,1
2019-01-03,137.03785705576405,1
2019-01-04,142.96742248545155,1
2019-01-07,146.23374938974843,1
2019-01-08,145.1573028565453,1
2019-01-09,151.17967224131093,1
2019-01-10,150.89198303232655,1
2019-01-11,150.34446716318593,1
2019-01-14,147.2544708252953,1
2019-01-15,147.75558471689686,1
2019-01-16,145.94606018076405,1
2019-01-17,146.18734741220936,1
2019-01-18,150.97547912607655,1
2019-01-22,148.00614929209218,1
2019-01-23,150.43731689463124,1
2019-01-24,156.72872924814686,1
2019-01-25,163.92950439463124,1
2019-01-28,161.60035705576405,1
2019-01-29,162.02723693857655,1
2019-01-30,164.42132568369374,1
2019-01-31,162.41700744638905,1
2019-02-01,165.5534210206078,0
2019-02-04,166.6205596924828,1
2019-02-05,168.52279663095936,1
2019-02-06,173.39450073252186,1
2019-02-07,168.049560546975,1
2019-02-08,168.02177429209218,1
2019-02-11,165.65548706064686,1
2019-02-12,169.61781311045155,1
2019-02-13,169.1723937989281,1
2019-02-14,171.04679870615468,1
2019-02-15,171.0839385987328,0
2019-02-19,169.31156921396718,1
2019-02-20,170.60137939463124,1
2019-02-21,169.37651062021718,0
2019-02-22,171.56646728525624,0
2019-02-25,173.51513671885,0
2019-02-26,172.00262451181874,0
2019-02-27,170.85191345224843,0
2019-02-28,169.69200134287343,0
2019-03-01,171.77059936533436,0
2019-03-04,172.28094482431874,0
2019-03-05,171.23239135752186,0
2019-03-06,168.10519409189686,0
2019-03-07,164.7275390626,0
2019-03-08,165.9523468018578,0
2019-03-11,168.04029846201405,0
2019-03-12,169.35800170908436,0
2019-03-13,169.37651062021718,0
2019-03-14,170.08177185068593,0
2019-03-15,178.91571044931874,0
2019-03-18,176.90206909189686,0
2019-03-19,177.059814453225,0
2019-03-20,177.36607360849843,0
2019-03-21,180.35400390635,0
2019-03-22,174.2203369141625,1
2019-03-25,172.90269470224843,0
2019-03-26,173.79347229013905,0
2019-03-27,170.7962646485375,0
2019-03-28,170.9261779786156,1
2019-03-29,174.49874877939686,1
2019-04-01,178.60948181162343,0
2019-04-02,179.87150573740468,0
2019-04-03,183.4904327393578,0
2019-04-04,184.08433532724843,0
2019-04-05,186.87744140635,0
2019-04-08,188.89103698740468,0
2019-04-09,187.04443359385,0
2019-04-10,185.39271545420155,0
2019-04-11,183.648193359475,0
2019-04-12,188.2043762208031,0
2019-04-15,185.4390869141625,0
2019-04-16,188.9467315674828,0
2019-04-17,188.70545959482655,0
2019-04-18,191.0717315674828,0
2019-04-22,190.70050048838124,0
2019-04-23,190.4963684083031,0
2019-04-24,190.6077423096703,0
2019-04-25,191.35009765635,0
2019-04-26,194.51950073252186,0
2019-04-29,193.77784729013905,0
2019-04-30,196.04034423838124,0
2019-05-01,193.75900268564686,0
2019-05-02,193.32719421396718,0
2019-05-03,195.90890502939686,0
2019-05-06,192.6137237549828,0
2019-05-07,188.4079132081078,1
2019-05-08,189.1026153565453,1
2019-05-09,186.81193542490468,1
2019-05-10,186.57723999033436,1
2019-05-13,178.78517150888905,1
2019-05-14,185.9200439454125,1
2019-05-15,188.35153198252186,1
2019-05-16,189.76913452158436,1
2019-05-17,188.88665771494374,1
2019-05-20,178.82273864756093,1
2019-05-21,181.8926086426781,1
2019-05-22,179.80845642099843,1
2019-05-23,178.95420837412343,1
2019-05-24,178.1843566895531,1
2019-05-28,179.30152893076405,1
2019-05-29,177.02020263681874,1
2019-05-30,178.2688293458031,1
2019-05-31,176.54144287119374,1
2019-06-03,175.5368957520531,1
2019-06-04,178.803955078225,1
2019-06-05,177.808837890725,1
2019-06-06,180.9632110596703,1
2019-06-07,184.5869903565453,1
2019-06-10,186.12657165537343,1
2019-06-11,187.85398864756093,1
2019-06-12,184.7747802735375,1
2019-06-13,185.8168029786156,1
2019-06-14,180.2685089112328,1
2019-06-17,178.03414917002186,1
2019-06-18,182.8032531739281,1
2019-06-19,184.7747802735375,1
2019-06-20,189.31852722177968,1
2019-06-21,189.89120483408436,1
2019-06-24,190.3887939454125,0
2019-06-25,186.8588409424828,0
2019-06-26,191.88140869150624,0
2019-06-27,192.44474792490468,1
2019-06-28,195.2047882081078,0
2019-07-01,201.81394958506093,0
2019-07-02,201.2976379395531,1
2019-07-03,200.7437286377953,0
2019-07-05,196.91343688974843,0
2019-07-08,195.29867553720936,0
2019-07-09,193.965576171975,0
2019-07-10,195.38319396982655,0
2019-07-11,195.96527099619374,0
2019-07-12,195.43949890146718,1
2019-07-15,194.1063995362328,1
2019-07-16,192.4541015626,1
2019-07-17,204.3487091065453,1
2019-07-18,212.77915954599843,0
2019-07-19,209.93458557138905,0
2019-07-22,213.80245971689686,0
2019-07-23,216.12126159677968,0
2019-07-24,219.7356719971703,0
2019-07-25,215.9710998536156,0
2019-07-26,216.7221221924828,0
2019-07-29,216.83476257334218,0
2019-07-30,214.36572265635,0
2019-07-31,209.17416381845936,0
2019-08-01,207.88798522959218,0
2019-08-02,206.45162963877186,0
2019-08-05,199.1477813721703,0
2019-08-06,201.7388458252953,0
2019-08-07,202.49923706064686,0
2019-08-08,206.56430053720936,0
2019-08-09,202.77154541025624,0
2019-08-12,201.32579040537343,0
2019-08-13,205.7851104737328,0
2019-08-14,195.94647216806874,0
2019-08-15,197.0167236329125,0
2019-08-16,199.82371521006093,0
2019-08-19,202.48991394052968,0
2019-08-20,201.5510559083031,0
2019-08-21,203.7478790284203,0
2019-08-22,202.08622741709218,0
2019-08-23,197.61749267588124,0
2019-08-26,200.89396667490468,0
2019-08-27,200.9690704346703,0
2019-08-28,202.54620361338124,0
2019-08-29,206.29205322275624,0
2019-08-30,208.98638916025624,0
2019-09-03,206.554931640725,0
2019-09-04,213.36119079599843,0
2019-09-05,222.5802307129906,0
2019-09-06,223.96025085459218,0
2019-09-09,226.56072998056874,0
2019-09-10,226.87992858896718,0
2019-09-11,230.23149108896718,0
2019-09-12,231.72410583506093,0
2019-09-13,233.7519836426781,0
2019-09-16,231.14210510263905,0
2019-09-17,232.91642761240468,0
2019-09-18,234.50297546396718,0
2019-09-19,234.31520080576405,0
2019-09-20,230.74781799326405,0
2019-09-23,233.27313232431874,0
2019-09-24,231.31103515635,0
2019-09-25,232.38128662119374,0
2019-09-26,232.86004638681874,0
2019-09-27,228.79513549814686,0
2019-09-30,233.21681213388905,0
2019-10-01,230.37229919443593,0
2019-10-02,225.5844268799828,0
2019-10-03,229.3959045411156,0
2019-10-04,230.9824981690453,0
2019-10-07,232.27804565439686,0
2019-10-08,227.2648468018578,0
2019-10-09,231.19841003427968,0
2019-10-10,236.0989532471703,0
2019-10-11,244.08815002451405,0
2019-10-14,245.62779235849843,0
2019-10-15,251.1667022706078,0
2019-10-16,238.8966064454125,0
2019-10-17,238.23002624521718,0
2019-10-18,238.84965515146718,0
2019-10-21,244.49179077158436,0
2019-10-22,239.6664123536156,0
2019-10-23,241.89137268076405,0
2019-10-24,248.75395202646718,0
2019-10-25,247.8340148926781,0
2019-10-28,250.19972229013905,0
2019-10-29,248.4066162110375,0
2019-10-30,249.3924102784203,0
2019-10-31,245.93760681162343,0
2019-11-01,254.0394287110375,0
2019-11-04,257.5751953126,0
2019-11-05,256.27413940439686,0
2019-11-06,253.38883972177968,0
2019-11-07,252.3611602784203,0
2019-11-08,252.02169799814686,0
2019-11-11,251.4842529297875,0
2019-11-12,252.30455017099843,0
2019-11-13,254.50152587900624,0
2019-11-14,254.32231140146718,0
2019-11-15,259.2629699708031,0
2019-11-18,257.84872436533436,0
2019-11-19,256.03829956064686,0
2019-11-20,253.51136779795155,0
2019-11-21,251.77653503427968,0
2019-11-22,251.01278686533436,0
2019-11-25,255.66123962412343,0
2019-11-26,255.96286010752186,0
2019-11-27,255.97235107431874,0
2019-11-29,255.16151428232655,0
2019-12-02,250.41879272470936,0
2019-12-03,249.7115783692406,0
2019-12-04,254.3505859376,0
2019-12-05,258.19747924814686,0
2019-12-06,264.0904846192406,0
2019-12-09,261.66732788095936,0
2019-12-10,263.16647338877186,0
2019-12-11,267.81488037119374,0
2019-12-12,270.83209228525624,0
2019-12-13,273.33074951181874,0
2019-12-16,276.2347717286156,0
2019-12-17,277.9980468751,0
2019-12-18,275.4710693360375,0
2019-12-19,275.15036010752186,0
2019-12-20,276.81939697275624,0
2019-12-23,279.22372436533436,0
2019-12-24,278.08285522470936,0
2019-12-26,279.4122619629906,0
2019-12-27,279.72344970713124,0
2019-12-30,278.0450439454125,0
2019-12-31,279.0351562501,0
2020-01-02,285.53158569345936,0
2020-01-03,280.9302978516625,0
2020-01-06,278.6956787110375,0
2020-01-07,281.7222900391625,0
2020-01-08,284.64523315439686,0
2020-01-09,284.164306640725,0
2020-01-10,279.26144409189686,0
2020-01-13,284.2303771973656,0
2020-01-14,285.26754760752186,0
2020-01-15,282.93853759775624,0
2020-01-16,283.8814697266625,0
2020-01-17,282.90087890635,0
2020-01-21,281.3546142579125,0
2020-01-22,279.3274230958031,0
2020-01-23,277.50765991220936,0
2020-01-24,278.93136596689686,0
2020-01-27,268.0411376954125,0
2020-01-28,273.60409545908436,0
2020-01-29,279.22372436533436,0
2020-01-30,277.56427001963124,0
2020-01-31,264.62789917002186,0
2020-02-03,271.6996154786156,0
2020-02-04,282.13726806650624,0
2020-02-05,288.8221435547875,0
2020-02-06,291.86764526377186,0
2020-02-07,287.5492248536156,0
2020-02-10,291.9902343751,0
2020-02-11,297.95870971689686,0
2020-02-12,299.30697631845936,0
2020-02-13,299.1278381348656,0
2020-02-14,298.2320556641625,0
2020-02-18,291.518798828225,0
2020-02-19,299.25985717783436,0
2020-02-20,295.56381225595936,0
2020-02-21,288.5205383301781,0
2020-02-24,273.8115539551781,0
2020-02-25,268.33349609385,0
2020-02-26,269.9646301270531,1
2020-02-27,261.3939208985375,0
2020-02-28,260.903564453225,0
2020-03-02,271.0677490235375,0
2020-03-03,268.05999755869374,0
2020-03-04,284.3812255860375,0
2020-03-05,271.78436279306874,0
2020-03-06,271.6523742676781,0
2020-03-09,248.834716796975,0
2020-03-10,263.77935791025624,0
2020-03-11,249.05165100107655,0
2020-03-12,226.99774169931874,0
2020-03-13,242.27230834970936,0
2020-03-16,216.25831604013905,1
2020-03-17,224.72538757334218,1
2020-03-18,185.73736572275624,1
2020-03-19,201.8040313721703,1
2020-03-20,203.75579833994374,1
2020-03-23,219.83183288584218,1
2020-03-24,245.3460693360375,1
2020-03-25,247.0998840333031,0
2020-03-26,260.139892578225,1
2020-03-27,238.18968200693593,1
2020-03-30,252.71934509287343,1
2020-03-31,246.69444274912343,1
2020-04-01,234.785888671975,1
2020-04-02,233.1546936036156,1
2020-04-03,230.6372833252953,1
2020-04-06,255.64231872568593,1
2020-04-07,257.0189514161156,1
2020-04-08,262.6666259766625,-1
2020-04-09,260.9979248047875,-1
2020-04-13,258.4426574708031,1
2020-04-14,272.4255676270531,1
2020-04-15,266.35348510752186,-1
2020-04-16,275.6972961426781,-1
2020-04-17,278.7616271973656,-1
2020-04-20,274.9241943360375,-1
2020-04-21,265.033447265725,0
2020-04-22,278.12054443369374,-1
2020-04-23,272.86871337900624,-1
2020-04-24,276.56271362314686,1
2020-04-27,275.67181396494374,1
2020-04-28,276.1645812989281,1
2020-04-29,287.811279296975,1
2020-04-30,273.3311767579125,1
2020-05-01,264.45172119150624,1
2020-05-04,268.3558654786156,1
2020-05-05,273.25534057627186,1
2020-05-06,276.61944580088124,1
2020-05-07,283.9068603516625,1
2020-05-08,288.46517944345936,1
2020-05-11,288.4556884766625,1
2020-05-12,281.10186767588124,1
2020-05-13,278.82757568369374,1
2020-05-14,286.7119445801781,1
2020-05-15,277.2259826661156,1
2020-05-18,288.92953491220936,1
2020-05-19,290.2183837891625,1
2020-05-20,308.59335327158436,1
2020-05-21,302.29135131845936,1
2020-05-22,302.64205932627186,1
2020-05-26,303.1158752442406,1
2020-05-27,301.85540771494374,1
2020-05-28,303.22006225595936,1
2020-05-29,312.26071167002186,1
2020-06-01,309.62628173838124,1
2020-06-02,317.20736694345936,1
2020-06-03,328.1717529297875,0
2020-06-04,334.6253662110375,0
2020-06-05,338.52011108408436,0
2020-06-08,330.96737670908436,1
2020-06-09,331.0431213379906,1
2020-06-10,329.7069396973656,1
2020-06-11,315.46368408213124,1
2020-06-12,325.1108703614281,1
2020-06-15,331.6875000001,0
2020-06-16,333.62078857431874,0
2020-06-17,343.43844604502186,0
2020-06-18,340.09320068369374,0
2020-06-19,341.78948974619374,0
2020-06-22,345.2200012208031,0
2020-06-23,347.44699096689686,0
2020-06-24,342.65185546885,0
2020-06-25,347.3617248536156,0
2020-06-26,342.82244873056874,0
2020-06-29,345.7128906251,0
2020-06-30,348.76416015635,0
2020-07-01,348.34722900400624,0
2020-07-02,353.68255615244374,0
2020-07-06,365.2818603516625,0
2020-07-07,362.02182006845936,0
2020-07-08,371.41305542002186,0
2020-07-09,374.0570373536156,0
2020-07-10,375.12786865244374,0
2020-07-13,368.27633667002186,0
2020-07-14,376.05657958994374,0
2020-07-15,355.7767639161156,0
2020-07-16,365.05438232431874,0
2020-07-17,363.5096740723656,0
2020-07-20,370.9867248536156,0
2020-07-21,363.7275695801781,0
2020-07-22,372.0479736329125,0
2020-07-23,364.1162414551781,0
2020-07-24,348.4325256348656,0
2020-07-27,361.79449462900624,0
2020-07-28,356.65817260752186,0
2020-07-29,345.53271484385,0
2020-07-30,343.74163818369374,0
2020-07-31,335.20330810556874,0
2020-08-03,347.41854858408436,0
2020-08-04,350.9437255860375,0
2020-08-05,349.21908569345936,0
2020-08-06,349.9013671876,0
2020-08-07,346.90679931650624,0
2020-08-10,346.2814025879906,0
2020-08-11,342.39599609385,0
2020-08-12,355.18927001963124,0
2020-08-13,355.1419677735375,0
2020-08-14,351.67352294931874,0
2020-08-17,358.69564819345936,1
2020-08-18,357.47311401377186,1
2020-08-19,355.31246948252186,1
2020-08-20,352.6875000001,0
2020-08-21,352.64007568369374,0
2020-08-24,358.2027587891625,0
2020-08-25,360.89422607431874,0
2020-08-26,365.7176818848656,0
2020-08-27,356.5255432129906,0
2020-08-28,359.6053771973656,0
2020-08-31,354.59222412119374,0
2020-09-01,366.64642333994374,0
2020-09-02,377.6296691895531,0
2020-09-03,356.4685363770531,0
2020-09-04,348.18624877939686,0
2020-09-08,329.166748046975,0
2020-09-09,340.55758667002186,0
2020-09-10,338.3116760254906,0
2020-09-11,340.42489624033436,0
2020-09-14,348.6788635254906,0
2020-09-15,350.86801147470936,0
2020-09-16,343.41000366220936,0
2020-09-17,347.54171752939686,0
2020-09-18,347.16268920908436,0
2020-09-21,343.63742065439686,0
2020-09-22,345.5517578126,0
2020-09-23,338.8423156739281,0
2020-09-24,341.3063049317406,0
2020-09-25,341.6094970704125,0
2020-09-28,351.6355285645531,0
2020-09-29,354.42169189463124,0
2020-09-30,349.93930053720936,0
2020-10-01,362.01242065439686,0
2020-10-02,350.63104248056874,0
2020-10-05,362.1070861817406,0
2020-10-06,350.73532104502186,1
2020-10-07,356.12744140635,1
2020-10-08,360.9510498047875,1
2020-10-09,368.62701416025624,1
2020-10-12,378.15087890635,1
2020-10-13,383.9410400391625,1
2020-10-14,377.19378662119374,1
2020-10-15,366.33367919931874,1
2020-10-16,366.64642333994374,0
2020-10-19,365.1396484376,0
2020-10-20,364.8079833985375,0
2020-10-21,362.95062255869374,0
2020-10-22,355.8431701661156,0
2020-10-23,358.74298095713124,0
2020-10-26,348.25244140635,0
2020-10-27,347.19110107431874,0
2020-10-28,343.86492919931874,0
2020-10-29,351.44610595713124,0
2020-10-30,342.3011779786156,0
2020-11-02,347.43453979502186,0
2020-11-03,353.95123291025624,1
2020-11-04,364.35870361338124,1
2020-11-05,378.8093566895531,0
2020-11-06,386.4675598145531,1
2020-11-09,386.55319213877186,0
2020-11-10,379.8653869629906,0
2020-11-11,397.70285034189686,1
2020-11-12,392.63226318369374,0
2020-11-13,399.16781616220936,0
2020-11-16,405.7510070801781,0
2020-11-17,405.72247314463124,0
2020-11-18,403.18246459970936,0
2020-11-19,402.75433349619374,0
2020-11-20,402.97308349619374,0
2020-11-23,406.35980224619374,0
2020-11-24,403.62008667002186,0
2020-11-25,402.8685302735375,0
2020-11-27,416.4628906251,0
2020-11-30,416.4249572754906,0
2020-12-01,427.37472534189686,0
2020-12-02,429.049072265725,0
2020-12-03,430.8565673829125,0
2020-12-04,441.7873840333031,0
2020-12-07,446.867431640725,0
2020-12-08,445.76388549814686,0
2020-12-09,430.8470764161156,0
2020-12-10,435.51800537119374,0
2020-12-11,430.59967041025624,0
2020-12-14,430.94219970713124,0
2020-12-15,446.4583740235375,0
2020-12-16,448.579833984475,0
2020-12-17,454.0689697266625,0
2020-12-18,454.0118713379906,0
2020-12-21,449.27438354502186,0
2020-12-22,453.0035705567406,0
2020-12-23,451.51934814463124,0
2020-12-24,459.57720947275624,0
2020-12-28,456.8658752442406,0
2020-12-29,460.4524230958031,0
2020-12-30,466.0653076172875,0
2020-12-31,463.98187255869374,0
2021-01-04,475.6641845704125,0
2021-01-05,480.76318359385,0
2021-01-06,466.36016845713124,0
2021-01-07,477.0245361329125,0
2021-01-08,483.97869873056874,0
2021-01-11,483.2271728516625,0
2021-01-12,488.91619873056874,0
2021-01-13,489.03985595713124,0
2021-01-14,518.1409301758813,0
2021-01-15,501.82562255869374,0
2021-01-19,522.7548828126,0
2021-01-20,522.6406860352563,0
2021-01-21,542.9611206055688,0
2021-01-22,541.73388671885,0
2021-01-25,539.9834594727563,0
2021-01-26,522.2794189454125,0
2021-01-27,499.0953369141625,0
2021-01-28,520.5858764649438,0
2021-01-29,508.16131591806874,0
2021-02-01,527.4068603516625,0
2021-02-02,526.560302734475,0
2021-02-03,516.4857788086938,0
2021-02-04,528.4057006836938,0
2021-02-05,525.9038696290063,0
2021-02-08,536.549072265725,0
2021-02-09,537.97607421885,0
2021-02-10,539.2984008790063,0
2021-02-11,562.7200927735375,0
2021-02-12,568.8848266602563,0
2021-02-16,573.7841186524438,0
2021-02-17,558.9815063477563,0
2021-02-18,554.1295166016625,0
2021-02-19,565.4693603516625,0
2021-02-22,550.3434448243188,0
2021-02-23,548.0316772461938,0
2021-02-24,566.0498046876,0
2021-02-25,532.525146484475,0
2021-02-26,539.4888916016625,0
2021-03-01,555.1475830079125,0
2021-03-02,535.7310180665063,0
2021-03-03,517.1420288086938,0
2021-03-04,485.65313720713124,0
2021-03-05,501.38800048838124,0
2021-03-08,477.74752807627186,0
2021-03-09,513.2608032227563,0
2021-03-10,497.85861206064686,0
2021-03-11,517.9031372071313,0
2021-03-12,511.4625549317406,0
2021-03-15,520.557373046975,0
2021-03-16,522.6406860352563,0
2021-03-17,532.334716796975,0
2021-03-18,512.9466552735375,0
2021-03-19,520.7761840821313,0
2021-03-22,547.9555053711938,0
2021-03-23,531.6688842774438,0
2021-03-24,550.4196166993188,0
2021-03-25,555.5756225586938,0
2021-03-26,595.2173461915063,0
2021-03-29,578.4076538086938,0
2021-03-30,572.0242919922875,0
2021-03-31,587.3119506836938,0
2021-04-01,606.0911865235375,0
2021-04-05,609.3162841797875,0
2021-04-06,597.4340209961938,0
2021-04-07,596.064208984475,0
2021-04-08,608.7359619141625,0
2021-04-09,603.446533203225,0
2021-04-12,599.7457885743188,0
2021-04-13,598.4995727540063,0
2021-04-14,600.2786254883813,0
2021-04-15,610.8384399415063,0
2021-04-16,614.26318359385,0
2021-04-19,599.4413452149438,0
2021-04-20,586.9124755860375,0
2021-04-21,623.5860595704125,0
2021-04-22,615.5950927735375,0
2021-04-23,638.255615234475,0
2021-04-26,637.8084106446313,0
2021-04-27,640.0631713868188,0
2021-04-28,632.9567260743188,0
2021-04-29,630.2359008790063,0
2021-04-30,616.5557861329125,0
2021-05-03,624.3792724610375,0
2021-05-04,600.1171875001,0
2021-05-05,612.405517578225,0
2021-05-06,614.752685546975,0
2021-05-07,628.3292846680688,0
2021-05-10,598.4569091797875,0
2021-05-11,601.7008666993188,0
2021-05-12,574.242431640725,0
2021-05-13,594.4785156251,0
2021-05-14,618.0156250001,0
2021-05-17,606.1754760743188,0
2021-05-18,603.1607055665063,0
2021-05-19,601.8153686524438,0
2021-05-20,618.979248046975,0
2021-05-21,609.86767578135,0
2021-05-24,628.69189453135,0
2021-05-25,641.419189453225,0
2021-05-26,635.1986083985375,0
2021-05-27,634.5499267579125,0
2021-05-28,644.4531860352563,0
2021-06-01,640.9517211915063,0
2021-06-02,643.1365356446313,0
2021-06-03,635.3131713868188,0
2021-06-04,651.9236450196313,0
2021-06-07,650.6641845704125,0
2021-06-08,649.4715576172875,0
2021-06-09,651.2462158204125,0
2021-06-10,667.7994384766625,0
2021-06-11,665.0230712891625,0
2021-06-14,676.75830078135,0
2021-06-15,669.5551147461938,0
2021-06-16,666.9503784180688,0
2021-06-17,666.740478515725,0
2021-06-18,640.2553100586938,0
2021-06-21,649.395263671975,0
2021-06-22,654.3184204102563,0
2021-06-23,650.3494262696313,0
2021-06-24,663.08642578135,0
2021-06-25,654.7000122071313,0
2021-06-28,671.7780151368188,0
2021-06-29,671.3677368165063,0
2021-06-30,659.117431640725,0
2021-07-01,648.1168823243188,0
2021-07-02,655.9689331055688,0
2021-07-06,654.3755493165063,0
2021-07-07,658.4877319336938,0
2021-07-08,642.7548217774438,0
2021-07-09,659.6134643555688,0
2021-07-12,675.3081665040063,0
2021-07-13,673.9818725586938,0
2021-07-14,683.608642578225,0
2021-07-15,671.6158447266625,0
2021-07-16,655.8543701172875,0
2021-07-19,652.5914916993188,0
2021-07-20,652.63916015635,0
2021-07-21,687.8925170899438,0
2021-07-22,696.4028930665063,0
2021-07-23,713.7862548829125,0
2021-07-26,719.4629516602563,0
2021-07-27,711.3628540040063,0
2021-07-28,724.9681396485375,0
2021-07-29,730.5494384766625,0
2021-07-30,731.5321655274438,0
2021-08-02,734.3086547852563,0
2021-08-03,743.7349853516625,0
2021-08-04,758.952392578225,0
2021-08-05,758.2559204102563,0
2021-08-06,747.3126220704125,0
2021-08-09,752.464599609475,0
2021-08-10,753.0466918946313,0
2021-08-11,752.9798583985375,0
2021-08-12,745.2039794922875,0
2021-08-13,752.73193359385,0
2021-08-16,751.1956787110375,0
2021-08-17,740.9012451172875,0
2021-08-18,736.9799194336938,0
2021-08-19,745.6239013672875,0
2021-08-20,751.9876098633813,0
2021-08-23,774.3511962891625,0
2021-08-24,768.6172485352563,0
2021-08-25,770.7735595704125,0
2021-08-26,773.7025756836938,0
2021-08-27,794.6732177735375,0
2021-08-30,801.0369873047875,0
2021-08-31,794.7877197266625,0
2021-09-01,803.4984741211938,0
2021-09-02,821.7310180665063,0
2021-09-03,818.70654296885,0
2021-09-07,822.198486328225,0
2021-09-08,818.592041015725,0
2021-09-09,814.3082275391625,0
2021-09-10,819.4315795899438,0
2021-09-13,831.2335815430688,0
2021-09-14,847.2909545899438,0
2021-09-15,848.4929809571313,0
2021-09-16,846.5657958985375,0
2021-09-17,820.36669921885,0
2021-09-20,802.1341552735375,0
2021-09-21,815.481689453225,0
2021-09-22,825.0321655274438,0
2021-09-23,839.3815307618188,0
2021-09-24,828.9248046876,0
2021-09-27,796.9534912110375,0
2021-09-28,744.345458984475,0
2021-09-29,715.9616088868188,0
2021-09-30,710.8953857422875,0
2021-10-01,707.7469482422875,0
2021-10-04,680.20263671885,0
2021-10-05,699.2174072266625,0
2021-10-06,698.8644409180688,0
2021-10-07,712.5269165040063,0
2021-10-08,696.7367553711938,0
2021-10-11,688.7415161133813,0
2021-10-12,691.7564086915063,0
2021-10-13,710.2371215821313,0
2021-10-14,742.5517578126,1
2021-10-15,753.151611328225,1
2021-10-18,752.02587890635,0
2021-10-19,764.1808471680688,0
2021-10-20,732.4481811524438,0
2021-10-21,751.3961181641625,0
2021-10-22,764.1903076172875,0
2021-10-25,752.2356567383813,0
2021-10-26,754.8974609376,0
2021-10-27,764.2189331055688,0
2021-10-28,775.8491821290063,0
2021-10-29,775.553466796975,0
2021-11-01,770.3729248047875,0
2021-11-02,776.7377319336938,0
2021-11-03,793.9555053711938,0
2021-11-04,813.5361938477563,0
2021-11-05,810.1978149415063,0
2021-11-08,813.00048828135,0
2021-11-09,813.1152343751,0
2021-11-10,782.3143920899438,0
2021-11-11,797.17919921885,0
2021-11-12,814.6265258790063,0
2021-11-15,819.4954223633813,0
2021-11-16,823.1590576172875,0
2021-11-17,822.1163330079125,0
2021-11-18,840.9221801758813,0
2021-11-19,819.9259033204125,0
2021-11-22,789.8711547852563,0
2021-11-23,772.394775390725,0
2021-11-24,767.5260009766625,0
2021-11-26,748.0411376954125,0
2021-11-29,779.5978393555688,1
2021-11-30,757.1188354493188,1
2021-12-01,769.066162109475,1
2021-12-02,755.081298828225,1
2021-12-03,737.9972534180688,1
2021-12-06,723.5247192383813,1
2021-12-07,770.9888305665063,1
2021-12-08,768.9896850586938,1
2021-12-09,739.0401000977563,1
2021-12-10,747.868896484475,1
2021-12-13,731.253662109475,1
2021-12-14,721.6116943360375,1
2021-12-15,757.7978515626,1
2021-12-16,722.1951904297875,1
2021-12-17,717.2881469727563,1
2021-12-20,720.1672973633813,1
2021-12-21,749.0169677735375,1
2021-12-22,757.7022705079125,1
2021-12-23,766.5886840821313,1
2021-12-27,776.17333984385,1
2021-12-28,769.8027343751,1
2021-12-29,767.1339721680688,1
2021-12-30,765.4503173829125,1
2021-12-31,761.5475463868188,1
2022-01-03,762.8389282227563,1
2022-01-04,745.3341674805688,1
2022-01-05,713.2705078126,1
2022-01-06,729.9623413086938,1
2022-01-07,723.247314453225,1
2022-01-10,695.574462890725,1
2022-01-11,697.4779663086938,1
2022-01-12,709.922607421975,0
2022-01-13,698.3580322266625,0
2022-01-14,712.18017578135,1
2022-01-18,684.1531982422875,1
2022-01-19,668.4561767579125,1
2022-01-20,675.7642211915063,1
2022-01-21,664.5438232422875,1
2022-01-24,657.5515747071313,1
2022-01-25,620.3895263672875,1
2022-01-26,624.8758544922875,1
2022-01-27,607.0838012696313,1
2022-01-28,616.9459228516625,1
2022-01-31,647.7756958008813,1
2022-02-01,651.8695678711938,1
2022-02-02,656.91064453135,1
2022-02-03,617.8643188477563,1
2022-02-04,624.4453735352563,1
2022-02-07,621.7861328126,1
2022-02-08,625.0765991211938,-1
2022-02-09,650.8079223633813,-1
2022-02-10,628.3383178711938,-1
2022-02-11,600.9429321290063,-1
2022-02-14,600.6272583008813,-1
2022-02-15,627.8887329102563,-1
2022-02-16,635.0151977540063,-1
2022-02-17,622.168701171975,-1
2022-02-18,619.6816406251,-1
2022-02-22,612.4501342774438,-1
2022-02-23,604.2813720704125,-1
2022-02-24,628.3002319336938,-1
2022-02-25,638.1334228516625,-1
2022-02-28,637.5499877930688,-1
2022-03-01,606.6534423829125,0
2022-03-02,626.8941650391625,0
2022-03-03,603.382080078225,-1
2022-03-04,568.4967651368188,1
2022-03-07,549.385009765725,1
2022-03-08,548.141357421975,1
2022-03-09,594.3427734376,1
2022-03-10,573.9970703126,1
2022-03-11,560.3946533204125,1
2022-03-14,552.4552612305688,1
2022-03-15,570.7734375001,1
2022-03-16,622.360107421975,1
2022-03-17,625.6793212891625,1
2022-03-18,650.3201904297875,1
2022-03-21,653.2374267579125,1
2022-03-22,658.8143920899438,0
2022-03-23,636.4501342774438,0
2022-03-24,660.5360107422875,0
2022-03-25,657.4942016602563,0
2022-03-28,664.6395874024438,0
2022-03-29,678.3278198243188,-1
2022-03-30,654.8157958985375,0
2022-03-31,638.9085083008813,0
2022-04-01,638.717041015725,-1
2022-04-04,651.2479858399438,-1
2022-04-05,618.371337890725,-1
2022-04-06,601.2011108399438,-1
2022-04-07,598.1307373047875,-1
2022-04-08,584.3850708008813,-1
2022-04-11,571.76806640635,-1
2022-04-12,568.190673828225,-1
2022-04-13,586.1355590821313,-1
2022-04-14,571.892333984475,-1
2022-04-18,579.2673950196313,-1
2022-04-19,590.3348388672875,1
2022-04-20,606.3665771485375,-1
2022-04-21,593.0416870118188,-1
2022-04-22,581.2094116211938,-1
2022-04-25,573.7577514649438,-1
2022-04-26,536.0792846680688,-1
2022-04-27,532.6835937501,-1
2022-04-28,564.8810424805688,-1
2022-04-29,539.2741088868188,-1
2022-05-02,546.2760009766625,-1
2022-05-03,549.6355590821313,-1
2022-05-04,570.7857055665063,-1
2022-05-05,543.3656005860375,-1
2022-05-06,530.68115234385,-1
2022-05-09,493.7550048829125,1
2022-05-10,504.070068359475,1
2022-05-11,502.076416015725,1
2022-05-12,503.09738159189686,-1
2022-05-13,528.1000366211938,-1
2022-05-16,515.222900390725,1
2022-05-17,540.919189453225,-1
2022-05-18,508.8182373047875,-1
2022-05-19,506.6031494141625,1
2022-05-20,513.19091796885,1
2022-05-23,534.1580810547875,-1
2022-05-24,526.2797241211938,-1
2022-05-25,527.8688354493188,-1
2022-05-26,539.416748046975,-1
2022-05-27,561.8672485352563,0
2022-05-31,555.0386352540063,0
2022-06-01,542.8743286133813,0
2022-06-02,559.1317138672875,-1
2022-06-03,542.8646850586938,-1
2022-06-06,550.6083984376,-1
2022-06-07,555.7320556641625,-1
2022-06-08,546.5150146485375,0
2022-06-09,522.4080810547875,-1
2022-06-10,502.29803466806874,-1
2022-06-13,475.378662109475,-1
2022-06-14,473.05746459970936,-1
2022-06-15,486.6953430176781,-1
2022-06-16,450.88641357431874,-1
2022-06-17,455.8946838379906,-1
2022-06-21,476.12030029306874,-1
2022-06-22,467.59661865244374,-1
2022-06-23,467.59661865244374,-1
2022-06-24,496.2591857911156,-1
2022-06-27,489.305419921975,-1
2022-06-28,472.32553100595936,1
2022-06-29,466.74899292002186,1
2022-06-30,458.331298828225,1
2022-07-01,433.24203491220936,1
2022-07-05,416.4547119141625,1
2022-07-06,413.06451416025624,1
2022-07-07,435.23565673838124,1
2022-07-08,436.24691772470936,1
2022-07-11,422.86911010752186,1
2022-07-12,418.4676513672875,1
2022-07-13,430.5260314942406,1
2022-07-14,440.05123901377186,1
2022-07-15,458.09051513681874,1
2022-07-18,456.01986694345936,1
2022-07-19,479.9824218751,1
2022-07-20,495.45013427744374,1
2022-07-21,522.2732543946313,1
2022-07-22,514.5585937501,1
2022-07-25,519.0948486329125,1
2022-07-26,504.8404541016625,1
2022-07-27,526.0391845704125,1
2022-07-28,540.0331420899438,0
2022-07-29,553.2569580079125,1
2022-08-01,556.8301391602563,1
2022-08-02,544.7428588868188,1
2022-08-03,562.3294067383813,1
2022-08-04,568.1183471680688,1
2022-08-05,557.3536376954125,1
2022-08-08,552.9512329102563,1
2022-08-09,522.4049682618188,1
2022-08-10,546.48291015635,1
2022-08-11,542.9686279297875,1
2022-08-12,556.0504150391625,1
2022-08-15,555.0654907227563,1
2022-08-16,547.0910034180688,1
2022-08-17,538.0161743165063,1
2022-08-18,541.89697265635,1
2022-08-19,526.41162109385,1
2022-08-22,502.09222412119374,1
2022-08-23,507.5758361817406,1
2022-08-24,507.27658081064686,1
2022-08-25,521.0823364258813,1
2022-08-26,492.31243896494374,1
2022-08-29,482.60015869150624,1
2022-08-30,475.9773254395531,1
2022-08-31,473.00384521494374,1
2022-09-01,453.6759338379906,1
2022-09-02,451.0401916504906,1
2022-09-06,453.6759338379906,1
2022-09-07,460.2021789551781,1
2022-09-08,466.0623779297875,1
2022-09-09,483.6815185547875,1
2022-09-12,487.47564697275624,1
2022-09-13,454.81512451181874,1
2022-09-14,461.57305908213124,1
2022-09-15,449.55340576181874,1
2022-09-16,451.09814453135,1
2022-09-19,454.82470703135,1
2022-09-20,445.9909973145531,1
2022-09-21,439.19439697275624,1
2022-09-22,425.794189453225,1
2022-09-23,421.06353759775624,1
2022-09-26,415.91781616220936,1
2022-09-27,418.31207275400624,1
2022-09-28,425.9776611329125,1
2022-09-29,412.9925537110375,1
2022-09-30,400.99227905283436,1
2022-10-03,416.7577209473656,1
2022-10-04,449.03216552744374,1
2022-10-05,453.0676574708031,1
2022-10-06,446.16485595713124,1
2022-10-07,419.24853515635,1
2022-10-10,407.30615234385,1
2022-10-11,385.74810791025624,1
2022-10-12,384.5605773926781,1
2022-10-13,391.38619995127186,1
2022-10-14,366.02423095713124,1
2022-10-17,378.66180419931874,1
2022-10-18,385.1977844239281,1
2022-10-19,409.362548828225,1
2022-10-20,422.1544494629906,1
2022-10-21,446.25177001963124,1
2022-10-24,456.6203918458031,1
2022-10-25,469.20968627939686,1
2022-10-26,467.35601806650624,1
2022-10-27,458.0106201172875,0
2022-10-28,472.27008056650624,0
2022-10-31,456.08944702158436,0
2022-11-01,458.94711303720936,0
2022-11-02,430.90130615244374,0
2022-11-03,425.9918212891625,0
2022-11-04,453.91879272470936,0
2022-11-07,468.0855712891625,0
2022-11-08,487.64596557627186,0
2022-11-09,473.9634094239281,0
2022-11-10,543.0350952149438,0
2022-11-11,558.1894531251,1
2022-11-14,559.5258178711938,1
2022-11-15,578.5537719727563,1
2022-11-16,558.4412841797875,1
2022-11-17,570.3808593751,1
2022-11-18,574.380126953225,1
2022-11-21,561.9175415040063,1
2022-11-22,577.3335571290063,1
2022-11-23,584.7315673829125,1
2022-11-25,573.1019897461938,1
2022-11-28,564.8710327149438,1
2022-11-29,560.4940185547875,1
2022-11-30,588.8665771485375,1
2022-12-01,591.9071044922875,1
2022-12-02,586.532958984475,1
2022-12-05,581.7685546876,0
2022-12-06,574.2736206055688,0
2022-12-07,582.3108520508813,0
2022-12-08,587.675537109475,1
2022-12-09,578.7764892579125,0
2022-12-12,590.6771850586938,0
2022-12-13,608.3787231446313,0
2022-12-14,596.3615112305688,0
2022-12-15,567.776123046975,0
2022-12-16,556.1365966797875,0
2022-12-19,550.6073608399438,0
2022-12-20,545.3298950196313,0
2022-12-21,562.5665893555688,0
2022-12-22,538.3483276368188,0
2022-12-23,533.9132690430688,1
2022-12-27,520.1725463868188,0
2022-12-28,514.8079833985375,0
2022-12-29,534.0100708008813,0
2022-12-30,529.1007690430688,0
2023-01-03,532.170166015725,0
2023-01-04,552.75732421885,0
2023-01-05,547.4217529297875,0
2023-01-06,576.9849243165063,0
2023-01-09,601.658447265725,0
2023-01-10,613.33642578135,0
2023-01-11,624.2689208985375,0
2023-01-12,631.8994750977563,0
2023-01-13,638.8038330079125,0
2023-01-17,637.351318359475,0
2023-01-18,631.6381225586938,0
2023-01-19,610.2960205079125,0
2023-01-20,628.3071899415063,0
2023-01-23,654.6265258790063,0
2023-01-24,648.7970581055688,0
2023-01-25,659.9523315430688,0
2023-01-26,662.2472534180688,0
2023-01-27,646.260009765725,0
2023-01-30,629.7207031251,0
2023-01-31,639.9175415040063,0
2023-02-01,657.0474243165063,0
2023-02-02,674.4967651368188,0
2023-02-03,658.102783203225,0
2023-02-06,642.4029541016625,0
2023-02-07,658.657958984475,0
2023-02-08,643.1986083985375,0
2023-02-09,644.4991455079125,0
2023-02-10,636.9490966797875,0
2023-02-13,648.9728393555688,0
2023-02-14,657.4545288086938,0
2023-02-15,656.804443359475,0
2023-02-16,636.8812255860375,0
2023-02-17,632.6597900391625,0
2023-02-21,611.1644287110375,0
2023-02-22,605.7592163086938,0
2023-02-23,619.2288818360375,0
2023-02-24,600.1014404297875,0
2023-02-27,613.3965454102563,0
2023-02-28,599.4705810547875,0
2023-03-01,596.7728881836938,0
2023-03-02,605.7202758790063,0
2023-03-03,618.5399169922875,0
2023-03-06,602.6148681641625,0
2023-03-07,591.1055297852563,0
2023-03-08,601.09130859385,0
2023-03-09,586.8646850586938,0
2023-03-10,583.4390869141625,0
2023-03-13,586.903564453225,0
2023-03-14,601.9648437501,0
2023-03-15,588.7570190430688,0
2023-03-16,611.9215698243188,0
2023-03-17,614.9589233399438,0
2023-03-20,627.225341796975,0
2023-03-21,623.1494140626,0
2023-03-22,621.4414062501,0
2023-03-23,644.5281982422875,0
2023-03-24,628.3898315430688,0
2023-03-27,625.0126953126,0
2023-03-28,620.8009643555688,0
2023-03-29,639.63720703135,0
2023-03-30,656.67822265635,0
2023-03-31,660.589111328225,0
2023-04-03,654.0675659180688,0
2023-04-04,648.9146118165063,0
2023-04-05,644.2760620118188,0
2023-04-06,637.6962890626,0
2023-04-10,642.0828857422875,0
2023-04-11,640.26806640635,0
2023-04-12,635.3089599610375,0
2023-04-13,645.7412719727563,0
2023-04-14,646.5079956055688,0
2023-04-17,620.150634765725,0
2023-04-18,624.31396484385,0
2023-04-19,605.1671142579125,0
2023-04-20,614.842529296975,1
2023-04-21,615.7158203126,1
2023-04-24,608.8355102540063,1
2023-04-25,587.8544921876,1
2023-04-26,591.0957641602563,1
2023-04-27,610.6405639649438,1
2023-04-28,618.0351562501,1
2023-05-01,618.2279052735375,1
2023-05-02,617.108642578225,1
2023-05-03,617.7801513672875,1
2023-05-04,618.0819702149438,1
2023-05-05,632.9439086915063,1
2023-05-08,637.4890747071313,1
2023-05-09,625.8681640626,1
2023-05-10,639.5816040040063,1
2023-05-11,632.8173828126,1
2023-05-12,630.2088623047875,1
2023-05-15,638.17041015635,0
2023-05-16,634.6277465821313,0
2023-05-17,652.5846557618188,1
2023-05-18,677.3351440430688,1
2023-05-19,675.4568481446313,1
2023-05-22,679.9728393555688,0
2023-05-23,663.2422485352563,0
2023-05-24,648.9738159180688,1
2023-05-25,689.5498657227563,1
2023-05-26,716.2664794922875,0
2023-05-30,708.801513671975,0
2023-05-31,703.6138305665063,0
2023-06-01,707.3511962891625,0
2023-06-02,705.287841796975,0
2023-06-05,702.9033203126,0
2023-06-06,697.482177734475,0
2023-06-07,691.2337646485375,0
2023-06-08,700.810791015725,0
2023-06-09,696.7326049805688,0
2023-06-12,710.6603393555688,0
2023-06-13,717.5707397461938,0
2023-06-14,720.4320068360375,0
2023-06-15,718.9527587891625,0
2023-06-16,702.5918579102563,0
2023-06-20,701.1611328126,0
2023-06-21,688.4014892579125,0
2023-06-22,698.2413330079125,0
2023-06-23,679.242919921975,0
2023-06-26,681.530029296975,0
2023-06-27,705.7063598633813,0
2023-06-28,704.8401489258813,0
2023-06-29,704.0225830079125,0
2023-06-30,705.3851318360375,0
2023-07-03,714.2713012696313,0
2023-07-05,696.5478515626,0
2023-07-06,680.6249389649438,0
2023-07-07,678.1235961915063,0
2023-07-10,690.864013671975,0
2023-07-11,686.1629028321313,0
2023-07-12,705.4922485352563,0
2023-07-13,730.6807250977563,0
2023-07-14,733.8731079102563,0
2023-07-17,734.3306884766625,0
2023-07-18,736.8026733399438,0
2023-07-19,696.6549682618188,0
2023-07-20,658.0642700196313,0
2023-07-21,674.8338623047875,0
2023-07-24,666.1912231446313,0
2023-07-25,668.9358520508813,0
2023-07-26,666.0159912110375,0
2023-07-27,689.1994018555688,0
2023-07-28,699.1756591797875,0
2023-07-31,697.2678833008813,0
2023-08-01,691.31103515635,0
2023-08-02,666.2905883790063,0
2023-08-03,664.2910156251,0
2023-08-04,661.3938598633813,0
2023-08-07,676.396240234475,0
2023-08-08,662.6913452149438,0
2023-08-09,655.9801635743188,0
2023-08-10,661.1696166993188,0
2023-08-11,645.5332031251,0
2023-08-14,650.1860961915063,0
2023-08-15,635.7006225586938,0
2023-08-16,630.5697021485375,0
2023-08-17,628.5213623047875,0
2023-08-18,639.241455078225,1
2023-08-21,646.2549438477563,1
2023-08-22,651.1321411133813,1
2023-08-23,660.4965209961938,1
2023-08-24,631.915771484475,1
2023-08-25,635.027587890725,1
2023-08-28,642.8116455079125,1
2023-08-29,651.12255859385,1
2023-08-30,653.1220703126,1
2023-08-31,644.3139038086938,1
2023-09-01,646.2549438477563,1
2023-09-05,647.2694091797875,0
2023-09-06,649.6884765626,0
2023-09-07,622.132080078225,1
2023-09-08,612.4458618165063,1
2023-09-11,612.299560546975,1
2023-09-12,603.6082153321313,1
2023-09-13,601.9012451172875,0
2023-09-14,606.6322631836938,0
2023-09-15,582.0118408204125,0
2023-09-18,583.0554809571313,1
2023-09-19,579.1929321290063,1
2023-09-20,575.3984375001,0
2023-09-21,567.8287353516625,0
2023-09-22,572.6865844727563,1
2023-09-25,571.7402343751,1
2023-09-26,558.6497802735375,1
2023-09-27,560.4251708985375,1
2023-09-28,566.3948974610375,1
2023-09-29,574.2081909180688,1
2023-10-02,567.8873291016625,1
2023-10-03,556.5916748047875,1
2023-10-04,576.3541870118188,1
2023-10-05,567.409423828225,1
2023-10-06,582.6947631836938,-1
2023-10-09,576.8516845704125,-1
2023-10-10,587.3670043946313,-1
2023-10-11,591.3079223633813,-1
2023-10-12,601.6183471680688,0
2023-10-13,585.0260620118188,1
2023-10-16,588.9765014649438,1
2023-10-17,593.68798828135,1
2023-10-18,568.93115234385,1
2023-10-19,573.3011474610375,1
2023-10-20,565.8582763672875,1
2023-10-23,573.3595581055688,1
2023-10-24,586.0015258790063,1
2023-10-25,569.0188598633813,1
2023-10-26,573.7594604493188,1
2023-10-27,575.5152587891625,1
2023-10-30,574.4228515626,1
2023-10-31,584.1090087891625,1
2023-11-01,594.8566284180688,1
2023-11-02,617.4668579102563,1
2023-11-03,628.2438354493188,1
2023-11-06,623.383544921975,1
2023-11-07,622.2783813477563,1
2023-11-08,625.1925659180688,1
2023-11-09,620.2736206055688,1
2023-11-10,646.6978149415063,1
2023-11-13,640.1650390626,1
2023-11-14,660.5160522461938,1
2023-11-15,663.049072265725,1
2023-11-16,665.8556518555688,1
2023-11-17,670.960693359475,1
2023-11-20,678.9993286133813,1
2023-11-21,669.3275146485375,1
2023-11-22,669.6990356446313,1
2023-11-24,675.9383544922875,1
2023-11-27,673.2000732422875,1
2023-11-28,661.0834350586938,1
2023-11-29,672.4470825196313,1
2023-11-30,668.6820678711938,1
2023-12-01,676.9359741211938,1
2023-12-04,675.0973510743188,0
2023-12-05,679.214599609475,0
2023-12-06,676.8184814454125,0
2023-12-07,684.2215576172875,1
2023-12-08,681.0726318360375,0
2023-12-11,694.5781250001,0
2023-12-12,704.67041015635,0
2023-12-13,719.0757446290063,0
2023-12-14,737.0894165040063,0
2023-12-15,736.3560791016625,0
2023-12-18,725.6964111329125,0
2023-12-19,728.2976684571313,0
2023-12-20,713.5209350586938,0
2023-12-21,738.6151123047875,0
2023-12-22,735.9356079102563,0
2023-12-26,745.8617553711938,0
2023-12-27,747.1820068360375,0
2023-12-28,741.1383056641625,0
2023-12-29,740.2286987305688,0
2024-01-02,701.1106567383813,0
2024-01-03,687.859619140725,0
2024-01-04,684.8475341797875,0
2024-01-05,687.8302612305688,0
2024-01-08,704.9444580079125,0
2024-01-09,700.1622924805688,0
2024-01-10,701.961669921975,0
2024-01-11,702.685302734475,0
2024-01-12,697.4923706055688,0
2024-01-16,690.9207153321313,0
2024-01-17,696.5633544922875,0
2024-01-18,728.1119995118188,0
2024-01-19,741.11865234385,0
2024-01-22,749.7734985352563,0
2024-01-23,761.225341796975,0
2024-01-24,828.62548828135,0
2024-01-25,849.9153442383813,0
2024-01-26,848.6148681641625,0
2024-01-29,863.1569213868188,0
2024-01-30,848.8886718751,0
2024-01-31,850.6392211915063,0
2024-02-01,870.9022216797875,0
2024-02-02,871.0195922852563,0
2024-02-05,880.2636108399438,0
2024-02-06,886.4844970704125,0
2024-02-07,903.4717407227563,0
2024-02-08,904.1673583985375,0
2024-02-09,930.2850341797875,0
2024-02-12,910.3096923829125,0
2024-02-13,884.9464111329125,0
2024-02-14,905.6367797852563,0
2024-02-15,910.9270629883813,0
2024-02-16,910.04541015635,0
2024-02-20,891.0692749024438,0
2024-02-21,889.7369384766625,0
2024-02-22,932.4892578126,0
2024-02-23,914.2675781251,0
2024-02-26,928.31591796885,0
2024-02-27,922.2224731446313,0
2024-02-28,920.3904418946313,0
2024-02-29,932.3226928711938,0
2024-03-01,970.7841796876,0
2024-03-04,977.7398071290063,0
2024-03-05,949.1337280274438,0
2024-03-06,983.510009765725,0
2024-03-07,1026.0858154297875,0
2024-03-08,974.1052856446313,0
2024-03-11,943.0891723633813,0
2024-03-12,964.2693481446313,0
2024-03-13,949.074951171975,0
2024-03-14,940.2581176758813,0
2024-03-15,921.086181640725,0
2024-03-18,922.193115234475,0
2024-03-19,932.5480346680688,0
2024-03-20,951.17138671885,0
2024-03-21,970.6372680665063,0
2024-03-22,960.0276489258813,0
2024-03-25,959.0184326172875,0
2024-03-26,951.543701171975,0
2024-03-27,954.1985473633813,0
2024-03-28,950.7305297852563,0
2024-04-01,972.75341796885,0
2024-04-02,947.047119140725,0
2024-04-03,960.3312377930688,0
2024-04-04,934.0175781251,0
2024-04-05,959.6258544922875,0
2024-04-08,962.7216186524438,0
2024-04-09,969.6967163086938,0
2024-04-10,954.7863159180688,0
2024-04-11,971.9989624024438,0
2024-04-12,942.276123046975,0
2024-04-15,935.3988647461938,0
2024-04-16,957.0493774415063,0
2024-04-17,889.1492309571313,0
2024-04-18,870.9470825196313,0
2024-04-19,842.0568237305688,0
2024-04-22,854.3123168946313,0
2024-04-23,883.2320556641625,0
2024-04-24,874.1701049805688,0
2024-04-25,884.15283203135,0
2024-04-26,902.1502685547875,0
2024-04-29,893.1187133790063,0
2024-04-30,856.5013427735375,0
2024-05-01,837.2307739258813,0
2024-05-02,854.3515014649438,0
2024-05-03,885.1277465821313,0
2024-05-06,900.1378173829125,0
2024-05-07,891.5970458985375,0
2024-05-08,894.7875366211938,0
2024-05-09,896.8197631836938,0
2024-05-10,913.2631225586938,0
2024-05-13,900.4519653321313,0
2024-05-14,898.282470703225,0
2024-05-15,920.2626953126,0
2024-05-16,902.7098388672875,0
2024-05-17,908.04052734385,0
2024-05-20,922.2456665040063,0
2024-05-21,908.3350219727563,1
2024-05-22,905.4488525391625,1
2024-05-23,917.150634765725,1
2024-05-24,938.7185668946313,0
2024-05-28,973.6964721680688,0
2024-05-29,940.3482666016625,1
2024-05-30,948.4374389649438,0
2024-05-31,942.77294921885,1
2024-06-03,947.8091430665063,1
2024-06-04,933.4075927735375,1
2024-06-05,1022.2805786133813,1
2024-06-06,1033.34423828135,0
2024-06-07,1009.5971069336938,0
2024-06-10,1022.6439208985375,0
2024-06-11,1017.0482177735375,0
2024-06-12,1049.2969970704125,0
2024-06-13,1033.4423828126,0
2024-06-14,1009.086669921975,0
2024-06-17,1033.2070312501,0
2024-06-18,1041.9539794922875,0
2024-06-20,1031.5087890626,0
2024-06-21,1017.6272583008813,0
2024-06-24,983.6705322266625,0
2024-06-25,1004.6100463868188,0
2024-06-26,997.993408203225,0
2024-06-27,1009.1947021485375,0
2024-06-28,1004.0111694336938,0
2024-07-01,1014.5742187501,0
2024-07-02,1028.7108154297875,0
2024-07-03,1051.80029296885,0
2024-07-05,1054.81396484385,0
2024-07-08,1057.6707763672875,0
2024-07-09,1040.569580078225,0
2024-07-10,1078.8360595704125,0
2024-07-11,1043.053466796975,0
2024-07-12,1065.3968505860375,0
2024-07-15,1044.1627197266625,0
2024-07-16,1048.6390380860375,0
2024-07-17,915.0006713868188,0
2024-07-18,907.2355346680688,0
2024-07-19,878.9822998047875,0
2024-07-22,924.0324096680688,0
2024-07-23,915.7371215821313,0
2024-07-24,856.7761840821313,0
2024-07-25,846.841552734475,0
2024-07-26,872.1300048829125,0
2024-07-29,856.2000122071313,0
2024-07-30,846.0599365235375,0
2024-07-31,921.2596435547875,0
2024-08-01,869.14306640635,0
2024-08-02,796.0087890626,0
2024-08-05,806.8275146485375,0
2024-08-06,829.114013671975,0
2024-08-07,822.5637817383813,1
2024-08-08,862.1995239258813,0
2024-08-09,846.3648071290063,0
2024-08-12,838.8015747071313,0
2024-08-13,855.1574096680688,0
2024-08-14,865.0812377930688,1
2024-08-15,912.948974609475,1
2024-08-16,903.5170288086938,1
2024-08-19,917.7681884766625,1
2024-08-20,910.9129028321313,1
2024-08-21,928.0556640626,1
2024-08-22,892.7474365235375,1
2024-08-23,892.3048706055688,1
2024-08-26,868.7496337891625,1
2024-08-27,875.2113647461938,1
2024-08-28,873.4902343751,1
2024-08-29,873.0772094727563,1
2024-08-30,888.9708251954125,1
2024-09-03,831.4547119141625,1
2024-09-04,798.1036376954125,1
2024-09-05,782.4854125977563,1
2024-09-06,740.381103515725,1
2024-09-09,737.4601440430688,1
2024-09-10,738.9943237305688,1
2024-09-11,786.9507446290063,1
2024-09-12,786.9801025391625,1
2024-09-13,802.9031982422875,1
2024-09-16,789.8027343751,1
2024-09-17,792.4091796876,1
2024-09-18,774.8534545899438,1
2024-09-19,814.5087280274438,1
2024-09-20,782.1708374024438,1
2024-09-23,790.25537109385,1
2024-09-24,800.5821533204125,-1
2024-09-25,804.6932983399438,1
2024-09-26,838.388427734475,-1
2024-09-27,827.6682739258813,1
2024-09-30,819.514892578225,-1
2024-10-01,808.7944946290063,-1
2024-10-02,818.472412109475,-1
2024-10-03,818.688720703225,-1
2024-10-04,819.26904296885,-1
2024-10-07,803.7786254883813,-1
2024-10-08,810.6731567383813,-1
2024-10-09,831.9564208985375,-1
2024-10-10,820.222900390725,-1
2024-10-11,826.8322143555688,-1
2024-10-14,857.8917236329125,-1
2024-10-15,718.3897094727563,-1
2024-10-16,672.2530517579125,0
2024-10-17,689.051513671975,0
2024-10-18,711.3378906251,-1
2024-10-21,702.328857421975,-1
2024-10-22,709.026611328225,-1
2024-10-23,696.9392700196313,-1
2024-10-24,699.0930786133813,-1
2024-10-25,699.9685668946313,-1
2024-10-28,696.9687500001,-1
2024-10-29,704.9843139649438,-1
2024-10-30,674.1189575196313,-1
2024-10-31,662.9990844727563,-1
2024-11-01,665.148193359475,-1
2024-11-04,661.6287841797875,1
2024-11-05,666.8535766602563,-1
2024-11-06,652.0371093751,-1
2024-11-07,667.5929565430688,-1
2024-11-08,659.9627685547875,-1
2024-11-11,661.7767333985375,-1
2024-11-12,659.677001953225,-1
2024-11-13,663.8468017579125,-1
2024-11-14,683.1193237305688,-1
2024-11-15,649.27685546885,1
2024-11-18,655.7830810547875,1
2024-11-19,652.7566528321313,1
2024-11-20,649.0797119141625,1
2024-11-21,662.6146240235375,1
2024-11-22,663.324462890725,1
2024-11-25,674.749755859475,1
2024-11-26,662.4273681641625,1
2024-11-27,660.9584350586938,1
2024-11-29,676.8594360352563,1
2024-12-02,701.366455078225,1
2024-12-03,707.8629150391625,1
2024-12-04,709.6964721680688,1
2024-12-05,701.39599609385,1
2024-12-06,698.9117431641625,1
2024-12-09,696.4866333008813,1
2024-12-10,695.2545166016625,1
2024-12-11,704.2843627930688,1
2024-12-12,702.9733276368188,1
2024-12-13,708.3753662110375,1
2024-12-16,712.1215209961938,1
2024-12-17,724.7495727540063,1
2024-12-18,709.2724609376,1
2024-12-19,700.1735229493188,1
2024-12-20,695.6586303711938,1
2024-12-23,710.8004760743188,1
2024-12-24,709.4893798829125,1
2024-12-26,705.6940307618188,1
2024-12-27,703.4563598633813,1
2024-12-30,686.2638549805688,1
2024-12-31,683.2374877930688,1
2025-01-02,690.4733276368188,1
2025-01-03,704.2153930665063,1
2025-01-06,757.596435546975,1
2025-01-07,746.8216552735375,1
2025-01-08,733.414794921975,1
2025-01-10,728.5153198243188,1
2025-01-13,717.0800170899438,1
2025-01-14,725.8339233399438,1
2025-01-15,715.9857788086938,1
2025-01-16,739.6253662110375,1
2025-01-17,745.5894165040063,1
2025-01-21,752.1646728516625,1
2025-01-22,755.8219604493188,1
2025-01-23,735.6426391602563,1
2025-01-24,721.8512573243188,1
2025-01-27,680.3491821290063,1
2025-01-28,673.6456909180688,1
2025-01-29,702.5296020508813,1
2025-01-30,726.52392578135,1
2025-01-31,728.8110961915063,1
2025-02-03,720.67822265635,1
2025-02-04,721.023193359475,1
2025-02-05,732.04443359385,1
2025-02-06,728.6336669922875,1
2025-02-07,717.365966796975,1
2025-02-10,733.5133056641625,1
2025-02-11,743.8565063477563,1
2025-02-12,747.0078125001,1
2025-02-13,767.5755615235375,1
2025-02-14,742.44384765635,1
2025-02-18,735.20263671885,1
2025-02-19,735.7755737305688,1
2025-02-20,734.08642578135,1
2025-02-21,728.277587890725,1
2025-02-24,727.042724609475,1
2025-02-25,721.3426513672875,1
2025-02-26,737.8797607422875,1
2025-02-27,689.2462768555688,1
2025-02-28,700.4884033204125,1
2025-03-03,691.3800659180688,1
2025-03-04,699.6387329102563,1
2025-03-05,730.7866821290063,1
2025-03-06,706.1786499024438,1
2025-03-07,723.347900390725,1
2025-03-10,674.8330688477563,1
2025-03-11,681.8470458985375,1
2025-03-12,694.8475952149438,1
2025-03-13,686.1740112305688,1
2025-03-14,705.3487548829125,1
2025-03-17,721.48095703135,1
2025-03-18,722.25146484385,1
2025-03-19,726.00537109385,1
2025-03-20,725.1657104493188,1
2025-03-21,707.5418701172875,1
2025-03-24,719.0211181641625,1
2025-03-25,717.9344482422875,1
2025-03-26,697.2086181641625,0
2025-03-27,682.261962890725,0
2025-03-28,666.4064331055688,0
2025-03-31,654.6011962891625,1
2025-04-01,659.254150390725,1
2025-04-02,660.9039306641625,1
2025-04-03,615.6686401368188,1
2025-04-04,598.2128295899438,1
2025-04-07,608.378173828225,1
2025-04-08,588.1561889649438,1
2025-04-09,678.932861328225,1
2025-04-10,641.6796264649438,1
2025-04-11,660.7063598633813,1
2025-04-14,664.7172241211938,1
2025-04-15,674.88232421885,1
2025-04-16,627.2368774415063,1
2025-04-17,632.4034423829125,1
2025-04-21,617.1209106446313,1
2025-04-22,630.9513549805688,1
2025-04-23,650.0075073243188,1
2025-04-24,666.8212890626,1
2025-04-25,669.0638427735375,-1
2025-04-28,666.666748046975,-1
2025-04-29,660.0769653321313,0
2025-04-30,662.0291748047875,1
2025-05-01,660.6814575196313,1
2025-05-02,684.0775756836938,1
2025-05-05,677.170654296975,1
2025-05-06,673.8311767579125,1
2025-05-07,694.0465087891625,-1
2025-05-08,701.6172485352563,1
2025-05-09,699.8137817383813,1
2025-05-12,743.4053955079125,1
2025-05-13,756.9812622071313,1
2025-05-14,761.9458618165063,1
2025-05-15,751.491455078225,1
2025-05-16,741.3244018555688,1
2025-05-19,742.3450927735375,1
2025-05-20,741.9784545899438,1
2025-05-21,730.493408203225,1
2025-05-22,733.9913940430688,1
2025-05-23,725.855712890725,1
2025-05-27,749.9356079102563,1
2025-05-28,739.748779296975,1
2025-05-29,740.3037109376,1
2025-05-30,730.0969848633813,1
2025-06-02,739.7686157227563,1
2025-06-03,740.4820556641625,0
2025-06-04,736.0525512696313,0
2025-06-05,740.9874877930688,0
2025-06-06,746.1997680665063,1
2025-06-09,763.2242431641625,0
2025-06-10,777.8604125977563,0
2025-06-11,776.9883422852563,0
2025-06-12,779.0892944336938,0
2025-06-13,754.1074829102563,0
2025-06-16,768.2086791993188,0
2025-06-17,752.977783203225,0
2025-06-18,754.7417602540063,0
2025-06-20,749.6780395508813,0
2025-06-23,772.657958984475,0
2025-06-24,805.9932861329125,0
2025-06-25,807.8562622071313,0
2025-06-26,790.8616333008813,0
2025-06-27,788.7410278321313,0
2025-06-30,794.1317138672875,0
2025-07-01,783.3105468751,0
2025-07-02,792.34814453135,0
2025-07-03,787.3040771485375,0
2025-07-07,777.9793701172875,0
2025-07-08,786.90771484385,0
2025-07-09,792.5858764649438,0
2025-07-10,794.825439453225,0
2025-07-11,794.6668090821313,0
2025-07-14,799.4232788086938,0
2025-07-15,815.56591796885,0
2025-07-16,747.616943359475,0
2025-07-17,738.1631469727563,0
2025-07-18,727.9268188477563,0
2025-07-21,713.1617431641625,0
2025-07-22,699.09033203135,0
2025-07-23,710.4366455079125,0
2025-07-24,718.5128784180688,0
2025-07-25,704.80810546885,0
2025-07-28,723.3783569336938,0
2025-07-29,713.78857421885,0
2025-07-30,716.7291870118188,0
2025-07-31,690.1641845704125,0
2025-08-01,685.30615234385,0
2025-08-04,694.78369140635,0
2025-08-05,685.1173706055688,0
2025-08-06,686.4387817383813,0
2025-08-07,708.4537353516625,0
2025-08-08,717.5934448243188,0
2025-08-11,716.590087890725,0
2025-08-12,736.93603515635,0
2025-08-13,750.6259765626,0
2025-08-14,750.2681884766625,0
2025-08-15,737.3036499024438,0
2025-08-18,742.6583862305688,0
2025-08-19,738.7441406251,0
2025-08-20,744.5856323243188,0
2025-08-21,730.5879516602563,0
2025-08-22,749.9503784180688,0
2025-08-25,749.5231323243188,0
2025-08-26,758.2060546876,0
2025-08-27,764.9614868165063,0
2025-08-28,758.4642944336938,0
2025-08-29,737.7606811524438,0
2025-09-02,721.1004028321313,0
2025-09-03,731.9985961915063,0
2025-09-04,748.4999389649438,0
2025-09-05,776.5849609376,0
2025-09-08,791.039794921975,0
2025-09-09,799.8616333008813,0
2025-09-10,787.9500732422875,0
2025-09-11,798.8978881836938,0
2025-09-12,808.5443725586938,0
2025-09-15,861.6248168946313,0
2025-09-16,872.6719970704125,0
2025-09-17,866.5623168946313,0
2025-09-18,921.7289428711938,0
2025-09-19,926.050537109475,0
2025-09-22,951.5326538086938,0
2025-09-23,957.2052001954125,0
2025-09-24,940.74365234385,0
2025-09-25,943.3365478516625,0
2025-09-26,945.293701171975,0
2025-09-29,956.3110961915063,0
2025-09-30,961.7552490235375,0
2025-10-01,996.7051391602563,0
2025-10-02,1023.4291381836938,0
2025-10-03,1025.465576171975,0
2025-10-06,1036.47314453135,0
2025-10-07,995.741455078225,0
2025-10-08,981.3462524415063,0
2025-10-09,974.123779296975,0
2025-10-10,930.0640258790063,0
2025-10-13,978.2167968751,0
2025-10-14,976.7465209961938,0
2025-10-15,1003.2022705079125,0
2025-10-16,1012.9183349610375,0
2025-10-17,1022.5350341797875,0
2025-10-20,1035.33056640635,0
2025-10-21,1018.3128051758813,0
2025-10-22,1004.9508056641625,0
2025-10-23,1029.6282958985375,0
2025-10-24,1026.3397216797875,0
2025-10-27,1053.0439453126,0
2025-10-28,1045.593017578225,0
2025-10-29,1065.7203369141625,0
2025-10-30,1070.308349609475,0
2025-10-31,1054.165771484475,0
2025-11-03,1061.7196044922875,0
2025-11-04,1025.2149658204125,0
2025-11-05,1038.7598876954125,0
2025-11-06,1024.2792968751,0
2025-11-07,1012.0979614258813,0
2025-11-10,1033.8236083985375,0
2025-11-11,1017.5318603516625,0
2025-11-12,1032.3704833985375,0
2025-11-13,1014.984130859475,0
2025-11-14,1002.1656494141625,0
2025-11-17,1015.1234741211938,0
2025-11-18,999.2596435547875,0
2025-11-19,1034.3609619141625,0
2025-11-20,976.3496704102563,0
2025-11-21,961.9488525391625,0
2025-11-24,983.0972900391625,0
2025-11-25,998.4236450196313,0
2025-11-26,1035.9931640626,0
2025-11-28,1054.93212890635,0
2025-12-01,1082.788330078225,0
2025-12-02,1103.47900390635,0
2025-12-03,1135.46533203135,0
2025-12-04,1104.772705078225,0
2025-12-05,1094.21337890635,0
2025-12-08,1114.336669921975,0
2025-12-09,1106.126220703225,0
2025-12-10,1113.9683837891625,0
2025-12-11,1117.4716796876,0
2025-12-12,1075.682373046975,0
2025-12-15,1082.6191406251,0
2025-12-16,1070.905517578225,0
2025-12-17,1010.5752563477563,0
2025-12-18,1031.3555908204125,0
2025-12-19,1050.97119140635,0
2025-12-22,1051.9266357422875,0
2025-12-23,1056.7633056641625,0
2025-12-24,1060.4259033204125,0
2025-12-26,1067.6212158204125,0
2025-12-29,1060.903564453225,0
2025-12-30,1067.0142822266625,0
2025-12-31,1064.7449951172875,0
2026-01-02,1158.216064453225,0
2026-01-05,1222.3179931641625,0
2026-01-06,1236.2510986329125,0
2026-01-07,1222.5966796876,0
2026-01-08,1188.6099853516625,0
2026-01-09,1267.7896728516625,0
2026-01-12,1275.1043701172875,0
2026-01-13,1264.08740234385,0
2026-01-14,1257.67822265635,0
2026-01-15,1325.233642578225,0
2026-01-16,1352.0745849610375,0
2026-01-20,1319.7301025391625,0
2026-01-21,1353.58740234385,0
2026-01-22,1388.33056640635,0
2026-01-23,1382.3990478516625,0
2026-01-26,1406.5927734376,0
2026-01-27,1447.6356201172875,0
2026-01-28,1416.1171875001,0
2026-01-29,1448.2030029297875,0
2026-01-30,1416.19677734385,0
2026-02-02,1434.4989013672875,0
2026-02-03,1389.206298828225,0
2026-02-04,1332.727783203225,0
2026-02-05,1343.7049560547875,0
2026-02-06,1406.2545166016625,0
2026-02-09,1422.6556396485375,0
2026-02-10,1408.7171630860375,0
2026-02-11,1430.65087890635,0
2026-02-12,1401.9906005860375,0
2026-02-13,1401.7315673829125,0
2026-02-17,1414.8558349610375,0
2026-02-18,1463.6259765626,0
2026-02-19,1453.8701171876,0
2026-02-20,1464.4930419922875,0
2026-02-23,1480.836181640725,0
2026-02-24,1492.6053466797875,0
2026-02-25,1521.2156982422875,0
2026-02-26,1458.72314453135,0
2026-02-27,1445.5291748047875,0
2026-03-02,1418.602783203225,0
2026-03-03,1356.2198486329125,0
2026-03-04,1394.5166015626,0
2026-03-05,1363.6141357422875,0
2026-03-06,1288.3162841797875,0
2026-03-09,1352.712158203225,0
2026-03-10,1378.60205078135,0
2026-03-11,1381.87060546885,0
2026-03-12,1346.892333984475,0
2026-03-13,1341.022705078225,0
2026-03-16,1370.7891845704125,0
2026-03-17,1384.342041015725,0
2026-03-18,1350.469970703225,0
2026-03-19,1361.6510009766625,0
2026-03-20,1312.681396484475,0
2026-03-23,1364.8697509766625,0
2026-03-24,1394.5665283204125,0
2026-03-25,1389.0556640626,0
2026-03-26,1324.888916015725,0
2026-03-27,1297.95263671885,0
2026-03-30,1249.6109619141625,0
2026-03-31,1316.2489013672875,0
2026-04-01,1355.0439453126,0
2026-04-02,1312.6614990235375,0
2026-04-06,1299.4873046876,0
2026-04-07,1301.9188232422875,0
2026-04-08,1416.1214599610375,0
2026-04-09,1443.61572265635,0
2026-04-10,1473.1529541016625,0
2026-04-13,1494.996826171975,0
2026-04-14,1513.0341796876,0
2026-04-15,1476.6308593751,0
2026-04-16,1405.9368896485375,0
2026-04-17,1454.737060546975,0
2026-04-20,1471.379150390725,0
2026-04-21,1453.909912109475,0
2026-04-22,1438.653076171975,0
2026-04-23,1412.8826904297875,0
2026-04-24,1452.644287109475,0
2026-04-27,1430.5897216797875,0
2026-04-28,1382.771728515725,0
2026-04-29,1392.2792968751,0
2026-04-30,1437.13134765635,0
2026-05-01,1425.1768798829125,0
2026-05-04,1384.41943359385,0
2026-05-05,1441.0562744141625,0
2026-05-06,1542.7447509766625,0
2026-05-07,1514.64111328135,0
2026-05-08,1589.9637451172875,0
2026-05-11,1563.78759765635,0
2026-05-12,1518.9754638672875,0
2026-05-13,1579.5371093751,0
2026-05-14,1582.46337890635,0
2026-05-15,1499.8702392579125,0
2026-05-18,1470.4882812501,0
2026-05-19,1457.554931640725,0
2026-05-20,1548.1278076172875,0
2026-05-21,1589.9437255860375,0
2026-05-22,1630.7908935547875,0
2026-05-26,1629.9219970704125,0
2026-05-27,1595.80615234385,0
2026-05-28,1603.6959228516625,0
2026-05-29,1610.6768798829125,0
2026-06-01,1626.4664306641625,0
2026-06-02,1703.167236328225,0
2026-06-03,1724.130126953225,0
2026-06-04,1755.199951171975,0
2026-06-05,1639.6195068360375,0
2026-06-08,1746.7808837891625,0
2026-06-09,1775.4737548829125,0
2026-06-10,1731.949951171975,0
2026-06-11,1897.0264892579125,0
2026-06-12,1861.14306640635,0
2026-06-15,1890.2154541016625,0
2026-06-16,1801.56005859385,0
2026-06-17,1865.4173583985375,0
2026-06-18,1927.1876220704125,0
2026-06-22,1926.7581787110375,0
2026-06-23,1776.162841796975,0
2026-06-24,1760.4931640626,0
2026-06-25,1838.8018798829125,0
2026-06-26,1792.302001953225,0
2026-06-29,1880.6777343751,0
2026-06-30,1986.870361328225,0
2026-07-01,1840.6595458985375,0
2026-07-02,1767.03466796885,0
2026-07-06,1822.712646484475,0
2026-07-07,1745.023193359475,0
2026-07-08,1766.3656005860375,0
2026-07-09,1801.9195556641625,0
2026-07-10,1794.9984130860375,0
2026-07-13,1723.8106689454125,0
2026-07-14,1773.3465576172875,0
2026-07-15,1812.9254150391625,0
2026-07-16,1782.5645751954125,0
2026-07-17,1745.32275390635,0
2026-07-20,1736.7738037110375,0
2026-07-21,1799.18310546885,0
2026-07-22,1799.5325927735375,0
2026-07-23,1800.671142578225,0
2026-07-24,1754.8204345704125,0
2026-07-27,1653.1220703126,0
2026-07-28,1582.949951171975,0
2026-07-29,1550.68994140635,0
2026-07-30,1651.43994140635,0
2026-07-31,1629.0000000001,0
2026-08-03,1642.52001953135,0
2026-08-05,1678.219970703225,0
