Date,Close,epoch_signal
2010-07-21,1.5279252530144287,0
2010-07-22,1.6037243605660034,0
2010-07-23,1.605830192665918,0
2010-07-26,1.6002155543373657,0
2010-07-27,1.5735453368233276,0
2010-07-28,1.5300300122307373,0
2010-07-29,1.5279252530144287,0
2010-07-30,1.5272232295082642,0
2010-08-02,1.5321359635399414,0
2010-08-03,1.5159937144325806,0
2010-08-04,1.5679302216576172,0
2010-08-05,1.5960038901375366,0
2010-08-06,1.5854766369865967,0
2010-08-09,1.6072335244225098,0
2010-08-10,1.5651227236794067,1
2010-08-11,1.4198403359459473,1
2010-08-12,1.4324731827782227,1
2010-08-13,1.4029953480766846,1
2010-08-16,1.4226478339241577,1
2010-08-17,1.4296664000557495,1
2010-08-18,1.4563363791512085,1
2010-08-19,1.439491868119104,1
2010-08-20,1.4338771105812622,1
2010-08-23,1.4317712784813477,1
2010-08-24,1.4205421210335327,1
2010-08-25,1.4240508080528809,1
2010-08-26,1.4458082915352417,1
2010-08-27,1.4254546166466309,0
2010-08-30,1.4036976100014282,0
2010-08-31,1.414225459198816,0
2010-09-01,1.4738823176430298,0
2010-09-02,1.4773916007088257,1
2010-09-03,1.4724791050957275,1
2010-09-07,1.4444047213600708,1
2010-09-08,1.4093122483299805,1
2010-09-09,1.380536675553186,0
2010-09-10,1.3089478016899658,1
2010-09-13,1.3300032616661621,1
2010-09-14,1.396679163079126,1
2010-09-15,1.3412330151604248,1
2010-09-16,1.3510589600609375,1
2010-09-17,1.4065049887703491,1
2010-09-20,1.4479143620537354,1
2010-09-21,1.4577398301170899,0
2010-09-22,1.4570380450295044,1
2010-09-23,1.4970433713005615,1
2010-09-24,1.5145896674202515,1
2010-09-27,1.5405583382652832,1
2010-09-28,1.5651227236794067,1
2010-09-29,1.5672279597328735,1
2010-09-30,1.5798619986580444,1
2010-10-01,1.5882837773369385,1
2010-10-04,1.5658248663948608,1
2010-10-05,1.5756503344582153,1
2010-10-06,1.5637189150856567,1
2010-10-07,1.605830192665918,1
2010-10-08,1.5581040383385254,1
2010-10-11,1.5679302216576172,1
2010-10-12,1.545471429924829,1
2010-10-13,1.5440669060753418,1
2010-10-14,1.5735453368233276,1
2010-10-15,1.592495083908899,1
2010-10-18,1.5960038901375366,1
2010-10-19,1.5714391470955444,1
2010-10-20,1.551085352997644,1
2010-10-21,1.5405583382652832,1
2010-10-22,1.5777558089302612,1
2010-10-25,1.6044261456535889,1
2010-10-26,1.6437301636742188,1
2010-10-27,1.6633812190102173,1
2010-10-28,1.644431710343225,1
2010-10-29,1.732162356476648,1
2010-11-01,1.6725057364510132,1
2010-11-02,1.6900521517799927,1
2010-11-03,1.732162356476648,1
2010-11-04,1.7749756575630737,1
2010-11-05,1.780590295891626,1
2010-11-08,1.7721681595848633,1
2010-11-09,1.7426903248833252,1
2010-11-10,1.7272499800728394,1
2010-11-11,1.744093656639917,1
2010-11-12,1.8051551581429077,1
2010-11-15,1.7665531636284424,1
2010-11-16,1.747603178124292,1
2010-11-17,1.7265479565666748,1
2010-11-18,1.7595350743340088,1
2010-11-19,1.7735718489693237,1
2010-11-22,1.8255094290779663,1
2010-11-23,1.8234031201408936,1
2010-11-24,1.8458621502922608,1
2010-11-26,1.8956940175102783,1
2010-11-29,1.8893765212105347,1
2010-11-30,1.8325275183724,1
2010-12-01,1.8851661683128906,1
2010-12-02,1.993952989678247,1
2010-12-03,1.8634085656212402,1
2010-12-06,1.8844648600624634,1
2010-12-07,1.744795560936792,1
2010-12-08,1.7826956511543823,1
2010-12-09,1.8535833359764649,1
2010-12-10,1.8528809548424316,1
2010-12-13,1.8704735041664673,1
2010-12-14,1.850066065888269,1
2010-12-15,1.8578068018959595,1
2010-12-16,1.9450664521263672,1
2010-12-17,1.9823634625481201,1
2010-12-20,1.9570305348442627,1
2010-12-21,1.9619563818977905,1
2010-12-22,1.9802532197044922,1
2010-12-23,1.9795490504311157,1
2010-12-27,2.023883819680078,1
2010-12-28,1.9915142060326172,1
2010-12-29,2.014735221962793,1
2010-12-30,2.0323283673332764,1
2010-12-31,1.9992527962730957,1
2011-01-03,1.956326723198755,1
2011-01-04,1.970401406388147,1
2011-01-05,1.9696974755333496,1
2011-01-06,2.006993532280786,1
2011-01-07,1.9901057482765747,1
2011-01-10,2.033735752205713,1
2011-01-11,2.0576627255486084,1
2011-01-12,1.9823634625481201,1
2011-01-13,1.9950309992836548,1
2011-01-14,2.0414762497948242,1
2011-01-18,1.9528077841805054,1
2011-01-19,1.9535117150353027,1
2011-01-20,1.9492896796272827,1
2011-01-21,1.9542156458901,1
2011-01-24,1.9767342806862427,1
2011-01-25,1.9718087912605835,1
2011-01-26,1.9879941941307617,1
2011-01-27,2.0562541485832764,1
2011-01-28,1.973919153313501,1
2011-01-31,2.020364999871118,1
2011-02-01,2.0456981659935547,1
2011-02-02,2.026698351006372,1
2011-02-03,2.069624662499292,1
2011-02-04,2.195589065651758,1
2011-02-07,2.1667373181389404,1
2011-02-08,2.245553732018335,1
2011-02-09,2.306072473626001,1
2011-02-10,2.2856647969292236,1
2011-02-11,2.342665672402246,1
2011-02-14,2.3954451085136963,1
2011-02-15,2.372222662072046,1
2011-02-16,2.419370412926538,1
2011-02-17,2.3665926457451416,1
2011-02-18,2.3820743561791016,1
2011-02-22,2.294109583001001,1
2011-02-23,2.205442428688867,1
2011-02-24,2.3912227154778076,1
2011-02-25,2.417963743309839,1
2011-02-28,2.391925573448999,1
2011-03-01,2.256812572579248,1
2011-03-02,2.284257650475366,1
2011-03-03,2.322258710961206,1
2011-03-04,2.307480812172754,1
2011-03-07,2.250478983025415,1
2011-03-08,2.279332161049707,1
2011-03-09,2.1815149785088135,1
2011-03-10,2.1822190285729004,1
2011-03-11,2.1977007390068604,1
2011-03-14,2.1815149785088135,1
2011-03-15,2.1864418984459473,1
2011-03-16,2.0855510235832764,1
2011-03-17,2.068617582421167,1
2011-03-18,2.1391704083489014,1
2011-03-21,2.186441421608789,1
2011-03-22,2.1666862965630127,1
2011-03-23,2.187852144341333,0
2011-03-24,2.1920864583061768,0
2011-03-25,2.1765639782951904,0
2011-03-28,2.186441421608789,0
2011-03-29,2.185029983620508,0
2011-03-30,2.2217178345726563,0
2011-03-31,2.194202423195703,0
2011-04-01,2.223834753136499,0
2011-04-04,2.158925771813257,0
2011-04-05,2.234417677025659,0
2011-04-06,2.312025308709009,0
2011-04-07,2.2908594609306885,0
2011-04-08,2.2979161740349365,0
2011-04-11,2.2739269734428955,1
2011-04-12,2.213252067665918,1
2011-04-13,2.243588924507959,1
2011-04-14,2.1920864583061768,1
2011-04-15,2.239356517891748,1
2011-04-18,2.2294788361595703,1
2011-04-19,2.24147367487417,0
2011-04-20,2.297210216622217,0
2011-04-21,2.300031900505884,0
2011-04-25,2.2746329308556152,1
2011-04-26,2.2823944092796875,1
2011-04-27,2.355769157509668,1
2011-04-28,2.32049298296438,1
2011-04-29,2.3607072831200195,1
2011-05-02,2.338836431603296,1
2011-05-03,2.268988609413965,1
2011-05-04,2.2957985402153565,1
2011-05-05,2.3451855183647705,1
2011-05-06,2.463010311226709,1
2011-05-09,2.5018138886498047,1
2011-05-10,2.52650785456167,0
2011-05-11,2.53074049959646,0
2011-05-12,2.4735922814415527,0
2011-05-13,2.4615981579826904,1
2011-05-16,2.4171504975365234,1
2011-05-17,2.417855739693506,1
2011-05-18,2.4432544709251953,1
2011-05-19,2.4559545517967774,1
2011-05-20,2.4263217450188233,1
2011-05-23,2.2598164082573486,1
2011-05-24,2.2372398377464844,1
2011-05-25,2.4340827466057373,1
2011-05-26,2.4488987923668457,1
2011-05-27,2.470064640145166,1
2011-05-31,2.3839900494621826,1
2011-06-01,2.3825790883110596,1
2011-06-02,2.364941120247705,1
2011-06-03,2.391045332054956,1
2011-06-06,2.3515355588005615,1
2011-06-07,2.402333974938257,1
2011-06-08,2.35718035707937,1
2011-06-09,2.4150335789726807,1
2011-06-10,2.3825790883110596,1
2011-06-13,2.361412763695581,1
2011-06-14,2.4143285752342774,1
2011-06-15,2.3740055562065674,1
2011-06-16,2.3605668545769287,1
2011-06-17,2.299022674660547,1
2011-06-20,2.3167083264397217,1
2011-06-21,2.410083055596216,1
2011-06-22,2.546609878640039,1
2011-06-23,2.5338773728416992,1
2011-06-24,2.51265549669729,1
2011-06-27,2.5077035428093506,0
2011-06-28,2.6138124466942383,0
2011-06-29,2.667573928933008,0
2011-06-30,2.68808913240896,0
2011-07-01,2.734776496987207,0
2011-07-05,2.7559974194573,0
2011-07-06,2.7644879818962647,1
2011-07-07,2.734776496987207,1
2011-07-08,2.6852593422936035,1
2011-07-11,2.6449384690331055,1
2011-07-12,2.5048742295311524,1
2011-07-13,2.5027525425957275,1
2011-07-14,2.4886040688561035,1
2011-07-15,2.511948585610254,1
2011-07-18,2.4758715630577637,1
2011-07-19,2.560758113961084,1
2011-07-20,2.5515623093651367,1
2011-07-21,2.6003715992973877,1
2011-07-22,2.6223011017845703,1
2011-07-25,2.5529770852135254,1
2011-07-26,2.5932981968926025,1
2011-07-27,2.3789584637688233,1
2011-07-28,2.4504053593681885,1
2011-07-29,2.3789584637688233,1
2011-08-01,2.3485400677727295,1
2011-08-02,2.2671902180718018,1
2011-08-03,2.318831443886621,1
2011-08-04,2.1858408452080322,1
2011-08-05,2.0754878521965576,1
2011-08-08,1.92339825640188,1
2011-08-09,2.0960021019981934,1
2011-08-10,2.0691206456230713,1
2011-08-11,2.1723999978111816,1
2011-08-12,2.195744037728174,1
2011-08-15,2.2360658646629883,1
2011-08-16,2.1907918454216553,1
2011-08-17,2.171692371468408,1
2011-08-18,2.0238475800560547,1
2011-08-19,2.001211404900415,1
2011-08-22,1.955230951409204,1
2011-08-23,2.069828510384424,0
2011-08-24,2.2827529908226563,1
2011-08-25,2.1844263077782227,1
2011-08-26,2.229698896508081,1
2011-08-29,2.323782205681665,1
2011-08-30,2.3435885907219483,1
2011-08-31,2.342174291710718,1
2011-09-01,2.2325286866234375,1
2011-09-02,2.202110529045923,1
2011-09-06,2.225454092125757,1
2011-09-07,2.313171148400171,1
2011-09-08,2.3407604695366455,1
2011-09-09,2.2848756314323975,1
2011-09-12,2.3718841076897217,1
2011-09-13,2.4277689457939697,1
2011-09-14,2.586223840813501,1
2011-09-15,2.6068005562828613,1
2011-09-16,2.589062213997705,1
2011-09-19,2.6500816346214844,1
2011-09-20,2.577000618080957,1
2011-09-21,2.552877187828882,1
2011-09-22,2.4109714032219483,1
2011-09-23,2.4691524506615234,1
2011-09-26,2.419485092263086,1
2011-09-27,2.4471569062279297,1
2011-09-28,2.3421471119927,1
2011-09-29,2.353498697380884,1
2011-09-30,2.3251187802361084,1
2011-10-03,2.2626793385552,1
2011-10-04,2.2946088315056397,1
2011-10-05,2.3137660027550293,1
2011-10-06,2.3378899098442627,1
2011-10-07,2.33292293558584,1
2011-10-10,2.388266086678369,1
2011-10-11,2.364851713280542,1
2011-10-12,2.387557029824121,1
2011-10-13,2.416647434334619,-1
2011-10-14,2.533010244469507,-1
2011-10-17,2.4875993729637695,-1
2011-10-18,2.5429437161491943,-1
2011-10-19,2.457089901070459,0
2011-10-20,2.4109714032219483,1
2011-10-21,2.401036501030786,1
2011-10-24,2.508176803688867,1
2011-10-25,2.4436087609337402,1
2011-10-26,2.396071434120996,1
2011-10-27,2.3953616620110108,1
2011-10-28,2.3832998276756836,1
2011-10-31,2.396071434120996,1
2011-11-01,2.341437816719873,1
2011-11-02,2.313056469063623,1
2011-11-03,2.435804605584009,1
2011-11-04,2.439352035622461,0
2011-11-07,2.4535422326134277,1
2011-11-08,2.4641854764031006,1
2011-11-09,2.3577566147850586,1
2011-11-10,2.3492424489067627,1
2011-11-11,2.4329662323998047,1
2011-11-14,2.3478238583611084,1
2011-11-15,2.340728759865625,1
2011-11-16,2.2775797844933106,1
2011-11-17,2.2137227059410645,0
2011-11-18,2.1186463833855225,1
2011-11-21,2.089555263619287,1
2011-11-22,2.0867176056908203,1
2011-11-23,2.0554986001061035,1
2011-11-25,2.0178933144615723,1
2011-11-28,2.0278267861412598,1
2011-11-29,2.048402786354883,1
2011-11-30,2.12290358553396,1
2011-12-01,2.1221930981682373,1
2011-12-02,2.2108848095940186,1
2011-12-05,2.2023706437157227,1
2011-12-06,2.1860508919762207,1
2011-12-07,2.215141534905298,1
2011-12-08,2.1768274308250977,1
2011-12-09,2.1718602181480957,1
2011-12-12,2.0902650357292725,1
2011-12-13,2.074655771355493,1
2011-12-14,2.037050485710962,1
2011-12-15,2.0406136513756348,1
2011-12-16,2.052013635735376,1
2011-12-19,1.9629499913261963,1
2011-12-20,2.0541512967156006,1
2011-12-21,1.9886001349495483,1
2011-12-22,2.0676887036369873,1
2011-12-23,2.0940511227654053,1
2011-12-27,2.090489149193628,1
2011-12-28,2.0477383137749268,1
2011-12-29,2.0748133660362793,1
2011-12-30,2.056288719277246,1
2012-01-03,2.0627009869621826,1
2012-01-04,2.02707576761709,1
2012-01-05,2.0299251080559326,1
2012-01-06,2.0171005726860596,1
2012-01-09,2.153188943962915,1
2012-01-10,2.1838271618889404,1
2012-01-11,2.2230141163872315,1
2012-01-12,2.257214307885034,1
2012-01-13,2.2493772507713867,1
2012-01-17,2.255077362160547,1
2012-01-18,2.4182403088615967,1
2012-01-19,2.3954405785606934,0
2012-01-20,2.4089770318077637,0
2012-01-23,2.398289918999536,1
2012-01-24,2.413252592186792,1
2012-01-25,2.418952465157373,1
2012-01-26,2.428215742211206,1
2012-01-27,2.421090841393335,1
2012-01-30,2.403277635674341,1
2012-01-31,2.4182403088615967,1
2012-02-01,2.4666907788323,1
2012-02-02,2.4937665463493897,1
2012-02-03,2.503028631310327,1
2012-02-06,2.4438908101128174,1
2012-02-07,2.4638402463005615,1
2012-02-08,2.485215425591333,1
2012-02-09,2.503028631310327,0
2012-02-10,2.457428455452783,0
2012-02-13,2.4802284241722656,1
2012-02-14,2.4588520527885986,0
2012-02-15,2.492340564827783,1
2012-02-16,2.555041551689966,1
2012-02-17,2.5108659268425537,1
2012-02-21,2.5272538662956787,1
2012-02-22,2.5578908921288086,1
2012-02-23,2.6498053074883057,1
2012-02-24,2.5878171921776367,1
2012-02-27,2.6348421574638916,1
2012-02-28,2.636979580025537,1
2012-02-29,2.679730177025659,1
2012-03-01,2.659066915612085,1
2012-03-02,2.6077675820396973,1
2012-03-05,2.5258283616112305,1
2012-03-06,2.5158543587730957,1
2012-03-07,2.54720401773916,0
2012-03-08,2.5949413777397705,0
2012-03-09,2.6198794842766358,0
2012-03-12,2.6077675820396973,0
2012-03-13,2.681154728035791,0
2012-03-14,2.6441049576805664,0
2012-03-15,2.6998753548668457,0
2012-03-16,2.709885597329004,1
2012-03-19,2.721325159172876,1
2012-03-20,2.719179630379541,1
2012-03-21,2.7427756787346436,1
2012-03-22,2.713460683922632,1
2012-03-23,2.7241852284477783,1
2012-03-26,2.7770955563591553,1
2012-03-27,2.772806167702539,1
2012-03-28,2.714890480141504,1
2012-03-29,2.7413461209343506,1
2012-03-30,2.786391258339746,1
2012-04-02,2.766371488671167,1
2012-04-03,2.74349045763479,1
2012-04-04,2.6748504639671875,1
2012-04-05,2.689149856667383,1
2012-04-09,2.6870057583855225,1
2012-04-10,2.631234884362085,1
2012-04-11,2.6798551083611084,1
2012-04-12,2.7277612687157227,1
2012-04-13,2.6655545235680176,1
2012-04-16,2.6491096020744873,1
2012-04-17,2.6984453202293945,1
2012-04-18,2.6798551083611084,1
2012-04-19,2.5532991887138916,1
2012-04-20,2.451052188973291,1
2012-04-23,2.3759758473442627,1
2012-04-24,2.336651086907251,1
2012-04-25,2.5011019707726074,1
2012-04-26,2.506822347740991,1
2012-04-27,2.473932981591089,1
2012-04-30,2.4653513432549072,-1
2012-05-01,2.4639227391289307,-1
2012-05-02,2.486802101235254,0
2012-05-03,2.385270118813379,0
2012-05-04,2.2615747452782227,0
2012-05-07,2.2379791737602783,1
2012-05-08,2.2558541298912598,1
2012-05-09,2.22153377542959,1
2012-05-10,2.207948923210962,1
2012-05-11,2.212238311867578,1
2012-05-14,2.2258238793419434,1
2012-05-15,2.220104456047876,1
2012-05-16,2.200084447960718,1
2012-05-17,2.1500327588127686,1
2012-05-18,2.1464579106377197,1
2012-05-21,2.210094213585718,1
2012-05-22,2.235835075478418,1
2012-05-23,2.396711826424463,1
2012-05-24,2.3244950772331787,0
2012-05-25,2.3702564240501953,0
2012-05-29,2.463207483391626,0
2012-05-30,2.3638203145073486,1
2012-05-31,2.366679906945093,1
2012-06-01,2.2150983811424805,1
2012-06-04,2.1829235554741455,1
2012-06-05,2.2458441258476807,0
2012-06-06,2.3573856354759766,0
2012-06-07,2.3559563160942627,1
2012-06-08,2.419591188530786,1
2012-06-11,2.3766908646629883,1
2012-06-12,2.425312042336328,1
2012-06-13,2.4338910580681397,1
2012-06-14,2.392237663369043,1
2012-06-15,2.446819305519922,1
2012-06-18,2.496373176674707,1
2012-06-19,2.4920642376946045,1
2012-06-20,2.5329997540520264,1
2012-06-21,2.4762635232018066,1
2012-06-22,2.49924635897146,1
2012-06-25,2.4568731785820557,1
2012-06-26,2.4698004723595215,1
2012-06-27,2.506427764992578,1
2012-06-28,2.464055061440332,1
2012-06-29,2.578244209389551,1
2012-07-02,2.5487992764519287,1
2012-07-03,2.56675386438833,1
2012-07-05,2.5552632809685303,1
2012-07-06,2.4762635232018066,1
2012-07-09,2.390801429848535,1
2012-07-10,2.400855302910669,1
2012-07-11,2.3771560193108154,1
2012-07-12,2.339810848336084,1
2012-07-13,2.380746841530664,1
2012-07-16,2.351301431755884,1
2012-07-17,2.37284779558645,1
2012-07-18,2.4267101288841797,1
2012-07-19,2.588299036126001,1
2012-07-20,2.5337183476494385,1
2012-07-23,2.4769814015434815,1
2012-07-24,2.454718589882715,1
2012-07-25,2.4568731785820557,1
2012-07-26,2.545208692650659,1
2012-07-27,2.594762086968286,1
2012-07-30,2.583272695641382,1
2012-07-31,2.6500627995537354,1
2012-08-01,2.6349802018211914,1
2012-08-02,2.6242074967430664,1
2012-08-03,2.6651439667748047,1
2012-08-06,2.66227126131521,1
2012-08-07,2.6859707833336426,1
2012-08-08,2.691716432671411,1
2012-08-09,2.6802256108330322,1
2012-08-10,2.668016195397241,1
2012-08-13,2.6048176289604736,1
2012-08-14,2.5961990357445313,1
2012-08-15,2.627079963784082,1
2012-08-16,2.650780201058252,1
2012-08-17,2.6457529068993164,1
2012-08-20,2.5825538636253906,1
2012-08-21,2.612717628579004,1
2012-08-22,2.620616912941797,1
2012-08-23,2.5868632794426514,1
2012-08-24,2.589017868141992,1
2012-08-27,2.568908214669092,1
2012-08-28,2.6048176289604736,1
2012-08-29,2.628516674141748,1
2012-08-30,2.5868632794426514,1
2012-08-31,2.6263620854424072,1
2012-09-04,2.577526092629297,0
2012-09-05,2.5265369416283203,0
2012-09-06,2.62923526773916,0
2012-09-07,2.59978985796438,0
2012-09-10,2.513608455757959,0
2012-09-11,2.5107357502983643,0
2012-09-12,2.5301270485924316,0
2012-09-13,2.5186355114983154,1
2012-09-14,2.5179176331566406,1
2012-09-17,2.5337183476494385,1
2012-09-18,2.5366032124565674,1
2012-09-19,2.5286684037254883,1
2012-09-20,2.434879779915674,1
2012-09-21,2.561854362587793,1
2012-09-24,2.4962029458092285,1
2012-09-25,2.381492853264673,1
2012-09-26,2.4139578343437744,1
2012-09-27,2.5178463460014893,1
2012-09-28,2.515681505303247,1
2012-10-01,2.5026955605553223,1
2012-10-02,2.4832167626427246,1
2012-10-03,2.4940383435295654,1
2012-10-04,2.4832167626427246,1
2012-10-05,2.4846599103020264,1
2012-10-08,2.44425892839895,1
2012-10-09,2.4233367444084717,1
2012-10-10,2.3511931897209717,1
2012-10-11,2.3757214547203613,1
2012-10-12,2.379329204659326,1
2012-10-15,2.3944787980125977,1
2012-10-16,2.4781668187187744,1
2012-10-17,2.46085262308584,1
2012-10-18,2.4565227032707764,1
2012-10-19,2.3944787980125977,1
2012-10-22,2.4096288682030274,0
2012-10-23,2.3980860711144043,1
2012-10-24,2.3612923623131348,0
2012-10-25,2.4312727452324463,0
2012-10-26,2.4406509400414063,0
2012-10-31,2.3829355240868164,0
2012-11-01,2.4889883996056152,0
2012-11-02,2.4507522584007813,0
2012-11-05,2.4760022164391113,0
2012-11-06,2.5452611447380615,0
2012-11-07,2.4500298501061035,0
2012-11-08,2.441373348336084,0
2012-11-09,2.415400743584497,1
2012-11-12,2.4247796536491943,1
2012-11-13,2.4009721280144287,1
2012-11-14,2.3829355240868164,0
2012-11-15,2.3266632557915283,0
2012-11-16,2.3042986393974854,0
2012-11-19,2.3627355099724365,1
2012-11-20,2.367063522438867,0
2012-11-21,2.3677854538963867,0
2012-11-23,2.4204514027641846,0
2012-11-26,2.455801487068994,0
2012-11-27,2.4615728856133057,0
2012-11-28,2.4933173657463623,0
2012-11-29,2.532275676827295,1
2012-11-30,2.532275676827295,1
2012-12-03,2.5113532544182373,1
2012-12-04,2.519289255242212,1
2012-12-05,2.491152286629541,1
2012-12-06,2.5337181092308594,1
2012-12-07,2.4709525109337402,1
2012-12-10,2.4853806496666504,1
2012-12-11,2.4933173657463623,1
2012-12-12,2.4940383435295654,1
2012-12-13,2.4432876111076904,1
2012-12-14,2.2576851845787598,1
2012-12-17,2.3193106652306152,1
2012-12-18,2.339610815148218,1
2012-12-19,2.3193106652306152,1
2012-12-20,2.312785863976343,1
2012-12-21,2.273634910683496,1
2012-12-24,2.258409023384912,1
2012-12-26,2.2388343812035156,1
2012-12-27,2.274360418419702,1
2012-12-28,2.258409023384912,1
2012-12-31,2.2946605683373047,1
2013-01-02,2.3591856957481934,1
2013-01-03,2.371511697869165,0
2013-01-04,2.35628604898916,0
2013-01-07,2.343235492806299,0
2013-01-08,2.3272855282829834,0
2013-01-09,2.3787620068596436,0
2013-01-10,2.4302375317619873,1
2013-01-11,2.4896881581352783,0
2013-01-14,2.5063636303948,0
2013-01-15,2.4556121827171875,0
2013-01-16,2.50563907633291,0
2013-01-17,2.523763418297632,0
2013-01-18,2.496938943962915,1
2013-01-22,2.496938943962915,1
2013-01-23,2.495488405327661,1
2013-01-24,2.459963321785791,1
2013-01-25,2.476638078789575,1
2013-01-28,2.499838352303369,1
2013-01-29,2.5063636303948,1
2013-01-30,2.541163921456201,1
2013-01-31,2.59336519251333,1
2013-02-01,2.6288909913109375,0
2013-02-04,2.5505895615624024,0
2013-02-05,2.5672640801476074,0
2013-02-06,2.583939790825708,0
2013-02-07,2.5346391202019287,0
2013-02-08,2.560739517311914,0
2013-02-11,2.5665392876671387,0
2013-02-12,2.54768967638479,0
2013-02-13,2.5498645306633545,0
2013-02-14,2.583939790825708,0
2013-02-15,2.54768967638479,0
2013-02-19,2.5766894818352295,0
2013-02-20,2.5136137009666992,0
2013-02-21,2.441112995247705,0
2013-02-22,2.4715635777519775,1
2013-02-25,2.3889124394463135,1
2013-02-26,2.4019627572105957,1
2013-02-27,2.442563057045801,1
2013-02-28,2.4809885026024414,1
2013-03-01,2.4432876111076904,1
2013-03-04,2.431687593560083,1
2013-03-05,2.4889633656548096,1
2013-03-06,2.516514301400049,1
2013-03-07,2.5353639126823975,1
2013-03-08,2.557114839653833,1
2013-03-11,2.556389093499048,1
2013-03-12,2.570164442162378,1
2013-03-13,2.609314441780908,1
2013-03-14,2.657890796761377,1
2013-03-15,2.6100404263542725,1
2013-03-18,2.556389093499048,1
2013-03-19,2.5592904091881348,1
2013-03-20,2.6049654484795166,1
2013-03-21,2.5918452740715576,1
2013-03-22,2.6093380452202393,1
2013-03-25,2.588930130104883,1
2013-03-26,2.608609914879663,1
2013-03-27,2.5976767540978027,1
2013-03-28,2.61808443079458,1
2013-04-01,2.575810194115503,0
2013-04-02,2.542282819847925,0
2013-04-03,2.500737428765161,0
2013-04-04,2.5218751431511475,1
2013-04-05,2.50219464312063,1
2013-04-08,2.52624773989187,1
2013-04-09,2.5349936486290527,1
2013-04-10,2.578726053337915,1
2013-04-11,2.5969483853386475,1
2013-04-12,2.5444693566368652,1
2013-04-15,2.4621078969048096,1
2013-04-16,2.520416498284204,1
2013-04-17,2.3615236283348633,1
2013-04-18,2.286451578240259,1
2013-04-19,2.278433323006494,1
2013-04-22,2.3017561436699463,1
2013-04-23,2.35933780680166,1
2013-04-24,2.3775579930351807,0
2013-04-25,2.3782880307243897,0
2013-04-26,2.3403866292046143,0
2013-04-29,2.3709983826683594,0
2013-04-30,2.329453945259912,0
2013-05-01,2.282806873421533,0
2013-05-02,2.3389294148491455,0
2013-05-03,2.323622703652246,0
2013-05-06,2.390678882698877,0
2013-05-07,2.371727466683252,0
2013-05-08,2.441699266533716,0
2013-05-09,2.4686672688530518,0
2013-05-10,2.482515335183008,0
2013-05-13,2.4504456521080566,0
2013-05-14,2.4562771321343018,0
2013-05-15,2.4912619591759277,0
2013-05-16,2.49344801912771,1
2013-05-17,2.509484052758081,1
2013-05-20,2.5102128983543945,1
2013-05-21,2.5575900078819824,1
2013-05-22,2.5189590455101563,1
2013-05-23,2.475956678490503,1
2013-05-24,2.48543119440542,1
2013-05-28,2.5102128983543945,1
2013-05-29,2.509484052758081,1
2013-05-30,2.7565689087914063,1
2013-05-31,2.750009775261743,0
2013-06-03,2.7186684609459473,1
2013-06-04,2.7551114560173584,0
2013-06-05,2.6968023778008057,0
2013-06-06,2.678579807381494,1
2013-06-07,2.7179391385124756,1
2013-06-10,2.68441104898916,1
2013-06-11,2.645052194695337,1
2013-06-12,2.62245774279104,1
2013-06-13,2.7206993104027344,1
2013-06-14,2.755890369515283,1
2013-06-17,2.7925472260521484,1
2013-06-18,2.8409347535179688,1
2013-06-19,2.791080951790674,1
2013-06-20,2.7170333863304688,1
2013-06-21,2.7404935360954834,1
2013-06-24,2.6899070740746094,1
2013-06-25,2.719965934853418,1
2013-06-26,2.7309629918144775,1
2013-06-27,2.736096143822534,1
2013-06-28,2.7404935360954834,1
2013-07-01,2.7573559285210205,1
2013-07-02,2.8211393357323242,1
2013-07-03,2.829204559426172,1
2013-07-05,2.845334053139551,0
2013-07-08,2.732429027657373,0
2013-07-09,2.755157709221704,0
2013-07-10,2.810142755608423,0
2013-07-11,2.829204559426172,0
2013-07-12,2.855598211388452,0
2013-07-15,2.786681890587671,0
2013-07-16,2.8497323990868164,0
2013-07-17,2.853398561577661,0
2013-07-18,2.7566237450645996,0
2013-07-19,2.774951458077295,0
2013-07-22,2.770552396874292,0
2013-07-23,2.7573559285210205,0
2013-07-24,2.7045695782707764,0
2013-07-25,2.705303192238672,1
2013-07-26,2.6965057850884033,1
2013-07-29,2.682575225930078,1
2013-07-30,2.7016377450035645,1
2013-07-31,2.6891732216881348,1
2013-08-01,2.741959571938379,1
2013-08-02,2.748558282952173,1
2013-08-05,2.7141008378075195,1
2013-08-06,2.7023706437157227,1
2013-08-07,2.7338950635002686,1
2013-08-08,2.736096143822534,0
2013-08-09,2.7001712323235108,0
2013-08-12,2.7639548779533936,0
2013-08-13,2.7874157429741455,0
2013-08-14,2.7287635804222656,0
2013-08-15,2.640787124733789,0
2013-08-16,2.6576483250664307,0
2013-08-19,2.6576483250664307,0
2013-08-20,2.6972386838005615,0
2013-08-21,2.682575225930078,0
2013-08-22,2.684041738610132,0
2013-08-23,2.693572521309717,0
2013-08-26,2.7478256226585938,0
2013-08-27,2.679642915825708,0
2013-08-28,2.8064770699547363,0
2013-08-29,2.855598211388452,0
2013-08-30,2.8233392239616943,0
2013-09-03,2.8116095067070557,1
2013-09-04,2.8577969075249268,1
2013-09-05,2.843867063622339,1
2013-09-06,2.827004909615381,1
2013-09-09,2.8424007893608643,1
2013-09-10,2.907651424507959,1
2013-09-11,2.877591371636255,1
2013-09-12,2.8614635468529297,1
2013-09-13,2.858529567818506,1
2013-09-16,2.8797922135399414,1
2013-09-17,2.958699941735132,1
2013-09-18,2.999260187249048,1
2013-09-19,3.005159854988916,1
2013-09-20,3.069319486718042,1
2013-09-23,3.0877554417656494,1
2013-09-24,3.1275794507073,1
2013-09-25,3.1128294468926025,1
2013-09-26,3.1172544957207275,1
2013-09-27,3.148965358834131,1
2013-09-30,3.1769886017845703,0
2013-10-01,3.202061653237207,0
2013-10-02,3.201324224572046,0
2013-10-03,3.1932127476738525,0
2013-10-04,3.2079620362328125,0
2013-10-07,3.1710898877190186,0
2013-10-08,3.1415908337639404,0
2013-10-09,3.1120922566460205,0
2013-10-10,3.2087008954094483,1
2013-10-11,3.1924760342644287,1
2013-10-14,3.261796474556787,1
2013-10-15,3.225661277870996,1
2013-10-16,3.2817089558647705,1
2013-10-17,3.3259572983788086,1
2013-10-18,3.39675235758291,1
2013-10-21,3.4697608948753906,1
2013-10-22,3.456486702065332,1
2013-10-23,3.3473424912499024,1
2013-10-24,3.35471510897146,1
2013-10-25,3.365041732888086,1
2013-10-28,3.356191635231836,1
2013-10-29,3.3775784970329834,1
2013-10-30,3.3075196744011475,1
2013-10-31,3.3502936364220215,1
2013-11-01,3.297931432823999,1
2013-11-04,3.321531295876367,1
2013-11-05,3.3207945824669434,1
2013-11-06,3.345867872338159,1
2013-11-07,3.2197625638054443,1
2013-11-08,3.270646572213037,0
2013-11-11,3.260322094063623,0
2013-11-12,3.328169107537134,0
2013-11-13,3.346604824166162,0
2013-11-14,3.1674022675560547,0
2013-11-15,3.289820671181543,0
2013-11-18,3.2418856621788574,0
2013-11-19,3.1674022675560547,0
2013-11-20,3.148965358834131,0
2013-11-21,3.1747753621147705,0
2013-11-22,3.1932127476738525,1
2013-11-25,3.2234487534569336,1
2013-11-26,3.3001456261681152,1
2013-11-27,3.294245720009668,1
2013-11-29,3.2986702920006348,1
2013-12-02,3.3185815812157227,1
2013-12-03,3.3023581505821777,1
2013-12-04,3.2817089558647705,1
2013-12-05,3.5095841885613037,1
2013-12-06,3.4631240368889404,1
2013-12-09,3.4933605195091797,1
2013-12-10,3.4365758896874024,1
2013-12-11,3.4004406930016113,1
2013-12-12,3.3738908768700195,1
2013-12-13,3.3665175438927246,1
2013-12-16,3.6946873665855957,1
2013-12-17,3.9498496056603027,0
2013-12-18,3.9379942418144775,0
2013-12-19,3.811298132042749,0
2013-12-20,3.826857566933496,1
2013-12-23,3.857234478096826,1
2013-12-24,3.898725986580713,1
2013-12-26,3.906134605507715,1
2013-12-27,3.9105796814964844,1
2013-12-30,3.9046525956200195,1
2013-12-31,3.9179916382835938,1
2014-01-02,3.9009485245750977,1
2014-01-03,3.915767192940576,1
2014-01-06,3.8890957833336426,1
2014-01-07,3.926140546898706,1
2014-01-08,3.984672784905298,1
2014-01-09,3.9439234734581543,1
2014-01-10,3.949107885460718,1
2014-01-13,3.9002082348869873,1
2014-01-14,4.095070839028223,1
2014-01-15,4.221027374367578,1
2014-01-16,4.106925964455469,1
2014-01-17,4.159528732399805,0
2014-01-21,4.157306671242578,0
2014-01-22,4.234363556008203,0
2014-01-23,4.15286111841665,0
2014-01-24,4.037278175454004,0
2014-01-27,4.03431510935293,0
2014-01-28,4.054318428139551,1
2014-01-29,4.006158828835352,1
2014-01-30,4.078770637612207,1
2014-01-31,4.048391819100244,1
2014-02-03,3.946145534615381,1
2014-02-04,4.001713752846582,1
2014-02-05,3.9994921685265137,1
2014-02-06,4.089883804421289,1
2014-02-07,4.1913909913109375,1
2014-02-10,4.1721248627708984,1
2014-02-11,4.30252742777334,1
2014-02-12,4.366990566353662,1
2014-02-13,4.377361297707422,1
2014-02-14,4.3032684327171875,1
2014-02-18,4.324756145577295,1
2014-02-19,4.275113582711084,1
2014-02-20,4.371433734993799,1
2014-02-21,4.338093280892236,1
2014-02-24,4.413665771584375,1
2014-02-25,4.371433734993799,1
2014-02-26,4.586298942665918,1
2014-02-27,4.547773361306055,1
2014-02-28,4.571482181649072,1
2014-03-03,4.5744452477501465,1
2014-03-04,4.693734169106348,1
2014-03-05,4.673729419808252,1
2014-03-06,4.715221405129297,1
2014-03-07,4.649279594521387,1
2014-03-10,4.652983665566309,1
2014-03-11,4.595191955666406,0
2014-03-12,4.68113899240957,0
2014-03-13,4.6440935135887695,0
2014-03-14,4.6440935135887695,0
2014-03-17,4.698180675606592,0
2014-03-18,4.748778343300684,0
2014-03-19,4.792680263619287,0
2014-03-20,4.859648704628809,0
2014-03-21,4.754730701546533,0
2014-03-24,4.6996684075401856,0
2014-03-25,4.762171745400293,1
2014-03-26,4.67362642298208,1
2014-03-27,4.671391487221582,1
2014-03-28,4.770355701546533,1
2014-03-31,4.792680263619287,1
2014-04-01,4.840300560097559,1
2014-04-02,4.809792518715723,1
2014-04-03,4.75696325312124,1
2014-04-04,4.598471164803369,1
2014-04-07,4.491322994332178,1
2014-04-08,4.477187156777246,1
2014-04-09,4.6483235360191895,1
2014-04-10,4.4541192055748535,1
2014-04-11,4.355154514412744,1
2014-04-14,4.376733780007227,1
2014-04-15,4.38566255579458,1
2014-04-16,4.41319465647207,1
2014-04-17,4.530760288338525,1
2014-04-21,4.605166912178857,1
2014-04-22,4.7205047608421875,1
2014-04-23,4.806816578011377,1
2014-04-24,4.86485481272207,1
2014-04-25,4.638652801613672,1
2014-04-28,4.522576332192285,1
2014-04-29,4.532990455727441,1
2014-04-30,4.724967956642969,1
2014-05-01,4.724221706490381,1
2014-05-02,4.782262325386865,1
2014-05-05,4.7807745934532715,1
2014-05-06,5.010697364907129,1
2014-05-07,4.971261978249414,1
2014-05-08,5.056085586647852,1
2014-05-09,5.01590633402334,1
2014-05-12,5.143888473610742,1
2014-05-13,5.11635684977041,1
2014-05-14,5.0977559090660645,1
2014-05-15,5.054598808388574,1
2014-05-16,5.095522403817041,1
2014-05-19,5.083617210488184,1
2014-05-20,5.0240912438438965,1
2014-05-21,5.0903143883751465,1
2014-05-22,5.110404968361719,1
2014-05-23,5.249549865822656,1
2014-05-27,5.277824878792627,1
2014-05-28,5.216064453225,1
2014-05-29,5.267406940560205,1
2014-05-30,5.25847864161001,1
2014-06-02,5.3306565285729,0
2014-06-03,5.3165178299950195,0
2014-06-04,5.328423023323877,0
2014-06-05,5.347769260506494,0
2014-06-06,5.329910755257471,0
2014-06-09,5.341817855934961,0
2014-06-10,5.3470258713768555,0
2014-06-11,5.338840961556299,0
2014-06-12,5.33958625803457,0
2014-06-13,5.3142852784203125,0
2014-06-16,5.274104118447168,0
2014-06-17,5.34060001383291,1
2014-06-18,5.321176052193506,1
2014-06-19,5.2995076180504395,1
2014-06-20,5.347325325112207,1
2014-06-23,5.322669506172998,1
2014-06-24,5.280081749062402,1
2014-06-25,5.351807117562158,1
2014-06-26,5.301750183205469,1
2014-06-27,5.3002543450401856,1
2014-06-30,5.3846821785973145,1
2014-07-01,5.531123161415918,1
2014-07-02,5.552789688210352,1
2014-07-03,5.6170454026268555,1
2014-07-07,5.568480491738184,1
2014-07-08,5.483306884865625,1
2014-07-09,5.546066761116846,1
2014-07-10,5.465373516182764,0
2014-07-11,5.469109535317285,0
2014-07-14,5.531867504219873,0
2014-07-15,5.48554801950918,0
2014-07-16,5.502731800179346,0
2014-07-17,5.371981144051416,0
2014-07-18,5.603595733742578,0
2014-07-21,5.634975433449609,0
2014-07-22,5.632735252480371,0
2014-07-23,5.501236438851221,0
2014-07-24,5.417557239632471,1
2014-07-25,5.224046230416162,1
2014-07-28,5.26812744150625,1
2014-07-29,5.221057891945703,1
2014-07-30,5.26812744150625,1
2014-07-31,5.183701038460596,1
2014-08-01,5.262897968392236,1
2014-08-04,5.330141544442041,1
2014-08-05,5.238989353279932,1
2014-08-06,5.2516913415001465,1
2014-08-07,5.202378273110254,1
2014-08-08,5.262150764565332,1
2014-08-11,5.291289329628809,1
2014-08-12,5.315944671730859,1
2014-08-13,5.377211094002588,1
2014-08-14,5.516927719216211,1
2014-08-15,5.587905407051904,1
2014-08-18,5.631239891152246,1
2014-08-19,5.6499176026390625,1
2014-08-20,5.70670223246084,1
2014-08-21,5.698483944039209,1
2014-08-22,5.694000244240625,1
2014-08-25,5.66112756739126,1
2014-08-26,5.67532205591665,1
2014-08-27,5.690264701943262,1
2014-08-28,5.705208778481348,1
2014-08-29,6.1333231926964356,1
2014-09-02,6.352235317330225,1
2014-09-03,6.379879951577051,1
2014-09-04,6.4321818352745606,1
2014-09-05,6.565920353035791,1
2014-09-08,6.589081287484033,1
2014-09-09,6.605517387490137,1
2014-09-10,6.649600029091699,1
2014-09-11,6.654831886391504,1
2014-09-12,6.5636796952293945,1
2014-09-15,6.478506565193994,0
2014-09-16,6.568909645180566,0
2014-09-17,6.579408168892725,0
2014-09-18,6.712883949379785,0
2014-09-19,6.68139123926626,0
2014-09-22,6.537413597206934,0
2014-09-23,6.565909385781152,0
2014-09-24,6.67539119730459,0
2014-09-25,6.483424663643701,0
2014-09-26,6.561409950356348,1
2014-09-29,6.532167434792383,1
2014-09-30,6.523916721443994,1
2014-10-01,6.414432525734766,1
2014-10-02,6.239715099434717,1
2014-10-03,6.259210586647852,1
2014-10-06,6.214968681435449,1
2014-10-07,6.076240539650781,1
2014-10-08,6.246464252571924,1
2014-10-09,6.043994903664453,1
2014-10-10,5.351112365822656,1
2014-10-13,5.177140712838037,1
2014-10-14,5.400601863961084,1
2014-10-15,5.440347194771631,1
2014-10-16,5.669057846169336,1
2014-10-17,5.7852888108299805,1
2014-10-20,5.848278045754297,1
2014-10-21,6.177473545174463,1
2014-10-22,6.063494682412012,1
2014-10-23,6.102486610512598,0
2014-10-24,6.137731075386865,0
2014-10-27,6.116734504799707,0
2014-10-28,6.313950061898096,0
2014-10-29,6.3649420739220215,0
2014-10-30,6.178225517372949,0
2014-10-31,6.467676162819727,1
2014-11-03,6.474424839119775,1
2014-11-04,6.400936603646143,1
2014-11-05,6.502171993355615,1
2014-11-06,6.571159839730127,1
2014-11-07,6.376942157845361,1
2014-11-10,6.4421796799706055,1
2014-11-11,6.460927963356836,1
2014-11-12,6.527667045693262,1
2014-11-13,6.557662010292871,1
2014-11-14,6.67539119730459,1
2014-11-17,6.637897968392236,1
2014-11-18,6.854610920052393,1
2014-11-19,6.6926398278282715,1
2014-11-20,6.74362850199209,1
2014-11-21,6.764627456765039,1
2014-11-24,6.834365367989404,1
2014-11-25,6.835115909676416,1
2014-11-26,7.032331466774805,1
2014-11-28,7.003837585549219,1
2014-12-01,6.820117950539453,1
2014-12-02,6.913852691750391,1
2014-12-03,7.133565902809961,1
2014-12-04,7.728969097237451,1
2014-12-05,7.797954082589014,0
2014-12-08,7.551994323830469,0
2014-12-09,7.696724891762598,0
2014-12-10,7.442512512307031,0
2014-12-11,7.5399980546043945,0
2014-12-12,7.438764572243555,0
2014-12-15,7.364526748757227,0
2014-12-16,7.298539161782129,0
2014-12-17,7.449810028176172,1
2014-12-18,7.649993419747217,1
2014-12-19,7.537110328774316,1
2014-12-22,7.631932258705957,1
2014-12-23,7.584519386391504,1
2014-12-24,7.580003261666162,1
2014-12-26,7.572476863961084,1
2014-12-29,7.622899532418115,1
2014-12-30,7.589786529641016,1
2014-12-31,7.570221424202783,1
2015-01-02,7.532589435677393,1
2015-01-05,7.412177085976465,1
2015-01-06,7.2436017991112305,1
2015-01-07,7.439273357491357,1
2015-01-08,7.811047077278955,1
2015-01-09,7.894580841164453,1
2015-01-12,7.76363468180166,1
2015-01-13,7.71998405466543,1
2015-01-14,7.780945777993066,1
2015-01-15,7.625158786873682,1
2015-01-16,7.81330680857168,1
2015-01-20,7.892326831917627,1
2015-01-21,7.930706024269922,1
2015-01-22,7.9171624184654785,1
2015-01-23,8.051119804482324,1
2015-01-26,8.032303810219629,1
2015-01-27,7.886305332283838,1
2015-01-28,7.902111530403955,1
2015-01-29,8.017256736855371,1
2015-01-30,7.742565155129297,1
2015-02-02,7.707944393257959,1
2015-02-03,7.7666449547813965,1
2015-02-04,7.88705587397085,1
2015-02-05,7.992417335610254,1
2015-02-06,7.882541179756982,1
2015-02-09,7.694396495919092,1
2015-02-10,8.055635452370508,1
2015-02-11,8.123367309670313,1
2015-02-12,8.255823135475977,1
2015-02-13,8.28968620310293,1
2015-02-17,8.343873977761133,1
2015-02-18,8.278399467568262,1
2015-02-19,8.346134185891016,1
2015-02-20,8.433431625466211,1
2015-02-23,8.492887497048242,1
2015-02-24,8.517717361550195,1
2015-02-25,8.480091095070703,1
2015-02-26,9.727121353249414,1
2015-02-27,9.604449272255762,1
2015-03-02,9.70981216440664,1
2015-03-03,9.649601936440332,1
2015-03-04,9.738409996132715,1
2015-03-05,9.826458931069238,1
2015-03-06,9.624770164589746,1
2015-03-09,9.566821098427637,1
2015-03-10,9.416304588417871,1
2015-03-11,9.381682396035059,1
2015-03-12,9.49156379709707,1
2015-03-13,9.407271385292871,0
2015-03-16,9.773777961830957,0
2015-03-17,9.715832710366113,0
2015-03-18,9.845657348732813,0
2015-03-19,9.966426849465234,0
2015-03-20,10.060773849587305,0
2015-03-23,10.147579193215234,0
2015-03-24,10.047942161660059,0
2015-03-25,9.392020225624902,0
2015-03-26,9.413153648476465,1
2015-03-27,9.677334785561426,1
2015-03-30,9.853957176308496,1
2015-03-31,9.584495544533594,1
2015-04-01,9.482595443825586,1
2015-04-02,9.436553955178125,1
2015-04-06,9.497693061928613,1
2015-04-07,9.484106063942773,1
2015-04-08,9.570150375466211,1
2015-04-09,9.602609634499414,1
2015-04-10,9.572420120339258,1
2015-04-13,9.46146297464834,1
2015-04-14,9.358053207497461,1
2015-04-15,9.502975463967188,1
2015-04-16,9.45995044718252,1
2015-04-17,9.19727897654043,0
2015-04-20,9.286348342995508,0
2015-04-21,9.291632652382715,0
2015-04-22,9.653935432534082,0
2015-04-23,9.364847183327539,0
2015-04-24,9.019902229409082,0
2015-04-27,9.068960189919336,0
2015-04-28,8.865168571572168,0
2015-04-29,8.833464622597559,0
2015-04-30,8.822141647438867,0
2015-05-01,9.2689847947167,0
2015-05-04,9.1451997757958,0
2015-05-05,8.815350532631738,1
2015-05-06,8.814596176247461,1
2015-05-07,9.244836807350977,1
2015-05-08,9.308991432289941,1
2015-05-11,9.269742965798242,0
2015-05-12,9.280306816201074,0
2015-05-13,9.293891906838281,1
2015-05-14,9.581475257973535,1
2015-05-15,9.65167236338125,1
2015-05-18,9.826032638649805,1
2015-05-19,9.77243709574209,1
2015-05-20,9.745268821816309,1
2015-05-21,9.78149700174795,1
2015-05-22,10.011712074379785,1
2015-05-26,9.91057014475332,1
2015-05-27,10.679718017678125,1
2015-05-28,10.746889114479883,1
2015-05-29,11.176374435524805,1
2015-06-01,11.066930770974023,1
2015-06-02,10.881246566872461,1
2015-06-03,10.798219680886133,1
2015-06-04,10.657825470070703,1
2015-06-05,10.854828834633691,1
2015-06-08,10.46384334574209,1
2015-06-09,10.583101272683008,0
2015-06-10,10.783125877480371,0
2015-06-11,10.717458725075586,0
2015-06-12,10.602723121743066,0
2015-06-15,10.80274772654043,0
2015-06-16,10.717458725075586,0
2015-06-17,10.64932918558584,0
2015-06-18,10.824182510475977,1
2015-06-19,10.81585693369375,1
2015-06-22,10.845376968483789,1
2015-06-23,10.721240997414453,1
2015-06-24,10.594831466774805,1
2015-06-25,10.538819313149316,1
2015-06-26,10.229991912941797,1
2015-06-29,9.9923095704125,1
2015-06-30,10.061948776345117,1
2015-07-01,10.256477356057031,1
2015-07-02,10.418464660744531,1
2015-07-06,10.158082008461816,1
2015-07-07,10.055135727028711,1
2015-07-08,9.6925630570458,1
2015-07-09,9.43747615824209,1
2015-07-10,9.828055381874902,1
2015-07-13,9.778097152809961,1
2015-07-14,10.014263153176172,1
2015-07-15,9.970359802346094,1
2015-07-16,10.19592571268545,1
2015-07-17,10.117204666237695,0
2015-07-20,10.19138240824209,0
2015-07-21,10.181544303994043,0
2015-07-22,9.80913257608877,0
2015-07-23,9.989280700783594,0
2015-07-24,9.725110054116113,0
2015-07-27,9.435206413369043,0
2015-07-28,9.720573425392969,0
2015-07-29,9.732683181862695,0
2015-07-30,9.6622896195458,0
2015-07-31,9.47229290018545,0
2015-08-03,9.52225399027334,0
2015-08-04,9.345888137917383,0
2015-08-05,9.44277572641836,0
2015-08-06,9.330751419167383,0
2015-08-07,9.276248931984766,0
2015-08-10,9.634281158547266,0
2015-08-11,9.401902198891504,0
2015-08-12,9.516952514748438,0
2015-08-13,9.400385856728418,0
2015-08-14,9.231590271096094,0
2015-08-17,9.501059532265527,0
2015-08-18,9.252784729103906,1
2015-08-19,9.192988395790918,1
2015-08-20,8.70703411112295,1
2015-08-21,8.436051368813379,1
2015-08-24,8.321751594643457,1
2015-08-25,8.21351146707998,1
2015-08-26,8.795591354470117,1
2015-08-27,9.5570707322167,1
2015-08-28,9.660014152626855,1
2015-08-31,9.535120964150293,1
2015-09-01,9.035545349221094,1
2015-09-02,9.389031410317285,1
2015-09-03,9.368597030739648,1
2015-09-04,9.170275688271387,1
2015-09-08,9.776583671669824,1
2015-09-09,9.62595272074209,1
2015-09-10,9.743276596169336,1
2015-09-11,9.921917915444238,1
2015-09-14,9.930243492226465,1
2015-09-15,10.17170238504873,1
2015-09-16,9.98415756235586,1
2015-09-17,9.917338371376855,1
2015-09-18,9.688027381996973,1
2015-09-21,9.662968635659082,1
2015-09-22,9.468584060768945,1
2015-09-23,9.532362938027246,1
2015-09-24,9.423027992348535,1
2015-09-25,9.623485565285547,1
2015-09-28,9.176251411537988,1
2015-09-29,9.086653709511621,1
2015-09-30,9.492121696572168,1
2015-10-01,9.274201393227441,1
2015-10-02,9.3645601273583,1
2015-10-05,9.204345703225,1
2015-10-06,8.892271041970117,1
2015-10-07,9.008442878823145,1
2015-10-08,8.86037826548086,1
2015-10-09,8.877082824807031,-1
2015-10-12,8.935551643471582,-1
2015-10-13,8.612085342507227,-1
2015-10-14,8.91884708414541,0
2015-10-15,9.253701210121973,-1
2015-10-16,9.19295597086416,0
2015-10-19,9.03273868570791,0
2015-10-20,9.103357315163477,1
2015-10-21,9.149675369362695,1
2015-10-22,9.517179489235742,1
2015-10-23,9.839126587014063,0
2015-10-26,9.385818481545313,0
2015-10-27,9.224847793679102,0
2015-10-28,9.650059700112207,0
2015-10-29,9.118537902932031,-1
2015-10-30,9.349371910195215,-1
2015-11-02,9.400247573952539,-1
2015-11-03,9.274201393227441,1
2015-11-04,9.423785209755762,1
2015-11-05,9.192197799782617,1
2015-11-06,9.845958709816797,1
2015-11-09,9.605259895424707,1
2015-11-10,9.101078987221582,1
2015-11-11,9.10791301737295,1
2015-11-12,9.100319862465723,1
2015-11-13,8.924920082192285,1
2015-11-16,9.223328590493066,1
2015-11-17,9.268125534157617,1
2015-11-18,9.561222076516016,1
2015-11-19,9.507308960060938,1
2015-11-20,9.59766960154043,1
2015-11-23,9.446562767128809,1
2015-11-24,9.744972229103906,1
2015-11-25,9.748766899208887,1
2015-11-27,9.874053955178125,1
2015-11-30,9.905186653237207,1
2015-12-01,10.090459823708398,1
2015-12-02,10.038825035195215,1
2015-12-03,10.993276596169336,1
2015-12-04,11.204364776711328,0
2015-12-07,11.300797462563379,0
2015-12-08,11.221070289711816,1
2015-12-09,11.059340477089746,1
2015-12-10,11.18690013895498,1
2015-12-11,10.965940475563867,1
2015-12-14,10.820915222267969,1
2015-12-15,10.878620147805078,1
2015-12-16,10.958593368630273,1
2015-12-17,10.699634552101953,1
2015-12-18,10.67831039438711,1
2015-12-21,11.10483455667959,1
2015-12-22,11.05151653299795,1
2015-12-23,11.158905029396875,1
2015-12-24,11.144437790016992,1
2015-12-28,11.146721840004785,1
2015-12-29,11.267824173073633,1
2015-12-30,11.224408149819238,1
2015-12-31,11.05532455454336,1
2016-01-04,10.836730003456934,1
2016-01-05,10.4741849900292,1
2016-01-06,10.152010917763574,1
2016-01-07,9.829071998696191,1
2016-01-08,9.764330864052637,1
2016-01-11,9.752142906288965,1
2016-01-12,9.895330429177148,1
2016-01-13,9.391881942849023,1
2016-01-14,9.535076141457422,1
2016-01-15,9.137492179970605,1
2016-01-19,9.145112991433008,1
2016-01-20,9.431493759255273,1
2016-01-21,9.484807014565332,1
2016-01-22,9.483281135659082,1
2016-01-25,9.481760025124414,1
2016-01-26,9.474141121010645,0
2016-01-27,9.318763733010156,0
2016-01-28,9.624947548012598,0
2016-01-29,10.184000015358789,0
2016-02-01,10.486372947792871,0
2016-02-02,10.148202896218164,-1
2016-02-03,10.005011558632715,-1
2016-02-04,10.367554664711816,-1
2016-02-05,9.776517868141992,0
2016-02-08,9.281442642311914,0
2016-02-09,9.11768913279043,0
2016-02-10,9.078848838906152,1
2016-02-11,8.85872745523916,1
2016-02-12,9.266213417153223,1
2016-02-16,9.6150484086083,1
2016-02-17,9.953218460183008,1
2016-02-18,9.678260803322656,1
2016-02-19,9.800126075844629,0
2016-02-22,9.950174331765039,0
2016-02-23,9.761282920937402,1
2016-02-24,9.927324295143945,1
2016-02-25,10.089552879433496,1
2016-02-26,10.138299942116602,1
2016-02-29,10.203804016213281,1
2016-03-01,10.543497085671289,1
2016-03-02,10.432293892006738,1
2016-03-03,10.459712982277734,1
2016-03-04,11.124634742836816,1
2016-03-07,10.930414199929102,1
2016-03-08,10.634892463784082,1
2016-03-09,10.812356948952539,1
2016-03-10,10.999723434548242,1
2016-03-11,11.334850311379297,1
2016-03-14,11.283058166603906,1
2016-03-15,11.308192253212793,1
2016-03-16,11.357858657936914,1
2016-03-17,11.580999374489648,1
2016-03-18,11.652833938698633,1
2016-03-21,11.68340015421377,1
2016-03-22,11.826298713784082,1
2016-03-23,11.691038131813867,1
2016-03-24,11.691803932289941,1
2016-03-28,11.699444770912988,1
2016-03-29,11.778157234291895,0
2016-03-30,11.992120742897852,0
2016-03-31,11.806429863076074,0
2016-04-01,12.058606147866113,0
2016-04-04,11.921821594338281,0
2016-04-05,11.846935272316797,0
2016-04-06,12.038736343483789,0
2016-04-07,11.84234619150625,0
2016-04-08,11.932517051796777,0
2016-04-11,11.891250610451563,0
2016-04-12,11.877495765786035,0
2016-04-13,12.186986923317773,1
2016-04-14,12.136550903420313,0
2016-04-15,11.88208293924795,0
2016-04-18,11.91341495523916,1
2016-04-19,11.544318199257715,1
2016-04-20,11.709380149941309,1
2016-04-21,11.565715789894922,1
2016-04-22,11.487770080666406,1
2016-04-25,11.393779754738672,1
2016-04-26,11.520628929238184,1
2016-04-27,11.57947063456045,1
2016-04-28,11.308950424294336,1
2016-04-29,11.137782096962793,1
2016-05-02,11.16299819956289,1
2016-05-03,10.942915916542871,1
2016-05-04,10.856563568215234,1
2016-05-05,10.895538330178125,1
2016-05-06,10.842809677224023,1
2016-05-09,10.88178539286123,1
2016-05-10,11.050667762856348,0
2016-05-11,10.992588996987207,0
2016-05-12,10.77785587320791,0
2016-05-13,10.702205658058984,0
2016-05-16,10.900888443093164,0
2016-05-17,10.787787437538965,1
2016-05-18,10.994880676369531,1
2016-05-19,10.90776538858877,1
2016-05-20,11.212672233681543,1
2016-05-23,11.317362785439355,0
2016-05-24,11.571064949135645,1
2016-05-25,11.735363006691797,1
2016-05-26,11.693331718544824,1
2016-05-27,11.714727401833398,1
2016-05-31,11.795730590920313,1
2016-06-01,11.82706356058584,1
2016-06-02,11.837760925392969,1
2016-06-03,12.422350883583887,1
2016-06-06,12.443744659523828,1
2016-06-07,12.596578598122461,1
2016-06-08,12.509467125038965,1
2016-06-09,12.543086052040918,1
2016-06-10,12.289386749367578,1
2016-06-13,12.227484703163965,1
2016-06-14,12.149540901284082,1
2016-06-15,12.142645835976465,1
2016-06-16,12.16027545938955,1
2016-06-17,11.958663940529688,1
2016-06-20,12.029955864052637,1
2016-06-21,11.944098472695215,1
2016-06-22,11.892738342385156,1
2016-06-23,12.15950870523916,1
2016-06-24,11.400592804055078,1
2016-06-27,11.010401725869043,1
2016-06-28,11.481083870034082,1
2016-06-29,11.882004737954004,1
2016-06-30,11.912668228249414,1
2016-07-01,11.822213173012598,1
2016-07-05,11.556973457436426,1
2016-07-06,11.54701042185293,1
2016-07-07,11.574607849221094,1
2016-07-08,11.892738342385156,1
2016-07-11,12.062919616799219,1
2016-07-12,12.157209396462305,1
2016-07-13,12.066753387551172,1
2016-07-14,12.325857162575586,1
2016-07-15,12.354220390419824,1
2016-07-18,12.443909645180566,1
2016-07-19,12.305924415688379,1
2016-07-20,12.469974517922266,1
2016-07-21,12.296728134255273,1
2016-07-22,12.24000072489248,1
2016-07-25,12.248434066872461,1
2016-07-26,12.528998375038965,1
2016-07-27,12.699179649453027,1
2016-07-28,12.589559555153711,1
2016-07-29,12.41707992563711,1
2016-08-01,12.534364700417383,1
2016-08-02,12.486836433510645,1
2016-08-03,12.580358505349023,1
2016-08-04,12.801136016945703,1
2016-08-05,13.041074752907617,1
2016-08-08,12.905389785866602,1
2016-08-09,13.121567726235254,0
2016-08-10,13.173693657021387,0
2016-08-11,13.192091941933496,0
2016-08-12,13.22122573862539,0
2016-08-15,13.456562042336328,1
2016-08-16,13.215856552224023,0
2016-08-17,13.264151573281152,0
2016-08-18,13.333137512307031,0
2016-08-19,13.40980339060293,0
2016-08-22,13.486459732155664,0
2016-08-23,13.594547271828516,0
2016-08-24,13.438166618447168,1
2016-08-25,13.494889259438379,0
2016-08-26,13.580751419167383,0
2016-08-29,13.59914779673086,0
2016-08-30,13.568483352761133,0
2016-08-31,13.52402114878164,0
2016-09-01,13.575383186440332,0
2016-09-02,13.270285606484277,0
2016-09-06,13.116202354531152,1
2016-09-07,12.947556495766504,1
2016-09-08,12.90769100199209,1
2016-09-09,12.325090408425195,1
2016-09-12,12.608722686867578,1
2016-09-13,12.666982650856836,1
2016-09-14,13.001983642678125,1
2016-09-15,13.280312538246973,1
2016-09-16,13.166528701882227,1
2016-09-19,13.127307891945703,1
2016-09-20,12.935083389382227,1
2016-09-21,13.058110237221582,1
2016-09-22,12.981989860634668,1
2016-09-23,12.813602447609766,1
2016-09-26,12.81667709360586,1
2016-09-27,13.137308120827539,1
2016-09-28,13.125001907448633,1
2016-09-29,13.260322570900781,1
2016-09-30,13.26494312296377,1
2016-10-03,13.076563835244043,1
2016-10-04,12.998137474160059,1
2016-10-05,13.338754654030664,0
2016-10-06,13.393345832924707,1
2016-10-07,13.39488410959707,1
2016-10-10,13.437942504982813,1
2016-10-11,13.161142349343164,1
2016-10-12,13.107319831948145,1
2016-10-13,12.989678382973535,1
2016-10-14,13.07809829721914,0
2016-10-17,12.985063552956445,0
2016-10-18,13.238030433754785,0
2016-10-19,13.2149658204125,0
2016-10-20,13.333372116188867,1
2016-10-21,13.295699119667871,1
2016-10-24,13.574810028176172,1
2016-10-25,13.351825714211328,1
2016-10-26,13.301846504311426,1
2016-10-27,13.243415832619531,1
2016-10-28,13.02120304117666,1
2016-10-31,13.092711448769434,1
2016-11-01,12.978911399941309,1
2016-11-02,13.268019676308496,1
2016-11-03,13.301077842812402,1
2016-11-04,13.238030433754785,1
2016-11-07,13.606327056984766,1
2016-11-08,13.609407425026758,1
2016-11-09,13.334139824013574,1
2016-11-10,12.912789344887598,1
2016-11-11,12.88202953348623,1
2016-11-14,12.592930793862207,1
2016-11-15,12.798225402932031,1
2016-11-16,12.904332161049707,1
2016-11-17,12.843588829140527,1
2016-11-18,12.929704666237695,0
2016-11-21,13.269554138283594,1
2016-11-22,13.610941887001855,1
2016-11-23,13.615561485390527,0
2016-11-25,13.590184211830957,0
2016-11-28,13.428712844948633,0
2016-11-29,13.490229606728418,1
2016-11-30,13.108855247597559,1
2016-12-01,12.516810417275293,1
2016-12-02,12.626760482888086,1
2016-12-05,12.773621559243066,1
2016-12-06,12.668279647927148,1
2016-12-07,12.959688186745508,1
2016-12-08,13.125770568947656,1
2016-12-09,13.770105362038477,1
2016-12-12,13.698596000771387,1
2016-12-13,13.797015190224512,1
2016-12-14,13.735153198342188,1
2016-12-15,13.919967651467188,1
2016-12-16,13.797013282875879,1
2016-12-19,13.954764366249902,1
2016-12-20,14.079263687233789,1
2016-12-21,14.096277237038477,1
2016-12-22,13.965593338112695,1
2016-12-23,14.0692138672875,1
2016-12-27,14.09782600412832,1
2016-12-28,13.933886528115137,1
2016-12-29,13.909143447975977,1
2016-12-30,13.669419288735254,1
2017-01-03,13.790831565956934,1
2017-01-04,13.692620277504785,1
2017-01-05,13.476871490578516,1
2017-01-06,13.655501365761621,1
2017-01-09,13.684890747170313,1
2017-01-10,13.963271141152246,1
2017-01-11,13.874346733193262,1
2017-01-12,13.83104133615957,1
2017-01-13,13.953993797402246,1
2017-01-17,13.850372314553125,1
2017-01-18,14.307388305764063,1
2017-01-19,14.34914779673086,1
2017-01-20,14.77599811563955,1
2017-01-23,14.769813537697656,1
2017-01-24,15.291781425576074,1
2017-01-25,15.657548904518945,1
2017-01-26,15.78823184977041,1
2017-01-27,15.907320022683008,1
2017-01-30,15.714774131874902,1
2017-01-31,15.42711353312002,1
2017-02-01,15.751115799050195,1
2017-02-02,15.778955459694727,1
2017-02-03,15.942119598488672,1
2017-02-06,15.97304630289541,1
2017-02-07,15.922788620095117,1
2017-02-08,15.998568534951074,1
2017-02-09,15.87870979319082,1
2017-02-10,15.892627716164453,1
2017-02-13,15.984649658303125,1
2017-02-14,15.8779296876,1
2017-02-15,15.928973198037012,1
2017-02-16,16.098323822121483,1
2017-02-17,16.270765304665428,0
2017-02-21,16.451719284157615,0
2017-02-22,16.56075096140371,0
2017-02-23,16.28391075144277,0
2017-02-24,16.267671585183006,0
2017-02-27,16.492706298928123,0
2017-02-28,16.310979843239647,0
2017-03-01,16.63653564463125,0
2017-03-02,16.80278968821035,0
2017-03-03,16.8824348450707,0
2017-03-06,16.853050232033592,0
2017-03-07,16.95434761057363,0
2017-03-08,16.983736038308006,0
2017-03-09,17.167776107888084,0
2017-03-10,17.50339317331777,0
2017-03-13,17.51112365732656,0
2017-03-14,17.34873008738027,0
2017-03-15,17.470912933449608,0
2017-03-16,17.272825241188865,0
2017-03-17,17.18116760263906,0
2017-03-20,17.185823440651756,0
2017-03-21,16.78033447275625,0
2017-03-22,16.889089584450584,1
2017-03-23,16.845592498879295,1
2017-03-24,17.009492874245506,1
2017-03-27,17.015705108742576,1
2017-03-28,17.163299560646873,1
2017-03-29,17.191261291603904,1
2017-03-30,17.092615127663475,1
2017-03-31,17.008718490700584,1
2017-04-03,16.99628448496328,1
2017-04-04,17.008718490700584,1
2017-04-05,16.866559982399803,1
2017-04-06,16.895303726296287,1
2017-04-07,16.953565597634178,1
2017-04-10,16.935693740944725,1
2017-04-11,16.899188995461326,1
2017-04-12,16.250558853249412,0
2017-04-13,16.41524314890371,1
2017-04-17,16.613327026467186,1
2017-04-18,16.55351448069082,1
2017-04-19,16.594684600930076,1
2017-04-20,16.950452804665428,1
2017-04-21,16.90773582468496,1
2017-04-24,17.185823440651756,1
2017-04-25,17.338077545266014,0
2017-04-26,17.220003128151756,0
2017-04-27,17.329534530739647,1
2017-04-28,17.15242576609121,1
2017-05-01,17.192041397194725,1
2017-05-02,17.512855529885154,1
2017-05-03,17.47013473520742,1
2017-05-04,17.353609085183006,1
2017-05-05,17.590532302956444,1
2017-05-08,17.48411178598867,1
2017-05-09,17.74667167673574,1
2017-05-10,17.969615936379295,1
2017-05-11,17.95096969614492,1
2017-05-12,18.329269409279686,1
2017-05-15,18.567745208840233,1
2017-05-16,18.6959171296166,1
2017-05-17,17.957963943581444,1
2017-05-18,18.46131896982656,1
2017-05-19,18.18478202829824,1
2017-05-22,18.517251968483787,0
2017-05-23,18.374319076638084,0
2017-05-24,18.612022400002342,0
2017-05-25,18.70990180979238,0
2017-05-26,18.737083435158592,0
2017-05-30,18.629108429055076,0
2017-05-31,18.60269737253652,0
2017-06-01,18.222848892311912,0
2017-06-02,19.771774292092186,1
2017-06-05,19.591566085915428,1
2017-06-06,19.71973419199453,1
2017-06-07,19.752359390358787,1
2017-06-08,19.80440330515371,1
2017-06-09,18.90254211435781,1
2017-06-12,18.85050010691152,1
2017-06-13,18.871469497780662,1
2017-06-14,18.685041427712303,1
2017-06-15,18.565683364968162,1
2017-06-16,18.42994689951406,1
2017-06-19,18.812198639016014,1
2017-06-20,18.721706390480858,1
2017-06-21,19.121900558571678,1
2017-06-22,19.037651062111717,1
2017-06-23,19.132818222145897,1
2017-06-26,18.937017440895897,1
2017-06-27,18.358184814553123,0
2017-06-28,18.804395675759178,0
2017-06-29,18.25754165659414,0
2017-06-30,18.180316925148826,0
2017-07-03,17.92365264902578,0
2017-07-05,18.0679817200707,0
2017-07-06,18.33555793772207,0
2017-07-07,18.69284439096914,0
2017-07-10,18.86056327829824,0
2017-07-11,18.79191970835195,0
2017-07-12,19.223312378029686,0
2017-07-13,19.292755127053123,1
2017-07-14,19.525211334328514,1
2017-07-17,19.426139831642967,1
2017-07-18,19.571237564186912,1
2017-07-19,19.845836639504295,1
2017-07-20,19.770160675148826,1
2017-07-21,19.745201110939842,1
2017-07-24,19.738965988259178,1
2017-07-25,19.838039398293358,1
2017-07-26,20.0494384766625,1
2017-07-27,19.576698303322654,1
2017-07-28,19.531459808449608,1
2017-07-31,19.242036819558006,1
2017-08-01,19.37698936472402,1
2017-08-02,19.764705658058983,1
2017-08-03,19.525211334328514,1
2017-08-04,19.43783378611074,1
2017-08-07,19.692937851052147,1
2017-08-08,19.608688354592186,1
2017-08-09,19.43783378611074,1
2017-08-10,18.777875900368553,1
2017-08-11,19.047788620095115,1
2017-08-14,19.573574066262108,1
2017-08-15,19.790449142556053,1
2017-08-16,19.769388198952537,1
2017-08-17,19.264657974343162,1
2017-08-18,19.453443527321678,1
2017-08-21,19.47294807444082,1
2017-08-22,19.9074649811791,1
2017-08-23,20.04242134104238,1
2017-08-24,19.896541595558983,1
2017-08-25,19.158565521340233,1
2017-08-28,18.976022720436912,1
2017-08-29,18.857439041237694,1
2017-08-30,19.19210624704824,1
2017-08-31,19.66407775888906,1
2017-09-01,19.71555709848867,1
2017-09-05,19.428480148415428,1
2017-09-06,19.454221725563865,1
2017-09-07,19.233451843361717,1
2017-09-08,19.043109893898826,1
2017-09-11,19.326292038063865,1
2017-09-12,19.27948188791738,1
2017-09-13,19.20927047739492,1
2017-09-14,19.264657974343162,1
2017-09-15,19.545497894387108,1
2017-09-18,19.56821250925527,1
2017-09-19,19.563508987526756,1
2017-09-20,19.02695274363027,1
2017-09-21,18.82878303537832,1
2017-09-22,18.7394905091332,1
2017-09-25,18.447317123513084,1
2017-09-26,18.58517837534414,0
2017-09-27,18.844453811745506,0
2017-09-28,19.02930450449453,0
2017-09-29,18.997970581154686,0
2017-10-02,18.835834503273826,0
2017-10-03,18.759857177834373,0
2017-10-04,18.955678939919334,0
2017-10-05,19.08648681650625,0
2017-10-06,19.24863052378164,0
2017-10-09,19.301889419655662,0
2017-10-10,19.268213272194725,0
2017-10-11,19.6136474610375,0
2017-10-12,19.48361778269277,1
2017-10-13,19.422525405983787,1
2017-10-16,19.321477890114647,1
2017-10-17,19.00424003611074,1
2017-10-18,19.112337112526756,1
2017-10-19,19.135047912697654,1
2017-10-20,19.13113212595449,1
2017-10-23,19.133480072121483,1
2017-10-24,19.40058898935781,1
2017-10-25,19.25489807138906,1
2017-10-26,19.093536377053123,1
2017-10-27,19.809465408425194,1
2017-10-30,20.46194839487539,1
2017-10-31,20.671865463356834,0
2017-11-01,20.309993743996483,0
2017-11-02,20.326438903908592,0
2017-11-03,21.43323516855703,1
2017-11-06,21.737932205300194,1
2017-11-07,21.25228691111074,1
2017-11-08,21.336885452370506,1
2017-11-09,20.80738067636953,1
2017-11-10,20.75411796579824,1
2017-11-13,20.758035659890037,1
2017-11-14,20.62095832834707,1
2017-11-15,20.80424690256582,1
2017-11-16,21.31416893015371,1
2017-11-17,21.294582367043358,1
2017-11-20,21.531141281227928,1
2017-11-21,21.665090561013084,1
2017-11-22,21.569522857766014,1
2017-11-24,22.11861228952871,1
2017-11-27,22.294071197609764,1
2017-11-28,21.728532791237694,1
2017-11-29,21.26639175425039,0
2017-11-30,21.770830154518944,1
2017-12-01,21.271095275978904,1
2017-12-04,20.648372650246483,1
2017-12-05,20.494850158791404,1
2017-12-06,20.670301437477928,1
2017-12-07,20.670301437477928,1
2017-12-08,20.35854911814199,1
2017-12-11,20.361686706642967,1
2017-12-12,20.263776779274803,1
2017-12-13,20.524614334206444,1
2017-12-14,20.313907623391014,1
2017-12-15,20.81442832956777,1
2017-12-18,20.846763610939842,1
2017-12-19,20.792356491188865,1
2017-12-20,20.945322036843162,0
2017-12-21,20.621253967385154,0
2017-12-22,20.68589973459707,0
2017-12-26,20.35079765329824,0
2017-12-27,20.431226730446678,0
2017-12-28,20.53372764597402,0
2017-12-29,20.25618553171621,0
2018-01-02,21.053340911965233,0
2018-01-03,21.283580780129295,0
2018-01-04,21.29067802439199,0
2018-01-05,21.416831970314842,0
2018-01-08,21.468082428078514,0
2018-01-09,21.170820236306053,1
2018-01-10,20.723760604958397,1
2018-01-11,20.776582717995506,0
2018-01-12,20.83887481699453,0
2018-01-16,20.756868362526756,0
2018-01-17,20.958724975685936,0
2018-01-18,21.273328781227928,0
2018-01-19,21.004461288552147,0
2018-01-22,20.666988372902733,0
2018-01-23,20.729270935158592,0
2018-01-24,20.25303268442617,0
2018-01-25,19.498445510964256,1
2018-01-26,19.774423599343162,1
2018-01-29,19.354946136574608,1
2018-01-30,19.000919342141014,1
2018-01-31,19.556795120339256,1
2018-02-01,18.82823371897207,1
2018-02-02,18.5672492981957,1
2018-02-05,17.9853458405541,1
2018-02-06,18.95359992990957,1
2018-02-07,18.717065811257225,1
2018-02-08,18.10125923166738,1
2018-02-09,18.56882286081777,1
2018-02-12,19.270578384499412,1
2018-02-13,19.385694503884178,1
2018-02-14,19.52762222300039,1
2018-02-15,19.85641860971914,1
2018-02-16,19.62460708628164,1
2018-02-20,19.682168960671287,1
2018-02-21,19.60332107553945,1
2018-02-22,19.660879135231834,1
2018-02-23,20.004657745461326,0
2018-02-26,19.944728851418358,0
2018-02-27,19.85484504709707,0
2018-02-28,19.433002472023826,0
2018-03-01,19.184635162453514,0
2018-03-02,19.780727386574608,0
2018-03-05,19.474012374977928,1
2018-03-06,19.787820816140037,1
2018-03-07,19.479524612526756,1
2018-03-08,19.47164726267324,1
2018-03-09,20.01017379770742,1
2018-03-12,20.724544525246483,1
2018-03-13,20.59680366526113,1
2018-03-14,20.547132492165428,1
2018-03-15,21.11248207102285,0
2018-03-16,20.096122741799217,0
2018-03-19,19.313947677712303,0
2018-03-20,19.10972785959707,1
2018-03-21,19.68095016489492,1
2018-03-22,19.48654556284414,1
2018-03-23,19.399337768654686,1
2018-03-26,19.81936454782949,1
2018-03-27,19.550546646218162,1
2018-03-28,18.935316085915428,1
2018-03-29,18.852914810280662,1
2018-04-02,18.215284347634178,1
2018-04-03,18.943309784035545,1
2018-04-04,18.960121154885154,1
2018-04-05,18.905714035134178,0
2018-04-06,18.310483932595115,0
2018-04-09,18.780107498268944,0
2018-04-10,19.18092918405996,0
2018-04-11,19.226531982521873,0
2018-04-12,19.155326843361717,0
2018-04-13,19.756155014138084,0
2018-04-16,19.950567245583397,0
2018-04-17,20.140174865822654,-1
2018-04-18,19.968166351418358,0
2018-04-19,19.42974281321035,0
2018-04-20,18.97052001963125,0
2018-04-23,18.676902771096092,0
2018-04-24,18.272087097267967,0
2018-04-25,18.32089042673574,0
2018-04-26,18.43449592600332,0
2018-04-27,18.623302459816795,0
2018-04-30,18.354484558205467,0
2018-05-01,18.431291580300194,0
2018-05-02,18.300088882546287,0
2018-05-03,18.020870208840233,0
2018-05-04,18.4424934388207,0
2018-05-07,18.878511428933006,0
2018-05-08,19.10892868051992,0
2018-05-09,19.044925689797264,0
2018-05-10,19.48174476633535,0
2018-05-11,19.471340179543358,0
2018-05-14,19.58174705515371,1
2018-05-15,19.32733917246328,1
2018-05-16,19.24172782907949,1
2018-05-17,19.156925201516014,1
2018-05-18,18.880111694435936,1
2018-05-21,19.124931335549217,1
2018-05-22,19.08012580881582,1
2018-05-23,19.24572944651113,1
2018-05-24,19.483343124489647,1
2018-05-25,20.003370285134178,1
2018-05-29,19.976165771584373,1
2018-05-30,19.952968597512108,1
2018-05-31,20.166578292946678,1
2018-06-01,20.508188247780662,1
2018-06-04,20.670597076516014,1
2018-06-05,20.741804123024803,1
2018-06-06,21.082620620827537,1
2018-06-07,21.17543029795156,1
2018-06-08,20.638601303200584,1
2018-06-11,20.86740684519277,1
2018-06-12,20.91541290293203,1
2018-06-13,21.08741760263906,1
2018-06-14,21.47784614572988,1
2018-06-15,21.61944580088125,1
2018-06-18,21.161027908425194,1
2018-06-19,21.156967163185936,1
2018-06-20,21.17886161814199,1
2018-06-21,21.051572799782615,1
2018-06-22,21.05643272409902,1
2018-06-25,20.465389251808983,1
2018-06-26,20.394039154152733,1
2018-06-27,20.034868240456444,1
2018-06-28,19.855690002541404,1
2018-06-29,19.672456741433006,1
2018-07-02,19.6246223450707,1
2018-07-03,19.40085220346914,1
2018-07-05,19.89622116098867,1
2018-07-06,20.081077575783592,1
2018-07-09,20.06081199655996,1
2018-07-10,20.314586639504295,1
2018-07-11,19.73731994638906,1
2018-07-12,17.024484634499412,1
2018-07-13,16.414793014626365,1
2018-07-16,16.478845596413475,1
2018-07-17,16.88908767710195,0
2018-07-18,16.92720031748281,0
2018-07-19,17.056110382180076,0
2018-07-20,17.052867889504295,0
2018-07-23,17.570949554543358,0
2018-07-24,17.621213913063865,0
2018-07-25,18.320905685524803,1
2018-07-26,18.09470176706777,1
2018-07-27,17.92201232920156,1
2018-07-30,18.25766372690664,1
2018-07-31,17.980377197365623,1
2018-08-01,17.577436447243553,1
2018-08-02,17.540952682595115,1
2018-08-03,17.659320831398826,1
2018-08-06,17.589597702126365,1
2018-08-07,17.862010955910545,1
2018-08-08,17.79309844980703,1
2018-08-09,17.55959892282949,1
2018-08-10,17.206912994484764,1
2018-08-13,17.113679885964256,0
2018-08-14,16.807203292946678,1
2018-08-15,16.748832702736717,1
2018-08-16,16.919906616310936,1
2018-08-17,16.966930389504295,1
2018-08-20,16.76017951975332,1
2018-08-21,17.06746482859121,1
2018-08-22,16.82666206369863,1
2018-08-23,16.66856002817617,1
2018-08-24,16.945037841896873,1
2018-08-27,17.266910553078514,1
2018-08-28,17.385284423928123,1
2018-08-29,17.43068504343496,1
2018-08-30,17.565271377663475,1
2018-08-31,17.75823402414785,0
2018-09-04,17.790666580300194,0
2018-09-05,17.952009201149803,0
2018-09-06,17.51013374338613,0
2018-09-07,18.856822967629295,0
2018-09-10,19.507871627907615,0
2018-09-11,18.85438537607656,0
2018-09-12,18.63872718821035,0
2018-09-13,19.08708381662832,0
2018-09-14,19.16167068491445,1
2018-09-17,19.03924751291738,1
2018-09-18,19.582454681496483,1
2018-09-19,19.750728607277733,1
2018-09-20,20.007221222023826,1
2018-09-21,20.266159057717186,1
2018-09-24,20.37644004831777,1
2018-09-25,20.22939872751699,1
2018-09-26,20.048059463600975,1
2018-09-27,20.131385803322654,1
2018-09-28,20.15425682077871,1
2018-10-01,20.3813362122582,1
2018-10-02,20.266159057717186,1
2018-10-03,20.37398338327871,1
2018-10-04,20.27188491831289,1
2018-10-05,19.95004081736074,1
2018-10-08,19.716421127419334,1
2018-10-09,19.988435745339256,1
2018-10-10,18.937139511208397,1
2018-10-11,18.697799682717186,1
2018-10-12,19.028631210427147,1
2018-10-15,18.989419937233787,1
2018-10-16,19.4672794343041,1
2018-10-17,19.37333869944082,1
2018-10-18,18.62591743479238,1
2018-10-19,18.64715576181875,1
2018-10-22,18.6749267579125,1
2018-10-23,18.710054397683006,1
2018-10-24,17.86542510996328,1
2018-10-25,18.153778076271873,1
2018-10-26,17.411258697609764,0
2018-10-29,17.2764778138207,0
2018-10-30,18.053306579689842,0
2018-10-31,18.255889892678123,0
2018-11-01,18.777858734230858,0
2018-11-02,18.033700943093162,0
2018-11-05,17.97815132151113,0
2018-11-06,18.644706726174217,1
2018-11-07,19.147071838478904,1
2018-11-08,19.62492752085195,0
2018-11-09,19.522010803322654,0
2018-11-12,18.267316818337303,0
2018-11-13,18.365341186623436,0
2018-11-14,18.477251052956444,0
2018-11-15,19.305538177590233,0
2018-11-16,19.409278869728904,0
2018-11-19,18.716585159401756,0
2018-11-20,18.600597381691795,0
2018-11-21,18.787651062111717,0
2018-11-23,18.779491424660545,0
2018-11-26,19.221401214699608,0
2018-11-27,19.263885498146873,1
2018-11-28,19.21405029306875,1
2018-11-29,19.25979423532949,1
2018-11-30,19.3929443360375,1
2018-12-03,19.77360153208242,1
2018-12-04,18.954294204811912,1
2018-12-06,18.562206268410545,1
2018-12-07,18.670026779274803,1
2018-12-10,19.543243408303123,1
2018-12-11,20.163234710793358,1
2018-12-12,20.82815361032949,1
2018-12-13,21.099355697731834,0
2018-12-14,20.8159122468041,0
2018-12-17,20.758731842141014,0
2018-12-18,20.60931587229238,1
2018-12-19,20.132200241188865,1
2018-12-20,19.967107772927147,1
2018-12-21,20.21639060984121,0
2018-12-24,19.299306869606834,0
2018-12-26,20.4830207825707,0
2018-12-27,20.706718444924217,0
2018-12-28,20.93289756784902,1
2018-12-31,20.98985481272207,1
2019-01-02,20.926296234230858,1
2019-01-03,19.06487464914785,1
2019-01-04,19.252254486183983,1
2019-01-07,19.64435005197988,1
2019-01-08,19.486686706642967,1
2019-01-09,20.32948303232656,1
2019-01-10,20.596935272316795,1
2019-01-11,20.68360900888906,1
2019-01-14,20.708372116188865,1
2019-01-15,21.17227554331289,1
2019-01-16,20.77688407907949,1
2019-01-17,21.076528549294334,1
2019-01-18,21.529706955056053,1
2019-01-22,21.320865631203514,1
2019-01-23,21.257307052712303,1
2019-01-24,21.755056381325584,1
2019-01-25,22.117431640725,1
2019-01-28,22.091020584206444,1
2019-01-29,21.98371124277578,1
2019-01-30,22.35517120371328,1
2019-01-31,22.14302635202871,1
2019-02-01,22.024160385231834,1
2019-02-04,22.462482452492576,1
2019-02-05,22.287481308083397,1
2019-02-06,22.800094604592186,1
2019-02-07,22.212368011574608,1
2019-02-08,22.622625351052147,1
2019-02-11,22.759647369484764,0
2019-02-12,23.062585830788475,0
2019-02-13,23.221902847390037,0
2019-02-14,23.236759185891014,0
2019-02-15,23.272260665993553,1
2019-02-19,23.24997520456777,0
2019-02-20,23.3952522278832,0
2019-02-21,23.1905403138207,0
2019-02-22,22.824033737282615,0
2019-02-25,22.99737739572988,1
2019-02-26,22.700212478737694,1
2019-02-27,22.41048240671621,1
2019-02-28,22.729930877785545,1
2019-03-01,22.514484405617576,1
2019-03-04,22.69113540659414,1
2019-03-05,22.866127014260154,1
2019-03-06,22.3989200593041,1
2019-03-07,21.91685104380117,1
2019-03-08,21.807888031105858,1
2019-03-11,22.20988845835195,1
2019-03-12,22.256942749123436,1
2019-03-13,22.38736534128652,1
2019-03-14,22.13889694223867,1
2019-03-15,23.96234130869375,1
2019-03-18,24.255384445290428,1
2019-03-19,24.70691108713613,1
2019-03-20,24.23802375803457,0
2019-03-21,24.718570709328514,0
2019-03-22,24.372943878273826,0
2019-03-25,24.332132339577537,0
2019-03-26,24.73772621164785,0
2019-03-27,24.649444580178123,0
2019-03-28,24.90762710581289,1
2019-03-29,25.044208526711326,1
2019-04-01,25.467290878395897,1
2019-04-02,25.239093780617576,1
2019-04-03,25.334869384865623,1
2019-04-04,25.15164756784902,1
2019-04-05,25.341535568337303,1
2019-04-08,25.35818290720449,1
2019-04-09,25.27240180979238,1
2019-04-10,25.61053657541738,1
2019-04-11,25.768777847390037,1
2019-04-12,26.403398513893944,1
2019-04-15,26.350931167702537,1
2019-04-16,26.52582550058828,0
2019-04-17,26.694889068703514,0
2019-04-18,26.535818100075584,0
2019-04-22,26.234327316384178,0
2019-04-23,26.287635803322654,0
2019-04-24,26.178531646828514,0
2019-04-25,25.969486236672264,0
2019-04-26,25.852056503395897,1
2019-04-29,26.044445037941795,1
2019-04-30,26.517496109108787,1
2019-05-01,26.559133529763084,1
2019-05-02,26.30262756357656,1
2019-05-03,26.293466568093162,1
2019-05-06,25.94866943369375,1
2019-05-07,25.592216491799217,1
2019-05-08,25.267412185768944,1
2019-05-09,25.323213577370506,1
2019-05-10,25.314878463845115,1
2019-05-13,24.433740615944725,1
2019-05-14,25.15164756784902,1
2019-05-15,25.349023819069725,1
2019-05-16,24.759384155373436,1
2019-05-17,24.14308166513906,1
2019-05-20,22.702274322609764,1
2019-05-21,22.930471420388084,1
2019-05-22,22.42161178598867,1
2019-05-23,21.661233902077537,1
2019-05-24,21.315603256325584,1
2019-05-28,21.194007873635154,1
2019-05-29,21.164026260475975,1
2019-05-30,21.372238159279686,1
2019-05-31,20.957485199074608,1
2019-06-03,21.08574295053945,1
2019-06-04,22.128450393776756,1
2019-06-05,22.1301155091332,1
2019-06-06,22.718936920266014,1
2019-06-07,22.892164230446678,1
2019-06-10,23.336896896462303,1
2019-06-11,23.609235763649803,1
2019-06-12,23.29692268381582,1
2019-06-13,23.4534912110375,1
2019-06-14,22.147600174050194,1
2019-06-17,22.15093421946035,1
2019-06-18,23.15700340280996,1
2019-06-19,23.110363006691795,1
2019-06-20,23.24028968821035,1
2019-06-21,23.03765296946035,1
2019-06-24,23.475721359352928,1
2019-06-25,23.249534607033592,1
2019-06-26,23.6640625001,1
2019-06-27,24.02308654795156,1
2019-06-28,24.203866958718162,1
2019-07-01,25.254051208596092,1
2019-07-02,24.83196449289785,1
2019-07-03,23.954141616921287,1
2019-07-05,23.76663780222402,0
2019-07-08,23.119205474953514,0
2019-07-09,23.167131424050194,0
2019-07-10,23.080528259377342,0
2019-07-11,23.21169853220449,0
2019-07-12,23.996187210183006,0
2019-07-15,24.244228363137108,0
2019-07-16,23.89023971567617,0
2019-07-17,23.970123291115623,0
2019-07-18,24.365304946999412,0
2019-07-19,24.383802414040428,0
2019-07-22,24.900905609230858,0
2019-07-23,25.290205001931053,0
2019-07-24,25.541616439919334,0
2019-07-25,25.25741958628164,0
2019-07-26,25.30198287973867,0
2019-07-29,25.370923996071678,1
2019-07-30,25.187627792458397,1
2019-07-31,24.382966995339256,1
2019-08-01,23.991975784401756,1
2019-08-02,23.419384002785545,1
2019-08-05,22.50541305551992,1
2019-08-06,22.4028263093041,1
2019-08-07,22.70636749277578,1
2019-08-08,22.784563064675194,1
2019-08-09,23.183950424294334,1
2019-08-12,23.1763858796166,1
2019-08-13,23.854082107643944,1
2019-08-14,22.83333396921621,1
2019-08-15,22.587814331154686,1
2019-08-16,23.01999282846914,1
2019-08-19,23.44040298471914,1
2019-08-20,23.5740909577416,1
2019-08-21,24.173597335915428,0
2019-08-22,24.18368339548574,0
2019-08-23,22.881258010964256,1
2019-08-26,23.309236526589256,0
2019-08-27,23.17049980173574,0
2019-08-28,23.21169853220449,0
2019-08-29,23.826339721779686,0
2019-08-30,23.76496124277578,0
2019-09-03,23.042695999245506,0
2019-09-04,23.796907425026756,0
2019-09-05,24.46956443796621,0
2019-09-06,24.54440689096914,0
2019-09-09,24.603254318337303,1
2019-09-10,24.757125854592186,1
2019-09-11,25.05729866037832,1
2019-09-12,25.273389816384178,1
2019-09-13,24.41070747385488,1
2019-09-16,24.27113914499746,1
2019-09-17,24.28542900095449,1
2019-09-18,24.19378089914785,1
2019-09-19,24.437618255715233,1
2019-09-20,24.121105194191795,1
2019-09-23,24.222930908303123,1
2019-09-24,23.95563507090078,1
2019-09-25,23.400678634743553,1
2019-09-26,23.497421264748436,1
2019-09-27,23.262361526589256,1
2019-09-30,23.426137924294334,1
2019-10-01,23.322614669899803,1
2019-10-02,22.91699981699453,1
2019-10-03,23.286970138649803,1
2019-10-04,23.88096237192617,1
2019-10-07,23.426986694435936,1
2019-10-08,22.93906211863027,1
2019-10-09,23.178358078102928,1
2019-10-10,23.28866386423574,1
2019-10-11,23.836837768654686,1
2019-10-14,23.900478363137108,1
2019-10-15,24.635334014992576,1
2019-10-16,24.479200363259178,1
2019-10-17,24.559806823830467,1
2019-10-18,24.330692291359764,1
2019-10-21,24.57169151316152,1
2019-10-22,24.39263916025625,1
2019-10-23,23.78677177439199,1
2019-10-24,23.95563507090078,1
2019-10-25,24.592905044655662,1
2019-10-28,24.739702224831444,1
2019-10-29,24.452045440773826,1
2019-10-30,24.628538131813865,1
2019-10-31,24.850013733010154,1
2019-11-01,25.16737365732656,1
2019-11-04,25.881011962990623,1
2019-11-05,26.64810752878652,1
2019-11-06,26.573436737160545,1
2019-11-07,26.452938079933983,1
2019-11-08,26.59464645395742,1
2019-11-11,26.53863716135488,1
2019-11-12,26.774545669655662,1
2019-11-13,26.616712570290428,1
2019-11-14,26.217887878517967,1
2019-11-15,26.55222129831777,1
2019-11-18,26.39609146128164,1
2019-11-19,26.958677291970115,1
2019-11-20,26.446998596291404,1
2019-11-21,26.750778198342186,1
2019-11-22,26.7227783204125,1
2019-11-25,27.12160301218496,1
2019-11-26,26.837337493996483,0
2019-11-27,27.021474838356834,0
2019-11-29,26.83224296579824,0
2019-12-02,26.366386413674217,1
2019-12-03,26.00999069223867,1
2019-12-04,26.28153038034902,1
2019-12-05,26.406272888283592,1
2019-12-06,26.818668365578514,1
2019-12-09,26.676959991555076,1
2019-12-10,26.73466110239492,1
2019-12-11,27.130083084206444,1
2019-12-12,27.815727233986717,1
2019-12-13,26.765209198098045,1
2019-12-16,27.419445037941795,1
2019-12-17,27.476301193337303,1
2019-12-18,27.78517723093496,1
2019-12-19,27.501760482888084,1
2019-12-20,27.343185424904686,1
2019-12-23,27.38861083994375,1
2019-12-24,27.471752166848045,1
2019-12-26,27.255756378273826,1
2019-12-27,27.131465911965233,1
2019-12-30,26.86832237253652,1
2019-12-31,27.087751388649803,0
2020-01-02,27.633760452370506,0
2020-01-03,26.9308967591332,1
2020-01-06,26.890604019265037,0
2020-01-07,26.79803466806875,0
2020-01-08,26.46374702463613,0
2020-01-09,26.251169204811912,1
2020-01-10,25.647735595803123,1
2020-01-13,25.815740585427147,1
2020-01-14,26.41574478159414,1
2020-01-15,25.98373985300527,1
2020-01-16,26.318885803322654,1
2020-01-17,26.468030929665428,1
2020-01-21,26.406322479348045,1
2020-01-22,26.826320648293358,0
2020-01-23,27.398902893166404,0
2020-01-24,27.77176475534902,0
2020-01-27,26.48860740671621,0
2020-01-28,27.28403854380117,0
2020-01-29,27.215467453102928,0
2020-01-30,27.017467498879295,0
2020-01-31,26.156883239846092,0
2020-02-03,26.162887573342186,0
2020-02-04,26.70889091501699,0
2020-02-05,27.204322815041404,0
2020-02-06,27.402322769265037,0
2020-02-07,27.02003479013906,1
2020-02-10,26.931755066017967,1
2020-02-11,27.4426155091332,1
2020-02-12,27.831764221291404,1
2020-02-13,27.769189834694725,1
2020-02-14,27.23775291452871,1
2020-02-18,26.636032104592186,1
2020-02-19,27.059465408425194,1
2020-02-20,26.50660705576406,1
2020-02-21,26.100313186745506,1
2020-02-24,24.994579315285545,1
2020-02-25,24.230003357033592,1
2020-02-26,24.50429344187246,1
2020-02-27,23.48171043405996,1
2020-02-28,23.367708206276756,1
2020-03-02,24.426296234230858,1
2020-03-03,23.50742149363027,0
2020-03-04,24.467437744240623,0
2020-03-05,23.48942184458242,0
2020-03-06,23.095991134743553,0
2020-03-09,21.2333927155541,0
2020-03-10,22.534557342629295,0
2020-03-11,21.083396911721092,0
2020-03-12,18.752792358498436,0
2020-03-13,20.076244354348045,0
2020-03-16,16.078475952248436,0
2020-03-17,17.101058960060936,0
2020-03-18,14.389026641945703,1
2020-03-19,16.66733932505117,1
2020-03-20,16.75625419626699,1
2020-03-23,16.865219116310936,1
2020-03-24,18.546779632668358,1
2020-03-25,18.96432876596914,1
2020-03-26,21.197685241799217,1
2020-03-27,20.10977554331289,1
2020-03-30,20.930934906105858,1
2020-03-31,20.668542862038475,1
2020-04-01,19.494342804055076,1
2020-04-02,20.665063858132225,1
2020-04-03,20.420982360939842,1
2020-04-06,22.005775451760154,1
2020-04-07,22.0781192780541,1
2020-04-08,22.76068878183828,1
2020-04-09,22.16790962229238,1
2020-04-13,22.65781784067617,1
2020-04-14,23.329919815163475,1
2020-04-15,22.441635131935936,1
2020-04-16,22.5157356263207,1
2020-04-17,23.1773624421166,1
2020-04-20,22.514858245949608,1
2020-04-21,21.588222503762108,1
2020-04-22,22.662179946999412,1
2020-04-23,22.57151985178457,1
2020-04-24,23.084096908669334,1
2020-04-27,23.40140151987539,1
2020-04-28,23.077119827370506,1
2020-04-29,24.06129455576406,1
2020-04-30,23.677738189797264,1
2020-05-01,22.638643264870506,1
2020-05-04,22.86180305490957,1
2020-05-05,23.089326858620506,1
2020-05-06,23.029172897438865,1
2020-05-07,23.34038162241445,1
2020-05-08,23.974998474221092,1
2020-05-11,24.00724983225332,1
2020-05-12,23.40140151987539,1
2020-05-13,22.93939208994375,1
2020-05-14,23.24013328562246,1
2020-05-15,22.70053672800527,1
2020-05-18,23.84424018869863,1
2020-05-19,23.706504821877342,1
2020-05-20,24.29317283640371,1
2020-05-21,23.954946518044334,1
2020-05-22,24.116216659645897,1
2020-05-26,24.584327697853904,1
2020-05-27,25.069875717263084,1
2020-05-28,24.681962967018944,1
2020-05-29,25.390676498513084,1
2020-06-01,25.27908897409902,1
2020-06-02,25.982570648293358,1
2020-06-03,26.982439041237694,1
2020-06-04,26.926645279030662,1
2020-06-05,27.640588760475975,1
2020-06-08,27.678947448830467,1
2020-06-09,27.487165451149803,1
2020-06-10,27.46275520334707,1
2020-06-11,25.60686111460195,1
2020-06-12,26.173480987648826,1
2020-06-15,26.508224487404686,1
2020-06-16,27.0861759186791,1
2020-06-17,27.32328414926992,1
2020-06-18,27.78268241892324,1
2020-06-19,26.665063858132225,1
2020-06-22,27.613582611183983,1
2020-06-23,27.416303634743553,1
2020-06-24,27.03496170053945,1
2020-06-25,27.20053672800527,1
2020-06-26,27.073709488015037,1
2020-06-29,27.282440185646873,1
2020-06-30,27.795894622902733,1
2020-07-01,27.542253494362694,1
2020-07-02,27.7835578919457,1
2020-07-06,28.075952530007225,1
2020-07-07,27.576597213845115,1
2020-07-08,28.144649505715233,1
2020-07-09,28.314626693825584,1
2020-07-10,28.133197784523826,1
2020-07-13,27.417188644509178,1
2020-07-14,27.749210357766014,1
2020-07-15,27.634721756081444,1
2020-07-16,27.419822692971092,1
2020-07-17,27.540489196877342,1
2020-07-20,27.92975616465078,0
2020-07-21,27.684038162331444,0
2020-07-22,27.636484146218162,0
2020-07-23,27.27275276194082,0
2020-07-24,26.931041717629295,1
2020-07-27,27.537845611672264,1
2020-07-28,27.06842803965078,1
2020-07-29,27.20053672800527,1
2020-07-30,27.486764907936912,1
2020-07-31,27.896286010842186,1
2020-08-03,28.290845871071678,1
2020-08-04,28.92142868051992,1
2020-08-05,29.02271270761953,0
2020-08-06,28.989242553810936,0
2020-08-07,28.70477485666738,0
2020-08-10,28.830718994240623,1
2020-08-11,28.537446975808006,1
2020-08-12,29.383794784645897,1
2020-08-13,29.01214027414785,1
2020-08-14,28.871227264504295,1
2020-08-17,29.091407775978904,1
2020-08-18,28.943445205788475,1
2020-08-19,28.993648529152733,1
2020-08-20,28.96017837534414,1
2020-08-21,29.064981460671287,1
2020-08-24,29.415496826271873,1
2020-08-25,29.603973388771873,1
2020-08-26,29.914859771828514,1
2020-08-27,29.868183136086326,1
2020-08-28,30.36842918405996,1
2020-08-31,30.57362937937246,1
2020-09-01,31.664827346901756,0
2020-09-02,33.027263641457424,0
2020-09-03,31.008693695168358,0
2020-09-04,31.96513748178945,0
2020-09-08,30.872184753517967,0
2020-09-09,31.70797538767324,0
2020-09-10,31.44816970835195,0
2020-09-11,31.678926467995506,0
2020-09-14,31.899085998635154,0
2020-09-15,32.31390380869375,0
2020-09-16,32.32534790049063,0
2020-09-17,32.226707458596096,0
2020-09-18,31.681558609108787,0
2020-09-21,31.264736175637108,0
2020-09-22,32.13569259653555,1
2020-09-23,31.246971130471092,1
2020-09-24,31.329616546730858,1
2020-09-25,31.709999084572654,1
2020-09-28,32.64316177378164,1
2020-09-29,32.37298965464102,1
2020-09-30,32.37831497202383,1
2020-10-01,32.75870132456289,1
2020-10-02,31.71266174326406,1
2020-10-05,32.536521911721096,1
2020-10-06,32.348106384377346,1
2020-10-07,32.59340286264883,1
2020-10-08,33.179065704445705,1
2020-10-09,33.47856903086172,1
2020-10-12,33.98781967173086,1
2020-10-13,33.90427398691641,1
2020-10-14,33.798519134621486,1
2020-10-15,33.7656364441918,1
2020-10-16,33.65188217173086,1
2020-10-19,33.39591979990469,1
2020-10-20,33.504348754982814,1
2020-10-21,33.065303802590236,1
2020-10-22,33.182632446389064,1
2020-10-23,33.12485504160391,1
2020-10-26,32.264568328957424,1
2020-10-27,31.95884323130117,1
2020-10-28,30.85770225534902,1
2020-10-29,31.55091094980703,1
2020-10-30,31.07276916513906,1
2020-11-02,31.216749191384178,1
2020-11-03,31.439817428688865,1
2020-11-04,32.40587615976797,1
2020-11-05,33.849178314308986,1
2020-11-06,33.82695770273672,1
2020-11-09,33.375484466652736,1
2020-11-10,32.27256011972891,1
2020-11-11,33.409236908058986,1
2020-11-12,32.90090560923086,1
2020-11-13,33.194175720314846,1
2020-11-16,33.84384155283438,1
2020-11-17,33.825191497902736,1
2020-11-18,33.82695770273672,1
2020-11-19,34.15666198740469,1
2020-11-20,34.06781005869375,1
2020-11-23,34.393962860207424,1
2020-11-24,34.858787536721096,1
2020-11-25,34.734355926613674,1
2020-11-27,35.100513458351955,1
2020-11-30,35.68974304209219,1
2020-12-01,35.95547485361563,1
2020-12-02,35.880813598732814,1
2020-12-03,35.53154754648672,1
2020-12-04,36.58736038218008,1
2020-12-07,37.4058952332543,1
2020-12-08,37.62984848032461,1
2020-12-09,36.99084854135977,1
2020-12-10,36.441612243752346,1
2020-12-11,36.06656646738516,1
2020-12-14,36.598037719826564,0
2020-12-15,37.15436935434805,0
2020-12-16,37.76227569590078,0
2020-12-17,37.8689079285668,0
2020-12-18,38.94986343393789,0
2020-12-21,38.440757751564846,0
2020-12-22,38.81900405893789,0
2020-12-23,38.13422775278555,0
2020-12-24,38.672012329201564,0
2020-12-28,38.70964813242422,0
2020-12-29,38.455093383889064,1
2020-12-30,38.97406768808828,1
2020-12-31,39.244747161965236,1
2021-01-04,38.11271667490469,0
2021-01-05,38.370849609475,0
2021-01-06,38.13422775278555,0
2021-01-07,39.74130249033438,0
2021-01-08,39.94296646128164,0
2021-01-11,39.953731536965236,0
2021-01-12,40.27908706675039,0
2021-01-13,40.44221878061758,0
2021-01-14,40.51929092417227,0
2021-01-15,39.9617919922875,0
2021-01-19,41.16463088999258,0
2021-01-20,41.39856719980703,0
2021-01-21,41.84134674082266,0
2021-01-22,41.67999649057852,0
2021-01-25,41.65939331064688,0
2021-01-26,41.57694244394766,0
2021-01-27,39.85871505747305,0
2021-01-28,40.48971557627188,1
2021-01-29,40.37857055674063,1
2021-02-01,41.83416748056875,1
2021-02-02,42.74303436289297,1
2021-02-03,41.69524383554922,1
2021-02-04,42.18283462534414,1
2021-02-05,41.76874160776602,1
2021-02-08,42.368370056252346,1
2021-02-09,42.54135513315664,1
2021-02-10,42.130847931008205,1
2021-02-11,42.87836456308828,1
2021-02-12,43.58914184580313,1
2021-02-16,43.840999603371486,1
2021-02-17,43.24495315561758,1
2021-02-18,43.314868927101955,1
2021-02-19,43.915393829445705,1
2021-02-22,42.6964225770043,1
2021-02-23,42.29666137705313,1
2021-02-24,43.101551056008205,1
2021-02-25,40.97550964365469,1
2021-02-26,42.11471939096914,1
2021-03-01,43.88133239756094,1
2021-03-02,43.06838607798086,1
2021-03-03,41.504329681496486,1
2021-03-04,39.75922775278555,1
2021-03-05,40.346302032570705,1
2021-03-08,37.756877899269924,1
2021-03-09,39.760120391945705,1
2021-03-10,39.221435546975,1
2021-03-11,40.66448974619375,1
2021-03-12,40.438621521096096,1
2021-03-15,42.19538497934805,1
2021-03-16,42.859554290871486,1
2021-03-17,43.34445190439688,1
2021-03-18,41.602039337258205,1
2021-03-19,42.8585319520043,1
2021-03-22,42.93260955820547,1
2021-03-23,41.919090271096096,1
2021-03-24,41.30574417124258,1
2021-03-25,41.70589828501211,1
2021-03-26,43.543235778908596,1
2021-03-29,42.69233322153555,1
2021-03-30,41.20547485361563,1
2021-03-31,41.882957458596096,1
2021-04-01,42.99313354502188,1
2021-04-05,44.12497329721914,1
2021-04-06,43.70855712900625,1
2021-04-07,43.58118057260977,1
2021-04-08,43.85398101816641,1
2021-04-09,43.81875991831289,1
2021-04-12,43.69048309336172,1
2021-04-13,43.80701446543203,1
2021-04-14,43.115074157814846,1
2021-04-15,43.358970642189846,1
2021-04-16,43.249675750832424,1
2021-04-19,41.73300933847891,1
2021-04-20,41.30483627329336,1
2021-04-21,41.533374786476955,1
2021-04-22,41.11062622080313,1
2021-04-23,42.10608291635977,1
2021-04-26,42.62277221689688,1
2021-04-27,42.12594985971914,1
2021-04-28,41.480083465676174,1
2021-04-29,42.120532989601955,1
2021-04-30,41.20909118662344,1
2021-05-03,40.661678314308986,1
2021-05-04,40.15582275400625,1
2021-05-05,40.091690063576564,1
2021-05-06,40.5207633973168,1
2021-05-07,40.88208770761953,1
2021-05-10,39.393428802590236,1
2021-05-11,39.75205230722891,1
2021-05-12,38.15408325205313,1
2021-05-13,38.89661026010977,1
2021-05-14,39.89206695566641,1
2021-05-17,39.740310669045314,1
2021-05-18,39.18024826059805,1
2021-05-19,39.90109634409414,1
2021-05-20,41.100696563820705,1
2021-05-21,40.76105117807852,1
2021-05-24,41.47917938242422,1
2021-05-25,41.510791778664455,1
2021-05-26,41.596607208351955,1
2021-05-27,42.246089935402736,1
2021-05-28,42.66613006601797,1
2021-06-01,42.30300521860586,1
2021-06-02,42.792591095070705,1
2021-06-03,41.98592758188711,1
2021-06-04,42.90731430063711,1
2021-06-07,41.89380264292227,1
2021-06-08,41.8712272645043,1
2021-06-09,41.90735244760977,1
2021-06-10,42.33551788340078,1
2021-06-11,42.51889038095938,1
2021-06-14,42.982295990090236,1
2021-06-15,42.52249908457266,1
2021-06-16,42.07175445566641,1
2021-06-17,42.56135177622305,1
2021-06-18,41.868511200051174,1
2021-06-21,42.297298431496486,1
2021-06-22,42.28272247324453,1
2021-06-23,42.48392486582266,1
2021-06-24,42.7934684754418,1
2021-06-25,42.07788848886953,1
2021-06-28,43.04289245615469,1
2021-06-29,43.43891143808828,1
2021-06-30,43.41068267832266,1
2021-07-01,42.75522232065664,1
2021-07-02,42.621395111183986,1
2021-07-06,43.08659362802969,1
2021-07-07,42.74611282358633,1
2021-07-08,42.83351516733633,1
2021-07-09,43.714763641457424,1
2021-07-12,44.22184753427969,1
2021-07-13,44.063430786232814,1
2021-07-14,43.84311676035391,1
2021-07-15,43.45621490488516,1
2021-07-16,42.61228942881094,1
2021-07-19,42.39379119883047,1
2021-07-20,42.659629821877346,1
2021-07-21,43.60915756235586,1
2021-07-22,43.36426162729727,1
2021-07-23,43.985149383644924,1
2021-07-26,43.90230178843008,1
2021-07-27,43.27595138559805,1
2021-07-28,43.48443603525625,1
2021-07-29,44.07254028330313,1
2021-07-30,44.189983368019924,1
2021-08-02,44.12444305429922,1
2021-08-03,44.3165283204125,1
2021-08-04,44.40847396860586,1
2021-08-05,44.39663696299063,1
2021-08-06,44.192703247170314,1
2021-08-09,44.12444305429922,1
2021-08-10,43.90411758432852,1
2021-08-11,44.02156448374258,1
2021-08-12,44.086204528908596,1
2021-08-13,44.259170532326564,1
2021-08-16,44.43942260752188,1
2021-08-17,43.5791130066918,1
2021-08-18,42.69422149668203,1
2021-08-19,43.109355926613674,1
2021-08-20,43.258655548195705,1
2021-08-23,43.92142105112539,1
2021-08-24,43.82856369028555,1
2021-08-25,44.00881576548086,1
2021-08-26,44.22093963633047,1
2021-08-27,45.149517059426174,1
2021-08-30,45.41808319101797,1
2021-08-31,45.26514434824453,1
2021-09-01,44.896438598732814,1
2021-09-02,44.781726837258205,1
2021-09-03,45.30792999277578,1
2021-09-07,45.20869827280508,1
2021-09-08,45.00749969492422,1
2021-09-09,44.92648315439688,1
2021-09-10,45.3507194520043,1
2021-09-13,45.424461364846096,1
2021-09-14,45.689380645851955,1
2021-09-15,46.40585708628164,1
2021-09-16,46.188274383644924,1
2021-09-17,46.06537246714102,1
2021-09-20,45.047561645607814,1
2021-09-21,45.02646636972891,1
2021-09-22,45.90684509287344,1
2021-09-23,46.24707412729727,1
2021-09-24,46.30392837534414,1
2021-09-27,46.29751586924063,1
2021-09-28,45.029224395851955,1
2021-09-29,44.88800048838125,1
2021-09-30,44.47074127207266,1
2021-10-01,44.69266128550039,1
2021-10-04,43.647212982277736,1
2021-10-05,44.515674591164455,1
2021-10-06,44.82379913340078,1
2021-10-07,45.295166015725,1
2021-10-08,45.19704818735586,1
2021-10-11,45.15027618418203,1
2021-10-12,44.50283432016836,1
2021-10-13,44.47807312021719,1
2021-10-14,45.632644653420314,1
2021-10-15,46.150779724221096,1
2021-10-18,46.16086196909414,0
2021-10-19,46.8055534363793,1
2021-10-20,46.71385192881094,1
2021-10-21,47.15037536631094,1
2021-10-22,47.265926361183986,1
2021-10-25,47.87668609629141,1
2021-10-26,48.95879364023672,1
2021-10-27,47.97205352793203,1
2021-10-28,48.564468383889064,1
2021-10-29,48.75704956064688,1
2021-11-01,48.425071716408596,1
2021-11-02,49.25226593027578,1
2021-11-03,49.738296508889064,1
2021-11-04,50.311458587746486,1
2021-11-05,51.256031036476955,1
2021-11-08,51.25876617441641,1
2021-11-09,51.1533203126,1
2021-11-10,50.32519912729727,1
2021-11-11,50.933223724465236,1
2021-11-12,51.65034866343008,1
2021-11-15,51.884204864601955,1
2021-11-16,52.159324646096096,0
2021-11-17,52.23910903940664,0
2021-11-18,52.71322250376211,0
2021-11-19,52.15473556528555,0
2021-11-22,50.73880386362539,0
2021-11-23,50.90753936777578,1
2021-11-24,51.23860549936758,1
2021-11-26,50.125293731789455,1
2021-11-29,51.75307083139883,1
2021-11-30,50.77548599253164,1
2021-12-01,50.874534607033596,1
2021-12-02,50.662681579689846,1
2021-12-03,51.18265533457266,1
2021-12-06,51.811763763527736,1
2021-12-07,54.14291000376211,1
2021-12-08,53.974178314308986,1
2021-12-09,53.50281524668203,1
2021-12-10,57.928508758644924,1
2021-12-13,57.009632110695705,1
2021-12-14,56.390613556008205,1
2021-12-15,58.67867660532461,1
2021-12-16,56.91975021372305,1
2021-12-17,58.22930145273672,1
2021-12-20,59.15277481089102,1
2021-12-21,59.64285278330313,1
2021-12-22,60.46977996836172,1
2021-12-23,61.35580062876211,1
2021-12-27,62.23073196421133,1
2021-12-28,61.743408203225,1
2021-12-29,62.07660675058828,1
2021-12-30,61.38162994394766,1
2021-12-31,61.412097931008205,1
2022-01-03,61.21919631968008,1
2022-01-04,61.920608520607814,1
2022-01-05,59.343833923439846,1
2022-01-06,58.792842865090236,1
2022-01-07,57.142662048439846,1
2022-01-10,57.328166961769924,1
2022-01-11,57.410301208596096,1
2022-01-12,57.405696868996486,1
2022-01-13,55.115928650002346,1
2022-01-14,55.04024124155508,1
2022-01-18,53.325462341408596,1
2022-01-19,52.04998779306875,1
2022-01-20,50.55023574839102,1
2022-01-21,49.21291732798086,1
2022-01-24,49.98355484018789,1
2022-01-25,49.29691314707266,1
2022-01-26,51.417781829933986,1
2022-01-27,50.05093383799063,1
2022-01-28,51.69281768808828,1
2022-01-31,54.072105407814846,1
2022-02-01,54.70337677011953,1
2022-02-02,55.69182586679922,1
2022-02-03,53.60786819468008,1
2022-02-04,54.46710205088125,1
2022-02-07,54.23361206064688,1
2022-02-08,55.39556884775625,1
2022-02-09,56.42185211191641,0
2022-02-10,54.57787323008047,0
2022-02-11,52.922134399514064,0
2022-02-14,53.398372650246486,1
2022-02-15,55.630916595558986,0
2022-02-16,55.11777496347891,1
2022-02-17,53.43712615976797,1
2022-02-18,53.52850341806875,1
2022-02-22,53.294998169045314,1
2022-02-23,52.162586212258205,1
2022-02-24,53.52942276010977,1
2022-02-25,54.26868438730703,1
2022-02-28,54.2160758973168,1
2022-03-01,52.617576599221096,1
2022-03-02,54.06287384043203,1
2022-03-03,53.400222778420314,1
2022-03-04,55.00518035898672,1
2022-03-07,52.67110061655508,1
2022-03-08,53.15564727793203,1
2022-03-09,55.1002311707543,1
2022-03-10,54.242847442726955,1
2022-03-11,53.331008911232814,1
2022-03-14,52.40345001230703,1
2022-03-15,54.707080841164455,1
2022-03-16,56.03238296518789,1
2022-03-17,55.62168884287344,1
2022-03-18,56.33601760874258,1
2022-03-21,55.869583129982814,1
2022-03-22,56.80338287363516,1
2022-03-23,55.69211578379141,1
2022-03-24,58.20549774179922,1
2022-03-25,58.43222045908438,1
2022-03-28,58.8048095704125,1
2022-03-29,59.60296630869375,1
2022-03-30,58.638484954933986,1
2022-03-31,58.50747680674063,1
2022-04-01,58.2566032410668,1
2022-04-04,58.98785400400625,1
2022-04-05,57.06169891367422,1
2022-04-06,55.9355583191918,1
2022-04-07,56.03311920176016,1
2022-04-08,54.54181289682852,1
2022-04-11,53.94807815561758,1
2022-04-12,54.362483978371486,1
2022-04-13,55.05657196054922,1
2022-04-14,53.319961547951564,1
2022-04-18,54.49535369883047,1
2022-04-19,55.52858352671133,1
2022-04-20,55.53787612925039,1
2022-04-21,55.0742187501,1
2022-04-22,54.53716278086172,1
2022-04-25,54.62358093271719,1
2022-04-26,52.03958511362539,1
2022-04-27,51.99032592783438,1
2022-04-28,53.79290771494375,1
2022-04-29,51.51181030283438,1
2022-05-02,53.55224990854727,1
2022-05-03,54.000118255715236,1
2022-05-04,56.089805603127346,1
2022-05-05,53.89046859751211,1
2022-05-06,53.90069580088125,1
2022-05-09,52.30438995371328,1
2022-05-10,54.020557403664455,1
2022-05-11,52.69371795664297,0
2022-05-12,53.108116150002346,0
2022-05-13,54.65702819834219,0
2022-05-16,54.13949203501211,0
2022-05-17,56.50698471079336,0
2022-05-18,53.01519775400625,0
2022-05-19,50.75175476084219,0
2022-05-20,50.47114944468008,0
2022-05-23,48.90737533579336,0
2022-05-24,48.70667266855703,0
2022-05-25,49.39704132090078,0
2022-05-26,51.165237426857814,0
2022-05-27,54.196163177590236,0
2022-05-31,53.903484344582424,0
2022-06-01,53.2985954285668,0
2022-06-02,53.588497161965236,1
2022-06-03,52.34156036386953,1
2022-06-06,52.14736938486563,1
2022-06-07,53.24005889902578,1
2022-06-08,52.53110122690664,1
2022-06-09,51.68185424814688,1
2022-06-10,50.29275894175039,1
2022-06-13,48.09527969370352,1
2022-06-14,48.33222198496328,1
2022-06-15,48.939903259377346,1
2022-06-16,46.19607925425039,1
2022-06-17,46.33266830454336,1
2022-06-21,47.19646453867422,1
2022-06-22,46.47787857065664,1
2022-06-23,46.52285385141836,1
2022-06-24,47.69486999521719,1
2022-06-27,47.37820816050039,1
2022-06-28,46.69805145273672,1
2022-06-29,45.944812774758205,1
2022-06-30,45.513851165871486,1
2022-07-01,44.76716995249258,1
2022-07-05,44.622886657814846,1
2022-07-06,45.214046478371486,1
2022-07-07,46.706478118996486,1
2022-07-08,46.72053146372305,1
2022-07-11,45.23748016367422,1
2022-07-12,45.09788513193594,1
2022-07-13,45.1316032410668,1
2022-07-14,45.404232025246486,1
2022-07-15,46.32423782358633,1
2022-07-18,46.00569534311758,1
2022-07-19,47.68643951426016,1
2022-07-20,47.94594192514883,1
2022-07-21,48.49963760385977,1
2022-07-22,48.01622009287344,1
2022-07-25,48.071487426857814,1
2022-07-26,47.88224792490469,1
2022-07-27,49.44680404673086,1
2022-07-28,49.9920654297875,1
2022-07-29,50.16726303110586,1
2022-08-01,50.25064468393789,1
2022-08-02,49.76721572885977,1
2022-08-03,51.222164154152736,1
2022-08-04,51.789905548195705,1
2022-08-05,51.662498474221096,1
2022-08-08,51.108806610207424,1
2022-08-09,49.91617584238516,1
2022-08-10,51.566001892189846,1
2022-08-11,51.09944534311758,1
2022-08-12,52.29862213144766,1
2022-08-15,52.367019653420314,1
2022-08-16,51.68217468271719,1
2022-08-17,50.4586181641625,1
2022-08-18,52.319236755471096,1
2022-08-19,51.38049697885977,1
2022-08-22,49.53674697885977,1
2022-08-23,49.63324356089102,1
2022-08-24,49.73255157480703,1
2022-08-25,51.53976821909414,1
2022-08-26,48.79755783091055,1
2022-08-29,48.171741485695705,1
2022-08-30,47.441917419533596,1
2022-08-31,46.75988006601797,1
2022-09-01,46.09469604502188,1
2022-09-02,46.86386489878164,1
2022-09-06,46.67462158213125,1
2022-09-07,47.32387161264883,1
2022-09-08,47.96094512949453,1
2022-09-09,48.94183349619375,1
2022-09-12,49.565792083840236,1
2022-09-13,47.18521499643789,1
2022-09-14,47.850391388039455,0
2022-09-15,46.85639190683828,0
2022-09-16,47.07747268686758,0
2022-09-19,47.015640258889064,0
2022-09-20,46.193077087502346,0
2022-09-21,45.54877853403555,0
2022-09-22,45.12081527719961,0
2022-09-23,44.27718734751211,0
2022-09-26,43.6706657410668,0
2022-09-27,43.905906677346096,0
2022-09-28,44.020217895607814,0
2022-09-29,42.52471923838125,0
2022-09-30,41.94655227671133,0
2022-10-03,43.15297317514883,-1
2022-10-04,45.33337783823477,-1
2022-10-05,45.800071716408596,-1
2022-10-06,45.299365997414455,0
2022-10-07,43.50251007090078,0
2022-10-10,41.35042953501211,0
2022-10-11,40.694805145363674,0
2022-10-12,40.67684555063711,0
2022-10-13,41.375930786232814,1
2022-10-14,40.34903335581289,1
2022-10-17,41.13031005869375,1
2022-10-18,41.079307556252346,1
2022-10-19,41.12371063242422,1
2022-10-20,40.65134429941641,1
2022-10-21,42.48694229135977,1
2022-10-24,43.128398895363674,1
2022-10-25,43.46377944956289,1
2022-10-26,43.56864166269766,1
2022-10-27,43.02259063730703,1
2022-10-28,44.67585372934805,1
2022-10-31,44.4132194520043,1
2022-11-01,44.20349502573477,1
2022-11-02,43.08211135874258,1
2022-11-03,41.95694351206289,1
2022-11-04,43.95787048349844,1
2022-11-07,44.89502716074453,1
2022-11-08,45.54594421396719,1
2022-11-09,44.3518180848168,1
2022-11-10,47.856731414894924,1
2022-11-11,48.945049285988674,1
2022-11-14,48.484966278176174,1
2022-11-15,49.54305648813711,1
2022-11-16,48.34420776377188,1
2022-11-17,48.38010406504141,1
2022-11-18,48.66824340830313,1
2022-11-21,48.88363647470938,1
2022-11-22,50.074932098488674,1
2022-11-23,50.41409301767813,1
2022-11-25,50.06171035776602,1
2022-11-28,49.334278106789455,1
2022-11-29,49.25680542002188,1
2022-11-30,52.05695724497305,1
2022-12-01,52.030513763527736,1
2022-12-02,51.090511322121486,1
2022-12-05,50.130672454933986,1
2022-12-06,49.67531967173086,1
2022-12-07,48.983779907326564,1
2022-12-08,50.1722526551293,1
2022-12-09,51.46084213266836,1
2022-12-12,52.58600234995352,1
2022-12-13,53.94734573374258,1
2022-12-14,54.2685546876,1
2022-12-15,52.71543121347891,1
2022-12-16,52.517986297707424,1
2022-12-19,52.35794448862539,1
2022-12-20,51.823535919289455,1
2022-12-21,53.46297073374258,1
2022-12-22,52.687549591164455,1
2022-12-23,52.62467956552969,1
2022-12-27,52.73041534433828,1
2022-12-28,51.906414032082424,1
2022-12-29,53.13717269907461,1
2022-12-30,53.262920379738674,1
2023-01-03,52.72470092783438,1
2023-01-04,53.36865615854727,1
2023-01-05,52.87140274057852,1
2023-01-06,56.05405044565664,0
2023-01-09,54.95474624643789,1
2023-01-10,54.76803970346914,1
2023-01-11,55.073814392189846,1
2023-01-12,55.435813903908596,1
2023-01-13,55.15573883066641,1
2023-01-17,55.178604126076564,1
2023-01-18,54.707073211769924,1
2023-01-19,53.65253067026602,1
2023-01-20,54.372703552346096,1
2023-01-23,55.40627670298086,1
2023-01-24,55.73015594492422,1
2023-01-25,55.79208374033438,1
2023-01-26,57.02093505869375,1
2023-01-27,56.297908783058986,1
2023-01-30,55.38913345346914,1
2023-01-31,55.72826385508047,1
2023-02-01,57.41817855844961,1
2023-02-02,57.70586395273672,1
2023-02-03,56.92949676523672,1
2023-02-06,57.280052185158596,1
2023-02-07,58.53272247324453,1
2023-02-08,57.31911087046133,1
2023-02-09,57.10000228891836,1
2023-02-10,56.513198852639064,1
2023-02-13,57.26290512094961,1
2023-02-14,57.37625885019766,1
2023-02-15,57.88876724253164,1
2023-02-16,57.2076530457543,1
2023-02-17,56.73611068735586,1
2023-02-21,55.397705078225,1
2023-02-22,54.88615417490469,1
2023-02-23,55.61299514780508,1
2023-02-24,55.036670684914455,1
2023-02-27,55.77017211924063,1
2023-02-28,56.61227035532461,1
2023-03-01,56.54368591318594,1
2023-03-02,57.027610778908596,1
2023-03-03,60.27693557749258,1
2023-03-06,60.29217910776602,1
2023-03-07,59.55200958261953,1
2023-03-08,60.22930908213125,1
2023-03-09,59.30146408091055,1
2023-03-10,58.56892013559805,1
2023-03-13,58.725147247414455,1
2023-03-14,60.24835968027578,1
2023-03-15,59.636795044045314,1
2023-03-16,60.63321304331289,1
2023-03-17,60.10642242441641,1
2023-03-20,61.320049285988674,1
2023-03-21,61.09360122690664,1
2023-03-22,60.534236908058986,1
2023-03-23,61.331558227639064,1
2023-03-24,61.03795623789297,1
2023-03-27,60.142784118752346,1
2023-03-28,59.937461853127346,1
2023-03-29,60.014217376808986,1
2023-03-30,60.805774688820705,1
2023-03-31,61.55318069468008,1
2023-04-03,61.64242553720938,1
2023-04-04,60.86909866343008,1
2023-04-05,60.35098266611563,1
2023-04-06,59.73980712900625,1
2023-04-10,60.19554901133047,1
2023-04-11,59.63714599619375,1
2023-04-12,59.16988754282461,1
2023-04-13,59.89331817636953,1
2023-04-14,59.44237518320547,1
2023-04-17,60.192668914894924,1
2023-04-18,60.668567657570705,1
2023-04-19,60.877727508644924,1
2023-04-20,60.73572158823477,1
2023-04-21,60.72421646128164,1
2023-04-24,60.88156509409414,1
2023-04-25,59.680320739846096,1
2023-04-26,59.120967865090236,1
2023-04-27,59.33395385752188,1
2023-04-28,60.110164642433986,1
2023-05-01,61.20874404917227,1
2023-05-02,58.75156021128164,1
2023-05-03,58.83408355722891,1
2023-05-04,58.54240417490469,1
2023-05-05,60.45748901377188,1
2023-05-08,60.35578536997305,1
2023-05-09,59.343555450539455,1
2023-05-10,60.088096618752346,1
2023-05-11,60.22241973886953,1
2023-05-12,60.556316375832424,1
2023-05-15,61.3862419129418,1
2023-05-16,61.5435905457543,1
2023-05-17,63.08161544809805,0
2023-05-18,65.04179382334219,1
2023-05-19,65.45915222177969,0
2023-05-22,65.08687591562735,1
2023-05-23,65.86692047129141,1
2023-05-24,65.19818878183828,1
2023-05-25,69.9254379273461,1
2023-05-26,77.97818756113516,1
2023-05-30,77.07724761972891,1
2023-05-31,77.52052307138906,1
2023-06-01,75.79254150400625,1
2023-06-02,77.90814971933828,1
2023-06-05,76.97747039804922,1
2023-06-06,75.79733276377188,1
2023-06-07,76.04965972910391,1
2023-06-08,77.15975952158438,1
2023-06-09,77.20005798349844,1
2023-06-12,82.06836700449453,1
2023-06-13,81.66153717051016,0
2023-06-14,85.0254135132836,0
2023-06-15,84.76158142099844,0
2023-06-16,83.29167175302969,0
2023-06-20,83.28399658213125,0
2023-06-21,81.76287078867422,0
2023-06-22,81.25839996347891,0
2023-06-23,79.30223846445547,0
2023-06-26,79.25208282480703,1
2023-06-27,81.83423614511953,1
2023-06-28,81.78986358652578,1
2023-06-29,83.20103454599844,1
2023-06-30,83.66981506357656,1
2023-07-03,84.53889465342031,1
2023-07-05,83.132568359475,1
2023-07-06,81.79566192636953,1
2023-07-07,81.67508697519766,1
2023-07-10,84.66333770761953,1
2023-07-11,85.08003997812735,1
2023-07-12,85.842041015725,1
2023-07-13,85.88157653818594,1
2023-07-14,85.70989227304922,1
2023-07-17,87.80976867685781,1
2023-07-18,87.14228820810781,1
2023-07-19,86.94357299814688,1
2023-07-20,85.68672943125235,1
2023-07-21,86.4979476929711,1
2023-07-24,86.96479797373281,1
2023-07-25,88.54669189463125,1
2023-07-26,86.14491271982656,1
2023-07-27,86.18734741220938,1
2023-07-28,86.79119110117422,0
2023-07-31,86.68119812021719,1
2023-08-01,88.74057769785391,1
2023-08-02,86.06871032724844,1
2023-08-03,85.36265563974844,1
2023-08-04,85.04144287119375,1
2023-08-07,86.5278549195336,1
2023-08-08,85.18708801279531,1
2023-08-09,82.05897521982656,1
2023-08-10,81.30372619638906,1
2023-08-11,80.03627014170156,1
2023-08-14,82.38406372080313,1
2023-08-15,81.26707458506094,1
2023-08-16,80.34783935556875,1
2023-08-17,79.77970886240469,1
2023-08-18,79.65817260752188,1
2023-08-21,83.44893646250235,1
2023-08-22,82.54705047617422,1
2023-08-23,84.55239868174063,1
2023-08-24,82.41876983652578,1
2023-08-25,82.16411590586172,1
2023-08-28,83.05732727060781,1
2023-08-29,85.8401107789086,1
2023-08-30,86.06678771982656,1
2023-08-31,89.01934814463125,1
2023-09-01,84.16079711924063,1
2023-09-05,84.12702941904531,1
2023-09-06,84.13666534433828,1
2023-09-07,82.66666412363516,1
2023-09-08,82.71680450449453,1
2023-09-11,82.87018585215078,1
2023-09-12,81.45999145517813,1
2023-09-13,82.27117919931875,1
2023-09-14,84.07589721689688,1
2023-09-15,82.15061950693594,0
2023-09-18,81.98857116709219,0
2023-09-19,81.91140747080313,0
2023-09-20,80.55074310312735,0
2023-09-21,78.39676666269766,1
2023-09-22,80.4062500001,1
2023-09-25,80.87272644052969,1
2023-09-26,79.15613555918203,1
2023-09-27,79.21626281748281,1
2023-09-28,80.68941497812735,1
2023-09-29,80.55171203623281,1
2023-10-02,80.97553253183828,1
2023-10-03,79.02424621592031,1
2023-10-04,79.89512634287344,1
2023-10-05,79.89998626718985,1
2023-10-06,81.97541809092031,1
2023-10-09,83.00537109385,1
2023-10-10,83.25074005136953,1
2023-10-11,84.81700897226797,0
2023-10-12,87.82733154306875,0
2023-10-13,85.65298461924063,1
2023-10-16,87.53350067148672,1
2023-10-17,85.77131652842031,1
2023-10-18,86.02637481699453,1
2023-10-19,84.16431427011953,1
2023-10-20,82.78715515146719,1
2023-10-23,83.62024688730703,1
2023-10-24,85.45224761972891,1
2023-10-25,82.39922332773672,1
2023-10-26,80.18027496347891,1
2023-10-27,81.30625152597891,1
2023-10-30,81.58651733408438,1
2023-10-31,81.59815216074453,1
2023-11-01,82.7202377320336,1
2023-11-02,84.50083923349844,1
2023-11-03,85.60449981699453,1
2023-11-06,85.42509460459219,1
2023-11-07,87.07281494150625,1
2023-11-08,88.36366271982656,1
2023-11-09,88.38790893564688,1
2023-11-10,92.86266326914297,1
2023-11-13,91.83562469492422,1
2023-11-14,94.36006927500235,1
2023-11-15,94.59671020517813,1
2023-11-16,93.05954742441641,1
2023-11-17,94.82268524179922,1
2023-11-20,96.5664291382836,1
2023-11-21,95.15921020517813,1
2023-11-22,94.2669677735375,1
2023-11-24,94.93325805674063,1
2023-11-27,92.15664672861563,1
2023-11-28,91.77938079843985,1
2023-11-29,91.2440185547875,1
2023-11-30,89.77959442148672,1
2023-12-01,90.19371795664297,1
2023-12-04,89.60890197763906,1
2023-12-05,88.55664825449453,1
2023-12-06,87.63725280771719,1
2023-12-07,89.44306182871328,1
2023-12-08,91.58056640635,1
2023-12-11,99.8182601929711,1
2023-12-12,103.99238586435781,1
2023-12-13,105.68083953867422,1
2023-12-14,107.31015777597891,1
2023-12-15,109.56500244150625,1
2023-12-18,111.23890686045156,1
2023-12-19,111.02749633799063,1
2023-12-20,108.18258667002188,1
2023-12-21,109.83009338388906,1
2023-12-22,109.312744140725,1
2023-12-26,110.27828216562735,1
2023-12-27,109.7209701539086,1
2023-12-28,109.3546371460961,1
2023-12-29,108.75449371347891,1
2024-01-02,105.74686431894766,1
2024-01-03,103.13579559336172,1
2024-01-04,102.20340728769766,1
2024-01-05,102.22970581064688,1
2024-01-08,104.72096252451406,1
2024-01-09,105.46530151377188,1
2024-01-10,105.27824401865469,1
2024-01-11,107.16932678232656,1
2024-01-12,107.91952514658438,1
2024-01-16,108.6288070679711,1
2024-01-17,107.52883911142813,1
2024-01-18,111.4493637085961,1
2024-01-19,118.00531768808828,1
2024-01-22,118.91141510019766,1
2024-01-23,119.47745513926016,1
2024-01-24,122.16258239756094,1
2024-01-25,119.83696746836172,1
2024-01-26,117.38957977304922,1
2024-01-29,118.64543151865469,1
2024-01-30,117.70913696299063,1
2024-01-31,114.96554565439688,1
2024-02-01,116.91510009775625,1
2024-02-02,119.28551483164297,1
2024-02-05,121.1132812501,1
2024-02-06,119.12086486826406,1
2024-02-07,122.47338104258047,1
2024-02-08,124.19786834726797,1
2024-02-09,125.04354095468985,1
2024-02-12,123.24696350107656,1
2024-02-13,121.94630432138906,0
2024-02-14,122.97613525400625,0
2024-02-15,123.25377655039297,0
2024-02-16,121.34516143808828,0
2024-02-20,119.5008544922875,0
2024-02-21,119.58853912363516,1
2024-02-22,127.13436889658438,1
2024-02-23,126.30327606211172,1
2024-02-26,127.54647827158438,1
2024-02-27,126.28966522226797,1
2024-02-28,125.62619781504141,1
2024-02-29,126.70470428476797,1
2024-03-01,136.31895446787343,1
2024-03-04,136.6199951172875,1
2024-03-05,130.8220520020531,1
2024-03-06,131.52836608896718,1
2024-03-07,137.08277893076405,1
2024-03-08,127.50654602060781,1
2024-03-11,125.98664855967031,1
2024-03-12,125.86585235605703,1
2024-03-13,122.55231475840078,0
2024-03-14,122.98098754892813,1
2024-03-15,120.37283325205313,1
2024-03-18,120.5423583985375,1
2024-03-19,120.61738586435781,1
2024-03-20,124.84812927256094,1
2024-03-21,131.89283752451405,1
2024-03-22,132.42802429209218,1
2024-03-25,132.2431182862328,1
2024-03-26,130.2774658204125,1
2024-03-27,129.02897644052968,1
2024-03-28,129.68255615244374,1
2024-04-01,132.1139678956078,1
2024-04-02,130.98876953135,1
2024-04-03,133.38102722177968,1
2024-04-04,128.90861511240468,1
2024-04-05,131.05429077158436,1
2024-04-08,130.7285156251,1
2024-04-09,130.53085327158436,1
2024-04-10,129.38510131845936,1
2024-04-11,135.26454162607655,1
2024-04-12,131.50831604013905,1
2024-04-15,128.24229431162343,1
2024-04-16,130.0397033692406,1
2024-04-17,125.496826171975,1
2024-04-18,123.18381500254141,1
2024-04-19,117.87287139902578,1
2024-04-22,119.80526733408438,1
2024-04-23,122.22493743906485,1
2024-04-24,122.97148895273672,1
2024-04-25,126.6503906251,1
2024-04-26,131.50831604013905,1
2024-04-29,130.97508239756093,1
2024-04-30,127.22278594980703,1
2024-05-01,121.60560607920156,1
2024-05-02,121.18584442148672,1
2024-05-03,125.05457305918203,1
2024-05-06,128.20512390146718,1
2024-05-07,127.50067901621328,1
2024-05-08,129.6786651612328,1
2024-05-09,127.75115203867422,1
2024-05-10,130.40562438974843,1
2024-05-13,130.86647033701405,1
2024-05-14,135.02674865732655,1
2024-05-15,140.5196838379906,1
2024-05-16,138.16752624521718,1
2024-05-17,136.5198516846703,1
2024-05-20,138.35343933115468,1
2024-05-21,136.9024200440453,1
2024-05-22,136.22145080576405,1
2024-05-23,136.32415771494374,1
2024-05-24,137.747802734475,1
2024-05-28,138.19883728037343,1
2024-05-29,136.0678253174828,1
2024-05-30,133.46617126474843,1
2024-05-31,129.98979187021718,1
2024-06-03,129.3391418458031,1
2024-06-04,130.2119140626,1
2024-06-05,138.261474609475,1
2024-06-06,137.1049346924828,1
2024-06-07,137.63037109385,1
2024-06-10,140.9404296876,1
2024-06-11,142.95208740244374,1
2024-06-12,146.32572937021718,1
2024-06-13,164.2780303956078,1
2024-06-14,169.76214599619374,1
2024-06-17,178.9427490235375,1
2024-06-18,176.36459350595936,1
2024-06-20,169.71517944345936,1
2024-06-21,162.28593444834218,1
2024-06-24,156.28182983408436,1
2024-06-25,155.1609191895531,1
2024-06-26,156.26123046885,1
2024-06-27,155.73707580576405,1
2024-06-28,157.58924865732655,1
2024-07-01,161.05113220224843,1
2024-07-02,162.68833923349843,1
2024-07-03,169.7299346924828,1
2024-07-05,167.18673706064686,1
2024-07-08,171.36320495615468,1
2024-07-09,170.13136291513905,0
2024-07-10,171.2483673096703,0
2024-07-11,167.44589233408436,0
2024-07-12,166.9276123047875,0
2024-07-15,168.25563049326405,0
2024-07-16,166.2533264161156,0
2024-07-17,153.10069274912343,0
2024-07-18,157.556884765725,1
2024-07-19,154.44537353525624,1
2024-07-22,158.08689880381093,1
2024-07-23,160.74687194834218,1
2024-07-24,148.5463409424828,1
2024-07-25,146.5047149659203,1
2024-07-26,148.8309631348656,1
2024-07-29,147.44700622568593,1
2024-07-30,140.87066650400624,1
2024-07-31,157.7138977051781,1
2024-08-01,144.3060607911156,1
2024-08-02,141.1651611329125,1
2024-08-05,139.45724487314686,1
2024-08-06,141.26329040537343,1
2024-08-07,133.75450134287343,1
2024-08-08,143.0497131348656,0
2024-08-09,145.52317810068593,0
2024-08-12,145.87652587900624,0
2024-08-13,153.27731323252186,0
2024-08-14,154.77911376963124,0
2024-08-15,163.06329345713124,0
2024-08-16,162.6608428956078,0
2024-08-19,164.6141662598656,0
2024-08-20,162.8866271973656,1
2024-08-21,162.71977233896718,1
2024-08-22,159.34326171885,1
2024-08-23,163.28904724131093,1
2024-08-26,156.67350769052968,1
2024-08-27,158.4107971192406,1
2024-08-28,155.26005554209218,1
2024-08-29,154.03312683115468,1
2024-08-30,159.8144073487328,1
2024-09-03,149.96957397470936,1
2024-09-04,151.2750244141625,1
2024-09-05,149.99899292002186,1
2024-09-06,134.47105407724843,1
2024-09-09,138.22052001963124,1
2024-09-10,145.47412109385,1
2024-09-11,155.348388671975,1
2024-09-12,161.52227783213124,1
2024-09-13,164.5945129395531,1
2024-09-16,160.9922637940453,1
2024-09-17,159.47087097177968,1
2024-09-18,158.68563842783436,1
2024-09-19,164.86997985849843,1
2024-09-20,168.49394226084218,1
2024-09-23,170.305908203225,1
2024-09-24,172.17697143564686,1
2024-09-25,172.84660339365468,1
2024-09-26,175.37745666513905,1
2024-09-27,170.0597229004906,1
2024-09-30,169.87260437021718,1
2024-10-01,164.91923522959218,1
2024-10-02,168.0606231690453,1
2024-10-03,169.27189636240468,1
2024-10-04,173.94955444345936,1
2024-10-07,172.41329956064686,1
2024-10-08,177.9772491456078,1
2024-10-09,183.11773681650624,1
2024-10-10,182.86170959482655,1
2024-10-11,178.7158203126,1
2024-10-14,179.53318786631093,1
2024-10-15,173.2995910645531,1
2024-10-16,174.12680053720936,1
2024-10-17,178.76507568369374,1
2024-10-18,177.15003967295155,1
2024-10-21,177.24851989756093,1
2024-10-22,176.64781188974843,1
2024-10-23,170.86720275888905,1
2024-10-24,168.74012756357655,1
2024-10-25,170.36497497568593,1
2024-10-28,169.3999328614281,1
2024-10-29,176.50993347177968,1
2024-10-30,173.94955444345936,1
2024-10-31,167.18418884287343,1
2024-11-01,166.34715271006093,1
2024-11-04,165.98277282724843,1
2024-11-05,171.25128173838124,1
2024-11-06,176.81523132334218,1
2024-11-07,181.01034545908436,1
2024-11-08,180.8429260254906,1
2024-11-11,176.18495178232655,1
2024-11-12,173.5359191895531,1
2024-11-13,170.9361572266625,1
2024-11-14,167.7848663331078,1
2024-11-15,162.32923889170155,1
2024-11-18,163.14662170420155,1
2024-11-19,162.83151245127186,1
2024-11-20,160.76348876963124,1
2024-11-21,161.4429931641625,1
2024-11-22,161.7285461426781,1
2024-11-25,162.3095703126,1
2024-11-26,162.23081970224843,1
2024-11-27,157.23800659189686,1
2024-11-29,159.61131286631093,1
2024-12-02,163.9738311768578,1
2024-12-03,165.5888671876,0
2024-12-04,167.962158203225,0
2024-12-05,167.87351989756093,1
2024-12-06,176.7955322266625,1
2024-12-09,176.2145080567406,1
2024-12-10,169.193115234475,1
2024-12-11,180.4096221924828,1
2024-12-12,177.9083251954125,1
2024-12-13,221.37602233896718,0
2024-12-16,246.19218444834218,1
2024-12-17,236.57098388681874,1
2024-12-18,220.21397399912343,1
2024-12-19,214.9947052002953,1
2024-12-20,217.42706298838124,1
2024-12-23,229.424072265725,1
2024-12-24,236.6617736817406,1
2024-12-26,242.27023315439686,1
2024-12-27,238.70570373545155,1
2024-12-30,232.6134033204125,1
2024-12-31,228.9204864502953,1
2025-01-02,229.05873107920155,1
2025-01-03,229.62156677256093,1
2025-01-06,233.43296813974843,0
2025-01-07,225.7607727051781,0
2025-01-08,226.42236328135,0
2025-01-10,221.48529052744374,0
2025-01-13,222.45297241220936,0
2025-01-14,221.8703918458031,0
2025-01-15,225.12884521494374,0
2025-01-16,226.52110290537343,0
2025-01-17,234.4499816895531,0
2025-01-21,237.28382873545155,0
2025-01-22,237.87626647959218,0
2025-01-23,237.25421142588124,0
2025-01-24,241.6185607911156,0
2025-01-27,199.58460998545155,0
2025-01-28,204.74876403818593,1
2025-01-29,203.7514953614281,1
2025-01-30,212.9442443848656,1
2025-01-31,218.48361206064686,1
2025-02-03,214.9881896973656,1
2025-02-04,219.62899780283436,1
2025-02-05,229.07847595224843,1
2025-02-06,228.446533203225,1
2025-02-07,222.03826904306874,1
2025-02-10,232.08018493662343,1
2025-02-11,232.08018493662343,1
2025-02-12,233.37370300302968,1
2025-02-13,232.83062744150624,1
2025-02-14,230.1053771973656,1
2025-02-18,225.65219116220936,1
2025-02-19,225.8496398926781,1
2025-02-20,223.88473510752186,1
2025-02-21,215.90647888193593,1
2025-02-24,205.31158447275624,1
2025-02-25,199.98944091806874,1
2025-02-26,210.2584991456078,1
2025-02-27,195.3091583252953,1
2025-02-28,196.91862487802968,1
2025-03-03,185.01048278818593,1
2025-03-04,185.11911010752186,1
2025-03-05,189.16748046885,1
2025-03-06,177.19023132334218,1
2025-03-07,192.50492858896718,1
2025-03-10,182.1272735596703,1
2025-03-11,187.69622802744374,1
2025-03-12,191.78410339365468,1
2025-03-13,188.95025634775624,1
2025-03-14,193.07760620127186,1
2025-03-17,192.05070495615468,1
2025-03-18,186.29411315927968,1
2025-03-19,193.1072540284203,1
2025-03-20,188.70988464365468,0
2025-03-21,189.81913757334218,0
2025-03-24,189.41307067881093,1
2025-03-25,186.45176696787343,1
2025-03-26,177.5481262208031,1
2025-03-27,170.3380432129906,1
2025-03-28,167.49562072763905,1
2025-03-31,165.82186889658436,1
2025-04-01,166.90138244638905,1
2025-04-02,170.4370880127953,1
2025-04-03,152.53074646006093,1
2025-04-04,144.8848876954125,1
2025-04-07,152.6595001221703,1
2025-04-08,154.53134155283436,1
2025-04-09,183.3716583252953,1
2025-04-10,170.64508056650624,1
2025-04-11,180.19248962412343,1
2025-04-14,176.64686584482655,1
2025-04-15,177.23118591318593,1
2025-04-16,172.9328918458031,1
2025-04-17,169.3476562501,1
2025-04-21,164.6135559083031,1
2025-04-22,167.9512023926781,1
2025-04-23,175.21080017099843,1
2025-04-24,186.34281921396718,1
2025-04-25,190.46287536631093,1
2025-04-28,190.6213684083031,1
2025-04-29,189.33383178720936,1
2025-04-30,190.6213684083031,1
2025-05-01,195.43467712412343,1
2025-05-02,201.68406677256093,1
2025-05-05,198.79209899912343,1
2025-05-06,198.1681671143578,1
2025-05-07,202.84281921396718,1
2025-05-08,205.77439880381093,1
2025-05-09,206.2002716065453,1
2025-05-12,219.45175170908436,1
2025-05-13,230.1876220704125,1
2025-05-14,229.89051818857655,1
2025-05-15,230.405517578225,1
2025-05-16,226.41423034677968,1
2025-05-19,228.4148254395531,1
2025-05-20,229.45469665537343,1
2025-05-21,227.5234680176781,1
2025-05-22,228.31576538095936,1
2025-05-23,226.52316284189686,0
2025-05-27,233.38661193857655,0
2025-05-28,237.13029479990468,0
2025-05-29,239.6459045411156,0
2025-05-30,239.7449493409203,0
2025-06-02,246.32118225107655,1
2025-06-03,254.38298034677968,1
2025-06-04,258.57235717783436,0
2025-06-05,257.4333801270531,0
2025-06-06,244.55827331552968,0
2025-06-09,241.9337158204125,0
2025-06-10,242.28036499033436,1
2025-06-11,250.4808349610375,1
2025-06-12,253.6104736329125,1
2025-06-13,246.31126403818593,1
2025-06-16,249.67860412607655,1
2025-06-17,246.97482299814686,1
2025-06-18,248.84666442881093,-1
2025-06-20,248.171630859475,-1
2025-06-23,251.92413330088124,-1
2025-06-24,261.85137939463124,-1
2025-06-25,262.7249755860375,-1
2025-06-26,268.2048645020531,-1
2025-06-27,267.39080810556874,-1
2025-06-30,273.64495849619374,0
2025-07-01,262.8143310547875,0
2025-07-02,267.93682861338124,0
2025-07-03,273.1783752442406,0
2025-07-07,272.1856689454125,0
2025-07-08,269.82296752939686,-1
2025-07-09,275.87860107431874,-1
2025-07-10,273.39678955088124,0
2025-07-11,272.38424682627186,-1
2025-07-14,273.59539794931874,-1
2025-07-15,278.8964843751,-1
2025-07-16,278.76742553720936,0
2025-07-17,284.36642456064686,1
2025-07-18,281.279052734475,1
2025-07-21,286.11361694345936,1
2025-07-22,276.56356811533436,1
2025-07-23,281.6264953614281,1
2025-07-24,286.6099853516625,1
2025-07-25,288.06927490244374,1
2025-07-28,292.1593017579125,1
2025-07-29,295.2566223145531,1
2025-07-30,300.41879272470936,1
2025-07-31,291.56369018564686,1
2025-08-01,286.54049682627186,1
2025-08-04,295.554443359475,1
2025-08-05,290.79928588877186,1
2025-08-06,299.4757385254906,1
2025-08-07,301.55050659189686,1
2025-08-08,302.751708984475,0
2025-08-11,301.6894531251,0
2025-08-12,310.5545654297875,0
2025-08-13,306.84173583994374,0
2025-08-14,308.9662170411156,0
2025-08-15,304.1117248536156,0
2025-08-18,303.53598022470936,0
2025-08-19,292.764892578225,0
2025-08-20,289.0521240235375,1
2025-08-21,287.49349975595936,0
2025-08-22,291.86151123056874,0
2025-08-25,292.0898437501,0
2025-08-26,295.84234619150624,0
2025-08-27,298.0660400391625,0
2025-08-28,306.40496826181874,0
2025-08-29,295.22686767588124,0
2025-09-02,296.0706787110375,0
2025-09-03,300.19049072275624,0
2025-09-04,303.87350463877186,0
2025-09-05,332.4541015626,0
2025-09-08,343.13580322275624,1
2025-09-09,334.22116088877186,1
2025-09-10,366.88180542002186,1
2025-09-11,357.01412963877186,0
2025-09-12,357.25238037119374,0
2025-09-15,361.44171142588124,0
2025-09-16,357.38143920908436,0
2025-09-17,343.65203857431874,0
2025-09-18,342.8380126954125,0
2025-09-19,342.43096923838124,0
2025-09-22,336.9019775391625,0
2025-09-23,337.05111694345936,0
2025-09-24,337.41903686533436,1
2025-09-25,334.22698974619374,1
2025-09-26,332.66571044931874,1
2025-09-29,326.0726318360375,1
2025-09-30,328.0714416504906,0
2025-10-01,331.53207397470936,0
2025-10-02,336.29534912119374,0
2025-10-03,336.48431396494374,0
2025-10-06,333.62033081064686,0
2025-10-07,334.53521728525624,0
2025-10-08,343.5745849610375,0
2025-10-09,343.09722900400624,0
2025-10-10,322.82086181650624,0
2025-10-13,354.712158203225,0
2025-10-14,342.2121887208031,0
2025-10-15,349.37203979502186,0
2025-10-16,352.17636108408436,0
2025-10-17,347.3831787110375,0
2025-10-20,347.293701171975,0
2025-10-21,340.7503967286156,0
2025-10-22,338.40353393564686,0
2025-10-23,342.37130737314686,0
2025-10-24,352.156494140725,0
2025-10-27,360.03231811533436,0
2025-10-28,370.8914794922875,0
2025-10-29,383.8289794922875,0
2025-10-30,374.37200927744374,0
2025-10-31,367.5700988770531,0
2025-11-03,360.52951049814686,0
2025-11-04,349.9786682129906,0
2025-11-05,356.97946167002186,0
2025-11-06,353.6083068848656,0
2025-11-07,347.48263549814686,0
2025-11-10,356.39276123056874,0
2025-11-11,349.9985656739281,0
2025-11-12,353.24041748056874,1
2025-11-13,338.08529663095936,1
2025-11-14,340.55148315439686,0
2025-11-17,340.74041748056874,0
2025-11-18,338.6024475098656,0
2025-11-19,352.4448547364281,1
2025-11-20,344.88720703135,1
2025-11-21,338.3040771485375,1
2025-11-24,375.8536376954125,1
2025-11-25,382.88424682627186,1
2025-11-26,395.3543701172875,1
2025-11-28,400.71429443369374,1
2025-12-01,383.9283752442406,0
2025-12-02,379.44357299814686,0
2025-12-03,378.4888916016625,0
2025-12-04,378.90655517588124,0
2025-12-05,388.0652160645531,0
2025-12-08,398.86468505869374,1
2025-12-09,404.0257873536156,1
2025-12-10,410.66854858408436,0
2025-12-11,404.1053466797875,0
2025-12-12,357.92413330088124,0
2025-12-15,337.916259765725,0
2025-12-16,339.39794921885,1
2025-12-17,324.20309448252186,1
2025-12-18,328.04159545908436,1
2025-12-19,338.4631652833031,1
2025-12-22,340.19683837900624,1
2025-12-23,348.03793334970936,1
2025-12-24,348.93463134775624,1
2025-12-26,350.83761596689686,1
2025-12-29,348.1076965333031,1
2025-12-30,348.56597900400624,1
2025-12-31,344.82977294931874,1
2026-01-02,346.3441467286156,1
2026-01-05,342.15960693369374,1
2026-01-06,342.50830078135,1
2026-01-07,342.2392883301781,1
2026-01-08,331.25973510752186,1
2026-01-09,343.7038879395531,1
2026-01-12,350.91732788095936,1
2026-01-13,353.3085021973656,1
2026-01-14,338.6425781251,1
2026-01-15,341.76104736338124,0
2026-01-16,350.41915893564686,0
2026-01-20,331.3793029786156,0
2026-01-21,327.59323120127186,0
2026-01-22,324.29537963877186,0
2026-01-23,318.8753662110375,0
2026-01-26,323.6577453614281,0
2026-01-27,331.568603515725,0
2026-01-28,332.01693725595936,0
2026-01-29,329.51617431650624,0
2026-01-30,330.08404541025624,0
2026-02-02,329.89474487314686,0
2026-02-03,319.1542968751,0
2026-02-04,306.91940307627186,0
2026-02-05,309.3703918458031,0
2026-02-06,331.6981506348656,0
2026-02-09,342.67767333994374,0
2026-02-10,339.19052124033436,1
2026-02-11,341.50201416025624,1
2026-02-12,329.95455932627186,1
2026-02-13,323.9765625001,1
2026-02-17,331.31951904306874,1
2026-02-18,332.28594970713124,1
2026-02-19,332.76416015635,1
2026-02-20,331.4291076661156,1
2026-02-23,329.1275939942406,1
2026-02-24,324.29537963877186,1
2026-02-25,331.0903625489281,1
2026-02-26,320.519287109475,1
2026-02-27,318.377197265725,1
2026-03-02,317.64987182627186,1
2026-03-03,312.68817138681874,1
2026-03-04,316.36459350595936,1
2026-03-05,331.54864501963124,1
2026-03-06,329.26708984385,1
2026-03-09,344.48104858408436,1
2026-03-10,341.3226623536156,1
2026-03-11,340.31637573252186,1
2026-03-12,334.7369384766625,1
2026-03-13,320.97763061533436,1
2026-03-16,323.72750854502186,1
2026-03-17,320.1307373047875,1
2026-03-18,314.77047729502186,1
2026-03-19,318.6661376954125,1
2026-03-20,309.3703918458031,1
2026-03-23,322.0003967286156,1
2026-03-24,317.78704833994374,1
2026-03-25,318.30621337900624,1
2026-03-26,308.9310607911156,1
2026-03-27,300.2048645020531,1
2026-03-30,292.94635009775624,1
2026-03-31,309.02093505869374,1
2026-04-01,312.99462890635,0
2026-04-02,314.05294799814686,1
2026-04-06,313.9331359864281,0
2026-04-07,333.4422607422875,0
2026-04-08,350.0759582520531,0
2026-04-09,354.34918212900624,1
2026-04-10,370.96286010752186,1
2026-04-13,379.1499328614281,1
2026-04-14,380.17828369150624,1
2026-04-15,396.09310913095936,1
2026-04-16,397.8403625489281,1
2026-04-17,405.8976135254906,1
2026-04-20,398.99850463877186,1
2026-04-21,401.53451538095936,1
2026-04-22,421.98211669931874,1
2026-04-23,419.27642822275624,1
2026-04-24,422.09197998056874,1
2026-04-27,417.5391845704125,1
2026-04-28,399.19818115244374,1
2026-04-29,404.809326171975,1
2026-04-30,416.7703857422875,1
2026-05-01,420.6142883301781,1
2026-05-04,415.84185791025624,0
2026-05-05,426.6846923829125,0
2026-05-06,424.7677307129906,0
2026-05-07,411.9080810547875,0
2026-05-08,429.32052612314686,-1
2026-05-11,427.75299072275624,-1
2026-05-12,418.63742065439686,-1
2026-05-13,416.13140869150624,-1
2026-05-14,439.09506225595936,1
2026-05-15,424.51812744150624,1
2026-05-18,420.0451965333031,1
2026-05-19,410.4204406739281,1
2026-05-20,417.0998840333031,1
2026-05-21,413.9149169922875,1
2026-05-22,413.485595703225,1
2026-05-26,421.3431701661156,1
2026-05-27,421.1933593751,1
2026-05-28,425.9059143067406,1
2026-05-29,446.06402587900624,1
2026-06-01,459.2431640626,1
2026-06-02,480.80905151377186,1
2026-06-03,478.47274780283436,1
2026-06-04,418.2480468751,1
2026-06-05,385.1204833985375,1
2026-06-08,395.9732971192406,0
2026-06-09,391.5403137208031,0
2026-06-10,371.51202392588124,0
2026-06-11,384.9607238770531,1
2026-06-12,381.46627807627186,1
2026-06-15,393.3175048829125,1
2026-06-16,376.11471557627186,1
2026-06-17,392.27914428720936,1
2026-06-18,410.70001220713124,1
2026-06-22,392.1300048829125,1
2026-06-23,380.14999389658436,1
2026-06-24,382.07000732431874,1
2026-06-25,378.91000366220936,1
2026-06-26,365.01998901377186,1
2026-06-29,372.45001220713124,1
2026-06-30,377.7500000001,1
2026-07-01,369.3399963379906,1
2026-07-02,360.45001220713124,1
2026-07-06,373.89999389658436,1
2026-07-07,370.77999877939686,1
2026-07-08,388.69000244150624,0
2026-07-09,401.1099853516625,0
2026-07-10,399.9700012208031,1
2026-07-13,384.04998779306874,1
2026-07-14,389.1099853516625,1
2026-07-15,394.27999877939686,1
2026-07-16,374.45001220713124,1
2026-07-17,370.8299865723656,1
2026-07-20,378.16000366220936,1
2026-07-21,386.5000000001,1
2026-07-22,396.80999755869374,1
2026-07-23,392.4700012208031,1
