window,buy_and_hold_return,strategy_return,alpha,buy_and_hold_prob,strategy_prob,alpha_prob
1,1.0,1.0,1.0,0.0,0.0,0.06955945677376615
2,1.0014760663755848,1.0026339095653827,1.0023112541232686,0.532803180914513,0.2660702451954937,0.26474486414844267
3,1.0026936652425575,1.0051277630006141,1.0042893691637245,0.5359628770301624,0.29134902220749087,0.27742790851839577
4,1.0039422898801569,1.0079825788323493,1.0065894841393865,0.5351458885941645,0.3090185676392573,0.2874668435013263
5,1.0051615147957005,1.0107877296641274,1.0088911037258688,0.5383084577114428,0.32902155887230516,0.29519071310116085
6,1.0064860871287349,1.013625073760289,1.011177597299602,0.5404777704047777,0.347378898473789,0.30623755806237557
7,1.0077746689773404,1.0165078641027674,1.0134514229057894,0.5469631596415533,0.3647527381347494,0.31198141387321604
8,1.0090328980975962,1.0193917040846523,1.0157426105912466,0.5577689243027888,0.3847941567065073,0.3187250996015936
9,1.0103368816414109,1.0222591651223258,1.018103664417372,0.557622052474261,0.39654599800730655,0.3248090335436732
10,1.0116118449266873,1.0250761626641682,1.0203128234985486,0.5617940199335548,0.4116279069767442,0.3318936877076412
11,1.012809772766729,1.0279874187639646,1.022661741131538,0.5530076437354603,0.4260551678298438,0.3482884679295447
12,1.0140151482048336,1.0308603893043795,1.0249718702958965,0.5548537234042553,0.4384973404255319,0.3567154255319149
13,1.0152352173276704,1.0336640085879216,1.027234917340672,0.5583638177585634,0.4546059195211174,0.3631526438310609
14,1.0164190284966061,1.0364689739282897,1.0294806751608556,0.5518962075848304,0.4647371922821025,0.3729208250166334
15,1.0177112254866805,1.0392594140118658,1.0317046815093924,0.5524126455906821,0.47653910149750417,0.3800332778702163
16,1.0189547580880063,1.0419856148730078,1.0338356728693332,0.5569241011984021,0.48535286284953394,0.3828229027962716
17,1.0201848391929191,1.0447473389805624,1.0360479862017165,0.5554445554445554,0.49483849483849485,0.3932733932733933
18,1.0214650594291048,1.047503288533715,1.0382749965720015,0.5552964690206529,0.5076615589606929,0.3977348434377082
19,1.022754816457068,1.0502768294643994,1.0405897107134372,0.5578140619793402,0.5218260579806732,0.4085304898367211
20,1.0240279251794355,1.0528965604896812,1.0426053285187344,0.561,0.533,0.4136666666666667
21,1.0252926542656438,1.0555979417632406,1.0447612705533789,0.5565188396132044,0.5418472824274758,0.42014004668222743
22,1.0265042937305686,1.0581986669367862,1.046672439419115,0.5603735823882589,0.5507004669779854,0.4242828552368246
23,1.027635848372627,1.0607981261395836,1.0486643424457969,0.5555555555555556,0.5618952285618952,0.43410076743410075
24,1.0287658504087038,1.0633017307240986,1.0504926040534561,0.5594125500667557,0.5707610146862483,0.44125500667556744
25,1.0297911801435031,1.0657277842374626,1.0523315383638845,0.5552587646076794,0.5792988313856428,0.44908180300500833
26,1.0308401429279692,1.0681559857860918,1.0541399829657145,0.5511022044088176,0.5808283233132933,0.4552438209752839
27,1.0319598161365788,1.070536983722226,1.0558536115975785,0.5482793184096224,0.5900434346809221,0.46308052121617105
28,1.0330839129231661,1.0730291635716178,1.057639789780584,0.55548128342246,0.5995989304812834,0.46858288770053474
29,1.0341619858814988,1.0753529952086451,1.0592727877653192,0.5603477097960549,0.6058174523570712,0.47308592443998665
30,1.0352594101442474,1.0777516031635275,1.0609669273090598,0.551170568561873,0.6117056856187291,0.4802675585284281
31,1.0363137867214474,1.0801461183120495,1.0627187132721794,0.5536968885915021,0.6189360990297759,0.485446637671462
32,1.0373567990298194,1.082558651297644,1.0645037738263874,0.5465194109772423,0.6214859437751004,0.49096385542168675
33,1.0384033508280792,1.0849985644374556,1.0663544210187648,0.5453632407097422,0.6273853364579846,0.49815868764646803
34,1.0393384175005564,1.0873316086731244,1.0681780053505616,0.5415271265907569,0.6286001339584729,0.5030140656396517
35,1.0403260590764507,1.0896626706216885,1.0700195640680696,0.5370184254606365,0.6298157453936348,0.5095477386934674
36,1.041335494719045,1.0920266534207128,1.0719375373576547,0.5392091152815014,0.6330428954423593,0.5144101876675603
37,1.0424205590353361,1.0944085345527235,1.0738823710669823,0.5407308079114985,0.6382836071069393,0.5216225276567215
38,1.0433705864898548,1.096785134752419,1.0757636531909003,0.5439302481556003,0.6452045606975184,0.5248155600268276
39,1.0443692044214508,1.0991350251982417,1.0776643930345158,0.5451190875545119,0.6487755786648776,0.5290171083529017
40,1.045340156883925,1.1014951237279589,1.0795553180211441,0.5496644295302013,0.6583892617449665,0.5328859060402684
41,1.0462476623721444,1.1038037960643192,1.0814756528954794,0.5501846257133266,0.6633098355152736,0.5401141322591474
42,1.0472258170709288,1.1061670465619518,1.0834096163511575,0.5496977837474816,0.6672263263935527,0.5433176628609805
43,1.048210866971903,1.1085328954608107,1.0853760716076621,0.54954652334565,0.6724890829694323,0.5482028888142425
44,1.0492023533256178,1.110902858833558,1.0873540574526888,0.5497311827956989,0.676747311827957,0.553763440860215
45,1.0501324710173094,1.11325732847289,1.089299281349123,0.5462184873949579,0.6843697478991596,0.5589915966386555
46,1.0510797353246066,1.1155799956360533,1.0912611079661036,0.5437121721587088,0.6893073301950235,0.5632145258910558
47,1.05195369415545,1.1178292765267919,1.09321893257305,0.5418768920282543,0.6929027917928019,0.5657584931046081
48,1.0527668394709047,1.1200225652077596,1.0951719554477144,0.5427321668909825,0.6941453566621804,0.5686406460296097
49,1.053555296647964,1.122207538252828,1.0971623716766747,0.5388757993941434,0.6953887579939414,0.570178391114103
50,1.0543256968385246,1.124382308666435,1.0991052768708856,0.5353535353535354,0.6976430976430976,0.5740740740740741
51,1.055180182116315,1.1266019981088065,1.1010989922328962,0.5365442910070731,0.7019198383294039,0.5776355675311553
52,1.0560821028988145,1.1288165224283602,1.1030803383419843,0.5384097035040432,0.7045148247978437,0.5828840970350404
53,1.0569771395107053,1.1310614109998085,1.1050607457309614,0.540613414223121,0.7067745197168858,0.5857768790023593
54,1.057874940032097,1.1332653334095313,1.1070476913365423,0.5397842211732974,0.7086985839514498,0.5900202292650034
55,1.0587857880038996,1.1354909958122916,1.1089013871976943,0.5436762225969646,0.715345699831366,0.5946037099494098
56,1.0596650022484313,1.1377322859361056,1.110690206867719,0.5398110661268556,0.7165991902834008,0.5988529014844804
57,1.0605623274292812,1.140020106001691,1.1125040825898875,0.5383057711778603,0.7175160310496119,0.6027674654066825
58,1.0614817010681667,1.1423387971964007,1.1142773971112068,0.5401755570560433,0.7197839297771775,0.6056718433490884
59,1.0624392653716501,1.1446614462987086,1.1160674104609303,0.5339412360688957,0.7223910840932117,0.6109422492401215
60,1.0633681883645687,1.1469978146769086,1.1178860907454256,0.5422297297297297,0.7266891891891892,0.6138513513513514
61,1.0643827310919969,1.1493591916891188,1.119703947339271,0.5380196012166273,0.724907063197026,0.6167624197363974
62,1.065431150015503,1.151753344990432,1.1215283651317278,0.5378634212305612,0.7254901960784313,0.6210277214334009
63,1.0663959022671041,1.1541438023142019,1.1234162107952752,0.5404125803178897,0.7297937098410551,0.6219141021305377
64,1.0673741282707285,1.1565716175850702,1.125334271599972,0.5392422192151556,0.7324086603518268,0.625169147496617
65,1.0683230889190576,1.1590335212037768,1.1272848595992027,0.5404399323181049,0.732994923857868,0.6284263959390863
66,1.0692477275845929,1.1614329137804302,1.1292385649212247,0.542654028436019,0.7345971563981043,0.6303317535545023
67,1.070178492461589,1.1638232751539375,1.1311780679514933,0.5441923467660007,0.7362004740941416,0.6329156789705385
68,1.0711396003742126,1.1662424924347532,1.1331080872033077,0.5457317073170732,0.7384823848238482,0.6351626016260162
69,1.0720642786311887,1.1686545120850185,1.1350034347459095,0.5428668248051508,0.740765842087428,0.6347001016604541
70,1.0730969622723434,1.1711491485611505,1.136931946369418,0.5501694915254237,0.7433898305084746,0.6396610169491526
71,1.0740975390176362,1.1736484071766566,1.1388793037420077,0.5547643268904714,0.7433028145133944,0.6415734147168531
72,1.0751070134098695,1.1761580339300233,1.1408432276650564,0.5569877883310719,0.7496607869742198,0.6458616010854816
73,1.076087523306048,1.1786516337479043,1.1427827078715678,0.5575161180861894,0.7509331523583305,0.6470987444859179
74,1.076980893272996,1.1811173071832777,1.1447126035948167,0.5587236931432451,0.751866938221317,0.6496945010183299
75,1.0779032053178432,1.1836020685003021,1.146661361170925,0.5595925297113752,0.7528013582342954,0.6516129032258065
76,1.0787913098873678,1.1860612685618017,1.148572598849667,0.561141304347826,0.7567934782608695,0.6542119565217391
77,1.0797369425057817,1.1886006813627956,1.150534705093139,0.564729867482161,0.7573904179408767,0.6571525654094461
78,1.0806675778172625,1.1911282120176903,1.1525074988399813,0.5601631543167913,0.7576478585995922,0.6614547926580557
79,1.0816221654511626,1.1936901013450791,1.154478876795872,0.5603536212172731,0.75960557633458,0.6640598435906154
80,1.0826071156261328,1.1962663998353231,1.1565136225220594,0.5612244897959183,0.7615646258503401,0.6666666666666666
81,1.0835008457784774,1.1987857866711649,1.1585233734474554,0.5597141884994896,0.7655665192242259,0.6699557672677782
82,1.0843484413915616,1.2012724292441492,1.1605478241080094,0.5592239618788292,0.7671885636487407,0.6705241660993874
83,1.0852519770583429,1.203807017705907,1.1625833799521235,0.5590738849165815,0.7705141300646918,0.672454885938032
84,1.0862197893583458,1.206354131885903,1.1645061175572855,0.5596049046321526,0.7680517711171662,0.6757493188010899
85,1.0871945231130116,1.2089332673941058,1.1664288382660273,0.5577512776831346,0.7741056218057921,0.6790459965928449
86,1.0881840372465519,1.2115276378549338,1.1683199186661077,0.5576005453306067,0.7801635991820041,0.679959100204499
87,1.0892097218670764,1.2141767089517146,1.170192172080432,0.5608591885441527,0.7838390726218889,0.6829185134674395
88,1.0901744997311384,1.2167897871028377,1.1721214556083062,0.5630968622100955,0.7834242837653479,0.684856753069577
89,1.0911685177255346,1.2194149572608697,1.1740439418777762,0.5626066189013988,0.7850562947799385,0.687137495735244
90,1.0921981648571024,1.2220763936849317,1.1759837928027796,0.5638225255972696,0.7863481228668942,0.6877133105802048
91,1.0931363869964053,1.2246476282151484,1.1779414831489756,0.5657220894503243,0.7879822465005121,0.6903379993171731
92,1.094051928778923,1.2272227039396009,1.179932829179288,0.5631830601092896,0.7896174863387978,0.6936475409836066
93,1.0949676634776295,1.2297840280486394,1.1819463285911789,0.5616672360778955,0.7909121967885206,0.6969593440382644
94,1.0959346437390016,1.2323842386348283,1.1840043786342973,0.5645933014354066,0.7911825017088175,0.7002734107997266
95,1.0968476403802236,1.2349570795196123,1.1860631040156286,0.5664957264957265,0.7938461538461539,0.7022222222222222
96,1.0978296886877417,1.23757035564739,1.1880727280808188,0.5622435020519836,0.7954856361149111,0.707250341997264
97,1.0987269674889293,1.240149044548463,1.1900916835466457,0.5651727677044133,0.7978104686965446,0.708176530961341
98,1.0996127349729776,1.242736750526111,1.192112432847629,0.5694729637234771,0.8015058179329226,0.7114989733059548
99,1.1005116827187764,1.2452921056919317,1.1941279032804524,0.5693255734337556,0.8031496062992126,0.7127695994522424
100,1.1013399004755144,1.2477733321380542,1.1962258750913828,0.5712328767123288,0.8041095890410959,0.7160958904109589
101,1.1022108903344816,1.250266154518494,1.1983170245298715,0.5673175745118191,0.8054128126070572,0.7173689619732785
102,1.1030707422034431,1.2527622490391357,1.2003731621601685,0.5692254969156957,0.8084304318026045,0.7200137080191912
103,1.1038852941052015,1.2552345602590496,1.2024019325791842,0.5680493657867672,0.8100788481316421,0.7233459033253342
104,1.1046142266336656,1.2576314018974297,1.2044558927099993,0.5696159122085048,0.8106995884773662,0.72599451303155
105,1.1053622798117075,1.2600295478492414,1.206561641332036,0.5763293310463122,0.811663807890223,0.7272727272727273
106,1.1060802011977817,1.2624281850197665,1.2087123291377089,0.5775566231983528,0.8126286890871655,0.730267673301304
107,1.1068023171322123,1.2648694236595328,1.2108270093196454,0.5763817370408514,0.8146240988671473,0.733264675592173
108,1.107492136839197,1.26727544017262,1.2129154451508257,0.571771978021978,0.8162774725274725,0.7352335164835165
109,1.1083103752644934,1.2696905246091705,1.21491158486222,0.5723119203023016,0.8169014084507042,0.7365166609412573
110,1.1091426381906824,1.2720950163045668,1.2169782302472398,0.5694158075601374,0.8168384879725086,0.7378006872852234
111,1.1099542869305947,1.2745156360870082,1.2191149182315786,0.5678927466483328,0.8188380886902715,0.7411481608800276
112,1.1107869591184636,1.2769487068938374,1.2212321074980381,0.5694635488308115,0.8208390646492435,0.7441540577716643
113,1.111737329956541,1.2794141213278687,1.2233869622013647,0.56656346749226,0.8204334365325078,0.7464740282077743
114,1.112686008367968,1.2818432835945797,1.2255596577128665,0.5681348933241569,0.8258774948382657,0.7487955953200275
115,1.1135921556031618,1.2842510398775708,1.227672903100316,0.5669535283993116,0.8292598967297763,0.751118760757315
116,1.1144721773322053,1.2866504473185336,1.2298613956899414,0.5637052341597796,0.8309228650137741,0.753099173553719
117,1.1154391731165898,1.2890640315845527,1.2320130348091813,0.5614881157423355,0.834653806407165,0.7550809507406132
118,1.116359661458193,1.2914740201066468,1.2341747145653756,0.5616815988973122,0.8345968297725707,0.7560303239145417
119,1.1173024449474447,1.2939011553118949,1.2363331955653154,0.56153050672182,0.8366080661840745,0.7587038952085488
120,1.1184256487130326,1.2964441236945339,1.2384874823807432,0.5617241379310345,0.8393103448275862,0.7596551724137931
121,1.1194979769528943,1.2989319983119718,1.2406045156444157,0.5588133839254915,0.8413245946878234,0.7602621593652984
122,1.1205708268674606,1.3014390838376941,1.2427663864097722,0.5583160800552105,0.8426501035196687,0.7622498274672188
123,1.121743149385333,1.3040118958828768,1.2448954563775032,0.5560925094925785,0.8443217121159821,0.7632033137728684
124,1.1229247212051665,1.306612303978082,1.2470525680662752,0.5600828729281768,0.8470303867403315,0.7658839779005525
125,1.1240516721986162,1.3092384951451588,1.2491651292344406,0.5613126079447323,0.8455958549222798,0.7675302245250432
126,1.1251796678215564,1.3118900051281077,1.2513159397904636,0.5618521078092605,0.848652384243262,0.7688320663441603
127,1.1263764759579098,1.3146968758215805,1.253554301185609,0.5599723470445904,0.8513653646733494,0.7708261320428621
128,1.1275094035132511,1.3174999058939134,1.2557588406293054,0.5643153526970954,0.8523513139695712,0.7731673582295989
129,1.1286097713370338,1.3202778062256262,1.2580615836398008,0.5672777585610516,0.8543756485645105,0.775856105153926
130,1.1297981381412538,1.3230789396016693,1.2603994811946146,0.5716262975778547,0.8567474048442907,0.7778546712802769
131,1.1308601102225646,1.3258774194017204,1.2627395725318094,0.5745932848736587,0.857736240913811,0.7808930425752856
132,1.1318975288356132,1.3286345039313772,1.2650615655631074,0.5772160664819944,0.8594182825484764,0.7825484764542936
133,1.1330475098485528,1.3314414334549214,1.2673375580850648,0.5791479043990302,0.8607551091098026,0.7845514374783512
134,1.1341144697168082,1.3342651676912958,1.2695817542179995,0.5817740817740817,0.8620928620928621,0.7858627858627859
135,1.1351791143457042,1.3370843671939405,1.271835752060308,0.5805892547660312,0.860311958405546,0.7868284228769498
136,1.1362409860679625,1.3399109175789676,1.2740798054298117,0.5870319001386962,0.863384188626907,0.789875173370319
137,1.137312249405841,1.3427902145637725,1.2763345516984697,0.5903572667360388,0.8643773846687478,0.7925771765522026
138,1.1384412737262888,1.345717662649603,1.2785678891383343,0.5950728660652325,0.8650242886884109,0.7949340735600278
139,1.1394758502282818,1.3485733580740165,1.2808518471374093,0.596667823672336,0.8649774383894481,0.7965984033321764
140,1.1405680529237152,1.3515167299536794,1.2831536938869068,0.5972222222222222,0.8663194444444444,0.7996527777777778
141,1.1415885342949617,1.3543759880149935,1.2854574579817402,0.5956929489406044,0.868357068426537,0.8009725599166377
142,1.1425819388256673,1.3572586283151944,1.2877330411058099,0.5948575399583044,0.8690062543432939,0.8029881862404448
143,1.1436124360796676,1.3601635220314505,1.290000107814837,0.5954118873826904,0.8724365658672228,0.8043100451859576
144,1.144578576962179,1.3630605858376041,1.2923080197997583,0.5935326842837274,0.872739916550765,0.8066759388038943
145,1.1455772936474515,1.3659799760553106,1.2946580051249963,0.5972173913043478,0.8744347826086957,0.8076521739130434
146,1.1465553542733895,1.3689360400011323,1.2970902448300965,0.5977731384829506,0.8754349338900487,0.8096729297146834
147,1.1475724265352936,1.3719237628427248,1.2994909593875825,0.5990254089801601,0.8746954403063001,0.8106508875739645
148,1.1486545938679054,1.3749828807052356,1.3018589545272654,0.6030640668523677,0.8770891364902507,0.8123259052924791
149,1.1497714501725584,1.378025135804369,1.304249088938116,0.6011842563566702,0.8773946360153256,0.8133054684778823
150,1.150893685149087,1.3811006538787258,1.3066741418184742,0.5982578397212543,0.8773519163763066,0.8142857142857143
151,1.1520777576381713,1.3841974962545995,1.3091120232377131,0.5981178110840014,0.8800975949808295,0.8135238759149529
152,1.1532531390019862,1.387310997145014,1.3115702711150248,0.5951882845188284,0.8821478382147838,0.8152022315202232
153,1.1544129732707473,1.3904232385034045,1.3140088342385914,0.596093477502616,0.8831531217300314,0.8165329612835717
154,1.1555362605931043,1.3934636506733995,1.3163316420259124,0.5938590369853455,0.8838101884159106,0.816817864619679
155,1.1566039099844017,1.396494085032116,1.3186488910493845,0.5916230366492147,0.8855148342059337,0.8167539267015707
156,1.157665671296647,1.3995461368936581,1.320959036772252,0.589036312849162,0.884427374301676,0.8177374301675978
157,1.1587497712615655,1.4026031899579658,1.323272265465001,0.5857492141110723,0.885434858539993,0.8194201886133426
158,1.159735823282518,1.4055676642250967,1.3255993633633452,0.5911949685534591,0.8864430468204053,0.8214535290006988
159,1.1607855907418365,1.4085434606902663,1.3277817724946828,0.5927997203774904,0.8874519398811604,0.8217406501223349
160,1.1619232481686228,1.4115721963888248,1.3299352282991175,0.5923076923076923,0.887062937062937,0.8227272727272728
161,1.163072953738192,1.4146108212181348,1.3321573564337041,0.5911157747464149,0.8863238894718433,0.8244141308149703
162,1.164254470345184,1.4176917306068393,1.3343327526965025,0.5913226032190343,0.8869839048285514,0.8250524842547236
163,1.165373315320419,1.4207379240518063,1.3365669835681089,0.5904795239761989,0.8872943647182359,0.8270913545677284
164,1.166521653991297,1.423800525197184,1.338647090401512,0.5917366946778712,0.8876050420168067,0.8294817927170869
165,1.167509800854039,1.4267766775813224,1.340729095041577,0.5884413309982487,0.8886164623467601,0.8304728546409808
166,1.1685192537741202,1.4297350099563912,1.3427598968662062,0.5914505956552207,0.8892782060266293,0.8328661527680449
167,1.16947682337108,1.4326658474051595,1.3448511168074742,0.5909568874868559,0.889589905362776,0.8335085874518051
168,1.1705158068939248,1.435671724814258,1.347083729642685,0.5960729312762973,0.8916549789621319,0.8334502103786816
169,1.1714755523395097,1.4386354515277262,1.3492433881179233,0.5966327604349351,0.8923184847421958,0.8337425464749211
170,1.172475075755924,1.4415763969139532,1.3513909188569486,0.5947368421052631,0.891578947368421,0.836140350877193
171,1.173516383969078,1.4445037623179389,1.3535533488752134,0.5952965952965953,0.8897858897858898,0.8385398385398385
172,1.1745103701362147,1.4474246769697328,1.3556965214976273,0.5972612359550562,0.8911516853932584,0.8398876404494382
173,1.1756615314803345,1.4504099495868685,1.3578341772502718,0.598876009834914,0.8911134527572884,0.8408851422550052
174,1.1767603507741662,1.4534140086951035,1.3599497820393653,0.5955727336612789,0.8907238229093465,0.842586085734364
175,1.1779133253530132,1.456480384715662,1.3620893190450096,0.5982425307557118,0.8903339191564148,0.842530755711775
176,1.1791334408895104,1.4596665134433005,1.3642360792006458,0.5988045007032349,0.8881856540084389,0.8431786216596343
177,1.1804259347362736,1.4629122174642364,1.3663990215260577,0.5951459725641928,0.889905029897995,0.8441786844882166
178,1.1816145675882523,1.4661725998769737,1.3685648091787412,0.5978184377199156,0.8912737508796622,0.8451794510907812
179,1.1828322226513408,1.4694119453763281,1.3707602398011092,0.5973248856036607,0.8926434354100669,0.847588877155931
180,1.1840488248781533,1.4726669597157054,1.372919570745514,0.6014084507042253,0.8947183098591549,0.8503521126760564
181,1.1852041627173049,1.4758618221579634,1.3750985814304393,0.6023247622402255,0.8974991194082423,0.8502994011976048
182,1.1863996969849249,1.4790695319453302,1.3772027986991566,0.6032417195207893,0.8971106412966878,0.8516560958421423
183,1.187690775119115,1.4823280161110814,1.379292548492065,0.598519562918576,0.9005992245329574,0.8516038068382094
184,1.188952179712765,1.4856268884627435,1.3814476798208035,0.5980253878702397,0.9005641748942173,0.8519040902679831
185,1.190241722599597,1.488912852088376,1.3836577647508121,0.5971781305114638,0.9033509700176366,0.8518518518518519
186,1.1915659207400136,1.4922799538968974,1.3858878812670328,0.600211714890614,0.9040225829216655,0.8517995765702188
187,1.1929291876996269,1.4956119398522474,1.388124347396941,0.601835510060007,0.9050476526650194,0.8521002470878927
188,1.1943189421438474,1.498937192860908,1.3902970649008768,0.5971045197740112,0.9060734463276836,0.85204802259887
189,1.1957686110622812,1.5023156774840538,1.3925009158532884,0.6001412928293889,0.9074531967502649,0.8527022253620629
190,1.1971810328720587,1.5056687261446156,1.3947192498549459,0.5996466431095406,0.9088339222614841,0.8533568904593639
191,1.1985561277151664,1.5090204701091325,1.396973377524907,0.5963237893248498,0.9091551785083068,0.8536585365853658
192,1.199907257491506,1.5123802649693174,1.3992019344414282,0.5933521923620934,0.9098302687411598,0.8539603960396039
193,1.2012895634629053,1.5157933901165153,1.4014737617107966,0.5967456667845773,0.9101521047046339,0.8542624690484613
194,1.2025896414963408,1.519095051550305,1.403753638072557,0.5962491153573957,0.9115357395612173,0.8552724699221514
195,1.2039873180867142,1.5225426012858623,1.4060006198475787,0.5943362831858408,0.911858407079646,0.8548672566371681
196,1.2053636080793069,1.5259905566223526,1.408301501027607,0.5920679886685553,0.9139518413597734,0.8544617563739377
197,1.2067582046287928,1.5295053034767272,1.4105385378290747,0.5958200495926319,0.9149840595111584,0.8554729011689692
198,1.208221285438194,1.5330017149039545,1.4128467846954815,0.5963855421686747,0.9153082919914954,0.8557760453579022
199,1.2097025495131513,1.536461761041751,1.4150959054669447,0.597660404112017,0.9166962070187876,0.8567883729174052
200,1.2112553644960027,1.5399986796457252,1.4174240509889426,0.5921985815602837,0.9195035460992907,0.8578014184397164
201,1.2128744083136322,1.5435721616707812,1.419718159212626,0.5987938985455835,0.9194749911316069,0.8581057112451224
202,1.2144658875743317,1.5471312047606962,1.4221145947485718,0.6000709723207949,0.9205110007097232,0.8594748048261178
203,1.2161616437963723,1.5507631100431116,1.424527206526296,0.6009939652112176,0.921547745828896,0.8594249201277955
204,1.217772158266894,1.5544496322982824,1.4268832194730343,0.6015625,0.9225852272727273,0.8615056818181818
205,1.2193865069529686,1.5581859769851487,1.429219293589893,0.602841918294849,0.9236234458259325,0.8628774422735347
206,1.2210017949059717,1.5618943688093678,1.4315783672072562,0.5998578535891969,0.9246624022743426,0.8653162757640369
207,1.2225250794326177,1.5655853395569361,1.4340430503913337,0.6004265908282972,0.9253466050479915,0.865979381443299
208,1.2241046243726874,1.569344342741359,1.4364913744013519,0.5970839260312945,0.9260312944523471,0.8669985775248933
209,1.2255592993263422,1.5730246560344,1.4389453564199257,0.6026325151191747,0.9270722162931341,0.8680184987548915
210,1.2270907526730346,1.5767765629493906,1.4414359096878406,0.598932384341637,0.9274021352313168,0.8686832740213523
211,1.228624632884637,1.5805179913431262,1.4437473462776789,0.5938056247775009,0.9277322890708437,0.8707725169099324
212,1.2301021970410844,1.584276336646078,1.4460490606675471,0.5933048433048433,0.9287749287749287,0.8707264957264957
213,1.2315462853166694,1.5880169249820106,1.4482920711088547,0.5981474884218027,0.9287495546847168,0.8717491984324902
214,1.2330400230496554,1.5918000214141306,1.45050305887643,0.5980042765502495,0.9297933000712758,0.8717034925160371
215,1.2344638574505111,1.595543971968093,1.452808805107451,0.5967914438502674,0.9315508021390374,0.8723707664884135
216,1.2359167150357957,1.5993015554061734,1.455112642680902,0.5987874465049928,0.9329529243937232,0.8719686162624821
217,1.237420178768836,1.6031145962903357,1.4574545596596675,0.6014983945772386,0.9350695683196575,0.872993221548341
218,1.2388838581467267,1.6069079269619062,1.459759021599358,0.5981441827266238,0.9361170592433976,0.8736616702355461
219,1.2403391709094542,1.6107720763862379,1.4620667630977455,0.5983577293823634,0.9371652981078187,0.8732595501606569
220,1.2418167585200566,1.6146450467155968,1.46439910833808,0.6,0.9389285714285714,0.8739285714285714
221,1.243237737133912,1.6184613246044965,1.4666169631428574,0.6020007145409074,0.9403358342265095,0.8753126116470168
222,1.2445547176637335,1.622199715207399,1.4688249511075637,0.6022158684774839,0.9406719085060757,0.875625446747677
223,1.2459104545594504,1.6259981701299646,1.471099820178853,0.6063639613872006,0.9410082230961745,0.876296031462281
224,1.247194497358218,1.6297576071528155,1.4733298109431843,0.6047925608011445,0.9431330472103004,0.8758941344778255
225,1.24851367338825,1.6335797592453618,1.4756066482002752,0.6050089445438283,0.9445438282647585,0.8772808586762075
226,1.2497166206968398,1.6373446024963372,1.4778983332452005,0.6030780243378668,0.9448818897637795,0.8772369362920543
227,1.250960418538232,1.6411501553777457,1.4801813391189305,0.6032939491586108,0.9452201933404941,0.8779090583601862
228,1.2521571757774965,1.644897303673785,1.4825454598001349,0.6002865329512894,0.9466332378223495,0.8775071633237822
229,1.2534587391902072,1.648656741419501,1.4848073656152203,0.5954854890720171,0.9473307058402006,0.8771049802938015
230,1.2547705191177145,1.652457883021421,1.4871105620117415,0.5942652329749104,0.9469534050179211,0.8781362007168458
231,1.256003444651192,1.6561972869145132,1.4894459747709519,0.5959125134456794,0.95016134815346,0.877733954822517
232,1.2572577818381934,1.6599044431893242,1.4917704521044841,0.5961262553802008,0.9505021520803444,0.8784074605451937
233,1.2586262708619032,1.6636403488926144,1.494121794980016,0.5974165769644779,0.950843200574094,0.8776462145676355
234,1.2600871910891212,1.6674580228780265,1.496490354729063,0.5936826992103375,0.9540559942569993,0.8776022972002872
235,1.2614808832739162,1.671288155574332,1.4988769608551367,0.5960502692998204,0.9551166965888689,0.8782764811490126
236,1.262976968671069,1.6751220284487398,1.5012812574407262,0.5912356321839081,0.9561781609195402,0.8782327586206896
237,1.2644364695400785,1.6789678025111212,1.5036988537512264,0.5918074020840819,0.9572403880704276,0.8774703557312253
238,1.2659911151436063,1.6829135059975315,1.506137337502026,0.5905823148813804,0.9611790079079798,0.878864126527678
239,1.267431251316232,1.6868355909120363,1.5085844477172887,0.5915138439410285,0.9608054656598346,0.8781014023732471
240,1.2689613196767935,1.690683292810076,1.5109881488575692,0.589568345323741,0.9640287769784173,0.8784172661870504
241,1.2704828836641153,1.6944979338820034,1.5134412994039126,0.5905001799208348,0.9650953580424613,0.878733357322778
242,1.272045475781832,1.6983905247186735,1.5158777503813032,0.5867530597552196,0.9661627069834413,0.8797696184305256
243,1.2736523385067433,1.7022955562297808,1.5182900590761894,0.5880446525027008,0.9675909254591285,0.8804465250270076
244,1.2752556802791648,1.7061906118863006,1.5207059779697725,0.5878962536023055,0.968299711815562,0.8807636887608069
245,1.2770456114167639,1.7102177618948997,1.5229900062380834,0.5942342342342343,0.9700900900900901,0.88
246,1.278727977600146,1.714163857363595,1.5253737648357346,0.5969718817591925,0.9711607786589762,0.8803172314347513
247,1.2804500804620669,1.7181360047496468,1.5277480829784673,0.6007933645870898,0.9722322394518572,0.8809953119365308
248,1.2822234118900304,1.722052195160095,1.5301302757555488,0.604978354978355,0.9736652236652237,0.8805916305916306
249,1.2838837431810561,1.725890973653547,1.5324188313870786,0.6015878744135691,0.9743774810537712,0.8816311800793937
250,1.2855874252984647,1.7297696699047438,1.5346530344765121,0.6007220216606498,0.9754512635379061,0.8823104693140794
251,1.2873992593584387,1.7337571443140856,1.5369037496146958,0.6045503791982665,0.9758035391838209,0.8822679667750091
252,1.2891192060453334,1.7376808699510102,1.539113736461383,0.601878612716763,0.9772398843930635,0.881864161849711
253,1.2908790137811315,1.7417263927049884,1.5413183320057826,0.600650524033249,0.9783158655583665,0.8821828695337911
254,1.2926343414928654,1.74577220268832,1.5436037233899298,0.5994215473608099,0.9793926247288504,0.8832248734634852
255,1.2942656415442086,1.7497445285804225,1.5459053397245213,0.5960216998191682,0.9804701627486437,0.8835443037974684
256,1.2959417568040756,1.753795504032956,1.5482171033917058,0.5980463096960926,0.9801013024602026,0.8845875542691751
257,1.2975616729478012,1.7578238831982496,1.5505080965320994,0.5964531306550851,0.9800941006152732,0.8849077090119435
258,1.2992859624700683,1.7619626578335779,1.5527809799079102,0.5955829109341058,0.9815351194786387,0.8841419261404779
259,1.3009764050668957,1.7660385958183857,1.5550869653975161,0.5925389351684173,0.9818906193408186,0.8844621513944223
260,1.3028344813193873,1.7702693654631299,1.5574241202998211,0.5927536231884057,0.9826086956521739,0.8855072463768116
261,1.3047308579646453,1.774555903478778,1.5597559303722395,0.5944182674882204,0.9833272924972816,0.8851032982964843
262,1.3065682066871929,1.7788062325192453,1.5621009736305813,0.5957215373459028,0.9833212472806382,0.8872371283538796
263,1.3084905566798906,1.7831741979050575,1.5644389339163107,0.5963003264417845,0.9844033369604642,0.8868335146898803
264,1.310403906627941,1.7875352849200905,1.5667504084548949,0.5994194484760522,0.9847605224963716,0.8867924528301887
265,1.3123769272096684,1.7919712482905152,1.5690854569310335,0.6003629764065336,0.9851179673321234,0.8867513611615245
266,1.3143524573109364,1.7964109333090132,1.5714507758802314,0.6002178649237473,0.9851125635439361,0.8867102396514162
267,1.3163482404648081,1.800904094782795,1.5737951751468942,0.6051580094442427,0.9851071558300036,0.8877588085724664
268,1.3183475417298842,1.8054989731737527,1.576121354790786,0.6046511627906976,0.985828488372093,0.8880813953488372
269,1.3203767009100587,1.8101978459915313,1.578476660901695,0.6037804434751,0.985096328607779,0.8876772082878953
270,1.3224263913221617,1.8149938018744016,1.5808339488464505,0.604,0.9854545454545455,0.8872727272727273
271,1.3244997814622446,1.819742970259362,1.5832059910372172,0.6024008730447435,0.9854492542742815,0.887595489268825
272,1.3264189279684526,1.8243811743777203,1.5855453506292063,0.5993449781659389,0.9854439592430859,0.8868267831149927
273,1.328465784334863,1.8291134170593741,1.5878963394995438,0.6050236621769203,0.9850746268656716,0.8867855842737532
274,1.3303843861783984,1.833858387297459,1.590237165937811,0.6077931536780772,0.984340859431901,0.8871085214857976
275,1.3323653007460912,1.8386493095417646,1.592602969556563,0.6112932604735883,0.9843351548269581,0.8863387978142077
276,1.3343000148037747,1.8433590150401917,1.5949711684721455,0.6104227405247813,0.9846938775510204,0.885932944606414
277,1.336237455733208,1.8480737986553932,1.5973553870874937,0.6142909223477944,0.984688297484506,0.8866204885162231
278,1.3381677925490376,1.8528293228964208,1.5997639207794692,0.6177972283005105,0.9850474106491612,0.886579139314369
279,1.340156411614479,1.8576100521904477,1.6021620449917213,0.6136446552353155,0.9850419554906968,0.8876322510032835
280,1.342032441226403,1.8623219631654957,1.604574898472185,0.6145985401459854,0.983941605839416,0.8875912408759125
281,1.3439068372015313,1.8670657031619513,1.606972021645561,0.6097115735669952,0.9843008397225265,0.8879152975538518
282,1.3457293424320227,1.8718080483482307,1.6093824350346162,0.6106647187728269,0.9850255661066472,0.8886048210372535
283,1.347555695307645,1.8765256103824746,1.6117894991783668,0.6094263792473511,0.9857508220679576,0.8885641213006942
284,1.3493802143376254,1.8813087365492953,1.6141918939330626,0.610014619883041,0.9861111111111112,0.8885233918128655
285,1.3511673835960978,1.8860878801610115,1.6166149061334973,0.6109689213893967,0.9872029250457038,0.8888482632541134
286,1.3528940144880257,1.890773444254501,1.6190555274752327,0.6115581565471836,0.9875640087783467,0.8891733723482077
287,1.3545428567677185,1.8954425722946073,1.6215109057687052,0.6139773143066227,0.9879253567508233,0.889132821075741
288,1.3562494337810798,1.900143443107864,1.6239963649776412,0.6178623718887262,0.9882869692532943,0.887628111273792
289,1.3578741397016385,1.9047816145704808,1.6264496298270306,0.613328451116807,0.9886488465763457,0.888685463200293
290,1.3595147043640936,1.909471785936332,1.62895347160126,0.6157509157509158,0.989010989010989,0.8875457875457875
291,1.3610978762562511,1.9140075574776667,1.631450093101727,0.6112128984976182,0.9893733968486625,0.8864052766581165
292,1.3627156105976017,1.9186495912467252,1.633930691436205,0.6114369501466276,0.9893695014662757,0.8878299120234604
293,1.3642205979295152,1.9230945649766567,1.6364145307319502,0.6116611661166117,0.9893656032269894,0.8885221855518886
294,1.3658643151184438,1.9276695852334402,1.638888079850437,0.6151870873074101,0.9893617021276596,0.8888481291269259
295,1.3674976147920528,1.9322385805666378,1.6413422349215299,0.6124770642201834,0.9893577981651376,0.8891743119266055
296,1.3690750028565466,1.936751394785626,1.6438313153022088,0.6082966226138032,0.9897209985315712,0.8902349486049926
297,1.3707624238977063,1.9413413398922357,1.6463340229592285,0.6096217407271391,0.9897172236503856,0.8901946382666177
298,1.3724399732315045,1.9459277249508244,1.6488413297557472,0.6102130786186627,0.9900808229243203,0.8912564290962528
299,1.3740174753493075,1.9505081941906794,1.651309858559684,0.6141124586549063,0.9900771775082691,0.8897464167585446
300,1.375634043303983,1.9551784687165215,1.6538029112146513,0.611764705882353,0.9900735294117647,0.8915441176470589
301,1.3772719016596102,1.959864278629985,1.6563302223997955,0.6116219198234645,0.9897020963589555,0.8918720117690327
302,1.378884796807883,1.9645188845834642,1.6588319229885748,0.6122148638704931,0.9896983075791023,0.891832229580574
303,1.3804530949197358,1.96925398560868,1.6613679936076895,0.6117040853882959,0.9896945160103054,0.8914243651085756
304,1.3819700455776387,1.9739924137754017,1.6639413650098662,0.6104565537555229,0.9904270986745214,0.8921207658321061
305,1.3834589741352126,1.978655276102066,1.6665275937356852,0.611049723756906,0.9911602209944751,0.8920810313075507
306,1.384755553415674,1.9830554224908314,1.6690910762976832,0.6109064112011791,0.9915254237288136,0.8927781871775976
307,1.3863357209828333,1.9876241899735994,1.6716676272039777,0.6144489495023959,0.9918908956874309,0.8923700700331736
308,1.3878116413134363,1.9921307012200942,1.6742566754740766,0.6128318584070797,0.9918879056047197,0.8919616519174042
309,1.3893012385386572,1.9965688765738685,1.6768612731213093,0.6160088528218369,0.9922537808926596,0.8930284028033936
310,1.390738105215244,2.0009717001231153,1.679481692201044,0.6143911439114391,0.9922509225092251,0.8915129151291513
311,1.392248606850981,2.0055172643712247,1.6821687156056018,0.6146179401993356,0.9933554817275747,0.8892580287929125
312,1.3936841755232634,2.009996747821393,1.6848449233048879,0.6148449039881831,0.9940915805022157,0.8892171344165436
313,1.3951702129415549,2.0145433077166714,1.6875502034728866,0.6128555596601404,0.9940893978574067,0.8899150350942002
314,1.3965800918545805,2.0190581428698255,1.6902843368733225,0.6123429416112343,0.9940872135994088,0.8898743532889875
315,1.3980145653684253,2.023557444234516,1.6930086009552245,0.6136783733826248,0.9948243992606285,0.8902033271719039
316,1.3995885403495256,2.0281217905317983,1.695753541501493,0.6124260355029586,0.9955621301775148,0.8890532544378699
317,1.4011491002990037,2.0328078623443044,1.6985822727867406,0.6130225675175731,0.9959304476507584,0.8886422493525712
318,1.4028191084657888,2.037651406921381,1.7014153041616704,0.6147298297557365,0.9966691339748335,0.8882309400444115
319,1.4045030471613895,2.0424816819518585,1.7041804279217572,0.6101443909663088,0.9966679007774898,0.8893002591632728
320,1.4062578625586424,2.0474251688725214,1.7070530364565777,0.6140740740740741,0.997037037037037,0.8892592592592593
321,1.4080545624532097,2.05240123483773,1.7099203991588898,0.6161541311596888,0.9981474620229714,0.8895887365690996
322,1.4099048434518,2.0574645505744473,1.7127740455985876,0.6148999258710156,0.9988880652335063,0.8891771682727947
323,1.4117319730750166,2.062521847979078,1.7156134228591973,0.6140155728587319,0.9992584352984798,0.8880237300704487
324,1.413585173985475,2.0675851169862534,1.7185264257416866,0.6090504451038575,0.9996290801186943,0.8879821958456974
325,1.4153994311275773,2.0726247814156116,1.7215045193065728,0.6100185528756957,0.9996289424860854,0.8883116883116883
326,1.4171892806785402,2.0776285268100882,1.7244358954761096,0.6083890126206385,0.9996288047512992,0.8882702301410542
327,1.4189588702286435,2.082516316288496,1.7273007151501691,0.6101002599331601,1.0,0.8886000742666171
328,1.4207570037669228,2.0874832745538208,1.7301442162869487,0.6080980683506686,1.0,0.888187221396731
329,1.4226149109606503,2.0923636963143752,1.732999762167496,0.610182088442958,1.0,0.887402452619844
330,1.4243794781342942,2.097246400450603,1.7358223220367466,0.6055762081784387,1.0,0.8869888475836432
331,1.4262342491606275,2.102149566156224,1.7386484893927796,0.6039419858683526,1.0,0.8865749349200446
332,1.4280182257547624,2.1069722293577633,1.7414816937492916,0.6045386904761905,1.0,0.8861607142857143
333,1.429898444872871,2.1120334736498774,1.7442760903906482,0.6043915147004094,1.0,0.8857461853368068
334,1.4318245453335037,2.1170760919691327,1.7471381487007118,0.6001489203276247,1.0,0.885331347728965
335,1.4337599856629286,2.1221080732838944,1.7500056724930826,0.6029795158286778,1.0,0.8849162011173184
336,1.4355186553169048,2.1270007203730867,1.7527934369910658,0.6043219076005961,1.0,0.8845007451564829
337,1.437347297304687,2.132104642755792,1.7556283274365727,0.6041744316064107,1.0,0.8840849795005591
338,1.439147858929304,2.137154293693309,1.7584506644214934,0.6051454138702461,1.0,0.884041759880686
339,1.4409426913639685,2.1422351953295466,1.761246528954284,0.6046251398731817,1.0,0.8839985080193957
340,1.4423800515923038,2.1469182622038487,1.7641237368535956,0.6048507462686568,1.0,0.8843283582089553
341,1.4440170752848456,2.15174820840733,1.7670099544295081,0.6058230683090705,1.0,0.8842851810377006
342,1.4455386083511699,2.1564458987953543,1.76992012558877,0.6045556385362211,1.0,0.8842419716206124
343,1.44706203250956,2.1612722535960174,1.7727597356111415,0.6059021292491595,1.0,0.884198729921554
344,1.4483939740841802,2.165809013953021,1.7756759034944312,0.6061285500747384,1.0,0.8834080717488789
345,1.4497408748994118,2.1704032889654306,1.7786089609373978,0.6056074766355141,1.0,0.8829906542056075
346,1.4509864747044783,2.174889695686456,1.7815168095757261,0.6047120418848168,1.0,0.8821989528795812
347,1.4523973105559336,2.1792986542117805,1.7844002083730788,0.6064347175458287,1.0,0.8821548821548821
348,1.453835253347391,2.1837794833953503,1.7873540859856298,0.6092814371257484,1.0,0.8821107784431138
349,1.455341762374497,2.188315559934548,1.7903009998849546,0.6076375889180082,1.0,0.8824410333208537
350,1.4569068873474844,2.192938073564826,1.7933461261001444,0.6082397003745318,1.0,0.8816479400749063
351,1.4585326999682002,2.1976782895910922,1.7964136837669475,0.6103409516672911,1.0,0.8816035968527538
352,1.4602040115626669,2.2024656870260286,1.799456989165152,0.6056971514242878,1.0,0.881559220389805
353,1.461846334763428,2.2071897371362574,1.8025365560442141,0.6025496812898388,1.0,0.8818897637795275
354,1.4634296131543796,2.2118994796574234,1.8055696421622094,0.5975243810952738,1.0,0.8818454613653414
355,1.4650120589258229,2.216681181117165,1.8087720758611565,0.597748592870544,1.0,0.8825515947467167
356,1.4665396907609198,2.221447088729917,1.81186183421669,0.5938438438438438,1.0,0.8825075075075075
357,1.4681023162417464,2.22619134318051,1.8151751905371776,0.5903116785580172,1.0,0.8832144198272625
358,1.4696570245940064,2.230933522858603,1.8185006808022537,0.5924117205108941,1.0,0.8831705484598047
359,1.4712026754235326,2.2356627781057608,1.8219307789990986,0.587748966553927,1.0,0.8842540398346487
360,1.472849982559362,2.2405931339746608,1.8253084528623895,0.5868421052631579,1.0,0.8845864661654136
361,1.4744994457574263,2.2456886643461083,1.8286240672872087,0.5881910492666416,1.0,0.8837908988341482
362,1.4761912976765672,2.2508002124665536,1.8319502927691318,0.5850263355906696,1.0,0.8837471783295711
363,1.4777931019235129,2.2558858516814295,1.8352273237154009,0.5826119683853971,1.0,0.8837034249153181
364,1.4794829315473248,2.2609055945109344,1.8384961611462534,0.5835843373493976,1.0,0.8840361445783133
365,1.4812428911280247,2.266021683804854,1.841843500373792,0.5871939736346516,1.0,0.8839924670433145
366,1.4829885293475071,2.2711299535603224,1.845249300852667,0.5866616428033158,1.0,0.8839487565938207
367,1.4846130320047641,2.276181867113454,1.848625750896501,0.5898982284206559,1.0,0.8827742178665662
368,1.486145773659335,2.281162467387906,1.8519398400888378,0.5874811463046757,1.0,0.8823529411764706
369,1.487780260854159,2.2862307488322644,1.8552414700458988,0.5888344021124104,1.0,0.8823085628064882
370,1.4894044169588627,2.291351116905083,1.858502183492321,0.5913207547169811,1.0,0.8818867924528302
371,1.491097849295474,2.296498239581468,1.8617750724896032,0.5919214798036995,1.0,0.8818422046055115
372,1.492756554537204,2.301595155808899,1.865179014224305,0.5929003021148036,1.0,0.8814199395770392
373,1.4944244226961447,2.3067364902832774,1.868573352059446,0.5923687193048734,1.0,0.881752927842841
374,1.496149138271454,2.311862744236868,1.8720214415691383,0.592214663643235,1.0,0.881708238851096
375,1.4979175147467578,2.3169195782409893,1.8753745653583573,0.5916824196597353,1.0,0.8809073724007561
376,1.4997843586276292,2.322089426859495,1.8787648130666237,0.5926626323751891,1.0,0.8804841149773072
377,1.501589812053618,2.327280356430048,1.8819688518409003,0.5936435868331441,1.0,0.8800605372682557
378,1.503441868027572,2.3326114692593585,1.885152617101964,0.5957607872823618,1.0,0.8811506434519304
379,1.5053077178127006,2.3381514962497496,1.8883423026224837,0.5982582355168496,1.0,0.8807269973494888
380,1.5071911113231953,2.3437253956337503,1.891485370131836,0.6003787878787878,1.0,0.8803030303030303
381,1.5090613300723772,2.349187063184551,1.8947159566441143,0.5987116331943918,1.0,0.8794998105342933
382,1.511006665902181,2.354797021613513,1.897958924687626,0.5993176648976497,1.0,0.879833206974981
383,1.5129352553212845,2.3603782411309986,1.901225659154938,0.6010618126659082,1.0,0.8801668562760713
384,1.5149476275033715,2.3661532805917376,1.9045003260683626,0.6062215477996965,1.0,0.8805007587253414
385,1.5168866893438326,2.371889316495304,1.9077772886909143,0.6106261859582542,1.0,0.8804554079696395
386,1.5188490663569363,2.3777187532591766,1.9110623515855931,0.6082004555808656,1.0,0.880030372057707
387,1.5207179351799593,2.383390806661314,1.9143425403003822,0.610330421572351,1.0,0.8799848082035701
388,1.5226477728898389,2.389095212149346,1.9176287514184924,0.6109422492401215,1.0,0.8791793313069909
389,1.5245225293188611,2.3946215777446693,1.9210121786629537,0.6142151273280122,1.0,0.879513492968453
390,1.5264024169362218,2.4002359463321126,1.9243590484637731,0.6125475285171103,1.0,0.8787072243346008
391,1.52824689403475,2.4058758978161,1.9277212580947143,0.6165842525675161,1.0,0.8786610878661087
392,1.5300008224551453,2.411524652202631,1.9311140947587353,0.6191019786910198,1.0,0.8793759512937596
393,1.531691592135954,2.4170833450900764,1.9345402312479845,0.6216216216216216,1.0,0.8793300342596118
394,1.533529926284771,2.4227053210303686,1.9380309483685672,0.623000761614623,1.0,0.8789032749428789
395,1.535377693969462,2.4284730541776764,1.9414772869321109,0.6228571428571429,1.0,0.8792380952380953
396,1.537150468770007,2.434300595453387,1.9449676584692162,0.6242378048780488,1.0,0.8788109756097561
397,1.5386448438991303,2.439753563990177,1.9484723411246623,0.6267632481890965,1.0,0.8787647731605033
398,1.5403409782416138,2.445491084873971,1.9520248939522606,0.627765064836003,1.0,0.8790999237223494
399,1.5422211879034273,2.4512467254296055,1.9556188655765294,0.6291491797024037,1.0,0.8786722624952308
400,1.5439423458714312,2.4568160918502424,1.9592390482205362,0.6290076335877862,1.0,0.8790076335877862
401,1.5455189090734116,2.4622864025231403,1.9628499254865825,0.6265750286368843,1.0,0.8789614356624665
402,1.547030780012807,2.467729544831394,1.96650432179933,0.6275783040488923,1.0,0.8792971734148205
403,1.5485038298611236,2.473186234316828,1.9700798342043175,0.6312571646923959,1.0,0.8792510508215514
404,1.5502433131115705,2.478852141419221,1.9736796824778933,0.6299694189602446,1.0,0.8792048929663608
405,1.5519155503061342,2.4845787867984654,1.977282258414974,0.6298279158699809,1.0,0.8795411089866156
406,1.5534358187221653,2.490108540724719,1.980828060757893,0.630451415455241,1.0,0.8794950267788829
407,1.5549716080275775,2.4956940836098123,1.9843769201311607,0.6356678147722924,1.0,0.8798316111748947
408,1.5565661733797997,2.501340459385655,1.9879170281664946,0.6347626339969372,1.0,0.8801684532924962
409,1.5583490587210747,2.507195770586141,1.991436055427525,0.6373037150517044,1.0,0.8808885484488702
410,1.559865543715359,2.512865826448003,1.994955217471337,0.6379310344827587,1.0,0.8812260536398467
411,1.5616472520098383,2.5189755203050317,1.9984332737891732,0.6408585665005749,1.0,0.8815638175546187
412,1.5632361947071591,2.524974567212978,2.0019503375361736,0.6457055214723927,1.0,0.8815184049079755
413,1.5647352529375185,2.530796397002887,2.005453102270284,0.648638281549674,1.0,0.8818565400843882
414,1.5662301722989236,2.536613499825038,2.009018204829776,0.6477359938603223,1.0,0.8818112049117421
415,1.5676001505584314,2.5423085605749827,2.012632832528156,0.6464491362763916,1.0,0.8821497120921306
416,1.5689187739239994,2.547950293689301,2.0162386261205913,0.6490015360983102,1.0,0.8821044546850998
417,1.5699324931981395,2.5532939797749292,2.0198347454320182,0.6457933154053016,0.9996158278908951,0.8832116788321168
418,1.571123020233206,2.558882025297845,2.0234527929250827,0.6464258262874711,1.0,0.8831667947732513
419,1.5721977724898242,2.5642810855942435,2.027052358542347,0.6509034986543637,1.0,0.8835063437139562
420,1.5733232588876223,2.5699131976836194,2.030735107902215,0.6565384615384615,1.0,0.8834615384615384
421,1.5741864112851736,2.575337157377469,2.0343767170420928,0.6537129665255867,1.0,0.883801462100808
422,1.5750943314075503,2.5807428957592955,2.0380224328247833,0.6539645881447267,1.0,0.8845265588914549
423,1.5757429136709518,2.5859070839235403,2.041669351395168,0.6530612244897959,1.0,0.8848671544089334
424,1.576253354479105,2.5909720812984074,2.0453207098501527,0.6552388289676425,1.0,0.884437596302003
425,1.5768134509401228,2.5960457861104054,2.048985324468794,0.6539499036608863,1.0,0.8840077071290944
426,1.5773555633616947,2.601184692885403,2.0525829881576643,0.6526599845797996,1.0,0.8843484965304549
427,1.577602384131007,2.606162569688673,2.0561607261886605,0.6540686463555727,1.0,0.8850752024681836
428,1.5779480228075136,2.611237526543085,2.0598081041219185,0.6535493827160493,1.0,0.8854166666666666
429,1.578572731717396,2.616502581345635,2.0634221671951893,0.6549594751061366,1.0,0.8838286375916634
430,1.5789292983847558,2.6214863344386403,2.0670103907285178,0.6528957528957529,1.0,0.8826254826254826
431,1.579626242510201,2.626905444032559,2.070697950607357,0.6512166859791425,1.0,0.8829663962920047
432,1.5800013818533636,2.6320022755921664,2.0744096525455986,0.6510819165378671,1.0,0.883307573415765
433,1.5807813513964655,2.6375039077469604,2.0780307933278257,0.6501739466563587,1.0,0.8828759180517974
434,1.5813734039131633,2.642815631471831,2.081638944405796,0.654292343387471,1.0,0.8836040216550657
435,1.5828634048961119,2.648943715502055,2.085254056522874,0.6553191489361702,1.0,0.8835589941972921
436,1.583952655443328,2.6547232219496824,2.0888120610005925,0.656733746130031,1.0,0.8827399380804953
437,1.5852038412112421,2.6607238390434853,2.0923206912518357,0.6531165311653117,1.0,0.8826945412311266
438,1.586433937099101,2.666825695960267,2.0958393922296077,0.6580170410534469,1.0,0.8826491092176607
439,1.5880007886548302,2.6732508160455426,2.0993366905306354,0.6578845408756296,1.0,0.8818287485470748
440,1.5892792486831413,2.679448448247204,2.1028219070622414,0.6612403100775194,1.0,0.8829457364341086
441,1.5907095196432046,2.6858490278455167,2.106250492340923,0.6607212097712292,1.0,0.8840635905389685
442,1.5921681069768951,2.692173208386184,2.10962018336049,0.6640806826997673,1.0,0.8844065166795966
443,1.5937698443821138,2.6985884840248278,2.112983461195142,0.6639503298409003,1.0,0.8839736127279783
444,1.595259412010336,2.7049592111132026,2.1163519764906713,0.6661490683229814,1.0,0.8827639751552795
445,1.5967371608757455,2.7114618699066275,2.1196965430594137,0.665631067961165,1.0,0.8827184466019418
446,1.5981404140804256,2.7178402724537776,2.1230218397874374,0.6658896658896659,1.0,0.883061383061383
447,1.5993488256369837,2.724012612837341,2.1263317073234718,0.6638165565487757,1.0,0.883793237465993
448,1.6007456315044284,2.730296380740458,2.129631440405662,0.6629082426127527,1.0,0.8849144634525661
449,1.601947144171557,2.7365658336400234,2.1329366532104816,0.6662777129521587,1.0,0.8852586542201478
450,1.6031082743156664,2.7427517262578993,2.136179036765664,0.6680933852140077,1.0,0.8875486381322957
451,1.6042856399233276,2.749014599717636,2.139538903659192,0.667574931880109,1.0,0.8890618917866874
452,1.6058066660809247,2.755464670586518,2.14289125109196,0.6666666666666666,1.0,0.8905763239875389
453,1.6071925795109376,2.7618748076702686,2.14620299660346,0.6649785742111414,1.0,0.888975457732762
454,1.6087321509755805,2.768381950671438,2.149522586146718,0.6621200311769291,1.0,0.8885424785658612
455,1.6101564871669563,2.7748198365986085,2.1529196715244687,0.6623781676413255,1.0,0.8888888888888888
456,1.6115306937869367,2.781236002251598,2.1563865463651712,0.6602964118564743,1.0,0.8892355694227769
457,1.612941944447129,2.787762010090052,2.159907231381121,0.6617245415528678,1.0,0.888802184939524
458,1.614384542028657,2.7944091912355775,2.163282859254385,0.6604215456674473,1.0,0.8883684621389539
459,1.6160360564050757,2.8010771425423187,2.16681383958181,0.659117532213979,1.0,0.8894962905115189
460,1.6175803846708245,2.8078096351808406,2.1702724360446792,0.66015625,1.0,0.890234375
461,1.6190807495553783,2.814672216139367,2.173716520986598,0.6596326690113326,1.0,0.8905822586948027
462,1.6204443557685586,2.821494647041273,2.177291760233623,0.6602814698983581,1.0,0.8897576231430805
463,1.6220019001377362,2.828479509422325,2.180765556365174,0.6624951114587407,1.0,0.8893234258897145
464,1.6235397437293306,2.835615211271565,2.1842278144232044,0.661189358372457,1.0,0.8888888888888888
465,1.6250983873313656,2.842822463757627,2.187703622745115,0.6610567514677104,1.0,0.8896281800391389
466,1.6267216465947065,2.8500034393658815,2.1912255463625083,0.66327329678935,1.0,0.889584964761159
467,1.6284512473303865,2.8572649631677884,2.194727626044808,0.6607912260086173,1.0,0.8899334116725421
468,1.6305781220688558,2.864671268860218,2.1979609879031092,0.661833855799373,1.0,0.8914576802507836
469,1.6327537468861226,2.872106820631018,2.201279238425183,0.6632693061544492,1.0,0.8914151313210505
470,1.634855591980338,2.8795172546154757,2.2045224603059776,0.6662745098039216,1.0,0.8909803921568628
471,1.636714770193386,2.8868327456908993,2.207779726732769,0.6645743428795606,1.0,0.8901530011769321
472,1.6387745122832271,2.8943492998520615,2.2110424298278706,0.6679748822605965,1.0,0.890502354788069
473,1.6407597559248004,2.9018749178347867,2.214256957944514,0.6678445229681979,1.0,0.8900667451904201
474,1.6426782746109507,2.9093645195597206,2.2175743049349363,0.6716417910447762,1.0,0.8896307934014139
475,1.6445919869263046,2.916875206700328,2.22076825426423,0.6695481335952849,1.0,0.8888015717092338
476,1.6465630668348734,2.924549162224026,2.224034206287747,0.6741352201257862,1.0,0.8907232704402516
477,1.648420939455791,2.9321375576405604,2.227281434402177,0.6740070782540307,1.0,0.8902870625245772
478,1.6502979607577155,2.939746328370504,2.2305602310215114,0.6738788355625491,1.0,0.8914240755310779
479,1.652287713870475,2.947496336361269,2.233753883548764,0.6725698543880362,1.0,0.889413616686344
480,1.6543053957784155,2.955273784070153,2.237046459603721,0.6724409448818898,1.0,0.889763779527559
481,1.6563831234451076,2.9630233049864763,2.2404321849861604,0.6727057896809767,1.0,0.8897203623473808
482,1.6586649164056024,2.970807046041888,2.2437770184599337,0.6725768321513003,1.0,0.8900709219858156
483,1.6608669883219926,2.9786002310816158,2.247046458759803,0.6732361056365787,1.0,0.8916042569964525
484,1.663137143477218,2.9866072512399744,2.250400800498413,0.6746845425867508,1.0,0.8907728706624606
485,1.6653955642143603,2.994540278805541,2.25379324725289,0.676923076923077,1.0,0.8907297830374753
486,1.6675813516270666,3.002369284262604,2.257223733213363,0.6748224151539068,1.0,0.8910812943962115
487,1.6698695690481815,3.0103693098682176,2.2605856672187534,0.6762731938412949,1.0,0.890248716936439
488,1.672099735224352,3.018345605759285,2.263903877392167,0.6741706161137441,1.0,0.891390205371248
489,1.6742548883549306,3.0261705215845645,2.2672533379528654,0.6748320821809561,1.0,0.8913472935598578
490,1.6763779374245187,3.0338197044567,2.270617482915762,0.6743083003952569,1.0,0.892094861660079
491,1.6785992659401576,3.0415221983244765,2.274047964438274,0.67497034400949,1.0,0.8908659549228944
492,1.6808124925328773,3.049144267534488,2.2774996092477533,0.6728639240506329,1.0,0.8904272151898734
493,1.6830582681285526,3.056845660260072,2.281038698293651,0.6743173723783142,1.0,0.8899881282152751
494,1.6854914653136543,3.064806654599997,2.2845727809123404,0.6737925574030087,1.0,0.889944576405384
495,1.687791722786998,3.0726719918328387,2.288034341491162,0.6712871287128713,1.0,0.8891089108910891
496,1.6901444774956125,3.0806148570658394,2.2915635412152238,0.6711568938193344,1.0,0.8894611727416799
497,1.6924689287807608,3.088617567145268,2.2950113759156707,0.6710265556876734,1.0,0.8894173602853745
498,1.6946288382038774,3.096500735450341,2.298532938010785,0.6685170499603489,1.0,0.8889770023790642
499,1.6966663753705993,3.1042715547663935,2.302091639731281,0.6703689012296707,1.0,0.8901229670765569
500,1.6986137173771647,3.1119436411399732,2.3057405006324077,0.6682539682539682,1.0,0.8908730158730159
501,1.700503251567741,3.119483923035004,2.3094093412119934,0.666534339023422,1.0,0.8872568479555379
502,1.702132587243791,3.1267634374094793,2.313121672790516,0.6656076250992852,1.0,0.8880063542494043
503,1.7037736948574085,3.13406008629076,2.3168335537737015,0.6654747715534366,1.0,0.8883591577274533
504,1.7052251269991845,3.1411121690234385,2.320464151481493,0.6617647058823529,1.0,0.8875198728139905
505,1.706697059316597,3.148358708761971,2.324110965272677,0.6612326043737574,1.0,0.8870775347912525
506,1.7081151539027717,3.1555399920309104,2.327791498522169,0.6603023070803501,1.0,0.8878281622911695
507,1.7096323897806622,3.1627762459566235,2.3314387817249043,0.6605650616792678,1.0,0.8889773179466772
508,1.7111183100164384,3.170061654953029,2.335144646046696,0.6632165605095541,1.0,0.8873407643312102
509,1.712587195291936,3.1773809066258156,2.338781783027842,0.6634806849860613,1.0,0.8880923934687376
510,1.7139883899387136,3.1848009424531156,2.3424098437922862,0.6637450199203188,1.0,0.8884462151394422
511,1.7153772097240712,3.1923847454144774,2.3461435772119072,0.6644081307293742,1.0,0.8884017536867278
512,1.7165586147152434,3.1998314699255164,2.3498865931250923,0.6654704944178629,1.0,0.8879585326953748
513,1.717777534707413,3.2072428608041625,2.353509452634767,0.6649381731152773,1.0,0.8867171918627842
514,1.7188038270016728,3.2146363189830955,2.357200478464779,0.6679968076616122,1.0,0.8862729449321628
515,1.7197628827107814,3.2221090103555303,2.3609909292851756,0.6654690618762475,1.0,0.886626746506986
516,1.7209087048805554,3.229566538745779,2.3647096618136403,0.6677316293929713,1.0,0.8869808306709265
517,1.7220680943750597,3.2369658443004083,2.368456056971739,0.6691969636436277,1.0,0.8865361566120655
518,1.7231263108522785,3.2443986898650445,2.3722918615020587,0.6698641087130296,1.0,0.8872901678657075
519,1.7243098148680849,3.251936673580365,2.376116737436935,0.670531787285086,1.0,0.8860455817672931
520,1.7256617115993111,3.2596541841174194,2.379815363923296,0.6656,1.0,0.888
521,1.7270164608682204,3.2673273115389074,2.3835218491333303,0.6646658663465386,1.0,0.8875550220088035
522,1.7283330868819218,3.2750093038341737,2.3872761720985545,0.66693354683747,1.0,0.888310648518815
523,1.729597729617648,3.2825272452210403,2.390961998456949,0.6643972767320785,1.0,0.8874649579495395
524,1.730814819893505,3.29009332219914,2.3946156522690183,0.6634615384615384,1.0,0.8870192307692307
525,1.7319868337343458,3.297666603659694,2.3982648717923647,0.6645290581162324,1.0,0.8885771543086173
526,1.7330168727143047,3.305303522389243,2.4016846183959557,0.6631916599839615,1.0,0.8897353648757017
527,1.7340755942913801,3.313044955059719,2.4050032758555204,0.6630565583634176,1.0,0.8896911351784998
528,1.7350589845874973,3.32083595168047,2.4083320707447737,0.6617174959871589,1.0,0.8908507223113965
529,1.736059671763603,3.328659861802851,2.4114850450257492,0.6611802488960257,1.0,0.8900040144520273
530,1.7370981719258718,3.33658024531591,2.414761366391196,0.6590361445783133,1.0,0.8903614457831325
531,1.7381192656170905,3.3444262129249256,2.418156969296243,0.6597026918441141,1.0,0.8915226998794696
532,1.7390980531121607,3.3524538124909493,2.4217294919589833,0.662379421221865,1.0,0.8914790996784566
533,1.7400542059459312,3.360539321785573,2.4251879585837095,0.6626457579412948,1.0,0.8910333735424206
534,1.7410518598240992,3.3689081956331974,2.4287454678326785,0.6629123089300081,1.0,0.8909895414320194
535,1.7418266881367936,3.3771982056951395,2.4322219354476333,0.6583501006036218,1.0,0.8921529175050302
536,1.7425394208124245,3.3856026407255615,2.435630467379437,0.6594202898550725,1.0,0.8913043478260869
537,1.7433394823661774,3.394047972615974,2.439079183251772,0.657672170761176,1.0,0.8928715263793798
538,1.7442026697497928,3.4024786004173975,2.44250151185944,0.660757453666398,1.0,0.8920225624496374
539,1.7448095262912446,3.4109561682847853,2.4459211646947367,0.6606207174526401,1.0,0.8915759774284563
540,1.745470240817849,3.419298659124168,2.4494225727300662,0.6625,1.0,0.8919354838709678
541,1.7458745360255634,3.4275017448230924,2.4530172749483223,0.663574021782977,1.0,0.8926986688180718
542,1.7464979905845366,3.435773634311919,2.4565989776899215,0.6630347054075868,1.0,0.8934624697336562
543,1.7470745275918493,3.4441018409202053,2.460113431237828,0.6641098102543399,1.0,0.8930157448526443
544,1.7477688787825825,3.4523319834544672,2.463669490324581,0.6639741518578353,1.0,0.8929725363489499
545,1.748476236502807,3.460684462943347,2.467165357227773,0.6642424242424242,1.0,0.8937373737373737
546,1.7494458628704928,3.468993431250678,2.470622603459999,0.6645109135004043,1.0,0.8936944219886823
547,1.7505395446949252,3.4773001498087317,2.474069366164702,0.6659927213910231,1.0,0.8932470683380509
548,1.7514761439364708,3.4854663276136906,2.4774736688996075,0.6650485436893204,1.0,0.8952265372168284
549,1.7525769264372821,3.493973764078974,2.4808515943454887,0.6612707405908539,1.0,0.8951841359773371
550,1.7539066507624577,3.502617618340167,2.484227603053378,0.6603238866396761,1.0,0.8955465587044534
551,1.7550950287291585,3.511084968897163,2.4875819790607565,0.6614013770757392,1.0,0.8950992304576751
552,1.7561523708983513,3.519486901725888,2.4906344634915305,0.663290113452188,1.0,0.896677471636953
553,1.7572110001459942,3.527706065746418,2.4938684075688538,0.6627482772598298,1.0,0.8958248885285772
554,1.7582840032613325,3.5361016887324475,2.497141632319678,0.6650446066504461,1.0,0.8957826439578265
555,1.7593794831891634,3.5447060265066668,2.50039368061638,0.6620689655172414,1.0,0.8953346855983773
556,1.7605630600250772,3.5533878917481783,2.503521239262615,0.6611201298701299,1.0,0.8948863636363636
557,1.7616422464388868,3.561916506089128,2.5066703887150186,0.6597645148193261,1.0,0.8952496954933008
558,1.76281504925796,3.5706402033435976,2.509833428789408,0.661251015434606,1.0,0.8948009748172218
559,1.7640512865881406,3.5795543644002294,2.5129696545071307,0.6631450629825274,1.0,0.8951645672490858
560,1.76539119134583,3.588782789189518,2.516130743836389,0.6621951219512195,1.0,0.8955284552845528
561,1.766723603907729,3.5980834587365322,2.5192512906492506,0.6592110614070761,1.0,0.895485969906466
562,1.7681170137906892,3.6073739000245357,2.5223410424429646,0.6602929210740439,1.0,0.8950366151342555
563,1.7696928047114169,3.6168113704180067,2.5254997394489855,0.6593406593406593,1.0,0.8954008954008954
564,1.771299499199879,3.6262487637205796,2.5285958589558244,0.6616449511400652,1.0,0.8957654723127035
565,1.7726434520941114,3.6354611850923626,2.5317325720417947,0.6594704684317719,1.0,0.8957230142566192
566,1.7738757833436676,3.6444777929738437,2.5348400790522767,0.6593317033414833,1.0,0.8960880195599022
567,1.775203769121904,3.6537287755750123,2.5380077191465102,0.6559315124337546,1.0,0.8968609865470852
568,1.7765174785606135,3.6627476784626594,2.541180761531477,0.6533442088091354,1.0,0.8972267536704731
569,1.777820704071272,3.671977003902714,2.544393089307606,0.6503467972256222,1.0,0.8971848225214198
570,1.7790381476185446,3.6809810834150083,2.5476414055057957,0.6493877551020408,1.0,0.8971428571428571
571,1.7802349156687909,3.6899275077406903,2.5509815253179426,0.6492445896284198,1.0,0.8975091874234381
572,1.7814635347982204,3.698732925991496,2.5542872509713406,0.6499183006535948,1.0,0.8982843137254902
573,1.7827549482702258,3.7075031370310993,2.557662505035836,0.6501838986514099,1.0,0.898242746219861
574,1.7838835675017028,3.716018434144913,2.5609604792800615,0.6488143908421913,1.0,0.8990188062142274
575,1.7849636948465235,3.724554762676818,2.564245131217776,0.6498977505112474,1.0,0.8993865030674847
576,1.786016185344313,3.733117067252022,2.5675594636178354,0.6485270049099836,1.0,0.8997545008183306
577,1.7869745373429997,3.74156962814,2.5709231600332476,0.648792468276709,1.0,0.9001227998362669
578,1.7878852804968441,3.7499389302012203,2.5742820769057504,0.6482391482391482,1.0,0.9004914004914005
579,1.7890215245870407,3.7584868981346387,2.577651526880198,0.648504711183941,1.0,0.9004506349856616
580,1.7901081439463455,3.7672902481573294,2.581113858807221,0.6491803278688525,1.0,0.9004098360655738
581,1.791155974846566,3.775948832298009,2.584659772417164,0.6482164821648216,1.0,0.8999589995899959
582,1.792270486228515,3.784695205639208,2.588169433287061,0.6472518457752255,1.0,0.9003281378178835
583,1.7933640670527116,3.793187001481087,2.5917316796302035,0.6516208453016004,1.0,0.9011079195732458
584,1.7944555058521916,3.8020169256079304,2.5952981692102552,0.6506568144499179,1.0,0.9014778325123153
585,1.7955136250968613,3.810949692406354,2.598753185799567,0.6550308008213552,1.0,0.9030800821355236
586,1.7967148007961622,3.8200305205142717,2.6022542475114365,0.6536565324568612,1.0,0.9046836483155299
587,1.7979496183203674,3.8291882361657668,2.605771999771652,0.6518701191944102,1.0,0.905055487053021
588,1.799279922193735,3.8386041286404393,2.6092317374120246,0.6529605263157895,1.0,0.9070723684210527
589,1.8005187019890976,3.8480591302821137,2.612716843703546,0.6536404771698889,1.0,0.9062114356232003
590,1.8017150567630984,3.8575936105788053,2.6162555650891757,0.6563786008230452,1.0,0.9069958847736626
591,1.802758585053561,3.8671110359675724,2.6198521280270906,0.6562371346233018,1.0,0.9077809798270894
592,1.8037911063084417,3.8764662623958293,2.6234186081051805,0.6610378912685337,1.0,0.908154859967051
593,1.8048150304200128,3.885618733425907,2.626942854226568,0.661722290894108,1.0,0.9093531108364236
594,1.8057696879042253,3.8948474054955393,2.6304588189412836,0.6628194558944766,1.0,0.909315746084089
595,1.8067028359294186,3.9039838834534395,2.633920328591748,0.6635051546391753,1.0,0.9092783505154639
596,1.8077743455298019,3.913274405556946,2.6375009156768434,0.6658415841584159,1.0,0.9092409240924092
597,1.808883887716583,3.9227585436550982,2.641031688909494,0.6665290961617829,1.0,0.9100288898060256
598,1.809926591962722,3.9321817188301824,2.6446319061289283,0.6672171758876961,1.0,0.9091659785301404
599,1.811023254483894,3.941705375589881,2.6482250945855896,0.6703841387856257,1.0,0.909128459314333
600,1.8121379550716123,3.9512526781067274,2.651915189663395,0.6706611570247933,1.0,0.9099173553719008
601,1.81315330377328,3.9605656353527263,2.655647309028875,0.6688714344770567,1.0,0.9111202976436544
602,1.814096914739829,3.9697654507742612,2.6593702887488893,0.6687344913151365,1.0,0.9119106699751861
603,1.8151236736134995,3.9789330953899316,2.6631215655015583,0.6698386429458005,1.0,0.913115432354158
604,1.8161814746986065,3.9882549756046317,2.666786256422463,0.6692880794701986,1.0,0.9139072847682119
605,1.817376504369265,3.997594768195007,2.6704823954338974,0.6691511387163561,1.0,0.9142857142857143
606,1.818590935235993,4.006572714379118,2.674159397575948,0.6698425849212924,1.0,0.9146644573322287
607,1.8197368496672226,4.015654757096443,2.6778399417747685,0.6668048072938251,1.0,0.9158723580605056
608,1.8208669627462661,4.024653640632162,2.68154954015602,0.667910447761194,1.0,0.9170812603648425
609,1.8218692766858153,4.0336899214891,2.685282862919493,0.6694317710493571,1.0,0.9174616341766901
610,1.8230200547329691,4.042955329609377,2.689073982275291,0.6742738589211619,1.0,0.916597510373444
611,1.8241556138592863,4.051995082529692,2.6928555260911256,0.6708177667081777,1.0,0.9182233291822333
612,1.8254321632322716,4.061426036589312,2.696638319613608,0.6723421926910299,1.0,0.9194352159468439
613,1.826578658656272,4.070759981274379,2.700401428987796,0.6726215205650187,1.0,0.9194017449106772
614,1.8277124048472124,4.080375419732906,2.704234341589787,0.6741479634247715,1.0,0.9197838736492103
615,1.828616544007126,4.090068478627375,2.7082119312939876,0.6735966735966736,1.0,0.920997920997921
616,1.8297026558292557,4.099994732525833,2.7118626992534267,0.6763727121464226,1.0,0.9217970049916805
617,1.830667905368957,4.10998827456847,2.7155065485325642,0.680815647107782,1.0,0.9217644610903037
618,1.8317491490450668,4.120065900019423,2.719309952166096,0.6840133222314738,1.0,0.9208992506244796
619,1.832777127593378,4.130298065850048,2.7229924086427126,0.6793002915451894,1.0,0.9212827988338192
620,1.8336863254723919,4.140664824990347,2.7269235863463277,0.6770833333333334,1.0,0.9220833333333334
621,1.8345111050582965,4.150620555116829,2.730626090611412,0.6777824093372239,1.0,0.9224676948728637
622,1.8355218054493299,4.160880510648608,2.734239561830153,0.677231025854879,1.0,0.9232693911592994
623,1.836437792000848,4.1707785201416065,2.7375773963879997,0.6791823112223613,1.0,0.9236545682102628
624,1.8372754259954371,4.180575240610642,2.74090641619128,0.6786310517529215,1.0,0.9240400667779632
625,1.8380367006248712,4.190239606910339,2.744139804400103,0.6805845511482255,1.0,0.924008350730689
626,1.8388289813756236,4.199750463388635,2.747269398357662,0.6821219715956558,1.0,0.9239766081871345
627,1.8396335220057396,4.209347576826261,2.750333066167056,0.6836606769745089,1.0,0.9251984956122022
628,1.840158389669809,4.21864909607367,2.7536369817440316,0.6860367892976589,1.0,0.9251672240802675
629,1.8407469474776255,4.2279839126219,2.7569901647063446,0.685487243831033,1.0,0.9251359263906316
630,1.8413520119966504,4.237421507382198,2.7603730265865463,0.6849372384937239,1.0,0.9255230125523013
631,1.8420611294382239,4.246947556303064,2.7637381038471456,0.6856425282544998,1.0,0.926747593135203
632,1.8427466434687194,4.25643271579319,2.7670346283409715,0.6846733668341709,1.0,0.9279731993299832
633,1.843593812841153,4.266204453734406,2.7705103125004595,0.6849602010892334,1.0,0.9279430247172182
634,1.8445692835492875,4.2762570626484395,2.7739673950477335,0.6823134953897737,1.0,0.9287510477787091
635,1.8457326628029223,4.286588694645771,2.7773583703180984,0.6867924528301886,1.0,0.929559748427673
636,1.8468237209858342,4.296786728979097,2.7807598637968853,0.68498322147651,1.0,0.9303691275167785
637,1.8479151805750607,4.3071244383122105,2.7842151274809206,0.6844313890054553,1.0,0.9307595467897608
638,1.8492039789717991,4.318319754653167,2.787843041477638,0.68303946263644,1.0,0.9319899244332494
639,1.850687165813327,4.329713493040474,2.7913671818392456,0.6845863082738345,1.0,0.9328013439731205
640,1.8521233767523766,4.340985671963678,2.795002668047946,0.684453781512605,1.0,0.934453781512605
641,1.8533872536126736,4.352043440629387,2.7985344743195544,0.6839007986548971,1.0,0.9352669188734762
642,1.8548661084968856,4.3636181742774935,2.8020908698172997,0.6846089150546678,1.0,0.936080740117746
643,1.856351412204347,4.375453848769085,2.805792675945094,0.6832141354648716,1.0,0.9360538493899874
644,1.8578069556078523,4.387552475795506,2.809428164763858,0.6839225589225589,1.0,0.9364478114478114
645,1.8591022420066086,4.3992503293083125,2.813062081741011,0.6821052631578948,1.0,0.936
646,1.8604864428808487,4.411197485324835,2.8166577922279625,0.6815501263689975,1.0,0.9355518112889638
647,1.861869192273197,4.42309838687232,2.8203034648121545,0.6805731142014327,1.0,0.9351032448377581
648,1.8633157675576413,4.435143267371,2.82397504487764,0.6800168634064081,1.0,0.9354974704890388
649,1.8648246638723827,4.447081102158975,2.827653387259914,0.6832560101223113,1.0,0.9358920286798819
650,1.866253795249675,4.458978114319129,2.8313874598688433,0.6827004219409283,1.0,0.9358649789029536
651,1.8678309555349255,4.471191587552643,2.8351367884233625,0.6834107218235542,1.0,0.9358379062895736
652,1.8696267995160423,4.483480904343036,2.8388021515602717,0.6811655405405406,1.0,0.934543918918919
653,1.8711445929173545,4.4956876533813,2.842397668607194,0.6839881706801859,1.0,0.9349387410223912
654,1.8726523323418784,4.507996823995829,2.8460011721888305,0.6851225697379544,1.0,0.9344885883347421
655,1.8741216698981662,4.5202470692049985,2.8497433487394606,0.6854122621564482,1.0,0.9331923890063425
656,1.8754875598965355,4.532155904159119,2.853460755861786,0.6865482233502538,1.0,0.9323181049069373
657,1.8766970370830784,4.5438299773057,2.8572025168244246,0.6868387642826915,1.0,0.931443080829454
658,1.87757599534675,4.555096219183308,2.8609379519697034,0.6858594411515665,1.0,0.930567315834039
659,1.8784176132394261,4.5662574091640025,2.8647441993090426,0.686573485811097,1.0,0.9292672596357475
660,1.8793115791691766,4.577369147245496,2.8685029174136862,0.684322033898305,1.0,0.9300847457627118
661,1.8801398482567524,4.588462124822806,2.8722149637146654,0.6846121237812632,1.0,0.9283594743535396
662,1.8808104365043676,4.599160705474459,2.8760890939341817,0.6853265479219678,1.0,0.9283290924512299
663,1.8815180238139824,4.609636014458471,2.8799415348788586,0.6822231650403054,1.0,0.9282986847687739
664,1.8823106389556765,4.620272130784002,2.8837688027530475,0.6842105263157895,1.0,0.9299660441426146
665,1.8829912653443592,4.6309161357547,2.887516005769397,0.6874734607218683,1.0,0.9290870488322718
666,1.8838301922416412,4.641541364462075,2.8912418096252273,0.6898895497026338,1.0,0.9299065420560748
667,1.8848053856837566,4.652470174259919,2.894964093676459,0.6889077773055674,1.0,0.9290267743306417
668,1.885823154373842,4.663202172414994,2.898644471579241,0.6900510204081632,1.0,0.9302721088435374
669,1.8867960768286458,4.674051941557321,2.9024006720466753,0.6890684814972352,1.0,0.9302424500212676
670,1.8877451398831329,4.684869760164147,2.90623603597508,0.6914893617021277,1.0,0.9306382978723404
671,1.8887607463941234,4.695777707354964,2.909961290378934,0.6939123031077054,1.0,0.9314601958280119
672,1.8896605543728533,4.706617448791996,2.9137719007632645,0.6963373083475298,1.0,0.9318568994889267
673,1.8904495692520518,4.717155452427723,2.917516550405683,0.6945036216446527,1.0,0.9331060928845335
674,1.8911714165092988,4.727387030934503,2.92126276203188,0.6956521739130435,1.0,0.933930093776641
675,1.8918232537541737,4.737691935683594,2.924887946737365,0.6997867803837953,1.0,0.9330490405117271
676,1.8923998472548562,4.74791002683282,2.928570319196762,0.6988054607508533,1.0,0.9351535836177475
677,1.8931054300152808,4.7583516919556095,2.9323627325857062,0.7012377294067434,1.0,0.9346991037131882
678,1.893827562559522,4.768900151228325,2.9361472331059977,0.6989752348420154,1.0,0.9359521776259607
679,1.8946415382158999,4.779445498044669,2.9399408411584567,0.7018368218709953,1.0,0.9363519863306279
680,1.8955345659051588,4.789780813964062,2.9436846013747715,0.7038461538461539,1.0,0.9363247863247863
681,1.8963859936647762,4.800037648472226,2.9473541239217425,0.7037195382642155,1.0,0.9367250961949551
682,1.897306938934792,4.810591638921317,2.950946908571962,0.7061591103507271,1.0,0.9362703165098375
683,1.8983525407746082,4.821320107322834,2.9546604900425373,0.7081728712023962,1.0,0.9358151476251605
684,1.8992975784871606,4.8320418071333915,2.9585376323120465,0.7097602739726028,1.0,0.9370719178082192
685,1.9002867933891912,4.843279190006825,2.962463955458165,0.7083511777301927,1.0,0.9370449678800856
686,1.901278802125722,4.854624713504874,2.9663137088685434,0.7086546700942588,1.0,0.9387317909168809
687,1.9024222709585519,4.8664160438483135,2.970220010714499,0.7072438919845693,1.0,0.9391341620231461
688,1.9035588921074575,4.878039362087513,2.9741537619396947,0.7084048027444254,1.0,0.9386792452830188
689,1.9047783516638448,4.88962342274769,2.978118771326639,0.7091377091377091,1.0,0.93993993993994
690,1.9059552051720128,4.901108147621063,2.9820061699697473,0.7094420600858369,1.0,0.9420600858369099
691,1.9073058892510777,4.912811320981325,2.985964545390847,0.7093173035637613,1.0,0.9407471017604122
692,1.9086056822225979,4.924450559180341,2.9899155359396983,0.7100515463917526,1.0,0.9407216494845361
693,1.9099440735123605,4.9364317306207415,2.9938753594543073,0.7125053717232488,1.0,0.9419853889127632
694,1.9113693830116845,4.948137530108649,2.997908444106412,0.7098022355975925,1.0,0.9415305245055889
695,1.912805097008581,4.960144682800765,3.001908538210638,0.7101075268817204,1.0,0.9423655913978495
696,1.914009770564949,4.971789926450486,3.00587108798886,0.7078313253012049,1.0,0.9410499139414802
697,1.9152483680373131,4.983590964207532,3.009890552604883,0.7089969866551873,1.0,0.9418854928971158
698,1.916344732343347,4.99514100938857,3.0139062283979485,0.7084409991386735,1.0,0.94229112833764
699,1.9174235470376428,5.006716820721762,3.018008277678098,0.7100387763894873,1.0,0.941835415769065
700,1.9185292175361215,5.018684722103065,3.0221345905670995,0.7094827586206897,1.0,0.9413793103448276
701,1.9195835377779258,5.030698933291581,3.0262056464110363,0.7067701595515309,1.0,0.9417852522639069
702,1.9204832478482696,5.043062027246922,3.0303699311852683,0.7053494391716998,1.0,0.9417601380500431
703,1.9215808479130634,5.0557033789507395,3.0344587775794265,0.7060854553301683,1.0,0.9438929650410013
704,1.9227066907568182,5.068599636513619,3.038623956747715,0.7072538860103627,1.0,0.9451640759930915
705,1.923722066764765,5.081261265623127,3.0427386393113123,0.7071274298056156,1.0,0.9438444924406048
706,1.9245699369363571,5.093694299382786,3.046808616250456,0.7065687121866897,1.0,0.9451166810717373
707,1.925354700321168,5.106247631863312,3.050844048491109,0.7034154777345439,1.0,0.9468223086900129
708,1.926247493306691,5.119146088930949,3.0549988922588476,0.7041522491349481,1.0,0.9485294117647058
709,1.9270779314245363,5.132148488411333,3.059144709947686,0.7040242319342276,1.0,0.9480744266551276
710,1.9278794822754939,5.145326202248959,3.0632335876226917,0.706060606060606,1.0,0.9497835497835497
711,1.928624909994911,5.1581667702839855,3.0675283090128627,0.707665656128194,1.0,0.9506279774794283
712,1.9294511656323574,5.1714210680477075,3.0717961449966382,0.7079722703639515,1.0,0.9523396880415944
713,1.9304757923234352,5.184861104264974,3.0760428331063436,0.7082791504117902,1.0,0.9540528825314261
714,1.9314557778080044,5.198155363685692,3.080323473172585,0.7090199479618386,1.0,0.9553339115351258
715,1.9322674104532718,5.211402998214252,3.0846478106999973,0.7114967462039046,1.0,0.9557483731019523
716,1.9335454481229586,5.225088268134679,3.0889822789857195,0.7131076388888888,1.0,0.9565972222222222
717,1.934839448914322,5.238933714330227,3.093294353448971,0.7134172818063396,1.0,0.9578810247503257
718,1.9359492557440192,5.252594404779517,3.097634581886061,0.7137271937445699,1.0,0.9587315377932233
719,1.937120999736949,5.26658918329457,3.102071321178094,0.7153411560191221,1.0,0.96045197740113
720,1.9382961603913207,5.280448596972796,3.106415513662725,0.7165217391304348,1.0,0.9626086956521739
721,1.9397386375819214,5.294365372650559,3.1108233701452845,0.7177033492822966,1.0,0.9638973466724663
722,1.9411005856608121,5.308233175102281,3.1150821803181534,0.720626631853786,1.0,0.963881636205396
723,1.9424715132527712,5.322370389418556,3.119301922355738,0.7200696560731389,1.0,0.9656073138876796
724,1.9438301842742365,5.336044351686128,3.123508486170311,0.7229965156794426,1.0,0.9664634146341463
725,1.9451719418436668,5.349622000507059,3.1277538032336585,0.7246187363834423,1.0,0.9673202614379085
726,1.9465596520110828,5.363389303852448,3.132078533969224,0.7240627724498693,1.0,0.9681778552746295
727,1.948215807720025,5.377668451896379,3.136366636621109,0.7217618839947667,1.0,0.9694723070213694
728,1.9497513718802642,5.391272950148847,3.1408740593434934,0.7233856893542757,1.0,0.9703315881326352
729,1.9515565737814353,5.40550454724189,3.1453510611903672,0.7267568747271934,1.0,0.9703186381492798
730,1.9534793495798923,5.420067402014406,3.149820666534928,0.7262008733624454,1.0,0.97117903930131
731,1.9553689502501832,5.434689618921253,3.1542127423916164,0.72782874617737,1.0,0.9716033202271734
732,1.9571714763778645,5.4492235693819335,3.1587687702843814,0.7272727272727273,1.0,0.972027972027972
733,1.9589411603482907,5.463858666722976,3.163302595212037,0.7258417140358548,1.0,0.9724529951902056
734,1.9606806330357107,5.47853520991696,3.1677730700117896,0.7244094488188977,1.0,0.9728783902012248
735,1.9624137225043132,5.493334548618781,3.1721617317966277,0.7221006564551422,1.0,0.9733041575492342
736,1.9640577156758163,5.507979126249342,3.1766414426186342,0.7250437828371279,1.0,0.9741681260945709
737,1.96566269486386,5.522320394518653,3.1811253085907567,0.7240473061760841,1.0,0.9750328515111695
738,1.9672753593207772,5.537018059437223,3.1856157135095584,0.726555652936021,1.0,0.9754601226993865
739,1.9687693418289767,5.551611300423592,3.190002055233939,0.7238053485313459,1.0,0.9754493643138974
740,1.9702153364645574,5.566388151555351,3.19441560043056,0.7258771929824561,1.0,0.9767543859649123
741,1.971555593582258,5.5807225261940925,3.1987760187620893,0.72400175515577,1.0,0.9771829749890303
742,1.9728937073747543,5.595387316370479,3.203170551858163,0.7243195785776997,1.0,0.9780509218612818
743,1.9742159728094826,5.610195319661505,3.2074604955779282,0.7268335529205094,1.0,0.9789196310935442
744,1.975524309659657,5.6248758753525685,3.2119350987911908,0.7258347978910369,1.0,0.9789103690685413
745,1.976743367580431,5.639460493015155,3.216390566076228,0.7261538461538461,1.0,0.9789010989010989
746,1.9779507534627214,5.653840675921338,3.2209112385331444,0.7251539138082673,1.0,0.9793315743183817
747,1.979026670125011,5.66787799400719,3.225393889912553,0.7272327320721513,1.0,0.9793224813022438
748,1.9801615317139865,5.681812028960932,3.2298541437149764,0.7266725352112676,1.0,0.980193661971831
749,1.9809958950777722,5.695217723528378,3.234406912221369,0.7296345222369001,1.0,0.9797446059004844
750,1.9819145048139553,5.708667643083599,3.2388847707449964,0.7325991189427313,1.0,0.9806167400881057
751,1.9830287181897899,5.722225165156345,3.2434377280603703,0.7315998237108858,1.0,0.9814896430145439
752,1.9841184441060398,5.735755726630419,3.2480516037935003,0.7314814814814815,1.0,0.9810405643738977
753,1.9852046043617755,5.749598205329323,3.25266831108463,0.733568592853992,1.0,0.9810322011468902
754,1.986276598961006,5.763635827075089,3.257284835589223,0.733892321270962,1.0,0.9819064430714917
755,1.9873209663442695,5.777707462376026,3.261950307838686,0.7337748344370861,1.0,0.9818984547461369
756,1.9883467800844803,5.791800738910768,3.2665854032433996,0.732773851590106,1.0,0.982773851590106
757,1.98963575512685,5.8067075470199985,3.271260522268179,0.7344233318603623,1.0,0.9827662395050818
758,1.9909015908771157,5.821205863045889,3.2759841276027197,0.7418213969938108,1.0,0.982316534040672
759,1.9921488555037872,5.835884224608595,3.280652051480216,0.7368421052631579,1.0,0.9823087129588678
760,1.9933913075017418,5.850552773871723,3.2854375966895484,0.7376106194690265,1.0,0.9827433628318584
761,1.994533569042926,5.8653135950689546,3.2903225332884976,0.7383798140770252,1.0,0.9827357237715804
762,1.9957667289071714,5.880354672035155,3.2951443830669085,0.7404782993799823,1.0,0.9827280779450841
763,1.9968096256570913,5.895075952610688,3.299953989256334,0.7416925121843154,1.0,0.9827204253433761
764,1.9978383191615996,5.909785436769214,3.304716401076676,0.7433510638297872,1.0,0.9827127659574468
765,1.998809894686814,5.924773011322142,3.3095513217819055,0.741019955654102,1.0,0.9831485587583149
766,1.999610066521382,5.939570073791771,3.314321964785294,0.7422360248447205,1.0,0.9831410825199645
767,2.0004572528873883,5.954178018918398,3.3191907665324956,0.7407900577008433,1.0,0.9831335996449179
768,2.0011705984323886,5.968736807493115,3.3240425378507013,0.7397868561278863,1.0,0.9831261101243339
769,2.001859069137535,5.983506928323937,3.3288523600167643,0.7418924922256774,1.0,0.9840071079520213
770,2.0024871049094193,5.99839401834158,3.3337662538430775,0.7431111111111111,1.0,0.9848888888888889
771,2.0030155655808697,6.013119682831123,3.3386512471004393,0.7398843930635838,1.0,0.9848821698532682
772,2.0032805222431858,6.027748685052492,3.343469022997307,0.7406583629893239,1.0,0.9853202846975089
773,2.0037558121334187,6.0424089153663765,3.3483233250927658,0.7383177570093458,1.0,0.986648865153538
774,2.0041056135123796,6.056772359976171,3.353058138476322,0.7413178984861977,1.0,0.9866429207479964
775,2.0045130545065684,6.071288464708659,3.3578531123603526,0.7376391982182628,1.0,0.9879732739420936
776,2.0050823719589657,6.085739810535347,3.3627121857045816,0.7379679144385026,1.0,0.9875222816399287
777,2.005583585395558,6.099903438552828,3.367541886886301,0.7382969237628176,1.0,0.9879625501560411
778,2.0060971663434706,6.114160866315526,3.372347980107572,0.7395182872435325,1.0,0.9888492417484389
779,2.0067081115806227,6.12842026427989,3.3772950658103564,0.7398482820169567,1.0,0.9892904953145917
780,2.0072625650508042,6.141659803076951,3.382227481461209,0.7388392857142857,1.0,0.9901785714285715
781,2.007873829078412,6.155022668959262,3.387161922119143,0.739169271996427,1.0,0.9906208128628852
782,2.0084127662945632,6.168004714434076,3.3921116948990147,0.7368185880250223,1.0,0.9910634495084897
783,2.0088720448316018,6.181278957281226,3.397048870155311,0.739830129637908,1.0,0.9906124273580689
784,2.0093448330684995,6.19426306502765,3.401932859645946,0.7383720930232558,1.0,0.9910554561717353
785,2.0096864324643424,6.207515508970719,3.406823440138722,0.738255033557047,1.0,0.9906040268456375
786,2.010323771579075,6.220869670589046,3.411786655371702,0.7381378692927484,1.0,0.991047448522829
787,2.0107547647997746,6.234247703080954,3.416754631066087,0.7389162561576355,1.0,0.9910434393193014
788,2.0114300224975126,6.248060532512795,3.4217463688703837,0.7387992831541219,1.0,0.9910394265232975
789,2.0121130925771764,6.262267085761789,3.4269113084760643,0.7395786642761094,1.0,0.9910354101299865
790,2.013119111943915,6.276618715762714,3.4317893712403365,0.7358744394618834,1.0,0.9910313901345291
791,2.0141424363038856,6.291066002123972,3.4367249713445105,0.7362045760430687,1.0,0.9910273665320771
792,2.0155007131892018,6.306669817909373,3.4418821187493664,0.7351885098743267,1.0,0.9910233393177738
793,2.0168668767671485,6.322246025562546,3.44692999066429,0.7346205657835654,1.0,0.9910193084867535
794,2.018399748333854,6.337969680469115,3.4519651961211397,0.734052111410602,1.0,0.9910152740341419
795,2.0199612471329846,6.353619328682055,3.4570148388264377,0.7343820224719101,1.0,0.9910112359550561
796,2.021439509846484,6.368927415634627,3.462157775696393,0.7351618705035972,1.0,0.9910071942446043
797,2.0229018699932224,6.384128701237699,3.467319219233805,0.7323436797121008,1.0,0.9910031488978858
798,2.0241279310365816,6.3986125009340284,3.472425914080315,0.7335733573357336,1.0,0.990999099909991
799,2.0253923126851237,6.413574871791184,3.4778678184782157,0.7316524088248537,1.0,0.9909950472760019
800,2.0265833463529903,6.4282466211090865,3.482993905172056,0.7324324324324324,1.0,0.990990990990991
801,2.027745531035749,6.442400691444581,3.4883011507260355,0.7323118521856692,1.0,0.9909869310500226
802,2.0289253455661105,6.4565603182210785,3.4935587707907536,0.7339945897204689,1.0,0.9909828674481514
803,2.0299655376645993,6.4705901943131545,3.4989333392660322,0.7338746053225079,1.0,0.990978800180424
804,2.031204654373905,6.484944408675976,3.504145211662232,0.7355595667870036,1.0,0.9909747292418772
805,2.0323604573236906,6.499083733068254,3.5095020579596503,0.7318284424379232,1.0,0.9909706546275395
806,2.033391896088673,6.512582444946996,3.514883547881371,0.7317073170731707,1.0,0.99096657633243
807,2.034521133848568,6.5261905530713005,3.5203259536084666,0.7342973339358337,1.0,0.9909624943515589
808,2.0356730693558864,6.540048381796828,3.5257230758055926,0.7332730560578662,1.0,0.9909584086799277
809,2.0366765051303175,6.554093185910454,3.5311326156059577,0.7327001356852103,1.0,0.9909543193125283
810,2.037800154583382,6.56824761782471,3.536475616440898,0.7348416289592761,1.0,0.9909502262443439
811,2.038866879761666,6.582185573180642,3.5418274280866697,0.7347215934812132,1.0,0.9909461294703485
812,2.03999048926318,6.596694605570414,3.5472178850331604,0.7350543478260869,1.0,0.9904891304347826
813,2.0412249820406108,6.612148917784229,3.55249085358773,0.7349342999546896,1.0,0.9909379247847757
814,2.0422620836455914,6.626967476745346,3.5578337260022317,0.7393472348141432,1.0,0.9909338168631007
815,2.04347446352606,6.642081643961198,3.5631640650760272,0.7374149659863946,1.0,0.9909297052154195
816,2.0444871511479605,6.656891754534667,3.5684832608895523,0.7391107078039928,1.0,0.9909255898366606
817,2.0454560865065594,6.671642269854921,3.5738251678193715,0.7399001361779391,1.0,0.9909214707217431
818,2.046237880250996,6.6863934635977325,3.579152073153723,0.7393278837420527,1.0,0.9904632152588556
819,2.0470453357485647,6.701002919208911,3.584645142100701,0.7405724670604271,1.0,0.9909132212630622
820,2.047931659462958,6.716137324173888,3.5901049529910662,0.7413636363636363,1.0,0.990909090909091
821,2.048867968085259,6.731277828515975,3.595468232528089,0.7430650295588904,1.0,0.990450204638472
822,2.0496057236280896,6.7463666179981345,3.601056783872764,0.7438580527752502,1.0,0.9909008189262967
823,2.0503583690768785,6.761396275633402,3.6065789716264445,0.7432862994993172,1.0,0.9904415111515703
824,2.0510145910856235,6.7763195582746345,3.6121502886097425,0.7427140255009107,1.0,0.9908925318761385
825,2.051825174803706,6.791683077416862,3.6176774181353646,0.7444191343963553,1.0,0.9904328018223235
826,2.052698823255276,6.807372060256274,3.6231984331810843,0.7465815861440291,1.0,0.9913400182315406
827,2.053633935168982,6.822863281753477,3.628756937966272,0.7450980392156863,1.0,0.9913360693114455
828,2.0546693458141805,6.838708896437834,3.63432618384283,0.7468065693430657,1.0,0.9913321167883211
829,2.055647622363163,6.8542749321318714,3.6400686006006153,0.745778183477864,1.0,0.9908717480602465
830,2.056573199206483,6.870326171427931,3.6458430998183764,0.7470319634703196,1.0,0.9904109589041096
831,2.057517066425376,6.885979994526663,3.651719910688708,0.7460027409776153,1.0,0.9913202375513933
832,2.0583303331119183,6.90150849082362,3.65747722925231,0.746800731261426,1.0,0.9913162705667276
833,2.059073115923212,6.916876085028887,3.6632142836645607,0.747599451303155,1.0,0.9913122999542753
834,2.0600119697568657,6.932827011017799,3.668852069938451,0.7479414455626715,1.0,0.9913083257090577
835,2.060937799453204,6.948942461890788,3.674639524480815,0.751487414187643,1.0,0.991304347826087
836,2.0616541980457725,6.964576340480402,3.680492036998581,0.7513736263736264,1.0,0.9913003663003663
837,2.062623415412111,6.980285842094936,3.6864362061017033,0.7508016491067339,1.0,0.9912963811268896
838,2.063693502013407,6.996119341422144,3.692510552488138,0.7520623281393217,1.0,0.9912923923006416
839,2.0647005135662537,7.011776153454875,3.6986525564402855,0.7519486474094452,1.0,0.9912883998165979
840,2.0655172374137463,7.0273766262210975,3.704556564392943,0.7513761467889908,1.0,0.9912844036697248
841,2.066352180320754,7.043226594667717,3.710505192029317,0.7553923818265259,1.0,0.9912804038549794
842,2.06725795438465,7.059388243832623,3.716266975883334,0.7516069788797062,1.0,0.9912764003673095
843,2.068102360880996,7.0753480806326,3.722074037338279,0.7537896187413873,1.0,0.9912723932016536
844,2.0690135576246442,7.091761363712383,3.7279154300550656,0.7527573529411765,1.0,0.9912683823529411
845,2.0699102364432234,7.10810260118815,3.733942097297564,0.7531034482758621,1.0,0.991264367816092
846,2.0707718631726486,7.124715799626303,3.7399637159862156,0.7539098436062558,1.0,0.9912603495860166
847,2.0717096467191682,7.141769296226081,3.745992777881324,0.7519558214450069,1.0,0.9912563276576162
848,2.0725925943517036,7.158543307172887,3.7519195516131454,0.7541436464088398,1.0,0.9912523020257827
849,2.0733854257450535,7.174847695145757,3.7577213764699,0.7577153385536619,1.0,0.9912482726853984
850,2.074200052155648,7.191327097233413,3.763656601749949,0.7576036866359447,1.0,0.9912442396313365
851,2.074808951204763,7.207656378186581,3.769539625258255,0.7570308898109728,1.0,0.991701244813278
852,2.0755171708833178,7.223312419911756,3.7755074201029557,0.757380073800738,1.0,0.9921586715867159
853,2.0761332737587272,7.23933034315126,3.7813980851452746,0.7563451776649747,1.0,0.9926165205353022
854,2.0769192538686023,7.255850823967634,3.7872946186368868,0.7548476454293629,1.0,0.9930747922437673
855,2.0776076274463455,7.272240649133226,3.7931006978126924,0.7542725173210162,1.0,0.9935334872979215
856,2.0782136997361964,7.288530092549169,3.798965707334178,0.7592421441774492,1.0,0.993992606284658
857,2.078680813827119,7.3046295257167735,3.8048249209893497,0.7600554785020804,1.0,0.9944521497919556
858,2.0789348919717026,7.320369612063296,3.810721923611408,0.7608695652173914,1.0,0.9949121184088807
859,2.0791328351017713,7.3357384985845915,3.8166608257282695,0.7602961591855623,1.0,0.99537251272559
860,2.079344431541842,7.351184409140583,3.8225531494319056,0.7611111111111111,1.0,0.9958333333333333
861,2.07951318660093,7.366286757019799,3.828439916629589,0.7605372857804539,1.0,0.9962945808244558
862,2.0798261511610674,7.381329202680892,3.8344669779653673,0.7594995366079703,1.0,0.9967562557924003
863,2.0801930771753723,7.3965744778727,3.8404913653066277,0.760778859527121,1.0,0.9972183588317107
864,2.0803219064030127,7.411594366716725,3.8466601585305398,0.7578849721706865,1.0,0.9976808905380334
865,2.0806398760489686,7.426856473341776,3.8526896079611297,0.7587006960556845,1.0,0.9981438515081207
866,2.0804442482226233,7.4412596323704365,3.8588437384480296,0.7567316620241411,1.0,0.9986072423398329
867,2.0804788486840637,7.456607367656989,3.8648455886679156,0.7570831398049234,1.0,0.9990710636321412
868,2.0804036580554572,7.4718283949671696,3.87091505106321,0.758364312267658,1.0,0.9995353159851301
869,2.080400276356588,7.486953825466761,3.8770422757260548,0.7549976754997676,1.0,1.0
870,2.080074824508009,7.501835944815429,3.8830294793925817,0.7576744186046511,1.0,1.0
871,2.0797563825061216,7.517016289308295,3.8890124550016854,0.7584923220102373,1.0,1.0
872,2.0796916654158406,7.532233270769762,3.8949786468814773,0.7579143389199255,1.0,1.0
873,2.079434146478406,7.547993151049713,3.9009454977250737,0.759198882161155,1.0,1.0
874,2.0791280495756412,7.56326930548096,3.9070061735281363,0.7576887232059646,1.0,1.0
875,2.0788586425528086,7.5795002433048,3.913118498961846,0.7585081585081586,1.0,1.0
876,2.0787865804317867,7.595316935761169,3.9193676664324135,0.7607276119402985,1.0,1.0
877,2.078533361094307,7.611215783217951,3.9255646831566002,0.7615492300513299,1.0,1.0
878,2.0784066652862005,7.627649968442318,3.931841512608462,0.7605042016806722,1.0,1.0
879,2.0779452412749015,7.642509399233338,3.9381429987812204,0.762260625875759,1.0,1.0
880,2.0776077664629886,7.658109175418046,3.9444164803327952,0.7616822429906542,1.0,1.0
881,2.0770877260818708,7.673299348795736,3.9507094509906784,0.7639083683964469,1.0,1.0
882,2.0768634036637237,7.689226107234034,3.957037904345274,0.7633302151543498,1.0,1.0
883,2.0761624113712656,7.703798542927251,3.9632810115768122,0.7632194665418811,1.0,1.0
884,2.0755456105680254,7.71888393858287,3.9694049851058435,0.7617041198501873,1.0,1.0
885,2.0745623778987894,7.733020626483446,3.9756076367790056,0.7620608899297424,1.0,1.0
886,2.0735046104602124,7.7469695718081315,3.9818691714170695,0.7614807872539832,1.0,1.0
887,2.0724913355897394,7.760812017627266,3.9881514818246093,0.7623066104078763,1.0,1.0
888,2.071469559300041,7.774892383470791,3.9943840278664093,0.7631332082551595,1.0,1.0
889,2.0703556572711133,7.789051536725802,4.00052838335472,0.7644298451431253,1.0,1.0
890,2.069277739539033,7.803742389526181,4.006820503573312,0.7652582159624414,1.0,1.0
891,2.0680484682309985,7.818690655574432,4.013105614183976,0.7637388445279474,1.0,1.0
892,2.0670736109758976,7.833598358827787,4.019543978765663,0.7645676691729323,1.0,1.0
893,2.0663950248834144,7.849473344895759,4.026031503762646,0.765397273154678,1.0,1.0
894,2.0656090495228017,7.864760781961885,4.032501396163139,0.7629350893697083,1.0,1.0
895,2.065155256695207,7.880481121584027,4.039135970102409,0.7661176470588236,1.0,1.0
896,2.0647326330185,7.896827634717207,4.045676927561252,0.7669491525423728,1.0,1.0
897,2.064306488854045,7.913776417911406,4.052168239157858,0.7663683466792275,1.0,1.0
898,2.063804216872636,7.931043952859374,4.058589517477124,0.7676720075400566,1.0,1.0
899,2.06333116509554,7.948239970338662,4.065136872468899,0.768976897689769,1.0,1.0
900,2.0632579528151362,7.966036706197511,4.071620883501609,0.7674528301886793,1.0,1.0
901,2.0630166603595215,7.983483904672194,4.078076683906199,0.7682869277961303,1.0,1.0
902,2.0625666598950168,8.000950102654855,4.084556172441421,0.7695939565627951,1.0,1.0
903,2.062174728857565,8.018871387668462,4.090985815962355,0.769485120453472,1.0,1.0
904,2.061915189451654,8.036599268130377,4.097390046549912,0.7698487712665406,1.0,1.0
905,2.0614318634832682,8.053858956341843,4.103891828285524,0.7706855791962175,1.0,1.0
906,2.0611203067780766,8.0711154713508,4.110535110607734,0.7696310312204352,1.0,1.0
907,2.060978113342334,8.08812295851737,4.117233184934126,0.7709417889256981,1.0,1.0
908,2.060720739937786,8.10541100545594,4.123994152872423,0.7732007575757576,1.0,1.0
909,2.0605413564272066,8.122340990123563,4.130879529020897,0.773567029843676,1.0,1.0
910,2.0605154698185135,8.140113277013532,4.13766661075363,0.7739336492890996,1.0,1.0
911,2.0607193955301297,8.15745134308778,4.144558683397303,0.7724039829302988,1.0,1.0
912,2.0608675016063898,8.174455393725735,4.151376230376546,0.7727703984819735,1.0,1.0
913,2.061026526286892,8.19101300661027,4.158263819246683,0.7740863787375415,1.0,1.0
914,2.0611521769895025,8.207291198193206,4.165186414118362,0.7739791073124407,1.0,1.0
915,2.061347276249885,8.223962937764975,4.172068927194933,0.7762470308788598,1.0,1.0
916,2.061289848102781,8.24019687639821,4.178967676146907,0.7770912547528517,1.0,1.0
917,2.061539183075861,8.256686793948365,4.185804769727331,0.7750832144555397,1.0,1.0
918,2.0615727703009776,8.272886296607862,4.192717649169711,0.7778306374881065,1.0,1.0
919,2.061918122995378,8.289882988947866,4.199637813644626,0.7758210376011423,1.0,1.0
920,2.0621514615480834,8.307249313737142,4.2066168244983695,0.7771428571428571,1.0,1.0
921,2.0626058399580587,8.325158589021054,4.213576425197258,0.777989518818485,1.0,1.0
922,2.062877953176838,8.343085380670384,4.220477491511035,0.7797902764537655,1.0,1.0
923,2.0630664959163765,8.360253052858507,4.227555914235521,0.7811158798283262,1.0,1.0
924,2.0631609873175103,8.377494529074365,4.234643462206548,0.7833969465648855,1.0,1.0
925,2.0633402964659986,8.395103737770727,4.241716717382181,0.7823389021479714,1.0,1.0
926,2.063557854455202,8.412546062692629,4.248897747781877,0.7846227316141356,1.0,1.0
927,2.0637787668783116,8.430281500420714,4.256025199789001,0.7816531294792164,1.0,1.0
928,2.0640275015316374,8.448356458372679,4.263217485164516,0.7820267686424475,1.0,1.0
929,2.0641645568146423,8.465883456734582,4.270295911674634,0.7838354854136776,1.0,1.0
930,2.064244007495496,8.483400620872187,4.277356614548231,0.784688995215311,1.0,1.0
931,2.064602465724271,8.501230565577501,4.284491546872757,0.7855433221637147,1.0,1.0
932,2.0646975578988345,8.518950262022358,4.291585061351976,0.7859195402298851,1.0,1.0
933,2.064935901873847,8.537547924007791,4.298651724934864,0.7843794920939147,1.0,1.0
934,2.065075355932461,8.555902882360833,4.305646746405325,0.783796740172579,1.0,1.0
935,2.065285617976619,8.574658684909963,4.312612980444173,0.7822541966426858,1.0,1.0
936,2.0654041271775414,8.593586345751177,4.319683136201714,0.781190019193858,1.0,1.0
937,2.0655502669355137,8.61207686776213,4.326804105296337,0.7810849735957753,1.0,1.0
938,2.0657140029259273,8.630560653745457,4.333881076600292,0.7809798270893372,1.0,1.0
939,2.0656367664541277,8.648999841970053,4.340868450285906,0.7808745795290726,1.0,1.0
940,2.0656170840024095,8.667425450743083,4.3478254330703185,0.78125,1.0,1.0
941,2.065557970966298,8.685163670847865,4.354885193411478,0.7811447811447811,1.0,1.0
942,2.065349868141466,8.701302793909562,4.361973798962876,0.78055822906641,1.0,1.0
943,2.065250759147222,8.718719207410937,4.369084334208991,0.7790081848820414,1.0,1.0
944,2.065130869141798,8.736415277365866,4.376252802774757,0.779383429672447,1.0,1.0
945,2.0647268691184397,8.753463900793742,4.383453854066633,0.7797590361445783,1.0,1.0
946,2.0645352719508536,8.77123415118958,4.390681734398649,0.7801350048216008,1.0,1.0
947,2.0644184251578825,8.789199813135218,4.3981332133303095,0.7805113362276893,1.0,1.0
948,2.0643029648965108,8.807361459060976,4.4057084221999885,0.777992277992278,1.0,1.0
949,2.064133025029716,8.825836930027117,4.413156177540895,0.779333655239015,1.0,1.0
950,2.0641349368271027,8.844984676201822,4.4206058993820685,0.7806763285024154,1.0,1.0
951,2.0641229221418085,8.864413674071287,4.42821241478969,0.7800869985500242,1.0,1.0
952,2.0641771214430884,8.883923131506087,4.4358793353582815,0.7790135396518375,1.0,1.0
953,2.0642723584132456,8.904232006316235,4.443584494563479,0.7764876632801161,1.0,1.0
954,2.0643244274129837,8.92450887052928,4.451307742841077,0.776863504356244,1.0,1.0
955,2.0643064305721186,8.944519065750457,4.458977255104833,0.7772397094430993,1.0,1.0
956,2.064414181323252,8.964288418006456,4.466836668582951,0.7751937984496124,1.0,1.0
957,2.064292346530835,8.983796638515749,4.474610207492093,0.7784779447406689,1.0,1.0
958,2.0638933120924565,9.00370906570873,4.482770977711968,0.7774005819592629,1.0,1.0
959,2.0644567437729973,9.024392385393039,4.490457706581532,0.7768073750606501,1.0,1.0
960,2.0648756060167917,9.044537202912023,4.498184981067999,0.7757281553398059,1.0,1.0
961,2.065373267550501,9.064813397464524,4.506225757674541,0.7765905779504614,1.0,1.0
962,2.065985822155072,9.085179838268415,4.51397966561197,0.7745383867832848,1.0,1.0
963,2.0666849897492074,9.105470605501797,4.522100234912314,0.7758872143898882,1.0,1.0
964,2.0672625613494793,9.125604477540348,4.53006522332003,0.7733463035019456,1.0,1.0
965,2.06786067074377,9.145744905928979,4.538377238033176,0.7732360097323601,1.0,1.0
966,2.068499094277923,9.166283039213884,4.54648731002013,0.7745861733203505,1.0,1.0
967,2.0688796370763365,9.18667679994672,4.554591183279794,0.7730150998538724,1.0,1.0
968,2.069266284069111,9.207250763031958,4.562711163535424,0.7743664717348928,1.0,1.0
969,2.0695887920318707,9.227420398667675,4.570768840654061,0.772793759141882,1.0,1.0
970,2.070029229628389,9.248369410130591,4.5789953653796855,0.7726829268292683,1.0,1.0
971,2.070284154608671,9.268292383994966,4.587171332624459,0.7701317715959004,1.0,1.0
972,2.0705018713311194,9.288039492052782,4.595516357880503,0.76953125,1.0,1.0
973,2.0706892593705755,9.307216885742823,4.603850660661324,0.7703957010258915,1.0,1.0
974,2.070792638616985,9.326329205694078,4.612209639446089,0.7717497556207233,1.0,1.0
975,2.070833535960781,9.344084202028773,4.620606151308765,0.7716381418092909,1.0,1.0
976,2.0707974779180733,9.36144919866104,4.629009386641914,0.7720156555772995,1.0,1.0
977,2.070650635465479,9.380095853187143,4.637421068739634,0.7699461576113559,1.0,1.0
978,2.0706479578938746,9.39942514120003,4.645975000896703,0.7703232125367288,1.0,1.0
979,2.070608411760605,9.41910892049918,4.654551534890308,0.7692307692307693,1.0,1.0
980,2.0704316219304553,9.437257360562871,4.663157084118826,0.7691176470588236,1.0,1.0
981,2.0700624895459026,9.455968417996159,4.671487255344488,0.7680235409514468,1.0,1.0
982,2.069557626236202,9.473461258198162,4.67989467754655,0.7684003925417076,1.0,1.0
983,2.0691048992864656,9.49205913386465,4.688227537576536,0.7697594501718213,1.0,1.0
984,2.0684452467251866,9.509943661964062,4.696469058113195,0.768172888015717,1.0,1.0
985,2.0678581320620806,9.528152672491972,4.704624827982309,0.7714987714987716,1.0,1.0
986,2.067273527157153,9.546766834727732,4.712862998378113,0.7689282202556539,1.0,1.0
987,2.066990751923627,9.566049422453897,4.721379730656726,0.7712739793408756,1.0,1.0
988,2.066771983410004,9.585850066551789,4.729941626296515,0.7701771653543307,1.0,1.0
989,2.0666462351970254,9.605488821370473,4.738442061177627,0.7725258493353028,1.0,1.0
990,2.0665000385160988,9.624738357598208,4.746984117359961,0.7733990147783252,1.0,1.0
991,2.066230092125522,9.643907572078634,4.755464428235562,0.7747658945293248,1.0,1.0
992,2.0658860455179293,9.662065772003084,4.76406935404835,0.7756410256410257,1.0,1.0
993,2.0656348685628445,9.680595264577084,4.772554127064328,0.7784903798717316,1.0,1.0
994,2.0651421285864697,9.699188886801348,4.781276000050762,0.7793682132280355,1.0,1.0
995,2.0647031664898163,9.717390156884461,4.790033971333276,0.7787654320987655,1.0,1.0
996,2.064358457079286,9.736393921435141,4.798777715935261,0.7791501976284585,1.0,1.0
997,2.063909034918602,9.755067915516472,4.807413125938809,0.7800296589223925,1.0,1.0
998,2.0634033895621644,9.773781882026277,4.815974011118588,0.7794263105835806,1.0,1.0
999,2.0628292162859805,9.791015080240333,4.824605499089596,0.7812963879267689,1.0,1.0
1000,2.062244380549066,9.808726112903253,4.833196268205265,0.7826732673267327,1.0,1.0
1001,2.0616596950903068,9.826622581847381,4.84184947726164,0.7820703318474492,1.0,1.0
1002,2.0610805688337615,9.844846631288602,4.850592742820636,0.7814667988107037,1.0,1.0
1003,2.060572415562077,9.863304343658054,4.859421294524771,0.782350024789291,1.0,1.0
1004,2.060106452894967,9.881291202116685,4.868179160180338,0.7827380952380952,1.0,1.0
1005,2.0597075096574113,9.899932906929209,4.877184571908088,0.7831265508684864,1.0,1.0
1006,2.05922024277196,9.919152963229273,4.886164544361229,0.782025819265144,1.0,1.0
1007,2.058642006280114,9.93822281730921,4.895164551976379,0.784401390958768,1.0,1.0
1008,2.058060415059618,9.957315981003283,4.904133398689121,0.7833001988071571,1.0,1.0
1009,2.057463348193936,9.976448510453032,4.913117281022772,0.7866732968672302,1.0,1.0
1010,2.0568430024712203,9.994968739739535,4.922111202844478,0.7865671641791044,1.0,1.0
1011,2.056272202774152,10.013384430926926,4.931083588166979,0.7859631657541065,1.0,1.0
1012,2.0556767412196106,10.03204406143476,4.94009785146228,0.7853585657370518,1.0,1.0
1013,2.0552728114880496,10.05161871157174,4.948939312390429,0.7872446437468859,1.0,1.0
1014,2.054668078754508,10.070964633150012,4.9575699572954655,0.7846460618145563,1.0,1.0
1015,2.0542247129991957,10.090382131733433,4.966390921582759,0.7870324189526184,1.0,1.0
1016,2.0535839896681325,10.109327713930341,4.975191484753961,0.7859281437125748,1.0,1.0
1017,2.0529837317659907,10.128086537634255,4.984043296051063,0.7878182725911134,1.0,1.0
1018,2.0524957918089872,10.147393260024813,4.992969737304565,0.7887112887112887,1.0,1.0
1019,2.051990171122088,10.166525459404268,5.001943533362943,0.7896051974012993,1.0,1.0
1020,2.051600530827457,10.185890767228887,5.011192991491406,0.7905,1.0,1.0
1021,2.0514360779754437,10.205044456192647,5.020477296426732,0.7923961980990495,1.0,1.0
1022,2.0513893486418757,10.224676574298169,5.030071655512039,0.7947947947947948,1.0,1.0
1023,2.051373930068553,10.244119384927918,5.039919423430108,0.7946920380570857,1.0,1.0
1024,2.0512427826946658,10.26358094205087,5.04942125164365,0.7955911823647295,1.0,1.0
1025,2.0513687099398266,10.283249003267303,5.058917884617157,0.7969924812030075,1.0,1.0
1026,2.0514781556123314,10.3033295532679,5.068461484521762,0.7988966900702106,1.0,1.0
1027,2.051431182937905,10.322791611393788,5.0777476193437225,0.7987957852483693,1.0,1.0
1028,2.0513528059691573,10.341840251570208,5.0868729064358815,0.8032128514056225,1.0,1.0
1029,2.051333320930738,10.360968078601735,5.096092131300844,0.801607232546459,1.0,1.0
1030,2.0512409857896965,10.379426451102303,5.105504765414107,0.8040201005025126,1.0,1.0
1031,2.050939752039873,10.39729751221605,5.114735119942332,0.8044243338360986,1.0,1.0
1032,2.050543760519841,10.414555323450692,5.124125040024972,0.8078470824949698,1.0,1.0
1033,2.0499824061494514,10.429914698841651,5.13388789618454,0.8077503774534474,1.0,1.0
1034,2.049645833608822,10.446819220157995,5.143798564878305,0.8071500503524672,1.0,1.0
1035,2.0491130118251237,10.462496653560098,5.153754668298745,0.8065491183879093,1.0,1.0
1036,2.048598244750191,10.478601090822526,5.16404307214469,0.8069556451612904,1.0,1.0
1037,2.048086681752871,10.49331245325489,5.174368223793105,0.8058497226424609,1.0,1.0
1038,2.0476989742819445,10.508718317192805,5.184858620927265,0.806760847628658,1.0,1.0
1039,2.047252231211482,10.522938283275444,5.195242029269824,0.8086824835941444,1.0,1.0
1040,2.0468033808217245,10.538188537346642,5.205550232673458,0.8085858585858586,1.0,1.0
1041,2.0462448358997922,10.553085830290755,5.215566003956007,0.8110156644770086,1.0,1.0
1042,2.0456040474090162,10.566230405612966,5.225674542714411,0.8094034378159757,1.0,1.0
1043,2.044896939666193,10.580120061753423,5.235720519551467,0.8093070308548306,1.0,1.0
1044,2.0446041590701394,10.595875929704116,5.245682079804995,0.8087044534412956,1.0,1.0
1045,2.0442312825336497,10.611475583733016,5.255734572564064,0.8111392405063291,1.0,1.0
1046,2.0438436303251524,10.62586166182451,5.265859168424935,0.8105369807497467,1.0,1.0
1047,2.0432944638690977,10.640842076382452,5.2759854413474905,0.811454637607704,1.0,1.0
1048,2.042455832353638,10.653546362251495,5.286102761376438,0.8093306288032455,1.0,1.0
1049,2.041630645424645,10.666258634294069,5.29628354916328,0.808726534753932,1.0,1.0
1050,2.0407980444804976,10.678246505719061,5.306662627769089,0.8101522842639594,1.0,1.0
1051,2.040055124007769,10.690978142625877,5.317195314498251,0.8110716099542915,1.0,1.0
1052,2.0390771183146112,10.703359733059266,5.3277204190657415,0.8094512195121951,1.0,1.0
1053,2.0381103070737616,10.715602063493481,5.338172147111212,0.809862735129639,1.0,1.0
1054,2.037003706065326,10.728046255027197,5.3487554935240365,0.8107833163784334,1.0,1.0
1055,2.035760839042802,10.739436777580744,5.359327215667372,0.8091603053435115,1.0,1.0
1056,2.0346963768803747,10.751967944590374,5.369911615850087,0.8095723014256619,1.0,1.0
1057,2.033343579284188,10.762784114166474,5.380132931803826,0.8099847172694855,1.0,1.0
1058,2.0320399735971937,10.774326817808612,5.390492349419277,0.808868501529052,1.0,1.0
1059,2.03046355349352,10.78378873090819,5.400933439183077,0.8097909229984702,1.0,1.0
1060,2.0289709371813864,10.793540813783737,5.411431054711062,0.8107142857142857,1.0,1.0
1061,2.0274002802187128,10.802430324917651,5.421921033873972,0.8131699846860643,1.0,1.0
1062,2.0259646680936103,10.813692772885615,5.432465884707615,0.8115423901940756,1.0,1.0
1063,2.0245789090660224,10.824210951884554,5.4432066731896525,0.8109351047521717,1.0,1.0
1064,2.023518874463773,10.838084882572026,5.454118682944155,0.8118609406952966,1.0,1.0
1065,2.0224650002436912,10.851082158201534,5.464985356053504,0.8081841432225064,1.0,1.0
1066,2.0213029408744427,10.864276544236267,5.475707710951292,0.8091095189355169,1.0,1.0
1067,2.0203484235276568,10.878800615721806,5.486685701706445,0.8054275473630312,1.0,1.0
1068,2.019330089756956,10.892983857415492,5.497740761769471,0.8048155737704918,1.0,1.0
1069,2.0185601790539693,10.909186215273571,5.508899043874709,0.805740645822655,1.0,1.0
1070,2.017714588954223,10.925394837032576,5.520038355577823,0.8056410256410257,1.0,1.0
1071,2.0174703793596582,10.947103983548521,5.531056022171963,0.806054386865059,1.0,1.0
1072,2.0167614093746753,10.965474921191984,5.542043957307855,0.805441478439425,1.0,1.0
1073,2.016254401176523,10.985209810038668,5.552925752285048,0.805341551104263,1.0,1.0
1074,2.0158476307215767,11.006611164729142,5.563889891371523,0.8052415210688592,1.0,1.0
1075,2.0154358021832843,11.027999176680494,5.575006184684351,0.8056555269922879,1.0,1.0
1076,2.0150465539333755,11.04829300019166,5.586038019432409,0.8040123456790124,1.0,1.0
1077,2.0146070653297303,11.06891594995904,5.597039043737336,0.8059701492537313,1.0,1.0
1078,2.014170708196109,11.088267136721694,5.608149795254771,0.8038105046343975,1.0,1.0
1079,2.01381988308918,11.108702042183547,5.61952170641242,0.8047398248325606,1.0,1.0
1080,2.013470736291011,11.128484830832418,5.630962209454932,0.8036082474226804,1.0,1.0
1081,2.013108775210239,11.14948041642661,5.642435063532262,0.8040226921093347,1.0,1.0
1082,2.0125615516281554,11.169510710364495,5.653861643216461,0.804953560371517,1.0,1.0
1083,2.0120777742163924,11.188954876842484,5.665461187017574,0.8053691275167785,1.0,1.0
1084,2.0116479219183194,11.208670107930564,5.677072761013226,0.8047520661157025,1.0,1.0
1085,2.0111667024104354,11.228830733192181,5.689117739459425,0.8056847545219639,1.0,1.0
1086,2.0106089878475277,11.249435377531274,5.701224486726668,0.8076525336091003,1.0,1.0
1087,2.0100195165374686,11.270138530411296,5.71285728996167,0.8080703569580963,1.0,1.0
1088,2.0096545969431316,11.29049134713554,5.724204039162987,0.8105590062111802,1.0,1.0
1089,2.0092968349242395,11.310725554293155,5.73586575984743,0.8099430346970482,1.0,1.0
1090,2.009095935487994,11.330956690235237,5.747181418864401,0.8082901554404145,1.0,1.0
1091,2.008869797907111,11.351354464548658,5.758646745390137,0.8102643856920684,1.0,1.0
1092,2.008422040453085,11.372739650076184,5.7704950997173245,0.8091286307053942,1.0,1.0
1093,2.0080266348146987,11.394453075413118,5.781875903852346,0.8121432278152568,1.0,1.0
1094,2.007697900355041,11.416797843197582,5.793180045902127,0.8110072689511942,1.0,1.0
1095,2.00753871741045,11.438938430275837,5.804483675833568,0.8114285714285714,1.0,1.0
1096,2.0071530812490943,11.46051967456079,5.816270461005489,0.8097713097713097,1.0,1.0
1097,2.0068718239855547,11.482727727395707,5.828314698260145,0.8107124284971399,1.0,1.0
1098,2.006466191039995,11.504260148998542,5.840548329739529,0.8106139438085328,1.0,1.0
1099,2.0060268775593877,11.525306080830633,5.852254461501852,0.8079125455491931,1.0,1.0
1100,2.005667849790339,11.546653847145244,5.864669054001293,0.8104166666666667,1.0,1.0
1101,2.0053719454896455,11.568784456084078,5.877004716885899,0.8082334549244398,1.0,1.0
1102,2.005073060090309,11.591157365190472,5.889304382474714,0.8065693430656934,1.0,1.0
1103,2.0048428643852803,11.613488924314256,5.9015672154416565,0.8059467918622848,1.0,1.0
1104,2.004751763259525,11.636318773173754,5.912186073838782,0.8068893528183716,1.0,1.0
1105,2.004630958151907,11.65940177659078,5.922600675239966,0.806266318537859,1.0,1.0
1106,2.0045062756394887,11.682041390861839,5.933393888235782,0.8098223615464994,1.0,1.0
1107,2.004486746865403,11.705507387071643,5.944687019684584,0.8092002090956613,1.0,1.0
1108,2.0045985620617888,11.72905763207374,5.955166988101317,0.8085774058577406,1.0,1.0
1109,2.004680152012749,11.753131814867764,5.965703551231803,0.8069073783359497,1.0,1.0
1110,2.004659108857429,11.776452108103367,5.976439511348835,0.8089005235602095,1.0,1.0
1111,2.0045730519249005,11.799553863454204,5.987169021907152,0.8077527501309586,1.0,1.0
1112,2.0044591107115313,11.823386523295953,5.997925693450041,0.810272536687631,1.0,1.0
1113,2.0043427163103935,11.846583525958334,6.008910370090941,0.8085998951232302,1.0,1.0
1114,2.00427997686398,11.870636851034032,6.020127507718629,0.8095487932843651,1.0,1.0
1115,2.0042052265381054,11.894399801975194,6.031349401796276,0.8115485564304462,1.0,1.0
1116,2.0041169643510606,11.917994936308961,6.042567788272048,0.8119747899159664,1.0,1.0
1117,2.0038869339741074,11.940690687462277,6.053664659216912,0.8108250131371518,1.0,1.0
1118,2.003699844916199,11.963431232140787,6.064891304600231,0.8112513144058885,1.0,1.0
1119,2.00351037733884,11.985672562667581,6.076111422105334,0.8100999473961074,1.0,1.0
1120,2.003308837524082,12.008181728885976,6.08734991255252,0.8110526315789474,1.0,1.0
1121,2.0030888109485057,12.031608696527387,6.098478657425496,0.8109531332280148,1.0,1.0
1122,2.0028549247441467,12.0550541788692,6.109759020715663,0.8108535300316122,1.0,1.0
1123,2.002518240560884,12.07836991408389,6.121087101845385,0.8118081180811808,1.0,1.0
1124,2.0020502908773947,12.101190264094559,6.132318340121867,0.8154008438818565,1.0,1.0
1125,2.0015951484799563,12.125070266068683,6.143529104516368,0.8158311345646438,1.0,1.0
1126,2.0013435549189795,12.150161090226167,6.154850358237615,0.8141499472016895,1.0,1.0
1127,2.0011898151271157,12.174525221874857,6.166175645668814,0.8156365557316428,1.0,1.0
1128,2.000916106570722,12.198867639694722,6.177641612855795,0.8181818181818182,1.0,1.0
1129,2.000527852604179,12.22232996739651,6.18922415817188,0.8175568482284505,1.0,1.0
1130,2.000020582150036,12.24526064378486,6.200547776929851,0.8174603174603174,1.0,1.0
1131,1.9995555876582032,12.2674361711938,6.212152438507023,0.8168343038644785,1.0,1.0
1132,1.999192067784948,12.289019712611609,6.223722041968981,0.8177966101694916,1.0,1.0
1133,1.9990443546209802,12.311644107851693,6.23541195075216,0.816640169581346,1.0,1.0
1134,1.9987623632453058,12.333205764916372,6.2472750883198644,0.8191940615058324,1.0,1.0
1135,1.9984756233524141,12.355173307527112,6.258928186422299,0.8180371352785146,1.0,1.0
1136,1.998120355323304,12.376448351794744,6.270498151867285,0.8190021231422505,1.0,1.0
1137,1.9976721977799385,12.397012065238355,6.282293292987498,0.8183749336165693,1.0,1.0
1138,1.9972513552218067,12.41762752291798,6.294358817838995,0.8182784272051009,1.0,1.0
1139,1.9967723391113994,12.437814258250462,6.306453965168222,0.8176501860712387,1.0,1.0
1140,1.9963180740105746,12.458137635408391,6.318712771076348,0.8154255319148936,1.0,1.0
1141,1.995817624735005,12.478269345413482,6.330848572422695,0.815859499733901,1.0,1.0
1142,1.9952746411774,12.498361333814987,6.342894530114938,0.8189563365282215,1.0,1.0
1143,1.9948962211747774,12.518910026979546,6.354876352499971,0.8161960575386255,1.0,1.0
1144,1.9946278078274684,12.53948358452553,6.3671599073953935,0.8182302771855011,1.0,1.0
1145,1.9944716019431152,12.561162066062897,6.379592982196261,0.8165333333333333,1.0,1.0
1146,1.9943669312112164,12.583304628378137,6.391945389020482,0.8159018143009605,1.0,1.0
1147,1.9944487501788695,12.606690255161642,6.404738035284581,0.813134009610251,1.0,1.0
1148,1.994590791143309,12.630233984299174,6.417645209317063,0.813034188034188,1.0,1.0
1149,1.9946737722868164,12.653667361415534,6.430644797832232,0.8123997862105826,1.0,1.0
1150,1.9947380983736225,12.676567133000852,6.443624292241865,0.8106951871657754,1.0,1.0
1151,1.9948361141552318,12.699037860197283,6.456481574375689,0.8127340823970037,1.0,1.0
1152,1.9950274811642545,12.722889574687796,6.469754288678111,0.8099571734475375,1.0,1.0
1153,1.9950274496510927,12.745319903489222,6.482925780811288,0.80878414568827,1.0,1.0
1154,1.9949895794040935,12.768094850177604,6.495949948487625,0.8081457663451233,1.0,1.0
1155,1.9948355564807319,12.790647889581562,6.508749866289317,0.8085790884718499,1.0,1.0
1156,1.9948784260194523,12.81422774338897,6.52140363437937,0.8079399141630901,1.0,1.0
1157,1.9949595755281242,12.836692191332236,6.534491167489031,0.807836822329576,1.0,1.0
1158,1.9949929061523304,12.85915441980745,6.547422951353401,0.8061224489795918,1.0,1.0
1159,1.9951115804225907,12.881578714963387,6.560453473455854,0.8049435787211177,1.0,1.0
1160,1.9952643352734492,12.903763409970198,6.573480262693562,0.8026881720430108,1.0,1.0
1161,1.9953564724658182,12.926242579754266,6.586333567412989,0.8031199569661108,1.0,1.0
1162,1.995397748093132,12.949195433001487,6.599367134621096,0.8040904198062433,1.0,1.0
1163,1.995226775091131,12.971225234371767,6.612208538978633,0.8023694130317717,1.0,1.0
1164,1.9949730484755543,12.992787204312176,6.625193878931033,0.8011853448275862,1.0,1.0
1165,1.9946145809090658,13.01376673614146,6.638204489776935,0.8005390835579514,1.0,1.0
1166,1.9943683296424703,13.034878353574289,6.651148933583859,0.7998921251348435,1.0,1.0
1167,1.9941119797436622,13.054636172627388,6.663983105452404,0.7997841338370211,1.0,1.0
1168,1.9940575828881473,13.075476725765204,6.677103878100623,0.7991360691144709,1.0,1.0
1169,1.9938351586978709,13.09616400009871,6.690273349750409,0.7968665586169638,1.0,1.0
1170,1.9938705577561942,13.117393002571983,6.703709006052079,0.7967567567567567,1.0,1.0
1171,1.9937184922428635,13.138248082602546,6.71757991621873,0.7950243374797188,1.0,1.0
1172,1.9936917735926318,13.159253908690241,6.731062289212354,0.7927489177489178,1.0,1.0
1173,1.9935965474212396,13.180729327958131,6.744130018570633,0.7937195452084461,1.0,1.0
1174,1.9934793968076638,13.202174483719855,6.757086956691827,0.7925243770314193,1.0,1.0
1175,1.9932838085766194,13.222867884530888,6.770068647727481,0.7924119241192412,1.0,1.0
1176,1.9931680444046325,13.244788727251438,6.784033537312073,0.7928416485900217,1.0,1.0
1177,1.9930420495399221,13.266825322429208,6.797849303537056,0.7927292457948997,1.0,1.0
1178,1.9929754164941944,13.289029747995103,6.812279814231095,0.7931596091205212,1.0,1.0
1179,1.992790654450076,13.311156975284153,6.826285311481652,0.7946768060836502,1.0,1.0
1180,1.9923195681933972,13.332991171013163,6.840740362876518,0.7929347826086957,1.0,1.0
1181,1.9918422060906054,13.35403609882944,6.855273637814877,0.7933659597607395,1.0,1.0
1182,1.9918373972095549,13.375759210637234,6.868743996628104,0.794341675734494,1.0,1.0
1183,1.991797433344,13.397553479780692,6.882007786101552,0.7969515514425695,1.0,1.0
1184,1.9918814052668894,13.419924467312692,6.895414513817543,0.7973856209150327,1.0,1.0
1185,1.99181274166871,13.441946976286868,6.908372183583136,0.7983651226158038,1.0,1.0
1186,1.9917611719629191,13.463546224188034,6.921308819151868,0.7988004362050164,1.0,1.0
1187,1.9918073270858132,13.485679044684808,6.934797768160522,0.795417348608838,1.0,1.0
1188,1.9916200303100255,13.507646609396815,6.9485304455906025,0.7980349344978166,1.0,1.0
1189,1.9914104207560495,13.52946885361853,6.962104475856983,0.7973784817039868,1.0,1.0
1190,1.990914095837661,13.550178756032702,6.975499874394057,0.7945355191256831,1.0,1.0
1191,1.9905165738919668,13.571304175834415,6.98882151193874,0.7938764352104976,1.0,1.0
1192,1.990204053434957,13.59309332708553,7.001925003016651,0.7948577680525164,1.0,1.0
1193,1.9897395881554674,13.614058408535868,7.014976546723449,0.7952928297755884,1.0,1.0
1194,1.9893573702605325,13.636557125086957,7.0279702302820235,0.7968236582694413,1.0,1.0
1195,1.9890856570109097,13.660900661968414,7.041005330265742,0.7961643835616439,1.0,1.0
1196,1.9888147775576315,13.686160768481272,7.053833705618123,0.7976973684210527,1.0,1.0
1197,1.988476047160003,13.709625972312017,7.066854224299874,0.7959407569939659,1.0,1.0
1198,1.988185137688316,13.732705310028008,7.08014238002782,0.7941822173435785,1.0,1.0
1199,1.987962888171393,13.756693011158946,7.093658082860755,0.7929708951125755,1.0,1.0
1200,1.9878579949338986,13.780769429702739,7.1071881029448996,0.7934065934065934,1.0,1.0
1201,1.98771162676519,13.804886509238495,7.1206769375557535,0.7932930181418362,1.0,1.0
1202,1.9874828794092714,13.828880737628474,7.134208188391651,0.7926292629262927,1.0,1.0
1203,1.987371279614983,13.852781600421123,7.147728992962093,0.7908640616400661,1.0,1.0
1204,1.9871920849832214,13.876202887306386,7.161460909437625,0.7935022026431718,1.0,1.0
1205,1.9870071972472831,13.898026136129776,7.175163410949173,0.7928374655647383,1.0,1.0
1206,1.9867210737142227,13.919663959106297,7.189043791223401,0.7899669239250275,1.0,1.0
1207,1.9862644674601406,13.9405947673839,7.202839759836805,0.7892995035852178,1.0,1.0
1208,1.9859319641550464,13.96246411659435,7.216710816517473,0.7886313465783664,1.0,1.0
1209,1.9855203742485183,13.983923039354837,7.230461007885262,0.7879624516841524,1.0,1.0
1210,1.985108356024063,14.004979648430187,7.2443663366134805,0.7900552486187845,1.0,1.0
1211,1.984655146395724,14.025994434834235,7.258315769787363,0.7899391929242675,1.0,1.0
1212,1.984154717165515,14.046203683038616,7.271924898860385,0.7892699115044248,1.0,1.0
1213,1.9834661840549943,14.065957902227478,7.2855473266061885,0.7924737133370227,1.0,1.0
1214,1.9827840615800796,14.08598775825467,7.299242249680871,0.7962347729789591,1.0,1.0
1215,1.9820960183036263,14.105904048438907,7.312609955546727,0.7944598337950138,1.0,1.0
1216,1.9814566363232753,14.12604127354175,7.326381057828443,0.7971175166297118,1.0,1.0
1217,1.9809175816905882,14.146924934934274,7.340757297568311,0.7953410981697171,1.0,1.0
1218,1.980361889286167,14.167415233270166,7.355204287490981,0.7963374028856826,1.0,1.0
1219,1.9800047079196685,14.188422001502447,7.369222654076006,0.7962243198223209,1.0,1.0
1220,1.9796181809997804,14.20969246650865,7.383466244982005,0.7988888888888889,1.0,1.0
1221,1.9791450618651056,14.230828291719716,7.3975714671694295,0.7982212340188994,1.0,1.0
1222,1.9787218700866236,14.251684539712194,7.4113217305919274,0.8014460511679644,1.0,1.0
1223,1.9780696175548853,14.272002425400997,7.4247849294992845,0.803561491374513,1.0,1.0
1224,1.977476152778597,14.292415085357352,7.438406059710427,0.8012249443207127,1.0,1.0
1225,1.9768755863921406,14.313114283024735,7.45216353749102,0.8022284122562674,1.0,1.0
1226,1.9760094946294051,14.33294204746131,7.465635414145876,0.802675585284281,1.0,1.0
1227,1.9751343149681297,14.3525305840463,7.479559197207584,0.8008923591745678,1.0,1.0
1228,1.974143441317409,14.372699431823003,7.4935508673757445,0.7991071428571429,1.0,1.0
1229,1.973190722260201,14.391450884257138,7.507739797484861,0.8006700167504187,1.0,1.0
1230,1.9721803041947428,14.410338877267932,7.521780331656864,0.8005586592178771,1.0,1.0
1231,1.971219715060421,14.42926430943561,7.535834951685408,0.8026830631637787,1.0,1.0
1232,1.9702860721599476,14.44804684339277,7.549012937531896,0.8025727069351231,1.0,1.0
1233,1.9695780035901533,14.467068245291859,7.562794730891284,0.8041410184667039,1.0,1.0
1234,1.9688356247410501,14.48672201062623,7.5769959470134784,0.8068309070548713,1.0,1.0
1235,1.9682893582972356,14.506888596173678,7.590959444029919,0.807843137254902,1.0,1.0
1236,1.9676857872347713,14.527071658043162,7.605457074397122,0.8066143497757847,1.0,1.0
1237,1.9670132952601413,14.547248867714703,7.6197023997226,0.8087492989343803,1.0,1.0
1238,1.966066397638763,14.567436003923714,7.634037999575921,0.808641975308642,1.0,1.0
1239,1.965065267776624,14.587777602040743,7.647960036298857,0.8102189781021898,1.0,1.0
1240,1.9642403617534225,14.607973866251783,7.661662746983162,0.8134831460674158,1.0,1.0
1241,1.9634211349983541,14.628607579185127,7.675307710365435,0.8145025295109612,1.0,1.0
1242,1.9623596249401833,14.648099303187538,7.689022106636791,0.8149606299212598,1.0,1.0
1243,1.9612230497255532,14.66681065916566,7.7030397235996455,0.814856499718627,1.0,1.0
1244,1.9599915541206019,14.686213109403734,7.717258026530075,0.8181306306306306,1.0,1.0
1245,1.9588444770270355,14.704773326599016,7.73177317137773,0.8174647887323944,1.0,1.0
1246,1.9578297823918587,14.724367574929834,7.745815921166998,0.8162344983089064,1.0,1.0
1247,1.9567866611374176,14.743763340829684,7.759655640453666,0.8161308516638466,1.0,1.0
1248,1.9556389574316257,14.762986327877968,7.773307022187224,0.8182844243792325,1.0,1.0
1249,1.9545176330429488,14.782248295295457,7.787636830886375,0.8170525127046866,1.0,1.0
1250,1.9533109882496504,14.801531915707098,7.8020021467409455,0.8163841807909604,1.0,1.0
1251,1.9521918542110974,14.821665644215585,7.816208833492713,0.817976257772753,1.0,1.0
1252,1.9513787725764713,14.841267544468073,7.829329937238799,0.8184389140271493,1.0,1.0
1253,1.9507154154624748,14.862011934224968,7.84197584439801,0.8200339558573854,1.0,1.0
1254,1.9502555608261853,14.883961208915988,7.854042156088048,0.8227633069082673,1.0,1.0
1255,1.9498536448987285,14.905638388000071,7.867074945783522,0.8215297450424929,1.0,1.0
1256,1.9494141618546315,14.927776492999088,7.880914709828238,0.8236961451247166,1.0,1.0
1257,1.9489989961197294,14.949858077880863,7.894967982736882,0.8230289279636982,1.0,1.0
1258,1.9487415489538282,14.971554081994375,7.908237459235282,0.8263337116912599,1.0,1.0
1259,1.9484756433778856,14.993326298904666,7.921905233914281,0.8273708120386144,1.0,1.0
1260,1.94815200565675,15.014753071366385,7.935494477343462,0.8289772727272727,1.0,1.0
1261,1.9477862713919758,15.03631604968924,7.949602215565749,0.8294485503126776,1.0,1.0
1262,1.9476194592247789,15.05942368115742,7.963202870556922,0.8310580204778157,1.0,1.0
1263,1.9472107599441997,15.082039123540001,7.976759674907698,0.8309618668184405,1.0,1.0
1264,1.9468330746600178,15.104048951145694,7.990968997149357,0.8297266514806378,1.0,1.0
1265,1.9464379594489862,15.125814521622493,8.00525239330485,0.833048433048433,1.0,1.0
1266,1.9462450932943398,15.147205964066096,8.019829758596856,0.8340935005701254,1.0,1.0
1267,1.9460776916541578,15.1691552637457,8.034195965895254,0.8357102110667427,1.0,1.0
1268,1.9459731470294364,15.191371265014364,8.048981553492975,0.8356164383561644,1.0,1.0
1269,1.9460476420259882,15.213466751320883,8.063242568996968,0.8349514563106796,1.0,1.0
1270,1.9462320940377391,15.23593957734187,8.076600858870387,0.8348571428571429,1.0,1.0
1271,1.9463857821697157,15.25870259317016,8.089447783338535,0.8381932532875929,1.0,1.0
1272,1.9465656413071828,15.281099439536034,8.102418903736035,0.8392448512585813,1.0,1.0
1273,1.9465081712573895,15.30318212008862,8.115546120281937,0.8397252432741843,1.0,1.0
1274,1.946470814163563,15.324703875789062,8.129354975091598,0.8396334478808706,1.0,1.0
1275,1.9466710980007607,15.347957021778797,8.143128439865638,0.839541547277937,1.0,1.0
1276,1.946733030743032,15.369469745580316,8.156800449595508,0.8371559633027523,1.0,1.0
1277,1.9468623806919285,15.390893855492157,8.170752541924104,0.840504876649455,1.0,1.0
1278,1.9468639770044847,15.411801493515114,8.184979352381276,0.8409873708381171,1.0,1.0
1279,1.9467345986570461,15.434180563265512,8.199309134897621,0.8408960367604825,1.0,1.0
1280,1.9466222597198506,15.456849826110055,8.213482649484797,0.8413793103448276,1.0,1.0
1281,1.9466527110301675,15.479734809261267,8.22792340068179,0.8418631397354802,1.0,1.0
1282,1.9465578829562933,15.502875085014072,8.242041021368063,0.8400460299194477,1.0,1.0
1283,1.9465012796848065,15.527625607486506,8.256266451782874,0.842832469775475,1.0,1.0
1284,1.9464370088787368,15.55310974721687,8.270217862140466,0.8444700460829493,1.0,1.0
1285,1.946284216556618,15.578839021966038,8.284271779881728,0.8472622478386167,1.0,1.0
1286,1.9459804755961259,15.604486859993486,8.298321899797868,0.8442906574394463,1.0,1.0
1287,1.9456418842611947,15.629789426941898,8.312160223216745,0.8453548759376803,1.0,1.0
1288,1.9452393113222644,15.655112848403084,8.326093175122022,0.8469976905311778,1.0,1.0
1289,1.9446841209994312,15.678622094170535,8.339796337850997,0.8497978047371462,1.0,1.0
1290,1.9440330778764783,15.702105475336854,8.353791785553822,0.8502890173410405,1.0,1.0
1291,1.943441677375223,15.725260028435859,8.36774028964076,0.8502024291497976,1.0,1.0
1292,1.9431043973656708,15.748915458816837,8.381727716248554,0.8535879629629629,1.0,1.0
1293,1.9426407930354117,15.771473665249328,8.395815173279129,0.8552403011001737,1.0,1.0
1294,1.9423299317350413,15.795651855463792,8.409979300080648,0.8568945538818077,1.0,1.0
1295,1.9420339373968527,15.819059204234115,8.424177018125507,0.8591304347826086,1.0,1.0
1296,1.9416130756630248,15.842542339107801,8.438575052922472,0.8625290023201856,1.0,1.0
1297,1.9410723407307806,15.865309523032193,8.452857677969387,0.8601276842716192,1.0,1.0
1298,1.9403693613757584,15.885614723625034,8.46719879457112,0.8612078977932637,1.0,1.0
1299,1.939908906396153,15.905987030757576,8.481275731612296,0.863451481696688,1.0,1.0
1300,1.9395419986921683,15.926775616353419,8.494997946417186,0.8686046511627907,1.0,1.0
1301,1.9391832094201558,15.947736597161592,8.50842599625962,0.8679464805119256,1.0,1.0
1302,1.939101117679437,15.969324935305718,8.520790399643081,0.8690337601862631,1.0,1.0
1303,1.9390687264774091,15.989751922818444,8.532967180541169,0.8666278392545137,1.0,1.0
1304,1.9390469954767124,16.011196900921906,8.545057289705435,0.872960372960373,1.0,1.0
1305,1.9390282410980335,16.034219042508045,8.557366792537328,0.8740524781341108,1.0,1.0
1306,1.93912891263705,16.056389248458206,8.569962526052748,0.8745624270711785,1.0,1.0
1307,1.9393402558982211,16.079501370880802,8.582344018837283,0.8750729713952131,1.0,1.0
1308,1.9395296613894273,16.102458805374965,8.59513542223616,0.8773364485981309,1.0,1.0
1309,1.9396831546817381,16.123487345953624,8.608033310132203,0.8772647574517826,1.0,1.0
1310,1.9395848377083338,16.142265318766064,8.621081682919485,0.876608187134503,1.0,1.0
1311,1.9392978583705267,16.160161035497538,8.63396163290276,0.8800468110005851,1.0,1.0
1312,1.9389567019729956,16.17962070794297,8.647038572172175,0.879976580796253,1.0,1.0
1313,1.9383395177752396,16.19752743658077,8.660075842882941,0.8804920913884007,1.0,1.0
1314,1.937984680554483,16.217247270899367,8.67313739447435,0.8786635404454866,1.0,1.0
1315,1.937484778427553,16.237583758897216,8.68605621658221,0.881524926686217,1.0,1.0
1316,1.9370852697446217,16.25817713155773,8.69898520350086,0.8796948356807511,1.0,1.0
1317,1.9369754067023297,16.281377932590004,8.71194944925542,0.8819729888432178,1.0,1.0
1318,1.9370000404551309,16.306252854112678,8.724842250543443,0.8836662749706228,1.0,1.0
1319,1.9372123842795324,16.333867436272058,8.738017153036294,0.884185773074662,1.0,1.0
1320,1.937274905367128,16.360808271919808,8.75106876889483,0.8811764705882353,1.0,1.0
1321,1.9375018921520426,16.388661353320582,8.764123790092729,0.8822836962919365,1.0,1.0
1322,1.937623847294859,16.41750744559283,8.776975850231915,0.8798586572438163,1.0,1.0
1323,1.9376531707168496,16.445106063596217,8.78963338907577,0.8821449616971125,1.0,1.0
1324,1.9376945608940872,16.473561747570635,8.80228289389862,0.8797169811320755,1.0,1.0
1325,1.9378281576308771,16.501035064161158,8.815500851412407,0.8814159292035398,1.0,1.0
1326,1.9380630802239474,16.52795337684448,8.828722967470863,0.8819362455726092,1.0,1.0
1327,1.9383685005922708,16.556161816048917,8.8420204772068,0.8824571766095688,1.0,1.0
1328,1.9385978224036913,16.583744648925855,8.855300929144956,0.8823877068557919,1.0,1.0
1329,1.9387946045590467,16.61224621651558,8.868473091835236,0.8840922531046718,1.0,1.0
1330,1.9390122001331784,16.640557310707933,8.881721039775874,0.8840236686390532,1.0,1.0
1331,1.939313489716264,16.66858539088009,8.894653768430793,0.8839550029603316,1.0,1.0
1332,1.939538123121161,16.693928299485616,8.907620072330657,0.8832938388625592,1.0,1.0
1333,1.9399518548833532,16.719555842292078,8.920516192349057,0.8808535862477771,1.0,1.0
1334,1.940351120972885,16.74529536038715,8.933701153728437,0.8831553973902728,1.0,1.0
1335,1.9407689125549303,16.76929848679759,8.946992277345057,0.8836795252225519,1.0,1.0
1336,1.941099630866682,16.79392871817821,8.959574758719516,0.8842042755344418,1.0,1.0
1337,1.9415316034745105,16.818058395595028,8.972086533169536,0.8835412953060012,1.0,1.0
1338,1.941852578281875,16.84320182329602,8.984458538205375,0.8846611177170036,1.0,1.0
1339,1.9421671847641115,16.869890597116243,8.99688765672044,0.8851873884592505,1.0,1.0
1340,1.942466630481427,16.89577855337194,9.009617657002035,0.8833333333333333,1.0,1.0
1341,1.942796522205553,16.92231034948162,9.02264604006827,0.8832638475282907,1.0,1.0
1342,1.9431349271530067,16.949085115838734,9.035676899655858,0.8837902264600715,1.0,1.0
1343,1.9434320680404928,16.974749822795076,9.048633583607867,0.8837209302325582,1.0,1.0
1344,1.9437895824471736,17.001334448708075,9.062328250433865,0.8890214797136038,1.0,1.0
1345,1.9441746711867596,17.02948291962335,9.075826554767731,0.888955223880597,1.0,1.0
1346,1.9443916006678357,17.058211257927404,9.088868024114964,0.8900836320191159,1.0,1.0
1347,1.94467258663895,17.086826158089732,9.102180081400153,0.891213389121339,1.0,1.0
1348,1.9448850405439666,17.1165514828849,9.115368910426675,0.8899521531100478,1.0,1.0
1349,1.945169879093478,17.147287305740438,9.127986319393122,0.8892878515858768,1.0,1.0
1350,1.9453811736579933,17.177924868762265,9.140854112023113,0.8928143712574851,1.0,1.0
1351,1.9455349301320461,17.20779935135533,9.153730169131927,0.889754343918514,1.0,1.0
1352,1.9457406841198388,17.238302644691988,9.1668380578464,0.8920863309352518,1.0,1.0
1353,1.9457857515788877,17.268549605804292,9.179246337470252,0.889622075584883,1.0,1.0
1354,1.9456638655167706,17.297923369631235,9.192274083125175,0.8889555822328932,1.0,1.0
1355,1.9455702434690074,17.328448754691955,9.205196407304305,0.8900900900900901,1.0,1.0
1356,1.9452613969496906,17.356343817782665,9.21806570573711,0.890625,1.0,1.0
1357,1.9449113638694557,17.382909492087364,9.231109438801303,0.8923631990378833,1.0,1.0
1358,1.9447126130296337,17.40926813159199,9.244363495836776,0.8929001203369434,1.0,1.0
1359,1.9446051018533892,17.43692435593049,9.257944351318878,0.8952438290186635,1.0,1.0
1360,1.9446498043155174,17.467609900627956,9.271702071921846,0.8981927710843374,1.0,1.0
1361,1.944541492610973,17.496638867844577,9.285237636923641,0.8975286317058468,1.0,1.0
1362,1.9444209579150478,17.526998492068824,9.298658485072375,0.8962605548854041,1.0,1.0
1363,1.9443325612782276,17.55664354990175,9.311734417096789,0.8974049487024743,1.0,1.0
1364,1.9441304191443856,17.581089072142607,9.325297169111987,0.8979468599033816,1.0,1.0
1365,1.9439247579459007,17.607357434158946,9.339040559388394,0.9021148036253777,1.0,1.0
1366,1.9439075078155799,17.634957320790715,9.353655720768565,0.900241837968561,1.0,1.0
1367,1.9438892696277934,17.664119290140537,9.367944124016537,0.8983666061705989,1.0,1.0
1368,1.9438875490567469,17.69152251394362,9.382572261461075,0.9001210653753027,1.0,1.0
1369,1.9439999926205935,17.720882082431327,9.397338702720878,0.8976377952755905,1.0,1.0
1370,1.9441828682142932,17.74905828828457,9.412494702851541,0.8963636363636364,1.0,1.0
1371,1.9443965787248276,17.777343275432937,9.42751799089612,0.8981200727713766,1.0,1.0
1372,1.9443802415517768,17.803733063638447,9.442731846743397,0.8992718446601942,1.0,1.0
1373,1.9444778080651386,17.830638975934338,9.458364139167807,0.8986035215543412,1.0,1.0
1374,1.944636389027414,17.85688915025533,9.474507896065084,0.8973268529769137,1.0,1.0
1375,1.9447165594073699,17.88325426466741,9.490382460371183,0.894224924012158,1.0,1.0
1376,1.9449911544805443,17.909953963651766,9.506990633938429,0.8929440389294404,1.0,1.0
1377,1.9454293046603466,17.93777183848299,9.523473254947472,0.8947048082775411,1.0,1.0
1378,1.9457427327600179,17.96518424571135,9.540113882996527,0.8915956151035322,1.0,1.0
1379,1.9461821482303,17.992600910101316,9.556487625566401,0.8903107861060329,1.0,1.0
1380,1.9465132082735408,18.019042091946726,9.572828985714583,0.8908536585365854,1.0,1.0
1381,1.946825431595835,18.045418908285498,9.589116752796564,0.8926174496644296,1.0,1.0
1382,1.9471783052748832,18.07226266167012,9.605440863246208,0.8913308913308914,1.0,1.0
1383,1.947443349594319,18.097237143514647,9.62214361542859,0.887599266951741,1.0,1.0
1384,1.947647540156925,18.121491499812027,9.638681374825842,0.8863080684596577,1.0,1.0
1385,1.947892042247789,18.145659277175145,9.655181390058017,0.8844036697247707,1.0,1.0
1386,1.948039380982755,18.170074968265805,9.67194275569455,0.8843329253365974,1.0,1.0
1387,1.9479681430855207,18.194989386817447,9.688300917731723,0.8854868340477648,1.0,1.0
1388,1.9481024770038922,18.21992442160783,9.704540443587538,0.8872549019607843,1.0,1.0
1389,1.9482631528885785,18.24393514939737,9.721283741077492,0.8877988963825874,1.0,1.0
1390,1.9484932934840953,18.26764467143795,9.737951381081414,0.8883435582822086,1.0,1.0
1391,1.9485689192927216,18.290472166013586,9.754921309424748,0.8919582565991406,1.0,1.0
1392,1.9486785989478623,18.312808025434652,9.771794292584644,0.8925061425061425,1.0,1.0
1393,1.9486575433254656,18.33653094027638,9.788808107901907,0.8948985863552551,1.0,1.0
1394,1.9486756591632286,18.358902210975923,9.80554485620071,0.8960639606396064,1.0,1.0
1395,1.9487168648546376,18.383081585265277,9.822059848072769,0.8923076923076924,1.0,1.0
1396,1.9486858319110136,18.404946525881215,9.838610995636973,0.8922413793103449,1.0,1.0
1397,1.9485944098951982,18.427486689025017,9.85504302417356,0.8927911275415896,1.0,1.0
1398,1.9486115740694836,18.45154143361432,9.871529089303971,0.8890258939580764,1.0,1.0
1399,1.9487170191439391,18.47634216422388,9.888370203201227,0.8932757557063541,1.0,1.0
1400,1.9486249078141407,18.500262539460568,9.904744369620301,0.8932098765432098,1.0,1.0
1401,1.9487380268078582,18.525492271285888,9.9221197240321,0.8919085855466338,1.0,1.0
1402,1.948868361530928,18.549495875774387,9.939425918013377,0.896168108776267,1.0,1.0
1403,1.9489778318377537,18.57262566296815,9.956922158547451,0.8973407544836116,1.0,1.0
1404,1.9490813021484619,18.59604559634692,9.974933847863973,0.9028465346534653,1.0,1.0
1405,1.948934944271513,18.619006817292437,9.994516742138208,0.9027863777089783,1.0,1.0
1406,1.9486529988031642,18.64145804783784,10.01337557733629,0.9039653035935564,1.0,1.0
1407,1.9482934230615507,18.663944359679988,10.032979335677883,0.9014259144451333,1.0,1.0
1408,1.9478684811087474,18.686062089251887,10.0535488324436,0.9007444168734491,1.0,1.0
1409,1.947580277823753,18.708796313909872,10.073142402386619,0.9019242706393544,1.0,1.0
1410,1.9471927589106452,18.731145652498107,10.092907207339305,0.9006211180124224,1.0,1.0
1411,1.947007374743221,18.754938042015215,10.111957948740235,0.9055313859540087,1.0,1.0
1412,1.946370997269342,18.778222748061136,10.131538729302084,0.9085820895522388,1.0,1.0
1413,1.9463910177605388,18.80224813505067,10.149273607175262,0.9054138145612943,1.0,1.0
1414,1.9465021341061493,18.825009348164805,10.16705550942384,0.9115815691158157,1.0,1.0
1415,1.946915721807737,18.849017411217222,10.184575512243061,0.9077881619937694,1.0,1.0
1416,1.9472743157847494,18.872893899477642,10.201596910604142,0.9064837905236908,1.0,1.0
1417,1.9477206273916636,18.89705305534696,10.218444877577019,0.9089207735495946,1.0,1.0
1418,1.9481523788062867,18.920939437137967,10.235461159866622,0.9126092384519351,1.0,1.0
1419,1.9485071276668227,18.943937530606707,10.25079680165904,0.9119300437226733,1.0,1.0
1420,1.9487946881013483,18.967815751301938,10.267270730836465,0.91625,1.0,1.0
1421,1.948790471540805,18.99094780972023,10.28496823769163,0.9174484052532833,1.0,1.0
1422,1.9488602106880506,19.014659972899324,10.301730209329966,0.9224030037546934,1.0,1.0
1423,1.9487757098864928,19.03800370776111,10.319109813663745,0.9192235441452724,1.0,1.0
1424,1.9486085956789396,19.06176892281752,10.335633942784037,0.9197994987468672,1.0,1.0
1425,1.948330900334405,19.084175613277335,10.35329544621341,0.9235109717868338,1.0,1.0
1426,1.9482842201908648,19.107104420482035,10.366530902758567,0.9140526976160602,1.0,1.0
1427,1.9482940944215095,19.132350946036482,10.380414756750135,0.9121155053358443,1.0,1.0
1428,1.9487209560371688,19.16628656147436,10.394021490518625,0.9114321608040201,1.0,1.0
1429,1.9489922133238595,19.198588929571883,10.407768155344622,0.9132620993086109,1.0,1.0
1430,1.9492958259663398,19.229770027878153,10.42134292466505,0.9113207547169812,1.0,1.0
1431,1.9494644458978847,19.259664066505035,10.434554637387238,0.9162995594713657,1.0,1.0
1432,1.949612988515342,19.287614569902715,10.448017097479903,0.9181360201511335,1.0,1.0
1433,1.9499042092550989,19.31775815432476,10.461523201642574,0.9193446754883428,1.0,1.0
1434,1.950154131321697,19.345192616352872,10.475045023574001,0.9192938209331651,1.0,1.0
1435,1.950411827666228,19.37647209959267,10.488895427943627,0.9192429022082019,1.0,1.0
1436,1.9507485694154145,19.406388466782474,10.5023615753723,0.9210858585858586,1.0,1.0
1437,1.9511088625557245,19.435425623811582,10.515913252882743,0.9279848389134555,1.0,1.0
1438,1.9514108344630836,19.464665894850942,10.529321505242182,0.9254108723135271,1.0,1.0
1439,1.9518227932423668,19.49239193883482,10.542866046029589,0.9247311827956989,1.0,1.0
1440,1.9523627889140747,19.520429398046705,10.556271705568943,0.9284810126582278,1.0,1.0
1441,1.953061584084768,19.548626707571,10.569922445867551,0.9252691576947435,1.0,1.0
1442,1.9534664027815083,19.5737149754361,10.583200594275473,0.9220532319391636,1.0,1.0
1443,1.9539458632867812,19.60134068123154,10.596719750041292,0.9239061509194674,1.0,1.0
1444,1.954406505927744,19.630604799723496,10.609862823295789,0.9238578680203046,1.0,1.0
1445,1.9548414322929561,19.659998293687803,10.623170824571234,0.9225396825396825,1.0,1.0
1446,1.9552225050187286,19.687321593964157,10.636509300188818,0.9212198221092758,1.0,1.0
1447,1.955522862281434,19.710990078851097,10.649972758828778,0.919262555626192,1.0,1.0
1448,1.9557648453437086,19.735718513057677,10.663240127593948,0.9211195928753181,1.0,1.0
1449,1.9558776504201278,19.760071908038213,10.676443618501516,0.9185232336091661,1.0,1.0
1450,1.9558615586633796,19.78352475958359,10.689722194781552,0.9152866242038217,1.0,1.0
1451,1.9559613205989403,19.808480152685025,10.702713759100513,0.9177820267686424,1.0,1.0
1452,1.9562731648132796,19.83335700953497,10.71608034753859,0.9177295918367347,1.0,1.0
1453,1.956487454090205,19.85892001027074,10.729304015596083,0.9164007657945118,1.0,1.0
1454,1.956566651518943,19.884444116003852,10.742706890901747,0.9182630906768838,1.0,1.0
1455,1.9565766775218376,19.90975102408521,10.755673365667048,0.9201277955271565,1.0,1.0
1456,1.9565662101487982,19.935764727403505,10.769074047011982,0.9187979539641944,1.0,1.0
1457,1.9563803227701215,19.961653128329356,10.782449821602187,0.9168266154830454,1.0,1.0
1458,1.9561752965750303,19.98682276966289,10.794135897955446,0.9174135723431498,1.0,1.0
1459,1.9560338912946875,20.01368786629332,10.806084039695463,0.9180012812299808,1.0,1.0
1460,1.955879193137281,20.041235904710955,10.818107530063115,0.9166666666666666,1.0,1.0
1461,1.9557490044968264,20.07370152882267,10.830083124161742,0.9185375240538807,1.0,1.0
1462,1.9557604779472264,20.108992719015706,10.842270413867938,0.9197689345314506,1.0,1.0
1463,1.9557644955397266,20.144593020163498,10.85445628052902,0.9203596660244059,1.0,1.0
1464,1.9558114192180178,20.182336019729394,10.866854725077781,0.9196658097686375,1.0,1.0
1465,1.9559847449852676,20.219113008885405,10.878993742202612,0.9196141479099679,1.0,1.0
1466,1.9563322638668097,20.257950972582062,10.891407610431937,0.9202059202059202,1.0,1.0
1467,1.9565230612984776,20.295095404394395,10.903544749539773,0.9201545396007726,1.0,1.0
1468,1.956739045238123,20.33204297588582,10.91590251789938,0.9201030927835051,1.0,1.0
1469,1.9568330299759755,20.368508620600473,10.928519924894955,0.9213410702772404,1.0,1.0
1470,1.9570389374846198,20.406092109104808,10.940936222078873,0.9219354838709677,1.0,1.0
1471,1.9571647846358144,20.441600232294377,10.953837166192159,0.9225306649451259,1.0,1.0
1472,1.9572229577864955,20.47640151119713,10.966827119494873,0.9231266149870802,1.0,1.0
1473,1.9573532560488134,20.511733676947333,10.979473260589927,0.9263089851325146,1.0,1.0
1474,1.9573741917434762,20.54648427842939,10.992669881578657,0.9236739974126779,1.0,1.0
1475,1.9574934098099255,20.582244612358654,11.005773155503961,0.9249190938511327,1.0,1.0
1476,1.9576087119582972,20.618933914711434,11.019104539935771,0.9229274611398963,1.0,1.0
1477,1.9581393128947737,20.65646901433239,11.032033890867405,0.9267660401814647,1.0,1.0
1478,1.9585997535718778,20.69539624170002,11.044840552176229,0.9280155642023347,1.0,1.0
1479,1.9591093335394896,20.734270866597758,11.057827066341362,0.9279688513951979,1.0,1.0
1480,1.9595966195835,20.773067132580103,11.070444841589396,0.9292207792207792,1.0,1.0
1481,1.960043174136993,20.812074937186814,11.083151715680389,0.9298245614035088,1.0,1.0
1482,1.9603814380371711,20.84966578786545,11.096317974681341,0.9310793237971391,1.0,1.0
1483,1.9609032343440216,20.888023488833923,11.109675205434504,0.9323357189329864,1.0,1.0
1484,1.9615519818862657,20.92668394820706,11.1229138699544,0.9342447916666666,1.0,1.0
1485,1.9620362622426726,20.962983517130162,11.13623648695145,0.9348534201954397,1.0,1.0
1486,1.9624922573992423,21.00019297517083,11.149555565003064,0.9367666232073012,1.0,1.0
1487,1.9629417887531806,21.03807575044649,11.163325763856323,0.9360730593607306,1.0,1.0
1488,1.9634895041611073,21.075357407567072,11.177015571120826,0.9386422976501305,1.0,1.0
1489,1.9641402173401386,21.112075105969943,11.190572523911216,0.9451338994121489,1.0,1.0
1490,1.9649758459976718,21.15080174475502,11.204123726616293,0.9477124183006536,1.0,1.0
1491,1.965830454512969,21.189844275012497,11.217679939311822,0.9509483322432962,1.0,1.0
1492,1.9665198201532024,21.226067428954366,11.230956072680215,0.9528795811518325,1.0,1.0
1493,1.9671322065744663,21.26166717681561,11.244764455845022,0.9554682383759004,1.0,1.0
1494,1.9675253927293768,21.2963690796672,11.25867725899698,0.95478374836173,1.0,1.0
1495,1.9683073744438286,21.33245270028262,11.272468969589575,0.9540983606557377,1.0,1.0
1496,1.9689942781149683,21.366398962539492,11.28595500077104,0.9560367454068242,1.0,1.0
1497,1.969749171764208,21.399775920558614,11.2995031127011,0.9553512803676953,1.0,1.0
1498,1.9703617181792972,21.43250015442061,11.312823698572366,0.9553219448094612,1.0,1.0
1499,1.9710397799808845,21.46571769885401,11.326401732006879,0.9559500328731098,1.0,1.0
1500,1.9717641096672496,21.498872686389358,11.340027879939436,0.9585526315789473,1.0,1.0
1501,1.9724952664179807,21.533042266479438,11.354162751784589,0.9585253456221198,1.0,1.0
1502,1.9731062841002147,21.56681148167292,11.368113431542954,0.961133069828722,1.0,1.0
1503,1.9739228138555107,21.60264350011848,11.382649558390861,0.961766644693474,1.0,1.0
1504,1.9745853226439225,21.637358648908176,11.396998602493511,0.9597625329815304,1.0,1.0
1505,1.975376590128607,21.671262017912618,11.411490748722304,0.9603960396039604,1.0,1.0
1506,1.9762046213555986,21.704943600769848,11.425367307454179,0.9610303830911493,1.0,1.0
1507,1.9770850195618068,21.739333997591878,11.439719899179666,0.9616655651024455,1.0,1.0
1508,1.9779842735400999,21.773920919817687,11.454130213825911,0.9642857142857143,1.0,1.0
1509,1.978807222224205,21.80833570897796,11.468736892012602,0.9642620780939775,1.0,1.0
1510,1.9796489328696278,21.8413747444422,11.48356316921759,0.9635761589403974,1.0,1.0
1511,1.9803962042567722,21.87519589299227,11.498189503103927,0.9628893306825712,1.0,1.0
1512,1.9812490740310689,21.909075779338885,11.513092807897104,0.9641909814323607,1.0,1.0
1513,1.9819212008321356,21.94267118167733,11.528287064507166,0.9648307896483079,1.0,1.0
1514,1.982744059333246,21.97627620068521,11.543543536591274,0.9634794156706508,1.0,1.0
1515,1.9836601716572324,22.01031334833715,11.558597546335394,0.9627906976744186,1.0,1.0
1516,1.9846874807971093,22.04489736836691,11.573718987018456,0.9621010638297872,1.0,1.0
1517,1.9855707448764264,22.07806537336543,11.588879099303389,0.9607451763140386,1.0,1.0
1518,1.9864624969055251,22.113124746300645,11.604130975456693,0.9613848202396804,1.0,1.0
1519,1.9870317853800608,22.145527680894617,11.6190552952455,0.9620253164556962,1.0,1.0
1520,1.9877465332952033,22.179838841982185,11.634225034849031,0.9633333333333334,1.0,1.0
1521,1.988336412892291,22.21304380432513,11.64916964800697,0.9639759839893263,1.0,1.0
1522,1.9889422732155273,22.246616646911672,11.663943201516213,0.9619492656875834,1.0,1.0
1523,1.9896508992958353,22.280025788937362,11.678681240753328,0.9625918503674015,1.0,1.0
1524,1.9904481917584353,22.31474559771941,11.693124880968798,0.9612299465240641,1.0,1.0
1525,1.9909978803607289,22.346753725809375,11.707685313875585,0.9612040133779264,1.0,1.0
1526,1.9915294545569922,22.379715636863086,11.722365705276742,0.9591700133868809,1.0,1.0
1527,1.9919430397334839,22.413879099059265,11.73695899785608,0.9598124581379772,1.0,1.0
1528,1.9926990092492154,22.44907932956994,11.748481817732964,0.960455764075067,1.0,1.0
1529,1.9932453468120659,22.48424072275655,11.761171464863784,0.9617706237424547,1.0,1.0
1530,1.9936073593856138,22.51928965091516,11.77494081810548,0.9583892617449664,1.0,1.0
1531,1.9938621256050624,22.554079830038443,11.788619349059413,0.9597044996642041,1.0,1.0
1532,1.9940190925430863,22.58891947154825,11.802732684011843,0.9623655913978495,1.0,1.0
1533,1.9942408140683094,22.625799454951693,11.816893878228147,0.9623402824478816,1.0,1.0
1534,1.9944411554550008,22.66104951854591,11.83127644855293,0.9616419919246298,1.0,1.0
1535,1.994773787594529,22.699565415831685,11.84540060262732,0.9622895622895623,1.0,1.0
1536,1.9948998030027187,22.73681731085474,11.859152781800054,0.9636118598382749,1.0,1.0
1537,1.9952005294462847,22.77291605771257,11.873032340395383,0.9602157788267026,1.0,1.0
1538,1.9952053452862357,22.805771980696615,11.887333769626228,0.9608636977058029,1.0,1.0
1539,1.995230655635759,22.84036714707754,11.90166999309949,0.9608372721134368,1.0,1.0
1540,1.9953444072800834,22.875081926425747,11.915972187901938,0.9614864864864865,1.0,1.0
1541,1.9952965743666344,22.90913807444145,11.930389903656991,0.9628127112914131,1.0,1.0
1542,1.9951791412556055,22.94297030796205,11.945021681474284,0.9607577807848444,1.0,1.0
1543,1.9951067947756165,22.977129553749545,11.959665891249102,0.9620853080568721,1.0,1.0
1544,1.9949492401021638,23.01154949033953,11.97472684035102,0.9634146341463414,1.0,1.0
1545,1.994915131079933,23.0458553460957,11.990095691983345,0.9633898305084746,1.0,1.0
1546,1.9949710784576637,23.08299366256893,12.005360555798486,0.9640434192672999,1.0,1.0
1547,1.994998356128868,23.11958673883197,12.020472287704326,0.9646978954514596,1.0,1.0
1548,1.9952117221104624,23.15649880824445,12.035873310764694,0.9639945652173914,1.0,1.0
1549,1.9953421177201072,23.192827148959555,12.052619178462495,0.9673691366417403,1.0,1.0
1550,1.9957373765087196,23.230209478209304,12.069408676473511,0.9666666666666667,1.0,1.0
1551,1.9957225732964237,23.266206618208823,12.086488024726874,0.9680054458815521,1.0,1.0
1552,1.9952884681222234,23.301253434714116,12.104473273818055,0.9693460490463215,1.0,1.0
1553,1.9951410099449522,23.336795244191524,12.11930373713047,0.9686434901158828,1.0,1.0
1554,1.994969773401452,23.37277271462392,12.134958617139374,0.9686221009549796,1.0,1.0
1555,1.9945424662593807,23.407774856121183,12.149942953047583,0.9699658703071672,1.0,1.0
1556,1.9939962491125618,23.442691764412093,12.165432237382317,0.9692622950819673,1.0,1.0
1557,1.993841144496051,23.478268537795334,12.18089524743857,0.9692412850307587,1.0,1.0
1558,1.99352419599154,23.51381939895522,12.194790674329125,0.96922024623803,1.0,1.0
1559,1.993448920902618,23.55053505822008,12.208741352586383,0.9705681040383299,1.0,1.0
1560,1.99340183055227,23.58784355495447,12.223095045136727,0.9698630136986301,1.0,1.0
1561,1.9937974535177445,23.62723931675382,12.2374069576857,0.9705277587388622,1.0,1.0
1562,1.9946096238823106,23.666035700435547,12.251551931645775,0.9705075445816187,1.0,1.0
1563,1.995472717340261,23.704854895404956,12.265632067916009,0.970487302676733,1.0,1.0
1564,1.9964965976951954,23.74415340914334,12.28016745093381,0.970467032967033,1.0,1.0
1565,1.9975946856739903,23.78366961390022,12.294184402998567,0.9697594501718213,1.0,1.0
1566,1.9986380266080053,23.822437436718378,12.308319907058229,0.9704264099037139,1.0,1.0
1567,1.9997294202222684,23.86076126111189,12.322833466569051,0.9697178251892636,1.0,1.0
1568,2.0009111753539375,23.89901795741644,12.337163062701798,0.9683195592286501,1.0,1.0
1569,2.002035982652302,23.93720212738017,12.351780125181659,0.9676085458304617,1.0,1.0
1570,2.0030259333851306,23.975281456291107,12.366028120153029,0.9675862068965517,1.0,1.0
1571,2.0040741344167894,24.01457181755503,12.380535991355469,0.9668737060041408,1.0,1.0
1572,2.0052538999558496,24.0548967873761,12.3954863334817,0.9668508287292817,1.0,1.0
1573,2.006420493046536,24.094539306791052,12.4105705660352,0.9661368348306841,1.0,1.0
1574,2.0075855207489726,24.132693247515775,12.425970619671688,0.9640387275242047,1.0,1.0
1575,2.008724803372216,24.17086627999146,12.440827043199022,0.9633217993079585,1.0,1.0
1576,2.009614867756493,24.20772967497499,12.45555534169654,0.9619113573407202,1.0,1.0
1577,2.0103957840707922,24.245839890219493,12.470548677612513,0.9632709632709633,1.0,1.0
1578,2.0112781962834902,24.283527879987943,12.485620414436035,0.963245492371706,1.0,1.0
1579,2.01212729644707,24.321403333067686,12.500723102689681,0.9618320610687023,1.0,1.0
1580,2.013161903410376,24.36032024734985,12.515522463975296,0.9631944444444445,1.0,1.0
1581,2.0141035797866125,24.398932521621642,12.530249764793886,0.9645587213342599,1.0,1.0
1582,2.014993059561651,24.437835191747986,12.544896687880724,0.9645340751043116,1.0,1.0
1583,2.0157938851285855,24.477055976606287,12.55947759710998,0.9638135003479471,1.0,1.0
1584,2.016613266162848,24.517581837504288,12.574656504131735,0.9637883008356546,1.0,1.0
1585,2.017364494836812,24.558056912981012,12.58981117740386,0.9637630662020906,1.0,1.0
1586,2.0180444658189005,24.598063111466114,12.60497728623775,0.9630404463040446,1.0,1.0
1587,2.0185405854168668,24.638537101182866,12.620026583225872,0.9637124912770412,1.0,1.0
1588,2.0190796085820595,24.678216324660685,12.63531960581259,0.9629888268156425,1.0,1.0
1589,2.019497026201977,24.718035535349227,12.650574842800813,0.9615653389238294,1.0,1.0
1590,2.020166463667857,24.76035498065848,12.665753763628697,0.9608391608391609,1.0,1.0
1591,2.0208383799275778,24.803213671024082,12.681351428377754,0.9594121763470959,1.0,1.0
1592,2.021268335846659,24.84527860332236,12.696874745915569,0.9586834733893558,1.0,1.0
1593,2.0215293855510095,24.886611309908275,12.712403553773797,0.9586545199719692,1.0,1.0
1594,2.021955018324789,24.92826852675015,12.72793068558523,0.958625525946704,1.0,1.0
1595,2.02276598334431,24.96981069218891,12.743684935808343,0.9578947368421052,1.0,1.0
1596,2.023764765798055,25.012108885067576,12.759372923845387,0.9592696629213483,1.0,1.0
1597,2.0251929419202788,25.055827122850786,12.774728566915261,0.9578355586788475,1.0,1.0
1598,2.0267907710309236,25.0990029392173,12.790342758067771,0.959915611814346,1.0,1.0
1599,2.0284903807298647,25.142267431621924,12.805932538982562,0.9577762139338494,1.0,1.0
1600,2.0299897859829965,25.1855373202329,12.821640714273542,0.9626760563380282,1.0,1.0
1601,2.0316586413783013,25.228828623094582,12.83707678478671,0.9640591966173362,1.0,1.0
1602,2.033210451590926,25.272347284084127,12.852840537093131,0.9661495063469676,1.0,1.0
1603,2.0346964214003593,25.316853115364477,12.868664456942694,0.9668313338038109,1.0,1.0
1604,2.0361856712213253,25.36109421290049,12.884468636637267,0.9653954802259888,1.0,1.0
1605,2.0377554355019205,25.4031924450265,12.900297719664621,0.9646643109540636,1.0,1.0
1606,2.0392681791017595,25.44509633645219,12.915882670581908,0.9653465346534653,1.0,1.0
1607,2.0410032528009983,25.48753602157962,12.931546281358775,0.9667374380750177,1.0,1.0
1608,2.0427769686466264,25.53062979251611,12.947179687944974,0.9660056657223796,1.0,1.0
1609,2.0448108610155473,25.57832298730293,12.963005969180527,0.9652728561304039,1.0,1.0
1610,2.0471061070213477,25.630538272026314,12.978703577979571,0.9666666666666667,1.0,1.0
1611,2.049569528577891,25.679987120582098,12.994794429384404,0.9652235628105039,1.0,1.0
1612,2.0520817092373718,25.731353595635575,13.010530864535484,0.9673295454545454,1.0,1.0
1613,2.05465717528814,25.78280892412591,13.026649655189198,0.9680170575692963,1.0,1.0
1614,2.0574167613196277,25.834252935613115,13.043170360340497,0.9679943100995733,1.0,1.0
1615,2.0601133351827836,25.886040163824767,13.059622540324964,0.9679715302491103,1.0,1.0
1616,2.062728239963416,25.937648958593755,13.076260809789222,0.9693732193732194,1.0,1.0
1617,2.065288361409797,25.98856284407118,13.092832636925573,0.9672131147540983,1.0,1.0
1618,2.0677365529148886,26.04033687878797,13.109548279084162,0.9693295292439372,1.0,1.0
1619,2.0700525539080896,26.091497251561776,13.126292350971978,0.9714489650249821,1.0,1.0
1620,2.072429729283133,26.14224625287158,13.143197519685776,0.9707142857142858,1.0,1.0
1621,2.0746998607090643,26.19361597199474,13.160257496300732,0.9714081486776269,1.0,1.0
1622,2.0770818451473385,26.24691481753626,13.176887578293233,0.9713876967095851,1.0,1.0
1623,2.079349924483764,26.29825099116822,13.193746479972084,0.9727988546886185,1.0,1.0
1624,2.0816431523771097,26.349300431458683,13.210995251328162,0.9727793696275072,1.0,1.0
1625,2.0839765770597247,26.399956109121746,13.227508016896534,0.9734767025089606,1.0,1.0
1626,2.086274623352963,26.450746835216936,13.244425334570678,0.9713055954088953,1.0,1.0
1627,2.0883013036066087,26.4999236308402,13.260959586446953,0.9712849964106246,1.0,1.0
1628,2.0904097591033772,26.549698766700228,13.27747295941669,0.9712643678160919,1.0,1.0
1629,2.0924352435477056,26.599999451532128,13.293934791277936,0.9726815240833933,1.0,1.0
1630,2.094484906811152,26.649520846838993,13.311286534485912,0.9733812949640288,1.0,1.0
1631,2.096652901787221,26.698922107527842,13.329034503475452,0.97264218862491,1.0,1.0
1632,2.0988217663401083,26.7478463630493,13.346242690796775,0.9711815561959655,1.0,1.0
1633,2.1010458014587616,26.797138404148665,13.3634096137005,0.9711607786589762,1.0,1.0
1634,2.1031136441892437,26.84577440069118,13.380730875410379,0.974025974025974,1.0,1.0
1635,2.105160527798542,26.895456813482248,13.398191964565425,0.9740072202166065,1.0,1.0
1636,2.1073545390005024,26.94446654666231,13.415701837481846,0.9739884393063584,1.0,1.0
1637,2.1094870867218467,26.994325160531186,13.433595157303326,0.9710773680404917,1.0,1.0
1638,2.1114987270408316,27.04387042401791,13.450981114893432,0.9732272069464544,1.0,1.0
1639,2.113373994427443,27.091940660433053,13.468031313262196,0.9724837074583635,1.0,1.0
1640,2.115202695590063,27.139430870497495,13.485104314296567,0.9746376811594203,1.0,1.0
1641,2.1168965662212846,27.187241033844504,13.502146971688841,0.9746192893401016,1.0,1.0
1642,2.118629904686369,27.23428205731206,13.5198684676494,0.9738751814223512,1.0,1.0
1643,2.1200183955719094,27.2800077251422,13.537737180857125,0.9745824255628177,1.0,1.0
1644,2.121517710621408,27.326212145437008,13.55572082821299,0.9731104651162791,1.0,1.0
1645,2.123105717152165,27.37421451318557,13.57407943135265,0.9716363636363636,1.0,1.0
1646,2.1244309615972834,27.421500156540638,13.59277507294527,0.9723435225618632,1.0,1.0
1647,2.1259033299716346,27.470901843874607,13.61127088827625,0.9745083758193737,1.0,1.0
1648,2.127434314132164,27.521392399787178,13.629893626029633,0.9752186588921283,1.0,1.0
1649,2.12901715650701,27.570439570634697,13.64883700503772,0.9730123997082422,1.0,1.0
1650,2.130612461615727,27.619015113033537,13.667963373430398,0.972992700729927,1.0,1.0
1651,2.1320505426077148,27.66749069101008,13.68585703262381,0.9744338933528123,1.0,1.0
1652,2.133447727454281,27.716290153129304,13.704069365906264,0.9751461988304093,1.0,1.0
1653,2.1349092440549247,27.766220474291114,13.723152197648144,0.9743964886613021,1.0,1.0
1654,2.1363855732646244,27.815930645277245,13.742143172140263,0.9751098096632503,1.0,1.0
1655,2.1376060676582442,27.864973006670528,13.761207642518553,0.9750915750915751,1.0,1.0
1656,2.1389815080464762,27.91380540663108,13.780539396206713,0.9772727272727273,1.0,1.0
1657,2.1405230435803886,27.962777771767954,13.800468057249873,0.9772560528246516,1.0,1.0
1658,2.142022967184925,28.01303194343153,13.819748104037444,0.9787077826725403,1.0,1.0
1659,2.14301987104375,28.06081512231669,13.83953124448696,0.9808963997060984,1.0,1.0
1660,2.144043044485653,28.108953899897386,13.859405037527532,0.9823529411764705,1.0,1.0
1661,2.145149915418336,28.156908947093644,13.879483893764847,0.9838116261957321,1.0,1.0
1662,2.1462877569828422,28.20383981529608,13.899344157029986,0.9837997054491899,1.0,1.0
1663,2.1476150345917824,28.250399709356277,13.919081445808512,0.9837877671333825,1.0,1.0
1664,2.149088375169464,28.297081380486304,13.939009691083085,0.9845132743362832,1.0,1.0
1665,2.150612136386445,28.343643882547315,13.959342141570334,0.9859778597785978,1.0,1.0
1666,2.152097500565139,28.388990506175098,13.980093957586147,0.9859675036927622,1.0,1.0
1667,2.1533412926609916,28.43381208508664,14.000589976923184,0.9866962305986696,1.0,1.0
1668,2.154698235127564,28.479767133170903,14.020900226669427,0.985207100591716,1.0,1.0
1669,2.1559157341507516,28.524892598452002,14.041634274691448,0.9851961509992598,1.0,1.0
1670,2.156984800612441,28.570270426043578,14.062373076177535,0.9874074074074074,1.0,1.0
1671,2.158218873662999,28.61452529607917,14.083103051443585,0.9866567828020756,1.0,1.0
1672,2.1596533955783035,28.659142258926728,14.104707418093962,0.9866468842729971,1.0,1.0
1673,2.1610633109565844,28.70309711416496,14.125780612029963,0.9866369710467706,1.0,1.0
1674,2.1625966392021074,28.748467054667444,14.146816019254677,0.986627043090639,1.0,1.0
1675,2.1641232634541057,28.79326392312499,14.168250484342954,0.9888475836431226,1.0,1.0
1676,2.165779529310697,28.837145148313052,14.1895763571667,0.9880952380952381,1.0,1.0
1677,2.167436835352626,28.880693799325453,14.211310418364326,0.9888309754281459,1.0,1.0
1678,2.1694042000678277,28.92736103586496,14.233173202905627,0.988822652757079,1.0,1.0
1679,2.1712169916498065,28.971972390551915,14.25481214869442,0.9873228933631618,1.0,1.0
1680,2.1729712497407747,29.01948259335086,14.276441082994463,0.9880597014925373,1.0,1.0
1681,2.174811062555927,29.067077995723345,14.298210613322839,0.9873039581777446,1.0,1.0
1682,2.176630532681822,29.113152263667605,14.320501264147083,0.9880418535127056,1.0,1.0
1683,2.17829013744447,29.157489926163517,14.342619358108772,0.9895287958115183,1.0,1.0
1684,2.180073160261867,29.201616498309747,14.36426004853257,0.9887724550898204,1.0,1.0
1685,2.181772757529604,29.244018709834805,14.385296148941524,0.9887640449438202,1.0,1.0
1686,2.1835960503394105,29.290174948137356,14.40602980928723,0.9917541229385307,1.0,1.0
1687,2.1854210052108,29.335065010546533,14.427472925549548,0.9909977494373593,1.0,1.0
1688,2.1872071213830004,29.3802762554734,14.44950760249719,0.9894894894894894,1.0,1.0
1689,2.189067867013972,29.42285872463016,14.47205347471108,0.9887302779864763,1.0,1.0
1690,2.1908380677553536,29.463982681850023,14.494473706108367,0.9909774436090225,1.0,1.0
1691,2.192402684401246,29.50447136281776,14.517206810822913,0.9932279909706546,1.0,1.0
1692,2.193984700695013,29.547946989021767,14.538948698842185,0.9924698795180723,1.0,1.0
1693,2.1956997157820575,29.591409923526978,14.560577687505914,0.9924642049736248,1.0,1.0
1694,2.197338347642972,29.635405775126884,14.58265355999685,0.995475113122172,1.0,1.0
1695,2.199053779989128,29.682921604312174,14.605310063990391,0.9954716981132076,1.0,1.0
1696,2.201007225801966,29.731233042015678,14.627641234582455,0.9924471299093656,1.0,1.0
1697,2.2028768510907777,29.778988291630895,14.650054627241435,0.9947089947089947,1.0,1.0
1698,2.204592365309891,29.825909297416185,14.670963022953197,0.9954614220877458,1.0,1.0
1699,2.206324802033312,29.872645012798813,14.691710453319246,0.9954579863739591,1.0,1.0
1700,2.2076664639609893,29.91848076894574,14.71285092048659,0.9962121212121212,1.0,1.0
1701,2.20903290745442,29.96547818127569,14.733880780071212,0.9962092494313874,1.0,1.0
1702,2.2105343604521765,30.011372275737383,14.752044128321671,0.9946889226100152,1.0,1.0
1703,2.211761336591063,30.05701373251948,14.770717864666617,0.9954441913439636,1.0,1.0
1704,2.213240839403059,30.10326577616575,14.79129725289526,0.9954407294832827,1.0,1.0
1705,2.214895638434763,30.15010083654754,14.811557066549634,0.9961977186311787,1.0,1.0
1706,2.2168887088269464,30.198184644776035,14.83137826100967,0.9969558599695586,1.0,1.0
1707,2.218977831496017,30.24706594185806,14.85146327868748,0.9961919268849961,1.0,1.0
1708,2.22099891581706,30.296822234944578,14.872829681104072,0.9954268292682927,1.0,1.0
1709,2.223358058436741,30.346563295219642,14.892021306006544,0.9977116704805492,1.0,1.0
1710,2.2255738267331044,30.397363927321113,14.912059187069268,0.9977099236641221,1.0,1.0
1711,2.228030093683531,30.450214554976807,14.932813669357344,0.998472116119175,1.0,1.0
1712,2.2304513835234414,30.50200124071302,14.953822882093029,0.9992354740061162,1.0,1.0
1713,2.2325705485670087,30.554066910238568,14.97461858368202,0.9992348890589136,1.0,1.0
1714,2.234587334718568,30.605725010368396,14.994735001479015,1.0,1.0,1.0
1715,2.236553590556534,30.657771780062998,15.014955383883674,1.0,1.0,1.0
1716,2.2387119013967087,30.710281654627796,15.033915514437139,1.0,1.0,1.0
1717,2.2409551828520984,30.76285778328955,15.052613646352423,1.0,1.0,1.0
1718,2.243427063432469,30.816389604241746,15.07120200163119,1.0,1.0,1.0
1719,2.245910943998023,30.869026879346148,15.09097978736297,1.0,1.0,1.0
1720,2.2482837291336057,30.9204182948979,15.109801051936083,1.0,1.0,1.0
1721,2.250911045112763,30.971891869297252,15.129315982824819,0.9992301770592764,1.0,1.0
1722,2.2537621359701476,31.023529292140765,15.149426145850816,1.0,1.0,1.0
1723,2.256813701578292,31.076649570734055,15.169624813645322,0.9992289899768697,1.0,1.0
1724,2.2596197806008367,31.127974782258885,15.187390686550726,0.9976851851851852,1.0,1.0
1725,2.2626189963514745,31.181483504303788,15.207315800425947,0.9953667953667954,1.0,1.0
1726,2.2655699862496146,31.23547940260581,15.227732080433684,0.9945904173106646,1.0,1.0
1727,2.2683685200543486,31.290853566056537,15.24945675400627,0.9938128383604021,1.0,1.0
1728,2.271081022197918,31.343821276182254,15.269957165319823,0.9922600619195047,1.0,1.0
1729,2.27376158222635,31.39707712131808,15.289468395030912,0.9914794732765299,1.0,1.0
1730,2.2763500983293725,31.449104222001825,15.308603752734117,0.9922480620155039,1.0,1.0
1731,2.2791925856087962,31.502300484901006,15.325730553132273,0.9930178432893716,1.0,1.0
1732,2.281941652577434,31.55437955442301,15.344990968588933,0.9914596273291926,1.0,1.0
1733,2.2846021364269684,31.60774176845899,15.366143808189666,0.9906759906759907,1.0,1.0
1734,2.2866559188138247,31.654819131159048,15.388778248312653,0.9898911353032659,1.0,1.0
1735,2.289279054876216,31.706592225396548,15.410484272353099,0.9883268482490273,1.0,1.0
1736,2.291824777127281,31.759724292868693,15.431457136073556,0.9867601246105919,1.0,1.0
1737,2.2941437503452335,31.810055286892872,15.452381369704733,0.9844115354637568,1.0,1.0
1738,2.2963953591061412,31.860479638379566,15.475110050052669,0.983619344773791,1.0,1.0
1739,2.298674232680372,31.910383262697078,15.496947501787286,0.9828259172521467,1.0,1.0
1740,2.3011717949398105,31.96235848322426,15.51975274897175,0.98359375,1.0,1.0
1741,2.303571817260023,32.01292976451987,15.541533034653744,0.9827990617670055,1.0,1.0
1742,2.3058824098560513,32.063115151105514,15.563690720850804,0.9835680751173709,1.0,1.0
1743,2.308183734278785,32.11441184104805,15.585679457514448,0.9827721221613156,1.0,1.0
1744,2.3104582917198435,32.16316187627369,15.607876587919678,0.9796238244514106,1.0,1.0
1745,2.312876043337889,32.211711386600385,15.628140799780086,0.9811764705882353,1.0,1.0
1746,2.3152969619048083,32.261111901497884,15.649749301554005,0.9803767660910518,1.0,1.0
1747,2.317819358080222,32.311107487262085,15.671282778908155,0.9780047132757266,1.0,1.0
1748,2.320580821840923,32.36529884528181,15.692838865827582,0.9764150943396226,1.0,1.0
1749,2.323425558659557,32.42052580247077,15.71456403444653,0.977970102281668,1.0,1.0
1750,2.3262519493896208,32.47634341843877,15.736686567005052,0.9771653543307086,1.0,1.0
1751,2.3292203355116063,32.534967457691266,15.758561888661847,0.9771473601260835,1.0,1.0
1752,2.3322451193540634,32.59208843645588,15.780190158999485,0.9779179810725552,1.0,1.0
1753,2.3353919510578374,32.6486799083794,15.801795913856347,0.9779005524861878,1.0,1.0
1754,2.338623450677325,32.70437880842344,15.823040066537844,0.976303317535545,1.0,1.0
1755,2.341673305600754,32.76103965877241,15.844442200864032,0.9762845849802372,1.0,1.0
1756,2.344932848750102,32.81866093965951,15.865723850262128,0.9738924050632911,1.0,1.0
1757,2.3480825152790494,32.87589285978078,15.88748566010062,0.9730799683293745,1.0,1.0
1758,2.3513424565848795,32.933904383204194,15.909484367187785,0.973851030110935,1.0,1.0
1759,2.354398364781656,32.99087668682937,15.931688409089494,0.9746233148295004,1.0,1.0
1760,2.357583866538356,33.04774225259592,15.953664829020953,0.9722222222222222,1.0,1.0
1761,2.3608668837326467,33.10521373063331,15.974833512630816,0.971405877680699,1.0,1.0
1762,2.364099289380958,33.16459173421018,15.995993344826651,0.9713831478537361,1.0,1.0
1763,2.367144635301053,33.22208241553175,16.017460681526273,0.9745425616547335,1.0,1.0
1764,2.3703403146262407,33.28151904167145,16.03976851956419,0.9745222929936306,1.0,1.0
1765,2.37345037473128,33.340542021184156,16.06233295006695,0.9737051792828685,1.0,1.0
1766,2.3770331101377167,33.40348179743178,16.08470401962004,0.9744816586921851,1.0,1.0
1767,2.3803806261945915,33.4655878784125,16.106946429456354,0.9720670391061452,1.0,1.0
1768,2.3836164284273926,33.52795827223217,16.12993765307419,0.9712460063897763,1.0,1.0
1769,2.3869648842496316,33.59057916175067,16.152127526024653,0.9728217426059153,1.0,1.0
1770,2.3900923416954596,33.65160540399904,16.175034653923003,0.9728,1.0,1.0
1771,2.393565817630795,33.71382184936931,16.195427161937758,0.9719775820656525,1.0,1.0
1772,2.397031758612488,33.77617753448294,16.216418412497568,0.9711538461538461,1.0,1.0
1773,2.4004525744080984,33.83689905259961,16.237465926175283,0.9703287890938251,1.0,1.0
1774,2.40364508158488,33.89800110779783,16.2601730313164,0.971107544141252,1.0,1.0
1775,2.406936926384607,33.95766426063122,16.28289865737339,0.9718875502008032,1.0,1.0
1776,2.4103313686667884,34.01859524444932,16.30581201851207,0.9734726688102894,1.0,1.0
1777,2.413722699267223,34.078740283749845,16.329092355747697,0.9726468222043443,1.0,1.0
1778,2.4168903344016943,34.13865313070307,16.352718839418756,0.9718196457326892,1.0,1.0
1779,2.420033067129507,34.19867886393718,16.37551216775608,0.9709911361804996,1.0,1.0
1780,2.4232934903408703,34.2594668220115,16.398631639943915,0.9701612903225807,1.0,1.0
1781,2.4265320109625472,34.32066376995743,16.42227757962108,0.9717514124293786,1.0,1.0
1782,2.4297862931591756,34.38218338685554,16.44618358982282,0.9709208400646203,1.0,1.0
1783,2.4330452793011363,34.44303946378505,16.46913997404199,0.9700889248181084,1.0,1.0
1784,2.43638379983713,34.503951366568586,16.491345215737134,0.970873786407767,1.0,1.0
1785,2.4396228717012516,34.56449801467013,16.514291804774853,0.97165991902834,1.0,1.0
1786,2.4426126767490697,34.62370835169084,16.53598915659823,0.973257698541329,1.0,1.0
1787,2.445440944881539,34.682276344438144,16.55860757001134,0.9740470397404704,1.0,1.0
1788,2.4481180248546712,34.741019381157294,16.581193907155537,0.9707792207792207,1.0,1.0
1789,2.45078981065515,34.80058278612637,16.60382214982696,0.9715678310316815,1.0,1.0
1790,2.4533971516704933,34.858066107496185,16.62612124065003,0.9739837398373984,1.0,1.0
1791,2.4563276225388826,34.916887414568926,16.648770387789423,0.9723352318958502,1.0,1.0
1792,2.4592269533903672,34.97645291824321,16.67062718940182,0.9723127035830619,1.0,1.0
1793,2.4621035631429136,35.035331380288476,16.692060615604927,0.9747351263243684,1.0,1.0
1794,2.464822204804652,35.09447289425266,16.712808922451938,0.9747145187601958,1.0,1.0
1795,2.4678223207849954,35.15605721102412,16.73330926079371,0.9746938775510204,1.0,1.0
1796,2.47077544529748,35.21779224264908,16.75410035327287,0.9746732026143791,1.0,1.0
1797,2.473708855858797,35.27911320064177,16.775045288431368,0.9738348323793949,1.0,1.0
1798,2.476886893224523,35.342920040175855,16.795845706618675,0.9746317512274959,1.0,1.0
1799,2.480351243715429,35.40878983596384,16.816837769442117,0.9746109746109746,1.0,1.0
1800,2.4838662172450676,35.475248057509575,16.837401664483057,0.9745901639344262,1.0,1.0
1801,2.487249299393078,35.53917944679714,16.856799105640235,0.9753896636587367,1.0,1.0
1802,2.4905178449926098,35.60318655094194,16.876315158904596,0.9729064039408867,1.0,1.0
1803,2.4938277326613405,35.667740884296535,16.896210345314405,0.9737058340180772,1.0,1.0
1804,2.4970627094987625,35.73139101158723,16.916651042755277,0.9703947368421053,1.0,1.0
1805,2.5001027778823315,35.79418519237757,16.93690298586915,0.968724279835391,1.0,1.0
1806,2.5033311363632187,35.8593356575279,16.95692422537114,0.9695222405271828,1.0,1.0
1807,2.506438772913813,35.92320306913247,16.97743893994412,0.9703215169002474,1.0,1.0
1808,2.5099629025328403,35.989947780050464,16.998019108942774,0.9711221122112211,1.0,1.0
1809,2.513488445684095,36.05554627571103,17.01938398945026,0.9702725020644096,1.0,1.0
1810,2.516949708883203,36.12077967676523,17.041551416189105,0.9694214876033058,1.0,1.0
1811,2.5203864836760252,36.18733001341464,17.06315265894216,0.9702233250620348,1.0,1.0
1812,2.523489800860304,36.24957485581068,17.08492468652484,0.9685430463576159,1.0,1.0
1813,2.5269711603565153,36.315164748847934,17.104101117786666,0.9710024855012428,1.0,1.0
1814,2.530294371025047,36.37923027940903,17.12365082913159,0.9742951907131011,1.0,1.0
1815,2.5336499937496555,36.44354291972476,17.14287384222109,0.9742738589211618,1.0,1.0
1816,2.536677072260525,36.50484002782739,17.163259774133532,0.9742524916943521,1.0,1.0
1817,2.5397388456014283,36.56763411761594,17.18358675990817,0.9742310889443059,1.0,1.0
1818,2.542539640740626,36.62875012267288,17.201397272205067,0.9750415973377704,1.0,1.0
1819,2.5452876621168183,36.68927938712828,17.22175905294726,0.9791840133222315,1.0,1.0
1820,2.547882075759792,36.750552623429776,17.241968914919003,0.9766666666666667,1.0,1.0
1821,2.5505051675611012,36.8118064320909,17.26145073054039,0.9774812343619683,1.0,1.0
1822,2.553244981826012,36.873504144751436,17.28142810544487,0.9757929883138564,1.0,1.0
1823,2.5562361278945676,36.93874861966856,17.300082782431673,0.9791144527986633,1.0,1.0
1824,2.55926620606208,37.00360610723865,17.31852941240328,0.979933110367893,1.0,1.0
1825,2.5622951270847483,37.06596842924181,17.336979109635102,0.9824267782426779,1.0,1.0
1826,2.5651409917902233,37.126837903601746,17.35557736040632,0.981574539363484,1.0,1.0
1827,2.5680922497548333,37.19217248732571,17.373889213687132,0.980720871751886,1.0,1.0
1828,2.5711634535194365,37.2584291211629,17.392528545159887,0.9790268456375839,1.0,1.0
1829,2.5744151021599126,37.324911858484015,17.4101451986138,0.9832073887489504,1.0,1.0
1830,2.577701480739569,37.39085633294114,17.427795506675256,0.9823529411764705,1.0,1.0
1831,2.5810632103238023,37.45819851940117,17.445209627433165,0.9823380992430614,1.0,1.0
1832,2.5845945094561946,37.52497356143128,17.463848526815624,0.9823232323232324,1.0,1.0
1833,2.5880630914399845,37.590354007362095,17.48193994940343,0.983150800336984,1.0,1.0
1834,2.5915918093935137,37.65637499337898,17.50043823717026,0.984822934232715,1.0,1.0
1835,2.5949883606621063,37.718875354915056,17.519475333035928,0.9881856540084388,1.0,1.0
1836,2.598299887976411,37.780450437093776,17.538417277873492,0.9856418918918919,1.0,1.0
1837,2.6020928513556383,37.84299638439133,17.558394367335957,0.9847844463229078,1.0,1.0
1838,2.6054627186774875,37.901398373590084,17.578398822927937,0.9839255499153976,1.0,1.0
1839,2.608734377378379,37.95866076290638,17.598699254189377,0.9856054191363252,1.0,1.0
1840,2.611944016765986,38.01321384367439,17.618627219558274,0.9864406779661017,1.0,1.0
1841,2.6153759058963932,38.06921804931003,17.637506298284624,0.9855810008481765,1.0,1.0
1842,2.6189514553499524,38.126669785268426,17.656738075289617,0.9847198641765704,1.0,1.0
1843,2.6223975357917086,38.182816944291424,17.676076744193587,0.9830076465590484,1.0,1.0
1844,2.625801973460902,38.23978445108553,17.695470529408553,0.9829931972789115,1.0,1.0
1845,2.6294656718927776,38.29593078949828,17.71490439489632,0.9812765957446808,1.0,1.0
1846,2.6329233124383746,38.351590839878924,17.734736655697834,0.9812606473594548,1.0,1.0
1847,2.6365335096002385,38.4092527866807,17.754148463436227,0.9812446717817562,1.0,1.0
1848,2.6401658362484413,38.467038782995154,17.773986903392874,0.9812286689419796,1.0,1.0
1849,2.6439964249094743,38.52685905652007,17.793980517605135,0.9795046968403074,1.0,1.0
1850,2.648122243474057,38.58909144121322,17.81422118815546,0.9803418803418803,1.0,1.0
1851,2.6519176512940295,38.6507453606338,17.83441453582994,0.9803250641573995,1.0,1.0
1852,2.6558148073011276,38.713187871475135,17.854546459770607,0.9811643835616438,1.0,1.0
1853,2.6600692299104507,38.77687191081847,17.874357515321076,0.9794344473007712,1.0,1.0
1854,2.664211458022343,38.84038628407138,17.893924262539596,0.9777015437392796,1.0,1.0
1855,2.6688873102811423,38.90749351112039,17.913481760595307,0.9802575107296138,1.0,1.0
1856,2.673490512311598,38.97281656655996,17.935049070491342,0.979381443298969,1.0,1.0
1857,2.6780214061922583,39.040176965514064,17.95583617779228,0.9793637145313844,1.0,1.0
1858,2.6824617288220782,39.1047672298784,17.976716425967023,0.9767641996557659,1.0,1.0
1859,2.6867935969041845,39.16919386567616,17.997364501962497,0.9767441860465116,1.0,1.0
1860,2.691252100444192,39.23393211262806,18.01813988019277,0.9775862068965517,1.0,1.0
1861,2.695753482267404,39.29988906421669,18.03908243973309,0.9775668679896462,1.0,1.0
1862,2.7005532045396055,39.369082970342035,18.0607347714269,0.9775474956822107,1.0,1.0
1863,2.7055267107688117,39.43659292158787,18.083306573719756,0.975799481417459,1.0,1.0
1864,2.7104205825318344,39.50405661880036,18.104605214513427,0.9740484429065744,1.0,1.0
1865,2.715508274562795,39.573295739726234,18.12586830942366,0.9757575757575757,1.0,1.0
1866,2.720534219356475,39.64239036626497,18.147653033830856,0.9722703639514731,1.0,1.0
1867,2.7256173642720745,39.71248394438606,18.168046581766983,0.9722463139635733,1.0,1.0
1868,2.7308761464547384,39.7823809791052,18.18994443491431,0.9730902777777778,1.0,1.0
1869,2.7359669504105533,39.8523019394666,18.211550162801313,0.9748045178105995,1.0,1.0
1870,2.7408942069331363,39.92120861226878,18.233348779005638,0.9730434782608696,1.0,1.0
1871,2.745981546032991,39.99244196680511,18.25514517726975,0.9712793733681462,1.0,1.0
1872,2.7510498197180087,40.06285959624511,18.277428405945173,0.9712543554006968,1.0,1.0
1873,2.7560889125301307,40.134515259433535,18.29894794061037,0.9712292938099389,1.0,1.0
1874,2.7611284477207745,40.20581616068975,18.319943526613702,0.9703315881326352,1.0,1.0
1875,2.765854141948421,40.276801471601274,18.34156968868435,0.9694323144104804,1.0,1.0
1876,2.7706304702825997,40.346433360160276,18.36305562360071,0.9694055944055944,1.0,1.0
1877,2.7753733249373393,40.41731207577928,18.385747018659874,0.968503937007874,1.0,1.0
1878,2.7803202039458936,40.486723287874085,18.408063914531578,0.9702276707530648,1.0,1.0
1879,2.7849234298192704,40.55387750388873,18.430985442332517,0.9658194566170026,1.0,1.0
1880,2.7895456374268703,40.622294963096735,18.45420743852891,0.9666666666666667,1.0,1.0
1881,2.793909148440364,40.68885954731239,18.477331191929935,0.9666374012291484,1.0,1.0
1882,2.797997103794217,40.754585486498,18.500504563341952,0.9666080843585237,1.0,1.0
1883,2.801919831676142,40.82151513594624,18.522983085678117,0.9665787159190853,1.0,1.0
1884,2.806027590521156,40.88927809797878,18.54442842893841,0.9691901408450704,1.0,1.0
1885,2.809967235147587,40.95714221993143,18.565998905763383,0.9691629955947136,1.0,1.0
1886,2.81368049465274,41.026587645555125,18.587497413195702,0.9682539682539683,1.0,1.0
1887,2.8175467577616633,41.09490381194151,18.609294911565716,0.9691085613415711,1.0,1.0
1888,2.82116399654703,41.16379185549622,18.631296430940765,0.9708480565371025,1.0,1.0
1889,2.824478988901504,41.22934265823187,18.652219565772192,0.9681697612732095,1.0,1.0
1890,2.8280778095771852,41.29950397560761,18.67231384230141,0.968141592920354,1.0,1.0
1891,2.831952700868655,41.3721414656221,18.68838545913699,0.9689991142604074,1.0,1.0
1892,2.835363824657987,41.44134114356215,18.704753065406802,0.9689716312056738,1.0,1.0
1893,2.8387311135122046,41.51180970413131,18.721976840381384,0.968944099378882,1.0,1.0
1894,2.8420058304664537,41.581135314449966,18.740445653236247,0.9689165186500888,1.0,1.0
1895,2.845369583374038,41.65055604662317,18.759228882480667,0.9662222222222222,1.0,1.0
1896,2.8486134626066795,41.72019538720405,18.776228351999315,0.9679715302491103,1.0,1.0
1897,2.8520601569883324,41.78987861265073,18.79199403366789,0.9679430097951914,1.0,1.0
1898,2.8547720689871823,41.8587244659324,18.805431463168848,0.9670231729055259,1.0,1.0
1899,2.857405820945422,41.92771743845511,18.81979474200977,0.9687778768956289,1.0,1.0
1900,2.860015628535364,41.99614755799615,18.835547775130646,0.9678571428571429,1.0,1.0
1901,2.8621860991002595,42.062646572187425,18.85263118890587,0.967828418230563,1.0,1.0
1902,2.8643772397987184,42.12917932824606,18.86934221332529,0.9686940966010733,1.0,1.0
1903,2.866897595762829,42.19844698478706,18.886586582178914,0.9677708146821844,1.0,1.0
1904,2.8694692863065185,42.26952945902147,18.902030750382814,0.967741935483871,1.0,1.0
1905,2.8725195740032867,42.34166859298085,18.917638487819755,0.968609865470852,1.0,1.0
1906,2.875744551978256,42.41393893762806,18.93320484679618,0.9676840215439856,1.0,1.0
1907,2.879242310683755,42.48634198534466,18.948943837140533,0.9685534591194969,1.0,1.0
1908,2.8827190378003804,42.560297812030875,18.96474385973984,0.9694244604316546,1.0,1.0
1909,2.886206840340609,42.633636695135415,18.98069712744251,0.9702970297029703,1.0,1.0
1910,2.8897059194096344,42.706478615940796,18.994775473439276,0.9702702702702702,1.0,1.0
1911,2.89305229949781,42.77979787061804,19.01044272192702,0.9702434625788999,1.0,1.0
1912,2.8968740698931805,42.85464527823927,19.02756241268396,0.970216606498195,1.0,1.0
1913,2.900244360164913,42.93035423660994,19.044783532000054,0.969286359530262,1.0,1.0
1914,2.9033571989750433,43.004811316040694,19.06230103801541,0.9710669077757685,1.0,1.0
1915,2.906864205435048,43.07954339787774,19.078490658515765,0.9683257918552036,1.0,1.0
1916,2.9103519784287726,43.154685662494316,19.093395497859323,0.9728260869565217,1.0,1.0
1917,2.9138520706295146,43.22986087651644,19.109295379527524,0.971894832275612,1.0,1.0
1918,2.917301446369288,43.30495191641325,19.126424809187583,0.9727767695099818,1.0,1.0
1919,2.9212457851027445,43.37962151688158,19.14380341423607,0.9736603088101726,1.0,1.0
1920,2.925636150098216,43.45742365527889,19.16137047365635,0.9745454545454545,1.0,1.0
1921,2.930281092692126,43.5347378654825,19.17742608212707,0.9754322111010009,1.0,1.0
1922,2.934956994546719,43.613182637271926,19.194086588139342,0.9772313296903461,1.0,1.0
1923,2.9396228828548505,43.692182021359905,19.211514214883003,0.9772105742935278,1.0,1.0
1924,2.9444687966370355,43.77386955359479,19.22954601807169,0.9808394160583942,1.0,1.0
1925,2.9492761132989322,43.85643430078284,19.24782810310623,0.9808219178082191,1.0,1.0
1926,2.9540643633515677,43.93915654963083,19.265579243827766,0.979890310786106,1.0,1.0
1927,2.9587591840394003,44.02180465249119,19.283593568433474,0.9817017383348582,1.0,1.0
1928,2.9636309679618544,44.10411829462224,19.300081758010577,0.9807692307692307,1.0,1.0
1929,2.96865502312566,44.1865727244345,19.31635608246703,0.9825847846012832,1.0,1.0
1930,2.9741133634526946,44.27114150898737,19.331549223221906,0.9798165137614679,1.0,1.0
1931,2.9793055972340436,44.35544408787395,19.34759290925254,0.9807162534435262,1.0,1.0
1932,2.9843943347574573,44.44003426450032,19.36426618471566,0.9825367647058824,1.0,1.0
1933,2.989569604500514,44.525124350054405,19.380024292224906,0.984360625574977,1.0,1.0
1934,2.9947726111443065,44.61120710266621,19.395924322180253,0.9834254143646409,1.0,1.0
1935,3.0000571062665946,44.69726603335102,19.410886892843003,0.9870967741935484,1.0,1.0
1936,3.0055146367424452,44.78294351240126,19.426674988792385,0.9870848708487084,1.0,1.0
1937,3.0107572608100703,44.8684409661898,19.44162098845194,0.9916897506925207,1.0,1.0
1938,3.0155744986984487,44.9530349696966,19.45800270676068,0.9953789279112755,1.0,1.0
1939,3.0208038041374006,45.04036971601854,19.47522060111786,0.9916743755781684,1.0,1.0
1940,3.0258997604781617,45.12727859530533,19.492570724694737,0.9962962962962963,1.0,1.0
1941,3.0307639550343226,45.21509570803319,19.511724924484323,0.9962928637627433,1.0,1.0
1942,3.035910348676378,45.304952306049856,19.530983449931984,0.9972170686456401,1.0,1.0
1943,3.0409225771252544,45.39214082794817,19.550771367766554,0.9990714948932219,1.0,1.0
1944,3.0461065383826322,45.481447281735775,19.569212174379437,1.0,1.0,1.0
1945,3.0511142140602803,45.5691782955821,19.58724544234056,1.0,1.0,1.0
1946,3.0564345516001823,45.65755561257405,19.60606440871649,0.9990689013035382,1.0,1.0
1947,3.0614043202541956,45.74310307568805,19.623969663854716,0.9990680335507922,1.0,1.0
1948,3.066189825405596,45.82691324919628,19.643230387622733,0.9990671641791045,1.0,1.0
1949,3.071426031655257,45.91404531543066,19.66085032842426,0.9990662931839402,1.0,1.0
1950,3.076728078518247,46.00171092016207,19.677555964218918,0.9990654205607477,1.0,1.0
1951,3.0813155828257357,46.08860972529145,19.697687964490573,0.9990645463049579,1.0,1.0
1952,3.0867098820962826,46.175960561587374,19.711599668621147,0.9990636704119851,1.0,1.0
1953,3.0922226097699212,46.2657812075678,19.724954424528395,0.9990627928772259,1.0,1.0
1954,3.0981895191236677,46.35838685778444,19.737918062580484,0.99906191369606,1.0,1.0
1955,3.1041378636036687,46.45137136650463,19.751677917990882,0.9990610328638497,1.0,1.0
1956,3.1101491392005727,46.54439857273878,19.76492648859397,0.9990601503759399,1.0,1.0
1957,3.115976940721837,46.63634600764324,19.778296821609665,0.9990592662276576,1.0,1.0
1958,3.1216490384329494,46.72735605387023,19.793411712853075,0.9990583804143126,1.0,1.0
1959,3.1272748988882753,46.81821185807767,19.80477003540106,0.998114985862394,1.0,1.0
1960,3.1328531319347923,46.90725751553189,19.81698858731445,0.9981132075471698,1.0,1.0
1961,3.13849232232434,46.99745689033387,19.827531430877077,0.9981114258734656,1.0,1.0
1962,3.143716975841173,47.08509291997747,19.83910298560436,0.998109640831758,1.0,1.0
1963,3.1488899477015937,47.17295304024992,19.850663340903733,0.9971617786187322,1.0,1.0
1964,3.154009018644538,47.255769163418556,19.863757549806557,0.9981060606060606,1.0,1.0
1965,3.1594005015181645,47.34371435074221,19.87719609015504,0.9981042654028436,1.0,1.0
1966,3.1648315398113573,47.432119406246706,19.892286915279385,0.9971537001897534,1.0,1.0
1967,3.170812963516054,47.52306996108019,19.90594546285628,0.9962013295346629,1.0,1.0
1968,3.17680971712762,47.616760363654954,19.920054498647083,0.9952471482889734,1.0,1.0
1969,3.182271142992313,47.70852924535309,19.932849651206023,0.9961941008563273,1.0,1.0
1970,3.1880212331662157,47.80110572811485,19.94596485478976,0.9971428571428571,1.0,1.0
1971,3.1934965059061367,47.89314597211698,19.959227818630758,0.998093422306959,1.0,1.0
1972,3.199207787839791,47.9974382728277,19.978899083099407,0.9980916030534351,1.0,1.0
1973,3.2047405181289434,48.10063787425134,19.998669409058888,0.9980897803247374,1.0,1.0
1974,3.2100034658358974,48.20262638264994,20.01877348695615,0.9980879541108987,1.0,1.0
1975,3.2152463844380637,48.30471213984465,20.03840776579412,0.9942583732057416,1.0,1.0
1976,3.2207730999919253,48.40650370381176,20.058916839514477,0.9961685823754789,1.0,1.0
1977,3.226238241806623,48.50812888096649,20.079448474949025,0.99712368168744,1.0,1.0
1978,3.2315783688178734,48.60684424992118,20.100010696445864,0.9990403071017274,1.0,1.0
1979,3.2370953552662214,48.710798266108625,20.120800578152014,0.9980787704130644,1.0,1.0
1980,3.243355247178714,48.8169438310084,20.143165290537926,0.9980769230769231,1.0,1.0
1981,3.249566537097761,48.92453073010714,20.165705031142494,0.9990375360923965,1.0,1.0
1982,3.255829008036907,49.03186536759244,20.18830111126344,0.9990366088631984,1.0,1.0
1983,3.2625778355584476,49.140103365076946,20.210384342473805,0.9971070395371263,1.0,1.0
1984,3.269219761432271,49.25095410254092,20.233114036508223,0.9961389961389961,1.0,1.0
1985,3.2754587096846297,49.358814330080804,20.255951666628025,0.996135265700483,1.0,1.0
1986,3.2815128289604605,49.466007326719264,20.278816421872367,0.9970986460348162,1.0,1.0
1987,3.2873860488695774,49.573190439589524,20.30168694896692,0.9980638915779284,1.0,1.0
1988,3.293533984368499,49.68262783788772,20.32482142108541,0.997093023255814,1.0,1.0
1989,3.299722031051619,49.79158042004073,20.348410794946275,0.9961202715809894,1.0,1.0
1990,3.3056407187430543,49.89640749377611,20.37184540626652,0.9970873786407767,1.0,1.0
1991,3.311582709806635,49.99934147612977,20.395344086510814,0.9980563654033042,1.0,1.0
1992,3.317840045674963,50.09773110315642,20.419401255080434,0.9980544747081712,1.0,1.0
1993,3.3239744219933205,50.20136149500153,20.44325188147433,0.997078870496592,1.0,1.0
1994,3.3304359947742035,50.30423065064639,20.466366761382496,0.9961013645224172,1.0,1.0
1995,3.336864116400852,50.40622931415898,20.48963502196778,0.9980487804878049,1.0,1.0
1996,3.3433406083571082,50.50710754998222,20.51321149144923,0.99609375,1.0,1.0
1997,3.3497574451186587,50.60942794170375,20.536773336436106,0.9970674486803519,1.0,1.0
1998,3.3562321167086253,50.71319014119142,20.55979503510293,0.99706457925636,1.0,1.0
1999,3.3628789083345416,50.818559349806634,20.583451475264656,0.9970617042115573,1.0,1.0
2000,3.369157307453294,50.92324518508347,20.60701075536032,0.9980392156862745,1.0,1.0
2001,3.3754298622070174,51.026303440100214,20.630387168254888,0.9980372914622179,1.0,1.0
2002,3.3815938646978236,51.13166571448196,20.65327424575313,0.9980353634577603,1.0,1.0
2003,3.3875980236899994,51.236788161546606,20.676165436571782,0.9980334316617503,1.0,1.0
2004,3.3934438210224713,51.3379496595256,20.699072597920786,0.9980314960629921,1.0,1.0
2005,3.399523112909172,51.43818654738787,20.72326056427628,0.9980295566502463,1.0,1.0
2006,3.405474341592164,51.53684139713774,20.747437582770402,1.0,1.0,1.0
2007,3.411464243262431,51.635610699460784,20.771889393571744,1.0,1.0,1.0
2008,3.4176473986573344,51.738102349781165,20.795862729924366,1.0,1.0,1.0
2009,3.4238480084635943,51.84141413217651,20.820270522870068,1.0,1.0,1.0
2010,3.429901617101433,51.944567056434224,20.8444690138828,0.999009900990099,1.0,1.0
2011,3.4357721330323105,52.04724194630269,20.868830958708376,0.9990089197224975,1.0,1.0
2012,3.4412814058880468,52.14866305794607,20.892985798230587,0.9990079365079365,1.0,1.0
2013,3.446825096231731,52.25185234555156,20.916202561406415,0.9990069513406157,1.0,1.0
2014,3.452179996207058,52.3515167475718,20.939607720453747,0.9990059642147118,1.0,1.0
2015,3.457386359228564,52.45213359675099,20.96325289154112,0.9990049751243781,1.0,1.0
2016,3.4623376395210403,52.54924780577739,20.987433181426702,0.999003984063745,1.0,1.0
2017,3.4675476629295576,52.64730477450877,21.011385594145743,0.9990029910269193,1.0,1.0
2018,3.47291615458582,52.746628066804554,21.035579611669043,0.9960079840319361,1.0,1.0
2019,3.4781418577051015,52.847429959944236,21.060757024985552,0.995004995004995,1.0,1.0
2020,3.4834307828834707,52.94819417915643,21.083276359567325,0.992,1.0,1.0
2021,3.488777182986288,53.04862611744682,21.10712105126594,0.991991991991992,1.0,1.0
2022,3.49430862373136,53.151103872582276,21.1306118311334,0.9929859719438878,1.0,1.0
2023,3.5001825692763053,53.255088817811405,21.155034432282598,0.9919759277833501,1.0,1.0
2024,3.505859804799216,53.35707573204587,21.17962806927008,0.9899598393574297,1.0,1.0
2025,3.5116981723280385,53.45968992427959,21.20090171710888,0.9869346733668342,1.0,1.0
2026,3.5172545234501285,53.56309261248975,21.22130640918254,0.9859154929577465,1.0,1.0
2027,3.5230688347571357,53.669329554376056,21.241289549583993,0.9869083585095669,1.0,1.0
2028,3.5285800585726967,53.77644172661479,21.262654757467537,0.9838709677419355,1.0,1.0
2029,3.533870557480561,53.88047139381744,21.283377263861556,0.9858728557013118,1.0,1.0
2030,3.5397179048559657,53.98792375162568,21.298756390733985,0.9818181818181818,1.0,1.0
2031,3.545246866443915,54.09663812642244,21.318369381741043,0.9787664307381193,1.0,1.0
2032,3.5508519130484117,54.205026216121524,21.334989009273045,0.978744939271255,1.0,1.0
2033,3.556184966449839,54.31324719469966,21.34927775171021,0.9787234042553191,1.0,1.0
2034,3.5615244418545413,54.42094160462084,21.36053571626141,0.9766734279918864,1.0,1.0
2035,3.567049463716725,54.53202116837763,21.37366958621977,0.9786802030456853,1.0,1.0
2036,3.57276964283267,54.64759775728746,21.387323290194512,0.9776422764227642,1.0,1.0
2037,3.5783629241506905,54.758034328097736,21.401699910848603,0.9745676500508647,1.0,1.0
2038,3.583953629431791,54.86893151595969,21.4160743657049,0.9745417515274949,1.0,1.0
2039,3.5892357378079156,54.98017042937481,21.4293952864771,0.9755351681957186,1.0,1.0
2040,3.5952980621274357,55.09272322962775,21.443459845440575,0.9755102040816327,1.0,1.0
2041,3.6012821352356004,55.203273127590215,21.45788303334655,0.9765066394279878,1.0,1.0
2042,3.6072166330070514,55.31509090929267,21.4715626181108,0.9734151329243353,1.0,1.0
2043,3.6128719998466905,55.42506151969614,21.48542108719535,0.9733879222108496,1.0,1.0
2044,3.61840474668409,55.53558122261008,21.498697771871925,0.9733606557377049,1.0,1.0
2045,3.62422811558595,55.64985464873776,21.512433682487256,0.9794871794871794,1.0,1.0
2046,3.630193770150073,55.76350220246775,21.526881360064934,0.9753593429158111,1.0,1.0
2047,3.6355701273795145,55.87466624250516,21.540245350284682,0.9753340184994861,1.0,1.0
2048,3.641172504468181,55.984816664511044,21.553961086845888,0.977366255144033,1.0,1.0
2049,3.646451727287619,56.09110167275637,21.567722455054017,0.9742533470648815,1.0,1.0
2050,3.6515032660656774,56.19813106103256,21.58109498159547,0.979381443298969,1.0,1.0
2051,3.656497375706782,56.30344627266801,21.595398263492687,0.9752321981424149,1.0,1.0
2052,3.6611559125529918,56.399377559275756,21.60996046996169,0.9772727272727273,1.0,1.0
2053,3.665471866613334,56.494570403041365,21.62410275325412,0.9762150982419855,1.0,1.0
2054,3.6697944999163266,56.588659748209764,21.639035750624764,0.9803312629399586,1.0,1.0
2055,3.673969386955978,56.68113289556165,21.654171056804227,0.9792746113989638,1.0,1.0
2056,3.6783984232834155,56.769529775976366,21.670132939343333,0.9802904564315352,1.0,1.0
2057,3.6830031018184104,56.87044044239799,21.685117093433988,0.980269989615784,1.0,1.0
2058,3.687383058381237,56.96429216322522,21.700406056987788,0.9792099792099792,1.0,1.0
2059,3.6914919944684477,57.05314975940337,21.71557768304169,0.9791883454734651,1.0,1.0
2060,3.6958082521253375,57.14350730357902,21.73062647266027,0.9802083333333333,1.0,1.0
2061,3.699984734245238,57.234682556333176,21.74565989014935,0.9791449426485923,1.0,1.0
2062,3.7039871722287088,57.324244208600824,21.76044006164009,0.9770354906054279,1.0,1.0
2063,3.7076400745338205,57.408875808520996,21.77540148951291,0.9728317659352143,1.0,1.0
2064,3.7124992581129814,57.536474352943245,21.791457290339775,0.9759414225941423,1.0,1.0
2065,3.717118748666643,57.64889145034232,21.80723255148809,0.9780104712041885,1.0,1.0
2066,3.7213193948746657,57.76065886097887,21.82297848060073,0.980083857442348,1.0,1.0
2067,3.725691721939658,57.875806881456725,21.838614300104535,0.9811122770199371,1.0,1.0
2068,3.7297143570792692,57.98900520502841,21.854440253199687,0.9821428571428571,1.0,1.0
2069,3.7340229623484027,58.10524105850094,21.870239192961087,0.9831756046267087,1.0,1.0
2070,3.738186683499595,58.2185094547668,21.885703790979054,0.9863157894736843,1.0,1.0
2071,3.7428541195345075,58.338136854517515,21.90102633910521,0.9799789251844047,1.0,1.0
2072,3.7477751570410964,58.458733636306214,21.91583674064044,0.9831223628691983,1.0,1.0
2073,3.7522655077272855,58.57940626929326,21.929409943815845,0.9809926082365364,1.0,1.0
2074,3.756838429313383,58.70608652520271,21.94340881494379,0.9809725158562368,1.0,1.0
2075,3.7614417519033627,58.834819896884774,21.95735919740463,0.9809523809523809,1.0,1.0
2076,3.7661555332469487,58.96120513583259,21.97141147010862,0.9830508474576272,1.0,1.0
2077,3.771436431467713,59.09553030525407,21.984890252364167,0.9830328738069989,1.0,1.0
2078,3.776425385166847,59.22427186734086,21.99894444688543,0.9851380042462845,1.0,1.0
2079,3.7813646516614408,59.35534926311433,22.013143960784102,0.9829968119022316,1.0,1.0
2080,3.7870906890639544,59.48759754746952,22.025465060202457,0.9851063829787234,1.0,1.0
2081,3.7920712540079466,59.6221530851744,22.04039175896417,0.9829605963791267,1.0,1.0
2082,3.797029054557382,59.75546736809309,22.056162628765676,0.9808102345415778,1.0,1.0
2083,3.8021649855819044,59.88428940105273,22.071176693527143,0.9797225186766275,1.0,1.0
2084,3.8066283529416256,60.00805827643021,22.08583768403142,0.9775641025641025,1.0,1.0
2085,3.8115692517146402,60.13527766028967,22.101272146786357,0.9743315508021391,1.0,1.0
2086,3.8163979136658677,60.26228115522205,22.11661339892368,0.9785867237687366,1.0,1.0
2087,3.820796541153586,60.383969048576446,22.13202156382025,0.977491961414791,1.0,1.0
2088,3.825578637515181,60.50534313441725,22.147775803228388,0.9774678111587983,1.0,1.0
2089,3.8302191419793234,60.62334400681346,22.163842772553725,0.9774436090225563,1.0,1.0
2090,3.835635566043053,60.74455293640619,22.179637968773015,0.9774193548387097,1.0,1.0
2091,3.8406762012359446,60.86756764059255,22.195255621530023,0.9795479009687836,1.0,1.0
2092,3.8461054247798154,60.99500843043232,22.211332676851068,0.9752155172413793,1.0,1.0
2093,3.8522442656081486,61.12450208032021,22.22835085463817,0.9741100323624595,1.0,1.0
2094,3.8579461139115585,61.25112045050992,22.24615052073014,0.9740820734341252,1.0,1.0
2095,3.8639686520191048,61.3779123713715,22.263969829692222,0.9718918918918918,1.0,1.0
2096,3.8696049031819726,61.50559739924808,22.281189299137075,0.9718614718614719,1.0,1.0
2097,3.8752325660101987,61.631034424245385,22.298486081370566,0.9729144095341279,1.0,1.0
2098,3.8811843165964177,61.75918021632663,22.31674796460381,0.972885032537961,1.0,1.0
2099,3.887352144399479,61.88867361975686,22.334688139183097,0.9728555917480999,1.0,1.0
2100,3.8934713560409997,62.019550631426306,22.353214426308732,0.9706521739130435,1.0,1.0
2101,3.899569862584742,62.14979174582818,22.371239427942704,0.969532100108814,1.0,1.0
2102,3.9053935666086805,62.28599155525474,22.38745257375028,0.9684095860566448,1.0,1.0
2103,3.9114395662578274,62.42324248404713,22.403529111142504,0.9683751363140676,1.0,1.0
2104,3.9174728881670045,62.557546611482344,22.41985124394655,0.9683406113537117,1.0,1.0
2105,3.923565418373031,62.69240780231526,22.436556429531713,0.966120218579235,1.0,1.0
2106,3.929401830614078,62.83198798665894,22.45339830854456,0.9682713347921226,1.0,1.0
2107,3.934649870007944,62.964619872516465,22.470150873270224,0.9671412924424972,1.0,1.0
2108,3.9405485606750976,63.10193506983679,22.487543934816255,0.9671052631578947,1.0,1.0
2109,3.9462378509533456,63.2415284560166,22.504775832194298,0.9681668496158068,1.0,1.0
2110,3.9517629474328713,63.380169459556576,22.522044214079138,0.9681318681318681,1.0,1.0
2111,3.9564431411006398,63.5118718518306,22.53914271145768,0.9691969196919692,1.0,1.0
2112,3.961135616436576,63.64353517066457,22.55618379916655,0.9691629955947136,1.0,1.0
2113,3.966439796269443,63.78553124468514,22.573772734726877,0.9669239250275634,1.0,1.0
2114,3.971887903038146,63.92625776910381,22.591514807907146,0.9657836644591612,1.0,1.0
2115,3.9772176552478387,64.06893703777716,22.608972963474763,0.9657458563535911,1.0,1.0
2116,3.982786091678346,64.21440399352213,22.62581210289112,0.9712389380530974,1.0,1.0
2117,3.9876711551468316,64.3565957770684,22.642114242256547,0.9656699889258029,1.0,1.0
2118,3.992705669820528,64.5032823690733,22.659063544004642,0.967849223946785,1.0,1.0
2119,3.997552215565741,64.65003828867862,22.675719016837043,0.9655937846836848,1.0,1.0
2120,4.002750613327791,64.79948501612974,22.69221205648715,0.9711111111111111,1.0,1.0
2121,4.007956784621226,64.94496468084178,22.708578590244066,0.9699666295884316,1.0,1.0
2122,4.013536217117824,65.09306096929193,22.72416944389906,0.9710467706013363,1.0,1.0
2123,4.019492308162602,65.2484580608724,22.739075087260655,0.9698996655518395,1.0,1.0
2124,4.025080996951063,65.39704409491225,22.754515629406058,0.9720982142857143,1.0,1.0
2125,4.030707674430989,65.54781914457465,22.77036472157846,0.9675977653631285,1.0,1.0
2126,4.036918985673482,65.69941905984372,22.78644813372407,0.9697986577181208,1.0,1.0
2127,4.043761124752604,65.86048405453047,22.802800746418434,0.9686450167973124,1.0,1.0
2128,4.049999376304552,66.0177472666651,22.82059155719583,0.9708520179372198,1.0,1.0
2129,4.05640252534087,66.17296622550802,22.83793375171738,0.9719416386083053,1.0,1.0
2130,4.06297494889887,66.34003987597461,22.855005083095396,0.9685393258426966,1.0,1.0
2131,4.0682311215725155,66.50226999260595,22.873263688889335,0.9707536557930259,1.0,1.0
2132,4.073314483668717,66.66033201795364,22.89189157218521,0.9707207207207207,1.0,1.0
2133,4.077167689756154,66.80573519032826,22.909902033576152,0.9695603156708005,1.0,1.0
2134,4.08069075513435,66.9482788175145,22.928124388146074,0.9706546275395034,1.0,1.0
2135,4.082987274505879,67.08758040971256,22.94585068446954,0.9706214689265537,1.0,1.0
2136,4.084417075691,67.21959691779249,22.962526891884988,0.9717194570135747,1.0,1.0
2137,4.0857638628410715,67.35185553171016,22.979658601010865,0.9762174405436014,1.0,1.0
2138,4.087620185325899,67.4840650289472,22.997380913325678,0.9750566893424036,1.0,1.0
2139,4.089671898823765,67.62077442792388,23.015454241674792,0.981838819523269,1.0,1.0
2140,4.09162100323335,67.75390964837773,23.034466922423974,0.9829545454545454,1.0,1.0
2141,4.093065231942271,67.88315549175405,23.054378846490533,0.9852104664391353,1.0,1.0
2142,4.096277080685696,68.0300238263345,23.07515970702914,0.9817767653758542,1.0,1.0
2143,4.09928858388306,68.17531828649079,23.096103416210624,0.9874572405929305,1.0,1.0
2144,4.101992741777982,68.32087340752948,23.119400259331062,0.9874429223744292,1.0,1.0
2145,4.1051386969454065,68.46590307119558,23.142803631145227,0.9885714285714285,1.0,1.0
2146,4.108318647420459,68.60704825942707,23.168058631722598,0.9908466819221968,1.0,1.0
2147,4.1114533404570714,68.75259089755286,23.19204842103812,0.9896907216494846,1.0,1.0
2148,4.114897784611489,68.90706928854048,23.215880764885213,0.9931192660550459,1.0,1.0
2149,4.117556150447895,69.05766641076248,23.24013610742865,0.9931113662456946,1.0,1.0
2150,4.1207892420384145,69.21195731727691,23.266337167721723,0.9954022988505747,1.0,1.0
2151,4.1244769932385745,69.37287783963924,23.293048494266696,0.998849252013809,1.0,1.0
2152,4.128417681609106,69.53431359981934,23.318606222207524,0.9988479262672811,1.0,1.0
2153,4.131921629241599,69.68872309099345,23.343402986607057,0.9988465974625144,1.0,1.0
2154,4.136690112662039,69.84591495604892,23.3684746951545,1.0,1.0,1.0
2155,4.1418794357374145,70.00647630976175,23.393429143939294,1.0,1.0,1.0
2156,4.146721860550342,70.16435633813673,23.419453139471596,1.0,1.0,1.0
2157,4.1510421288062265,70.32091824625077,23.44629439681983,1.0,1.0,1.0
2158,4.156504474052365,70.4753586648255,23.472833051627404,1.0,1.0,1.0
2159,4.161998982146529,70.63073752747461,23.49925011878298,0.9988385598141696,1.0,1.0
2160,4.167480971803793,70.78512640555805,23.526208773417487,1.0,1.0,1.0
2161,4.17282612319642,70.93686062163687,23.55260294423151,1.0,1.0,1.0
2162,4.17817081302104,71.08827113429496,23.580522020234753,1.0,1.0,1.0
2163,4.184049487857404,71.2439168875375,23.608126226690366,1.0,1.0,1.0
2164,4.190076042449072,71.40030418508309,23.635043922413164,1.0,1.0,1.0
2165,4.196020676211477,71.55205660278189,23.661693646262616,1.0,1.0,1.0
2166,4.202009332616676,71.70310969140249,23.687747246561003,1.0,1.0,1.0
2167,4.208441494267302,71.85691122612371,23.715440690268014,1.0,1.0,1.0
2168,4.215500409447136,72.01623912772213,23.744364956315327,1.0,1.0,1.0
2169,4.222990016611175,72.17643541143306,23.772577399265288,1.0,1.0,1.0
2170,4.23037339624167,72.33691951187167,23.800791346945868,1.0,1.0,1.0
2171,4.237690228484454,72.49447845783747,23.830165545491738,1.0,1.0,1.0
2172,4.2448802792481635,72.64712111474188,23.85885139702148,1.0,1.0,1.0
2173,4.252453299632879,72.80808658206206,23.888310687441873,1.0,1.0,1.0
2174,4.259575809700389,72.96385962251627,23.916915488570783,1.0,1.0,1.0
2175,4.26676518684121,73.11990145329567,23.94645854111403,1.0,1.0,1.0
2176,4.274450245274615,73.27802289293469,23.97493977877575,1.0,1.0,1.0
2177,4.282434527534241,73.44565175621365,24.00303537813189,1.0,1.0,1.0
2178,4.289738433168984,73.61023999048456,24.032208956542398,1.0,1.0,1.0
2179,4.297239974799198,73.77744463070107,24.062899606354193,1.0,1.0,1.0
2180,4.304852689794639,73.94442651418126,24.0930068147365,1.0,1.0,1.0
2181,4.312249514521446,74.10707202998846,24.12372780831155,1.0,1.0,1.0
2182,4.319942072450969,74.27262637986024,24.154426339055586,1.0,1.0,1.0
2183,4.3265935931829045,74.42058068516033,24.18502381433472,1.0,1.0,1.0
2184,4.332720369003695,74.56027231675732,24.215839062736393,1.0,1.0,1.0
2185,4.3393948276964665,74.70646095342181,24.247845163264746,1.0,1.0,1.0
2186,4.345338138345923,74.85236822708411,24.279489032848485,1.0,1.0,1.0
2187,4.350855744339217,74.98733195203795,24.31150732425799,1.0,1.0,1.0
2188,4.35618770750737,75.12493697146883,24.342501561232158,1.0,1.0,1.0
2189,4.361440379578632,75.25800463853932,24.375336473716498,1.0,1.0,1.0
2190,4.367221344851177,75.40164641760505,24.407563134669523,1.0,1.0,1.0
2191,4.372816990166625,75.53786321947828,24.440925574260355,1.0,1.0,1.0
2192,4.379237469936875,75.6863503848211,24.47360510945275,1.0,1.0,1.0
2193,4.385689730203489,75.83821651077605,24.506777860959946,1.0,1.0,1.0
2194,4.391554579872384,75.9806388787312,24.538415523933477,1.0,1.0,1.0
2195,4.397279297343734,76.11605884599847,24.57141792076668,1.0,1.0,1.0
2196,4.4026326382418794,76.24969009108135,24.603366811921635,1.0,1.0,1.0
2197,4.407521281800088,76.3885388581796,24.636542297112506,1.0,1.0,1.0
2198,4.412762769998698,76.53455095938534,24.669735233838995,1.0,1.0,1.0
2199,4.4178871033947456,76.6770426860565,24.70196773302614,1.0,1.0,1.0
2200,4.423329343448876,76.82677459346716,24.728572164156684,1.0,1.0,1.0
2201,4.428920287700966,76.98045715790663,24.759334298600766,1.0,1.0,1.0
2202,4.434068801687387,77.13173963491234,24.78849488216149,1.0,1.0,1.0
2203,4.439544747636766,77.28577869923242,24.815194843709563,1.0,1.0,1.0
2204,4.445024024360821,77.44209282138463,24.84265313917416,1.0,1.0,1.0
2205,4.4509237977841725,77.60091035174888,24.870283170867083,0.9987730061349693,1.0,1.0
2206,4.4559358608142565,77.7545156274474,24.89899530261772,1.0,1.0,1.0
2207,4.461281073185645,77.91039290548015,24.92868206373313,0.998769987699877,1.0,1.0
2208,4.466771331008091,78.06762024015138,24.95721504290412,1.0,1.0,1.0
2209,4.471713336665264,78.22022969908343,24.988496256086638,1.0,1.0,1.0
2210,4.478405454925039,78.38424172135619,25.020467239017176,1.0,1.0,1.0
2211,4.485037502883395,78.54591618305801,25.051581328947396,1.0,1.0,1.0
2212,4.490861482260606,78.70557988512633,25.080556262507827,1.0,1.0,1.0
2213,4.496183667584316,78.86481479576742,25.103422830632915,1.0,1.0,1.0
2214,4.50196937356941,79.01875386628959,25.127267467554347,1.0,1.0,1.0
2215,4.508126022446959,79.17792884049427,25.152761441863124,1.0,1.0,1.0
2216,4.513451407641598,79.33309507982484,25.17338435315123,1.0,1.0,1.0
2217,4.518673647572233,79.48762817747703,25.19753924859179,1.0,1.0,1.0
2218,4.524033874938861,79.64264043172571,25.223420729925852,1.0,1.0,1.0
2219,4.529464978090572,79.79730900398582,25.248237212772036,1.0,1.0,1.0
2220,4.534521344746441,79.94834506267594,25.27585059026087,1.0,1.0,1.0
2221,4.539907435117959,80.10323209881332,25.304592463620196,0.9987484355444305,1.0,1.0
2222,4.544999323400111,80.2586608999831,25.331359816955406,1.0,1.0,1.0
2223,4.55038163592578,80.41550690233471,25.35693206352063,1.0,1.0,1.0
2224,4.555481413699829,80.5744076731877,25.383601343520844,1.0,1.0,1.0
2225,4.560090786430528,80.73146455068861,25.41174503192467,1.0,1.0,1.0
2226,4.565409018736661,80.89337293015274,25.439296490351627,1.0,1.0,1.0
2227,4.569871532798105,81.05698422081456,25.467301620579295,1.0,1.0,1.0
2228,4.5746509661324914,81.2216604381869,25.49714842482075,1.0,1.0,1.0
2229,4.5792513416148335,81.38447460127477,25.527725707591387,1.0,1.0,1.0
2230,4.584350201589651,81.55112108573208,25.5588259299716,1.0,1.0,1.0
2231,4.589663473739522,81.71969625669482,25.590772975527447,1.0,1.0,1.0
2232,4.594550251061905,81.88988325897597,25.622395984447966,1.0,1.0,1.0
2233,4.599747500825478,82.05765690330422,25.651002827332483,1.0,1.0,1.0
2234,4.605227069742822,82.23029849790287,25.68038543004682,1.0,1.0,1.0
2235,4.610630291960435,82.40357471869928,25.70996310957336,1.0,1.0,1.0
2236,4.61603875900631,82.57866343806182,25.74043154929037,1.0,1.0,1.0
2237,4.621505199048996,82.75145342604208,25.772116282839374,1.0,1.0,1.0
2238,4.626490369420638,82.9190549268338,25.802160823889228,1.0,1.0,1.0
2239,4.63159741048046,83.08724994583062,25.829154518285534,1.0,1.0,1.0
2240,4.637592789236342,83.26071237905502,25.856710282260938,1.0,1.0,1.0
2241,4.643495499611691,83.43393008640965,25.88322236755396,1.0,1.0,1.0
2242,4.649571075551496,83.60746012993029,25.911734194320324,1.0,1.0,1.0
2243,4.654840367107261,83.78046812859766,25.935249663609774,1.0,1.0,1.0
2244,4.659918342564002,83.95081187598846,25.96102614634876,1.0,1.0,1.0
2245,4.66418596025333,84.11767487912688,25.98266434468332,1.0,1.0,1.0
2246,4.667914678540479,84.28807289636099,26.005201382481303,1.0,1.0,1.0
2247,4.671452884560801,84.45649643534713,26.026050419366253,1.0,1.0,1.0
2248,4.6746332469830145,84.62538301570179,26.055663686814214,1.0,1.0,1.0
2249,4.677688316876968,84.79203045861439,26.08328837335645,1.0,1.0,1.0
2250,4.680270397168622,84.95459819540132,26.10884076712237,1.0,1.0,1.0
2251,4.683331721258235,85.11742221129877,26.13292018705393,1.0,1.0,1.0
2252,4.685745573584378,85.27392774938666,26.157589328195055,1.0,1.0,1.0
2253,4.6878571387359065,85.42821848254401,26.180412287354244,1.0,1.0,1.0
2254,4.689986640599694,85.58503658049374,26.207808748630082,1.0,1.0,1.0
2255,4.692303862180489,85.74621322162183,26.233069274689687,1.0,1.0,1.0
2256,4.69475384830899,85.90804906805772,26.257687191217116,1.0,1.0,1.0
2257,4.697195383439305,86.06804765255535,26.282108821789848,1.0,1.0,1.0
2258,4.699524901202984,86.22730011536666,26.307304297578437,1.0,1.0,1.0
2259,4.701958302715819,86.3868562024437,26.336524628202593,0.9986859395532195,1.0,1.0
2260,4.7043566239925765,86.54215427725417,26.36507598974323,0.9986842105263158,1.0,1.0
2261,4.706415494970316,86.69717826465921,26.393050909057063,0.9986824769433466,1.0,1.0
2262,4.708449533598084,86.84657272125885,26.42196076481793,0.9973614775725593,1.0,1.0
2263,4.710610238323181,86.98623591629664,26.450292214125692,0.9986789960369881,1.0,1.0
2264,4.712937909139507,87.13214039916875,26.476957953421262,0.9986772486772487,1.0,1.0
2265,4.715231813432637,87.28169584954769,26.502616607066276,1.0,1.0,1.0
2266,4.71731259047859,87.43494030521342,26.528969080904844,1.0,1.0,1.0
2267,4.718824626584714,87.58980950538206,26.55658554527914,1.0,1.0,1.0
2268,4.720642288421743,87.74919371069538,26.58448438429138,0.9973404255319149,1.0,1.0
2269,4.722051215409407,87.90078335299685,26.612491505617232,0.9986684420772304,1.0,1.0
2270,4.724502839638729,88.05605887454725,26.64038340204417,0.9973333333333333,1.0,1.0
2271,4.725683602559381,88.19900383740138,26.666776834299657,1.0,1.0,1.0
2272,4.727675073425599,88.34802824246856,26.69326495457214,1.0,1.0,1.0
2273,4.72968558498181,88.49650967259691,26.72252313714024,1.0,1.0,1.0
2274,4.731445275029867,88.64467065705898,26.753179828108607,1.0,1.0,1.0
2275,4.733612412656592,88.79427707151525,26.78378110297303,1.0,1.0,1.0
2276,4.735587799614605,88.94104200544348,26.814040982087214,1.0,1.0,1.0
2277,4.737401286927026,89.09106284604644,26.844282067999906,1.0,1.0,1.0
2278,4.740260862360179,89.25298557171968,26.874845904406257,1.0,1.0,1.0
2279,4.7432050514528905,89.41166259005655,26.905317257273,0.9986504723346828,1.0,1.0
2280,4.746004946246243,89.57100352004079,26.93699749735733,1.0,1.0,1.0
2281,4.748951086636128,89.7343617517538,26.968199923603066,1.0,1.0,1.0
2282,4.752134003557478,89.89603190921322,27.00013345275442,0.9986449864498645,1.0,1.0
2283,4.755336657159703,90.05982106741536,27.032789756490565,0.9986431478968792,1.0,1.0
2284,4.75698737923267,90.21606233720163,27.064092306961964,0.998641304347826,1.0,1.0
2285,4.758902637104009,90.37695319690722,27.094821701557983,0.998639455782313,1.0,1.0
2286,4.761161839782851,90.53988115115222,27.124804582830535,1.0,1.0,1.0
2287,4.763862173588376,90.7034916937114,27.15681488755416,1.0,1.0,1.0
2288,4.766242885070022,90.8684359294856,27.18991503008503,1.0,1.0,1.0
2289,4.768521608637089,91.0377285463037,27.22175697116187,1.0,1.0,1.0
2290,4.770936830018903,91.2030545661293,27.251875470601835,1.0,1.0,1.0
2291,4.773939874667904,91.37481194195965,27.28151016736766,1.0,1.0,1.0
2292,4.777067017800395,91.54701786432126,27.312284561413286,1.0,1.0,1.0
2293,4.779940642992296,91.72471562041434,27.34294153089303,1.0,1.0,1.0
2294,4.784239758192258,91.90063706720197,27.37143145633964,1.0,1.0,1.0
2295,4.787807072938025,92.07727446574552,27.396877368511944,1.0,1.0,1.0
2296,4.791984551849992,92.25914669386033,27.419970749579274,1.0,1.0,1.0
2297,4.795787526522633,92.4420795068573,27.44148537542106,1.0,1.0,1.0
2298,4.799883746053045,92.63188590859166,27.462604778357097,1.0,1.0,1.0
2299,4.804071356711749,92.81166317982736,27.479236967114357,1.0,1.0,1.0
2300,4.80857479330997,92.99809304031761,27.491669147346876,1.0,1.0,1.0
2301,4.812833064200315,93.18828900764198,27.50642395876013,1.0,1.0,1.0
2302,4.816704842417163,93.37356085810632,27.512540763407337,1.0,1.0,1.0
2303,4.820761885852014,93.56867234402792,27.50993850702597,1.0,1.0,1.0
2304,4.823802924008351,93.76014274752612,27.513965733704993,1.0,1.0,1.0
2305,4.826872348018822,93.96059848247471,27.52096431340545,1.0,1.0,1.0
2306,4.829355500435181,94.15629102393126,27.531345689323057,0.9971988795518207,1.0,1.0
2307,4.832097542339231,94.35242664408798,27.536528989907378,0.9985974754558204,1.0,1.0
2308,4.834468972453011,94.54407397300065,27.539434633222612,1.0,1.0,1.0
2309,4.83655155804744,94.73058649181998,27.546020221794702,1.0,1.0,1.0
2310,4.8384124578829955,94.9131213225399,27.552007059192142,1.0,1.0,1.0
2311,4.840343026079062,95.09328655366176,27.56325580087154,1.0,1.0,1.0
2312,4.8434664997996215,95.28176921861302,27.573957908297782,1.0,1.0,1.0
2313,4.846452442706796,95.47035703824783,27.58433946691849,1.0,1.0,1.0
2314,4.849507929245784,95.65887229660525,27.59146518773768,0.9985835694050992,1.0,1.0
2315,4.8525315292609115,95.84208695299569,27.59784813678583,1.0,1.0,1.0
2316,4.855995870435808,96.03304027892477,27.60298690207692,1.0,1.0,1.0
2317,4.86020708333921,96.22284867290838,27.609586902022237,1.0,1.0,1.0
2318,4.863624179069995,96.41166612168733,27.61675308839267,1.0,1.0,1.0
2319,4.866985554226737,96.59808741446889,27.624915039061477,1.0,1.0,1.0
2320,4.870142986095783,96.78649719076537,27.633671556995026,1.0,1.0,1.0
2321,4.873877803189677,96.97464219439263,27.640363866827585,1.0,1.0,1.0
2322,4.877852121292167,97.17193226158916,27.646151989124572,1.0,1.0,1.0
2323,4.881153809849601,97.35987231510082,27.65351206449681,1.0,1.0,1.0
2324,4.883379278929509,97.54142632427146,27.659949957178945,1.0,1.0,1.0
2325,4.885918346562725,97.72320685302378,27.667395769220732,1.0,1.0,1.0
2326,4.889810090299709,97.91880104595154,27.67580992205008,1.0,1.0,1.0
2327,4.89399339445154,98.11719300075242,27.68412904916549,1.0,1.0,1.0
2328,4.898580183815377,98.31432716231828,27.692821994903806,1.0,1.0,1.0
2329,4.90206398626883,98.50208568236006,27.70390009994708,1.0,1.0,1.0
2330,4.90507347311253,98.69009406844972,27.714624792686063,1.0,1.0,1.0
2331,4.908187457393663,98.88012429253156,27.72441381237521,1.0,1.0,1.0
2332,4.911502578137707,99.07912323481875,27.73634207654538,1.0,1.0,1.0
2333,4.915206975389092,99.27843122031513,27.747951167767006,1.0,1.0,1.0
2334,4.919050119504797,99.48597974639948,27.75794699218101,1.0,1.0,1.0
2335,4.922716236176768,99.68717948564007,27.768267151287876,1.0,1.0,1.0
2336,4.926930582516879,99.89382218883833,27.778157141194068,1.0,1.0,1.0
2337,4.9303609197647456,100.09269340198269,27.788637524924887,1.0,1.0,1.0
2338,4.934292913130124,100.29428372525679,27.79943135257632,1.0,1.0,1.0
2339,4.937344980352684,100.49062292373291,27.809783957520438,1.0,1.0,1.0
2340,4.9405110611492455,100.68204346032597,27.820737040093537,1.0,1.0,1.0
2341,4.943709462457137,100.87325604884744,27.830719453432824,1.0,1.0,1.0
2342,4.946819314871993,101.06743530770983,27.83972515447727,1.0,1.0,1.0
2343,4.949012255719197,101.25198205830901,27.848872056236818,1.0,1.0,1.0
2344,4.950263141223159,101.4368132041337,27.859690364877753,1.0,1.0,1.0
2345,4.951565128865749,101.62365878178794,27.869127874084132,1.0,1.0,1.0
2346,4.953974432176128,101.83088896244315,27.880370105687266,1.0,1.0,1.0
2347,4.955757402373508,102.04922998780897,27.889468769057547,1.0,1.0,1.0
2348,4.956786557572459,102.25613270252003,27.89775729910818,1.0,1.0,1.0
2349,4.9578317587922065,102.46649434340904,27.91025135618585,1.0,1.0,1.0
2350,4.958452439658962,102.67426066013938,27.92138442018062,1.0,1.0,1.0
2351,4.959074029186011,102.8816241520106,27.93494377739531,1.0,1.0,1.0
2352,4.959196747278576,103.07803624823326,27.94873303199726,1.0,1.0,1.0
2353,4.959518481666746,103.27533959392265,27.96168905799801,1.0,1.0,1.0
2354,4.960176268752148,103.47595971674257,27.97585625668184,1.0,1.0,1.0
2355,4.960723431944851,103.68002284436055,27.988970292126766,1.0,1.0,1.0
2356,4.962069477722736,103.88736260706908,28.00191971840213,1.0,1.0,1.0
2357,4.963594339581699,104.10230080500068,28.01353718518717,1.0,1.0,1.0
2358,4.964967199949258,104.31962734948927,28.025782778174744,1.0,1.0,1.0
2359,4.9671540725563155,104.55052798763867,28.038005917348674,1.0,1.0,1.0
2360,4.967497361016081,104.7630231106644,28.04848084039644,1.0,1.0,1.0
2361,4.96769787621591,104.97399853203743,28.05646344909605,1.0,1.0,1.0
2362,4.9672677409306045,105.17614957470875,28.064981237462238,1.0,1.0,1.0
2363,4.965961896220914,105.36437502244559,28.07277927987814,1.0,1.0,1.0
2364,4.9630493269430795,105.53462286049415,28.07954103257741,1.0,1.0,1.0
2365,4.959116429376414,105.6732251273041,28.084373262756863,1.0,1.0,1.0
2366,4.9547218648535,105.81062215806443,28.091530359958544,1.0,1.0,1.0
2367,4.9491829193041506,105.94298893954767,28.099076185569675,1.0,1.0,1.0
2368,4.944681938259119,106.08033530894912,28.105632156493957,1.0,1.0,1.0
2369,4.9413005837301975,106.22445828464397,28.11277112446357,1.0,1.0,1.0
2370,4.936980823961345,106.34351363139368,28.12134562250233,1.0,1.0,1.0
2371,4.932370040199329,106.5002267759211,28.13158325697257,1.0,1.0,1.0
2372,4.928178794443254,106.65761856671915,28.14295687390069,1.0,1.0,1.0
2373,4.922493576363113,106.78253612532113,28.153116493123825,1.0,1.0,1.0
2374,4.913598383642126,106.88656067713985,28.162015947966733,1.0,1.0,1.0
2375,4.906061344710729,107.00017597237958,28.17190619923411,1.0,1.0,1.0
2376,4.897787159505678,107.11398968934122,28.18081786311865,1.0,1.0,1.0
2377,4.889610134548453,107.21587876078061,28.1933763190346,1.0,1.0,1.0
2378,4.878584955471533,107.29533357701663,28.204884302474287,1.0,1.0,1.0
2379,4.867435552098959,107.37352767354413,28.21622539796153,1.0,1.0,1.0
2380,4.855491801305254,107.4483737630284,28.226294845897673,1.0,1.0,1.0
2381,4.846328433013759,107.57667272148689,28.234603721814338,1.0,1.0,1.0
2382,4.8363657215109885,107.69870449597975,28.243036667358787,1.0,1.0,1.0
2383,4.82622779007011,107.82326602853642,28.252417521404773,1.0,1.0,1.0
2384,4.814762293673797,107.926471232267,28.261670403085873,1.0,1.0,1.0
2385,4.813621346270219,108.12021381191114,28.272600274224843,1.0,1.0,1.0
2386,4.812120538855477,108.3146836165772,28.285339276351994,1.0,1.0,1.0
2387,4.810574581511121,108.50668714354853,28.296980895336137,1.0,1.0,1.0
2388,4.809358449910173,108.70093467767951,28.30747824445405,1.0,1.0,1.0
2389,4.80980630986369,108.91111947563489,28.316970688376287,1.0,1.0,1.0
2390,4.811780587159263,109.12797754789321,28.32685805169033,1.0,1.0,1.0
2391,4.813497821169599,109.35325560868752,28.3358107527448,1.0,1.0,1.0
2392,4.814093958594172,109.56662517511883,28.34410688960909,1.0,1.0,1.0
2393,4.8149670004198075,109.78307304161277,28.352763898017237,1.0,1.0,1.0
2394,4.816214231030443,109.9999569943064,28.359081487535413,1.0,1.0,1.0
2395,4.816982050709914,110.21664468260516,28.367543706333688,1.0,1.0,1.0
2396,4.817353976736376,110.42820388553493,28.37541074158761,1.0,1.0,1.0
2397,4.81867441690107,110.64773280517052,28.382851097165396,1.0,1.0,1.0
2398,4.82095597316707,110.8662919975902,28.393537321409976,1.0,1.0,1.0
2399,4.82334087184368,111.0771345608422,28.401273909148188,1.0,1.0,1.0
2400,4.827369433550806,111.29882067888097,28.40892751249251,1.0,1.0,1.0
2401,4.832402970747023,111.51117607015041,28.419390640734907,1.0,1.0,1.0
2402,4.838159720276032,111.73714944217832,28.426205386517932,1.0,1.0,1.0
2403,4.843648475624031,111.96625982947732,28.44052503612711,1.0,1.0,1.0
2404,4.849498781282204,112.20177461031213,28.455102257603883,1.0,1.0,1.0
2405,4.854298895182707,112.43850488480433,28.470814788767942,1.0,1.0,1.0
2406,4.859305986168131,112.6748138669441,28.49069239863351,1.0,1.0,1.0
2407,4.865298717644149,112.91424420340226,28.50802565061423,1.0,1.0,1.0
2408,4.871552758905256,113.16076299571598,28.52782579459145,1.0,1.0,1.0
2409,4.877889932231549,113.41580208040781,28.55292764416122,1.0,1.0,1.0
2410,4.8845285299600745,113.67548518844042,28.58352328371494,1.0,1.0,1.0
2411,4.891545350079756,113.92525232936703,28.606101357819377,1.0,1.0,1.0
2412,4.898259110374881,114.17388452253905,28.62046050909076,1.0,1.0,1.0
2413,4.905460823414529,114.42907794331403,28.637017804749952,1.0,1.0,1.0
2414,4.91219820686353,114.6881689731413,28.661211027618588,1.0,1.0,1.0
2415,4.918964409277142,114.95925207034432,28.692218305284126,1.0,1.0,1.0
2416,4.925984767943244,115.23455878341909,28.72237307517694,1.0,1.0,1.0
2417,4.931800297287518,115.4958306462534,28.754286372991043,1.0,1.0,1.0
2418,4.936968612436289,115.7484400855907,28.78476270050931,1.0,1.0,1.0
2419,4.942015311765166,116.00393401225699,28.813992987792425,1.0,1.0,1.0
2420,4.947337033813365,116.26479802376474,28.839476926671377,1.0,1.0,1.0
2421,4.952408052701076,116.52908110323501,28.867114166248786,1.0,1.0,1.0
2422,4.957697725789682,116.79278964604367,28.895113323435588,1.0,1.0,1.0
2423,4.962203772239757,117.05139313483436,28.925076150692075,1.0,1.0,1.0
2424,4.966701659284482,117.31617780382749,28.95891377877774,1.0,1.0,1.0
2425,4.97136843465827,117.58501533374191,28.986956934975414,1.0,1.0,1.0
2426,4.976489999198831,117.86054832154856,29.008605563298378,1.0,1.0,1.0
2427,4.9808125901738,118.1303673558678,29.03403559649053,1.0,1.0,1.0
2428,4.984867408094831,118.39778992560228,29.055225215730083,1.0,1.0,1.0
2429,4.988084682783079,118.66009898740562,29.08062635167155,1.0,1.0,1.0
2430,4.990877191395476,118.92001995429582,29.1032268941203,1.0,1.0,1.0
2431,4.994119395976346,119.18674614586804,29.117153718401507,1.0,1.0,1.0
2432,4.9974412449382015,119.45827973317584,29.137742163541507,1.0,1.0,1.0
2433,5.000802441695467,119.72395293176876,29.160467386933586,1.0,1.0,1.0
2434,5.004677365794593,119.99558217786674,29.18314717331348,1.0,1.0,1.0
2435,5.009264639373392,120.27479957590418,29.209894790612413,1.0,1.0,1.0
2436,5.013699385005196,120.54782461112276,29.23585350177738,1.0,1.0,1.0
2437,5.018704054308315,120.83664738150796,29.261878503630662,1.0,1.0,1.0
2438,5.024020310651419,121.13247138930623,29.285721778169147,1.0,1.0,1.0
2439,5.030505691603989,121.44869550258534,29.310255145406817,1.0,1.0,1.0
2440,5.036106196792245,121.74814270379379,29.334410278367695,1.0,1.0,1.0
2441,5.042336096881765,122.0482927161125,29.358441647643822,1.0,1.0,1.0
2442,5.0475311849792055,122.3433969861047,29.38248435818945,1.0,1.0,1.0
2443,5.051953758284268,122.636341441173,29.40718167408954,1.0,1.0,1.0
2444,5.0561576675910285,122.92932091923844,29.433068282229286,1.0,1.0,1.0
2445,5.060043936215362,123.20579348908598,29.46040584656202,1.0,1.0,1.0
2446,5.063807468527851,123.48205289198121,29.487320342792387,1.0,1.0,1.0
2447,5.0683833073013025,123.76116492839672,29.515308881734875,1.0,1.0,1.0
2448,5.072665595377569,124.04131208073606,29.54410036256397,1.0,1.0,1.0
2449,5.077137477433068,124.32918661378459,29.572400559930337,1.0,1.0,1.0
2450,5.08216099072331,124.63526446882899,29.602617882239166,1.0,1.0,1.0
2451,5.085388464425454,124.93540275692406,29.62997637636976,1.0,1.0,1.0
2452,5.087316509723933,125.22401146224027,29.6568346836715,1.0,1.0,1.0
2453,5.089248568985303,125.49552048867771,29.683079122914585,1.0,1.0,1.0
2454,5.088928894023242,125.73898212203704,29.7101138267068,1.0,1.0,1.0
2455,5.088689950372238,125.98923613079494,29.73894564452235,1.0,1.0,1.0
2456,5.087486611888762,126.22376469521066,29.768158488760704,1.0,1.0,1.0
2457,5.087155682900027,126.46797797838244,29.794397349923408,1.0,1.0,1.0
2458,5.086443340224161,126.70910658643442,29.821726708810445,1.0,1.0,1.0
2459,5.0851553503446665,126.95564262692115,29.846972338558917,1.0,1.0,1.0
2460,5.084164122838229,127.2040813854089,29.87466242061864,1.0,1.0,1.0
2461,5.083016267522301,127.46691942966402,29.901789089158175,1.0,1.0,1.0
2462,5.082850318976246,127.75715892031127,29.929821152662658,1.0,1.0,1.0
2463,5.082455650707474,128.04625695351592,29.964219553915136,1.0,1.0,1.0
2464,5.083232883249517,128.36088403562084,29.996127342614226,1.0,1.0,1.0
2465,5.0832993524074785,128.67446925213815,30.02639557532424,1.0,1.0,1.0
2466,5.083092318598741,128.98018175703194,30.059526362382762,1.0,1.0,1.0
2467,5.083308433710407,129.2821564319374,30.09428894976511,1.0,1.0,1.0
2468,5.083832941880794,129.57775674297247,30.127347276667926,1.0,1.0,1.0
2469,5.083458126161281,129.86703393321903,30.160340292841568,1.0,1.0,1.0
2470,5.081661516973614,130.1501003908324,30.19359188062869,1.0,1.0,1.0
2471,5.0815197832724115,130.42088147239394,30.222678202952373,1.0,1.0,1.0
2472,5.08229730978045,130.70109287309717,30.25124375834328,1.0,1.0,1.0
2473,5.082844587926192,130.99391547639232,30.281858474813273,1.0,1.0,1.0
2474,5.084351214990491,131.2872813520191,30.315784622499713,1.0,1.0,1.0
2475,5.085797706987326,131.5847564247006,30.349412780174443,1.0,1.0,1.0
2476,5.087691940003627,131.8867115576038,30.383830913312114,1.0,1.0,1.0
2477,5.089256687182715,132.18466628903494,30.41810081674808,1.0,1.0,1.0
2478,5.0909089052397665,132.48673286199144,30.45204296386699,1.0,1.0,1.0
2479,5.092585603657904,132.79079654103535,30.489186511568274,1.0,1.0,1.0
2480,5.094785715122702,133.11519953975548,30.522433003988127,1.0,1.0,1.0
2481,5.097268351587679,133.45279847593136,30.555432404545027,1.0,1.0,1.0
2482,5.100063529447748,133.79517206232148,30.58886292470423,1.0,1.0,1.0
2483,5.10334556450124,134.14411071029568,30.62268052240869,1.0,1.0,1.0
2484,5.106123372253877,134.47551932483367,30.657211318909706,1.0,1.0,1.0
2485,5.10847316211242,134.80222811066093,30.689757954717937,1.0,1.0,1.0
2486,5.110456259758457,135.13613901948395,30.722685655977603,1.0,1.0,1.0
2487,5.11281423149142,135.45960490314596,30.7547278351547,1.0,1.0,1.0
2488,5.115154504749725,135.78066804690422,30.78562221787162,1.0,1.0,1.0
2489,5.117074081671146,136.09424698794444,30.807199941537217,1.0,1.0,1.0
2490,5.1198559333900056,136.41115424661263,30.83089082912041,1.0,1.0,1.0
2491,5.121434357165548,136.72863682641278,30.85016629724836,1.0,1.0,1.0
2492,5.121351490511422,137.0405955117433,30.876719388251463,1.0,1.0,1.0
2493,5.120357517281218,137.34851769601386,30.90319801602306,1.0,1.0,1.0
2494,5.120555895466895,137.64956415290771,30.93278693828272,1.0,1.0,1.0
2495,5.120513001009391,137.95973334816028,30.962894896564624,1.0,1.0,1.0
2496,5.121582983469351,138.2690624072823,30.988854380884455,1.0,1.0,1.0
2497,5.123914788598387,138.57967311819007,31.020343015727924,1.0,1.0,1.0
2498,5.126536287366602,138.9000069837392,31.05217575832107,1.0,1.0,1.0
2499,5.129960221162964,139.22877556651014,31.08691406885163,1.0,1.0,1.0
2500,5.133553245019634,139.5583989429686,31.118843950109035,1.0,1.0,1.0
2501,5.137396412268636,139.89273130172475,31.15105610277162,1.0,1.0,1.0
2502,5.141407235155697,140.22349712143156,31.18383615254897,1.0,1.0,1.0
2503,5.1457675882812195,140.55352864122835,31.214021464178867,1.0,1.0,1.0
2504,5.150053616881834,140.89535480226928,31.24535940941188,1.0,1.0,1.0
2505,5.15337873075959,141.2369130967793,31.28494287285794,1.0,1.0,1.0
2506,5.15666798265014,141.5795983937973,31.326765446566835,1.0,1.0,1.0
2507,5.161165769404479,141.93575460618834,31.36651697635177,1.0,1.0,1.0
2508,5.1653430542331815,142.28922589174974,31.407081106829157,1.0,1.0,1.0
2509,5.169592488222627,142.6559648982247,31.451486159834936,1.0,1.0,1.0
2510,5.173760931120183,143.00813358902718,31.495517881897953,1.0,1.0,1.0
2511,5.176477215730253,143.3542621052666,31.551364543450287,1.0,1.0,1.0
2512,5.179348701243572,143.71180883762696,31.613561849235868,1.0,1.0,1.0
2513,5.181401507033885,144.0595789941122,31.678841876207258,1.0,1.0,1.0
2514,5.184148434437736,144.41361757993036,31.742071035477647,1.0,1.0,1.0
2515,5.186406375137635,144.7589556950463,31.80980197667333,1.0,1.0,1.0
2516,5.187333820508895,145.10553427336885,31.8774537589284,1.0,1.0,1.0
2517,5.187052896714953,145.44907290970013,31.945775970895028,1.0,1.0,1.0
2518,5.187199825443442,145.78019137905702,32.01224448850264,1.0,1.0,1.0
2519,5.18783726431696,146.09744571908934,32.08094243089589,1.0,1.0,1.0
2520,5.188735696627982,146.42027470325428,32.14853346838554,1.0,1.0,1.0
2521,5.188972462337231,146.7401517966847,32.215992864892776,1.0,1.0,1.0
2522,5.188881375431765,147.04569703111784,32.283794894884316,1.0,1.0,1.0
2523,5.1893850532421455,147.36033451647234,32.352346105593774,1.0,1.0,1.0
2524,5.188394029738048,147.64749807744246,32.42291334498087,1.0,1.0,1.0
2525,5.187442513178408,147.9213616744895,32.49362104421177,1.0,1.0,1.0
2526,5.1872508299665245,148.20303165904687,32.56394963347378,1.0,1.0,1.0
2527,5.1866859588009575,148.48624741592877,32.632983386067046,1.0,1.0,1.0
2528,5.184931251656785,148.7535870873551,32.70285458836128,1.0,1.0,1.0
2529,5.182693288054649,149.02077064004672,32.77213941950104,1.0,1.0,1.0
2530,5.180392649690765,149.2837752384775,32.84327078007434,1.0,1.0,1.0
2531,5.178035398882029,149.55217623257386,32.91555491704223,1.0,1.0,1.0
2532,5.175597918668505,149.81609832615865,32.98727945399134,1.0,1.0,1.0
2533,5.1716930589903685,150.05054548972984,33.05913960386382,1.0,1.0,1.0
2534,5.1681286626823875,150.27017157810593,33.13121490234703,1.0,1.0,1.0
2535,5.164648613584461,150.51041117793875,33.20408633182542,1.0,1.0,1.0
2536,5.1607967197635976,150.73845754322565,33.27779318465824,1.0,1.0,1.0
2537,5.157510760191048,150.97579087480386,33.351444602317436,1.0,1.0,1.0
2538,5.153458708644777,151.19130945802033,33.42520859051106,1.0,1.0,1.0
2539,5.1504167319648415,151.4359664326769,33.496512183866855,1.0,1.0,1.0
2540,5.14681464847143,151.68990944870967,33.57099825022225,1.0,1.0,1.0
2541,5.143533119437496,151.9674793011862,33.64408056863327,1.0,1.0,1.0
2542,5.139995804818156,152.25585557655918,33.71739217387766,1.0,1.0,1.0
2543,5.13707759863911,152.55872205505622,33.79176318702136,1.0,1.0,1.0
2544,5.133624555302682,152.86766728525473,33.86635809437008,1.0,1.0,1.0
2545,5.12857316414247,153.15251002186787,33.94296836872426,1.0,1.0,1.0
2546,5.123418476430617,153.43199958038792,34.01937786549042,1.0,1.0,1.0
2547,5.118391959598134,153.72576563657455,34.09736876472773,1.0,1.0,1.0
2548,5.114276331608674,154.04713715325673,34.17589499778582,1.0,1.0,1.0
2549,5.109506129365947,154.36299737658052,34.25269501039767,1.0,1.0,1.0
2550,5.105904631519331,154.6723488989307,34.32915545957841,1.0,1.0,1.0
2551,5.1027491615040335,154.98833004460138,34.405808943862155,1.0,1.0,1.0
2552,5.098292366360496,155.30373396845386,34.48457914767387,1.0,1.0,1.0
2553,5.094494192518361,155.61807449085057,34.564604012641,1.0,1.0,1.0
2554,5.089921145792452,155.930507052655,34.6453485871701,1.0,1.0,1.0
2555,5.088405182290523,156.25802193281675,34.717910445569515,1.0,1.0,1.0
2556,5.088321375662011,156.58892982328615,34.784288218130676,1.0,1.0,1.0
2557,5.087920991808719,156.92535152802697,34.84803205545075,1.0,1.0,1.0
2558,5.0882178606473865,157.2675809965291,34.915604493535795,1.0,1.0,1.0
2559,5.0892584966904115,157.61820891278896,34.98277053693854,1.0,1.0,1.0
2560,5.090395506920641,157.9721990984841,35.050312865657176,1.0,1.0,1.0
2561,5.089861723592061,158.326564783787,35.12294637978807,1.0,1.0,1.0
2562,5.089079089213581,158.68909706374987,35.19376390706428,1.0,1.0,1.0
2563,5.087899938148314,159.04866865083778,35.26284342278072,1.0,1.0,1.0
2564,5.0879480394726455,159.40990783110541,35.33308831759579,1.0,1.0,1.0
2565,5.087735476221539,159.7668068623764,35.40306961034923,1.0,1.0,1.0
2566,5.087376221932016,160.12145677036827,35.47770623779812,1.0,1.0,1.0
2567,5.08681887275033,160.47039779447604,35.5516805159771,1.0,1.0,1.0
2568,5.0851474995166015,160.81914813162055,35.62616805119358,1.0,1.0,1.0
2569,5.085031128851491,161.16993117802218,35.6996996684122,1.0,1.0,1.0
2570,5.085163753047636,161.51691467884882,35.77272276734363,1.0,1.0,1.0
2571,5.085966717791476,161.8653290137486,35.848225599087954,1.0,1.0,1.0
2572,5.08639188146983,162.1992507007761,35.92637346407633,1.0,1.0,1.0
2573,5.085369247717128,162.53133218769975,36.00133399997805,1.0,1.0,1.0
2574,5.083845050536466,162.84759199236706,36.07856984321591,1.0,1.0,1.0
2575,5.083072254363367,163.1864494695914,36.156168794083804,1.0,1.0,1.0
2576,5.0812480603278996,163.48044245591083,36.234955838145424,1.0,1.0,1.0
2577,5.078910895860492,163.77004140230028,36.317024453573325,1.0,1.0,1.0
2578,5.075788230718114,164.07194651979555,36.39662742692012,1.0,1.0,1.0
2579,5.072511573462361,164.3774441230675,36.47389176229385,1.0,1.0,1.0
2580,5.069284287863135,164.69516219734797,36.5515152414363,1.0,1.0,1.0
2581,5.068427971318744,165.01668890735,36.62400978989809,1.0,1.0,1.0
2582,5.069111517286992,165.3558926642567,36.699385974363224,1.0,1.0,1.0
2583,5.070886808130308,165.6992694521364,36.774576718784395,1.0,1.0,1.0
2584,5.073469430758795,166.06010241024842,36.84848281204549,1.0,1.0,1.0
2585,5.0775357925949445,166.4502989990769,36.92471302843543,1.0,1.0,1.0
2586,5.081109163182996,166.8439015168592,36.99701103793934,1.0,1.0,1.0
2587,5.083890633267596,167.2241479428286,37.069659592048296,1.0,1.0,1.0
2588,5.085545284406296,167.56562429197643,37.144351600107285,1.0,1.0,1.0
2589,5.087544234661144,167.91762802595568,37.21181525516983,1.0,1.0,1.0
2590,5.089228835959334,168.24673044838025,37.277085901903966,1.0,1.0,1.0
2591,5.089864188696627,168.56164717552412,37.34514359738721,1.0,1.0,1.0
2592,5.090203880613889,168.89452246024192,37.41976034835965,1.0,1.0,1.0
2593,5.089958174934611,169.21749018607468,37.49211309849372,1.0,1.0,1.0
2594,5.088903407258162,169.5316810712997,37.56676847864182,1.0,1.0,1.0
2595,5.086765383734303,169.8359890478657,37.64748098593556,1.0,1.0,1.0
2596,5.084831707629275,170.1298181070336,37.71970931663612,1.0,1.0,1.0
2597,5.085079139047133,170.44117535812535,37.790568625963665,1.0,1.0,1.0
2598,5.0836062995021285,170.72054084976656,37.85857772286419,1.0,1.0,1.0
2599,5.082239031565095,170.992510396512,37.92944689789901,1.0,1.0,1.0
2600,5.082841933166785,171.29837224929568,37.99745940942398,1.0,1.0,1.0
2601,5.084038642895242,171.60409542965724,38.06517368314408,1.0,1.0,1.0
2602,5.084902143695531,171.92476161315903,38.13161346737674,1.0,1.0,1.0
2603,5.084059489944599,172.24555166687733,38.200556503975044,1.0,1.0,1.0
2604,5.084505265380159,172.59663355273676,38.27128559354294,1.0,1.0,1.0
2605,5.084445561564821,172.96128869669866,38.3447171984772,1.0,1.0,1.0
2606,5.083001602606683,173.2849109741796,38.409492097729675,1.0,1.0,1.0
2607,5.080937099082873,173.59369118305682,38.47271098976756,1.0,1.0,1.0
2608,5.078197931206551,173.91483701120612,38.54078638632095,1.0,1.0,1.0
2609,5.073721014330649,174.2221772625642,38.61028319512299,1.0,1.0,1.0
2610,5.0694313312586265,174.51427039013785,38.67426366313746,1.0,1.0,1.0
2611,5.065927214525456,174.8131499366228,38.73532436051676,1.0,1.0,1.0
2612,5.062624565533279,175.12732887004057,38.78539293734436,1.0,1.0,1.0
2613,5.059082206067439,175.45027472687102,38.83958509662367,1.0,1.0,1.0
2614,5.056274922078105,175.78465239701777,38.89454034517876,1.0,1.0,1.0
2615,5.0533046077044546,176.11370319726885,38.945712516701285,1.0,1.0,1.0
2616,5.051665969764643,176.4430782023607,38.99934025801229,1.0,1.0,1.0
2617,5.050134053209731,176.791103586748,39.04476068125694,1.0,1.0,1.0
2618,5.049092834013205,177.12880477689453,39.08667025842717,1.0,1.0,1.0
2619,5.048130666326961,177.4679123651129,39.120333523958365,1.0,1.0,1.0
2620,5.047383754906179,177.79469150378793,39.14808801095654,1.0,1.0,1.0
2621,5.047050417566371,178.1268816908664,39.18902816963043,1.0,1.0,1.0
2622,5.046556719119974,178.44583681437612,39.23105953300682,1.0,1.0,1.0
2623,5.045144998369062,178.75079246817913,39.28148313838337,1.0,1.0,1.0
2624,5.042320042966917,179.06155533565283,39.333144370376814,1.0,1.0,1.0
2625,5.041741695013517,179.37051079901488,39.36902574084927,1.0,1.0,1.0
2626,5.042985816405297,179.69473045770548,39.41123288291062,1.0,1.0,1.0
2627,5.045078665345996,179.99457090930645,39.44846751181461,1.0,1.0,1.0
2628,5.047905541872479,180.30166563612522,39.480777964147535,1.0,1.0,1.0
2629,5.049995796763384,180.5980330278924,39.520179900423145,1.0,1.0,1.0
2630,5.054047873714851,180.9221598646997,39.55774183747903,1.0,1.0,1.0
2631,5.059173421731604,181.24825073567874,39.58974342841764,1.0,1.0,1.0
2632,5.065487154971763,181.56504373252534,39.62650690769276,1.0,1.0,1.0
2633,5.073047838073745,181.9029348187839,39.65964962426948,1.0,1.0,1.0
2634,5.079929554370685,182.27798294527562,39.70705554299983,1.0,1.0,1.0
2635,5.086014138179958,182.65222172781262,39.75928415955564,1.0,1.0,1.0
2636,5.091627398347154,183.01788646132096,39.81456472592189,1.0,1.0,1.0
2637,5.097876983975903,183.37707116137958,39.872183835097566,1.0,1.0,1.0
2638,5.102451773331788,183.72407071528022,39.93089038761328,1.0,1.0,1.0
2639,5.1075544386046685,184.09008024435644,39.98920355050518,1.0,1.0,1.0
2640,5.112431455289815,184.46953225858067,40.05188830269047,1.0,1.0,1.0
2641,5.119516995058443,184.84263902655144,40.10411442371816,1.0,1.0,1.0
2642,5.127962685823825,185.23154619469173,40.15896431741259,1.0,1.0,1.0
2643,5.134475741508019,185.5955645457478,40.21994733193412,1.0,1.0,1.0
2644,5.142155819883732,185.9555065517752,40.27199378699111,1.0,1.0,1.0
2645,5.150825077393244,186.3097723734156,40.313590748925485,1.0,1.0,1.0
2646,5.159759888961362,186.6664510971306,40.35112917151335,1.0,1.0,1.0
2647,5.168895744002317,187.02705909935344,40.39380901727624,1.0,1.0,1.0
2648,5.178091808439094,187.38192588593571,40.43637670955591,1.0,1.0,1.0
2649,5.18729760402812,187.744520262353,40.486046922123435,1.0,1.0,1.0
2650,5.195642921647226,188.0819890803699,40.53792540498374,1.0,1.0,1.0
2651,5.202545352266747,188.41793958579487,40.59437182397452,1.0,1.0,1.0
2652,5.208563987750438,188.82655839137755,40.66945928883915,1.0,1.0,1.0
2653,5.214643971371742,189.2817379691953,40.74221923063865,1.0,1.0,1.0
2654,5.220273939601548,189.72084047765895,40.81206980967862,1.0,1.0,1.0
2655,5.225770648599901,190.17413454250283,40.880597481151945,1.0,1.0,1.0
2656,5.230618288975773,190.60535237131597,40.95026598799749,1.0,1.0,1.0
2657,5.235810439660247,191.03851162822605,41.01927965061804,1.0,1.0,1.0
2658,5.240675903428098,191.48004959245299,41.09139381938513,1.0,1.0,1.0
2659,5.244666401109617,191.9126666129152,41.161334419472226,1.0,1.0,1.0
2660,5.249327589038615,192.34987007801985,41.23073024152148,1.0,1.0,1.0
2661,5.253527209610195,192.77318178185925,41.302893377049664,1.0,1.0,1.0
2662,5.258030822181429,193.2169427142263,41.37504847339927,1.0,1.0,1.0
2663,5.262985174785932,193.66404988840333,41.44780768851795,1.0,1.0,1.0
2664,5.267948956735744,194.11216485917979,41.517960516885616,1.0,1.0,1.0
2665,5.27213949689278,194.54673941159714,41.58780627532541,1.0,1.0,1.0
2666,5.275567855516813,194.96325980448898,41.657020979354485,1.0,1.0,1.0
2667,5.281095214195105,195.40120952780902,41.727422907725476,1.0,1.0,1.0
2668,5.287100790265357,195.83724220115667,41.7972008140657,1.0,1.0,1.0
2669,5.293406920556879,196.2868075065154,41.86677526596239,1.0,1.0,1.0
2670,5.299237769473103,196.73316296844519,41.93527730279965,1.0,1.0,1.0
2671,5.3046437501500225,197.19023033820338,42.00242541072962,1.0,1.0,1.0
2672,5.311747971027374,197.69179303781894,42.07239320505955,1.0,1.0,1.0
2673,5.320211664443793,198.1943762277814,42.14493869677648,1.0,1.0,1.0
2674,5.328863318263797,198.72265450291505,42.22881073139963,1.0,1.0,1.0
2675,5.335873270004723,199.23191858971435,42.31718007435789,1.0,1.0,1.0
2676,5.342283800559351,199.701694725836,42.38316666309161,1.0,1.0,1.0
2677,5.348721517347784,200.1675411371814,42.44907120582041,1.0,1.0,1.0
2678,5.354681957620729,200.62094594952455,42.52213739798962,1.0,1.0,1.0
2679,5.360215925118328,201.06798293924723,42.60068135203055,1.0,1.0,1.0
2680,5.367418419165657,201.54024391418884,42.681518784099396,1.0,1.0,1.0
2681,5.375068957917319,202.02796300003732,42.759254629859576,1.0,1.0,1.0
2682,5.383896887378501,202.562419328714,42.8363693259341,1.0,1.0,1.0
2683,5.3909588093442515,203.06445167604286,42.917166726121714,1.0,1.0,1.0
2684,5.398078473148593,203.54523850786867,43.00138384212314,1.0,1.0,1.0
2685,5.405351715256095,204.04534274272893,43.08429289896176,1.0,1.0,1.0
2686,5.4144891091808125,204.60307515486087,43.169167078151574,1.0,1.0,1.0
2687,5.420317487553641,205.08994493727332,43.25229133034541,1.0,1.0,1.0
2688,5.424372662434984,205.54690960725372,43.340220300068786,1.0,1.0,1.0
2689,5.428426095588259,205.96728833850335,43.43183310622021,1.0,1.0,1.0
2690,5.432599808342452,206.39450154201634,43.52035953924122,1.0,1.0,1.0
2691,5.434398829444651,206.7418775170416,43.61184821943177,1.0,1.0,1.0
2692,5.435527525843583,207.0345537602436,43.70185558815233,1.0,1.0,1.0
2693,5.43709564995742,207.34321654118136,43.794163455050175,1.0,1.0,1.0
2694,5.439468510249652,207.68670188828136,43.88647403382375,1.0,1.0,1.0
2695,5.4412515609670695,208.0368485385583,43.97516875500365,1.0,1.0,1.0
2696,5.444075989648784,208.41529161071074,44.06102893373826,1.0,1.0,1.0
2697,5.447879766496987,208.84472876980064,44.14436116173003,1.0,1.0,1.0
2698,5.4507271770920696,209.26806493350264,44.232629681088625,1.0,1.0,1.0
2699,5.452919473935339,209.66794571901033,44.320884667760026,1.0,1.0,1.0
2700,5.455148716176394,210.0936535850379,44.4100637275434,1.0,1.0,1.0
2701,5.455212765814813,210.47679346066082,44.499082061328565,1.0,1.0,1.0
2702,5.454961510526884,210.8061268654335,44.583864865555114,1.0,1.0,1.0
2703,5.45391238952172,211.11144361849583,44.66432766056368,1.0,1.0,1.0
2704,5.453014618620945,211.4022022445577,44.74367927606498,1.0,1.0,1.0
2705,5.451790859591855,211.69955605138657,44.8260649500609,1.0,1.0,1.0
2706,5.449139870797856,211.8614039203282,44.910772463791496,1.0,1.0,1.0
2707,5.450866723146438,212.16773769156896,45.00002916604867,1.0,1.0,1.0
2708,5.453613346874243,212.50128034915528,45.0930677272946,1.0,1.0,1.0
2709,5.4558481073590075,212.81280793056717,45.191822124772955,1.0,1.0,1.0
2710,5.45773715228912,213.1610733274247,45.292628344568186,1.0,1.0,1.0
2711,5.45936607342361,213.49051911491725,45.38637346024291,1.0,1.0,1.0
2712,5.460350048464345,213.7878243742165,45.488712822509804,1.0,1.0,1.0
2713,5.46092938086067,214.1065429849496,45.583763085327405,1.0,1.0,1.0
2714,5.459568487583307,214.40453095348445,45.667627776878696,1.0,1.0,1.0
2715,5.459702704608178,214.74584501629312,45.75719530205251,1.0,1.0,1.0
2716,5.4590660925041945,215.1574921814129,45.85044458344266,1.0,1.0,1.0
2717,5.459280360764517,215.61495673974156,45.929219624491644,1.0,1.0,1.0
2718,5.457567367820827,216.03143384511938,46.01786966836637,1.0,1.0,1.0
2719,5.456303609782803,216.402039517055,46.11368295542358,1.0,1.0,1.0
2720,5.454146653249786,216.7462019499153,46.20763632262709,1.0,1.0,1.0
2721,5.453442828319526,217.16697914935645,46.29465058434777,1.0,1.0,1.0
2722,5.4528720438127225,217.57745112679342,46.39818611054523,1.0,1.0,1.0
2723,5.451951686399001,217.9642629095178,46.50043378804379,1.0,1.0,1.0
2724,5.451018229853489,218.32142383874717,46.60240546832148,1.0,1.0,1.0
2725,5.449145953949554,218.67493695794946,46.70739698309388,1.0,1.0,1.0
2726,5.446008415730424,218.99069316876884,46.81355564533393,1.0,1.0,1.0
2727,5.440346441887892,219.25758096768362,46.9287352386073,1.0,1.0,1.0
2728,5.437940601217889,219.59157861701928,47.02470099065348,1.0,1.0,1.0
2729,5.436662401387218,219.9481218533116,47.11551930638973,1.0,1.0,1.0
2730,5.4315906984307505,220.19791140253815,47.214991380006985,1.0,1.0,1.0
2731,5.423843940756787,220.38843221478436,47.306371840628266,1.0,1.0,1.0
2732,5.416602254223657,220.58027626603445,47.39600865032198,1.0,1.0,1.0
2733,5.409794805988269,220.77765320770516,47.48131532550991,1.0,1.0,1.0
2734,5.404155273749974,220.98005356449426,47.55115050309805,1.0,1.0,1.0
2735,5.399475680967062,221.22131695198243,47.635950547278256,1.0,1.0,1.0
2736,5.39303448471168,221.4181338914335,47.73415150338168,1.0,1.0,1.0
2737,5.386405551537029,221.61990655490175,47.84187428095307,1.0,1.0,1.0
2738,5.381175943760959,221.84325796664572,47.963602661031096,1.0,1.0,1.0
2739,5.375494480457638,222.0509667502312,48.07427657520944,1.0,1.0,1.0
2740,5.370551591391049,222.25395375097315,48.1973736060033,1.0,1.0,1.0
2741,5.366596342687528,222.45950528516408,48.328396182856835,1.0,1.0,1.0
2742,5.36360952767959,222.67681698728308,48.46182301467379,1.0,1.0,1.0
2743,5.358850917845206,222.85441336056368,48.59012445956125,1.0,1.0,1.0
2744,5.353484827921923,223.038362755241,48.725942634667476,1.0,1.0,1.0
2745,5.347139298268692,223.22399192413633,48.859672441177864,1.0,1.0,1.0
2746,5.341048112597785,223.3716845931752,48.996778627425755,1.0,1.0,1.0
2747,5.333273196214124,223.42684987890956,49.13079571257661,1.0,1.0,1.0
2748,5.3248778164048645,223.46296467578603,49.27306882977199,1.0,1.0,1.0
2749,5.3166661723585396,223.5272420437791,49.41773650828898,1.0,1.0,1.0
2750,5.308154893225096,223.6006543943999,49.566482139180664,1.0,1.0,1.0
2751,5.2990252103062625,223.68435754411004,49.715080271165434,1.0,1.0,1.0
2752,5.290322114245862,223.77985670982497,49.85880806273973,1.0,1.0,1.0
2753,5.282889984176317,223.8680000825333,50.0138308065795,1.0,1.0,1.0
2754,5.276186252273515,223.96243948984696,50.16736219474384,1.0,1.0,1.0
2755,5.269685628827787,224.1107827812064,50.30899140244984,1.0,1.0,1.0
2756,5.263561196184995,224.3038692892319,50.45572104913106,1.0,1.0,1.0
2757,5.257887658495518,224.4864831199047,50.61014293600212,1.0,1.0,1.0
2758,5.2513199199008,224.65405189149826,50.75703609416591,1.0,1.0,1.0
2759,5.246516762864531,224.86255582273742,50.91216991562378,1.0,1.0,1.0
2760,5.241008133474939,225.06090522886097,51.064068551792225,1.0,1.0,1.0
2761,5.234454389314521,225.2440455464011,51.213527223965265,1.0,1.0,1.0
2762,5.22736394151954,225.44829215600652,51.357574533205515,1.0,1.0,1.0
2763,5.220326910712531,225.62975201609632,51.49484455216468,1.0,1.0,1.0
2764,5.21230416765845,225.72889319355968,51.63492356137855,1.0,1.0,1.0
2765,5.204995120920424,225.87068799449355,51.77849232545529,1.0,1.0,1.0
2766,5.1963466238643035,225.9581768915445,51.927172282529405,1.0,1.0,1.0
2767,5.191485407614812,226.0687414596998,52.06916550681825,1.0,1.0,1.0
2768,5.184290184911403,226.18281783489084,52.215796812293696,1.0,1.0,1.0
2769,5.173288253505048,226.04583455422778,52.377626785478334,1.0,1.0,1.0
2770,5.160787338042656,225.75841133719933,52.535330150886466,1.0,1.0,1.0
2771,5.147179959051539,225.39618579097447,52.693338880077434,1.0,1.0,1.0
2772,5.132570508019551,224.93889360259593,52.855117076795906,1.0,1.0,1.0
2773,5.114214089146597,224.4656980564223,53.00706237017987,1.0,1.0,1.0
2774,5.09699655770735,224.09692452462735,53.158878834931656,1.0,1.0,1.0
2775,5.081560951803409,223.80743396779724,53.31912291620167,1.0,1.0,1.0
2776,5.066248996314174,223.56119332977275,53.48501146848303,1.0,1.0,1.0
2777,5.051323406789984,223.2440493103138,53.64144144117142,1.0,1.0,1.0
2778,5.039414493388601,223.19400872393803,53.80315155341699,1.0,1.0,1.0
2779,5.026181968536418,223.06436705083811,53.970999153185204,1.0,1.0,1.0
2780,5.013702453325734,222.99492279986686,54.135047542891634,1.0,1.0,1.0
2781,5.001085157249476,222.91517556411588,54.30110809016084,1.0,1.0,1.0
2782,4.987237305510022,222.8185751212391,54.4775898814683,1.0,1.0,1.0
2783,4.970588054292482,222.71267845299275,54.65196062364423,1.0,1.0,1.0
2784,4.953480484293285,222.58126224725586,54.83092364378712,1.0,1.0,1.0
2785,4.935655328050938,222.4298250991319,55.007376832250735,1.0,1.0,1.0
2786,4.916373605639189,222.24068542255245,55.18334647303602,1.0,1.0,1.0
2787,4.897701157407812,222.09289194390212,55.362812035129,1.0,1.0,1.0
2788,4.8797106765996405,221.96838722370853,55.54639429955121,1.0,1.0,1.0
2789,4.860731974588722,221.82120203395027,55.72744605497702,1.0,1.0,1.0
2790,4.844098755353187,221.66372018697794,55.87082336968546,1.0,1.0,1.0
2791,4.829525274129151,221.54370371870948,56.00285900506632,1.0,1.0,1.0
2792,4.814082042922941,221.40392745010828,56.124167276220994,1.0,1.0,1.0
2793,4.798194227595122,221.26822856170514,56.247815203804215,1.0,1.0,1.0
2794,4.788945011644192,221.23836323522028,56.25847253497959,1.0,1.0,1.0
2795,4.776983726700839,221.15690449559648,56.31695948189078,1.0,1.0,1.0
2796,4.766125859359813,221.0663248485111,56.381324568428326,1.0,1.0,1.0
2797,4.754371679482712,221.0017411206127,56.43577485534527,1.0,1.0,1.0
2798,4.741092695145092,220.90805367567444,56.51694684332162,1.0,1.0,1.0
2799,4.728472981615427,220.84229861137266,56.60443210302494,1.0,1.0,1.0
2800,4.714940064575614,220.77236396545965,56.705141849642644,1.0,1.0,1.0
2801,4.7006083695040735,220.68822351001697,56.79293695056815,1.0,1.0,1.0
2802,4.687108782162753,220.55504556445547,56.87642067915051,1.0,1.0,1.0
2803,4.671785300418921,220.37744090901737,56.959413814620525,1.0,1.0,1.0
2804,4.657717965013931,220.28982194755827,57.038307048194056,1.0,1.0,1.0
2805,4.644450518378253,220.20730367398997,57.115039166085,1.0,1.0,1.0
2806,4.629524441266614,220.10424118897024,57.198365974788814,1.0,1.0,1.0
2807,4.615046264031517,220.01744610095665,57.276317087518535,1.0,1.0,1.0
2808,4.596821254579145,219.89125306444458,57.36365649721863,1.0,1.0,1.0
2809,4.581129017323682,219.81011797517206,57.44244554225609,1.0,1.0,1.0
2810,4.567104468828316,219.76458649019997,57.52875255870268,1.0,1.0,1.0
2811,4.551218150077631,219.69385977308087,57.61364792396925,1.0,1.0,1.0
2812,4.544104460598949,219.71652607378311,57.66827151142426,1.0,1.0,1.0
2813,4.536667331216564,219.73511295842383,57.74530438159833,1.0,1.0,1.0
2814,4.528902952487258,219.7606071992657,57.853999892044456,1.0,1.0,1.0
2815,4.521880430197298,219.79870583071957,57.95354230182619,1.0,1.0,1.0
2816,4.510995734002582,219.84415800651408,58.06934028945517,1.0,1.0,1.0
2817,4.500216740493724,219.88402082334494,58.181248798943955,1.0,1.0,1.0
2818,4.488468114909482,219.9238252682903,58.301676682456836,1.0,1.0,1.0
2819,4.478252380767731,219.94137916268554,58.42171597844047,1.0,1.0,1.0
2820,4.463154245499708,219.95352053160335,58.54568331752803,1.0,1.0,1.0
2821,4.445446481617289,219.9562186014106,58.696952975145436,1.0,1.0,1.0
2822,4.429645145164632,219.95680654995408,58.852998858983895,1.0,1.0,1.0
2823,4.412403949132347,219.92158687111854,59.00037577828925,1.0,1.0,1.0
2824,4.39587928628035,219.87392643959,59.12980724452669,1.0,1.0,1.0
2825,4.372735055405785,219.83041685425755,59.267556621404545,1.0,1.0,1.0
2826,4.3544489479273345,219.77122885156732,59.40318580949902,1.0,1.0,1.0
2827,4.337255186786564,219.8067599034968,59.558240795468855,1.0,1.0,1.0
2828,4.324547175598276,219.9901989495045,59.71039714633189,1.0,1.0,1.0
2829,4.308926378655494,220.07199958533357,59.866219352438,1.0,1.0,1.0
2830,4.290428642132665,220.11296467097662,60.0301036596851,1.0,1.0,1.0
2831,4.272472380095707,220.16888131511752,60.195573012721105,1.0,1.0,1.0
2832,4.256444205797996,220.28945618711953,60.36490208985162,1.0,1.0,1.0
2833,4.230479021797341,220.15063865469375,60.55215970900468,1.0,1.0,1.0
2834,4.2047415099185725,220.01051892762396,60.734290519978536,1.0,1.0,1.0
2835,4.175756435608895,219.78546289619007,60.89486331763439,1.0,1.0,1.0
2836,4.138784501766733,219.31211968147102,61.04632356769513,1.0,1.0,1.0
2837,4.098411568614681,218.79854401769688,61.210179727890186,1.0,1.0,1.0
2838,4.058517442159482,218.292739059305,61.36864128415019,1.0,1.0,1.0
2839,4.020445426037499,217.84508885092646,61.554906358097,1.0,1.0,1.0
2840,3.9877069646324244,217.56159870103068,61.7285966592261,1.0,1.0,1.0
2841,3.952535887216286,217.22030326912548,61.88906215484214,1.0,1.0,1.0
2842,3.919347468263416,216.93964409474083,62.050996450155935,1.0,1.0,1.0
2843,3.890783456420126,216.78495328750856,62.195321722941216,1.0,1.0,1.0
2844,3.857656187870767,216.53278623172645,62.33763564208262,1.0,1.0,1.0
2845,3.8249909018795267,216.30129960662032,62.48869036986046,1.0,1.0,1.0
2846,3.792765780409451,216.0783810343458,62.6365402704312,1.0,1.0,1.0
2847,3.7678476834667665,216.07588343561096,62.77629615686099,1.0,1.0,1.0
2848,3.7459246135010056,216.27244187237645,62.93741157118307,1.0,1.0,1.0
2849,3.7209758340681605,216.39109520271816,63.106187031480786,1.0,1.0,1.0
2850,3.7011013439867804,216.63595122276482,63.25929946572521,1.0,1.0,1.0
2851,3.681326359715666,216.88412310370887,63.39638286757445,1.0,1.0,1.0
2852,3.6600404066643355,217.080551005711,63.55209928796367,1.0,1.0,1.0
2853,3.640724049105337,217.2826713478854,63.708463197838114,1.0,1.0,1.0
2854,3.6233418328965863,217.48265043372325,63.85141667425216,1.0,1.0,1.0
2855,3.5989443843318853,217.6826481941128,64.04605325974603,1.0,1.0,1.0
2856,3.5714202361100584,217.86540634329407,64.22449587203464,1.0,1.0,1.0
2857,3.548067426186445,218.07072773626751,64.42469485645286,1.0,1.0,1.0
2858,3.5253703930531306,218.2576687387675,64.62179188970865,1.0,1.0,1.0
2859,3.5091173313662214,218.47557285591498,64.78596226033878,1.0,1.0,1.0
2860,3.4927920578250315,218.69852435706488,64.94880501745976,1.0,1.0,1.0
2861,3.4765624589567916,218.91598748491782,65.12265998435737,1.0,1.0,1.0
2862,3.4586685895183327,219.1211817032802,65.30284946168865,1.0,1.0,1.0
2863,3.445699371155512,219.34517790885047,65.46643711322348,1.0,1.0,1.0
2864,3.4409497673857166,219.5582764051359,65.57371132199525,1.0,1.0,1.0
2865,3.436083039441875,219.78600994680036,65.69482988300786,1.0,1.0,1.0
2866,3.4301714345130496,220.02857649528434,65.8230516246573,1.0,1.0,1.0
2867,3.423768406928957,220.24834686711384,65.94416505334357,1.0,1.0,1.0
2868,3.418877810923839,220.50220681808568,66.06905062676371,1.0,1.0,1.0
2869,3.4176337782328057,220.60685678691001,66.14640032388253,1.0,1.0,1.0
2870,3.417245809987958,220.80619875386077,66.22469165802644,1.0,1.0,1.0
2871,3.41650814202562,220.9513415582187,66.29973812390588,1.0,1.0,1.0
2872,3.4159635590411783,221.16129171160614,66.37975290942106,1.0,1.0,1.0
2873,3.416442968829814,221.3591832874951,66.4550554342938,1.0,1.0,1.0
2874,3.4159806636650893,221.47670779526763,66.52595286393209,1.0,1.0,1.0
2875,3.4167186304247377,221.62934340710464,66.58681572957148,1.0,1.0,1.0
2876,3.417400736961712,221.76845744461676,66.64356156996755,1.0,1.0,1.0
2877,3.417922023404319,221.91730929962833,66.70670599715206,1.0,1.0,1.0
2878,3.4184516732725747,222.05507479685406,66.76909638980237,1.0,1.0,1.0
2879,3.417451299443789,222.20395041756427,66.85045999602328,1.0,1.0,1.0
2880,3.41631670715423,222.34133976410732,66.93700345272562,1.0,1.0,1.0
2881,3.414903154109389,222.4410430593066,67.03186128993383,1.0,1.0,1.0
2882,3.41201731921583,222.46467801592314,67.12827009561292,1.0,1.0,1.0
2883,3.407863183804291,222.47364383729987,67.2309245375725,1.0,1.0,1.0
2884,3.403071493411251,222.44945027570506,67.33914059315747,1.0,1.0,1.0
2885,3.4005769343047136,222.50202538741158,67.43559084127477,1.0,1.0,1.0
2886,3.3973277637174317,222.56970133392346,67.53763942436335,1.0,1.0,1.0
2887,3.3938172270554054,222.58737307287456,67.63686912444705,1.0,1.0,1.0
2888,3.3907519640316797,222.6318532704293,67.73249066131729,1.0,1.0,1.0
2889,3.3880148378923414,222.6351504178195,67.82709154275682,1.0,1.0,1.0
2890,3.3863780911305454,222.6628400754855,67.91720923207953,1.0,1.0,1.0
2891,3.384484345418727,222.75288860915197,68.02068529817426,1.0,1.0,1.0
2892,3.382116422518834,222.84601425802174,68.12723346892886,1.0,1.0,1.0
2893,3.380370222919356,223.05617135295532,68.24084170907736,1.0,1.0,1.0
2894,3.3771445679148626,223.1592690679235,68.35648322516373,1.0,1.0,1.0
2895,3.373139693195305,223.27911781408596,68.4773279804736,1.0,1.0,1.0
2896,3.3706069628584605,223.40177784474602,68.58990249481552,1.0,1.0,1.0
2897,3.3681909479589613,223.4794727580198,68.69575508387447,1.0,1.0,1.0
2898,3.365116318675714,223.54301148570997,68.80455594775225,1.0,1.0,1.0
2899,3.361136872051957,223.67214994469248,68.94167698849878,1.0,1.0,1.0
2900,3.356719793720126,223.78722953831078,69.07577964677799,1.0,1.0,1.0
2901,3.3511199398687674,223.91695501324398,69.21834536896615,1.0,1.0,1.0
2902,3.345874892647079,223.983768517997,69.36475258738203,1.0,1.0,1.0
2903,3.346638494805912,224.13787783447862,69.4558379317383,1.0,1.0,1.0
2904,3.347715144777128,224.3647744575438,69.54753465456689,1.0,1.0,1.0
2905,3.347480608411393,224.5126766886079,69.63812194698419,1.0,1.0,1.0
2906,3.350521576276522,224.88716827655404,69.73283119694665,1.0,1.0,1.0
2907,3.3506778480000903,225.0035356888324,69.8230212369759,1.0,1.0,1.0
2908,3.353421002642819,225.3269199821711,69.9157134701519,1.0,1.0,1.0
2909,3.3565321517823437,225.6522016144219,70.01167476822398,1.0,1.0,1.0
2910,3.361117335759981,226.17162792223766,70.1086705141113,1.0,1.0,1.0
2911,3.3680047596717992,226.80864840667104,70.19727289700108,1.0,1.0,1.0
2912,3.371128640214042,227.21317933149797,70.29856906816187,1.0,1.0,1.0
2913,3.3730704806156675,227.49840776791658,70.39336845960153,1.0,1.0,1.0
2914,3.3805827015393666,228.24227061955588,70.49674663985476,1.0,1.0,1.0
2915,3.3906579779458537,229.0949094191934,70.59130168036928,1.0,1.0,1.0
2916,3.400301602587596,229.90428629019718,70.67672934137067,1.0,1.0,1.0
2917,3.4075175742412402,230.66526151099055,70.78221237339471,1.0,1.0,1.0
2918,3.4150691770503006,231.42649642573616,70.88565973233068,1.0,1.0,1.0
2919,3.4195480395123936,232.04993431615404,70.99587906319132,1.0,1.0,1.0
2920,3.4233367874930205,232.35690899168202,71.07199947915862,1.0,1.0,1.0
2921,3.431324678638668,232.90466980325664,71.15112639382066,1.0,1.0,1.0
2922,3.4409135102182264,233.58783523257918,71.22382675227992,1.0,1.0,1.0
2923,3.447630719057915,234.27557360892638,71.33782064232747,1.0,1.0,1.0
2924,3.451565289678849,234.90520896062472,71.49064708066359,1.0,1.0,1.0
2925,3.4563032274197996,235.58906845751972,71.63071032663923,1.0,1.0,1.0
2926,3.459855528668697,236.38397740234413,71.8026804990226,1.0,1.0,1.0
2927,3.4704876251265335,237.3386151455273,71.92357306504793,1.0,1.0,1.0
2928,3.4824843243620904,238.35951270742237,72.03383161189223,1.0,1.0,1.0
2929,3.493675436364798,239.40732251663928,72.16032498842854,1.0,1.0,1.0
2930,3.501958382815742,240.4479426944429,72.31798481536951,1.0,1.0,1.0
2931,3.5066145667355615,241.52856085245136,72.5240242911218,1.0,1.0,1.0
2932,3.512725296037605,242.67277749325524,72.72697319105885,1.0,1.0,1.0
2933,3.5191511991872284,243.8289477485306,72.93459352722128,1.0,1.0,1.0
2934,3.5264245239248955,245.15393888023294,73.1436006549804,1.0,1.0,1.0
2935,3.5307524011816405,246.35903193238534,73.36900659817708,1.0,1.0,1.0
2936,3.5398191967785,247.62206727027487,73.55327174014798,1.0,1.0,1.0
2937,3.5515911990439295,248.9133645210425,73.70700331811823,1.0,1.0,1.0
2938,3.5618011376002516,250.17693705319294,73.87979294683613,1.0,1.0,1.0
2939,3.583354198884515,251.57168091944618,73.91064457212399,1.0,1.0,1.0
2940,3.6039673151184317,252.9815503705659,73.95776476871166,1.0,1.0,1.0
2941,3.6185521333967876,254.4136729441005,74.10471159451092,1.0,1.0,1.0
2942,3.6324637999361826,255.77636337570968,74.25226198509102,1.0,1.0,1.0
2943,3.6446195082600426,257.16258862819944,74.43264144380254,1.0,1.0,1.0
2944,3.647553386184042,258.5411119702515,74.71202273706427,1.0,1.0,1.0
2945,3.6519386678855397,260.0131869836752,74.99374884466744,1.0,1.0,1.0
2946,3.6577672804556944,261.4549094521214,75.25533641095376,1.0,1.0,1.0
2947,3.6620493736050768,263.126916098584,75.54531274608969,1.0,1.0,1.0
2948,3.659946285166618,264.8690778195184,75.90965410439357,1.0,1.0,1.0
2949,3.6559472384602634,265.60945475233035,76.12862044862017,1.0,1.0,1.0
2950,3.651595650061723,266.39856332067484,76.3538429741104,1.0,1.0,1.0
2951,3.643108429896458,266.9702045787107,76.58559368874528,1.0,1.0,1.0
2952,3.634000638324228,267.61571387962294,76.8241606008694,1.0,1.0,1.0
2953,3.627206142955439,268.4024731818815,77.06984891335544,1.0,1.0,1.0
2954,3.6192272435138944,269.20185341495926,77.32298232621987,1.0,1.0,1.0
2955,3.615484919994054,270.2176556941489,77.5839044594801,1.0,1.0,1.0
2956,3.6123091218542625,271.2865132819546,77.85298040940474,1.0,1.0,1.0
2957,3.60855004196498,272.3317768291128,78.12047872362123,1.0,1.0,1.0
2958,3.5974512357612287,273.40068366316495,78.47717632815984,1.0,1.0,1.0
2959,3.583181477763786,274.5048695144903,78.86099211690505,1.0,1.0,1.0
2960,3.5593578796982968,275.4367090204434,79.31263427225561,1.0,1.0,1.0
2961,3.5413668380877894,276.4829745093963,79.73728776391816,1.0,1.0,1.0
2962,3.528077022202154,277.5060119059823,80.12390988795084,1.0,1.0,1.0
2963,3.5137110919758126,278.4925070602036,80.51964012661705,1.0,1.0,1.0
2964,3.4963457749927542,279.487442320896,80.95033702128804,1.0,1.0,1.0
2965,3.4881354358319476,280.67728357544087,81.2981811834959,1.0,1.0,1.0
2966,3.4750660430813447,281.96188166188676,81.72721937883637,1.0,1.0,1.0
2967,3.4758317612320937,283.3983304467685,82.01576243537893,1.0,1.0,1.0
2968,3.480747411373581,284.762601928005,82.25029366041524,1.0,1.0,1.0
2969,3.4863515753675203,286.06136081347773,82.44906125051415,1.0,1.0,1.0
2970,3.490597226667559,287.4831187612412,82.69613011676203,1.0,1.0,1.0
2971,3.4981442769617463,288.8764375341097,82.87766183426814,1.0,1.0,1.0
2972,3.5081802671212117,290.2891642003046,83.03122057939692,1.0,1.0,1.0
2973,3.521703527773978,291.7876536304109,83.12117446427216,1.0,1.0,1.0
2974,3.5352472012778717,293.56781491150196,83.29305303986486,1.0,1.0,1.0
2975,3.553814085514598,295.1782316924605,83.34297460738664,1.0,1.0,1.0
2976,3.573781736213597,296.8001578719384,83.34545544043253,1.0,1.0,1.0
2977,3.5957374300444807,298.41995832257015,83.29029284867268,1.0,1.0,1.0
2978,3.6184157775736843,300.0992913877222,83.22275272006924,1.0,1.0,1.0
2979,3.6361434268606976,301.57372529070733,83.20066094529105,1.0,1.0,1.0
2980,3.6600118621011988,303.11361894703157,83.08642696151405,1.0,1.0,1.0
2981,3.6913720021216787,305.0251943921986,82.89281331670699,1.0,1.0,1.0
2982,3.7118690572721293,306.806934533965,82.9127079375266,1.0,1.0,1.0
2983,3.7300553737783657,308.7455004738666,83.01429780788047,1.0,1.0,1.0
2984,3.7513603579538435,310.6915420652849,83.06335398826194,1.0,1.0,1.0
2985,3.7683639214790983,312.5035557080377,83.14961342910465,1.0,1.0,1.0
2986,3.7952518372613175,314.5780154944618,83.07162924048424,1.0,1.0,1.0
2987,3.8236121940379286,316.57554739847376,82.98459553813443,1.0,1.0,1.0
2988,3.857577114558158,318.73578701363016,82.80939754129137,1.0,1.0,1.0
2989,3.8849692670278304,320.9368716398809,82.79737276512338,1.0,1.0,1.0
2990,3.9061543219228687,323.58478693028644,83.01649088256582,1.0,1.0,1.0
2991,3.9266461543824964,326.3755055333813,83.2664325894466,1.0,1.0,1.0
2992,3.942375872279271,328.97232528446864,83.54933661007487,1.0,1.0,1.0
2993,3.957887838123967,331.8059046566553,83.90537288208051,1.0,1.0,1.0
2994,3.9724634655554474,334.2509815317054,84.16704399685253,1.0,1.0,1.0
2995,3.985263171520805,336.98899748989294,84.54577190229607,1.0,1.0,1.0
2996,4.021187111628888,340.12432059801324,84.59085406787835,1.0,1.0,1.0
2997,4.055513236369438,342.97504837426413,84.57609290719881,1.0,1.0,1.0
2998,4.084541601067934,345.7278551751162,84.63006190270916,1.0,1.0,1.0
2999,4.111610696634863,348.4579720927032,84.73502547248351,1.0,1.0,1.0
3000,4.140757635736108,350.8630813673436,84.7057044696351,1.0,1.0,1.0
3001,4.16071193821311,352.47473281244805,84.6848507373019,1.0,1.0,1.0
3002,4.190498791635706,354.7499425682777,84.65949372963792,1.0,1.0,1.0
3003,4.231500659783385,357.84466696044865,84.5573638411564,1.0,1.0,1.0
3004,4.247970609572457,360.5298296159573,84.85476642207595,1.0,1.0,1.0
3005,4.268634525640004,363.4369940267816,85.14127687525341,1.0,1.0,1.0
3006,4.257391009058114,362.47970666843133,85.14127687525341,1.0,1.0,1.0
3007,4.227811799415853,359.9612949905285,85.14127687525341,1.0,1.0,1.0
3008,4.240805116619264,361.06756260807214,85.14127687525341,1.0,1.0,1.0
3009,4.251311309422812,361.9620732784637,85.14127687525341,1.0,1.0,1.0
3010,4.2768998712712,364.14071610763693,85.1412768752534,1.0,1.0,1.0
3011,4.288723615919402,365.14740482443165,85.1412768752534,1.0,1.0,1.0
3012,4.256442166391151,362.3989209922124,85.1412768752534,1.0,1.0,1.0
3013,4.170427547756953,355.0755265317588,85.1412768752534,1.0,1.0,1.0
3014,4.1646231192648395,354.5813300784091,85.1412768752534,1.0,1.0,1.0
3015,4.159534696239847,354.1480952447799,85.1412768752534,1.0,1.0,1.0
3016,4.199111427249018,357.51770865744913,85.1412768752534,1.0,1.0,1.0
3017,4.296197077548723,365.7837048902304,85.14127687525341,1.0,1.0,1.0
3018,4.363689609200273,371.5301052145867,85.1412768752534,1.0,1.0,1.0
