window,buy_and_hold_return,strategy_return,alpha,buy_and_hold_prob,strategy_prob,alpha_prob
1,1.0,1.0,1.0,0.0,0.0,0.11401218450826806
2,1.0004115095903874,1.0036716770979108,1.0067650498353489,0.445993031358885,0.1132404181184669,0.45905923344947736
3,1.0005392528385364,1.0080455889068343,1.0136996593772243,0.4629468177855275,0.13775065387968613,0.4559721011333915
4,1.00069673698593,1.0126642998392201,1.0205541555342363,0.45200698080279234,0.15008726003490402,0.47294938917975565
5,1.0009763185438607,1.0176018085665128,1.0276662246538195,0.43056768558951963,0.1633187772925764,0.5021834061135371
6,1.001353299736916,1.0228757517520293,1.0349894140307576,0.42832167832167833,0.17307692307692307,0.5174825174825175
7,1.0016801677643359,1.0280797978239749,1.0421405131523813,0.42082239720035,0.18285214348206474,0.5328083989501312
8,1.0019676058157923,1.0334966859522374,1.0493455611097253,0.4176882661996497,0.19176882661996497,0.5446584938704028
9,1.002403906238231,1.0387810667094957,1.056516032595419,0.43120070113935144,0.20683610867659946,0.5495179666958808
10,1.0028762413835608,1.044515267186748,1.06363801802835,0.4245614035087719,0.21754385964912282,0.5622807017543859
11,1.0033759714312274,1.050044530262258,1.0708261071779503,0.4354697102721686,0.2344161545215101,0.5662862159789289
12,1.0039945916813133,1.0556410591447059,1.0782130149536173,0.4314586994727592,0.2390158172231986,0.5738137082601055
13,1.0044701897886854,1.0611649094211757,1.085405174248683,0.4291996481970097,0.24714160070360597,0.5866314863676341
14,1.00486359426173,1.0668342324705458,1.0924903853614873,0.43045774647887325,0.2535211267605634,0.590669014084507
15,1.0053413417503363,1.0723963590010765,1.0997633041888335,0.42731277533039647,0.2607929515418502,0.6026431718061674
16,1.0059390701920325,1.0780077336341076,1.107240599040516,0.42680776014109345,0.26631393298059963,0.6005291005291006
17,1.0064500842412225,1.0835767658274666,1.114703121877452,0.4263018534863195,0.2736098852603707,0.6107678729037952
18,1.0069082334050743,1.0892470831634402,1.1220783590233132,0.4284452296819788,0.2826855123674912,0.6192579505300353
19,1.0074590170810664,1.094916149974433,1.1297342783043203,0.4412024756852343,0.28824049513704686,0.6118479221927497
20,1.008111493433859,1.1007969822619066,1.1375889924996025,0.4300884955752212,0.2973451327433628,0.6194690265486725
21,1.0091109333949764,1.1068091233951236,1.1455326091292135,0.4357838795394154,0.3046944198405669,0.62533215234721
22,1.010211847109312,1.1129501954284022,1.1535106009923863,0.42730496453900707,0.3076241134751773,0.6320921985815603
23,1.0112254864858294,1.1191849449589473,1.161287340116106,0.422360248447205,0.31233362910381546,0.6441881100266194
24,1.0122142699032,1.125466258737294,1.16907424319399,0.41651865008880995,0.31261101243339257,0.6483126110124334
25,1.0132075251412236,1.1317585475682963,1.1770046802107237,0.41333333333333333,0.31733333333333336,0.6551111111111111
26,1.0141701058334505,1.137973247249899,1.1849392833805088,0.41192170818505336,0.32295373665480426,0.6601423487544484
27,1.0152052449172815,1.1442617966146533,1.1930151010217989,0.41228851291184326,0.3250222617987533,0.6634016028495102
28,1.0161235792023162,1.1506024922967595,1.20121206199677,0.40998217468805703,0.3253119429590018,0.6675579322638147
29,1.0170527673217375,1.1570566844544872,1.2095069021912557,0.4067796610169492,0.328278322925959,0.6806422836752899
30,1.017951556004854,1.1635856580053858,1.217762593521841,0.39553571428571427,0.33214285714285713,0.6919642857142857
31,1.0189854398253428,1.1702359262226416,1.2259363624689512,0.3905272564789991,0.3360142984807864,0.7024128686327078
32,1.0201691353623399,1.1770712485131,1.2342173022277323,0.3935599284436494,0.33810375670840787,0.7066189624329159
33,1.0212451024910023,1.1838442543451213,1.2425917287149757,0.39480752014324083,0.341987466427932,0.7063563115487914
34,1.0224965907901922,1.1908467718845517,1.2512521141535962,0.3888888888888889,0.3431899641577061,0.717741935483871
35,1.0238057570568253,1.1978456921232286,1.2599638552708146,0.3820627802690583,0.34618834080717487,0.7246636771300449
36,1.0249407554896846,1.20487155864055,1.268567792413756,0.3752244165170557,0.3473967684021544,0.7378815080789947
37,1.0260892035548759,1.211940626670486,1.2770600170676034,0.3674752920035939,0.3495058400718778,0.7421383647798742
38,1.0274292591714753,1.2192178911142146,1.2857748353346228,0.36510791366906475,0.35431654676258995,0.7446043165467626
39,1.028859499349588,1.2265265790269664,1.2947866526908847,0.3627362736273627,0.3582358235823582,0.7479747974797479
40,1.0301676154753094,1.233819135522663,1.3038879762206876,0.35855855855855856,0.36036036036036034,0.754054054054054
41,1.031681487755878,1.2410952699497182,1.313175853599908,0.35617673579801623,0.3624887285843102,0.763751127141569
42,1.0330252023700162,1.248302390849982,1.322554262098357,0.3574007220216607,0.361913357400722,0.7635379061371841
43,1.0342590327963048,1.2554555761192552,1.3317851704840784,0.34959349593495936,0.3640469738030714,0.7705510388437218
44,1.0355700480913343,1.262576888540052,1.3413048643143577,0.3562386980108499,0.364376130198915,0.7703435804701627
45,1.0369719205905326,1.2698198005378127,1.3508258240169968,0.35384615384615387,0.3665158371040724,0.7683257918552037
46,1.0381816008715308,1.2770198414723122,1.3601845528263246,0.3596014492753623,0.3704710144927536,0.7690217391304348
47,1.0394191071584646,1.284204860413666,1.3697718417763005,0.35448776065276516,0.37533998186763373,0.7742520398912058
48,1.0405232611593187,1.2913486473383153,1.3798857179240855,0.36388384754990927,0.37840290381125224,0.7740471869328494
49,1.0418047397833679,1.2984175696400337,1.3899402547209927,0.3578564940962761,0.38419618528610355,0.7783832879200726
50,1.042907081064568,1.3053570827816459,1.3999432049429552,0.3609090909090909,0.39,0.7818181818181819
51,1.0443021074349415,1.3124513084431995,1.410348643044236,0.3612374886260237,0.39308462238398545,0.7852593266606005
52,1.0453209051298131,1.3192099077934945,1.4208221876107476,0.36065573770491804,0.3998178506375228,0.7877959927140255
53,1.0461591857079693,1.3257451708160404,1.43113518668242,0.3691886964448496,0.4038286235186873,0.7866909753874203
54,1.0467873388274536,1.3322674975482163,1.4413396354068702,0.3704379562043796,0.40784671532846717,0.7837591240875912
55,1.0470454401893923,1.338703213649996,1.4512427607972256,0.36164383561643837,0.4136986301369863,0.7881278538812785
56,1.0471716370133397,1.344992749154595,1.4611570645154854,0.35283363802559414,0.4140767824497258,0.793418647166362
57,1.0474560203666257,1.3513602367811488,1.47128245023524,0.35224153705397987,0.4162854528819762,0.7959743824336688
58,1.0475732040556713,1.3575275366290882,1.4816164834266454,0.3516483516483517,0.42032967032967034,0.7967032967032966
59,1.0473642685982878,1.363570684128755,1.4918654309364914,0.34922089825847846,0.4225481209899175,0.8010999083409716
60,1.0470424939458876,1.3693177697018029,1.5022198398328837,0.3513761467889908,0.42844036697247706,0.7990825688073394
61,1.046778587010241,1.3750991795935423,1.5130074456214406,0.3507805325987144,0.43342516069788795,0.8025711662075299
62,1.046551578422292,1.380940021374001,1.5237874696378757,0.34558823529411764,0.4384191176470588,0.8060661764705882
63,1.0465113224042726,1.3868800954910265,1.5349100160026132,0.34774609015639374,0.43974241030358785,0.8114075436982521
64,1.0465605592614455,1.3930489204365775,1.5460936772174385,0.35267034990791896,0.44567219152854515,0.8130755064456722
65,1.0461080621367704,1.3992043078590923,1.5569218262856241,0.3548387096774194,0.4470046082949309,0.8165898617511521
66,1.0459632132107277,1.4054703978171355,1.567933827368202,0.35885608856088563,0.4492619926199262,0.8219557195571956
67,1.046177107847413,1.4119131260033122,1.5789499712307913,0.3564173591874423,0.4552169898430286,0.8264081255771006
68,1.0459652719712051,1.418250547669647,1.5895074321704206,0.3613678373382625,0.4584103512014787,0.8290203327171903
69,1.045856827043021,1.4245302231056405,1.60018048906928,0.3617021276595745,0.4616096207215541,0.8334875115633672
70,1.0460046472513893,1.4310284229908208,1.611479665067999,0.3592592592592593,0.4648148148148148,0.837037037037037
71,1.0463427242773906,1.4376449519027468,1.6226901607885162,0.3568118628359592,0.468952734012975,0.8405931417979611
72,1.0464457572670796,1.4443094321666954,1.633841668271494,0.35992578849721707,0.47309833024118736,0.8441558441558441
73,1.0466989986262254,1.4509797683383545,1.6454681328757594,0.36025998142989785,0.4763231197771588,0.8477251624883937
74,1.046942284369353,1.4576744848825587,1.6570703465778467,0.3652416356877323,0.48141263940520446,0.8447955390334573
75,1.0469995948860555,1.464318822178611,1.6687689663535343,0.36930232558139536,0.4855813953488372,0.8437209302325581
76,1.0469403845692082,1.4710074274427052,1.6806937050655348,0.37057728119180633,0.48789571694599626,0.8426443202979516
77,1.0467538556448404,1.4775868713955687,1.6927341661984503,0.3699906803355079,0.4911463187325256,0.8462255358807083
78,1.0463144547751464,1.484151886941215,1.7045780872143284,0.37033582089552236,0.4962686567164179,0.8432835820895522
79,1.0460896308159273,1.4906141092631677,1.7168190163780408,0.3772175536881419,0.4995331465919701,0.842203548085901
80,1.0458080051114873,1.4970056689478832,1.7292508220339042,0.3766355140186916,0.5046728971962616,0.8439252336448598
81,1.0456706119033738,1.5035636146594626,1.7417398252782688,0.3713751169317119,0.5070159027128157,0.842843779232928
82,1.0456159511889527,1.5101212739922438,1.7542930408114905,0.36891385767790263,0.5121722846441947,0.8436329588014981
83,1.0455994579960177,1.5165852681955942,1.7671147733604742,0.3711340206185567,0.5164011246485474,0.845360824742268
84,1.0456799732226914,1.5234050836443003,1.7800329847172687,0.3677298311444653,0.5187617260787992,0.8452157598499062
85,1.0457618902513615,1.5302907576742186,1.7928708291100455,0.3652582159624413,0.5211267605633803,0.8460093896713615
86,1.0458525146303708,1.5372469220818625,1.8059174516382202,0.3693609022556391,0.5234962406015038,0.8439849624060151
87,1.0460148613362819,1.5443513231052897,1.819063314215172,0.36876763875823143,0.5258701787394168,0.8476011288805269
88,1.0462632318671108,1.5515545077045747,1.8321794771817246,0.3662900188323917,0.5282485875706214,0.8465160075329566
89,1.046343624447855,1.5587273651908127,1.8456271723935773,0.3685202639019793,0.530631479736098,0.8482563619227145
90,1.046770214842555,1.5662066600796725,1.8588851528551553,0.36792452830188677,0.5330188679245284,0.8471698113207548
91,1.0472543475184644,1.5738051223821712,1.8718642109062413,0.36732766761095376,0.5354107648725213,0.8479697828139755
92,1.0477602269651436,1.581584238114496,1.884609408831093,0.3648393194706994,0.5378071833648393,0.8487712665406427
93,1.0482162400497377,1.5893040167471066,1.8980109424338163,0.3680227057710501,0.5402081362346263,0.8495742667928098
94,1.0486859699801216,1.5972703696145476,1.9110708278791257,0.3664772727272727,0.5426136363636364,0.8494318181818182
95,1.0494949983757802,1.6054767554665672,1.9240094641510561,0.36777251184834125,0.5450236966824644,0.8502369668246446
96,1.050439175674828,1.6138620538153965,1.9370238090879446,0.36622390891840606,0.547438330170778,0.8510436432637571
97,1.0514501718332052,1.622399300709187,1.9503428413423443,0.36752136752136755,0.5498575498575499,0.8528015194681862
98,1.0528963170920267,1.6313409867350874,1.963867195425277,0.36406844106463876,0.5522813688212928,0.8507604562737643
99,1.0547723207946857,1.640629068732225,1.9776451488079059,0.3577545195052331,0.5547098001902949,0.8506184586108468
100,1.0563775543645966,1.6499973236129606,1.9916022746542443,0.35428571428571426,0.5571428571428572,0.8504761904761905
101,1.057785847180177,1.659474429738088,2.0052251804639805,0.3479504289799809,0.559580552907531,0.8512869399428027
102,1.0596775925479358,1.6693598178602964,2.0189598318225763,0.34923664122137404,0.5620229007633588,0.851145038167939
103,1.0618435403783606,1.679402997650553,2.0337238702372256,0.3467048710601719,0.5644699140401146,0.8510028653295129
104,1.064235922373362,1.6895425106508823,2.0480542434251365,0.34608030592734224,0.5669216061185468,0.8479923518164436
105,1.06651258557443,1.6997915813260271,2.0623129502628523,0.3416267942583732,0.569377990430622,0.8488038277511962
106,1.0692773531699253,1.7103825797120114,2.077235199402073,0.3400383141762452,0.5718390804597702,0.8505747126436781
107,1.0718827685440562,1.7209324415008953,2.091926732723114,0.3346116970278044,0.5743048897411314,0.850431447746884
108,1.0746253081873067,1.731601584833464,2.1067784539856023,0.33397312859884837,0.5767754318618042,0.8522072936660269
109,1.0775301898027527,1.7424328441097063,2.1220305514307145,0.3314121037463977,0.579250720461095,0.8520653218059558
110,1.0807830221912018,1.7533731258479113,2.1374407791945975,0.3326923076923077,0.5817307692307693,0.8528846153846154
111,1.0839570496452653,1.7643070245993673,2.152842038866084,0.3310875842155919,0.5842155919153031,0.8527430221366699
112,1.0877193686679212,1.7755713553030577,2.169043847465248,0.32755298651252407,0.5867052023121387,0.8545279383429673
113,1.0912780377442088,1.7867412431004437,2.1854309562037977,0.32111861137897785,0.5891996142719382,0.8543876567020251
114,1.0948591674708394,1.7980204205439623,2.201074831698798,0.31756756756756754,0.5916988416988417,0.8532818532818532
115,1.0983335732465247,1.8090738073596049,2.216948322727032,0.314975845410628,0.5942028985507246,0.8541062801932368
116,1.1020208731950578,1.820294812275528,2.2334771156671587,0.31334622823984526,0.5967117988394585,0.8568665377176016
117,1.105621869417682,1.8315886889674282,2.250258628091649,0.3068731848983543,0.5992255566311714,0.8576960309777347
118,1.109603243368948,1.8431676283471934,2.2673201102239595,0.3071705426356589,0.6017441860465116,0.8565891472868217
119,1.113376861570544,1.8545380425691604,2.2853797704437766,0.3055286129970902,0.6042677012609118,0.8564500484966052
120,1.1171228090696579,1.8662495857515036,2.3036721907695688,0.3029126213592233,0.6067961165048543,0.8553398058252427
121,1.121173922639742,1.8781992457022527,2.3227920708692085,0.3022351797862002,0.60932944606414,0.8561710398445093
122,1.124989191923156,1.890137654938784,2.3422015555161653,0.29961089494163423,0.6118677042801557,0.8589494163424124
123,1.1284087188260543,1.9020074269849672,2.361003748863864,0.3008763388510224,0.6144109055501461,0.8597857838364168
124,1.132469677614482,1.9143428614972873,2.380204072541134,0.30214424951267055,0.6169590643274854,0.8606237816764133
125,1.1367449293642062,1.9269876237431878,2.3991908833398257,0.30048780487804877,0.6195121951219512,0.8614634146341463
126,1.1410535465273568,1.939740813273504,2.4187644172655487,0.2998046875,0.6220703125,0.861328125
127,1.1452411904763349,1.9525174405636399,2.4378564996414482,0.2991202346041056,0.624633431085044,0.8621700879765396
128,1.1499702114028498,1.9658092557515539,2.4574188336226337,0.30234833659491195,0.62720156555773,0.8620352250489237
129,1.1550178982560717,1.9789966010518667,2.476788955830928,0.30754162585700295,0.6297747306562194,0.861900097943193
130,1.15976417511677,1.992299444723682,2.4966779244536106,0.30686274509803924,0.6323529411764706,0.861764705882353
131,1.164622878326905,2.0058856397987737,2.516210630740272,0.310107948969578,0.634936211972522,0.8645731108930323
132,1.169669607825897,2.0194197039179125,2.535997388459009,0.3104125736738703,0.637524557956778,0.8683693516699411
133,1.1746944820926308,2.033066639545357,2.5557892172245196,0.30973451327433627,0.640117994100295,0.8672566371681416
134,1.1798906391920227,2.046888543157819,2.575838727131176,0.31003937007874016,0.6427165354330708,0.8671259842519685
135,1.1848979232756003,2.0606732026990913,2.5961401628978598,0.31231527093596056,0.645320197044335,0.8689655172413793
136,1.1898155402432902,2.0744202164065904,2.6162497315407096,0.3086785009861933,0.6479289940828402,0.8698224852071006
137,1.1952185380933438,2.0884150725425497,2.637092104937063,0.3119447186574531,0.650542941757157,0.8716683119447186
138,1.2004872973117742,2.102463673833155,2.658048947235969,0.3102766798418972,0.6531620553359684,0.8715415019762845
139,1.2055190417948196,2.116476304961038,2.6801057405363378,0.3105835806132542,0.655786350148368,0.8724035608308606
140,1.2102708498314292,2.1301043568475775,2.701691379998869,0.3108910891089109,0.6584158415841584,0.8732673267326733
141,1.214353797666107,2.1433343096280826,2.724346962538364,0.3072348860257681,0.6610505450941526,0.8731417244796829
142,1.2185672567279586,2.156436415432426,2.747148281860074,0.30753968253968256,0.6636904761904762,0.873015873015873
143,1.2224614554626159,2.169337993094744,2.7700448876715207,0.3058589870903674,0.6663356504468719,0.874875868917577
144,1.2257899643638763,2.1817880257933844,2.792459242327071,0.305168986083499,0.668986083499006,0.8757455268389662
145,1.2294654536875058,2.1944880263260207,2.8152533325917886,0.30646766169154227,0.6716417910447762,0.8766169154228856
146,1.2328991795996687,2.206652319818489,2.838659927114317,0.30378486055776893,0.6743027888446215,0.8784860557768924
147,1.2362909872879664,2.2190420985192914,2.861989303492194,0.3050847457627119,0.6769690927218345,0.8793619142572283
148,1.239232214304509,2.230984401787637,2.885634260604889,0.3023952095808383,0.6796407185628742,0.8812375249500998
149,1.2418331313122746,2.242828889781774,2.9096020264216413,0.3046953046953047,0.6823176823176823,0.8801198801198801
150,1.2447792149305856,2.254924292186172,2.933226551016606,0.304,0.685,0.881
151,1.2475322049590294,2.266706123857181,2.9584587587529985,0.3013013013013013,0.6876876876876877,0.8828828828828829
152,1.249512841729027,2.278035456186706,2.983094595207702,0.3016032064128257,0.6903807615230461,0.8837675350701403
153,1.251336035172819,2.2893145762910985,3.007367760234544,0.30190571715145437,0.6930792377131394,0.8856569709127382
154,1.2531291884802418,2.300320147000974,3.0319345986928194,0.3032128514056225,0.6957831325301205,0.8845381526104418
155,1.2554373650799546,2.3118713223475167,3.056918461161362,0.30452261306532663,0.6984924623115578,0.8844221105527639
156,1.2570937055443108,2.3230721610466873,3.081987948292396,0.3038229376257545,0.7012072434607646,0.8853118712273642
157,1.258513813320118,2.334198751670947,3.107434095679386,0.3021148036253776,0.7039274924471299,0.8862034239677744
158,1.2596548367951428,2.3452636876798727,3.133247284887353,0.3034274193548387,0.7066532258064516,0.8881048387096774
159,1.260789563935755,2.3562410125743654,3.1592023160528155,0.30272452068617556,0.7093844601412714,0.8900100908173562
160,1.2615252077746109,2.366921003867177,3.185569347075632,0.30303030303030304,0.7111111111111111,0.8898989898989899
161,1.2627949012068265,2.3780975000164815,3.212214120526681,0.30434782608695654,0.7128412537917088,0.890798786653185
162,1.2633728500188257,2.388609671426632,3.238747045126625,0.30465587044534415,0.7145748987854251,0.8917004048582996
163,1.263991836915454,2.3995521867363303,3.264689326403086,0.3090172239108409,0.7163120567375887,0.8936170212765957
164,1.2640683471028,2.4102489039897748,3.2920365341769986,0.30730223123732253,0.718052738336714,0.8945233265720081
165,1.2640900354372635,2.421160523542228,3.319596138205922,0.3065989847715736,0.7197969543147208,0.8934010152284264
166,1.264151451593399,2.432449386924291,3.3474540222703686,0.3048780487804878,0.7215447154471545,0.8943089430894309
167,1.2642008696506124,2.4438435178434674,3.3746410159739595,0.3021363173957274,0.7232960325534079,0.896236012207528
168,1.264185995325504,2.4550204713274772,3.401642512343144,0.3014256619144603,0.725050916496945,0.8971486761710794
169,1.2641331230850552,2.4661528898881837,3.4281722058052204,0.29561671763506625,0.7268093781855249,0.8970438328236493
170,1.2640956075681609,2.477459289173513,3.4552435035930995,0.2938775510204082,0.7285714285714285,0.8979591836734694
171,1.2641128781218316,2.4887693754538835,3.482667170389234,0.2941777323799796,0.7293156281920327,0.8998978549540347
172,1.2638940955215203,2.5002555534738575,3.5097737721138875,0.2955010224948875,0.7300613496932515,0.8997955010224948
173,1.264207256272225,2.5119882266795486,3.5370702455030325,0.29580348004094165,0.7308085977482088,0.9007164790174002
174,1.2643426801594981,2.523494435170636,3.564468996322061,0.29610655737704916,0.7315573770491803,0.9016393442622951
175,1.2641645081390342,2.5344379189767134,3.591815415637576,0.2953846153846154,0.7323076923076923,0.9025641025641026
176,1.2638380255131616,2.5450674148643446,3.6191591610007587,0.29055441478439425,0.7330595482546202,0.9014373716632443
177,1.2635506706357742,2.5558276813328833,3.6470304929541597,0.289825282631038,0.7338129496402878,0.9003083247687564
178,1.2623464081454605,2.5658068308608066,3.674794808294137,0.2880658436213992,0.7345679012345679,0.9012345679012346
179,1.2612065955083134,2.575826102807005,3.7042917703779152,0.29145211122554066,0.7353244078269825,0.90216271884655
180,1.2605400079952633,2.586591307958995,3.7342405694267224,0.2865979381443299,0.7360824742268042,0.9030927835051547
181,1.2605884840378816,2.597425760305319,3.763520133347794,0.2889576883384933,0.7368421052631579,0.9029927760577915
182,1.2600555291211193,2.608306886986497,3.792829619984794,0.2892561983471074,0.737603305785124,0.9028925619834711
183,1.2597628032574497,2.6193807733016237,3.8230177879952945,0.2854188210961737,0.7383660806618407,0.9017580144777663
184,1.258723442581761,2.6307510454304164,3.8529832595656366,0.2774327122153209,0.7391304347826086,0.9006211180124224
185,1.2576629362442402,2.6421430282353384,3.882696593712343,0.277720207253886,0.7398963730569948,0.9025906735751296
186,1.2571647947939588,2.653971075182504,3.913000874837619,0.2769709543568465,0.7406639004149378,0.9045643153526971
187,1.256377559211515,2.665858053866607,3.944084588106357,0.27414330218068533,0.7414330218068536,0.9055036344755971
188,1.2554986584741643,2.6779070727425283,3.9759375362131655,0.2733887733887734,0.7422037422037422,0.9054054054054054
189,1.254960354152142,2.690136741209846,4.008307630934995,0.2663891779396462,0.7429760665972945,0.9063475546305931
190,1.2548470676867889,2.7025786279841384,4.041163646496977,0.26666666666666666,0.74375,0.9083333333333333
191,1.2542759638100476,2.7148541127024535,4.07399038366605,0.2575599582898853,0.7445255474452555,0.9103232533889468
192,1.2546398112270727,2.727523210095182,4.106006394694639,0.25156576200417535,0.7453027139874739,0.9123173277661796
193,1.255108810005484,2.7404857858118206,4.138988889233436,0.25182863113897597,0.7460815047021944,0.9132706374085684
194,1.2558705833714865,2.7537672703073603,4.172273743335358,0.24790794979079497,0.7468619246861925,0.9121338912133892
195,1.2571958586112806,2.7673211907551054,4.205191580966639,0.24397905759162303,0.7476439790575916,0.9141361256544502
196,1.2585201538126232,2.7810702985587836,4.238773278880903,0.2389937106918239,0.7484276729559748,0.9129979035639413
197,1.259996641312926,2.7950214947537093,4.272590945417895,0.23189926547743966,0.7492130115424974,0.912906610703043
198,1.2618814681356785,2.809192468016932,4.306005017278538,0.23109243697478993,0.75,0.9128151260504201
199,1.2635024454747457,2.82343298832644,4.339243193187629,0.2302839116719243,0.750788643533123,0.9116719242902208
200,1.2652198179910585,2.837870675657703,4.373235374251031,0.22842105263157894,0.751578947368421,0.911578947368421
201,1.2672115741352024,2.852558457902048,4.406431139355702,0.2297154899894626,0.7523709167544784,0.9135932560590094
202,1.2694856933427356,2.8677819234297486,4.439624013460863,0.22784810126582278,0.7531645569620253,0.9145569620253164
203,1.271883360289352,2.883099613285021,4.473396353865683,0.2249208025343189,0.7539598732840549,0.9165786694825766
204,1.274103936224185,2.8985985464418427,4.506429669363289,0.22093023255813954,0.7547568710359408,0.9164904862579282
205,1.2760213646020073,2.9139538065661292,4.53952143564404,0.22328042328042327,0.7555555555555555,0.9174603174603174
206,1.2784660760467847,2.929671849379542,4.57261008998258,0.22033898305084745,0.7563559322033898,0.9184322033898306
207,1.2811542100866349,2.9456618963431556,4.60633026160757,0.22375397667020147,0.7571580063626723,0.9194061505832449
208,1.2834500135834157,2.9615664007996005,4.640725861446922,0.22717622080679406,0.7579617834394905,0.9193205944798302
209,1.2856116565443865,2.977539043324844,4.675135158118853,0.22422954303931988,0.7587672688629118,0.9213602550478215
210,1.2879431216120203,2.9935315889682514,4.7103768958889605,0.2276595744680851,0.7595744680851064,0.9223404255319149
211,1.2894338423073655,3.009049357770213,4.745003636498154,0.22364217252396165,0.7603833865814696,0.9201277955271565
212,1.2913131150592816,3.0250933629075707,4.781054555551919,0.22068230277185502,0.7611940298507462,0.9221748400852878
213,1.2939718649188354,3.04186292624864,4.8177349356191055,0.2209178228388474,0.7620064034151548,0.9242262540021344
214,1.297669929137115,3.059678066772483,4.85423160862687,0.2232905982905983,0.7628205128205128,0.9241452991452992
215,1.301225721287651,3.0776623594849215,4.889436683833901,0.21711229946524063,0.7636363636363637,0.9251336898395722
216,1.3055023697314356,3.096148521595406,4.925886103395731,0.21199143468950749,0.7644539614561028,0.9271948608137045
217,1.310192481402011,3.114690460935739,4.962614926919455,0.21221864951768488,0.7652733118971061,0.9271168274383709
218,1.3149004514503522,3.133396016100433,5.000006220594184,0.2113733905579399,0.7660944206008584,0.927038626609442
219,1.3190822907657467,3.151722300624248,5.038421474832952,0.20622986036519872,0.7669172932330827,0.9280343716433942
220,1.3236773996482085,3.170402987718624,5.077912872436218,0.210752688172043,0.7677419354838709,0.9290322580645162
221,1.3282688009694092,3.189198757261478,5.117768125039711,0.2077502691065662,0.7685683530678149,0.9311087190527448
222,1.3328920290905366,3.2085967428225914,5.157688926530453,0.20581896551724138,0.7693965517241379,0.9310344827586207
223,1.3371954008309836,3.2280293055252476,5.198820321207498,0.19956850053937433,0.7702265372168284,0.9309600862998921
224,1.3416073178626018,3.2477815119979065,5.239269471478355,0.19546436285097193,0.7710583153347732,0.9330453563714903
225,1.3462947986325284,3.267162286625945,5.281065063909902,0.1891891891891892,0.7718918918918919,0.9351351351351351
226,1.3511029870381825,3.2868968833650647,5.323927209652737,0.1958874458874459,0.7727272727272727,0.933982683982684
227,1.3550909915234743,3.3066658822871946,5.36625796266007,0.19826652221018418,0.7735644637053087,0.9371614301191766
228,1.358900265210561,3.3263440340513584,5.409863502590856,0.1984815618221258,0.7744034707158352,0.9392624728850325
229,1.3623886633121698,3.3455450678901504,5.453270251998149,0.1986970684039088,0.7752442996742671,0.9391965255157437
230,1.365573684070462,3.3650546569958233,5.496557703933859,0.19782608695652174,0.7760869565217391,0.9391304347826087
231,1.3690329551656668,3.384822798079142,5.540090285781632,0.2045701849836779,0.7769314472252449,0.940152339499456
232,1.3724139964764532,3.4050542595832445,5.585262387657793,0.20697167755991286,0.7777777777777778,0.9411764705882353
233,1.3758498370862495,3.425450422663785,5.630665218177768,0.20828789531079608,0.7786259541984732,0.9432933478735005
234,1.379734448187572,3.4457488836985015,5.677661382488824,0.2096069868995633,0.7794759825327511,0.9432314410480349
235,1.3843104052951785,3.466130836049432,5.725175634808104,0.20765027322404372,0.780327868852459,0.9431693989071038
236,1.3879530605132564,3.485922824201258,5.772815992842364,0.20787746170678337,0.7811816192560175,0.9452954048140044
237,1.390746220285865,3.505314580342499,5.821807356335179,0.20920043811610076,0.7820372398685652,0.9452354874041621
238,1.3933704740899377,3.5247411392197394,5.871443968026001,0.21052631578947367,0.7828947368421053,0.9473684210526315
239,1.3957587475313096,3.5439912538860514,5.91929473092502,0.21075740944017562,0.7837541163556532,0.9484083424807903
240,1.396771645752511,3.5622717921224463,5.968189006365707,0.2098901098901099,0.7846153846153846,0.9494505494505494
241,1.3981533857924429,3.581058394414086,6.018052485673182,0.2079207920792079,0.7854785478547854,0.9504950495049505
242,1.3992068557554316,3.599244575384015,6.068458712579168,0.20814977973568283,0.7863436123348018,0.9515418502202643
243,1.400682994953044,3.6176034112099993,6.118325830900014,0.20837927232635062,0.7872105843439912,0.9525909592061742
244,1.4017360991999694,3.6356813356627726,6.167297599048087,0.2041942604856512,0.7880794701986755,0.9536423841059603
245,1.4026508783796483,3.6543338267775063,6.215985581074374,0.2011049723756906,0.7889502762430939,0.9546961325966851
246,1.4038210232634667,3.6730557095411,6.266476701586359,0.2013274336283186,0.7898230088495575,0.9546460176991151
247,1.40534024846547,3.6922184494572603,6.318576950610214,0.20044296788482835,0.7906976744186046,0.955703211517165
248,1.4063565426713371,3.7115152342267757,6.370538099675674,0.20620842572062084,0.7915742793791575,0.9578713968957872
249,1.4066190152984668,3.730744840106867,6.4228660991223485,0.20532741398446172,0.7924528301886793,0.9578246392896781
250,1.4071614132788763,3.750063076940963,6.47669270559895,0.20333333333333334,0.7933333333333333,0.96
251,1.4072853605957467,3.7692459042399755,6.53132344190673,0.20800889877641823,0.7942157953281423,0.9599555061179088
252,1.4077783273350262,3.788413728731007,6.585567000024105,0.21046770601336304,0.7951002227171492,0.9621380846325167
253,1.4077888999887587,3.807158959924293,6.637955978820383,0.20958751393534003,0.7959866220735786,0.9632107023411371
254,1.4081476448393813,3.8259073417551157,6.695048958062441,0.20535714285714285,0.796875,0.9642857142857143
255,1.4084384597570152,3.8447583523492965,6.752679217394234,0.2022346368715084,0.7977653631284917,0.9653631284916201
256,1.4084655307490126,3.863193692358612,6.812863771091982,0.20246085011185683,0.7986577181208053,0.9653243847874721
257,1.4080475614027346,3.881883765265986,6.875282324765416,0.20156774916013437,0.799552071668533,0.9686450167973124
258,1.4072350787318353,3.9008886428842295,6.9384673816387705,0.2062780269058296,0.8004484304932735,0.9697309417040358
259,1.406128493331486,3.920193427649348,7.001452373710215,0.20426487093153758,0.8013468013468014,0.9696969696969697
260,1.405441063613793,3.939853339460181,7.066113560905992,0.20561797752808988,0.802247191011236,0.9707865168539326
261,1.404974908227703,3.9600293211941766,7.130905460332336,0.2047244094488189,0.8031496062992126,0.9718785151856018
262,1.403399758969389,3.9798270909683087,7.1948184998177815,0.20608108108108109,0.8040540540540541,0.972972972972973
263,1.4012873763949654,3.999761005100366,7.258918840907162,0.2040586245772266,0.8049605411499436,0.9740698985343855
264,1.398518634960657,4.0187831850604585,7.3238806825988885,0.2054176072234763,0.8058690744920993,0.9751693002257337
265,1.3948963066009523,4.037321493993326,7.38838352842548,0.20677966101694914,0.8067796610169492,0.976271186440678
266,1.3906401199174738,4.05585778497547,7.451487730893147,0.20361990950226244,0.8076923076923077,0.9773755656108597
267,1.3864021175729546,4.074432631340573,7.516335448647145,0.2015855039637599,0.8086070215175538,0.9784824462061155
268,1.3819896026958909,4.092938686363549,7.58151619320335,0.20408163265306123,0.8095238095238095,0.9795918367346939
269,1.3779454797421389,4.112250978307978,7.647614733164738,0.2054483541430193,0.8104426787741204,0.981838819523269
270,1.3719006274215368,4.12977319556523,7.715450897412402,0.2056818181818182,0.8113636363636364,0.9829545454545454
271,1.366475652196892,4.147653553239871,7.783518041182665,0.20705346985210465,0.8122866894197952,0.9829351535836177
272,1.3583208337596073,4.163101138245554,7.854063263926652,0.20501138952164008,0.8132118451025057,0.9840546697038725
273,1.3504996404684773,4.179621114476223,7.926732360620634,0.2063854047890536,0.814139110604333,0.9851767388825542
274,1.3433690069526005,4.196170032555177,8.0005893668081,0.2089041095890411,0.815068493150685,0.9863013698630136
275,1.3342392481569336,4.212857690019271,8.073306654932079,0.21142857142857144,0.816,0.9874285714285714
276,1.324952885396028,4.230375696705133,8.142955803995386,0.2151029748283753,0.816933638443936,0.988558352402746
277,1.3175190315470002,4.248364097876508,8.21323025599564,0.21993127147766323,0.8178694158075601,0.9896907216494846
278,1.3109232158523725,4.266402752452602,8.28269104391181,0.22018348623853212,0.8188073394495413,0.9896788990825688
279,1.3030517082602924,4.28504283404765,8.354162983869525,0.21469575200918484,0.8197474167623421,0.9908151549942594
280,1.2961541279519666,4.303736988759402,8.424965007769794,0.21954022988505748,0.8206896551724138,0.9919540229885058
281,1.2895877397441295,4.322648167914485,8.49567810470098,0.22324510932105868,0.8216340621403913,0.9919447640966629
282,1.2838310514429128,4.341320702098638,8.5659726146659,0.22580645161290322,0.8225806451612904,0.9919354838709677
283,1.2773182808929504,4.360402754676152,8.638985478902443,0.22722029988465975,0.8235294117647058,0.9930795847750865
284,1.2707494712862535,4.3796220472673175,8.712334316496314,0.23094688221709006,0.8233256351039261,0.9942263279445728
285,1.2656294315008147,4.3988889869191485,8.784509581223414,0.2300578034682081,0.823121387283237,0.9942196531791907
286,1.2597720743765133,4.418709668617329,8.858360629785254,0.23032407407407407,0.8229166666666666,0.9942129629629629
287,1.254077512239937,4.438747741915208,8.934168120810387,0.23059096176129779,0.8238702201622248,0.9942062572421785
288,1.2487817629029248,4.459100853125199,9.010041778913365,0.23317865429234338,0.8248259860788864,0.994199535962877
289,1.2429290309826129,4.480272458495462,9.083807090371668,0.24041811846689895,0.8257839721254355,0.9941927990708479
290,1.237245529592628,4.502178779427769,9.15886631359488,0.23953488372093024,0.8267441860465117,0.9941860465116279
291,1.2320513874777579,4.5243458144213555,9.235402130852226,0.2351571594877765,0.8277066356228172,0.9941792782305006
292,1.2249827949059529,4.547601923046593,9.31260011762355,0.24358974358974358,0.8286713286713286,0.9953379953379954
293,1.2178253738576676,4.571343833990895,9.391404009585692,0.23803967327887982,0.8296382730455076,0.9964994165694282
294,1.2098425362239058,4.5952773982898,9.470086658247787,0.24182242990654207,0.830607476635514,0.9976635514018691
295,1.203531932704037,4.619403497237397,9.548664383774218,0.2409356725146199,0.8315789473684211,0.9988304093567252
296,1.1981230011731263,4.644131446760417,9.63066238771567,0.2423887587822014,0.832552693208431,1.0
297,1.1930792290332846,4.66918143205267,9.71477344773196,0.24384525205158264,0.8335287221570926,1.0
298,1.1876427885478802,4.694172116176399,9.798967078458945,0.24530516431924881,0.8345070422535211,1.0
299,1.1829785755638116,4.718987855644923,9.885053141780412,0.2491186839012926,0.836662749706228,1.0
300,1.1768629295960384,4.744131053630093,9.970305347935312,0.24705882352941178,0.8364705882352941,1.0
301,1.1718889332261795,4.769255237864929,10.058712438455979,0.25323910482921086,0.8362779740871613,1.0
302,1.1678603489663109,4.79458189254337,10.148561002653151,0.2511792452830189,0.8360849056603774,1.0
303,1.1648910592632233,4.8198511472132655,10.240952936385922,0.2514757969303424,0.8370720188902007,1.0
304,1.1603779341008211,4.845241930171738,10.33049510097661,0.25295508274231676,0.8392434988179669,1.0
305,1.1552175945905632,4.870226507848795,10.42321821391444,0.2556213017751479,0.8390532544378698,1.0
306,1.1493273542670426,4.895340313124402,10.518472547825576,0.2559241706161137,0.8412322274881516,1.0
307,1.1439077088024683,4.920505290457827,10.610060185531264,0.25741399762752076,0.8410438908659549,1.0
308,1.1384836745867826,4.946073307572987,10.703098898607985,0.26128266033254155,0.8420427553444181,1.0
309,1.1333541182528657,4.972099393755119,10.79819158590102,0.2568370986920333,0.8430439952437574,1.0
310,1.128556690763146,4.997972877004954,10.893673993630522,0.2619047619047619,0.844047619047619,1.0
311,1.1238771442432614,5.024647213484678,10.990392401818186,0.2598331346841478,0.8450536352800954,1.0
312,1.1198432760855366,5.051646241901032,11.085443907221904,0.2613365155131265,0.8460620525059666,1.0
313,1.115978956564589,5.079317027235627,11.177015211182423,0.2640382317801673,0.8470728793309439,1.0
314,1.1121480992471695,5.107087725030666,11.268966855581354,0.26555023923444976,0.8480861244019139,1.0
315,1.1081434346900823,5.13548065989288,11.363606776407167,0.2634730538922156,0.8491017964071856,1.0
316,1.1057647325954185,5.164204269769628,11.45752249938466,0.26258992805755393,0.8501199040767387,1.0
317,1.1030110444850376,5.19307248498187,11.550668326108013,0.25930372148859543,0.851140456182473,1.0
318,1.09957272393802,5.222104303013812,11.647701341830672,0.26802884615384615,0.8521634615384616,1.0
319,1.0947804767161269,5.251862579588942,11.744822718394044,0.26353790613718414,0.8531889290012034,1.0
320,1.090282968141769,5.2809520772122,11.841152237694462,0.2674698795180723,0.8542168674698796,1.0
321,1.08493715544885,5.309955135110768,11.937991268553885,0.2629674306393245,0.8552472858866104,1.0
322,1.0799098599088415,5.339272603092534,12.037584545727388,0.2693236714975845,0.856280193236715,1.0
323,1.0754451355605519,5.368753963502083,12.137498464801178,0.26964933494558646,0.8573155985489722,1.0
324,1.0719876198131348,5.398203423444097,12.237724421231636,0.27239709443099275,0.8583535108958837,1.0
325,1.0674231934660297,5.427940874915745,12.336966371525486,0.2690909090909091,0.8593939393939394,1.0
326,1.0636269221961665,5.457888105673442,12.432142446374936,0.26941747572815533,0.8604368932038835,1.0
327,1.0604905756597816,5.487648796313752,12.52671840201758,0.267314702308627,0.8614823815309842,1.0
328,1.0569582956312829,5.5173990979417,12.62374851212786,0.26520681265206814,0.8625304136253041,1.0
329,1.053708607732433,5.54713088160246,12.721357763317634,0.2618757612667479,0.8635809987819733,1.0
330,1.0504820618414143,5.576970681850731,12.818072737070867,0.2634146341463415,0.8646341463414634,1.0
331,1.0455360828356721,5.6069636635275115,12.914747376107112,0.26373626373626374,0.8656898656898657,1.0
332,1.0409818393910806,5.63683749421465,13.01570374380471,0.2628361858190709,0.8667481662591687,1.0
333,1.035578013439915,5.6667881777197415,13.117615147962603,0.26438188494492043,0.8678090575275398,1.0
334,1.0297040428687967,5.696688820847439,13.219049412687278,0.26348039215686275,0.8688725490196079,1.0
335,1.0236987571672043,5.726157689789116,13.322297400001254,0.26625766871165646,0.8699386503067484,1.0
336,1.016188374681987,5.755210459119747,13.42509283872438,0.2678132678132678,0.871007371007371,1.0
337,1.0088043725614286,5.783709229681145,13.528417099888678,0.2656826568265683,0.8720787207872078,1.0
338,1.0027070704223624,5.81285742387024,13.630895680873781,0.2647783251231527,0.8731527093596059,1.0
339,0.9968489090337934,5.841418085928451,13.735028839233735,0.2626387176325524,0.87422934648582,1.0
340,0.9908967842207357,5.8703360509366185,13.837400316270454,0.2654320987654321,0.8753086419753087,1.0
341,0.9843373022856984,5.899169491474462,13.949312392020706,0.2694684796044499,0.8763906056860321,1.0
342,0.9771026734759861,5.928010276711988,14.062597553208319,0.2722772277227723,0.8774752475247525,1.0
343,0.9696216447214148,5.956629949749368,14.172290565029211,0.27633209417596033,0.8785625774473358,1.0
344,0.962683401983,5.9854854678650895,14.285724819911552,0.27667493796526055,0.8796526054590571,1.0
345,0.9559689820964701,6.015137734013617,14.398635427521398,0.2745341614906832,0.8807453416149068,1.0
346,0.9489267429271866,6.044699052314886,14.509597300754045,0.27611940298507465,0.8818407960199005,1.0
347,0.9422256702469184,6.074486214769529,14.628872641058159,0.2764632627646326,0.8829389788293898,1.0
348,0.9362770619040995,6.103855334647246,14.75012782910663,0.2793017456359102,0.8840399002493765,1.0
349,0.9304071030601647,6.133592146125926,14.871330173118054,0.2808988764044944,0.885143570536829,1.0
350,0.9243505526802474,6.163264696481135,14.991423579770576,0.28125,0.88625,1.0
351,0.9181310832381302,6.193504130025932,15.11238838716892,0.2816020025031289,0.8873591989987485,1.0
352,0.9106436113454147,6.223916301330156,15.233684041954414,0.2844611528822055,0.8884711779448622,1.0
353,0.904458744119723,6.253850867443499,15.354387140978648,0.28732747804265996,0.8895859473023839,1.0
354,0.8991673255407695,6.284531420339287,15.47875257031867,0.2889447236180904,0.8907035175879398,1.0
355,0.8943668115213445,6.315530051260238,15.603275384253894,0.2918238993710692,0.8918238993710692,1.0
356,0.8900234286512724,6.346741035880892,15.730387276693211,0.2884130982367758,0.8929471032745592,1.0
357,0.8854514518400084,6.3789669272159335,15.860521785420646,0.2938209331651955,0.8940731399747793,1.0
358,0.8822352256023944,6.411459755721686,15.994947378425142,0.2904040404040404,0.8952020202020202,1.0
359,0.8786752571892029,6.443825019465399,16.122333359655173,0.2920353982300885,0.8963337547408344,1.0
360,0.8756632796185136,6.477067444098926,16.257788271174366,0.2911392405063291,0.8974683544303798,1.0
361,0.8731489719783991,6.5113499617302555,16.395570189037983,0.2915082382762991,0.8986058301647655,1.0
362,0.8702470827312212,6.544980706779292,16.525756678591822,0.2893401015228426,0.899746192893401,1.0
363,0.8673137410825782,6.578189017736807,16.65616660894545,0.29224904701397714,0.9008894536213469,1.0
364,0.8646048896878471,6.612763080280929,16.790563806034594,0.2913486005089059,0.9020356234096693,1.0
365,0.8622020462593147,6.647351750249499,16.929209088834586,0.29044585987261146,0.9031847133757962,1.0
366,0.8594985288558513,6.6821508195189026,17.069832209632445,0.29081632653061223,0.9043367346938775,1.0
367,0.8566325373200473,6.717093866897802,17.212238538932006,0.2886334610472541,0.9054916985951469,1.0
368,0.8542541371220255,6.752236084945001,17.35363925914462,0.289002557544757,0.9066496163682864,1.0
369,0.8520137807500431,6.787555534239628,17.49795656229197,0.28681177976952626,0.9078104993597952,1.0
370,0.8498816398076454,6.822824235554428,17.64969771355608,0.28717948717948716,0.908974358974359,1.0
371,0.8482532368157683,6.859032187256527,17.803614887403413,0.28498074454428757,0.9101412066752247,1.0
372,0.8466831428880638,6.897139455522933,17.962115877750367,0.2866323907455013,0.9113110539845758,1.0
373,0.8456057978934852,6.935812872248514,18.12430679950239,0.28442728442728443,0.9124839124839125,1.0
374,0.8447773791706009,6.975836586689678,18.291210110685242,0.2822164948453608,0.913659793814433,1.0
375,0.8442416007541051,7.017164120303697,18.453837240719004,0.2838709677419355,0.9148387096774193,1.0
376,0.8436349424215472,7.059890508996767,18.613653441177426,0.28294573643410853,0.9160206718346253,1.0
377,0.8426170296946099,7.10296896159856,18.77323831026346,0.2833117723156533,0.9172056921086675,1.0
378,0.8416347006290495,7.145684506124669,18.938411182437292,0.2823834196891192,0.9183937823834197,1.0
379,0.8407944168575789,7.189202906698899,19.10140574705995,0.2801556420233463,0.9195849546044098,1.0
380,0.8404515541234506,7.234884373422127,19.263018918283777,0.2805194805194805,0.9207792207792208,1.0
381,0.8406795960628365,7.280627261384729,19.429677024306287,0.2808842652795839,0.9219765929778934,1.0
382,0.8409742480495934,7.326126123963843,19.592451432302624,0.27734375,0.9231770833333334,1.0
383,0.841509576272752,7.374068902094033,19.757829350566656,0.27640156453715775,0.924380704041721,1.0
384,0.8425375308127473,7.423025486637577,19.917546222486525,0.2754569190600522,0.9255874673629243,1.0
385,0.8434669739655303,7.4730290296894015,20.07343424978096,0.27450980392156865,0.9267973856209151,1.0
386,0.8443899913116388,7.524535721011079,20.23560234244802,0.2761780104712042,0.9280104712041884,1.0
387,0.8451009494688905,7.576827945780455,20.402397290677506,0.27391874180865006,0.9292267365661862,1.0
388,0.845751349190882,7.63153198168653,20.56209811741905,0.27165354330708663,0.9304461942257218,1.0
389,0.8466078941041935,7.687603501769978,20.723818569129143,0.2680683311432326,0.9316688567674113,1.0
390,0.8471536808073238,7.7435940406606685,20.89653168256376,0.26842105263157895,0.9328947368421052,1.0
391,0.8480942514360823,7.80177569900919,21.067392556868295,0.2635046113306983,0.9341238471673254,1.0
392,0.8486693638562455,7.860854262213188,21.241339064505084,0.26517150395778366,0.9353562005277045,1.0
393,0.8494090053444981,7.922322437095569,21.41313175074499,0.261558784676354,0.9365918097754293,1.0
394,0.8505645289054192,7.984948383219164,21.580224441141016,0.2619047619047619,0.9378306878306878,1.0
395,0.8519424771531555,8.047688872594849,21.750855369356202,0.2596026490066225,0.9390728476821192,1.0
396,0.8533111402557363,8.110266802303164,21.926683299405124,0.2572944297082228,0.9403183023872679,1.0
397,0.8547794171108908,8.172532104336065,22.10463721550058,0.2536520584329349,0.9415670650730412,1.0
398,0.8560423735035944,8.234392678024534,22.280735061385485,0.2553191489361702,0.9428191489361702,1.0
399,0.857592550488107,8.295962173628531,22.451963650832454,0.2529960053262317,0.9440745672436751,1.0
400,0.859493134260388,8.359028606496029,22.621945020273376,0.25066666666666665,0.9453333333333334,1.0
401,0.8608395408477086,8.420287592833638,22.79233399851452,0.24966622162883845,0.9465954606141522,1.0
402,0.8623089323866663,8.480476870561452,22.968261987566198,0.24866310160427807,0.9478609625668449,1.0
403,0.8637811206959883,8.541345962438733,23.15172034094458,0.250334672021419,0.9491298527443106,1.0
404,0.8649934554389773,8.602011207501263,23.33212226908017,0.24932975871313673,0.9504021447721179,1.0
405,0.8661006384417229,8.66331125826464,23.517938818610478,0.2483221476510067,0.9516778523489933,1.0
406,0.8667985441575882,8.724272240700227,23.701068356932264,0.24865591397849462,0.9529569892473119,1.0
407,0.8674980740200345,8.787021355201402,23.880657237039,0.24764468371467024,0.9542395693135935,1.0
408,0.8683854878835395,8.850456293256618,24.058201160534182,0.24528301886792453,0.9555256064690026,1.0
409,0.8697901315675028,8.915019538206407,24.246784918969364,0.24426450742240216,0.9568151147098516,1.0
410,0.8716737870547725,8.97966481495981,24.43680172343756,0.24324324324324326,0.9581081081081081,1.0
411,0.874138121072348,9.04598440765931,24.624539460312842,0.2435723951285521,0.959404600811908,1.0
412,0.8774836541074036,9.115916525353127,24.82608232708122,0.24119241192411925,0.9607046070460704,1.0
413,0.8815317586040169,9.187340137581835,25.022057940919748,0.24287652645861602,0.9620081411126187,1.0
414,0.8853835973260139,9.258364912179804,25.221379489817743,0.24048913043478262,0.9633152173913043,1.0
415,0.8898644263913477,9.329868356801365,25.423637425641168,0.24081632653061225,0.964625850340136,1.0
416,0.8936941085916641,9.400745858490932,25.63386966696991,0.23978201634877383,0.9659400544959128,1.0
417,0.897516870603564,9.47029798335124,25.84002527463315,0.23874488403819918,0.9672578444747613,1.0
418,0.9014209164574052,9.53973055984717,26.062419434375528,0.23770491803278687,0.9685792349726776,1.0
419,0.9056852326653088,9.610157087265867,26.2877964734991,0.23803009575923392,0.9699042407660738,1.0
420,0.9092240153674076,9.677793312801386,26.508499062817016,0.236986301369863,0.9712328767123287,1.0
421,0.9125988110810865,9.745050067966105,26.728854175433366,0.23593964334705075,0.9725651577503429,1.0
422,0.9162054896195586,9.81227063385182,26.950729683620292,0.23763736263736263,0.9739010989010989,1.0
423,0.9200511419399039,9.881246192537608,27.167673423280384,0.23521320495185694,0.9752407152682255,1.0
424,0.9236515948838233,9.95132507168927,27.383362463548806,0.23553719008264462,0.9765840220385675,1.0
425,0.9273797661428888,10.020852706425709,27.597880771802046,0.23586206896551723,0.9779310344827586,1.0
426,0.9305834338957197,10.089004573377009,27.811487795383062,0.23204419889502761,0.9792817679558011,1.0
427,0.933568676415165,10.156768270579303,28.022034449080437,0.23098201936376211,0.9806362378976486,1.0
428,0.9365022290922271,10.224586412615633,28.245067469155508,0.23130193905817176,0.981994459833795,1.0
429,0.9393830108912589,10.29318204896512,28.46644520619535,0.2288488210818308,0.9833564493758669,1.0
430,0.9418802305084616,10.360453598259742,28.682186420091785,0.22916666666666666,0.9847222222222223,1.0
431,0.9435391512680286,10.424633040770601,28.903813077745394,0.22809457579972184,0.9860917941585535,1.0
432,0.9452029262850781,10.489637675890787,29.13404624247778,0.22562674094707522,0.9874651810584958,1.0
433,0.9458429814361561,10.550754402167795,29.369762653836197,0.22733612273361228,0.9888423988842399,1.0
434,0.9464174052624733,10.611755508453905,29.600921767912492,0.22346368715083798,0.9902234636871509,1.0
435,0.9475934164385742,10.67320051630405,29.841798638459448,0.22237762237762237,0.9916083916083916,1.0
436,0.9490588339432593,10.734383181975446,30.081010844332056,0.22128851540616246,0.9915966386554622,1.0
437,0.9502914287136921,10.7963488458791,30.322799397337732,0.22019635343618513,0.9915848527349228,1.0
438,0.9514827304619098,10.858510373988867,30.560954409292957,0.21910112359550563,0.9915730337078652,1.0
439,0.9527985820223206,10.92036775444155,30.79453118512966,0.2180028129395218,0.9915611814345991,1.0
440,0.9543431684260864,10.982932652453277,31.02527152904992,0.21830985915492956,0.9915492957746479,1.0
441,0.9555669865311313,11.045177831728335,31.255706871231805,0.2157968970380818,0.9915373765867419,1.0
442,0.9568400851533637,11.106673657680957,31.490729485119612,0.21610169491525424,0.9929378531073446,1.0
443,0.958035903011106,11.169557642081402,31.72151991777637,0.2164073550212164,0.9943422913719944,1.0
444,0.9592059251588351,11.233587951108435,31.949061477577988,0.21529745042492918,0.9957507082152974,1.0
445,0.9608473479481762,11.297063812809101,32.17843472316734,0.21418439716312057,0.9971631205673759,1.0
446,0.9622803332354185,11.359312348748041,32.41893108804648,0.21448863636363635,0.9971590909090909,1.0
447,0.9633149376056603,11.421168469517776,32.65245304276404,0.21337126600284495,0.9971550497866287,1.0
448,0.9640795255075778,11.482427714715323,32.8890702335809,0.2150997150997151,0.9985754985754985,1.0
449,0.9648413217752958,11.544845718443081,33.122790611720184,0.21683309557774608,0.9985734664764622,1.0
450,0.9647716014454565,11.606655751484482,33.36616858855908,0.21571428571428572,1.0,1.0
451,0.9645049567085404,11.6665241989098,33.614817831239364,0.21602288984263232,1.0,1.0
452,0.9642589673630929,11.727562971815109,33.86730005405352,0.2177650429799427,1.0,1.0
453,0.9637146234980251,11.790392998409876,34.11558995132149,0.21664275466284075,1.0,1.0
454,0.9633934814411671,11.857030597627434,34.37442197499686,0.21695402298850575,1.0,1.0
455,0.9630809823088389,11.924138827394147,34.62597238320582,0.21726618705035972,1.0,1.0
456,0.9623944021740279,11.992878947070945,34.88076077606192,0.21613832853025935,1.0,1.0
457,0.9617452693099213,12.063235789925935,35.133487991723996,0.21645021645021645,1.0,1.0
458,0.9608915094089412,12.131870139787729,35.38546520563064,0.21676300578034682,1.0,1.0
459,0.9598042246096807,12.201406861610831,35.63359493569208,0.2170767004341534,1.0,1.0
460,0.9593524304629278,12.273454606650855,35.895548846159954,0.21594202898550724,1.0,1.0
461,0.9588914832544967,12.346337352054354,36.16106688592781,0.21335268505079827,1.0,1.0
462,0.9572265788414667,12.414994287465976,36.41818429831461,0.21511627906976744,1.0,1.0
463,0.9538839758351529,12.476587871151018,36.67425152741926,0.21397379912663755,1.0,1.0
464,0.9511389936990406,12.540218507665625,36.934589547738824,0.21282798833819241,1.0,1.0
465,0.9478779020580868,12.601680333798013,37.19995679735478,0.2145985401459854,1.0,1.0
466,0.9446544334467843,12.664251967844026,37.46289421635463,0.2134502923976608,1.0,1.0
467,0.9418716954544338,12.728420853544085,37.74072662433619,0.21376281112737922,1.0,1.0
468,0.9391181936590681,12.794351639525123,38.014497732708385,0.21407624633431085,1.0,1.0
469,0.9354909414981365,12.857231186970738,38.29237929611634,0.2143906020558003,1.0,1.0
470,0.9325662555279913,12.92400636783647,38.576348138497764,0.21323529411764705,1.0,1.0
471,0.9300427663479349,12.99383463206684,38.873744170803505,0.21207658321060383,1.0,1.0
472,0.9274701548492715,13.067032694766784,39.164579964402805,0.21091445427728614,1.0,1.0
473,0.9248938698085151,13.142815245723185,39.455814876015545,0.20974889217134415,1.0,1.0
474,0.9224384784846758,13.220567788427674,39.7527354335295,0.21301775147928995,1.0,1.0
475,0.9200338397525882,13.298506014177567,40.04382921172891,0.21333333333333335,1.0,1.0
476,0.918664645510562,13.38280222227455,40.338703755335544,0.21513353115727002,1.0,1.0
477,0.9183431105765462,13.469678956160704,40.6320427941243,0.2139673105497771,1.0,1.0
478,0.9183508565200009,13.55637526455114,40.93864530366448,0.21428571428571427,1.0,1.0
479,0.9186677509881119,13.643952014051434,41.25060250294355,0.21311475409836064,1.0,1.0
480,0.9193090442822522,13.734469808039364,41.57850020766551,0.21194029850746268,1.0,1.0
481,0.9191068891743789,13.825967567663835,41.90211805499276,0.21225710014947682,1.0,1.0
482,0.9194463735414644,13.918563757515622,42.23262324025376,0.2125748502994012,1.0,1.0
483,0.9192101411751508,14.010902461164859,42.55976102802382,0.2128935532233883,1.0,1.0
484,0.9194584690305511,14.10264874303453,42.88255808933841,0.21171171171171171,1.0,1.0
485,0.9195260760082864,14.194210334938976,43.21802995270472,0.21052631578947367,1.0,1.0
486,0.9198609843269159,14.287241523327694,43.557858863460694,0.21084337349397592,1.0,1.0
487,0.9206847561586207,14.380816069649741,43.895846786960966,0.21116138763197587,1.0,1.0
488,0.9220269902247831,14.474890311141131,44.23056648484324,0.21148036253776434,1.0,1.0
489,0.9229632024917915,14.56999163133031,44.55577977012609,0.2102874432677761,1.0,1.0
490,0.9244618729647408,14.667717764353664,44.898565990792626,0.20909090909090908,1.0,1.0
491,0.9262089001120881,14.76470339157739,45.25194564399434,0.2094081942336874,1.0,1.0
492,0.9275525839624168,14.86349736306567,45.6116217208328,0.21124620060790272,1.0,1.0
493,0.9286287115827583,14.962527050581208,45.97971279194452,0.213089802130898,1.0,1.0
494,0.9300387699088434,15.062072935536504,46.336689188539395,0.21189024390243902,1.0,1.0
495,0.9315494171863061,15.162667841334516,46.7078713582621,0.2152671755725191,1.0,1.0
496,0.9329756207432645,15.263470513359842,47.08209930887085,0.21559633027522937,1.0,1.0
497,0.9347569739301764,15.365075757287332,47.45124363982165,0.21745788667687596,1.0,1.0
498,0.9359346897541235,15.467496361104132,47.832622262061555,0.21779141104294478,1.0,1.0
499,0.9367822196798277,15.569657017833938,48.22196112378964,0.21658986175115208,1.0,1.0
500,0.9385482367235791,15.669685591103228,48.60352132612836,0.2153846153846154,1.0,1.0
501,0.9406934948106994,15.771445662156868,48.98283221923274,0.21263482280431434,1.0,1.0
502,0.9427169168590791,15.875192399308974,49.36446783995278,0.21296296296296297,1.0,1.0
503,0.9444155969618463,15.97676820509396,49.74026724007257,0.2117465224111283,1.0,1.0
504,0.9461932852430964,16.07848351608178,50.117524150449654,0.21362229102167182,1.0,1.0
505,0.9477571956266487,16.177856813947592,50.508508315354476,0.2124031007751938,1.0,1.0
506,0.949722137017854,16.272423671063983,50.904911333481145,0.2111801242236025,1.0,1.0
507,0.9515753948665446,16.367190600199997,51.30377526585557,0.2099533437013997,1.0,1.0
508,0.9537811113475783,16.464304504427552,51.71306725007869,0.2118380062305296,1.0,1.0
509,0.9563040349793129,16.562372644546727,52.141406824754185,0.2121684867394696,1.0,1.0
510,0.9576671260146167,16.653663720556683,52.557786155333034,0.2125,1.0,1.0
511,0.9568578185265767,16.733772198950593,52.96946529145861,0.21283255086071987,1.0,1.0
512,0.9567359227987849,16.815865106370257,53.38861299698743,0.21630094043887146,1.0,1.0
513,0.9577048905266451,16.89715314205093,53.81362049746861,0.21821036106750394,1.0,1.0
514,0.9593028789185531,16.97905648942038,54.234397712338364,0.21540880503144655,1.0,1.0
515,0.9612297282611613,17.061718108498415,54.66862756135049,0.2173228346456693,1.0,1.0
516,0.9625592654045011,17.13909334347607,55.11414347302944,0.2192429022082019,1.0,1.0
517,0.9644317011311142,17.221480893024186,55.574463971952326,0.21958925750394945,1.0,1.0
518,0.966052841975855,17.302147876769087,56.03637322771784,0.21835443037974683,1.0,1.0
519,0.9679918480984474,17.387544264235302,56.4880851421265,0.21711568938193343,1.0,1.0
520,0.9693771443657898,17.475903434644756,56.936295891410715,0.21904761904761905,1.0,1.0
521,0.9703140876608806,17.561344716375803,57.373978035961045,0.2178060413354531,1.0,1.0
522,0.9709972307832611,17.64773129970071,57.82878680851071,0.21815286624203822,1.0,1.0
523,0.9713713085429259,17.729963149720874,58.298797413332096,0.21212121212121213,1.0,1.0
524,0.9714832857879752,17.80614447382524,58.7684102554018,0.2124600638977636,1.0,1.0
525,0.9721659005734429,17.87951432408074,59.24231122347453,0.2096,1.0,1.0
526,0.9721060720499772,17.943289400297818,59.71755411338632,0.20833333333333334,1.0,1.0
527,0.9705561055193006,17.99551299407791,60.202223673308616,0.20224719101123595,1.0,1.0
528,0.9683662738696459,18.046490045701407,60.66864463382787,0.20096463022508038,1.0,1.0
529,0.9657621036170563,18.09964691855028,61.14896799205534,0.19806763285024154,1.0,1.0
530,0.9599156430312648,18.133848746350083,61.62152517330612,0.1935483870967742,1.0,1.0
531,0.954460037280379,18.168161080863293,62.11132567281785,0.1890145395799677,1.0,1.0
532,0.9496419128739378,18.202240617228163,62.604515835659406,0.19093851132686085,1.0,1.0
533,0.9440905089078965,18.236194649620874,63.09959117410785,0.19286871961102106,1.0,1.0
534,0.9377952178509602,18.270395196710478,63.59547505024791,0.18668831168831168,1.0,1.0
535,0.9307804734199663,18.304578336239782,64.09130956428767,0.18699186991869918,1.0,1.0
536,0.9231965089359552,18.338872821500452,64.6106546465958,0.18892508143322476,1.0,1.0
537,0.9167908531462641,18.37420077198462,65.11180440607072,0.1859706362153344,1.0,1.0
538,0.9097029714869995,18.40961891607342,65.60531300600296,0.1830065359477124,1.0,1.0
539,0.9026436263518391,18.444673339584224,66.10062030098307,0.18330605564648117,1.0,1.0
540,0.8953667900361725,18.480679427269504,66.58661785300768,0.18688524590163935,1.0,1.0
541,0.8872485676477607,18.517730892082508,67.08712893183937,0.17898193760262726,1.0,1.0
542,0.8799763711875981,18.555945255547684,67.57869040864063,0.18092105263157895,1.0,1.0
543,0.8730996342428955,18.59312571781347,68.05190122709767,0.17957166392092258,1.0,1.0
544,0.8668208853089316,18.631083523704,68.53288144104036,0.18151815181518152,1.0,1.0
545,0.8601937449563611,18.670720254370213,69.0139629019641,0.18181818181818182,1.0,1.0
546,0.8533537241702225,18.710262939185387,69.47770655558149,0.1837748344370861,1.0,1.0
547,0.847674809957118,18.750638689198585,69.96727274199769,0.175787728026534,1.0,1.0
548,0.8427492826138477,18.792368204388307,70.42891450970545,0.1744186046511628,1.0,1.0
549,0.8386708474584539,18.834259175981682,70.91604687739066,0.17304492512479203,1.0,1.0
550,0.8343259615677368,18.87709452924658,71.41525429211956,0.17333333333333334,1.0,1.0
551,0.8305228565253284,18.920464589026565,71.92447653187453,0.17028380634390652,1.0,1.0
552,0.8263249204896684,18.966039649020242,72.41598959022392,0.16722408026755853,1.0,1.0
553,0.8218052697627857,19.013877400129672,72.91788575350067,0.16750418760469013,1.0,1.0
554,0.8169220350938194,19.062575047613784,73.43242064994159,0.16778523489932887,1.0,1.0
555,0.8120810234603796,19.112021389509863,73.96805204494038,0.16470588235294117,1.0,1.0
556,0.8076225256871764,19.16212011631019,74.50455462302388,0.16161616161616163,1.0,1.0
557,0.8024147178357293,19.2117631812089,75.02244546420741,0.16020236087689713,1.0,1.0
558,0.7959580958479008,19.26176933195005,75.54560240242067,0.16722972972972974,1.0,1.0
559,0.789391569354462,19.312258940388137,76.08100015664864,0.16243654822335024,1.0,1.0
560,0.7814311410022055,19.36261071781126,76.59006919312583,0.16440677966101694,1.0,1.0
561,0.773768128127818,19.413686607053172,77.08149694758795,0.16298811544991512,1.0,1.0
562,0.7665723787265617,19.463966909140662,77.58712113956149,0.1649659863945578,1.0,1.0
563,0.7571332916112198,19.513172881665987,78.11995218148071,0.16013628620102216,1.0,1.0
564,0.7468087512209121,19.56257411153651,78.6599183046685,0.16552901023890784,1.0,1.0
565,0.7353676265459936,19.611439428913858,79.21327281981029,0.1641025641025641,1.0,1.0
566,0.7231392365399401,19.659581657844615,79.79186268404511,0.1678082191780822,1.0,1.0
567,0.7114089977580869,19.708312247250543,80.37189893537374,0.16638078902229847,1.0,1.0
568,0.701806577151679,19.756935139046913,80.95509580102636,0.16838487972508592,1.0,1.0
569,0.6914608568830238,19.80571868453298,81.52663936444935,0.1703958691910499,1.0,1.0
570,0.6830732315987025,19.854661806894306,82.09759691063692,0.1706896551724138,1.0,1.0
571,0.674253099559429,19.903750916423057,82.65855254830208,0.17271157167530224,1.0,1.0
572,0.6653125568362562,19.952973686571397,83.22664595648983,0.17128027681660898,1.0,1.0
573,0.6560696148983448,20.004001997633967,83.80003371440732,0.17850953206239167,1.0,1.0
574,0.64737149851431,20.056770811249827,84.35318157636316,0.18055555555555555,1.0,1.0
575,0.6369570446604089,20.109559554681187,84.90752424059166,0.18434782608695652,1.0,1.0
576,0.6250565759348162,20.163456291380037,85.47994033587676,0.18118466898954705,1.0,1.0
577,0.6139211515284497,20.21806500137107,86.02913585034086,0.17452006980802792,1.0,1.0
578,0.6026578106021726,20.272733528702243,86.57844907097709,0.17307692307692307,1.0,1.0
579,0.5922682377755439,20.32750261547721,87.12131634012428,0.1733800350262697,1.0,1.0
580,0.5838932069867702,20.38350413307463,87.70172543529048,0.16666666666666666,1.0,1.0
581,0.5756154689714408,20.439153754551768,88.29025919509589,0.1634446397188049,1.0,1.0
582,0.567252239770123,20.493111462094685,88.90703992741098,0.15140845070422534,1.0,1.0
583,0.5593943852549459,20.547309597185667,89.50316667374658,0.15343915343915343,1.0,1.0
584,0.5517219807231222,20.601280083050334,90.09469689072071,0.15901060070671377,1.0,1.0
585,0.5449038959031346,20.655359689282257,90.64245616195493,0.15575221238938053,1.0,1.0
586,0.538459277032951,20.70949494700072,91.19534644286885,0.14893617021276595,1.0,1.0
587,0.5323616712022567,20.76382857501575,91.7750678696047,0.1492007104795737,1.0,1.0
588,0.5260848932447385,20.818359668403367,92.37855435257453,0.1494661921708185,1.0,1.0
589,0.519891084062598,20.873125435276958,93.00463470250641,0.1497326203208556,1.0,1.0
590,0.5134281361951901,20.92806025199601,93.65052700844146,0.14821428571428572,1.0,1.0
591,0.5062943070523611,20.983249044296986,94.28656169233051,0.14669051878354203,1.0,1.0
592,0.4998647725602296,21.038566597333425,94.91735373906997,0.14516129032258066,1.0,1.0
593,0.4945079416243856,21.094060563717274,95.59753871153814,0.14542190305206462,1.0,1.0
594,0.4901550832035789,21.149672644002568,96.2800624665412,0.1420863309352518,1.0,1.0
595,0.4848681459917187,21.203933175925172,97.00348118544453,0.14234234234234233,1.0,1.0
596,0.48042927640927435,21.257003719008345,97.71440490853144,0.14259927797833935,1.0,1.0
597,0.4766305505047214,21.310814447844706,98.41601475804968,0.14647377938517178,1.0,1.0
598,0.4729532376295541,21.36434382852287,99.10047599659535,0.13949275362318841,1.0,1.0
599,0.46921272345324894,21.417865684961793,99.80878990774374,0.14156079854809436,1.0,1.0
600,0.4653132302986096,21.47146026403794,100.53070710718202,0.13636363636363635,1.0,1.0
601,0.4614482353603519,21.52530922073399,101.25704530520434,0.1384335154826958,1.0,1.0
602,0.45711312370402674,21.57937619420184,102.01371607356559,0.14051094890510948,1.0,1.0
603,0.4528894201533353,21.633630070361004,102.7370448073376,0.12797074954296161,1.0,1.0
604,0.4485260158450513,21.688114733689176,103.47016897955032,0.13553113553113552,1.0,1.0
605,0.4449076695570996,21.742934292457836,104.21453928768099,0.13211009174311927,1.0,1.0
606,0.44121291326916884,21.796384064748246,104.93857888631737,0.12867647058823528,1.0,1.0
607,0.4376135420302329,21.849089530960395,105.66409742955847,0.1270718232044199,1.0,1.0
608,0.43397219019984873,21.902738531573995,106.4049106899423,0.13284132841328414,1.0,1.0
609,0.43035504811517855,21.95610487113823,107.19482017721046,0.13123844731977818,1.0,1.0
610,0.42754028614485357,22.009615116946346,107.98595400981122,0.12037037037037036,1.0,1.0
611,0.4247270394189892,22.06327057093508,108.74033669635976,0.12430426716141002,1.0,1.0
612,0.42127156014439326,22.116854187512217,109.54082839402649,0.11338289962825279,1.0,1.0
613,0.4185774477977258,22.171905156852706,110.36153378146957,0.10800744878957169,1.0,1.0
614,0.4158205136849919,22.228438149766305,111.15821719477485,0.11007462686567164,1.0,1.0
615,0.4133331054593406,22.285591662202535,111.97456139428803,0.10467289719626169,1.0,1.0
616,0.41164852332212243,22.3447151412759,112.764871001556,0.10861423220973783,1.0,1.0
617,0.4097938939858092,22.404431059341405,113.55396369827187,0.11444652908067542,1.0,1.0
618,0.4078394357455871,22.464621100440915,114.34955117503728,0.11278195488721804,1.0,1.0
619,0.40583871152753165,22.525327341442118,115.16493984586387,0.1167608286252354,1.0,1.0
620,0.4038057467048972,22.585472446419907,116.00681397272199,0.12264150943396226,1.0,1.0
621,0.4017536966400172,22.64504081738286,116.78572372627927,0.12287334593572778,1.0,1.0
622,0.3990213435140429,22.705856374573496,117.57075910130125,0.12310606060606061,1.0,1.0
623,0.3976536397025848,22.76743008533573,118.40155222499098,0.127134724857685,1.0,1.0
624,0.39640978405084776,22.828780011631626,119.23093358485546,0.1311787072243346,1.0,1.0
625,0.3950164776331408,22.89028183704007,120.06505084258032,0.13333333333333333,1.0,1.0
626,0.3939594964713815,22.951865096963964,120.92449594605804,0.13358778625954199,1.0,1.0
627,0.39285861146651246,23.012871993542504,121.83286943494402,0.13575525812619502,1.0,1.0
628,0.3919326562855499,23.073218756537248,122.67887664928224,0.13409961685823754,1.0,1.0
629,0.3912556853598585,23.134188017643822,123.55931092209723,0.1381957773512476,1.0,1.0
630,0.39076782055724374,23.1939860056354,124.44031880015935,0.13653846153846153,1.0,1.0
631,0.39001168155268306,23.25106373426058,125.27955407993548,0.14065510597302505,1.0,1.0
632,0.3890957859813104,23.307883881897048,126.12212780243514,0.14285714285714285,1.0,1.0
633,0.3884928292782218,23.36768503978419,126.96681080462281,0.1450676982591876,1.0,1.0
634,0.3876649956245097,23.431596869198433,127.84794052313119,0.14147286821705427,1.0,1.0
635,0.38625368543966754,23.495288468881594,128.70288985780513,0.141747572815534,1.0,1.0
636,0.3849613931396871,23.55980677008974,129.56855246301728,0.13813229571984437,1.0,1.0
637,0.38280010727357394,23.62621407676208,130.49304287009255,0.13450292397660818,1.0,1.0
638,0.38125067858038997,23.693885602447317,131.38645288579545,0.126953125,1.0,1.0
639,0.3796407937541386,23.759593175365463,132.27042467495417,0.12720156555772993,1.0,1.0
640,0.3782455053244736,23.82840480230876,133.1747751646187,0.12745098039215685,1.0,1.0
641,0.37744172126005504,23.903604202261516,134.06865004134474,0.1237721021611002,1.0,1.0
642,0.37676402165708994,23.981103860940912,134.99089577668974,0.1220472440944882,1.0,1.0
643,0.37618997548353195,24.057077285204958,135.88072836558652,0.1203155818540434,1.0,1.0
644,0.3753255884540539,24.13518962360419,136.80595025815936,0.11857707509881422,1.0,1.0
645,0.3744748431631478,24.213895688484435,137.70799062723427,0.11683168316831684,1.0,1.0
646,0.3737164665770531,24.292826339697726,138.59409579787408,0.11507936507936507,1.0,1.0
647,0.37294940788363395,24.370874710457212,139.49989944721537,0.1172962226640159,1.0,1.0
648,0.37206417141901454,24.446830756434153,140.44933223339223,0.12151394422310757,1.0,1.0
649,0.3714463413214356,24.520788697353428,141.39783991396814,0.11976047904191617,1.0,1.0
650,0.37079425850853676,24.595886940672642,142.3546723732309,0.122,1.0,1.0
651,0.36996456568371966,24.67397299328741,143.3566242733215,0.11823647294589178,1.0,1.0
652,0.36917259809467146,24.75451447875768,144.33032863694729,0.11646586345381527,1.0,1.0
653,0.3687370657242689,24.83480781058258,145.27492238961105,0.11871227364185111,1.0,1.0
654,0.3681691630083255,24.916907925886267,146.23657762022958,0.11290322580645161,1.0,1.0
655,0.36742236983868487,24.998950459250008,147.21796141635,0.11313131313131314,1.0,1.0
656,0.36658712177189184,25.081157652222835,148.20769983494657,0.11336032388663968,1.0,1.0
657,0.36622188644383424,25.16334664330986,149.21778032426482,0.11561866125760649,1.0,1.0
658,0.3657273300415967,25.245245710857635,150.239169166366,0.11585365853658537,1.0,1.0
659,0.36545594529362396,25.327407085506728,151.22798145419313,0.1120162932790224,1.0,1.0
660,0.3647941717513927,25.409786745105578,152.22635460656733,0.11020408163265306,1.0,1.0
661,0.3646372055394635,25.492160294828725,153.2462797858819,0.11042944785276074,1.0,1.0
662,0.3646264658806973,25.57714144744366,154.26193061484003,0.11065573770491803,1.0,1.0
663,0.36461836724645336,25.664319957175206,155.2729202313345,0.11088295687885011,1.0,1.0
664,0.36483874349814316,25.750056520433237,156.29073669637683,0.10905349794238683,1.0,1.0
665,0.3652048158315726,25.836094475086423,157.2841515614288,0.1134020618556701,1.0,1.0
666,0.3657434312714106,25.922018536061866,158.2872855623521,0.11570247933884298,1.0,1.0
667,0.3662570064362063,26.006472204592235,159.31671950097535,0.11387163561076605,1.0,1.0
668,0.3666700542655815,26.0919598273811,160.33585108891873,0.11203319502074689,1.0,1.0
669,0.36702599680448217,26.179231959967396,161.39960104674338,0.11226611226611227,1.0,1.0
670,0.3672863781212644,26.267345355478334,162.48471420794692,0.1125,1.0,1.0
671,0.3675638992037645,26.355304456549465,163.56199393158548,0.1127348643006263,1.0,1.0
672,0.3679085482030178,26.445135102918233,164.64803620122336,0.10669456066945607,1.0,1.0
673,0.3678951784155216,26.53644105245509,165.75996386759806,0.1069182389937107,1.0,1.0
674,0.3678037331847027,26.628440492844298,166.8741942452447,0.10714285714285714,1.0,1.0
675,0.3675396071131606,26.721031642189914,167.9422977833211,0.10736842105263159,1.0,1.0
676,0.3670186390998794,26.81458040570593,169.0253556460574,0.10759493670886076,1.0,1.0
677,0.3664828139609369,26.9081596435168,170.077292592409,0.10570824524312897,1.0,1.0
678,0.3662095129754833,27.000811574931266,171.11260967921555,0.1059322033898305,1.0,1.0
679,0.3656944720302946,27.094242801689226,172.18686120515727,0.10615711252653928,1.0,1.0
680,0.36528266021562855,27.188359464820476,173.2571977391877,0.10638297872340426,1.0,1.0
681,0.3647122093588262,27.28256879441363,174.3265628082266,0.10660980810234541,1.0,1.0
682,0.363728001198747,27.381008298388323,175.41662016789257,0.10683760683760683,1.0,1.0
683,0.3628896521726504,27.481100501987825,176.50013518175746,0.10706638115631692,1.0,1.0
684,0.36208578515330314,27.577954923269186,177.6016890323188,0.10515021459227468,1.0,1.0
685,0.36152689280230293,27.67483413579119,178.6634440951331,0.1053763440860215,1.0,1.0
686,0.3608189275190629,27.770422850238052,179.7748625209791,0.10775862068965517,1.0,1.0
687,0.36006719108292956,27.86625037055476,180.83957510846727,0.1079913606911447,1.0,1.0
688,0.359214422234167,27.960497455199356,181.93092801551165,0.10822510822510822,1.0,1.0
689,0.3576657792488444,28.05264554326977,183.000234759223,0.10629067245119306,1.0,1.0
690,0.35621958985198277,28.143076742319295,184.21292542562833,0.10869565217391304,1.0,1.0
691,0.3542172378306264,28.211465046546056,185.41095731794593,0.10457516339869281,1.0,1.0
692,0.35168349268744875,28.262547460609163,186.5395513469153,0.10480349344978165,1.0,1.0
693,0.3492805338083037,28.322327621602334,187.67352803099357,0.10940919037199125,1.0,1.0
694,0.34689808730968186,28.375127299793302,188.8311533686221,0.1118421052631579,1.0,1.0
695,0.34450097034735616,28.426698161510473,189.96475213344738,0.11208791208791209,1.0,1.0
696,0.3421367436056663,28.478909529964042,191.10329491895632,0.11233480176211454,1.0,1.0
697,0.3398557796457621,28.531216383748156,192.25146373898397,0.11258278145695365,1.0,1.0
698,0.33793018372787775,28.583813645610412,193.4250858991552,0.11061946902654868,1.0,1.0
699,0.33575349919851555,28.63735331847083,194.5928033795621,0.11529933481152993,1.0,1.0
700,0.3336917057843271,28.69064950949707,195.7824400176279,0.11777777777777777,1.0,1.0
701,0.3317784660581273,28.74351124764829,196.93580084804591,0.11581291759465479,1.0,1.0
702,0.3301084428350798,28.79571442667254,198.10516474912993,0.11383928571428571,1.0,1.0
703,0.32814334421320107,28.84828715508463,199.32500582192168,0.11409395973154363,1.0,1.0
704,0.3267197179595909,28.900773301206716,200.5201256112251,0.11434977578475336,1.0,1.0
705,0.32529523609321853,28.9529697204209,201.75186009753986,0.11685393258426967,1.0,1.0
706,0.3238655897842279,29.005010639833568,203.0004877706792,0.11486486486486487,1.0,1.0
707,0.3222556175858678,29.056586286529182,204.2631429820934,0.11512415349887133,1.0,1.0
708,0.32068383186219795,29.109552925413865,205.55511600526367,0.11764705882352941,1.0,1.0
709,0.3191753430391884,29.163598603728744,206.8001711097852,0.11791383219954649,1.0,1.0
710,0.3177395209030252,29.217690887725563,208.1166961150687,0.12045454545454545,1.0,1.0
711,0.31665889272237363,29.27216801005926,209.42161541225408,0.11845102505694761,1.0,1.0
712,0.3155060655081911,29.327024416848424,210.7367748254657,0.11643835616438356,1.0,1.0
713,0.31441290755471124,29.382071183950366,212.04983937309132,0.11670480549199085,1.0,1.0
714,0.3132153412998455,29.437400752573133,213.37839590025288,0.11697247706422019,1.0,1.0
715,0.31199078730394336,29.493009251160117,214.7043728969662,0.11494252873563218,1.0,1.0
716,0.31087124306289443,29.54837775171207,216.0535850640755,0.1152073732718894,1.0,1.0
717,0.30986517606337055,29.60405546624049,217.43441406038295,0.11547344110854503,1.0,1.0
718,0.3087466146029741,29.66012412012747,218.74231072044066,0.11574074074074074,1.0,1.0
719,0.3076658725070852,29.71638314767508,220.05272361153817,0.11600928074245939,1.0,1.0
720,0.3064081881639438,29.769548435004058,221.3641107414975,0.11627906976744186,1.0,1.0
721,0.30486328798435774,29.82311289981748,222.69178863917804,0.11655011655011654,1.0,1.0
722,0.3033630364478832,29.875259873854365,224.06393194385967,0.11682242990654206,1.0,1.0
723,0.30213725900416905,29.926903891301418,225.52840222763356,0.117096018735363,1.0,1.0
724,0.30103639346263245,29.978754077822764,226.9546495224997,0.11737089201877934,1.0,1.0
725,0.3000131405799487,30.030935344175823,228.3567681029146,0.11764705882352941,1.0,1.0
726,0.2991625074301095,30.08332945037145,229.72891609237536,0.1179245283018868,1.0,1.0
727,0.29824820136552205,30.135907164305962,231.12867337581642,0.1182033096926714,1.0,1.0
728,0.2975209657434783,30.18871947710045,232.52546848219816,0.11374407582938388,1.0,1.0
729,0.2968975133062369,30.241782679741938,233.92385344192812,0.1163895486935867,1.0,1.0
730,0.29627768207224225,30.295098564300766,235.35806929309763,0.11428571428571428,1.0,1.0
731,0.2957306588767399,30.348668939955342,236.83167848117893,0.10978520286396182,1.0,1.0
732,0.29551550883531924,30.402495633196786,238.29286456313602,0.1076555023923445,1.0,1.0
733,0.2953078377367625,30.456580488036508,239.72510525935115,0.11031175059952038,1.0,1.0
734,0.29508109178525477,30.510925366216796,241.12869578593595,0.11298076923076923,1.0,1.0
735,0.29460345866924537,30.565532147424477,242.55929898637226,0.11325301204819277,1.0,1.0
736,0.29403427810258964,30.62040272950754,244.06978183988244,0.11352657004830918,1.0,1.0
737,0.29322194791382006,30.67553902869513,245.69910164618534,0.11380145278450363,1.0,1.0
738,0.2925195862866108,30.73140995331138,247.23025365624474,0.11407766990291263,1.0,1.0
739,0.2919958748040274,30.787418441914348,248.8118982632242,0.11678832116788321,1.0,1.0
740,0.29142096219667724,30.843606643496184,250.40140175988066,0.11951219512195121,1.0,1.0
741,0.29055606248185684,30.900061839533276,251.92977690392428,0.1198044009779951,1.0,1.0
742,0.2898823225884982,30.95679377672742,253.45033943514585,0.11764705882352941,1.0,1.0
743,0.2893368046484383,31.013804494939713,254.82222302265288,0.11793611793611794,1.0,1.0
744,0.2882346763263837,31.07109605412842,256.28788144689184,0.11822660098522167,1.0,1.0
745,0.287252627989533,31.128670534597077,257.704292337905,0.11358024691358025,1.0,1.0
746,0.28637229917832796,31.186530037246268,259.1883935352756,0.11633663366336634,1.0,1.0
747,0.285610910748396,31.244676683829205,260.6989727577732,0.1141439205955335,1.0,1.0
748,0.28461586259589666,31.30311261721106,262.2304786835529,0.11442786069651742,1.0,1.0
749,0.28380427950273124,31.362289032500875,263.75881597664966,0.1172069825436409,1.0,1.0
750,0.28281086767273217,31.421561672726376,265.31088626525843,0.1175,1.0,1.0
751,0.2813289258584674,31.481020599301722,266.9076741277416,0.11779448621553884,1.0,1.0
752,0.2796277388216521,31.540801106833037,268.48453475873947,0.11809045226130653,1.0,1.0
753,0.27818223508870654,31.600890509318823,270.02008740888687,0.12090680100755667,1.0,1.0
754,0.2769082961766711,31.661283393635337,271.47983877242166,0.12373737373737374,1.0,1.0
755,0.2756251945543052,31.722054884697084,272.9642558441724,0.12151898734177215,1.0,1.0
756,0.27429361560378446,31.782718877459427,274.4652505750069,0.1218274111675127,1.0,1.0
757,0.27304677163126845,31.843745487598245,276.0153533552018,0.12213740458015267,1.0,1.0
758,0.2718196744151512,31.90493853517253,277.4695117241656,0.11989795918367346,1.0,1.0
759,0.2706163818440793,31.96632903158045,278.94372668103364,0.11764705882352941,1.0,1.0
760,0.26963652537949917,32.028142527059366,280.4333433278232,0.12051282051282051,1.0,1.0
761,0.2685772639781262,32.09027134062712,282.03017027167806,0.12082262210796915,1.0,1.0
762,0.26729750907010047,32.15276568733485,283.5862911621933,0.1211340206185567,1.0,1.0
763,0.26590632202506376,32.215810489311906,285.20421490562825,0.12144702842377261,1.0,1.0
764,0.26457008383505065,32.279203254926465,286.85566866379975,0.12176165803108809,1.0,1.0
765,0.26360346517399313,32.34254556687562,288.4972575237699,0.12207792207792208,1.0,1.0
766,0.26288203073009747,32.40631617099777,290.16546489928163,0.12239583333333333,1.0,1.0
767,0.2622444151188748,32.470467249614316,291.8662015284415,0.1227154046997389,1.0,1.0
768,0.2615849622448696,32.53505509609648,293.61205365767455,0.12041884816753927,1.0,1.0
769,0.2607041848772204,32.59993187108238,295.3496018580144,0.12335958005249344,1.0,1.0
770,0.25990394931893995,32.66543629000704,297.07850508708634,0.12105263157894737,1.0,1.0
771,0.25921294872438205,32.73117117225086,298.7761500165169,0.12401055408970976,1.0,1.0
772,0.2582300963594967,32.797206343120216,300.42750054132097,0.11904761904761904,1.0,1.0
773,0.25753982705705813,32.863936062738844,302.0259775918367,0.11936339522546419,1.0,1.0
774,0.25694094995132555,32.93094837071843,303.6538738361074,0.125,1.0,1.0
775,0.2562744846278239,32.99837884475879,305.26585531575915,0.12,1.0,1.0
776,0.2555005066846869,33.065203388425296,306.9417135061617,0.12032085561497326,1.0,1.0
777,0.2547864537748289,33.13232039219049,308.65689014898874,0.11796246648793565,1.0,1.0
778,0.2540280472327621,33.20003226917256,310.3386771076855,0.11559139784946236,1.0,1.0
779,0.25319376773051416,33.268342719000344,312.0276311028355,0.11590296495956873,1.0,1.0
780,0.25234219626368093,33.336387619697305,313.6953559762556,0.11081081081081082,1.0,1.0
781,0.25161190258335014,33.405210973238674,315.35707549114676,0.1111111111111111,1.0,1.0
782,0.2506380553574495,33.47466291564138,316.99166040938644,0.10597826086956522,1.0,1.0
783,0.24963559985283584,33.54365392266257,318.6490228415443,0.10626702997275204,1.0,1.0
784,0.2489025109614247,33.61196727427223,320.23870615733404,0.1092896174863388,1.0,1.0
785,0.24792309830052442,33.68119983815085,321.8365845280556,0.1095890410958904,1.0,1.0
786,0.24697250140204446,33.75086465682549,323.5647170945542,0.1043956043956044,1.0,1.0
787,0.2461781570022249,33.82104976040449,325.3449222723939,0.10192837465564739,1.0,1.0
788,0.2453832511151494,33.89157040083104,327.0843910528459,0.10220994475138122,1.0,1.0
789,0.24442772954393194,33.96258548202122,328.79767201282044,0.09695290858725762,1.0,1.0
790,0.24344033989649436,34.03395722945198,330.5569373457026,0.09444444444444444,1.0,1.0
791,0.2424333531397891,34.106437426908336,332.2918749376516,0.09192200557103064,1.0,1.0
792,0.24151675836268235,34.179195001330605,333.7976528961565,0.08659217877094973,1.0,1.0
793,0.24038669821712694,34.25212679519569,335.2521290253122,0.08683473389355742,1.0,1.0
794,0.23921511769815523,34.32449786801481,336.79076077381217,0.08707865168539326,1.0,1.0
795,0.23785259323548072,34.39760615255532,338.1427977950012,0.08450704225352113,1.0,1.0
796,0.23623191974691413,34.47115918016153,339.5467084901941,0.0847457627118644,1.0,1.0
797,0.23453072933377847,34.545192416420676,340.95355053517284,0.07932011331444759,1.0,1.0
798,0.23321917397658706,34.619750259375884,342.2739822157526,0.08238636363636363,1.0,1.0
799,0.23161474557050218,34.69474182286662,343.5473290276546,0.08262108262108261,1.0,1.0
800,0.2303127186425949,34.77024736829133,344.6741027168043,0.07428571428571429,1.0,1.0
801,0.22910279831964064,34.846222870913046,346.050000039839,0.06303724928366762,1.0,1.0
802,0.22794151242186367,34.92258236516821,347.3477964421258,0.0603448275862069,1.0,1.0
803,0.22683741550587277,34.99936792714965,348.7779694285815,0.05763688760806916,1.0,1.0
804,0.225639753741321,35.07659733631018,350.1561493674216,0.057803468208092484,1.0,1.0
805,0.22455083585662844,35.15361386242211,351.4118773548831,0.057971014492753624,1.0,1.0
806,0.22354804663611183,35.231227557562256,352.67373245419134,0.05232558139534884,1.0,1.0
807,0.22242678053018047,35.309799857030335,354.09709652767754,0.052478134110787174,1.0,1.0
808,0.22135043195591245,35.388708849133266,355.4825403192719,0.049707602339181284,1.0,1.0
809,0.22012934055216415,35.468419270676236,356.6152760398357,0.04985337243401759,1.0,1.0
810,0.21878764120828934,35.54856988712032,357.84902792343576,0.05,1.0,1.0
811,0.21723033808412864,35.62896312447028,359.1847850805991,0.04424778761061947,1.0,1.0
812,0.2156230094997948,35.70938433529051,360.5833499123884,0.047337278106508875,1.0,1.0
813,0.21405032657599274,35.79056323313191,361.94366051456745,0.04451038575667656,1.0,1.0
814,0.2124023671204689,35.87222928054517,363.3417556747179,0.041666666666666664,1.0,1.0
815,0.21069715775830053,35.954130140911666,364.5956566223209,0.03582089552238806,1.0,1.0
816,0.2089966242117851,36.03642453318592,365.83993430109876,0.041916167664670656,1.0,1.0
817,0.20717957477820964,36.11929423102991,367.29315774215786,0.036036036036036036,1.0,1.0
818,0.20530540151839285,36.20271219809119,368.7463547368523,0.030120481927710843,1.0,1.0
819,0.2035025516927395,36.28658041555455,370.2571281752823,0.02416918429003021,1.0,1.0
820,0.2016609976533493,36.37113723964629,371.9064332385882,0.024242424242424242,1.0,1.0
821,0.19981263329123305,36.456412479489224,373.4337811771987,0.02735562310030395,1.0,1.0
822,0.1979108853039275,36.541944866662575,375.21088697008605,0.012195121951219513,1.0,1.0
823,0.19619066663958387,36.62794311157741,376.89160466432554,0.009174311926605505,1.0,1.0
824,0.19455660087199766,36.714643208178195,378.5505309412119,0.009202453987730062,1.0,1.0
825,0.1930032533097261,36.80073098117374,380.21903029394616,0.009230769230769232,1.0,1.0
826,0.19163306313962128,36.8881886577602,381.813040473341,0.009259259259259259,1.0,1.0
827,0.1902739664507382,36.97649105068056,383.280801247924,0.006191950464396285,1.0,1.0
828,0.18893811502152583,37.0656761696264,384.8950847425737,0.009316770186335404,1.0,1.0
829,0.1876794330791143,37.155348899791306,386.2897625763438,0.006230529595015576,1.0,1.0
830,0.1863572087611151,37.24542121715033,387.48365293616314,0.0,1.0,1.0
831,0.1850253541479757,37.33641603213242,388.7467437258102,0.003134796238244514,1.0,1.0
832,0.18366273127545601,37.42835475763855,390.1509468440442,0.0,1.0,1.0
833,0.1822929435957171,37.52098595793676,391.62142095563746,0.0,1.0,1.0
834,0.18099868479498277,37.620720704380595,393.2512234457142,0.0,1.0,1.0
835,0.17962633472062522,37.71838096727159,394.9337388074731,0.0,1.0,1.0
836,0.17824562812720368,37.81558652793209,396.7097266854846,0.0,1.0,1.0
837,0.17691736205438305,37.91341321038594,398.17305000203737,0.0,1.0,1.0
838,0.17567736591525546,38.01186698695808,399.6546460220691,0.0,1.0,1.0
839,0.1744956927547294,38.11095390678792,401.02604758217626,0.0,1.0,1.0
840,0.17310623377986592,38.21068009706828,402.5054399505578,0.0,1.0,1.0
841,0.17215418830386936,38.31105176430838,403.91983490435143,0.0,1.0,1.0
842,0.17127050175318267,38.41207519562146,405.2910757245938,0.0,1.0,1.0
843,0.17037060193862927,38.513756760037566,406.63326658799133,0.0,1.0,1.0
844,0.16973442628638288,38.61610290984201,407.9157686412632,0.0,1.0,1.0
845,0.16921802591849652,38.71912018194026,409.1900624468728,0.0,1.0,1.0
846,0.16853728507995216,38.822815199249675,410.2684540656881,0.0,1.0,1.0
847,0.16789092886632115,38.927194672118894,411.5792300425895,0.0,1.0,1.0
848,0.16751650155169298,39.03226539977532,412.87667238871944,0.0,1.0,1.0
849,0.16732043307296193,39.13805952725541,414.35219077501745,0.0,1.0,1.0
850,0.1671113152953367,39.24447088221674,415.60176360502084,0.0,1.0,1.0
851,0.1668694283377894,39.351244754791416,416.7673220554064,0.0,1.0,1.0
852,0.1665564039768658,39.45885436127631,417.75409477106285,0.0,1.0,1.0
853,0.16608338093699046,39.56733729003312,419.01779774982856,0.0,1.0,1.0
854,0.1655291165027855,39.676313881264605,420.1474424797277,0.0,1.0,1.0
855,0.16490775736646424,39.78616699648396,421.1931127905811,0.0,1.0,1.0
856,0.16407925718314004,39.89704526505152,422.13690589212274,0.0,1.0,1.0
857,0.16323436600321972,40.00876537585268,423.1325713782834,0.0,1.0,1.0
858,0.16245200599554202,40.12105729267371,423.9072420320645,0.0,1.0,1.0
859,0.16176066640305564,40.2342791243971,424.6853212923188,0.0,1.0,1.0
860,0.16093408157913158,40.34786501724253,425.4992664730925,0.0,1.0,1.0
861,0.1603224291449565,40.4624089265544,426.7574533837474,0.0,1.0,1.0
862,0.15971047469531363,40.57774360733064,427.95764147378003,0.0,1.0,1.0
863,0.15921503949610313,40.69393332954145,429.0205145535842,0.0,1.0,1.0
864,0.15883530654280267,40.81151906864209,430.25477425394524,0.0,1.0,1.0
865,0.15833820341250404,40.93001763474815,431.4225113197961,0.0,1.0,1.0
866,0.15778006127134128,41.04940699767852,432.5469118384283,0.0,1.0,1.0
867,0.1573496871947357,41.16982876146902,433.8105178239011,0.0,1.0,1.0
868,0.15708931486363775,41.29028838422126,434.77968422200615,0.0,1.0,1.0
869,0.157006031127946,41.411153019495075,435.56915761091375,0.0,1.0,1.0
870,0.15663745689796008,41.53333544094376,436.75600300232463,0.0,1.0,1.0
871,0.15645646380264341,41.65605124776283,437.7671380997648,0.0,1.0,1.0
872,0.15602607861434545,41.78038540970674,438.80555088196644,0.0,1.0,1.0
873,0.1556451779264395,41.90567390780633,439.49000480857177,0.0,1.0,1.0
874,0.15534846426956386,42.032529784220124,440.6050926740819,0.0,1.0,1.0
875,0.15507872141101467,42.16058417506079,441.54658706390404,0.0,1.0,1.0
876,0.15490905154548096,42.289638918455225,442.13903929270055,0.0,1.0,1.0
877,0.1548569906023782,42.41941172395533,442.54903779347603,0.0,1.0,1.0
878,0.1547021552452201,42.55029812734492,443.4386047058791,0.0,1.0,1.0
879,0.15441637385978269,42.68171803919892,444.31032473501546,0.0,1.0,1.0
880,0.1542032848675052,42.8139439843294,445.0530780153255,0.0,1.0,1.0
881,0.15412772233894875,42.947527846262005,446.3326261466657,0.0,1.0,1.0
882,0.1540768174433843,43.07738828728383,447.21996390131915,0.0,1.0,1.0
883,0.1539252711212872,43.20166793290547,448.1939157209332,0.0,1.0,1.0
884,0.15377998859489758,43.33084180996238,449.1378542218554,0.0,1.0,1.0
885,0.15363614621508925,43.460705382264834,450.1128265587386,0.0,1.0,1.0
886,0.15344777879087565,43.59173531083576,451.07672450393767,0.0,1.0,1.0
887,0.15353038421743648,43.72418053122654,451.89688253505756,0.0,1.0,1.0
888,0.15370869965405984,43.85480001919469,452.6357847623378,0.0,1.0,1.0
889,0.15384134548747297,43.98265574679522,453.43622055418325,0.0,1.0,1.0
890,0.1541088627706479,44.110126044484566,454.2110254744179,0.0,1.0,1.0
891,0.15425023900243404,44.23523915193529,455.00140123925166,0.0,1.0,1.0
892,0.15434202927592544,44.36127661447808,455.7545730657769,0.0,1.0,1.0
893,0.15444623894105483,44.48906428945765,456.51981925248515,0.0,1.0,1.0
894,0.1545345800412142,44.619232641176424,457.25764440785696,0.0,1.0,1.0
895,0.15468356848517398,44.750882072280724,458.0162944636287,0.0,1.0,1.0
896,0.15471474523869738,44.88520913387612,458.8557880733603,0.0,1.0,1.0
897,0.1541963224035281,45.016359708064414,459.88925007237646,0.0,1.0,1.0
898,0.15372698084126216,45.148598771264965,460.8917272474909,0.0,1.0,1.0
899,0.15237744083949203,45.280803893299264,462.1940438071505,0.0,1.0,1.0
900,0.15141566831772707,45.408973438598146,463.5001156717961,0.0,1.0,1.0
901,0.1507928305393488,45.53653412694775,464.64850176946067,0.0,1.0,1.0
902,0.1502569934457325,45.66611093082039,465.7046980175025,0.0,1.0,1.0
903,0.14975835720929656,45.79550205291329,466.79655127734793,0.0,1.0,1.0
904,0.1488625829956011,45.92530147746225,468.13748552660655,0.0,1.0,1.0
905,0.14801122580086185,46.056847986181275,469.4720772063116,0.0,1.0,1.0
906,0.1473608024958239,46.193580671958266,470.5533489589608,0.0,1.0,1.0
907,0.14675959396235233,46.33011200578493,471.6182488313364,0.0,1.0,1.0
908,0.1463062151152275,46.474016229360615,472.74760553534117,0.0,1.0,1.0
909,0.14599977220735913,46.61507861697409,473.82608799790813,0.0,1.0,1.0
910,0.14583680208175662,46.75425691051885,474.7391965101767,0.0,1.0,1.0
911,0.14549639011531154,46.88506341380126,475.7199549255056,0.0,1.0,1.0
912,0.14536771575325483,47.01995078244828,476.7201176605386,0.0,1.0,1.0
913,0.14513275649857282,47.14592260145503,477.71607815085724,0.0,1.0,1.0
914,0.1448209049024532,47.27191937087333,478.6906229478145,0.0,1.0,1.0
915,0.14456801689790902,47.401554540934896,479.661969990041,0.0,1.0,1.0
916,0.14438252642323568,47.52675983274059,480.6139642526608,0.0,1.0,1.0
917,0.14416589172528002,47.644639155526804,481.54072950717546,0.0,1.0,1.0
918,0.14396180802429107,47.75952881978951,482.45997780665175,0.0,1.0,1.0
919,0.14380516420877634,47.875292357373695,483.3176792469225,0.0,1.0,1.0
920,0.14366115576665237,47.99348398753252,484.1749292415888,0.0,1.0,1.0
921,0.1430933078161238,48.11123737549596,485.2798163332277,0.0,1.0,1.0
922,0.1426994555096176,48.231855121950005,486.2876435994325,0.0,1.0,1.0
923,0.14241063316963515,48.35499068020053,487.2765726594749,0.0,1.0,1.0
924,0.1421338996570633,48.47908733117513,488.28801654624635,0.0,1.0,1.0
925,0.14182266257857515,48.59886854356711,489.28276808035474,0.0,1.0,1.0
926,0.14158443906876308,48.721015474014386,490.1158562849332,0.0,1.0,1.0
927,0.14123018801184775,48.84412991125185,490.65969834261415,0.0,1.0,1.0
928,0.140743444863726,48.96905162927892,491.9020055130218,0.0,1.0,1.0
929,0.1402137815989589,49.09537880698812,493.3521326522606,0.0,1.0,1.0
930,0.1397046949195699,49.222406699718114,494.7502530196015,0.0,1.0,1.0
931,0.1390674816458196,49.35099194529388,496.0484818258489,0.0,1.0,1.0
932,0.1384162461057032,49.48077525515146,497.5922994622655,0.0,1.0,1.0
933,0.1377697627616594,49.611350184351515,499.04015799028565,0.0,1.0,1.0
934,0.13714158502250845,49.742175677956865,500.5361709166158,0.0,1.0,1.0
935,0.1365315590705052,49.8744342973417,502.00152275667574,0.0,1.0,1.0
936,0.13589771170588283,50.00721775234623,503.2725307912033,0.0,1.0,1.0
937,0.13526664917832434,50.14160334620427,504.5820320902015,0.0,1.0,1.0
938,0.1347170928518278,50.277313440975874,505.8972379121881,0.0,1.0,1.0
939,0.13405510431769804,50.41449800782172,507.11665005384066,0.0,1.0,1.0
940,0.13341347361380768,50.55374474021504,508.0104560750358,0.0,1.0,1.0
941,0.13277497557463125,50.69388350638616,508.9159155361482,0.0,1.0,1.0
942,0.1320910138178249,50.835501162809315,510.26264308979506,0.0,1.0,1.0
943,0.1313506570985739,50.97829563437855,511.62133457306237,0.0,1.0,1.0
944,0.13064792697617422,51.12189267828963,512.8466606393033,0.0,1.0,1.0
945,0.13001180545320115,51.267297978208774,513.9519323361696,0.0,1.0,1.0
946,0.12933590885344773,51.41409719762074,515.0346507673328,0.0,1.0,1.0
947,0.12867683953444198,51.560433672753625,515.8149660350219,0.0,1.0,1.0
948,0.12800014256409564,51.709631180684866,516.8499894329751,0.0,1.0,1.0
949,0.12733709275690075,51.858624041226776,517.7872467877723,0.0,1.0,1.0
950,0.12668758164176608,52.0090847825996,518.9053993688784,0.0,1.0,1.0
951,0.12611458231955444,52.16219940214488,519.8138797971973,0.0,1.0,1.0
952,0.12551502774929166,52.31766338150888,520.4569608180474,0.0,1.0,1.0
953,0.12484080063013138,52.475196365936704,520.98649114921,0.0,1.0,1.0
954,0.12418760719553214,52.63559779436212,521.6356322203752,0.0,1.0,1.0
955,0.1236964883378371,52.7974967637545,522.0969202926257,0.0,1.0,1.0
956,0.12322007423362827,52.96050560859899,522.259742519355,0.0,1.0,1.0
957,0.12279351990717503,53.12401956294761,522.6366900529179,0.0,1.0,1.0
958,0.12243852219288602,53.288021530885295,522.9364411521324,0.0,1.0,1.0
959,0.12197987803495187,53.453031317631314,523.3842234910327,0.0,1.0,1.0
960,0.12158426134437046,53.640197817126264,524.4660701544285,0.0,1.0,1.0
961,0.12131050029651869,53.829704387482444,525.2228367328551,0.0,1.0,1.0
962,0.12119915391336483,54.02198278538215,526.0487644233586,0.0,1.0,1.0
963,0.120980889893438,54.21738009132675,526.8167558179229,0.0,1.0,1.0
964,0.120823413624152,54.41368235627045,527.409781040286,0.0,1.0,1.0
965,0.1206554895774469,54.611552448070775,528.0661145261736,0.0,1.0,1.0
966,0.12045226735803204,54.81076704638647,529.1447659333186,0.0,1.0,1.0
967,0.12028829891981997,55.01336996273364,530.1375464035605,0.0,1.0,1.0
968,0.120180165078562,55.21765765316269,531.0677166841585,0.0,1.0,1.0
969,0.120032457955411,55.42389737619209,532.4492816650635,0.0,1.0,1.0
970,0.119809318316097,55.63212348916001,533.7078353660479,0.0,1.0,1.0
971,0.11956275871039944,55.84678219430658,535.3381303191085,0.0,1.0,1.0
972,0.1193958205052081,56.05992957553289,536.4549254567988,0.0,1.0,1.0
973,0.1192780234275372,56.2756583530636,537.0057946860062,0.0,1.0,1.0
974,0.11910687602610945,56.494547162155975,537.611437117846,0.0,1.0,1.0
975,0.11897503631274045,56.71691469862289,539.0450465789266,0.0,1.0,1.0
976,0.11886851726339458,56.939704314258115,540.4685852788808,0.0,1.0,1.0
977,0.11873504204936806,57.165987147513334,541.7964783864106,0.0,1.0,1.0
978,0.1186380790394637,57.37342624154331,542.9971212141933,0.0,1.0,1.0
979,0.11855342639798729,57.56766975198722,544.2321682219934,0.0,1.0,1.0
980,0.11848477476011313,57.763955529449326,545.0914682838751,0.0,1.0,1.0
981,0.1184598294957067,57.96100502239853,545.541478070781,0.0,1.0,1.0
982,0.11838347296372878,58.159943026033275,546.29494324619,0.0,1.0,1.0
983,0.11837532718268902,58.38180953312187,547.4916024092436,0.0,1.0,1.0
984,0.11834209602294365,58.606550026603585,548.7290109476014,0.0,1.0,1.0
985,0.11836235566813708,58.83500783639024,549.9474926067143,0.0,1.0,1.0
986,0.11844592762370384,59.0728338006528,551.132481086932,0.0,1.0,1.0
987,0.11851618990228145,59.308409360777894,551.9918430999202,0.0,1.0,1.0
988,0.11858323526559233,59.55516001971954,552.8373726712148,0.0,1.0,1.0
989,0.11859214641986109,59.80400201310584,554.0824159561363,0.0,1.0,1.0
990,0.11856757602479484,60.05516696942749,554.9726320454813,0.0,1.0,1.0
991,0.11861940067527305,60.31142221765037,556.3201894199709,0.0,1.0,1.0
992,0.11874568421747933,60.57921154378507,557.562807628452,0.0,1.0,1.0
993,0.11889259701596132,60.85000709544316,559.020403575707,0.0,1.0,1.0
994,0.1190244504579746,61.130860087261915,560.7001083839003,0.0,1.0,1.0
995,0.11909812300766463,61.40901187152183,562.4445646332279,0.0,1.0,1.0
996,0.11921457591569248,61.69742706953783,564.0886863353825,0.0,1.0,1.0
997,0.1193099502339144,61.957693027075486,565.3733858788436,0.0,1.0,1.0
998,0.11949215360112271,62.23969445673676,566.4764988420893,0.0,1.0,1.0
999,0.1196873602766033,62.51636209119895,567.6058598730929,0.0,1.0,1.0
1000,0.11989672444974983,62.79691583237141,569.2194554243963,0.0,1.0,1.0
1001,0.12005028334709748,63.03416053025514,570.5104018069467,0.0,1.0,1.0
1002,0.12026422190897568,63.278232346786794,571.7060063568027,0.0,1.0,1.0
1003,0.12056582087430703,63.55036663295778,572.797335233223,0.0,1.0,1.0
1004,0.12094526745022642,63.80382759957806,573.7368941877843,0.0,1.0,1.0
1005,0.12131745731326392,64.03380312129588,574.5883303619709,0.0,1.0,1.0
1006,0.1217673089499127,64.27361376270106,575.3075906974204,0.0,1.0,1.0
1007,0.12215818200412838,64.48688850230658,576.087806280907,0.0,1.0,1.0
1008,0.12257143061244696,64.69910565861778,576.7894837894638,0.0,1.0,1.0
1009,0.12293359880838899,64.89763529915493,577.7196779554353,0.0,1.0,1.0
1010,0.12335898016933859,65.1014920736924,578.5691766294153,0.0,1.0,1.0
1011,0.12385778877567162,65.28844632328074,579.1158772821357,0.0,1.0,1.0
1012,0.12431560312704366,65.41779062360766,579.5307854652015,0.0,1.0,1.0
1013,0.12461907943257611,65.50576573134082,580.134055857192,0.0,1.0,1.0
1014,0.12491857501855881,65.58146175610918,580.7759393105855,0.0,1.0,1.0
1015,0.12526498530664243,65.64375635538325,581.2003478623227,0.0,1.0,1.0
1016,0.12563443591840429,65.71103779885325,581.5037042402715,0.0,1.0,1.0
1017,0.12601021383893052,65.7991926514768,581.9247740875171,0.0,1.0,1.0
1018,0.12634840785920642,65.87131892692504,582.3789029071504,0.0,1.0,1.0
1019,0.12670001831761335,65.95148060623848,582.7733531125509,0.0,1.0,1.0
1020,0.12703017332530903,66.02439199234261,583.234631512258,0.0,1.0,1.0
1021,0.12732830103920081,66.09446696771158,583.8080526470047,0.0,1.0,1.0
1022,0.1277072041993035,66.20189649579595,584.2278889585206,0.0,1.0,1.0
1023,0.1280708158016975,66.34211098662657,584.7470508105573,0.0,1.0,1.0
1024,0.12838899095612405,66.4807127325843,585.2711181746628,0.0,1.0,1.0
1025,0.12875436670404197,66.65004846574547,585.9666752425306,0.0,1.0,1.0
1026,0.12911450579703249,66.82122644587402,586.5231599357953,0.0,1.0,1.0
1027,0.12945917432018925,66.99812694755127,587.3696165807504,0.0,1.0,1.0
1028,0.1298182121507463,67.17341192330016,587.9471539698677,0.0,1.0,1.0
1029,0.1301203801806137,67.35285914108579,588.6834080927716,0.0,1.0,1.0
1030,0.13043235988862945,67.53071836380478,589.6186074216376,0.0,1.0,1.0
1031,0.13073235155203902,67.71009094176833,590.6177098871366,0.0,1.0,1.0
1032,0.13098408860835611,67.8954165853597,591.4859402972778,0.0,1.0,1.0
1033,0.1310358541792633,68.01237845235732,592.566741243555,0.0,1.0,1.0
1034,0.1308895753543774,68.11496159100672,594.0985070998233,0.0,1.0,1.0
1035,0.13090441122560614,68.21786541371154,595.1154576851693,0.0,1.0,1.0
1036,0.1307678668944264,68.30318492917439,596.519643305365,0.0,1.0,1.0
1037,0.1306504165197374,68.3851131402816,597.7744032837682,0.0,1.0,1.0
1038,0.13052788205529894,68.47566152718706,599.0913968783543,0.0,1.0,1.0
1039,0.13042326889194011,68.56597631910866,600.3470018810416,0.0,1.0,1.0
1040,0.1301590795018742,68.61083157280918,601.9706965907473,0.0,1.0,1.0
1041,0.12993780790396245,68.7122669204101,603.6424205270716,0.0,1.0,1.0
1042,0.1297042634659765,68.83557364139921,605.3215231346933,0.0,1.0,1.0
1043,0.1295590560691877,68.98113447487714,606.9074307159513,0.0,1.0,1.0
1044,0.12945510965158874,69.12139000175944,608.0586589905074,0.0,1.0,1.0
1045,0.1293932792810315,69.26555597238702,608.8942928220437,0.0,1.0,1.0
1046,0.1292857494738393,69.4160629845009,609.7525077208193,0.0,1.0,1.0
1047,0.12926628745393864,69.56675279045342,610.190902623686,0.0,1.0,1.0
1048,0.12928291361564564,69.72412011572024,610.1693157560987,0.0,1.0,1.0
1049,0.12925340426314327,69.89191069027768,610.2609439970764,0.0,1.0,1.0
1050,0.12908642035628368,70.05816334235486,610.6069543924074,0.0,1.0,1.0
1051,0.12894999547236652,70.23017445253777,610.6593405688346,0.0,1.0,1.0
1052,0.12868961721943847,70.41110369970673,611.3248186122598,0.0,1.0,1.0
1053,0.12834139251845705,70.58413605383566,612.5109527847181,0.0,1.0,1.0
1054,0.12793309767968344,70.76318495639048,613.7452071862664,0.0,1.0,1.0
1055,0.127546863505,71.01998335759014,615.9507775772441,0.0,1.0,1.0
1056,0.1270402066022439,71.29445737237528,618.5186068980034,0.0,1.0,1.0
1057,0.12647745724528694,71.5760467950785,621.1765646617623,0.0,1.0,1.0
1058,0.1260405656598247,71.86538824927982,623.561484176356,0.0,1.0,1.0
1059,0.1256174187521144,72.1616916383802,625.826281119388,0.0,1.0,1.0
1060,0.12509552896935724,72.47218109699993,628.4323970935186,0.0,1.0,1.0
1061,0.12454616920669215,72.77356842653556,631.1926575923451,0.0,1.0,1.0
1062,0.12408584925529671,73.08183803865337,633.7690993439178,0.0,1.0,1.0
1063,0.12367713656493594,73.39701291672924,635.7589366883249,0.0,1.0,1.0
1064,0.12323599934296689,73.71351807666404,637.9246481031416,0.0,1.0,1.0
1065,0.12284835664972435,74.03975869998665,639.4613565607375,0.0,1.0,1.0
1066,0.12249465010444693,74.45898319218799,642.2546637187736,0.0,1.0,1.0
1067,0.12211320159300006,74.90376094269456,645.2125724741022,0.0,1.0,1.0
1068,0.12179221876849589,75.34413146160534,648.0495858598474,0.0,1.0,1.0
1069,0.12164158307753291,75.78950936601795,649.9534189740891,0.0,1.0,1.0
1070,0.12136558065850407,76.24537128320952,652.6373705306461,0.0,1.0,1.0
1071,0.12115785162410592,76.72298014297395,655.5582769876463,0.0,1.0,1.0
1072,0.12101469873320034,77.21134996738311,658.2946638956818,0.0,1.0,1.0
1073,0.12080136646443776,77.63472909715959,660.929138065697,0.0,1.0,1.0
1074,0.12072105338680723,78.05926090755032,663.2418481144996,0.0,1.0,1.0
1075,0.12056355362621543,78.45875428698736,665.727172389093,0.0,1.0,1.0
1076,0.12034316553537526,78.83018177364569,668.4601949681911,0.0,1.0,1.0
1077,0.12027464458086046,79.2208612229184,670.8585635830281,0.0,1.0,1.0
1078,0.12020343199970185,79.61392213576944,673.1558394804,0.0,1.0,1.0
1079,0.12034470126209167,79.99865802482923,674.7093242967024,0.0,1.0,1.0
1080,0.12033124302862723,80.44340615995499,677.1896675844728,0.0,1.0,1.0
1081,0.1204650224864856,80.91592220235005,679.4160353635009,0.0,1.0,1.0
1082,0.1207239819725219,81.33035863681218,680.7599415477927,0.0,1.0,1.0
1083,0.12110809512599127,81.75301561572466,680.9904080692955,0.0,1.0,1.0
1084,0.12139013137617892,82.20843687001293,681.9500242971558,0.0,1.0,1.0
1085,0.12165638464812255,82.71882064437553,683.8477871346616,0.0,1.0,1.0
1086,0.12202771633048455,83.24773938376006,685.4306060514634,0.0,1.0,1.0
1087,0.12258340841837778,83.86763866477219,686.8320065393357,0.0,1.0,1.0
1088,0.12303083631945835,84.51197096058846,689.399364518123,0.0,1.0,1.0
1089,0.12371981779684506,85.17962264171639,690.4383496303907,0.0,1.0,1.0
1090,0.12450980328141492,85.96193847626112,692.0411942743118,0.0,1.0,1.0
1091,0.12533240505020968,86.75969229205072,693.5205189698452,0.0,1.0,1.0
1092,0.12636894415591926,87.6461461651064,694.6156971823546,0.0,1.0,1.0
1093,0.1271734572803457,88.32950919994705,695.3387547151932,0.0,1.0,1.0
1094,0.12786943986518606,88.93585843060279,696.1472265808105,0.0,1.0,1.0
1095,0.12867308774256064,89.55690447841253,696.5607495290914,0.0,1.0,1.0
1096,0.12958644464980215,90.25464261874778,696.9543221348712,0.0,1.0,1.0
1097,0.13023984791324641,90.78503597216962,697.6226903820055,0.0,1.0,1.0
1098,0.13097732180640811,91.41248184057207,698.3664707594888,0.0,1.0,1.0
1099,0.1318058933362148,92.12431899810738,699.2994819798396,0.0,1.0,1.0
1100,0.13248978395918376,92.65243584572981,699.6640365007592,0.0,1.0,1.0
1101,0.13264040743449354,92.81091026055262,700.108012861745,0.0,1.0,1.0
1102,0.13290268186450904,92.95162092722245,699.7350934336797,0.0,1.0,1.0
1103,0.13311455974959585,93.06589743387013,699.2651873485675,0.0,1.0,1.0
1104,0.13326504402137163,93.19385911238196,699.2539508021731,0.0,1.0,1.0
1105,0.13336070962577778,93.315934362943,699.6641096657927,0.0,1.0,1.0
1106,0.1333435011001183,93.4893680736804,701.0341512023842,0.0,1.0,1.0
1107,0.13349518678721992,93.65694123338994,701.3644123765779,0.0,1.0,1.0
1108,0.13402639205233044,94.06308575072879,701.6897012256064,0.0,1.0,1.0
1109,0.13465380579768219,94.56227085247504,702.1494911704372,0.0,1.0,1.0
1110,0.1352531331007735,95.04101059110035,702.7759812592345,0.0,1.0,1.0
1111,0.13544870115758972,95.19350757772675,702.971851186904,0.0,1.0,1.0
1112,0.13566565538596143,95.35619422194915,703.0009482652799,0.0,1.0,1.0
1113,0.13582226064991562,95.4532042921007,703.0562565559566,0.0,1.0,1.0
1114,0.13594546106360783,95.57379334326696,703.344388468521,0.0,1.0,1.0
1115,0.13627172439635934,95.72361746014442,702.6660851315378,0.0,1.0,1.0
1116,0.13668896734411162,95.92689960377285,701.8376438941833,0.0,1.0,1.0
1117,0.13705213527876964,96.18626031327231,701.8251570016821,0.0,1.0,1.0
1118,0.1375124753537285,96.50336605969866,701.8118896783997,0.0,1.0,1.0
1119,0.13797533384442887,96.91624915895342,702.4664192335645,0.0,1.0,1.0
1120,0.1386375231454923,97.41450270745344,702.6915798117029,0.0,1.0,1.0
1121,0.13912808022884618,97.87092081748506,703.4977329217273,0.0,1.0,1.0
1122,0.1393921999230148,98.06232110062454,703.5423051208346,0.0,1.0,1.0
1123,0.13962503650843996,98.23581146397646,703.5901789643203,0.0,1.0,1.0
1124,0.14002141838389234,98.52087449790717,703.641735411151,0.0,1.0,1.0
1125,0.14046771908569314,98.64341518146045,702.2497113467222,0.0,1.0,1.0
1126,0.1410611013915307,99.06011773445316,702.2497113467222,0.0,1.0,1.0
1127,0.14157375644231254,99.42012959588516,702.2497113467219,0.0,1.0,1.0
1128,0.14212524313811647,99.80741096882501,702.249711346722,0.0,1.0,1.0
1129,0.14239110830478252,99.9941147053734,702.249711346722,0.0,1.0,1.0
1130,0.14273920428389947,100.23856500622921,702.249711346722,0.0,1.0,1.0
1131,0.1434845236888978,100.76196534325042,702.249711346722,0.0,1.0,1.0
1132,0.14379323374393146,100.97875689028761,702.2497113467222,0.0,1.0,1.0
1133,0.14393686735981984,101.07962355558494,702.2497113467222,0.0,1.0,1.0
1134,0.1440225535189751,101.13979663611812,702.2497113467223,0.0,1.0,1.0
1135,0.1437955205801475,100.98036282036024,702.2497113467219,0.0,1.0,1.0
1136,0.14356239972104917,100.81665376434957,702.2497113467222,0.0,1.0,1.0
1137,0.14385205931626813,101.02006713148086,702.249711346722,0.0,1.0,1.0
1138,0.14395910915122437,101.09524284717861,702.249711346722,0.0,1.0,1.0
1139,0.14447950413188732,101.4606900721354,702.249711346722,0.0,1.0,1.0
1140,0.14398426068130799,101.11290550191974,702.2497113467222,0.0,1.0,1.0
1141,0.14387855241970923,101.03867190572504,702.249711346722,0.0,1.0,1.0
1142,0.14120595252420104,99.16183940055912,702.2497113467222,0.0,1.0,1.0
1143,0.13806055585459592,96.95298549725797,702.2497113467222,0.0,1.0,1.0
1144,0.13527491769711714,94.9967719052521,702.249711346722,0.0,1.0,1.0
1145,0.1335432674303536,93.78072100526394,702.2497113467222,0.0,1.0,1.0
1146,0.1313288399836398,92.22563997001092,702.2497113467222,0.0,1.0,1.0
1147,0.12784257064062954,89.77740833020503,702.249711346722,0.0,1.0,1.0
1148,0.12431164588001575,87.297817436277,702.2497113467222,0.0,1.0,1.0
