window,buy_and_hold_return,strategy_return,alpha,buy_and_hold_prob,strategy_prob,alpha_prob
1,1.0,1.0,1.0,0.0,0.0,0.1288732394366197
2,0.999873745054949,1.0009116521733423,1.0029286820587422,0.47780126849894294,0.06906272022551092,0.45665961945031713
3,0.9996807336276744,1.0016189117713699,1.0057372054210154,0.4908321579689704,0.07404795486600846,0.44710860366713684
4,0.9993915840929137,1.0025464074733994,1.0085354952843821,0.4827099505998589,0.07833450952717008,0.4565984474241355
5,0.9990570440490409,1.0032969181874427,1.0111010655968122,0.481638418079096,0.08192090395480225,0.4597457627118644
6,0.9986630487589578,1.004088045350187,1.013734120072131,0.4763250883392226,0.08975265017667844,0.46996466431095407
7,0.998173375313096,1.0048585673243073,1.0163982178428146,0.46746817538896746,0.09123055162659123,0.4787835926449788
8,0.9976078816423405,1.005627747278047,1.0190698185010338,0.46355272469922154,0.09412597310686482,0.4847841472045294
9,0.9970073127820103,1.0063267943726901,1.021695772746682,0.46104815864022664,0.09560906515580736,0.48796033994334276
10,0.9963462473448879,1.0069947554529752,1.024222606179921,0.4606661941885188,0.09780297661233169,0.4897236002834869
11,0.995696335468227,1.0075650230163755,1.0266222557198972,0.45177304964539006,0.10212765957446808,0.5014184397163121
12,0.9950358244179398,1.0081480448469418,1.0289976662478502,0.44996451383960256,0.1078779276082328,0.5067423704755145
13,0.994440431535696,1.0086885641252885,1.0312906388368397,0.4509943181818182,0.10795454545454546,0.5071022727272727
14,0.9939029635487221,1.0093432318422828,1.0336323746504377,0.44989339019189767,0.10803127221037669,0.5081734186211798
15,0.9934613960622138,1.0099349526082033,1.0359817764854264,0.4487908961593172,0.10953058321479374,0.5106685633001422
16,0.9927525396500214,1.0105673034596196,1.0385670520389871,0.44768683274021354,0.1110320284697509,0.5110320284697509
17,0.9921101699011425,1.0114865768193908,1.0413080036058258,0.44017094017094016,0.11324786324786325,0.5178062678062678
18,0.9914300790831484,1.012538699321556,1.0441255049123397,0.43763364219529577,0.11261582323592302,0.518888096935139
19,0.990766569959514,1.0136605427923384,1.0470457179649078,0.43081312410841655,0.11483594864479316,0.5256776034236804
20,0.9901093686783017,1.014964609411519,1.0500654914671859,0.43112062812276947,0.11848679514632406,0.5303354746609564
21,0.989550088621622,1.0163297078919495,1.0531151390976419,0.42928571428571427,0.12,0.5321428571428571
22,0.9890720882801742,1.0175324094464089,1.0560184562391124,0.42387419585418157,0.12151536812008577,0.5346676197283774
23,0.9885776075732621,1.0186992163763324,1.0589485788056057,0.4363376251788269,0.12804005722460657,0.5300429184549357
24,0.9880558502386328,1.0199430342847806,1.0618803419927698,0.4251968503937008,0.12884753042233357,0.5382963493199714
25,0.9874721295652745,1.0211798540048163,1.064786730874429,0.43123209169054444,0.1332378223495702,0.5372492836676218
26,0.986959269781692,1.0224513206544223,1.067783028966607,0.4265232974910394,0.12974910394265232,0.5369175627240144
27,0.9865352160683929,1.023620711724906,1.0709076781880429,0.43543758967001434,0.13414634146341464,0.5322812051649928
28,0.9859902103357209,1.0247746985853174,1.073953347413362,0.42928930366116297,0.13711414213926776,0.5405599425699928
29,0.9855057110547165,1.026026318045667,1.0770291756037633,0.42887931034482757,0.1400862068965517,0.5431034482758621
30,0.9850763716213037,1.0272362806268778,1.0801275799086436,0.43350107836089147,0.14234363767074049,0.5391804457225018
31,0.9846086784921331,1.0283902756624175,1.0831470563393946,0.4381294964028777,0.14676258992805755,0.5381294964028777
32,0.9840540871482265,1.0295366924271139,1.0861795948079211,0.435565154787617,0.1490280777537797,0.5421166306695464
33,0.9834964748419361,1.0306265538857098,1.0891393211927531,0.42939481268011526,0.14985590778097982,0.547550432276657
34,0.9829724346659953,1.0316679256762074,1.092134047466646,0.43114635904830567,0.1528478731074261,0.5465032444124008
35,0.9823090866313744,1.0326392359683714,1.095077223105471,0.43001443001443,0.15512265512265513,0.5497835497835498
36,0.9816875557918517,1.0336150358003737,1.0981411458088979,0.42815884476534294,0.155956678700361,0.5537906137184115
37,0.9809844847120763,1.0345584701646662,1.101208152686388,0.4313583815028902,0.15895953757225434,0.5527456647398844
38,0.9802856838676772,1.0355791034223503,1.1042574364529287,0.42733188720173537,0.16196673897324657,0.556760665220535
39,0.9795219120255936,1.0365434022779563,1.1071617223292234,0.4276410998552822,0.16642547033285093,0.5593342981186686
40,0.9786736996008739,1.037400961951691,1.1099991716115083,0.4163649529326575,0.16509775524981898,0.5706010137581463
41,0.9777404896555005,1.0382669238845341,1.1128149437825325,0.41231884057971013,0.1673913043478261,0.5760869565217391
42,0.9768746605165255,1.0391622987065907,1.1156965918752628,0.41479332849891226,0.17041334300217548,0.5779550398839739
43,0.9759132698454869,1.0400967222529784,1.1186618141182918,0.41944847605224966,0.1734397677793904,0.5761973875181422
44,0.9749937499526675,1.041076308052268,1.1217373624174902,0.4074074074074074,0.17429193899782136,0.5831517792302106
45,0.9740327249477071,1.0420535284582115,1.1247770090890112,0.4164244186046512,0.17805232558139536,0.5784883720930233
46,0.9729974930965402,1.0430313347230333,1.1277826528879074,0.4167272727272727,0.18036363636363636,0.5825454545454546
47,0.9721127850397655,1.0440487857577032,1.1308211881801191,0.4119359534206696,0.17903930131004367,0.5858806404657934
48,0.9712178371189856,1.0451169949262646,1.1339130038753387,0.4093226511289148,0.18281136198106337,0.5914056809905317
49,0.9703589826163025,1.0461908632728816,1.1370402306491167,0.40816326530612246,0.1858600583090379,0.5947521865889213
50,0.9694985718085982,1.0472827025206668,1.1400482144723716,0.40700218818380746,0.19037199124726478,0.5966447848285923
51,0.9688276653823651,1.048568886313666,1.1429437801433113,0.4124087591240876,0.19927007299270072,0.6014598540145986
52,0.9679122525931789,1.0496538082758549,1.14587192951873,0.41197954711468227,0.20233747260774287,0.6026296566837107
53,0.9670573519125669,1.050765645329879,1.1488259188688454,0.4152046783625731,0.20687134502923976,0.6001461988304093
54,0.9661155651893101,1.0518332558973802,1.1518427555547153,0.41697147037307974,0.20921726408193123,0.6020482809070958
55,0.9650274728938395,1.0528708549032884,1.154872617354483,0.41800878477306,0.20937042459736457,0.6024890190336749
56,0.963739341513162,1.0537998799722215,1.1576948598076506,0.41098901098901097,0.210989010989011,0.6058608058608058
57,0.96252534931895,1.0547270935384099,1.1605786795348232,0.4178885630498534,0.21627565982404692,0.6055718475073314
58,0.9614690258545014,1.055675925117417,1.1636282321441531,0.4101247248716067,0.2186353631694791,0.6140865737344093
59,0.9604114058452259,1.0566715287540425,1.1666733230776074,0.4111600587371512,0.2209985315712188,0.6160058737151248
60,0.9593939168178958,1.057713465033017,1.1697231775912176,0.4026451138868479,0.2233651726671565,0.6223365172667157
61,0.9583414983108889,1.0587475077682107,1.1727883164962838,0.39926470588235297,0.2235294117647059,0.6272058823529412
62,0.9573632557020834,1.0598198281798272,1.1759370182684503,0.3855776306107432,0.2229580573951435,0.637233259749816
63,0.9564173590047447,1.06092548552623,1.1792441215691736,0.38144329896907214,0.22533136966126657,0.6435935198821797
64,0.9554063847648007,1.062026496045965,1.1824181510467304,0.3765659543109801,0.22549742078113486,0.6499631540162122
65,0.9543572335136573,1.0630644176576654,1.1856270904086694,0.3724188790560472,0.22640117994100295,0.6563421828908554
66,0.9532186741773138,1.0640229505749683,1.1888551572310437,0.36531365313653136,0.22583025830258302,0.6649446494464945
67,0.9520344219705971,1.0649911894787751,1.1920621176517887,0.35967503692762187,0.22821270310192024,0.6713441654357459
68,0.9507938278298925,1.0659198453262129,1.195147064641004,0.35846267553584626,0.2320768662232077,0.6777531411677753
69,0.9497216153606225,1.066897844096334,1.1982360014993574,0.36168639053254437,0.23446745562130178,0.6767751479289941
70,0.9488732444346093,1.067907658070092,1.2014147168153537,0.35233160621761656,0.23538119911176905,0.6846780162842339
71,0.9480449396040177,1.0688978112344065,1.2046380864472361,0.3562962962962963,0.23851851851851852,0.6851851851851852
72,0.9471844545406547,1.0697191226282146,1.207787009229305,0.352112676056338,0.24240177909562638,0.6908821349147517
73,0.9462434238362865,1.0706182299654134,1.210854226221529,0.34940652818991097,0.24406528189910978,0.6936201780415431
74,0.9450813516644383,1.0713603050894847,1.2139352266571042,0.34669636228656275,0.24647364513734224,0.7008166295471417
75,0.9439277696769436,1.0721941330250253,1.2170117185412541,0.34695393759286774,0.24888558692421991,0.7035661218424963
76,0.9427836686865385,1.0729792041856996,1.2201379703697206,0.34721189591078067,0.24981412639405204,0.704089219330855
77,0.941615183200022,1.0737644711390584,1.2232017293279966,0.34598214285714285,0.2507440476190476,0.7068452380952381
78,0.9405152090764914,1.0746708056680148,1.2261910543228631,0.34177215189873417,0.2524199553239017,0.7133283693224125
79,0.9394915222992569,1.0755722551513567,1.2293088179934726,0.3375558867362146,0.2533532041728763,0.7168405365126677
80,0.9384908321613157,1.0764191867432733,1.2324198704884195,0.337061894108874,0.255779269202088,0.7196122296793438
81,0.9375189232884633,1.0773159832930415,1.2355111247729775,0.33507462686567163,0.25970149253731345,0.7186567164179104
82,0.9366387932240849,1.0782514927078852,1.2386879709222725,0.3330843913368185,0.2598954443614638,0.7184466019417476
83,0.9357050114559116,1.079109724354049,1.2418931666336872,0.33707025411061287,0.2615844544095665,0.7159940209267563
84,0.9346136748765804,1.0799315243432677,1.2451629497747396,0.3335826477187734,0.262528047868362,0.7180254300673149
85,0.9335856379374454,1.0808526074060838,1.2483531841046867,0.33308383233532934,0.26272455089820357,0.717814371257485
86,0.9324660072717966,1.0817178245508723,1.2516384596052639,0.3250936329588015,0.2651685393258427,0.7273408239700374
87,0.9314102810215381,1.0826882254476466,1.254887029302335,0.3193403298350825,0.2661169415292354,0.732383808095952
88,0.9303714587307779,1.083748202032863,1.258047650508881,0.31957989497374345,0.2685671417854464,0.7366841710427607
89,0.9292074266510091,1.08466773346966,1.2611494238463294,0.32207207207207206,0.27177177177177175,0.7342342342342343
90,0.928093581614138,1.0855901985216598,1.2642752446218475,0.3245679939894816,0.2749812171299775,0.7325319308790383
91,0.9271830614434348,1.0866693081405163,1.2674856432169275,0.3225563909774436,0.27518796992481204,0.7330827067669173
92,0.9261531287585792,1.087571320509004,1.2707340876740647,0.32505643340857787,0.27765237020316025,0.7343867569601203
93,0.925156407444117,1.0884876620815698,1.2738981193766672,0.3185240963855422,0.27786144578313254,0.7409638554216867
94,0.9242397836324193,1.0895027025119208,1.277103032822895,0.32177844762622454,0.2788244159758855,0.7392614920874152
95,0.9234644101288491,1.0906043180069478,1.280413532242971,0.32051282051282054,0.27978883861236803,0.7413273001508296
96,0.9226448095685342,1.0916857174468753,1.2837657364435806,0.31849056603773584,0.28,0.7464150943396226
97,0.9219513484206744,1.0928896641905945,1.2870576987306557,0.32250755287009064,0.28172205438066467,0.7469788519637462
98,0.9212611552165679,1.0941475066001811,1.2903206029225267,0.3197278911564626,0.28269085411942557,0.7520786092214664
99,0.920537561699717,1.0953679708828354,1.2937113942213119,0.3161875945537065,0.283661119515885,0.7549167927382754
100,0.9197242336820958,1.096545665902735,1.2971566680811841,0.31718395155185464,0.2853898561695685,0.7577592732778198
101,0.9187606233308181,1.0977131858461986,1.3005596476150414,0.3181818181818182,0.2871212121212121,0.7598484848484849
102,0.9177021497093797,1.098823087078694,1.3038612937628178,0.3115996967399545,0.2880970432145565,0.7664897649734648
103,0.916708339025877,1.0998772918792967,1.3074136381811068,0.3110773899848255,0.2890743550834598,0.7693474962063733
104,0.915883607096772,1.101032583103205,1.3109905534551285,0.30751708428246016,0.2900531511009871,0.7737281700835231
105,0.9151285687656745,1.102226458440021,1.31457167259378,0.310790273556231,0.29103343465045595,0.7720364741641338
106,0.914366601084825,1.103477428971383,1.318160411348241,0.30798479087452474,0.2920152091254753,0.7771863117870722
107,0.9135591954227147,1.10473017813362,1.3217413389614747,0.3028919330289193,0.2929984779299848,0.7831050228310502
108,0.9127524037649122,1.105930948057083,1.32532492418278,0.30236100533130233,0.293983244478294,0.7852246763137852
109,0.9119419321546314,1.107084990374388,1.329058657272735,0.3003048780487805,0.29496951219512196,0.7835365853658537
110,0.9111279005166093,1.1082877409409864,1.3328099971947045,0.3005339435545385,0.2959572845156369,0.7841342486651411
111,0.9102350320958247,1.1095108288888924,1.3365053256661783,0.29847328244274807,0.2969465648854962,0.7870229007633588
112,0.9091953688536539,1.1106148666438131,1.3401594361416338,0.29564553093964857,0.2979373567608862,0.787624140565317
113,0.9081060479246258,1.1117452397797258,1.3438896306504897,0.2966360856269113,0.2989296636085627,0.7874617737003058
114,0.9069902852588047,1.1128269431752593,1.3476437666237462,0.2907421576128539,0.2999234889058914,0.7941851568477429
115,0.9058556238279567,1.113920996201586,1.3514699459321242,0.29249617151607965,0.3009188361408882,0.7955589586523737
116,0.90479067323122,1.114972580801005,1.3552836728306759,0.28659003831417623,0.30191570881226054,0.7977011494252874
117,0.9037472762607204,1.1160666219600315,1.359056606344115,0.28911042944785276,0.3029141104294479,0.7998466257668712
118,0.9027359495016262,1.1171570118178347,1.362751686969092,0.283960092095165,0.3039140445126631,0.8004604758250192
119,0.9017035597795823,1.1183056629989463,1.3665250470546564,0.2849462365591398,0.3049155145929339,0.8003072196620584
120,0.9006080381192261,1.1194472051535795,1.3703803740041127,0.29285165257494233,0.3059185242121445,0.8032282859338971
121,0.8995771217341663,1.1206293463842685,1.3740974480319033,0.29384615384615387,0.3069230769230769,0.8046153846153846
122,0.8985111537594744,1.121877668302917,1.3778755831721405,0.29022324865280985,0.30792917628945343,0.8098537336412626
123,0.8974556077705017,1.123073382479691,1.381660484254736,0.2842835130970724,0.3089368258859784,0.8135593220338984
124,0.8965164478660801,1.1243805223991266,1.385617343963635,0.284502698535081,0.3099460292983809,0.8149575944487278
125,0.8953942541475628,1.1255672786606288,1.389545323654501,0.2816358024691358,0.3109567901234568,0.8217592592592593
126,0.8941933517676715,1.1266530833759738,1.3935263023872575,0.277992277992278,0.311969111969112,0.8254826254826255
127,0.8932040060254804,1.127823079416453,1.3975946052573098,0.27125193199381764,0.31298299845440497,0.8338485316846986
128,0.8921574396754168,1.128953213271718,1.4016897850264523,0.26218097447795824,0.3139984532095901,0.8383604021655066
129,0.8911208405853758,1.1300942190793803,1.4056155932759498,0.26160990712074306,0.31501547987616096,0.8405572755417957
130,0.8898651893134654,1.1311341670544162,1.409666820518056,0.26336173508907823,0.3152594887683966,0.8404337722695585
131,0.8885802350181733,1.132174074165575,1.4137124945481634,0.25813953488372093,0.31550387596899226,0.8426356589147287
132,0.8870634205046625,1.1330775702351277,1.41770066562432,0.2629945694336695,0.3157486423584174,0.8425135764158262
133,0.885563274837086,1.1340443821294657,1.4216643285739001,0.26242236024844723,0.3159937888198758,0.8416149068322981
134,0.883949079735171,1.1349531385264924,1.4256147110873847,0.2540792540792541,0.3177933177933178,0.8484848484848485
135,0.8821391904322433,1.1356567244953657,1.4295692844984715,0.2573872472783826,0.3188180404354588,0.8452566096423018
136,0.8803668460139269,1.1364097622095362,1.4335268761845763,0.25058365758754864,0.31984435797665367,0.8513618677042801
137,0.8786793031213066,1.137077526660215,1.4376147852969319,0.2585669781931464,0.32087227414330216,0.8465732087227414
138,0.8770469579677717,1.1377490916384123,1.4417493369754404,0.25019485580670303,0.3211223694466095,0.8511301636788776
139,0.8755920325557355,1.1384808889068752,1.445970184527131,0.25273010920436817,0.3237129485179407,0.8517940717628705
140,0.8741990983765235,1.1392323151604062,1.450192819361339,0.2537080405932865,0.32474629195940674,0.8501170960187353
141,0.8726741249913932,1.1398715562182251,1.4544396126605446,0.25234375,0.3265625,0.85078125
142,0.8712068078346884,1.1406337379609113,1.4587097913370088,0.24941360437842064,0.328381548084441,0.8537920250195465
143,0.8698371216018084,1.1415461223205259,1.4629278806009545,0.24882629107981222,0.32942097026604067,0.8552425665101722
144,0.8684694029292972,1.1424864292444157,1.4670835608951056,0.24745497259201252,0.33046202036021927,0.8598277212216131
145,0.8670222073005632,1.143320968744406,1.471238773530755,0.24843260188087773,0.33150470219435735,0.8581504702194357
146,0.8657393760487754,1.1442036178187502,1.4754338891394927,0.25176470588235295,0.3325490196078431,0.8549019607843137
147,0.8644519813876239,1.1450163650522325,1.47960256887054,0.25353218210361067,0.3328100470957614,0.8563579277864992
148,0.8630025722443033,1.1456592917189983,1.483651870969204,0.25687352710133543,0.33464257659073054,0.852317360565593
149,0.8614097948365509,1.1461566860923527,1.4877963309257272,0.26257861635220126,0.3356918238993711,0.8459119496855346
150,0.8598443535785303,1.1467576055401645,1.4919800551020512,0.26671911880409127,0.3367427222659323,0.8434303697875688
151,0.8581827057577857,1.147244477888764,1.4963054312945734,0.26535433070866143,0.33779527559055117,0.8433070866141732
152,0.8564059482967508,1.1477622268512053,1.5004764637356216,0.2631993695823483,0.338849487785658,0.8479117415287628
153,0.8546389650365885,1.1483494747692127,1.5045354880636483,0.2657728706624606,0.33990536277602523,0.8462145110410094
154,0.8527409109451382,1.1489210531316862,1.5086043468199697,0.26519337016574585,0.3409629044988161,0.846093133385951
155,0.8509296374175199,1.1495461916670695,1.512723738539519,0.2638230647709321,0.3420221169036335,0.8467614533965245
156,0.8491701547867517,1.150234613237144,1.516894286899493,0.2671936758893281,0.3430830039525692,0.8458498023715415
157,0.8473849889980791,1.150900745969336,1.521035911466888,0.2721518987341772,0.34414556962025317,0.8433544303797469
158,0.8456736121860787,1.1515735757711234,1.5250119786711451,0.27315914489311166,0.34441805225653205,0.8440221694378464
159,0.8439729372035419,1.1522703627509714,1.5291135066509787,0.27416798732171155,0.3462757527733756,0.847068145800317
160,0.8422622124006792,1.152908973778824,1.5332509901219051,0.2735923869944489,0.3465503568596352,0.8469468675654243
161,0.8406829987860264,1.1535778015259412,1.5374018449448892,0.2706349206349206,0.3468253968253968,0.8484126984126984
162,0.8390592388945848,1.1543130785642803,1.54164197429753,0.26290706910246225,0.3471008737092931,0.857823669579031
163,0.8373249762990036,1.1549481798938876,1.5458243642006564,0.2615262321144674,0.3481717011128776,0.8585055643879174
164,0.8357196546428272,1.1556621484096978,1.5500937275804028,0.2553699284009546,0.34844868735083534,0.862370723945903
165,0.8342642122058063,1.1564801729392244,1.5543482320346877,0.24681528662420382,0.3503184713375796,0.8662420382165605
166,0.8328289991582036,1.1573392059971017,1.5585827602840912,0.24780876494023904,0.350597609561753,0.8677290836653386
167,0.8313120221807146,1.1581199153007926,1.562714160895219,0.24800637958532695,0.35167464114832536,0.8652312599681021
168,0.829764309423494,1.1588215458267561,1.5668864200516002,0.24261771747805266,0.35355147645650437,0.8675179569034318
169,0.8281311107688686,1.1594745029943405,1.5713028101734674,0.24680511182108625,0.35303514376996803,0.8650159744408946
170,0.8264820197021625,1.1602132734873727,1.5756646799716336,0.23820943245403678,0.35571542765787373,0.8713029576338929
171,0.8249320380058432,1.1610311313237156,1.5799334511089607,0.2368,0.3576,0.872
172,0.8234135640353316,1.1619076967727562,1.5841260855273764,0.23618895116092875,0.3578863090472378,0.8726981585268214
173,0.8219714473434936,1.16282627651586,1.5883428412492107,0.2267628205128205,0.3581730769230769,0.8790064102564102
174,0.8203063089596682,1.1635998241383243,1.5925305003919579,0.2269446672012831,0.35846030473135526,0.8821170809943866
175,0.8184229612189757,1.164236117656102,1.5966208524069974,0.22231139646869985,0.3595505617977528,0.8836276083467095
176,0.8165686155925064,1.16486342636606,1.6007312137151892,0.2248995983935743,0.3614457831325301,0.8803212851405623
177,0.8145771782045164,1.1654941400607084,1.6048367793304044,0.22266881028938906,0.362540192926045,0.8802250803858521
178,0.8126058022785463,1.1661101468109585,1.6088984162393893,0.21882542236524538,0.36444086886564764,0.8849557522123894
179,0.8104296394063326,1.166689270728366,1.6129820155035226,0.21658615136876005,0.3663446054750403,0.8856682769726248
180,0.8082664874181935,1.167241596224004,1.6171196092545057,0.20870265914585012,0.3682514101531023,0.8920225624496374
181,0.8059759753101061,1.1678046138402396,1.6212166957255993,0.2064516129032258,0.37016129032258066,0.8951612903225806
182,0.8037223071319558,1.1683899127068909,1.625230523180025,0.20984665052461662,0.37126715092816787,0.8991121872477804
183,0.8015558852355039,1.169006564656335,1.6294114393911392,0.20597738287560582,0.37237479806138934,0.9022617124394184
184,0.7995310524766863,1.1696272268104995,1.6335039557401387,0.20695230396119643,0.3734842360549717,0.9013742926434923
185,0.797608397754013,1.1702698495070936,1.6376024769641773,0.20469255663430422,0.37459546925566345,0.9021035598705501
186,0.7958417386775685,1.1709398954480925,1.6417222536655576,0.2048582995951417,0.3757085020242915,0.9052631578947369
187,0.7940435608137463,1.1716296032671862,1.645830856482115,0.19773095623987033,0.37682333873581847,0.9100486223662885
188,0.7921148242814356,1.1723278810511726,1.64996591504583,0.19870235198702352,0.37793998377939986,0.9124087591240876
189,0.7902469251241094,1.1730114992676255,1.654097107999312,0.1956168831168831,0.37905844155844154,0.9131493506493507
190,0.7882057008356378,1.1736824385648965,1.6581827660377604,0.1892770105605199,0.380178716490658,0.9179528838342811
191,0.7860784424273064,1.1743483368191319,1.6621731356881935,0.1967479674796748,0.38130081300813007,0.9178861788617886
192,0.7839346863109696,1.1750153187157664,1.6661533638538153,0.193653376729048,0.3824247355573637,0.9202603742880391
193,0.7818510405851848,1.1756833869021344,1.6701714875804166,0.19055374592833876,0.38355048859934854,0.9210097719869706
194,0.7798023736003785,1.176352544034202,1.6742057740875729,0.19722901385493072,0.38467807660961695,0.9193154034229829
195,0.7778359340424028,1.1770227927765988,1.6782659283068802,0.19494290375203915,0.38580750407830344,0.9225122349102773
196,0.7760010462735513,1.1776941358026567,1.6823361007625068,0.19591836734693877,0.38693877551020406,0.9216326530612244
197,0.7741071420607833,1.1783665757944437,1.6865153248685805,0.19444444444444445,0.3880718954248366,0.923202614379085
198,0.7721149682197075,1.1790401154427994,1.690659864128195,0.1937857726901063,0.3892068683565004,0.9239574816026165
199,0.7700516134546559,1.1797147574473716,1.6946559583402814,0.18739770867430441,0.3903436988543372,0.9279869067103109
200,0.7679371439272038,1.1803905045166525,1.6985631138261044,0.19082719082719082,0.3914823914823915,0.9271089271089271
201,0.7658261704713167,1.181067359368014,1.7027318219362606,0.18524590163934426,0.39262295081967213,0.9278688524590164
202,0.7636317947234502,1.1817453247277454,1.7068629806878053,0.1878589007383101,0.3937653814602133,0.92616899097621
203,0.7614573786971732,1.1824244033310887,1.7110339985669774,0.1863711001642036,0.3949096880131363,0.9285714285714286
204,0.7593474928837547,1.1831045979222767,1.7152918553023424,0.18405916187345933,0.39605587510271156,0.9334428923582581
205,0.7572757652122403,1.1837859112545683,1.7196229686342368,0.1825657894736842,0.3972039473684211,0.9342105263157895
206,0.7552144040434656,1.1844683460902878,1.7239928942503118,0.1794238683127572,0.3983539094650206,0.9390946502057613
207,0.753090971511626,1.1851519052008601,1.728393414864229,0.17792421746293247,0.39950576606260296,0.9373970345963756
208,0.7509944568294245,1.1858365913668498,1.7328895535562807,0.17477328936521022,0.40065952184666115,0.9373454245671888
209,0.7487437950414048,1.1865224073779976,1.7374092189219386,0.1773927392739274,0.4018151815181518,0.9381188118811881
210,0.746542393746504,1.1872093560332597,1.7418291676847153,0.17671345995045418,0.402972749793559,0.9405450041288191
211,0.7442371276807713,1.1878974401408446,1.7462138511877907,0.17355371900826447,0.4041322314049587,0.9446280991735537
212,0.7420824310134232,1.1885866625182522,1.7505181940425683,0.16790736145574855,0.4052936311000827,0.9470636889991728
213,0.7399980704222219,1.1892770259923104,1.7548099098581913,0.16473509933774835,0.4064569536423841,0.9511589403973509
214,0.7379910299402413,1.1899685333992176,1.7591303671442584,0.16901408450704225,0.4076222038111019,0.9502899751449876
215,0.7359723413911866,1.1906611875845772,1.7634708342028547,0.16583747927031509,0.4087893864013267,0.9519071310116086
216,0.7341366373479855,1.1913549914034396,1.7677999744768929,0.16514522821576763,0.4099585062240664,0.9543568464730291
217,0.7323582808754098,1.19204994772034,1.7721854986027432,0.16279069767441862,0.4111295681063123,0.9551495016611296
218,0.7304958189156134,1.1927460594093382,1.7764913957231598,0.1596009975062344,0.41230257689110555,0.9559434746467166
219,0.7286674001688651,1.1934433293540583,1.7808970284215693,0.16722129783693843,0.413477537437604,0.9517470881863561
220,0.7267780565726834,1.1941417604477294,1.78522608044171,0.16069941715237301,0.414654454621149,0.9525395503746877
221,0.724899161840964,1.1948413555932227,1.7896663628617042,0.15916666666666668,0.41583333333333333,0.955
222,0.722898610728144,1.1955421177030956,1.794072667947975,0.15846538782318598,0.4170141784820684,0.9532944120100083
223,0.7209193925315822,1.1962440496996296,1.7984799456402432,0.14941569282136896,0.41819699499165275,0.9590984974958264
224,0.7189441819118116,1.196947154514871,1.8028170236831529,0.14536340852130325,0.4193817878028404,0.9649122807017544
225,0.7170064698417244,1.1976514350906733,1.8073269821848075,0.14046822742474915,0.4205685618729097,0.9682274247491639
226,0.7150341633330451,1.1983568943787364,1.8118269584473208,0.1389121338912134,0.4217573221757322,0.9690376569037656
227,0.7131111068148005,1.1990635353406485,1.8163016332545434,0.1423785594639866,0.42294807370184256,0.966499162479062
228,0.7111700900519462,1.1997713609479286,1.8209356319825232,0.1374685666387259,0.42414082145850796,0.9689857502095558
229,0.7093657950031786,1.2004803741820664,1.825807106204678,0.13674496644295303,0.42533557046979864,0.9706375838926175
230,0.7075591291010729,1.2011905780345657,1.8306896463059386,0.13937867338371115,0.4265323257766583,0.966414777497901
231,0.705946647213832,1.201901975506985,1.835581099475909,0.13361344537815126,0.42773109243697477,0.9697478991596639
232,0.7043829904794713,1.2026145696109813,1.840365461898648,0.1295206055508831,0.4289318755256518,0.9714045416316233
233,0.7027615349055626,1.2033283633683511,1.8450523854261307,0.12962962962962962,0.43013468013468015,0.9713804713804713
234,0.7012006391033547,1.204043359811075,1.8497512194928338,0.12552653748946924,0.43133951137320975,0.9738837405223252
235,0.6995666279446381,1.2047595619813576,1.8543944644849635,0.11888701517706576,0.4325463743676223,0.9780775716694773
236,0.6978385169717761,1.205476972931675,1.8588469091630184,0.1189873417721519,0.4337552742616034,0.9789029535864979
237,0.6960994779711759,1.2061955957248136,1.863412458892166,0.11317567567567567,0.43496621621621623,0.9797297297297297
238,0.6943186131506481,1.2069154334339172,1.86805569463815,0.11242603550295859,0.4361792054099746,0.9847844463229078
239,0.6925172891531844,1.2076364891425282,1.8726648735801725,0.10913705583756345,0.4373942470389171,0.9839255499153976
240,0.6907121752903981,1.2083587659446342,1.8772490174501335,0.10922946655376799,0.4386113463166808,0.983065198983912
241,0.689016699230653,1.2090822669447094,1.8820086471827102,0.10677966101694915,0.4398305084745763,0.9830508474576272
242,0.6874000586358371,1.2098069952577626,1.8869964172581843,0.10687022900763359,0.4410517387616624,0.9847328244274809
243,0.6858266669857999,1.2105329540093772,1.8921425980882247,0.10186757215619695,0.44227504244482174,0.9855687606112055
244,0.6843816909826679,1.2112601463357613,1.8972287752547232,0.09855564995751911,0.443500424808836,0.9864061172472387
245,0.6828540347626829,1.2119885753837885,1.9019901679191267,0.09948979591836735,0.4447278911564626,0.9846938775510204
246,0.6812959148624792,1.2127182443110467,1.906708105512747,0.09872340425531916,0.4459574468085106,0.9863829787234043
247,0.6798878107054922,1.213449156285881,1.9116051655245525,0.09880749574105621,0.44718909710391824,0.9829642248722317
248,0.6785094872077071,1.2141813144874416,1.9165735984795453,0.09803921568627451,0.4484228473998295,0.9829497016197783
249,0.6770505932284145,1.2149147221057282,1.921504399337601,0.1015358361774744,0.4496587030716723,0.976962457337884
250,0.6756301159623493,1.2156493823416379,1.9266357378598893,0.09735269000853972,0.45089666951323654,0.9786507258753202
251,0.674095800390412,1.2163852984070105,1.9316540514548277,0.09658119658119659,0.45213675213675214,0.9777777777777777
252,0.6726084278488434,1.2171224735246766,1.9366168933397365,0.09666381522668947,0.4533789563729683,0.9751924721984602
253,0.6711682527253179,1.2178609109285028,1.941740546962271,0.10017123287671233,0.4546232876712329,0.9726027397260274
254,0.6697388218885315,1.2186006138634413,1.946871828952313,0.10025706940874037,0.45586975149957154,0.9700085689802913
255,0.6682547395743037,1.219341585585575,1.9517502444837382,0.10291595197255575,0.4571183533447684,0.9656946826758147
256,0.6667461834886823,1.2200838293621674,1.9567140757619301,0.10386266094420601,0.45836909871244635,0.9648068669527897
257,0.6653908700055688,1.220827348471709,1.961791843771302,0.10051546391752578,0.45962199312714774,0.9664948453608248
258,0.6640595918893464,1.2215721462039673,1.966991211541805,0.09716251074806535,0.46087704213241615,0.9690455717970765
259,0.6628552760824311,1.222318225860033,1.9721301272071445,0.09552495697074011,0.4621342512908778,0.9690189328743546
260,0.6615628289442007,1.2230655907523713,1.9772038480720306,0.09388458225667529,0.46339362618432384,0.9698535745047373
261,0.6602841578181068,1.2238142442048683,1.9822694824568716,0.09568965517241379,0.4646551724137931,0.968103448275862
262,0.6590206669081836,1.2245641895528836,1.9875195743696232,0.09577221742881795,0.4659188955996549,0.9680759275237274
263,0.6578238264876259,1.2253154301432956,1.9929633023370728,0.09671848013816926,0.46718480138169255,0.9671848013816926
264,0.6566779565275733,1.2260679693345558,1.9981979653691289,0.09075194468452895,0.46845289541918755,0.9706136560069144
265,0.655596277634788,1.2268218104967348,2.0034384391240465,0.08910034602076125,0.46972318339100344,0.9714532871972318
266,0.6545138115416377,1.2275769570115758,2.0086609378877696,0.08484848484848485,0.470995670995671,0.9757575757575757
267,0.6533889874634378,1.2283334122725427,2.0138843616134774,0.0831889081455806,0.47227036395147315,0.975736568457539
268,0.6522196295050391,1.2290911796848734,2.0189517438297098,0.0823937554206418,0.4735472679965308,0.9748482220294883
269,0.6509936410432133,1.2298502626656278,2.0240829911918983,0.08159722222222222,0.4748263888888889,0.9739583333333334
270,0.6496418564839854,1.230610664643743,2.029263985369441,0.08166811468288444,0.476107732406603,0.9730668983492615
271,0.6483497120682444,1.2313723890600803,2.034696827172883,0.0808695652173913,0.47739130434782606,0.9730434782608696
272,0.6471817495470485,1.2321354393674822,2.0402571806754763,0.0783289817232376,0.47867711053089645,0.9730200174064404
273,0.6460425410862628,1.23289981903082,2.045711839439216,0.07926829268292683,0.4799651567944251,0.9729965156794426
274,0.6448820271399256,1.2336655315270497,2.051313792278836,0.07846556233653008,0.4812554489973845,0.972101133391456
275,0.6437053341421866,1.234432580345262,2.0569823955599036,0.07678883071553229,0.4825479930191972,0.9729493891797557
276,0.6425532124714954,1.235200968986738,2.0625190459445237,0.07685589519650655,0.48384279475982533,0.97117903930131
277,0.64143346228659,1.2359707009649994,2.0683052162385795,0.07255244755244755,0.48513986013986016,0.9746503496503497
278,0.6402985652029453,1.236741779805865,2.0740717107878788,0.0752405949256343,0.4864391951006124,0.9728783902012248
279,0.6389730467561093,1.2375142090475029,2.0796416781719667,0.07092819614711034,0.48774080560420313,0.9754816112084063
280,0.6376392445955628,1.2382879922404846,2.085124919465019,0.07449605609114812,0.4890446976336547,0.9728308501314636
281,0.636202310177293,1.2390631329478399,2.0906179647526635,0.07105263157894737,0.4903508771929825,0.9754385964912281
282,0.6348234738834548,1.2398396347451115,2.0959098360670443,0.06935908691834942,0.4916593503072871,0.9771729587357331
283,0.6335563981961164,1.24061750122041,2.1011928203614887,0.07205623901581722,0.4929701230228471,0.9745166959578208
284,0.6322626110573292,1.2413967359744689,2.1068339525739592,0.06860158311345646,0.49428320140721194,0.9771328056288479
285,0.6309196444093307,1.2421773426207001,2.1124211226076333,0.07042253521126761,0.49559859154929575,0.9744718309859155
286,0.6295732837854187,1.2429593247852513,2.1178213619878634,0.06343612334801763,0.49691629955947136,0.9797356828193833
287,0.6282375939534449,1.2437426861070586,2.1231627242571847,0.059964726631393295,0.4982363315696649,0.982363315696649
288,0.6269024356745351,1.2445274302379075,2.1285127947123836,0.06266548984995587,0.499558693733451,0.9805825242718447
289,0.6256086519184411,1.2453135608424855,2.1337468856209147,0.0627208480565371,0.5008833922261484,0.9832155477031802
290,0.6244241364546329,1.2461010815984421,2.1390589349298272,0.0645446507515473,0.502210433244916,0.9840848806366048
291,0.6231619285421863,1.2468899961964446,2.144440631497639,0.061061946902654866,0.5035398230088496,0.984070796460177
292,0.621923579610009,1.2476803083402366,2.149857026310793,0.06200177147918512,0.5048715677590788,0.9867139061116031
293,0.6206451917084026,1.2484720217466945,2.1554027667782725,0.06028368794326241,0.5062056737588653,0.9867021276595744
294,0.6193864268700577,1.249265140145888,2.1610088825233804,0.05944986690328305,0.5075421472937001,0.9893522626441881
295,0.6180712057713483,1.2500596672811373,2.1665288837160754,0.056838365896980464,0.5088809946714032,0.9920071047957372
296,0.6168172447196764,1.250855606909071,2.1721359226032813,0.056,0.5102222222222222,0.9928888888888889
297,0.6154933205113459,1.2516529627996882,2.1780758761090717,0.05249110320284697,0.5115658362989324,0.99644128113879
298,0.6142192187309373,1.252451738736415,2.1841581416086933,0.053428317008014245,0.5129118432769367,0.9964381121994658
299,0.6130172407247465,1.2532519385161665,2.190257855018368,0.053475935828877004,0.5142602495543672,0.9991087344028521
300,0.6118343204916761,1.254053565949405,2.196222931879282,0.05352363960749331,0.5156110615521855,1.0
301,0.6106628622771014,1.254856624860203,2.2020237141190733,0.055357142857142855,0.5169642857142858,1.0
302,0.6095649029912485,1.255661119086302,2.20772517729125,0.05540661304736372,0.5183199285075961,1.0
303,0.6084810407467894,1.256467052479174,2.2132481411021216,0.05635062611806798,0.5196779964221825,1.0
304,0.6073462919228738,1.2572744289040831,2.218527527921191,0.05371530886302596,0.5210384959713519,1.0
305,0.606240165217108,1.2580832522401482,2.223893698446682,0.05197132616487455,0.5224014336917563,1.0
306,0.6050278351078082,1.2588935263804035,2.2291616701623034,0.05291479820627803,0.5237668161434977,1.0
307,0.6039348730567656,1.2597052552318624,2.233818363808598,0.05385996409335727,0.5251346499102334,1.0
308,0.6029389674413282,1.2605184427155787,2.238585891166162,0.053009883198562445,0.5265049415992812,0.9991015274034142
309,0.6019610462169238,1.2613330927667117,2.243617067761044,0.051258992805755396,0.5278776978417267,0.9991007194244604
310,0.6009129502787339,1.2621492093345887,2.248461746383112,0.052205220522052204,0.5292529252925292,0.9963996399639964
311,0.5998596626706963,1.262966796382768,2.2534371066314742,0.051351351351351354,0.5306306306306307,0.9972972972972973
312,0.5988198523056955,1.2637858578891048,2.2583516212109287,0.04869251577998197,0.5320108205590622,0.9972948602344455
313,0.5977050013757117,1.2646063978458137,2.263215643622984,0.04963898916967509,0.5333935018050542,0.9972924187725631
314,0.5966114669852715,1.2654284202595358,2.26802279240277,0.051490514905149054,0.5347786811201445,0.997289972899729
315,0.5955665304086989,1.266251929151402,2.272842981043223,0.048824593128390596,0.5361663652802894,0.9972875226039783
316,0.5944823666763696,1.2670769285570997,2.2779047528731557,0.05339366515837104,0.5375565610859728,0.9972850678733032
317,0.5934992581500549,1.2679034225269379,2.282872257145225,0.050724637681159424,0.5389492753623188,0.9972826086956522
318,0.5924864435438789,1.2687314151259148,2.2878546333962455,0.04895738893925657,0.5403445149592022,0.9981867633726201
319,0.5914938218115089,1.2695609104337826,2.292851924613525,0.04446460980036298,0.5417422867513612,1.0
320,0.5905027043984531,1.2703919125451164,2.2980439858684867,0.048138056312443236,0.5431425976385105,1.0
321,0.5895486367763533,1.2712244255693799,2.3032763961308613,0.045454545454545456,0.5445454545454546,0.9990909090909091
322,0.5886138179218589,1.2720584536309938,2.3082968161115827,0.05004549590536852,0.545950864422202,0.9981801637852593
323,0.5877002276848796,1.272894000869405,2.3134022376782477,0.04918032786885246,0.5473588342440802,0.9981785063752276
324,0.5867988626033142,1.2737310714391532,2.3190667821424733,0.04740200546946217,0.5487693710118505,0.9981768459434822
325,0.5858973824407476,1.274569669509941,2.324384659430586,0.04562043795620438,0.5501824817518248,0.9990875912408759
326,0.5850719725461735,1.2754097992667033,2.329674394940627,0.039269406392694065,0.5515981735159817,1.0
327,0.5842526081458063,1.276251464909675,2.33535397645042,0.04204753199268738,0.553016453382084,0.9990859232175503
328,0.5833855071647605,1.277094670654464,2.3408315900688432,0.042086001829826164,0.5544373284537969,0.9990850869167429
329,0.5824888745946214,1.2779394207321186,2.3464358449390668,0.040293040293040296,0.5558608058608059,1.0
330,0.581698199728807,1.2787857193892007,2.3520650794202163,0.03941338221814849,0.5572868927589367,1.0
331,0.5810485937121199,1.2796335708878557,2.3577058318355806,0.04036697247706422,0.5587155963302752,1.0
332,0.5806068971955796,1.2804829795058834,2.3633872563654066,0.04132231404958678,0.5601469237832875,1.0
333,0.5801391407010996,1.2813339495368121,2.369314102973369,0.03768382352941176,0.5615808823529411,1.0
334,0.5796690734994837,1.2821864852899687,2.3754656483137286,0.03955841766329347,0.563017479300828,1.0
335,0.5791733844251848,1.2830405910905531,2.381621273325942,0.03959484346224678,0.5644567219152854,1.0
336,0.5787312123721513,1.28389627127971,2.3878157597870375,0.03778801843317972,0.5658986175115207,1.0
337,0.5782507670154253,1.284753530214603,2.39390913620641,0.04151291512915129,0.5673431734317343,0.9990774907749077
338,0.5776949869175102,1.2856123722684896,2.4000299396035087,0.04524469067405355,0.5687903970452447,0.9990766389658357
339,0.577165022090193,1.2864728018307936,2.406107606482561,0.04805914972273567,0.5702402957486137,1.0
340,0.576660632167507,1.2873348233071815,2.4124150678782437,0.05365402405180388,0.5716928769657724,1.0
341,0.576215080134387,1.2881984411196368,2.419081942342548,0.05740740740740741,0.5731481481481482,1.0
342,0.5757559317779071,1.289063659706536,2.425564770841069,0.060240963855421686,0.5746061167747915,1.0
343,0.5753059760153473,1.289930483522724,2.43205448195513,0.061224489795918366,0.5760667903525046,1.0
344,0.574855296982349,1.2907989170395926,2.438862568615958,0.06313834726090993,0.5775301764159703,1.0
345,0.5744438766461155,1.291668964745154,2.4456802001131983,0.06319702602230483,0.578996282527881,1.0
346,0.5741280505732642,1.2925406311441212,2.452148513283936,0.06790697674418604,0.5804651162790697,1.0
347,0.5737658395489752,1.2934139207579838,2.4584123026637856,0.06797020484171322,0.5819366852886406,1.0
348,0.5733365685752394,1.2942888381250879,2.4645099413086102,0.06616961789375582,0.5834109972041006,1.0
349,0.5730121271028574,1.2951653878007123,2.4708186900108178,0.0708955223880597,0.5848880597014925,1.0
350,0.5726658530538677,1.2960435743571506,2.4770183626472546,0.07096171802054155,0.5863678804855276,1.0
351,0.5723515137526384,1.2969234023837874,2.4835271467961295,0.07289719626168224,0.5878504672897197,1.0
352,0.5721058963550861,1.297804876487182,2.490398240726341,0.07670720299345182,0.5893358278765201,1.0
353,0.5718435158540935,1.298688001291144,2.497206151971458,0.0749063670411985,0.5908239700374532,1.0
354,0.5716346255682088,1.2995727814368194,2.5040609348959655,0.07685098406747891,0.5923149015932521,1.0
355,0.5713992175595661,1.300459221582768,2.510858568084325,0.07879924953095685,0.5938086303939962,1.0
356,0.5711303717680392,1.3013473264050472,2.5175512690829316,0.07887323943661972,0.5953051643192488,1.0
357,0.5708908200176653,1.3022371005972928,2.524214287536946,0.07236842105263158,0.5968045112781954,1.0
358,0.5706541458896878,1.3031285488708038,2.5313481741052573,0.06867356538099718,0.5983066792097836,1.0
359,0.570348713314255,1.3040216759546222,2.5382786193549567,0.07062146892655367,0.5998116760828626,1.0
360,0.570085532583691,1.3049164865956207,2.5453676651834645,0.06597549481621112,0.6013195098963242,1.0
361,0.5697671164831538,1.3058129855585827,2.5526655397502704,0.06981132075471698,0.6028301886792453,1.0
362,0.5694046974354966,1.3067111776262912,2.5598661793986737,0.06987724268177525,0.6043437204910292,1.0
363,0.5690333317086145,1.3076110675996093,2.5667757567548426,0.07372400756143667,0.6058601134215501,1.0
364,0.5686976449146762,1.3085126602975699,2.573645615928213,0.07379375591296121,0.6073793755912961,1.0
365,0.5683253194319418,1.309415960557458,2.580745565078132,0.07386363636363637,0.6089015151515151,1.0
366,0.5679817633594205,1.3103209732349006,2.5878032071291517,0.07582938388625593,0.6104265402843602,1.0
367,0.5676375416682344,1.3112277032039514,2.5942356768613117,0.07685009487666034,0.611954459203036,1.0
368,0.567393749705836,1.3121361553571786,2.6006490127428576,0.07597340930674264,0.6134852801519468,1.0
369,0.5670293569590087,1.3130463346057544,2.6078755419202873,0.07224334600760456,0.6150190114068441,1.0
370,0.5666642478466152,1.3139582458795416,2.61526744422819,0.07326355851569934,0.6165556612749762,1.0
371,0.5662391459438275,1.3148718941271835,2.623079875284324,0.0761904761904762,0.6180952380952381,1.0
372,0.5657950869802897,1.3157872843161937,2.6310003818528176,0.07435653002859867,0.6196377502383222,1.0
373,0.5652893281895506,1.3167044214330454,2.6386425082256317,0.07633587786259542,0.6211832061068703,1.0
374,0.5646934472262417,1.3176233104832629,2.6464947915927124,0.07354345749761222,0.6227316141356256,1.0
375,0.5640652090889346,1.3185439564915111,2.6544325230790826,0.07743785850860421,0.624282982791587,1.0
376,0.563396374639553,1.3194663645016893,2.662479411753146,0.07368421052631578,0.6258373205741626,1.0
377,0.5626684339528732,1.3203905395770208,2.670492311014592,0.07567049808429119,0.6273946360153256,1.0
378,0.5620294385293775,1.321316486800148,2.678423270154092,0.0738255033557047,0.6289549376797698,1.0
379,0.5614599378356677,1.3222442112732233,2.686463990103511,0.07389635316698656,0.6305182341650671,1.0
380,0.5608458805798688,1.323173718118005,2.694244348208623,0.07300672430355427,0.6320845341018252,1.0
381,0.5602272966914765,1.3241050124759497,2.7018486439171037,0.07403846153846154,0.6336538461538461,1.0
382,0.559541503038198,1.3250380995083084,2.709496657807009,0.0741097208854668,0.6352261790182868,1.0
383,0.5589031792840151,1.3259729843962205,2.7170593679629422,0.07514450867052024,0.6368015414258189,1.0
384,0.5582267811780058,1.3269096723408114,2.724684577683743,0.07521697203471553,0.6383799421407907,1.0
385,0.5576740722863686,1.3278481685632875,2.7323894546326466,0.08011583011583012,0.63996138996139,1.0
386,0.5571107143622472,1.3287884783050343,2.739942212333981,0.0821256038647343,0.6415458937198067,1.0
387,0.5566368462326148,1.3297306068277126,2.7475655590265893,0.0851063829787234,0.6431334622823984,1.0
388,0.5562157880910953,1.3306745594133587,2.7552674704948523,0.08712487899322362,0.6447241045498547,1.0
389,0.5557999228378864,1.3316203413644805,2.7632146329150022,0.08527131782945736,0.6463178294573644,1.0
390,0.555330087653756,1.3325679580041596,2.7710955828969674,0.08826382153249272,0.6479146459747818,1.0
391,0.5548816416624411,1.3335174146761484,2.779025055585409,0.0854368932038835,0.6495145631067961,1.0
392,0.5544929715574102,1.3344687167449734,2.787366864257814,0.08649173955296405,0.6511175898931001,1.0
393,0.554030611408503,1.335421869596033,2.7953215414547987,0.0914396887159533,0.6527237354085603,1.0
394,0.5535963858366173,1.3363768786357026,2.8030927058208164,0.09639727361246349,0.6543330087633885,1.0
395,0.553100245357535,1.3373337492914334,2.8105739073846374,0.09454191033138401,0.6559454191033138,1.0
396,0.5525759835795512,1.338292487011859,2.8184833095683777,0.09658536585365854,0.6575609756097561,1.0
397,0.5520892145450782,1.3392530972668943,2.826356001581619,0.09765625,0.6591796875,1.0
398,0.5514666970844454,1.3402155855478441,2.834183285053997,0.09481915933528837,0.6608015640273704,0.9990224828934506
399,0.5508398966857142,1.3411799573675038,2.842309319679912,0.09882583170254403,0.662426614481409,0.9980430528375733
400,0.5503232116395611,1.342146218260268,2.850096178996876,0.0979431929480901,0.6640548481880509,1.0
401,0.5498054855745769,1.343114373782233,2.8582018679068826,0.09509803921568627,0.6656862745098039,1.0
402,0.5492369279843294,1.3440844295113077,2.866233060573479,0.09911678115799803,0.6673209028459274,1.0
403,0.5486555072939641,1.3450563910473152,2.874303099152041,0.0962671905697446,0.668958742632613,1.0
404,0.5479969631398033,1.3460302640121058,2.8825603441753342,0.10029498525073746,0.6705998033431662,1.0
405,0.5473560944806842,1.3470060540496613,2.8904593649601664,0.10334645669291338,0.672244094488189,1.0
406,0.5467374667335615,1.3479837668262074,2.8982990669475477,0.10443349753694581,0.6738916256157635,1.0
407,0.5461009783156822,1.3489634080303203,2.906053899775968,0.10453648915187377,0.6755424063116371,0.9990138067061144
408,0.5454858242608993,1.3499449833730401,2.913968420037551,0.10365251727541955,0.6771964461994077,0.9990128331688055
409,0.544998332025887,1.3509284985879781,2.922021696035798,0.10573122529644269,0.6788537549407114,0.9990118577075099
410,0.5444013108658449,1.3519139594314329,2.930293414217251,0.10484668644906034,0.6805143422354105,1.0
411,0.5437823005150446,1.3529013716824978,2.938668424741546,0.10297029702970296,0.6821782178217822,1.0
412,0.5432260264597183,1.353890741143179,2.947271600769176,0.10505450941526263,0.6838453914767096,1.0
413,0.5426678098503525,1.3548820736385039,2.9561534617890666,0.10317460317460317,0.685515873015873,1.0
414,0.5421319971534622,1.3558753750166401,2.9646904613971277,0.10526315789473684,0.6871896722939425,1.0
415,0.5414925881088125,1.3568706511490067,2.9732024343143917,0.10536779324055666,0.6888667992047713,1.0
416,0.5407434877404068,1.3578679079303937,2.982410313470909,0.1044776119402985,0.690547263681592,1.0
417,0.5400142768760041,1.3588671512790735,2.9911706014307518,0.10258964143426295,0.6922310756972112,1.0
418,0.5391395250734184,1.359868387136924,2.9999049287574056,0.1036889332003988,0.6939182452642074,1.0
419,0.5383119845108468,1.3608716214695398,3.008589732240906,0.10678642714570859,0.6956087824351297,1.0
420,0.5375220879627431,1.3618768602663573,3.0171318663026074,0.10589410589410589,0.6973026973026973,1.0
421,0.5367415522971735,1.362884109540768,3.025807935080621,0.108,0.699,1.0
422,0.5358607006721877,1.363893375330243,3.034133471771092,0.1041041041041041,0.7007007007007007,1.0
423,0.5349360877618314,1.3649046636964497,3.042002568563565,0.1092184368737475,0.7024048096192385,1.0
424,0.5341094967981537,1.3659179807253778,3.0499098435352057,0.10832497492477432,0.7041123370110332,1.0
425,0.5332630041314738,1.3669333325274557,3.0581313556245022,0.10642570281124498,0.7058232931726908,1.0
426,0.5323834240240332,1.367950725237679,3.0659534045873227,0.10653266331658291,0.7075376884422111,1.0
427,0.5315081767779555,1.3689701650157293,3.07370659522831,0.10462776659959759,0.7092555331991952,1.0
428,0.5307626775868254,1.3699916580461025,3.0811349454762147,0.1027190332326284,0.7109768378650554,1.0
429,0.5298811328193758,1.3710152105382298,3.08886467482745,0.10181451612903226,0.7127016129032258,1.0
430,0.5289509348519171,1.3720408287266082,3.0969107586362044,0.10191725529767912,0.7144298688193743,1.0
431,0.5280297370772259,1.3730685188709222,3.1051826773294886,0.10303030303030303,0.7161616161616161,1.0
432,0.5270661559805643,1.3740982872561756,3.113700468862276,0.10313447927199192,0.717896865520728,1.0
433,0.5261481854557474,1.3751301401928158,3.1223486032830654,0.10121457489878542,0.7196356275303644,1.0
434,0.5253840330130592,1.3761640840168659,3.130873561112573,0.0972644376899696,0.7213779128672746,1.0
435,0.5245813909299226,1.3772001250900516,3.139489198739813,0.10141987829614604,0.7231237322515213,1.0
436,0.523768315757628,1.3782382697999347,3.1479916587165575,0.09949238578680203,0.7248730964467005,1.0
437,0.5229329438210676,1.3792785245600405,3.156853313792831,0.09959349593495935,0.7266260162601627,1.0
438,0.5220545804488885,1.3803208958099944,3.166204830460303,0.10376398779247202,0.728382502543235,1.0
439,0.5210727590565428,1.3813653900156506,3.17568846342742,0.10081466395112017,0.730142566191446,1.0
440,0.5201037118855292,1.3824120136692288,3.185115681026732,0.10703363914373089,0.7319062181447502,1.0
441,0.5191607417995668,1.3834607732894468,3.194693681397729,0.10816326530612246,0.7336734693877551,1.0
442,0.5181299549297111,1.3845116754216573,3.2041349928022878,0.10520939734422881,0.7354443309499489,1.0
443,0.5171762510902292,1.3855647266379827,3.2140113002707906,0.10531697341513292,0.7372188139059305,1.0
444,0.5162153578038658,1.386619933537453,3.2240884124955156,0.10644831115660185,0.7389969293756398,1.0
445,0.5152205130670972,1.3876773027461433,3.234139199246737,0.1096311475409836,0.7407786885245902,1.0
446,0.5142817585112454,1.3887368409173135,3.244270599506865,0.11282051282051282,0.7425641025641025,1.0
447,0.5133752782803332,1.3897985547315452,3.2541676458576014,0.11396303901437371,0.74435318275154,1.0
448,0.5124964641672536,1.3908624508968856,3.2639074067275375,0.1171634121274409,0.7461459403905447,1.0
449,0.5115204231586061,1.3919285361489855,3.2732676582091442,0.11728395061728394,0.7479423868312757,1.0
450,0.5104378200169947,1.3929968172512448,3.2825912146807084,0.11431513903192585,0.7497425334706488,1.0
451,0.5093384734239623,1.3940673009949516,3.2921791403683405,0.11649484536082474,0.7515463917525773,1.0
452,0.5083158432883205,1.39513999419943,3.301927375592203,0.11764705882352941,0.7533539731682146,1.0
453,0.5074016141015851,1.3962149037121818,3.311678329771951,0.11673553719008264,0.7551652892561983,1.0
454,0.5065430228012796,1.3972920364090347,3.321011293912963,0.11168562564632885,0.7569803516028956,1.0
455,0.5057199763384672,1.3983713991942868,3.330731881190697,0.11387163561076605,0.7587991718426501,1.0
456,0.5049167802222521,1.3994529990008553,3.340622265974145,0.11709844559585492,0.7606217616580311,1.0
457,0.5040495949685241,1.4005368427904252,3.350616277617086,0.11514522821576763,0.7624481327800829,1.0
458,0.5032286933719283,1.4016229375535976,3.360751112050309,0.11630321910695743,0.7642782969885774,1.0
459,0.5022886044514779,1.4027112903100405,3.3707653448928827,0.1101871101871102,0.7661122661122661,1.0
460,0.5013166286714561,1.4038019081086406,3.380721598055307,0.10613943808532779,0.7679500520291364,1.0
461,0.5003131807136686,1.4048947980276543,3.3905184738577057,0.10520833333333333,0.7697916666666667,1.0
462,0.49911338671547106,1.405989967174862,3.4005781268073974,0.10010427528675704,0.7716371220020855,1.0
463,0.49797016661506327,1.4070874226877212,3.4103080563752055,0.09812108559498957,0.7734864300626305,1.0
464,0.49672331045444484,1.4081871717335228,3.420170212336214,0.0961337513061651,0.7753396029258098,1.0
465,0.49555912576279765,1.409289221509546,3.4301343642776536,0.09518828451882845,0.7771966527196653,1.0
466,0.4943639689066219,1.4103935792432152,3.4406295154144058,0.09738219895287958,0.7790575916230367,1.0
467,0.4931068931919233,1.411500252192259,3.45100316996302,0.09433962264150944,0.7809224318658281,1.0
468,0.4918564095056259,1.4126092476448684,3.461547621083149,0.0912906610703043,0.782791185729276,1.0
469,0.49047738851666545,1.4137205729198572,3.4719438916016774,0.08928571428571429,0.7846638655462185,1.0
470,0.4890664054824657,1.4148342353668228,3.482674440055932,0.08727655099894847,0.786540483701367,1.0
471,0.487911992221232,1.4159502423663084,3.4939307900181635,0.08210526315789474,0.7884210526315789,1.0
472,0.48669162167002383,1.4170686013299658,3.504997356004972,0.0821917808219178,0.7903055848261328,1.0
473,0.4855719024698186,1.4181893197007196,3.5156387503901336,0.07911392405063292,0.7921940928270043,1.0
474,0.4844932313846069,1.419312404952932,3.5264293573517422,0.07708553326293559,0.7940865892291447,1.0
475,0.48343252202814235,1.42043786459257,3.537184292362876,0.07716701902748414,0.7959830866807611,1.0
476,0.4823609509178184,1.421565706157371,3.5484222576811764,0.07830687830687831,0.7978835978835979,1.0
477,0.4813299718554373,1.4226959372170127,3.5600232509701493,0.08050847457627118,0.7997881355932204,1.0
478,0.4801624040811635,1.4238285653732816,3.5718202784350925,0.07953340402969247,0.8016967126193001,1.0
479,0.4789992918032528,1.424963598260243,3.5833007283153386,0.07855626326963906,0.8036093418259024,1.0
480,0.47787310435747243,1.4261010435444137,3.59498779512613,0.077577045696068,0.8055260361317748,1.0
481,0.47664367533907,1.4272409089249343,3.6065495356706476,0.07872340425531915,0.8074468085106383,1.0
482,0.47543220670988917,1.4283832021337406,3.6177522245387177,0.0777422790202343,0.8093716719914803,1.0
483,0.4742459247274692,1.4295279309357432,3.6287835643407185,0.07356076759061833,0.8113006396588486,1.0
484,0.47305710526750466,1.4306751031289986,3.639646320535295,0.07257203842049093,0.8132337246531484,1.0
485,0.47187120617679434,1.4318247265448891,3.650238343355725,0.07051282051282051,0.8151709401709402,1.0
486,0.47070807351338356,1.4329768090483002,3.6610788744786738,0.07165775401069518,0.8171122994652407,1.0
487,0.4696622434464816,1.4341313585378,3.6716564901764697,0.07066381156316917,0.8190578158458244,1.0
488,0.46861384193016176,1.4352883829458196,3.6823563402247808,0.07288317256162916,0.8210075026795284,1.0
489,0.4676478215487161,1.436447890238835,3.6929183765855202,0.07081545064377683,0.822961373390558,1.0
490,0.4666729269596836,1.4376098884175497,3.7034476519041855,0.07089151450053706,0.8249194414607949,1.0
491,0.4657381745913817,1.4387743855170787,3.714039084502049,0.06774193548387097,0.8268817204301075,1.0
492,0.4646589946447617,1.4399413896071342,3.7242278874404393,0.06781485468245425,0.8288482238966631,1.0
493,0.46350856347229397,1.4411109087922114,3.735130330686696,0.06357758620689655,0.8308189655172413,1.0
494,0.4623560280734796,1.4422829512117763,3.7459785925944695,0.06472491909385113,0.8327939590075513,1.0
495,0.46125850916346384,1.4434575250404549,3.756557450374419,0.06371490280777538,0.8347732181425486,1.0
496,0.4601058304234336,1.4446346384882223,3.767211065884055,0.06594594594594595,0.8367567567567568,1.0
497,0.45888879898564866,1.4458142998005954,3.778046493355354,0.06601731601731602,0.8387445887445888,1.0
498,0.4578762136872935,1.4469965172588242,3.7894853254303165,0.06608884073672806,0.8407367280606717,1.0
499,0.4568884244579705,1.448181299180086,3.8008125975778477,0.0650759219088937,0.8427331887201736,1.0
500,0.45581256360066463,1.4493686539176804,3.8118724918149756,0.06406080347448426,0.8447339847991314,1.0
501,0.4547720270303447,1.4505585898612263,3.8226895669046446,0.06304347826086956,0.8467391304347827,1.0
502,0.4537670969173736,1.4517511154368583,3.8335008950258516,0.060935799782372145,0.8487486398258978,1.0
503,0.4527823816420053,1.4529462391074262,3.844074215627848,0.06318082788671024,0.8507625272331155,1.0
504,0.45186705058331467,1.4541439693726954,3.8550924955934445,0.064340239912759,0.8527808069792803,1.0
505,0.45095294473902875,1.4553443147695482,3.866203083714375,0.06222707423580786,0.8548034934497817,1.0
506,0.44994261483010534,1.4565472838721865,3.8771008900588204,0.05901639344262295,0.8568306010928962,1.0
507,0.44883854280204416,1.457752885292336,3.8881508922896684,0.060175054704595186,0.8588621444201313,1.0
508,0.44766815927782166,1.458961127679452,3.8991109281004745,0.060240963855421686,0.8608981380065718,1.0
509,0.4465235198363058,1.4601720197209256,3.909991473376489,0.06140350877192982,0.8629385964912281,1.0
510,0.44534137368035204,1.4613855701422929,3.920051873828139,0.06037321624588365,0.8649835345773875,1.0
511,0.4441357422424798,1.462601787707443,3.9306396342856544,0.05934065934065934,0.8670329670329671,1.0
512,0.44299980367031144,1.4638206812188315,3.941029090462408,0.0594059405940594,0.8690869086908691,1.0
513,0.44188736956681246,1.4650422595176897,3.9518071936253607,0.05947136563876652,0.8711453744493393,1.0
514,0.4407584256885279,1.4662665314842411,3.9623316896061582,0.05953693495038589,0.8732083792723263,1.0
515,0.4396763414631308,1.4674935060379153,3.972244341668155,0.059602649006622516,0.8752759381898455,1.0
516,0.43860669682891457,1.4687231921375643,3.9826959817602683,0.05856353591160221,0.8773480662983425,1.0
517,0.4373614939538597,1.4699555987816817,3.9939558953047354,0.05752212389380531,0.879424778761062,1.0
518,0.4360736485394528,1.471190735008621,4.005315450390192,0.05758582502768549,0.8815060908084164,1.0
519,0.43474364418529243,1.4724286098968173,4.016296098913321,0.05432372505543237,0.8835920177383592,1.0
520,0.4333763981430179,1.4736692325650098,4.027259925086445,0.05327413984461709,0.8856825749167592,1.0
521,0.4319219254436742,1.4749126121724647,4.038032088376242,0.051111111111111114,0.8877777777777778,1.0
522,0.43060656379265466,1.4761587579192021,4.04887219642856,0.047830923248053395,0.8898776418242491,1.0
523,0.4293707918964742,1.4774076790462218,4.0605862362811775,0.04788418708240535,0.8919821826280624,1.0
524,0.42807995779323904,1.4786593848357321,4.071916315308332,0.046822742474916385,0.8940914158305463,1.0
525,0.426786368011188,1.4799138846113797,4.0831118772364805,0.04241071428571429,0.8962053571428571,1.0
526,0.4254809968848099,1.4811711877384812,4.094681153370953,0.0446927374301676,0.8983240223463688,1.0
527,0.4242065612131019,1.4824313036242565,4.106175792045463,0.042505592841163314,0.9004474272930649,1.0
528,0.4229931359825342,1.4836942417180625,4.117072443711009,0.040313549832026875,0.9025755879059351,1.0
529,0.4216064487813228,1.4849600115116304,4.1283417378126295,0.03923766816143498,0.9047085201793722,1.0
530,0.42009009836990086,1.4862286225393029,4.139490320645647,0.04040404040404041,0.9068462401795735,1.0
531,0.41850771570319945,1.4875000843782733,4.150315720280748,0.03707865168539326,0.9089887640449438,1.0
532,0.4170495789207136,1.4887744066488278,4.161437253439236,0.03824521934758155,0.9111361079865017,1.0
533,0.41573311458516227,1.490051599014586,4.172633718504583,0.039414414414414414,0.9132882882882883,1.0
534,0.4143777124043902,1.491331671182747,4.183857515460648,0.03945885005636979,0.915445321307779,1.0
535,0.41297457940124843,1.4926146329043355,4.195054369722743,0.03837471783295711,0.917607223476298,1.0
536,0.4116026225684837,1.4939004939744474,4.206879015931365,0.0384180790960452,0.919774011299435,1.0
537,0.41021313133789555,1.4951892642325004,4.218906205667365,0.03619909502262444,0.9219457013574661,1.0
538,0.40889527370358564,1.4964809535624857,4.230890185889363,0.03397508493771234,0.9241223103057757,1.0
539,0.4074191024009028,1.497775571893219,4.242535729748314,0.032879818594104306,0.9263038548752834,1.0
540,0.405950352566517,1.4990731291985968,4.2540962585326065,0.032917139614074914,0.9284903518728718,1.0
541,0.4043916449318525,1.5003736354978503,4.265959288337663,0.028409090909090908,0.9306818181818182,1.0
542,0.40302916865196914,1.5016771008558052,4.277236837095557,0.02502844141069397,0.9328782707622298,1.0
543,0.4017434890640708,1.5029835353831404,4.288550257013799,0.023917995444191344,0.9350797266514806,1.0
544,0.4006026681465505,1.5042929492366497,4.300138946817624,0.02280501710376283,0.9372862029646523,1.0
545,0.399384790211809,1.505605352619505,4.311726229420861,0.019406392694063926,0.9394977168949772,1.0
546,0.39823747256147246,1.5069207557815207,4.323152397476149,0.017142857142857144,0.9417142857142857,1.0
547,0.3973535025205608,1.5082391690194226,4.3340026887377885,0.018306636155606407,0.9439359267734554,1.0
548,0.3963900490249855,1.5095606026771133,4.345287535347576,0.016036655211912942,0.9461626575028637,1.0
549,0.39541565391101025,1.5108850671459453,4.356826371065457,0.016055045871559634,0.948394495412844,1.0
550,0.3944305142630966,1.5122125728649927,4.368495999397752,0.016073478760045924,0.9506314580941446,1.0
551,0.39337063298073155,1.5135431303213258,4.381000814222454,0.014942528735632184,0.9528735632183908,1.0
552,0.3921993758499983,1.5148767500502853,4.3939466418921995,0.01611047180667434,0.9551208285385501,1.0
553,0.3910031056285088,1.5162134426357632,4.407004527874744,0.014976958525345621,0.9573732718894009,1.0
554,0.38986084472429483,1.5175532187104808,4.420341701227609,0.012687427912341407,0.9596309111880046,1.0
555,0.3888439699299332,1.5188736590054834,4.433250121123493,0.011547344110854504,0.9618937644341802,1.0
556,0.38784287616043855,1.5202037056469062,4.446440315162936,0.013872832369942197,0.9641618497109826,1.0
557,0.3868126805968784,1.5215282979424505,4.459633116509426,0.013888888888888888,0.9664351851851852,1.0
558,0.3858075427186172,1.5228647060695293,4.472666848765154,0.010428736964078795,0.9675550405561993,1.0
559,0.38484954213962674,1.52421207684983,4.485732083060398,0.0069605568445475635,0.968677494199536,1.0
560,0.38391053928246716,1.5255660170390148,4.498553912130656,0.008130081300813009,0.9698025551684089,1.0
561,0.38303308588265983,1.526958800487171,4.511129679206903,0.00813953488372093,0.9709302325581395,1.0
562,0.3821698373584729,1.5283875574872874,4.523350326478564,0.008149010477299184,0.9720605355064028,1.0
563,0.38135138291029297,1.5298503205330354,4.53560654029382,0.006993006993006993,0.9731934731934732,1.0
564,0.3804754987714859,1.5313235537392451,4.5479691038147445,0.008168028004667444,0.9743290548424738,1.0
565,0.3796220796600636,1.5327904295415267,4.560728743173026,0.005841121495327103,0.9754672897196262,1.0
566,0.3787844252527074,1.5342080393594826,4.572935736053628,0.005847953216374269,0.9754385964912281,1.0
567,0.37795084370368487,1.5356210719529908,4.584900076180678,0.00585480093676815,0.9754098360655737,1.0
568,0.37718255278715107,1.537071821338715,4.597253146585016,0.008206330597889801,0.9753810082063306,1.0
569,0.3764546295123111,1.538484470582353,4.6098569969492305,0.007042253521126761,0.9753521126760564,1.0
570,0.3757319205523823,1.5399384697931888,4.622189078872227,0.009400705052878966,0.9753231492361927,1.0
571,0.3751832729639643,1.5413927364804203,4.6331559789011,0.00823529411764706,0.9752941176470589,1.0
572,0.3748936977352203,1.5428337977910414,4.644056186678752,0.007067137809187279,0.9752650176678446,1.0
573,0.37444322904226607,1.544312868601485,4.656188513434737,0.007075471698113208,0.9752358490566038,1.0
574,0.3740129059443222,1.5458125479365108,4.668114084344129,0.0070838252656434475,0.9752066115702479,1.0
575,0.37358341677630974,1.5472724952125971,4.680601772769182,0.0070921985815602835,0.975177304964539,1.0
576,0.37308589660663566,1.5487291532238938,4.693651433529773,0.005917159763313609,0.9751479289940829,1.0
577,0.37248113929293153,1.5502403680454238,4.706699997414159,0.0071090047393364926,0.9751184834123223,1.0
578,0.37190107140982415,1.5517443891788856,4.719378383778247,0.0071174377224199285,0.9750889679715302,1.0
579,0.371305718137719,1.5533094904753593,4.732192457013659,0.00831353919239905,0.9750593824228029,1.0
580,0.3706962322289153,1.5548731602464745,4.745199978268345,0.005945303210463734,0.9750297265160524,1.0
581,0.3701053285866761,1.5564435316818774,4.7584164963713445,0.008333333333333333,0.975,1.0
582,0.36961461097361553,1.5580077889035622,4.771629452817125,0.004767580452920143,0.9749702026221693,1.0
583,0.369217147239535,1.5595980250471426,4.784114449028737,0.00477326968973747,0.9749403341288783,1.0
584,0.36877281004361095,1.5612157924467953,4.7957976183542845,0.0035842293906810036,0.974910394265233,1.0
585,0.3683310693206079,1.5627609925992059,4.807405323980251,0.005980861244019139,0.9748803827751196,1.0
586,0.367843390958147,1.5642827293983412,4.81935149424985,0.003592814371257485,0.9748502994011976,1.0
587,0.3673828071232896,1.5657532017265134,4.831960902152031,0.009592326139088728,0.9748201438848921,1.0
588,0.3669637500633509,1.5672666680941558,4.844949059269404,0.008403361344537815,0.9747899159663865,1.0
589,0.36655193701028266,1.5687631351755327,4.857604138137597,0.009615384615384616,0.9747596153846154,1.0
590,0.366239272483559,1.5702892852503867,4.870608962399645,0.010830324909747292,0.9747292418772563,1.0
591,0.3659750266990268,1.5718391935029674,4.883556422662764,0.010843373493975903,0.9746987951807229,1.0
592,0.36571935886073687,1.5733765225864624,4.896781881456788,0.012062726176115802,0.9746682750301568,1.0
593,0.3654849574505099,1.574965896081578,4.910935887877564,0.00966183574879227,0.9746376811594203,1.0
594,0.36518814577295605,1.5765457257128888,4.92506868266736,0.012091898428053204,0.9746070133010882,1.0
595,0.3649487115680019,1.5780838424665684,4.93851663572862,0.009685230024213076,0.9745762711864406,1.0
596,0.36465434754116843,1.5795943688253749,4.951409215598773,0.01090909090909091,0.9745454545454545,1.0
597,0.3643245057766277,1.5810760324954474,4.964865528471472,0.009708737864077669,0.9745145631067961,1.0
598,0.3638758131142428,1.5825601201758641,4.979194295804505,0.009720534629404616,0.9744835965978129,1.0
599,0.36345959866985394,1.584046988747665,4.994174159035591,0.009732360097323601,0.9744525547445255,1.0
600,0.36311129285266414,1.585570613830398,5.009180161151054,0.008526187576126675,0.97442143727162,1.0
601,0.36265360681386744,1.5870967721006013,5.024452628823476,0.00975609756097561,0.974390243902439,1.0
602,0.36226353978830317,1.5886545150971156,5.038479467557406,0.009768009768009768,0.9743589743589743,1.0
603,0.3618895236874672,1.5902273632657487,5.051497597686985,0.007334963325183374,0.9743276283618582,1.0
604,0.361345819300013,1.5917873723001137,5.064319728978214,0.006119951040391677,0.9742962056303549,1.0
605,0.3608460730018758,1.593356359271602,5.0763883269318235,0.007352941176470588,0.9742647058823529,1.0
606,0.36042501503120367,1.5948387888693747,5.0889671694023795,0.0049079754601227,0.9742331288343559,1.0
607,0.3599960032022338,1.5963317980207585,5.100548674327535,0.0036855036855036856,0.9742014742014742,1.0
608,0.35959623495783016,1.5978574357687845,5.110985780874622,0.0024600246002460025,0.974169741697417,1.0
609,0.3590222417961133,1.5994030176165595,5.122071625537102,0.0012315270935960591,0.9741379310344828,1.0
610,0.35848500595302124,1.600902932670033,5.134502164230479,0.0012330456226880395,0.9741060419235512,1.0
611,0.3580353471873165,1.602393113455736,5.147057333323476,0.0012345679012345679,0.9740740740740741,1.0
612,0.3576854963677706,1.6038478270323244,5.157828682211776,0.003708281829419036,0.9740420271940667,1.0
613,0.35724170792844406,1.6053582900999408,5.16943866967792,0.0037128712871287127,0.9752475247524752,1.0
614,0.35680632329293477,1.6068191701855004,5.181694590141736,0.0037174721189591076,0.976456009913259,1.0
615,0.35642583429238245,1.6082946790735775,5.194753152787081,0.00620347394540943,0.9776674937965261,1.0
616,0.3559401618618952,1.6096673269992938,5.207100886870906,0.007453416149068323,0.9788819875776398,1.0
617,0.3553202548099971,1.611076695559022,5.219826539156003,0.007462686567164179,0.9800995024875622,1.0
618,0.3547234251519856,1.6125510099079658,5.233101034374801,0.0062266500622665,0.9813200498132005,1.0
619,0.35406447565777466,1.6140675894161736,5.246589677893418,0.003740648379052369,0.9825436408977556,1.0
620,0.35337209969272193,1.6156016868963166,5.260337852285851,0.004993757802746567,0.9837702871410736,1.0
621,0.3526719931710282,1.6170913951633685,5.274269462129423,0.005,0.985,1.0
622,0.3518849510745942,1.6185379089960035,5.288324981970166,0.0050062578222778474,0.986232790988736,1.0
623,0.35117851378630477,1.6200814445464282,5.301952622537552,0.006265664160401002,0.9874686716791979,1.0
624,0.3504052897807018,1.621661594674577,5.315466655249636,0.006273525721455458,0.9887076537013801,1.0
625,0.34948615415853396,1.6233305255696386,5.329141845338288,0.005025125628140704,0.9886934673366834,1.0
626,0.3485657261495429,1.6249516177216536,5.342977972069511,0.0025157232704402514,0.9886792452830189,1.0
627,0.3476838603662949,1.6265316860705084,5.357216162741967,0.0025188916876574307,0.9886649874055415,1.0
628,0.34683865612953496,1.6281439111766405,5.371524114416386,0.0025220680958385876,0.9886506935687264,1.0
629,0.34597601780293424,1.6297815182503268,5.385594437401601,0.0012626262626262627,0.9886363636363636,1.0
630,0.34520335022516113,1.6314884073482756,5.400261242465276,0.0012642225031605564,0.988621997471555,1.0
631,0.34451582526133745,1.6331511006648247,5.414807618943078,0.0012658227848101266,0.9886075949367089,1.0
632,0.34384796362801373,1.6345620449415321,5.428349678439501,0.0012674271229404308,0.9885931558935361,1.0
633,0.3431774732301601,1.6358097216558012,5.441633563289492,0.0,0.9885786802030457,1.0
634,0.3425428796423106,1.6371519586038343,5.454286648406379,0.0,0.9898348157560356,1.0
635,0.3419222566358878,1.6385728495020455,5.466924929817172,0.0,0.989821882951654,1.0
636,0.34132043447696264,1.6398168759234453,5.479529652906575,0.0,0.9910828025477707,1.0
637,0.3408338354839237,1.6411195133717453,5.492521645956193,0.0,0.9923469387755102,1.0
638,0.3404068148119544,1.6422712017698498,5.505753311046303,0.0,0.9936143039591315,1.0
639,0.3401100475669408,1.6437123114353576,5.519435934464662,0.0,0.9936061381074168,1.0
640,0.3397615307321912,1.6451190054780818,5.532953957523908,0.0,0.9935979513444302,1.0
641,0.3393970502477774,1.6465757150949911,5.546377213364954,0.001282051282051282,0.9935897435897436,1.0
642,0.3389942363766771,1.6478160779386155,5.560072107558477,0.0,0.993581514762516,1.0
643,0.3385788469911667,1.6491266246302596,5.5737229451570345,0.0012853470437017994,0.9948586118251928,1.0
644,0.33811194718055343,1.6502831948614178,5.588103433633437,0.001287001287001287,0.9961389961389961,1.0
645,0.3375344820025881,1.6510563701187697,5.602559993723286,0.001288659793814433,0.9974226804123711,1.0
646,0.33690529907660155,1.6515829480943924,5.616398916705053,0.0,0.9987096774193548,1.0
647,0.33625782031714235,1.6522737495169342,5.630190907701967,0.0,1.0,1.0
648,0.3356846013585953,1.653023656437927,5.644305658174737,0.0,1.0,1.0
649,0.3351313563468177,1.653819546907079,5.65834082458323,0.0,1.0,1.0
650,0.3345546627098514,1.6548481709309246,5.672418836810953,0.0,1.0,1.0
651,0.3340106795730757,1.6560957141350905,5.686792443659648,0.0,1.0,1.0
652,0.33346661323427695,1.6574236185908655,5.7012867009875325,0.0,1.0,1.0
653,0.33292407895434045,1.6585464908498713,5.71545069455009,0.0,1.0,1.0
654,0.3324654851424736,1.6595635800795971,5.729896315756421,0.001303780964797914,1.0,1.0
655,0.33204802709972564,1.6606108010158471,5.74433891430002,0.0013054830287206266,1.0,1.0
656,0.33153048042410665,1.6614148044414572,5.759302213080127,0.00130718954248366,1.0,1.0
657,0.33113953540676194,1.6624724608636896,5.773891760168662,0.0013089005235602095,1.0,1.0
658,0.3307751237015194,1.6635028378848886,5.788893717847407,0.001310615989515072,1.0,1.0
659,0.33042887136324667,1.6647510376376038,5.804122103846122,0.0,1.0,1.0
660,0.33011642541252806,1.6661084042501744,5.819638917658495,0.0,1.0,1.0
661,0.32988227407307313,1.6676245670246428,5.835644679163393,0.0,1.0,1.0
662,0.3295891148647135,1.6689287964795227,5.851758652388731,0.0,1.0,1.0
663,0.32927156341683717,1.670264407081747,5.867911367779788,0.0,1.0,1.0
664,0.32897328400797093,1.6715350845614956,5.8840737249237085,0.0,1.0,1.0
665,0.3285688654616696,1.6727028584389099,5.9013115044934565,0.0,1.0,1.0
666,0.3281742493061705,1.673968476882867,5.919226602059592,0.0,1.0,1.0
667,0.32781700635747985,1.6752423446103093,5.937116558990196,0.0,1.0,1.0
668,0.3274581338936486,1.6764926936696314,5.954649253197267,0.0,1.0,1.0
669,0.32705949139002977,1.6778626986443879,5.972594176309575,0.0,1.0,1.0
670,0.3265965881139297,1.6793169990211518,5.990990719527066,0.0,1.0,1.0
671,0.3260815056219263,1.6806065912657668,6.010318504079898,0.0,1.0,1.0
672,0.3255678001565874,1.6818750250661734,6.0296920037729596,0.0,1.0,1.0
673,0.32505725691992426,1.6831338068999522,6.04886695127355,0.0,1.0,1.0
674,0.32455927373123794,1.6844711728980926,6.066872468902486,0.0,1.0,1.0
675,0.32408698636288935,1.6858556424717632,6.084300787291386,0.0,1.0,1.0
676,0.3235900239611322,1.6871509801074014,6.101972586797794,0.0,1.0,1.0
677,0.323157255105089,1.6884719094349498,6.119783913937951,0.0,1.0,1.0
678,0.32272407395654634,1.6897937935549547,6.13736805465445,0.0,1.0,1.0
679,0.3223606554235569,1.6913220727138023,6.155723419933908,0.0,1.0,1.0
680,0.32207333561754947,1.6928915773671158,6.173491521856225,0.0,1.0,1.0
681,0.32186190373198925,1.6944055289248185,6.190137577808459,0.0,1.0,1.0
682,0.32163235750308294,1.6960068359639398,6.206682364080247,0.0,1.0,1.0
683,0.3215176302578276,1.6980804291299167,6.225670669195878,0.0,1.0,1.0
684,0.3213884999735346,1.7001016093690415,6.244327721108177,0.0,1.0,1.0
685,0.32130428261875754,1.702076112653043,6.26205905965701,0.0,1.0,1.0
686,0.32128604687530476,1.7043355078145903,6.279779598012972,0.0,1.0,1.0
687,0.32121750015556294,1.7064718418613831,6.297242890407038,0.0,1.0,1.0
688,0.3211761494561962,1.7086125666312817,6.3151986178060735,0.0,1.0,1.0
689,0.32099966753836356,1.710327769934176,6.332683475145283,0.001366120218579235,1.0,1.0
690,0.32081729909769385,1.7121220950429272,6.350520177491086,0.0,1.0,1.0
691,0.32058900876416846,1.7135982359242885,6.368478905172667,0.0,1.0,1.0
692,0.3203596887604675,1.71499011459556,6.386569204049802,0.0,1.0,1.0
693,0.32000541610467126,1.715936844631908,6.404704057658789,0.0,1.0,1.0
694,0.3195775673072776,1.716690896577959,6.423196552807701,0.0,1.0,1.0
695,0.31918827865632105,1.7175271492430575,6.442092367402221,0.0,1.0,1.0
696,0.3188838299718699,1.718731053426249,6.460822505626923,0.0,1.0,1.0
697,0.3186195076390599,1.7201328514347363,6.47997934542174,0.0,1.0,1.0
698,0.318374655515135,1.7216548436672177,6.498713995369932,0.0,1.0,1.0
699,0.31817117388483396,1.7231356600304084,6.518404050762803,0.0013850415512465374,1.0,1.0
700,0.3179907501561732,1.7245568590948397,6.539316088650203,0.0027739251040221915,1.0,1.0
701,0.31778694184053696,1.7260941607154208,6.559504232349648,0.002777777777777778,1.0,1.0
702,0.31755492158060744,1.7275329206256236,6.57860647387135,0.0027816411682892906,1.0,1.0
703,0.31731745416264584,1.728873853947973,6.597632219631024,0.002785515320334262,1.0,1.0
704,0.31700891150037713,1.729975700402949,6.616829504593853,0.0041841004184100415,1.0,1.0
705,0.31652090205024647,1.7305961785415758,6.63546748711542,0.004189944134078212,1.0,1.0
706,0.3161345330164035,1.7316459778229067,6.653747773396736,0.005594405594405594,1.0,1.0
707,0.31575474850721447,1.732651198773344,6.672123662993518,0.0028011204481792717,1.0,1.0
708,0.3154051203573872,1.7338116639349046,6.69047880618839,0.004207573632538569,1.0,1.0
709,0.31507504409044595,1.735076383449037,6.70831171028144,0.004213483146067416,1.0,1.0
710,0.31470351225226517,1.7363922880930525,6.727261731074632,0.0028129395218002813,1.0,1.0
711,0.3142578211935971,1.7375319004852163,6.746192749308868,0.0028169014084507044,1.0,1.0
712,0.31385623606338553,1.7388113503610299,6.765042560820058,0.0028208744710860366,1.0,1.0
713,0.31344556758122294,1.7400046803014544,6.7838721026328335,0.0014124293785310734,1.0,1.0
714,0.31297223604879626,1.74104493392506,6.802556588245019,0.0014144271570014145,1.0,1.0
715,0.3125184964820589,1.7421346331297947,6.820439739698314,0.0,1.0,1.0
716,0.31218513238135254,1.7436684307498644,6.8399963809434325,0.0,1.0,1.0
717,0.3118445975652027,1.7453424122903554,6.859131536392447,0.0,1.0,1.0
718,0.3116019847816559,1.7475112193502458,6.878453598763369,0.0,1.0,1.0
719,0.3113135803782618,1.7495231169719174,6.897102663693586,0.0,1.0,1.0
720,0.3109579973979875,1.7513973358767525,6.91513786280346,0.0,1.0,1.0
721,0.31054433644312096,1.7530765316725365,6.933143452876378,0.0014285714285714286,1.0,1.0
722,0.3100803526506473,1.754686967682139,6.952020204188464,0.0,1.0,1.0
723,0.3096017759466661,1.7562174737512548,6.970486040929271,0.0,1.0,1.0
724,0.30911196477549585,1.7577081251103919,6.9883184413750286,0.0,1.0,1.0
725,0.3086579406606205,1.759263301123708,7.006708372840191,0.0,1.0,1.0
726,0.3082394543709179,1.7608218010518089,7.025074918346063,0.0,1.0,1.0
727,0.3079283618121422,1.7626665644201402,7.044126699644573,0.0,1.0,1.0
728,0.3077108813499915,1.764803616249272,7.06390788150999,0.0,1.0,1.0
729,0.3074840144372483,1.7671723878599435,7.083124874368581,0.0,1.0,1.0
730,0.3071038431638914,1.7691036641815792,7.1011376598698295,0.0,1.0,1.0
731,0.30664781050885515,1.7705494883155906,7.119581951964805,0.0,1.0,1.0
732,0.3061958755995492,1.7720465744700973,7.137757883212245,0.001451378809869376,1.0,1.0
733,0.30566676859843134,1.7732682466185736,7.156448050915847,0.0014534883720930232,1.0,1.0
734,0.3051670602448666,1.7745837040328876,7.1758369796131936,0.001455604075691412,1.0,1.0
735,0.3046212834237496,1.7754988672843006,7.196030325057155,0.0014577259475218659,1.0,1.0
736,0.30410816218821835,1.7765641577948763,7.216069045094934,0.00145985401459854,1.0,1.0
737,0.3035943469700775,1.777680208468853,7.235000478321956,0.0014619883040935672,1.0,1.0
738,0.3030805409668393,1.7787854000854804,7.254234676915963,0.0014641288433382138,1.0,1.0
739,0.30262138924381055,1.7799600449675907,7.273055028788021,0.001466275659824047,1.0,1.0
740,0.30214912927396176,1.7810831705494075,7.291914410180662,0.002936857562408223,1.0,1.0
741,0.30177822248424246,1.7823281830728013,7.30968812889924,0.004411764705882353,1.0,1.0
742,0.3013437397821655,1.783578138026181,7.326958722910266,0.0029455081001472753,1.0,1.0
743,0.30097999673270426,1.785176003431322,7.34422516147972,0.0029498525073746312,1.0,1.0
744,0.3007734846183233,1.7872527509724834,7.3612911278753455,0.0014771048744460858,1.0,1.0
745,0.3005924126426868,1.7894874017027846,7.3781351481275745,0.0029585798816568047,1.0,1.0
746,0.30041703185639873,1.7916084628980482,7.395901607568745,0.002962962962962963,1.0,1.0
747,0.30023331161760425,1.7938208576159145,7.413308812324857,0.004451038575667656,1.0,1.0
748,0.29999070195454924,1.7958488378114026,7.430680148191449,0.004457652303120356,1.0,1.0
749,0.2997174391786409,1.7978023147759055,7.44722446256953,0.004464285714285714,1.0,1.0
750,0.29946769278406166,1.799840119944558,7.463598523049658,0.0029806259314456036,1.0,1.0
751,0.29920637367050035,1.8020186930061273,7.4783204233508025,0.005970149253731343,1.0,1.0
752,0.29899084451760083,1.8044337005875162,7.492596308192794,0.005979073243647235,1.0,1.0
753,0.29870050448705526,1.806725930631867,7.506631958882101,0.005988023952095809,1.0,1.0
754,0.29835004403019716,1.8089790601337652,7.5209825133600585,0.005997001499250375,1.0,1.0
755,0.2979526876776983,1.811069242149622,7.535838270478014,0.006006006006006006,1.0,1.0
756,0.29756589533125877,1.81316800445528,7.550713088293998,0.010526315789473684,1.0,1.0
757,0.29717985328161955,1.8152510225796177,7.564876620824238,0.009036144578313253,1.0,1.0
758,0.296730229161212,1.8170071652168134,7.579641496265987,0.010558069381598794,1.0,1.0
759,0.2963506373218731,1.8191390035894934,7.596337363162312,0.006042296072507553,1.0,1.0
760,0.29587430740239035,1.8210730610382795,7.613207885425718,0.007564296520423601,1.0,1.0
761,0.29542059366892354,1.823090926690405,7.630847152220215,0.010606060606060607,1.0,1.0
762,0.29476915416594895,1.8244972963134407,7.648684252012574,0.012139605462822459,1.0,1.0
763,0.29424498977688407,1.826500438112133,7.666585431005557,0.010638297872340425,1.0,1.0
764,0.29375837580176883,1.828715596882412,7.682877177294313,0.0106544901065449,1.0,1.0
765,0.2933175906802249,1.831039608817184,7.69997616696386,0.010670731707317074,1.0,1.0
766,0.29276023304311904,1.8330094408191415,7.717133085679156,0.012213740458015267,1.0,1.0
767,0.2922688932576768,1.835181472981028,7.7336747354944215,0.012232415902140673,1.0,1.0
768,0.29177073877255866,1.837475267279824,7.751835170677889,0.009188361408882083,1.0,1.0
769,0.29128348498625367,1.8397010871959374,7.7696115960890495,0.007668711656441718,1.0,1.0
770,0.2906596222291637,1.8415262758242634,7.784700543856775,0.006144393241167435,1.0,1.0
771,0.2899726142203201,1.8435036420873339,7.798882019818952,0.004615384615384616,1.0,1.0
772,0.289336285001798,1.8456398111390482,7.81411668314217,0.007704160246533128,1.0,1.0
773,0.28886708065674194,1.847934145684851,7.829217777550508,0.006172839506172839,1.0,1.0
774,0.2884682130241754,1.8504998837634785,7.845898063677501,0.0077279752704791345,1.0,1.0
775,0.2880361063606981,1.8530851983506293,7.862036917557244,0.009287925696594427,1.0,1.0
776,0.2876786217099104,1.8557834592305853,7.877547368074428,0.010852713178294573,1.0,1.0
777,0.28736419509145383,1.8586102913582767,7.893767253053748,0.010869565217391304,1.0,1.0
778,0.2869585794876815,1.8612629567271621,7.910631630053844,0.012441679626749611,1.0,1.0
779,0.28641659540425324,1.8635710169673638,7.92705536161313,0.014018691588785047,1.0,1.0
780,0.2858409289084891,1.8656453082323932,7.94316651071575,0.0109204368174727,1.0,1.0
781,0.28528122679370416,1.8677399547293114,7.959253980749604,0.0140625,1.0,1.0
782,0.2845673150542736,1.869282642287821,7.976384923900757,0.01564945226917058,1.0,1.0
783,0.2838644692172713,1.870885699365015,7.9930717461705525,0.017241379310344827,1.0,1.0
784,0.28318357511328984,1.872512739097672,8.010479522868835,0.015698587127158554,1.0,1.0
785,0.2825832987996993,1.874262759881474,8.028630296703627,0.015723270440251572,1.0,1.0
786,0.28195110077410673,1.8758732697577496,8.046834149264608,0.015748031496062992,1.0,1.0
787,0.28130716874573847,1.8774675735528017,8.064731712904635,0.017350157728706624,1.0,1.0
788,0.2806026965313934,1.8790630575239882,8.082982084525414,0.017377567140600316,1.0,1.0
789,0.27982785883206107,1.8806095375341962,8.101631512411773,0.014240506329113924,1.0,1.0
790,0.27905870854851766,1.8821434147224072,8.120563633369995,0.014263074484944533,1.0,1.0
791,0.27816245115536886,1.8832508093269762,8.139654752214653,0.007936507936507936,1.0,1.0
792,0.27735621608666544,1.884503614814298,8.158665772140274,0.00794912559618442,1.0,1.0
793,0.27673056045239824,1.885960055556067,8.176935361666304,0.006369426751592357,1.0,1.0
794,0.27604261478261466,1.887086896789403,8.194790660198718,0.007974481658692184,1.0,1.0
795,0.2753019053154173,1.8881197436981834,8.212846861203927,0.004792332268370607,1.0,1.0
796,0.2745345447399141,1.8889600129384279,8.230323943127368,0.0032,1.0,1.0
797,0.2738201151966258,1.889644591339969,8.246985139036406,0.004807692307692308,1.0,1.0
798,0.27304620005243246,1.890372229990717,8.263657246494141,0.004815409309791332,1.0,1.0
799,0.2722357053094122,1.8911788301871877,8.282772288562123,0.00482315112540193,1.0,1.0
800,0.27143208041205547,1.8921420708806205,8.302783540255733,0.00322061191626409,1.0,1.0
801,0.2708160496004609,1.8932882421832897,8.322336544968238,0.008064516129032258,1.0,1.0
802,0.27012687924371703,1.8942829734597215,8.34229584080695,0.004846526655896607,1.0,1.0
803,0.2693930982398111,1.895181524210695,8.362211707893726,0.008090614886731391,1.0,1.0
804,0.2686936043690864,1.8961384525445248,8.382255818546243,0.008103727714748784,1.0,1.0
805,0.2680343871960126,1.8972202413834667,8.40368020724134,0.008116883116883116,1.0,1.0
806,0.26721823204421447,1.8977692909694017,8.425527416983616,0.00975609756097561,1.0,1.0
807,0.266192751884448,1.8978281560775636,8.448942833956167,0.003257328990228013,1.0,1.0
808,0.2651395745436656,1.8979485609247062,8.471678523466354,0.0065252854812398045,1.0,1.0
809,0.2639407154363251,1.8975980396382595,8.493720176858627,0.004901960784313725,1.0,1.0
810,0.2626915841417094,1.8970797649877797,8.514885253702117,0.0032733224222585926,1.0,1.0
811,0.2612804281856318,1.8962067149862736,8.536225117857281,0.003278688524590164,1.0,1.0
812,0.260175132825017,1.896381686114301,8.558265935318474,0.003284072249589491,1.0,1.0
813,0.2591445454917953,1.8966941416707335,8.580482076384875,0.004934210526315789,1.0,1.0
814,0.25807049764965934,1.8966092122116995,8.603851220068009,0.0016474464579901153,1.0,1.0
815,0.2567973916622779,1.8961180309963428,8.628967383818472,0.0016501650165016502,1.0,1.0
816,0.25552808563550566,1.8956651090080263,8.65325431294051,0.0,1.0,1.0
817,0.25441749242124706,1.8957603567609833,8.67731026859997,0.0,1.0,1.0
818,0.25326870148942954,1.8957992621255877,8.70105650442503,0.0,1.0,1.0
819,0.252142489485936,1.8957798695801065,8.723700512153128,0.0,1.0,1.0
820,0.2511325397038919,1.8964712439197569,8.748991766480664,0.0,1.0,1.0
821,0.2503200475180103,1.897255634786653,8.772802810096895,0.0,1.0,1.0
822,0.24966085764284804,1.8981025106243052,8.794479610090537,0.0,1.0,1.0
823,0.2489734890804226,1.8992356027684745,8.81715775319718,0.0,1.0,1.0
824,0.24829590715955988,1.900353056724237,8.839168718975067,0.0,1.0,1.0
825,0.24760250570079848,1.9012357320300346,8.861664294984763,0.0,1.0,1.0
826,0.24673581930555144,1.9019660706427968,8.8854623574497,0.0,1.0,1.0
827,0.24574779262910948,1.9026693460478903,8.909119855586692,0.0,1.0,1.0
828,0.244798328513941,1.9032693257049118,8.932419097830948,0.0,1.0,1.0
829,0.24397709261039305,1.903839639127434,8.955627734646841,0.0,1.0,1.0
830,0.24313001757511035,1.9044665762678397,8.979340324658425,0.0,1.0,1.0
831,0.2422535616214239,1.9050088342272167,9.002191207748107,0.0,1.0,1.0
832,0.2413567533648228,1.9054547112078482,9.025143263337077,0.0,1.0,1.0
833,0.24048449894037932,1.9059937699946126,9.047540426108924,0.0,1.0,1.0
834,0.23960255304894273,1.9064613519228975,9.068972932886089,0.0,1.0,1.0
835,0.2387284711333992,1.9069018722714357,9.08995092748704,0.0,1.0,1.0
836,0.237843905660584,1.9073634893927185,9.111086604259473,0.0,1.0,1.0
837,0.23693197546431485,1.9078048797699896,9.133541712133727,0.0,1.0,1.0
838,0.23600475455962194,1.9084028361086993,9.156122912436802,0.0,1.0,1.0
839,0.23504705668771148,1.9090807013056295,9.177461925647671,0.0,1.0,1.0
840,0.2341276943552791,1.9098057345881159,9.198875029629239,0.0,1.0,1.0
841,0.23339502185344596,1.910563896466817,9.218138680630922,0.0,1.0,1.0
842,0.23272946429508748,1.9113914806639483,9.237301543694306,0.0,1.0,1.0
843,0.23211140911047903,1.9122977047458025,9.256384159511505,0.0,1.0,1.0
844,0.2313945074177206,1.9131839977748104,9.275232693195372,0.0,1.0,1.0
845,0.23066188366667303,1.9140206534906332,9.294387308330625,0.0,1.0,1.0
846,0.22988781247218582,1.9147717594149605,9.313657984047623,0.0,1.0,1.0
847,0.22915081485562364,1.9155003298353661,9.333119532102655,0.0,1.0,1.0
848,0.22843023760215567,1.9162668250333823,9.35345513547754,0.0,1.0,1.0
849,0.2276190017172936,1.9170367075062664,9.374487375885007,0.0,1.0,1.0
850,0.22683692902713917,1.9177784225537735,9.39589238975883,0.0,1.0,1.0
851,0.22592430904472763,1.9184978839565405,9.418862999037957,0.0,1.0,1.0
852,0.2251347323458984,1.9192137744913238,9.438977211741477,0.0,1.0,1.0
853,0.2244944316430647,1.9199316659453207,9.455820942447165,0.0,1.0,1.0
854,0.22392532076807228,1.9208009051564696,9.473095587401641,0.0,1.0,1.0
855,0.22330748820796162,1.9214785190291903,9.490624630343783,0.0,1.0,1.0
856,0.22272567648612607,1.922357478092628,9.506594958437404,0.0,1.0,1.0
857,0.22217154576449005,1.9232137696659137,9.522649411501213,0.0,1.0,1.0
858,0.2216154733194363,1.9242162047941456,9.538214349807374,0.0,1.0,1.0
859,0.22096984247402118,1.925186815142667,9.553915217570491,0.0,1.0,1.0
860,0.22041428260352325,1.926213916936996,9.569042771965224,0.0,1.0,1.0
861,0.21993694765144808,1.9274489322718311,9.584813693812018,0.0,1.0,1.0
862,0.21954661715729407,1.9290114587543152,9.60216792186091,0.0,1.0,1.0
863,0.21910010269008484,1.930419612356303,9.616964177264729,0.0,1.0,1.0
864,0.21858145061251597,1.9316173200247484,9.629202852846564,0.0,1.0,1.0
865,0.21810248543137828,1.9329108825029744,9.643823480454826,0.0,1.0,1.0
866,0.2177187823471008,1.9347542865214764,9.658500813222332,0.0,1.0,1.0
867,0.21737463228543927,1.936717047407921,9.673827781476861,0.0,1.0,1.0
868,0.21698160121613266,1.938548230638219,9.688395971447035,0.0,1.0,1.0
869,0.2167000514481491,1.940880170041141,9.702304549415393,0.0,1.0,1.0
870,0.2164186326454023,1.9431376695210458,9.716595036853441,0.0,1.0,1.0
871,0.21613448774809457,1.9455418757872744,9.731579674883047,0.0,1.0,1.0
872,0.215814592570515,1.9479255472146035,9.747076809908325,0.0,1.0,1.0
873,0.21536723585337228,1.9494813604824164,9.761939732220426,0.0,1.0,1.0
874,0.21480502640637006,1.9503196442238862,9.776275392313302,0.0,1.0,1.0
875,0.21420736822231856,1.950878155634288,9.791638909961978,0.0,1.0,1.0
876,0.2135889715319536,1.9514387166278473,9.808445393309576,0.0,1.0,1.0
877,0.2131658954002378,1.9520013385074122,9.819672941838043,0.0,1.0,1.0
878,0.2128042055189134,1.9525660326590935,9.82975819520358,0.0,1.0,1.0
879,0.21235280032449494,1.9531328105530312,9.841312362053566,0.0,1.0,1.0
880,0.21197655156261852,1.953701683744175,9.852076927136114,0.0,1.0,1.0
881,0.21166113827669125,1.9542726638730634,9.86177035644998,0.0,1.0,1.0
882,0.21136896272883554,1.954845762666623,9.868774991291064,0.0,1.0,1.0
883,0.21108734144464625,1.9554209919389687,9.878101535329563,0.0,1.0,1.0
884,0.21078397084812656,1.9559983635922173,9.887415479654605,0.0,1.0,1.0
885,0.21047476590842565,1.9565778896173063,9.899134620710736,0.0,1.0,1.0
886,0.2101517810353281,1.9571595820948255,9.908848323450028,0.0,1.0,1.0
887,0.20980860553813555,1.9577434531958557,9.919412781456574,0.0,1.0,1.0
888,0.20947247329976157,1.9583295151828193,9.929975949068886,0.0,1.0,1.0
889,0.20915832916564306,1.9589177804103348,9.94102958238748,0.0,1.0,1.0
890,0.20883381574690876,1.9595082613260897,9.95261142079685,0.0,1.0,1.0
891,0.20848843889997654,1.9601009704717154,9.9616718196587,0.0,1.0,1.0
892,0.2081361540963845,1.960695920483676,9.968258635098337,0.0,1.0,1.0
893,0.2078036235170834,1.961293124094167,9.97674746539009,0.0,1.0,1.0
894,0.20755726178225656,1.9618925941320222,9.987032487707042,0.0,1.0,1.0
895,0.2071601064599047,1.9624943435236328,10.000336188082086,0.0,1.0,1.0
896,0.20695333010068465,1.9630983852938793,10.011143399634852,0.0,1.0,1.0
897,0.2067514605159529,1.9637047325670651,10.02215819056731,0.0,1.0,1.0
898,0.2065584190720528,1.9643133985678731,10.033468483329298,0.0,1.0,1.0
899,0.2063698150870915,1.964924396622324,10.044308138434225,0.0,1.0,1.0
900,0.20621851835553723,1.9655377401587497,10.056246271042275,0.0,1.0,1.0
901,0.20602261525456647,1.9661534427087772,10.069040069220634,0.0,1.0,1.0
902,0.20592916556392818,1.966771517908323,10.081718940020401,0.0,1.0,1.0
903,0.20585629418666093,1.9673919794986006,10.094190017985484,0.0,1.0,1.0
904,0.20575391450462618,1.9680148413271386,10.106303078225517,0.0,1.0,1.0
905,0.2056710056599683,1.9686401173488104,10.119069298806945,0.0,1.0,1.0
906,0.205616411159414,1.9692678216268769,10.13250421544694,0.0,1.0,1.0
907,0.2054765754143778,1.969897968334041,10.151869964717344,0.0,1.0,1.0
908,0.20527035405611258,1.9705305717535138,10.171433327657294,0.0,1.0,1.0
909,0.20519223570757955,1.971165646280094,10.189425487767814,0.0,1.0,1.0
910,0.2050971148701555,1.9718032064212594,10.208174805688245,0.0,1.0,1.0
911,0.2050020968616278,1.9724432667982728,10.227011496683868,0.0,1.0,1.0
912,0.20495042842635164,1.9730858421472979,10.24500989813028,0.0,1.0,1.0
913,0.20487241856294963,1.9737309473205316,10.263407871391783,0.0,1.0,1.0
914,0.204774117849814,1.9743785972873482,10.28050652202055,0.0,1.0,1.0
915,0.2046296132758747,1.9750288071354567,10.296740424152423,0.0,1.0,1.0
916,0.2044851857103539,1.9756815920720725,10.312270515929905,0.0,1.0,1.0
917,0.20434431343837578,1.9763369674251032,10.32876069253187,0.0,1.0,1.0
918,0.20420512480663802,1.976994948644349,10.344376687592797,0.0,1.0,1.0
919,0.20401775187745208,1.9776555513027152,10.360398684081064,0.0,1.0,1.0
920,0.20387386859077222,1.9783187910974422,10.378141136453356,0.0,1.0,1.0
921,0.20377475646757703,1.978984683851348,10.393956642368186,0.0,1.0,1.0
922,0.20379811579820561,1.9796532455140872,10.409153298737465,0.0,1.0,1.0
923,0.20382133366728405,1.9803244921634238,10.424415290969387,0.0,1.0,1.0
924,0.203871010220954,1.9809984400065201,10.438712183605654,0.0,1.0,1.0
925,0.2039226995686111,1.981675105381242,10.452559150102179,0.0,1.0,1.0
926,0.20402260355751003,1.9823545047574778,10.464662512973986,0.0,1.0,1.0
927,0.20409857898017192,1.9830366547384757,10.477799677346557,0.0,1.0,1.0
928,0.204179185143405,1.983721572062196,10.490822122633002,0.0,1.0,1.0
929,0.2042936572477679,1.9844092736026788,10.503435765626165,0.0,1.0,1.0
930,0.20442100515631093,1.9850997763714329,10.514737491358868,0.0,1.0,1.0
931,0.20447621914498665,1.9857930975188347,10.529841406159454,0.0,1.0,1.0
932,0.204461414309689,1.9864892543355512,10.546331056363359,0.0,1.0,1.0
933,0.20438570755326313,1.9871882642539753,10.56375746812835,0.0,1.0,1.0
934,0.2043065362693017,1.9878901448496828,10.580314839876133,0.0,1.0,1.0
935,0.20423392181594188,1.9885949138429033,10.59594722916089,0.0,1.0,1.0
936,0.2041299263098068,1.9893025891000133,10.612531642928943,0.0,1.0,1.0
937,0.2040586720656502,1.9900131886350454,10.627650079732595,0.0,1.0,1.0
938,0.20395985642978187,1.9907267306112164,10.642775173450001,0.0,1.0,1.0
939,0.20386806120750736,1.991443233342475,10.658881815589782,0.0,1.0,1.0
940,0.2037250642173805,1.9921627152950696,10.676485670791397,0.0,1.0,1.0
941,0.2036762124418373,1.9928851950891333,10.69222051785209,0.0,1.0,1.0
942,0.20363832634509946,1.9936106915002911,10.706550886231117,0.0,1.0,1.0
943,0.20356979667993166,1.9943392234612864,10.721837314911065,0.0,1.0,1.0
944,0.2035635293141116,1.9950708100636279,10.734318794549168,0.0,1.0,1.0
945,0.2035738659929762,1.9958054705592563,10.744323703455033,0.0,1.0,1.0
946,0.2034475349864513,1.9965432243622347,10.757597726375959,0.0,1.0,1.0
947,0.20327464695575573,1.9972840910504577,10.770523542871652,0.0,1.0,1.0
948,0.20311433309912597,1.9980280903673837,10.785213499964385,0.0,1.0,1.0
949,0.2029593123608699,1.998775242223788,10.800004432582174,0.0,1.0,1.0
950,0.2028169776614028,1.9995255666995402,10.814061724541842,0.0,1.0,1.0
951,0.20271674655109231,2.000279084045402,10.825489102262148,0.0,1.0,1.0
952,0.20256648157249157,2.0010358146848497,10.836928883234368,0.0,1.0,1.0
953,0.2024379560073436,2.001795779215919,10.845695073513951,0.0,1.0,1.0
954,0.20239198161068184,2.0025589984130736,10.857253738146905,0.0,1.0,1.0
955,0.20233264303422352,2.003325493229101,10.870454541938383,0.0,1.0,1.0
956,0.20226707768515823,2.0040952847970246,10.881349291341648,0.0,1.0,1.0
957,0.2022247672912453,2.0048683944320516,10.894755927692934,0.0,1.0,1.0
958,0.20223507513266095,2.0056448436335366,10.909133722547836,0.0,1.0,1.0
959,0.20223194583825294,2.006424654086976,10.921466201084687,0.0,1.0,1.0
960,0.2021697995200923,2.007207847666027,10.937037630690249,0.0,1.0,1.0
961,0.20212427721084553,2.007994446434552,10.952127368588275,0.0,1.0,1.0
962,0.20199777202750763,2.0087844726486916,10.970745081660096,0.0,1.0,1.0
963,0.20183932324843445,2.0095779487589627,10.98829913325831,0.0,1.0,1.0
964,0.20161039269932468,2.010374897412386,11.006549875391965,0.0,1.0,1.0
965,0.20139853807384997,2.0111753414546403,11.02722141662543,0.0,1.0,1.0
966,0.201130414215454,2.011979303932245,11.04791921935515,0.0,1.0,1.0
967,0.20086552428342846,2.012786808094773,11.069937223909651,0.0,1.0,1.0
968,0.2006091521046541,2.0135978773970913,11.09193953503945,0.0,1.0,1.0
969,0.20039402697806563,2.0144125355016325,11.112651259821016,0.0,1.0,1.0
970,0.2001818739984701,2.015230806280695,11.130911900354597,0.0,1.0,1.0
971,0.19999502096401708,2.0160527138187754,11.148467167015191,0.0,1.0,1.0
972,0.19972971399732983,2.0168782824149316,11.165715189114762,0.0,1.0,1.0
973,0.19954729926682604,2.017707536585178,11.185029329457768,0.0,1.0,1.0
974,0.19931026273568572,2.018540501064911,11.204258435228764,0.0,1.0,1.0
975,0.1990740402464282,2.0193772008113697,11.223434496474663,0.0,1.0,1.0
976,0.19886583993683005,2.0202176610061264,11.241625039240919,0.0,1.0,1.0
977,0.19871991127012492,2.0210619070576166,11.258068792119476,0.0,1.0,1.0
978,0.19860204751974572,2.021909964603696,11.274758280753101,0.0,1.0,1.0
979,0.19845079197031487,2.022761859514237,11.291824528480408,0.0,1.0,1.0
980,0.1983233548731579,2.0236176178937604,11.309988669736537,0.0,1.0,1.0
981,0.19811646229460084,2.0244772660840997,11.326930889422842,0.0,1.0,1.0
982,0.1979023402653123,2.0253408306671057,11.343860219437714,0.0,1.0,1.0
983,0.1977409902443567,2.0262083384673852,11.36006003081758,0.0,1.0,1.0
984,0.19759995551848095,2.027079816555081,11.3731225408852,0.0,1.0,1.0
985,0.1974610606412009,2.027955292248683,11.388376445176046,0.0,1.0,1.0
986,0.19731618145724936,2.028834793117888,11.407968270331482,0.0,1.0,1.0
987,0.19709421810777863,2.0297183469864906,11.428775259024535,0.0,1.0,1.0
988,0.19684903164340462,2.030605981935317,11.448821024676953,0.0,1.0,1.0
989,0.19660367212398225,2.0314977263052034,11.472211956162923,0.0,1.0,1.0
990,0.19642522755317995,2.0323936087000076,11.493959435826698,0.0,1.0,1.0
991,0.19626253979723493,2.0332936579896717,11.514295566372569,0.0,1.0,1.0
992,0.19607127267532956,2.03419790331332,11.535679310860658,0.0,1.0,1.0
993,0.19578448883690588,2.0351063740824062,11.554541299519213,0.0,1.0,1.0
994,0.19541431957634645,2.0360190999839,11.574974514682424,0.0,1.0,1.0
995,0.19497641919710515,2.036936110983523,11.598549556377293,0.0,1.0,1.0
996,0.1946633617336569,2.0378574373290266,11.619847786208656,0.0,1.0,1.0
997,0.19439564554525035,2.0387831095535183,11.638886896610174,0.0,1.0,1.0
998,0.1941789321715706,2.0397131584788353,11.657970897899306,0.0,1.0,1.0
999,0.19395931001006392,2.040647615218964,11.677260377547535,0.0,1.0,1.0
1000,0.19379236688917667,2.041586511183511,11.698119254157145,0.0,1.0,1.0
1001,0.19360878363765255,2.0425298780812233,11.719204766764983,0.0,1.0,1.0
1002,0.19343902931162224,2.0434777479235544,11.739861003305037,0.0,1.0,1.0
1003,0.19327696423371327,2.044430153028289,11.759403155780388,0.0,1.0,1.0
1004,0.1931359141956005,2.045387126023214,11.77909388838762,0.0,1.0,1.0
1005,0.1931327164645039,2.0463486998498457,11.797475050524326,0.0,1.0,1.0
1006,0.1929648555909984,2.0473149077672077,11.815389853399287,0.0,1.0,1.0
1007,0.19279342657127163,2.0482857833556682,11.83335512571772,0.0,1.0,1.0
1008,0.19255313065216867,2.0492613605208287,11.855204255902644,0.0,1.0,1.0
1009,0.19230344961492601,2.0502416734974704,11.879149166255909,0.0,1.0,1.0
1010,0.1920337159232525,2.05122675685356,11.903566737334984,0.0,1.0,1.0
1011,0.19176377310374856,2.052216645494314,11.926588892675476,0.0,1.0,1.0
1012,0.19147955556545596,2.0532113746663185,11.948364082895436,0.0,1.0,1.0
1013,0.19118624280786403,2.054210979961715,11.971406718550446,0.0,1.0,1.0
1014,0.19085279128658592,2.0552154973224455,11.996947606213316,0.0,1.0,1.0
1015,0.19056727479392455,2.0562249630445586,12.019152538466315,0.0,1.0,1.0
1016,0.1903416869941766,2.0572394137825833,12.042558392498243,0.0,1.0,1.0
1017,0.19002399500862274,2.058258886553965,12.069138123120151,0.0,1.0,1.0
1018,0.18975291172500533,2.0592834187435662,12.097233970176028,0.0,1.0,1.0
1019,0.1895369444798234,2.0603130481082403,12.122570216727011,0.0,1.0,1.0
1020,0.18933788707764182,2.0613478127814666,12.150518379166092,0.0,1.0,1.0
1021,0.18912481308527912,2.062387751278059,12.180624414013492,0.0,1.0,1.0
1022,0.18890335708603898,2.0634329024989455,12.209813093423248,0.0,1.0,1.0
1023,0.1886628697675036,2.0644833057360166,12.241151307184307,0.0,1.0,1.0
1024,0.18856194361703862,2.0655390006770533,12.269601326043466,0.0,1.0,1.0
1025,0.18845508867243219,2.0666000274107215,12.298123874274202,0.0,1.0,1.0
1026,0.18824297068619197,2.0676664264316487,12.328494755857786,0.0,1.0,1.0
1027,0.18797328889259102,2.0687382386455755,12.360080475047823,0.0,1.0,1.0
1028,0.1877012584194095,2.0698155053745855,12.395071493698676,0.0,1.0,1.0
1029,0.18749399433157132,2.0708982683624173,12.429690338018654,0.0,1.0,1.0
1030,0.187237209439899,2.0719865697798547,12.464692556058353,0.0,1.0,1.0
1031,0.18698625441255481,2.0730804522302018,12.500863725059496,0.0,1.0,1.0
1032,0.18672766708036725,2.0741799587548435,12.539868817030897,0.0,1.0,1.0
1033,0.18646319563973016,2.075285132838891,12.577334048545225,0.0,1.0,1.0
1034,0.18621463517508588,2.0763960184169123,12.613737177806223,0.0,1.0,1.0
1035,0.1858892995943626,2.0775126598787583,12.650754757382884,0.0,1.0,1.0
1036,0.1855821421232615,2.0786351020754705,12.68637008480085,0.0,1.0,1.0
1037,0.18527549507665578,2.0797633903252906,12.722596276338834,0.0,1.0,1.0
1038,0.18504776728154937,2.0808975704197574,12.759302207904893,0.0,1.0,1.0
1039,0.18484291880005915,2.082037688629902,12.793508969525423,0.0,1.0,1.0
1040,0.18456023070363822,2.083183791712541,12.82627600593301,0.0,1.0,1.0
1041,0.1843794479666203,2.0843359269166672,12.8620468590277,0.0,1.0,1.0
1042,0.184167415630423,2.085494141989945,12.900792317236974,0.0,1.0,1.0
1043,0.183971921610563,2.0866584851853034,12.936130669064646,0.0,1.0,1.0
1044,0.18376332686349295,2.0878290052676394,12.971238482580143,0.0,1.0,1.0
1045,0.18357971574599086,2.0890057515206264,13.006635921323435,0.0,1.0,1.0
1046,0.1833954684150092,2.0901887737536295,13.039149703709683,0.0,1.0,1.0
1047,0.18320150016170234,2.0913781223087344,13.071285399542143,0.0,1.0,1.0
1048,0.18295550378253866,2.0925738480678877,13.106018669397528,0.0,1.0,1.0
1049,0.18271322716434196,2.093776002460155,13.142343889045419,0.0,1.0,1.0
1050,0.18244936640772472,2.094984637469092,13.182296083937896,0.0,1.0,1.0
1051,0.18217873015504238,2.0961998056402393,13.22237365396985,0.0,1.0,1.0
1052,0.1817586056876258,2.0974215600887374,13.263823703992633,0.0,1.0,1.0
1053,0.1812630023661894,2.098649954507064,13.306000109046739,0.0,1.0,1.0
1054,0.18082729835595382,2.099885043172902,13.349323673533073,0.0,1.0,1.0
1055,0.1799876671933446,2.101126880957133,13.400497984249334,0.0,1.0,1.0
1056,0.17931669687950116,2.1023755233319616,13.451448205807205,0.0,1.0,1.0
1057,0.17873056104503582,2.10363102637918,13.499572791370586,0.0,1.0,1.0
1058,0.17813026474796612,2.104893446798559,13.54682229291639,0.0,1.0,1.0
1059,0.17743925435497268,2.1061628419163885,13.595643884904119,0.0,1.0,1.0
1060,0.17686646139967996,2.1074392696941495,13.642547127057178,0.0,1.0,1.0
1061,0.17631426064297398,2.108722788737343,13.687906380776091,0.0,1.0,1.0
1062,0.17569559511351035,2.1100134583044543,13.73435207895162,0.0,1.0,1.0
1063,0.17506392038866947,2.111311338316074,13.781556795870259,0.0,1.0,1.0
1064,0.17440434558793907,2.1126164893641737,13.827741909543633,0.0,1.0,1.0
1065,0.17380106711198898,2.1139289727215322,13.873460263857126,0.0,1.0,1.0
1066,0.1731533770153624,2.115248850351327,13.923018438673045,0.0,1.0,1.0
1067,0.17243295318875995,2.116576184916883,13.973294370347073,0.0,1.0,1.0
1068,0.17180783008965406,2.117911039791592,14.023670137424359,0.0,1.0,1.0
1069,0.1712363960738796,2.1192534790689987,14.07304774599487,0.0,1.0,1.0
1070,0.17063779444075416,2.120603567573057,14.120061589500196,0.0,1.0,1.0
1071,0.1700676201701371,2.121961370868567,14.167132634470414,0.0,1.0,1.0
1072,0.16941855069178197,2.123326955271788,14.215725437488722,0.0,1.0,1.0
1073,0.16872752287236809,2.124700387861234,14.264872119003378,0.0,1.0,1.0
1074,0.16803933735211332,2.12608173648866,14.313746346963626,0.0,1.0,1.0
1075,0.16743540618146974,2.1274710697902326,14.360331927307778,0.0,1.0,1.0
1076,0.16686374480807634,2.1288684571979015,14.407712515668486,0.0,1.0,1.0
1077,0.16628181364497815,2.1302739689509638,14.454505773305474,0.0,1.0,1.0
1078,0.16575078169152702,2.1316876761078336,14.497635295010072,0.0,1.0,1.0
1079,0.16518875666797336,2.133109650558019,14.54098488399845,0.0,1.0,1.0
1080,0.16458145238201166,2.134539965034305,14.58621075063851,0.0,1.0,1.0
1081,0.16404722959378332,2.1359786931251574,14.630825937081342,0.0,1.0,1.0
1082,0.1634394948692674,2.137425909287342,14.676417452515972,0.0,1.0,1.0
1083,0.16286703779999365,2.1388816888587705,14.72357289740936,0.0,1.0,1.0
1084,0.1622796238159171,2.1403461080715727,14.76975685998431,0.0,1.0,1.0
1085,0.1616136720532766,2.1418192440654034,14.812501488657501,0.0,1.0,1.0
1086,0.16094947943425097,2.143301174900988,14.857433549463078,0.0,1.0,1.0
1087,0.1602702379126738,2.1447919795739114,14.904694457597179,0.0,1.0,1.0
1088,0.15958401764237096,2.1462917380286544,14.950664319101442,0.0,1.0,1.0
1089,0.1588801404385603,2.147800531172884,14.996076257408955,0.0,1.0,1.0
1090,0.15816549273923317,2.149318440892003,15.045476630256875,0.0,1.0,1.0
1091,0.1574135034529413,2.150845550063965,15.09482313768582,0.0,1.0,1.0
1092,0.1567467222569864,2.1523819425743587,15.138730789793962,0.0,1.0,1.0
1093,0.15613442712165973,2.1539277033317665,15.181605281904586,0.0,1.0,1.0
1094,0.1555485167293612,2.1554829182834094,15.22352673288449,0.0,1.0,1.0
1095,0.1549304647349923,2.157047674431075,15.265893056300815,0.0,1.0,1.0
1096,0.1543491047927466,2.158622059847341,15.306720301131357,0.0,1.0,1.0
1097,0.15373807665517303,2.160206163692103,15.353625721350387,0.0,1.0,1.0
1098,0.15313956974114962,2.1618000762294023,15.397955997594464,0.0,1.0,1.0
1099,0.15261190780453507,2.163403888844573,15.439596195946434,0.0,1.0,1.0
1100,0.1518934145467952,2.165017694061707,15.484284250171195,0.0,1.0,1.0
1101,0.15113148766011375,2.166641585561448,15.529607088961408,0.0,1.0,1.0
1102,0.15052026894504264,2.1682756581991187,15.572260190531539,0.0,1.0,1.0
1103,0.1498390026561944,2.16992000802319,15.614278880344049,0.0,1.0,1.0
1104,0.1490559915918788,2.1715747322941006,15.65923912660264,0.0,1.0,1.0
1105,0.1483189780945489,2.173239929503435,15.699915193909552,0.0,1.0,1.0
1106,0.14760400648962338,2.174915699393463,15.74402883949719,0.0,1.0,1.0
1107,0.1469744331294163,2.1766021429770586,15.784517003521046,0.0,1.0,1.0
1108,0.14631133983853672,2.1782993625579934,15.825327870962195,0.0,1.0,1.0
1109,0.14566047844609806,2.180007461751626,15.866457500902117,0.0,1.0,1.0
1110,0.1450657487808268,2.18172654550599,15.909287285447297,0.0,1.0,1.0
1111,0.1444529338746585,2.183456720123285,15.95155601192359,0.0,1.0,1.0
1112,0.14391084379121913,2.1851980932817923,15.99363497816375,0.0,1.0,1.0
1113,0.14337036688229035,2.186950774058212,16.037688395794273,0.0,1.0,1.0
1114,0.14284566860542197,2.188714872950439,16.08297291973085,0.0,1.0,1.0
1115,0.1422943912770158,2.1904905019007854,16.12914898142531,0.0,1.0,1.0
1116,0.141781589604037,2.1922777743196584,16.175412131181826,0.0,1.0,1.0
1117,0.1415797230458209,2.194076805109708,16.211954775837977,0.0,1.0,1.0
1118,0.1413150381616212,2.1958877106904517,16.249034496225214,0.0,1.0,1.0
1119,0.14096140282285596,2.1977106090233853,16.284419535619783,0.0,1.0,1.0
1120,0.14057981013528478,2.199545619637601,16.31882793398278,0.0,1.0,1.0
1121,0.14025236482799022,2.201392863655911,16.353388752916068,0.0,1.0,1.0
1122,0.1399783814002804,2.203252463821501,16.38843623397714,0.0,1.0,1.0
1123,0.13975553472293686,2.2051245445251153,16.421977303202063,0.0,1.0,1.0
1124,0.1395419744149493,2.207009231832794,16.45390572970416,0.0,1.0,1.0
1125,0.1393472566795502,2.2089066535141733,16.487898690496753,0.0,1.0,1.0
1126,0.13914760872292573,2.210816939071359,16.522073596595554,0.0,1.0,1.0
1127,0.1389144681659161,2.212740219768389,16.55802083616006,0.0,1.0,1.0
1128,0.13867304103058134,2.214676628661303,16.591674661237878,0.0,1.0,1.0
1129,0.1384405619484545,2.2166263006288265,16.62773238501755,0.0,1.0,1.0
1130,0.1382002741875106,2.2185893724036867,16.66413785348811,0.0,1.0,1.0
1131,0.13795719273425205,2.2205659826045805,16.700022525224703,0.0,1.0,1.0
1132,0.1377451502664416,2.222556271768802,16.738790275843392,0.0,1.0,1.0
1133,0.13752018657728826,2.224560382385553,16.780035694066456,0.0,1.0,1.0
1134,0.137342521483231,2.226578458929947,16.819804398004617,0.0,1.0,1.0
1135,0.13719275373211656,2.228610647897728,16.859934919669247,0.0,1.0,1.0
1136,0.1370560111988866,2.230657097840722,16.89692461904211,0.0,1.0,1.0
1137,0.13691524282829154,2.2327179594030326,16.929900998424294,0.0,1.0,1.0
1138,0.1367620441804812,2.2347933853580098,16.96595895392856,0.0,1.0,1.0
1139,0.13659993511228813,2.236883530646001,17.00454285866332,0.0,1.0,1.0
1140,0.1364191208445377,2.23898855241291,17.041774553465785,0.0,1.0,1.0
1141,0.1363052107628011,2.241108610049583,17.074412615056428,0.0,1.0,1.0
1142,0.13625150712762546,2.2432438652320386,17.10546553673823,0.0,1.0,1.0
1143,0.13613733295217914,2.245394481962569,17.14088035891414,0.0,1.0,1.0
1144,0.13603582159251307,2.247560626611732,17.177778013555,0.0,1.0,1.0
1145,0.13584527573311106,2.249742467961251,17.21875136166201,0.0,1.0,1.0
1146,0.13564617691643388,2.251940177247857,17.259565445654445,0.0,1.0,1.0
1147,0.13538400850906177,2.2541539282080882,17.299784335623286,0.0,1.0,1.0
1148,0.13513653765845848,2.2563838971240724,17.341345100663695,0.0,1.0,1.0
1149,0.1349257611570947,2.2586302628703208,17.384345556679946,0.0,1.0,1.0
1150,0.13472214344123176,2.2608932069615597,17.430363542526212,0.0,1.0,1.0
1151,0.1345420342286774,2.263172913601623,17.471427264801658,0.0,1.0,1.0
1152,0.1344157692693212,2.2654695697334337,17.508069575317112,0.0,1.0,1.0
1153,0.13427114985337868,2.267783365090109,17.54897085498809,0.0,1.0,1.0
1154,0.13409507696677234,2.2701144922472087,17.590005051316343,0.0,1.0,1.0
1155,0.13388385144688475,2.272463146676166,17.631614135315658,0.0,1.0,1.0
1156,0.1336330533718862,2.274829526798927,17.675476209469515,0.0,1.0,1.0
1157,0.13341960431969385,2.27721383404383,17.71964905254747,0.0,1.0,1.0
1158,0.13319430616240616,2.279616272902763,17.75896786647009,0.0,1.0,1.0
1159,0.13300073157779854,2.2820370509896266,17.794714260492203,0.0,1.0,1.0
1160,0.13285222168056843,2.2844763791001443,17.829118287163194,0.0,1.0,1.0
1161,0.13268434249009015,2.286934471273051,17.86684675642968,0.0,1.0,1.0
1162,0.13250182634864455,2.2894115448526975,17.90454730423349,0.0,1.0,1.0
1163,0.13232091649050712,2.291907820553117,17.944352053308375,0.0,1.0,1.0
1164,0.13208400095740672,2.2944235225235783,17.987103282309967,0.0,1.0,1.0
1165,0.1318688978080248,2.2969588784156842,18.026474687083073,0.0,1.0,1.0
1166,0.13164998541170778,2.299514119452042,18.066930278213675,0.0,1.0,1.0
1167,0.13144726683068303,2.3020894804965595,18.107489578401413,0.0,1.0,1.0
1168,0.13126988124571684,2.3046852001264098,18.147846834135617,0.0,1.0,1.0
1169,0.13113151231918668,2.307301520705703,18.183575622050967,0.0,1.0,1.0
1170,0.13098605313730655,2.3099386884609268,18.222284345845825,0.0,1.0,1.0
1171,0.1307472098364404,2.3125969535581925,18.26039991922245,0.0,1.0,1.0
1172,0.13059756179372922,2.315276570182344,18.297499042667237,0.0,1.0,1.0
1173,0.13042944747868002,2.3179777966179804,18.33489067560491,0.0,1.0,1.0
1174,0.13023179364301038,2.3207008953324477,18.371957614270706,0.0,1.0,1.0
1175,0.13003556369731611,2.323446133060854,18.40970579765765,0.0,1.0,1.0
1176,0.12983131214286392,2.3262137808931658,18.44952198322148,0.0,1.0,1.0
1177,0.12960880703240038,2.329004114363447,18.490511086631088,0.0,1.0,1.0
1178,0.12940283703096786,2.331817413541303,18.52888289922554,0.0,1.0,1.0
1179,0.129242431172552,2.334653963125587,18.56352634191,0.0,1.0,1.0
1180,0.12911680751803906,2.3375140525404463,18.59522436521548,0.0,1.0,1.0
1181,0.12899687058946355,2.340397976033763,18.62814297062761,0.0,1.0,1.0
1182,0.1289049213349667,2.3433060327780693,18.659316785247334,0.0,1.0,1.0
1183,0.1288550431025128,2.346238526974009,18.68501105523773,0.0,1.0,1.0
1184,0.1287840610540369,2.3491957679564117,18.713115281380823,0.0,1.0,1.0
1185,0.1287424613397682,2.3521780703030726,18.737676010645956,0.0,1.0,1.0
1186,0.1287162498154096,2.3551857539463006,18.7601369417757,0.0,1.0,1.0
1187,0.12861770642230816,2.3582191442873337,18.784245768799178,0.0,1.0,1.0
1188,0.12851620394702545,2.3612785723136978,18.809141879692863,0.0,1.0,1.0
1189,0.12840805042990064,2.3643643747195995,18.83619689554612,0.0,1.0,1.0
1190,0.12834069499151804,2.367476894029448,18.86346108949564,0.0,1.0,1.0
1191,0.12829795489727475,2.3706164787246005,18.896832695899572,0.0,1.0,1.0
1192,0.128275421318658,2.3737834833734217,18.926906127693623,0.0,1.0,1.0
1193,0.12825876530985203,2.3769782687647765,18.954388916042966,0.0,1.0,1.0
1194,0.1282158656248081,2.380201202045042,18.982798900355455,0.0,1.0,1.0
1195,0.1281700918800886,2.3834526568587613,19.010217685225545,0.0,1.0,1.0
1196,0.128133817673534,2.386733013493047,19.034509634630275,0.0,1.0,1.0
1197,0.12812559189978298,2.390042659025853,19.055896235141667,0.0,1.0,1.0
1198,0.12812352022475496,2.3933819874782363,19.077426332198563,0.0,1.0,1.0
1199,0.12818261262041786,2.3967513999707304,19.10072599083827,0.0,1.0,1.0
1200,0.12823173643719274,2.400151304883971,19.12037414102341,0.0,1.0,1.0
1201,0.12825667614255473,2.4035821180236963,19.139406326724746,0.0,1.0,1.0
1202,0.1282778179830189,2.4070442627902677,19.15873689601029,0.0,1.0,1.0
1203,0.12831647902055976,2.410538170352863,19.178799441400106,0.0,1.0,1.0
1204,0.12835369894633403,2.4140642798284775,19.204678051032882,0.0,1.0,1.0
1205,0.12834069909434279,2.417623038465903,19.229854738408637,0.0,1.0,1.0
1206,0.12830989530328854,2.42121490183484,19.25543692637307,0.0,1.0,1.0
1207,0.12826886718963193,2.424840334020309,19.278862876059094,0.0,1.0,1.0
1208,0.12829331866184368,2.428499807822543,19.297757763826887,0.0,1.0,1.0
1209,0.12833816106302803,2.432193804962534,19.315876401197116,0.0,1.0,1.0
1210,0.12841617224377444,2.4359228162934246,19.328395023707756,0.0,1.0,1.0
1211,0.1285248603691706,2.4396873420179435,19.340872640686733,0.0,1.0,1.0
1212,0.12863029082824573,2.4434878919120746,19.34987067950639,0.0,1.0,1.0
1213,0.1287084121392888,2.447324985555188,19.358820953437252,0.0,1.0,1.0
1214,0.12879679416418605,2.4511991525668333,19.357797220530216,0.0,1.0,1.0
1215,0.12887728370888535,2.455110932850437,19.36209242038316,0.0,1.0,1.0
1216,0.12892492513860127,2.4590608768441244,19.369171215419406,0.0,1.0,1.0
1217,0.12901123780000892,2.4630495457789263,19.377597656010447,0.0,1.0,1.0
1218,0.12915423007003143,2.467077511944613,19.383675770148546,0.0,1.0,1.0
1219,0.12930595499584474,2.4711453589634256,19.3893428680775,0.0,1.0,1.0
1220,0.12946297649652383,2.4752536820719775,19.395778214123663,0.0,1.0,1.0
1221,0.12960475968255528,2.479403088411615,19.39979372499155,0.0,1.0,1.0
1222,0.1296990478335699,2.48359419732753,19.407204981581334,0.0,1.0,1.0
1223,0.1298133965395253,2.4878276406769393,19.41594402820528,0.0,1.0,1.0
1224,0.13000151655217645,2.492104063146647,19.418625424378828,0.0,1.0,1.0
1225,0.130133520013102,2.4964241225803314,19.424554863046954,0.0,1.0,1.0
1226,0.13014882546342957,2.5007884903159,19.43928661782433,0.0,1.0,1.0
1227,0.13016195191637403,2.505197851533278,19.461431148344452,0.0,1.0,1.0
1228,0.13026582722595145,2.5096529056130126,19.471421083635363,0.0,1.0,1.0
1229,0.13034080357262393,2.514154366506078,19.482611981103588,0.0,1.0,1.0
1230,0.13056088394845886,2.5187029631153006,19.482515344646078,0.0,1.0,1.0
1231,0.1307964268635525,2.5232994396888313,19.476136868268977,0.0,1.0,1.0
1232,0.13102431351517987,2.5279445562261027,19.472643075256265,0.0,1.0,1.0
1233,0.13123541970417454,2.5326390888967496,19.47143226886155,0.0,1.0,1.0
1234,0.13136737834208215,2.537383830472965,19.475571201253384,0.0,1.0,1.0
1235,0.13161202976757372,2.542179590775806,19.468045726184915,0.0,1.0,1.0
1236,0.13177773348635757,2.547027197135975,19.47375927070212,0.0,1.0,1.0
1237,0.1320110503823096,2.5519274948696244,19.48147727920406,0.0,1.0,1.0
1238,0.13225306982183785,2.5568813477697616,19.477653141186885,0.0,1.0,1.0
1239,0.13251058998314127,2.5618896386138568,19.46811321563934,0.0,1.0,1.0
1240,0.13278853858053005,2.566953269688273,19.4503305501645,0.0,1.0,1.0
1241,0.13308821545111968,2.5720731633301828,19.43204405232906,0.0,1.0,1.0
1242,0.13336611707094884,2.5772502624876448,19.414318804723898,0.0,1.0,1.0
1243,0.13362196910598523,2.5824855312985613,19.4091001163386,0.0,1.0,1.0
1244,0.13382715713956073,2.5877799556892622,19.400934129529933,0.0,1.0,1.0
1245,0.13403287303330505,2.5931345439934934,19.395595930399338,0.0,1.0,1.0
1246,0.13427983972930876,2.598550327592631,19.396800987113252,0.0,1.0,1.0
1247,0.13448995506007558,2.604028361577965,19.40218953772958,0.0,1.0,1.0
1248,0.1347628689469468,2.609569725435962,19.405776059373586,0.0,1.0,1.0
1249,0.13496938058004906,2.615175523757424,19.423733250891004,0.0,1.0,1.0
1250,0.13507846052546604,2.6208468869715347,19.458356798257764,0.0,1.0,1.0
1251,0.1352150231352574,2.626584972105811,19.486131600456257,0.0,1.0,1.0
1252,0.13543886892279394,2.632390963573038,19.502242060255057,0.0,1.0,1.0
1253,0.135685212380317,2.638266073986303,19.509801346298477,0.0,1.0,1.0
1254,0.13592295907124982,2.6442115450033197,19.5144736394838,0.0,1.0,1.0
1255,0.1361307430425411,2.6502286482012645,19.530668106502425,0.0,1.0,1.0
1256,0.13632901493262403,2.6563186859834267,19.55229626363689,0.0,1.0,1.0
1257,0.13654130614657867,2.66248299251903,19.579450256670707,0.0,1.0,1.0
1258,0.13673978334105655,2.6687229347176467,19.602440658532533,0.0,1.0,1.0
1259,0.13704533518459003,2.675039913239703,19.61854422861492,0.0,1.0,1.0
1260,0.13733420571449415,2.681435363544642,19.633976377087933,0.0,1.0,1.0
1261,0.13759106105732832,2.687910756978393,19.660032012669255,0.0,1.0,1.0
1262,0.13775003413158327,2.6944676019018767,19.68455604270433,0.0,1.0,1.0
1263,0.13794502844991957,2.7011074448623664,19.69991900416943,0.0,1.0,1.0
1264,0.13816894718238687,2.707831871809614,19.715903476059623,0.0,1.0,1.0
1265,0.13846368636117015,2.714642509358749,19.724506988770226,0.0,1.0,1.0
1266,0.13883351638531277,2.721541026102067,19.715710445929343,0.0,1.0,1.0
1267,0.1391727570460918,2.728529133971921,19.71534580346755,0.0,1.0,1.0
1268,0.13952256834817575,2.7356085896570677,19.720443002330267,0.0,1.0,1.0
1269,0.1399555486621471,2.7427811960749136,19.71920792178906,0.0,1.0,1.0
1270,0.1403814472257128,2.750048803902267,19.721398191454888,0.0,1.0,1.0
1271,0.14080590669010087,2.757413313167319,19.72222456758268,0.0,1.0,1.0
1272,0.1412322270080259,2.764876674905727,19.71818653361176,0.0,1.0,1.0
1273,0.14163769056573314,2.7724408928838433,19.723626856802056,0.0,1.0,1.0
1274,0.14200708861094316,2.7801080253922743,19.726168744989025,0.0,1.0,1.0
1275,0.14235398554466464,2.7878801871131493,19.740578561452416,0.0,1.0,1.0
1276,0.14270164974043748,2.7957595510646573,19.762429117609763,0.0,1.0,1.0
1277,0.1430459288854865,2.803748350626603,19.78538494191561,0.0,1.0,1.0
1278,0.14338550423650825,2.811848881650953,19.804894822734763,0.0,1.0,1.0
1279,0.14372792263357537,2.820063504661562,19.831449974404787,0.0,1.0,1.0
1280,0.14408348093417164,2.8283946471474986,19.857138250779936,0.0,1.0,1.0
1281,0.14443949033087103,2.8368448059546627,19.874347546255468,0.0,1.0,1.0
1282,0.14477903598698694,2.8454165497806354,19.892704505016543,0.0,1.0,1.0
1283,0.1450783395713768,2.8541125217779983,19.91753640519594,0.0,1.0,1.0
1284,0.1454045037614587,2.8629354422716737,19.933613809725298,0.0,1.0,1.0
1285,0.14578389859589147,2.8718881115961383,19.945019734932462,0.0,1.0,1.0
1286,0.1462214171356794,2.8809734130587423,19.954710576366328,0.0,1.0,1.0
1287,0.14661112114986966,2.890194316035714,19.973369608169396,0.0,1.0,1.0
1288,0.14707226960888875,2.899553879207829,19.98942130580908,0.0,1.0,1.0
1289,0.1474094203828892,2.909055253943157,20.028036235009377,0.0,1.0,1.0
1290,0.14773850060107577,2.9187016878347496,20.064634186612587,0.0,1.0,1.0
1291,0.14807417769268952,2.9256751937231478,20.061459890815843,0.0,1.0,1.0
1292,0.14844107917783617,2.9327568159819086,20.068295452707044,0.0,1.0,1.0
1293,0.14880124396981212,2.939949088588463,20.081650223485322,0.0,1.0,1.0
1294,0.14904797703216915,2.944099982648907,20.074804607272764,0.0,1.0,1.0
1295,0.14936246629302194,2.9483167639166603,20.060331377919994,0.0,1.0,1.0
1296,0.14954331757068512,2.952601013684697,20.05848193223868,0.0,1.0,1.0
1297,0.14990945102383194,2.956954364255444,20.032288208742038,0.0,1.0,1.0
1298,0.15023040526027773,2.9609373469339473,20.015719690806947,0.0,1.0,1.0
1299,0.1504676174480365,2.9640876518969446,20.009438457561604,0.0,1.0,1.0
1300,0.15065254025773758,2.96832084547068,20.004123286306545,0.0,1.0,1.0
1301,0.15078622422706975,2.970533815707178,19.996013592927078,0.0,1.0,1.0
1302,0.1507665722395912,2.972383918226938,19.99438856703305,0.0,1.0,1.0
1303,0.15089958233971526,2.9760881062941027,19.988610331478505,0.0,1.0,1.0
1304,0.15100799250580538,2.980264576556308,19.985299310173268,0.0,1.0,1.0
1305,0.1511570960966553,2.9850623217637615,19.990123723652875,0.0,1.0,1.0
1306,0.15132660394455033,2.9901807927626067,20.000785286931933,0.0,1.0,1.0
1307,0.1514682317712158,2.995063908871587,20.01194155849155,0.0,1.0,1.0
1308,0.15158443302922606,2.9975755603683942,20.006689846086957,0.0,1.0,1.0
1309,0.15163064036270243,3.0004051363424673,20.01049860244592,0.0,1.0,1.0
1310,0.1515744235767089,3.0023813473408296,20.019921739805987,0.0,1.0,1.0
1311,0.15140786204215745,3.0030354254882625,20.038664609914672,0.0,1.0,1.0
1312,0.15121382791678148,3.002161932826468,20.056508820647558,0.0,1.0,1.0
1313,0.15105581819829592,3.001923135856975,20.075329067408013,0.0,1.0,1.0
1314,0.1509311585376406,3.0020935787043923,20.093581546122266,0.0,1.0,1.0
1315,0.15064835140170305,3.002181071014628,20.12587101291932,0.0,1.0,1.0
1316,0.15043494317029982,3.00218426872609,20.155770256310785,0.0,1.0,1.0
1317,0.150104371785794,3.0011677370254217,20.18797090511504,0.0,1.0,1.0
1318,0.14978021417366483,3.001287150411961,20.219304663043825,0.0,1.0,1.0
1319,0.1494881124451682,3.0012921376638406,20.252875660645767,0.0,1.0,1.0
1320,0.1491919812474587,3.0014184767887246,20.281891205368936,0.0,1.0,1.0
1321,0.14882607660919822,3.0011408671936057,20.310138737749824,0.0,1.0,1.0
1322,0.14850595552261903,3.002088547771833,20.33826425486304,0.0,1.0,1.0
1323,0.14807517711108673,3.002415783409071,20.375726095571288,0.0,1.0,1.0
1324,0.14776198205933178,3.0043051786836714,20.41310657521467,0.0,1.0,1.0
1325,0.14750857256137886,3.0062339363598256,20.448449152515327,0.0,1.0,1.0
1326,0.14741711892550644,3.008203299460741,20.481705808082026,0.0,1.0,1.0
1327,0.14722893199800705,3.0118066952493674,20.52690787593153,0.0,1.0,1.0
1328,0.14706133162590548,3.0154875834205455,20.57719140927977,0.0,1.0,1.0
1329,0.14683820204642367,3.019248490899792,20.62699717030033,0.0,1.0,1.0
1330,0.1466102789835697,3.0230920556862753,20.667938425090362,0.0,1.0,1.0
1331,0.1465099949449769,3.0270210330235687,20.704293649070877,0.0,1.0,1.0
1332,0.1464159810558641,3.03103830198642,20.749427376452253,0.0,1.0,1.0
1333,0.14633229678585735,3.0349808378532668,20.784874641638197,0.0,1.0,1.0
1334,0.14633095723083853,3.0401226117555504,20.81690538949942,0.0,1.0,1.0
1335,0.14639689609328216,3.0442800613755874,20.851009617866644,0.0,1.0,1.0
1336,0.14665839429134125,3.0485353333396246,20.860505364377797,0.0,1.0,1.0
1337,0.1469435817328375,3.052891921302806,20.866172556577446,0.0,1.0,1.0
1338,0.14725283530761626,3.0573534872891965,20.855471123378784,0.0,1.0,1.0
1339,0.14772259339426574,3.0688370664325997,20.888638719918113,0.0,1.0,1.0
1340,0.14789692554993425,3.0790738796044304,20.93433555214238,0.0,1.0,1.0
1341,0.1480737215582726,3.088695453334162,20.9690288421072,0.0,1.0,1.0
1342,0.14810647588782408,3.0975181926189888,21.005022582764173,0.0,1.0,1.0
1343,0.1483159879597332,3.107745761459808,21.036126098340723,0.0,1.0,1.0
1344,0.14867070659785211,3.11823898143935,21.072207903899447,0.0,1.0,1.0
1345,0.14898185313867468,3.129008338786775,21.11726369738319,0.0,1.0,1.0
1346,0.14936784153106286,3.1400648789967978,21.148718838724765,0.0,1.0,1.0
1347,0.14984696899880873,3.1510287543704933,21.162738823260373,0.0,1.0,1.0
1348,0.150291747964461,3.1611795192714585,21.1814867713824,0.0,1.0,1.0
1349,0.15068788137586797,3.174032045724054,21.219268332632943,0.0,1.0,1.0
1350,0.15091804326178582,3.183843216515752,21.257409926861246,0.0,1.0,1.0
1351,0.15104831929898999,3.1932903351925015,21.303477442148147,0.0,1.0,1.0
1352,0.15115652474813246,3.19624101757708,21.32537409919717,0.0,1.0,1.0
1353,0.15122564140920539,3.1984772327395814,21.34740217662197,0.0,1.0,1.0
1354,0.1516045760653193,3.2033583764968396,21.337795973836023,0.0,1.0,1.0
1355,0.15207613048432167,3.2094197751361544,21.31356665433955,0.0,1.0,1.0
1356,0.15269693152854424,3.217296141189452,21.292172937456264,0.0,1.0,1.0
1357,0.15312570083744736,3.225358783861692,21.286654479355835,0.0,1.0,1.0
1358,0.15342581078829864,3.2302630896362596,21.283564033703907,0.0,1.0,1.0
1359,0.1536205406298323,3.2331167061222628,21.270687844338482,0.0,1.0,1.0
1360,0.15387105105851157,3.2361701011896953,21.242935232841525,0.0,1.0,1.0
1361,0.15411434072582905,3.239681871762475,21.21356378223846,0.0,1.0,1.0
1362,0.15450851506874566,3.2454368992401768,21.192019708594735,0.0,1.0,1.0
1363,0.15480668239634518,3.2485379602116784,21.170467766213026,0.0,1.0,1.0
1364,0.15503084378793766,3.2505188724109324,21.163591645583466,0.0,1.0,1.0
1365,0.1553016520638428,3.2542080562232556,21.16511050484687,0.0,1.0,1.0
1366,0.15565549440650764,3.260480451447528,21.160973416615935,0.0,1.0,1.0
1367,0.15602556699783515,3.266337502582578,21.15018599102428,0.0,1.0,1.0
1368,0.15631196268355388,3.2673134067118648,21.130746308055475,0.0,1.0,1.0
1369,0.15632338709334068,3.265290961529044,21.137159483042318,0.0,1.0,1.0
1370,0.15600211141721546,3.259773045681678,21.150058607773143,0.0,1.0,1.0
1371,0.15579083620545978,3.2536358313782205,21.147472519125664,0.0,1.0,1.0
1372,0.15444588170257978,3.224423847124131,21.143673694296435,0.0,1.0,1.0
1373,0.154396744540223,3.2183043622568435,21.115988224850472,0.0,1.0,1.0
1374,0.1547227172325854,3.218026899129146,21.06100125020322,0.0,1.0,1.0
1375,0.15503406494251215,3.2177373723872016,21.002303244136918,0.0,1.0,1.0
1376,0.15538189981662562,3.2174349777900595,20.95417080469034,0.0,1.0,1.0
1377,0.1560767615743891,3.225125542208954,20.910046123992895,0.0,1.0,1.0
1378,0.1565407469559726,3.228223318812388,20.856138771264842,0.0,1.0,1.0
1379,0.1569645853593186,3.231992852959586,20.793871241498255,0.0,1.0,1.0
1380,0.15761688526831805,3.2386833602867258,20.7167453080126,0.0,1.0,1.0
1381,0.15824188052213123,3.246880495616368,20.671946197873574,0.0,1.0,1.0
1382,0.158613014859222,3.253355200066578,20.656594553300444,0.0,1.0,1.0
1383,0.15912374327822554,3.263794771282664,20.645771344673534,0.0,1.0,1.0
1384,0.1596104215397616,3.2728073492377576,20.62803838456358,0.0,1.0,1.0
1385,0.15976943253428927,3.275531168086387,20.620444633857595,0.0,1.0,1.0
1386,0.16033937464276637,3.2849380777520985,20.611878565583616,0.0,1.0,1.0
1387,0.16049146677127502,3.284389077817533,20.573881291928537,0.0,1.0,1.0
1388,0.16045119777147485,3.279129522352142,20.526407811805882,0.0,1.0,1.0
1389,0.1603805812109214,3.2770562163177983,20.51076339849443,0.0,1.0,1.0
1390,0.1599735595306363,3.267538085794819,20.520144597894646,0.0,1.0,1.0
1391,0.15971862535149475,3.2592795743942315,20.511595970414177,0.0,1.0,1.0
1392,0.1592754061930748,3.243102307613044,20.484141027664226,0.0,1.0,1.0
1393,0.15909499416126513,3.2322876123656714,20.447248263345873,0.0,1.0,1.0
1394,0.1591568358558158,3.228052908195341,20.440004756266735,0.0,1.0,1.0
1395,0.1593769406341794,3.2281547800485693,20.43728805595477,0.0,1.0,1.0
1396,0.15942286979002993,3.226440459785508,20.42598388229555,0.0,1.0,1.0
1397,0.159038442766923,3.2187687544730523,20.419814810355906,0.0,1.0,1.0
1398,0.15854050948809814,3.216168510288063,20.44433947553226,0.0,1.0,1.0
1399,0.1579399645883979,3.2159011850810644,20.505254834243388,0.0,1.0,1.0
1400,0.1572861006783336,3.2159011850810644,20.58014027933536,0.0,1.0,1.0
1401,0.15679603750377505,3.2159011850810644,20.651750430711534,0.0,1.0,1.0
1402,0.15669107957155645,3.2159011850810644,20.676723203913724,0.0,1.0,1.0
1403,0.1569810436958112,3.215901185081064,20.63093103220141,0.0,1.0,1.0
1404,0.15679917057415552,3.215901185081064,20.6457878408921,0.0,1.0,1.0
1405,0.15688657682124044,3.215901185081064,20.64363659931623,0.0,1.0,1.0
1406,0.1568049803340881,3.215901185081065,20.63912397410444,0.0,1.0,1.0
1407,0.15823418574742076,3.215901185081065,20.3775880181953,0.0,1.0,1.0
1408,0.1572969606964006,3.215901185081065,20.482196360272017,0.0,1.0,1.0
1409,0.1562738843843388,3.2159011850810644,20.60497203525267,0.0,1.0,1.0
1410,0.15558312885183903,3.2159011850810644,20.68343318419643,0.0,1.0,1.0
1411,0.15587343373541376,3.2159011850810644,20.638417138453843,0.0,1.0,1.0
1412,0.15667636177026822,3.215901185081064,20.532684205329687,0.0,1.0,1.0
1413,0.15736418233757526,3.215901185081064,20.448451709147093,0.0,1.0,1.0
1414,0.158685894719479,3.215901185081065,20.277839245778498,0.0,1.0,1.0
1415,0.15984070622768665,3.2159011850810644,20.128741850008506,0.0,1.0,1.0
1416,0.16084662560159552,3.2159011850810644,19.995063150806242,0.0,1.0,1.0
1417,0.1611779089529986,3.215901185081064,19.961407094795653,0.0,1.0,1.0
1418,0.16001016689668568,3.215901185081064,20.11019658501479,0.0,1.0,1.0
1419,0.15877311074090394,3.215901185081064,20.268342821463186,0.0,1.0,1.0
